Date_Stock,Open,High,Low,Close,Volume,Sentiment_Score,MA_5,MA_10,MA_20,RSI_14,MACD,MACD_signal,Volatility_10,Decayed_Sentiment,Decayed_Prediction
2023-05-08,351.1,353.9,340.1,344.0,26209.0,0.9133784174919128,355.1,359.48,365.33,30.243161094224916,-13.120970510138875,-13.200437320006083,7.154144098128088,1.1398435235023499,Strongly Positive
2023-05-07,355.0,357.7,350.0,351.0,6193.0,0.452930212020874,358.3,360.89,366.125,28.92441860465115,-12.512597826820013,-13.220304022472883,4.749608170869481,0.452930212020874,Positive
2023-05-04,356.0,363.0,356.0,360.0,10023.0,0.0,361.5,362.53000000000003,367.075,33.27759197324413,-12.266818906266622,-13.3972305713861,3.6621335613608084,0.0,Neutral
2023-05-03,357.0,359.0,356.6,359.0,2293.0,0.0,362.5,364.03000000000003,370.0,29.256965944272423,-12.691052809032783,-13.679833487665968,5.241935605091086,0.0,Neutral
2023-05-02,360.0,361.5,357.0,361.5,3993.0,0.0,364.1,364.98,372.85,46.600741656365884,-12.946114222250173,-13.927028657324264,5.087632062073564,0.0,Neutral
2023-04-30,359.7,360.9,357.7,360.0,5091.0,0.0,363.86,365.83000000000004,375.675,50.0,-13.337903673705853,-14.172257266092787,5.151278158448734,0.0,Neutral
2023-04-27,368.0,368.0,361.0,367.0,3600.0,0.0,363.48,367.83000000000004,378.475,54.46540880503146,-13.491236338309932,-14.38084566418952,6.373739526730962,0.0,Neutral
2023-04-26,368.0,369.0,363.0,365.0,6355.0,0.0,363.56,369.13,381.36,47.146118721461185,-14.203435683483747,-14.603247995659416,7.4247409232136246,0.19198401272296906,Slightly Positive
2023-04-25,364.0,370.0,361.5,367.0,11295.0,0.0,365.56,371.21000000000004,384.455,30.7979120059657,-14.702229237745826,-14.703201073703333,8.905110892014683,0.3839680254459381,Positive
2023-04-24,357.0,364.8,356.0,360.3,4312.0,0.7679360508918762,365.86,371.21000000000004,387.35499999999996,28.560431100846827,-15.328656949000447,-14.703444032692708,8.905110892014683,0.7679360508918762,Strongly Positive
2023-04-23,363.2,367.0,358.0,358.1,11395.0,0.0,367.8,371.18,390.28999999999996,26.908249807247515,-15.223062399379899,-14.547140803615774,8.946358663300488,0.0,Neutral
2023-04-20,368.5,373.9,367.2,367.4,4610.0,0.0,372.17999999999995,371.36,393.08000000000004,30.147058823529406,-14.642858993873233,-14.378160404674741,8.6677178849114,0.0,Neutral
2023-04-19,375.8,381.0,369.0,375.0,8848.0,0.0,374.7,371.62,394.56,29.878542510121463,-14.636230516388366,-14.311985757375117,8.574224940623766,0.0,Neutral
2023-04-18,368.0,372.9,367.1,368.5,7943.0,0.0,376.86,375.96999999999997,395.86,25.50335570469801,-15.188697724887561,-14.230924567621805,17.187660302256845,0.0,Neutral
2023-04-17,376.2,376.2,370.0,370.0,7141.0,0.0,376.56000000000006,380.71999999999997,398.01,27.006688963210706,-15.011102085918992,-13.991481278305367,21.02833009693842,0.0,Neutral
2023-04-16,387.0,387.0,375.0,380.0,18952.0,0.0,374.56000000000006,385.52,399.705,33.13148788927336,-14.718809440022198,-13.73657607640196,23.627187729375876,0.0,Neutral
2023-04-13,380.0,390.0,375.0,380.0,18674.0,0.0,370.54,389.12,400.85499999999996,35.956917978459,-15.149827780131716,-13.491017735496898,25.370928244729104,0.0,Neutral
2023-04-12,373.0,385.8,371.0,385.8,21984.0,0.0,368.54,393.59000000000003,401.955,45.75113808801214,-15.479602784705946,-13.076315224338192,27.439041528435748,0.0,Neutral
2023-04-11,367.0,373.0,360.1,367.0,4831.0,0.0,375.08000000000004,397.7,402.665,35.470085470085465,-16.265903204585015,-12.475493334246252,29.166304759646543,0.0,Neutral
2023-04-10,353.1,365.0,353.1,360.0,11650.0,0.0,384.88,403.5,404.09000000000003,28.63070539419087,-15.118731693891277,-11.527890866661561,28.131556025995586,0.0,Neutral
2023-04-09,365.0,371.2,356.8,359.9,27773.0,0.0,396.48,409.4,406.69,32.8125,-12.721887595603675,-10.630180659854132,23.856888127130755,0.2321358770132065,Positive
2023-04-06,376.8,376.8,369.0,370.0,27714.0,0.0,407.7,414.8,409.54499999999996,36.11111111111111,-9.46741549058055,-10.107253925916746,16.332516986382277,0.464271754026413,Positive
2023-04-05,424.3,424.3,416.2,418.5,52836.0,0.928543508052826,418.64,417.5,411.28999999999996,61.57082748948107,-6.204181414851746,-10.267213534750795,8.417310206383164,0.928543508052826,Strongly Positive
2023-04-04,411.5,418.9,411.0,416.0,6755.0,0.0,420.32,415.75,410.56499999999994,61.29943502824859,-6.887047283069137,-11.282971564725557,9.878624510607862,0.0,Neutral
2023-04-03,413.0,419.5,406.0,418.0,19006.0,0.0,422.12,415.3,410.1,65.34788540245567,-7.403911758021877,-12.38195263513966,9.968060103228693,0.0,Neutral
2023-04-02,430.0,432.0,416.0,416.0,30824.0,0.0,422.32,413.89,410.15500000000003,52.27790432801823,-8.159561880481306,-13.626462854419104,10.525360906950928,0.20056593418121338,Positive
2023-03-30,429.9,430.0,423.5,424.7,17003.0,0.0,421.9,412.59,410.84499999999997,54.577883472057074,-8.801725318522472,-14.993188097903554,11.026679766185612,0.40113186836242676,Positive
2023-03-29,423.0,428.0,419.1,426.9,19235.0,0.8022637367248535,416.36,410.32,411.11,61.70212765957447,-10.379152465716516,-16.541053792748823,10.584349032593874,0.8022637367248535,Strongly Positive
2023-03-28,426.9,431.5,420.5,425.0,26550.0,0.0,411.18,407.63,411.765,61.29032258064516,-12.465553624997483,-18.0815291245069,9.234602800781351,0.2290779948234558,Positive
2023-03-27,415.0,419.9,410.0,419.0,11078.0,0.0,408.48,404.67999999999995,412.215,56.85618729096991,-14.75378850647968,-19.48552299938425,7.64414082079736,0.4581559896469116,Positive
2023-03-26,404.9,436.7,404.9,413.9,54994.0,0.9163119792938232,405.46,403.97999999999996,413.45500000000004,47.31958762886596,-16.848898649659134,-20.668456622610396,6.4075996545212375,0.9163119792938232,Strongly Positive
2023-03-23,395.0,399.5,390.0,397.0,10446.0,0.0,403.28,404.29,414.38500000000005,31.938325991189416,-18.75867343386767,-21.623346115848207,6.989428525308808,0.0,Neutral
2023-03-22,416.0,417.0,400.0,401.0,14873.0,0.0,404.28,405.08000000000004,416.525,33.33333333333333,-19.202659817583026,-22.339514286343338,6.503469159641293,0.0,Neutral
2023-03-20,404.0,411.5,398.4,411.5,21014.0,0.0,404.08,405.38,418.725,33.52601156069365,-19.897309204542182,-23.123727903533414,6.362005274314643,0.0,Neutral
2023-03-19,395.0,403.9,395.0,403.9,9548.0,0.0,400.88,404.9,420.65,32.27326266195523,-21.563609924558534,-23.93033257828122,6.020889561385784,0.0,Neutral
2023-03-16,394.1,406.0,394.1,403.0,10324.0,0.0,402.5,406.41999999999996,422.805,28.25159914712154,-22.602944881022097,-24.52201324171189,7.481800139848437,0.0,Neutral
2023-03-15,400.0,403.0,397.0,402.0,7739.0,0.0,405.3,409.1,426.15500000000003,35.350624399615754,-23.509107754457148,-25.001780331884337,10.365005225886424,0.0,Neutral
2023-03-14,400.0,406.0,398.0,400.0,9325.0,0.0,405.88,411.9,428.855,31.809872029250457,-24.22193225466765,-25.37494847624113,11.901913945029705,0.0,Neutral
2023-03-13,408.0,408.0,395.1,395.5,11302.0,0.0,406.68,415.9,431.855,27.520435967302447,-24.575800147595658,-25.663202531634496,13.995634239902804,0.0,Neutral
2023-03-12,420.0,422.0,396.3,412.0,35953.0,0.0,408.92,419.75,433.65500000000003,30.73022312373226,-24.21181625605874,-25.935053127644203,13.021883290977167,0.0,Neutral
2023-03-09,412.9,417.0,405.0,417.0,17534.0,0.0,410.34,422.93,434.95500000000004,34.47204968944099,-25.075068579863455,-26.365862345540567,14.694447174942765,0.0,Neutral
2023-03-07,405.0,413.0,400.0,404.9,6978.0,0.0,412.9,424.48,436.255,19.720930232558132,-26.321255093812567,-26.68856078695984,14.816417320716818,0.0,Neutral
2023-03-05,414.0,414.0,399.0,404.0,14564.0,0.0,417.91999999999996,427.96999999999997,438.84499999999997,28.441127694859034,-26.29698762479768,-26.780387210246655,13.764935322909471,0.0,Neutral
2023-03-02,412.9,419.9,406.7,406.7,16166.0,0.0,425.12,432.07,442.145,28.137817883511076,-25.791875507985253,-26.9012371066089,11.79746206226461,0.0,Neutral
2023-03-01,425.0,435.9,419.1,419.1,7957.0,0.0,430.58000000000004,436.4,446.05999999999995,45.5072463768116,-25.04692330786486,-27.17857750626481,9.08588649130187,0.0,Neutral
2023-02-28,434.0,444.0,424.0,429.8,6510.0,0.0,435.52,439.18999999999994,450.8549999999999,46.93572496263079,-24.994319978869555,-27.71149105586479,7.289330101788451,0.0,Neutral
2023-02-27,448.0,448.5,417.2,430.0,13354.0,0.0,436.05999999999995,443.2099999999999,454.11499999999995,45.31024531024531,-25.653079802895604,-28.390783825113598,11.439157894393462,0.0,Neutral
2023-02-26,425.4,440.0,417.0,440.0,19428.0,0.0,438.02,445.80999999999995,456.965,44.13211524947295,-26.141124817519483,-29.075209830668094,11.051239246728667,0.0,Neutral
2023-02-23,435.0,436.0,428.1,434.0,14863.0,0.0,439.02,447.80999999999995,459.715,37.96791443850268,-27.401995002475417,-29.808731083955244,11.675087437198325,0.0,Neutral
2023-02-22,440.0,444.9,433.1,443.8,19766.0,0.0,442.21999999999997,447.55999999999995,462.765,36.692506459948326,-28.00184029305592,-30.4104151043252,12.025177291351959,0.0,Neutral
2023-02-20,431.9,438.0,430.2,432.5,20211.0,0.0,442.86,446.98,466.275,26.22478386167147,-29.357979696043287,-31.01255880714252,12.36184092725131,0.02588750794529915,Neutral
2023-02-16,442.9,444.7,436.3,439.8,16229.0,0.0,450.36,448.03000000000003,470.71000000000004,35.17722878625135,-29.511336102095754,-31.426203584917324,11.404097704071342,0.0517750158905983,Slightly Positive
2023-02-15,457.0,457.0,440.0,445.0,15536.0,0.1035500317811966,453.6,449.71999999999997,475.77,38.888888888888886,-30.02109157160845,-31.904920455622715,11.300717774628009,0.1035500317811966,Slightly Positive
2023-02-14,447.0,455.0,445.0,450.0,14748.0,0.0,456.6,452.21999999999997,481.27,38.28125000000001,-30.764509038926747,-32.37587767662628,12.805623764564787,0.0,Neutral
2023-02-12,460.6,460.6,445.0,447.0,30854.0,0.0,452.9,455.71999999999997,486.66999999999996,37.301587301587304,-31.774987202101386,-32.77871983605116,16.407843652745512,0.0,Neutral
2023-02-09,460.0,474.3,452.1,470.0,40763.0,0.0,451.1,462.52,492.41999999999996,38.108108108108105,-32.29708860743193,-33.0296529945386,24.49180361762062,0.0,Neutral
2023-02-08,469.2,478.5,455.0,456.0,55262.0,0.0,445.7,465.02,497.66499999999996,31.705948372615026,-34.83552220321843,-33.21279409131527,26.531189193092448,0.0,Neutral
2023-02-07,438.0,460.0,434.0,460.0,28873.0,0.0,445.84,468.12,502.16499999999996,29.123711340206185,-36.14333348797544,-32.807112063339474,27.1636930887887,0.0,Neutral
2023-02-06,435.0,440.0,431.1,431.5,23481.0,0.0,447.84,471.62,506.265,15.598885793871872,-37.694127767967416,-31.973056707180486,28.234919278552457,0.0,Neutral
2023-02-05,445.0,452.0,436.1,438.0,29046.0,0.0,458.53999999999996,477.96999999999997,512.49,15.90909090909092,-36.22340879053229,-30.54278894198375,25.18527126891101,0.0,Neutral
2023-02-02,448.0,462.2,440.1,443.0,23614.0,0.0,473.93999999999994,485.57,518.0899999999999,16.0,-34.48116880419832,-29.122633979846615,23.1700021579583,0.0,Neutral
2023-02-01,479.0,479.0,440.6,456.7,75759.0,0.0,484.34,493.39,524.3399999999999,16.07347876004593,-32.26498367539807,-27.783000273758688,20.213881368995942,0.0,Neutral
2023-01-31,451.4,489.0,451.4,470.0,162173.0,0.0,490.4,501.82,530.505,29.97892518440463,-30.361925802996325,-26.66250442334884,20.782781334554176,0.0,Neutral
2022-05-12,520.0,520.0,481.0,485.0,127065.0,0.0,495.4,510.32,535.955,34.060402684563755,-28.845485743269137,-25.737649078436966,23.524020820333885,0.0,Neutral
2022-05-11,504.0,517.1,504.0,515.0,19880.0,0.0,497.4,517.62,541.405,37.4078624078624,-28.017658819860685,-24.960689912228922,25.99101554169979,0.0,Neutral
2022-05-10,496.7,503.0,485.0,495.0,8380.0,0.0,497.2,522.3199999999999,545.905,31.518817204301072,-29.60806650933057,-24.19644768532098,29.479966832485815,0.0,Neutral
2022-05-09,500.0,502.0,487.0,487.0,21386.0,0.0,502.44000000000005,530.3100000000001,551.005,24.496221662468514,-29.170978629209003,-22.84354297931858,31.974797367094194,0.0,Neutral
2022-05-08,490.0,497.0,479.4,495.0,13985.0,0.0,513.24,536.21,556.955,23.894348894348894,-27.37424495488358,-21.261684066845973,28.33099794296957,0.0,Neutral
2022-05-05,504.0,522.9,495.0,495.0,16649.0,0.0,525.24,540.9100000000001,563.155,24.35897435897435,-25.49733404758274,-19.733543844836568,24.35425812643484,0.0,Neutral
2022-05-04,531.0,531.0,514.0,514.0,7311.0,0.0,537.84,547.01,570.105,24.968710888610744,-22.73084290339034,-18.292596294150023,18.517406225859386,0.0,Neutral
2022-05-02,551.0,551.0,520.0,521.2,11269.0,0.0,547.44,550.6099999999999,576.405,24.388753056234734,-20.80370921893541,-17.183034641839942,14.436562379372594,0.0,Neutral
2022-04-28,563.9,563.9,534.2,541.0,11777.0,0.0,558.18,555.29,582.845,31.55467720685111,-18.774477363955498,-16.277865997566074,11.02607515544595,0.0,Neutral
2022-04-27,548.0,565.0,547.0,555.0,6140.0,0.0,559.18,559.1899999999999,587.895,32.62942779291552,-17.927356307396508,-15.653713155968715,12.24041121314547,0.0,Neutral
2022-04-26,552.1,585.0,549.0,558.0,6905.0,0.0,556.5799999999999,561.5899999999999,592.295,30.548469387755105,-18.010814794371754,-15.085302368111766,13.604447802106625,0.0,Neutral
2022-04-25,580.0,584.0,562.0,562.0,17188.0,0.0,556.18,565.1899999999999,597.795,28.54588796185935,-18.160817229829263,-14.353924261546767,16.910381426811878,0.0,Neutral
2022-04-24,552.0,580.0,552.0,574.9,20629.0,0.0,553.78,569.49,603.1949999999999,29.77004350528277,-18.495390269561085,-13.402201019476143,20.98520378214293,0.0,Neutral
2022-04-21,550.0,550.0,528.1,546.0,16209.0,0.0,552.4,571.7,606.45,13.380281690140848,-19.966857818170638,-12.128903706954906,22.710986083593763,0.0,Neutral
2022-04-20,567.0,567.1,540.0,542.0,9833.0,0.0,559.2,577.7,610.5,15.753424657534254,-18.612013011949898,-10.169415179150974,23.08943962556383,0.0,Neutral
2022-04-19,549.9,569.9,540.0,556.0,23817.0,0.0,566.6,585.4,614.595,17.293233082706763,-16.204745451836175,-8.058765720951243,22.697038475447293,0.0,Neutral
2022-04-18,578.0,578.0,544.0,550.0,16434.0,0.0,574.2,593.2,617.645,11.184210526315795,-14.32194583217347,-6.02227078823001,24.77812655460416,0.0,Neutral
2022-04-17,590.0,590.0,568.0,568.0,16184.0,0.0,585.2,602.2,621.6949999999999,12.5,-11.099580560063146,-3.947352027244145,23.663380053492595,0.0,Neutral
2022-04-13,589.9,589.9,568.0,580.0,17002.0,0.0,591.0,610.4,624.9449999999999,30.51948051948051,-8.657949531877875,-2.1592948940393946,24.681076871888667,0.0,Neutral
2022-04-12,605.0,605.0,575.0,579.0,9339.0,0.0,596.2,616.6,627.295,35.5421686746988,-6.637424844530415,-0.5346312345797742,23.973133110039406,0.0,Neutral
2022-04-11,617.1,627.9,585.0,594.0,20192.0,0.0,604.2,623.0,628.9449999999999,40.29850746268658,-3.860138064031844,0.991067167907886,21.202725191732963,0.0,Neutral
2022-04-07,608.0,619.0,595.0,605.0,18666.0,0.0,612.2,630.4,627.745,46.0,-1.7864354741732313,2.2038684758928184,22.809354806028598,0.0,Neutral
2022-04-06,610.0,614.0,595.1,597.0,30775.0,0.0,619.2,636.9,624.395,39.1025641025641,-0.2336523798566077,3.201444463409331,23.997453568627805,0.0,Neutral
2022-04-05,609.0,618.0,590.0,606.0,51665.0,0.0,629.8,641.2,621.9449999999999,40.93959731543624,2.566207531505256,4.0602186742258155,19.48104491837655,0.0,Neutral
2022-04-04,646.0,646.0,615.1,619.0,25923.0,0.0,637.0,643.3,619.5400000000001,47.1830985915493,5.186156617912616,4.433721459905955,16.10417475206818,0.0,Neutral
2022-04-03,652.8,652.8,630.0,634.0,31534.0,0.0,641.8,643.79,616.24,57.74647887323944,7.1310929919392265,4.245612670404291,15.339017062548468,0.0,Neutral
2022-03-31,660.0,662.0,640.0,640.0,42656.0,0.0,648.6,642.0899999999999,613.49,69.66292134831461,7.9825413385414095,3.524242590020556,17.35424699863374,0.0,Neutral
2022-03-30,654.0,654.0,616.8,650.0,51736.0,0.0,654.6,641.1899999999999,611.485,78.0,8.342280263280259,2.4096679028903427,17.704516059174935,0.0,Neutral
2022-03-29,649.9,652.0,632.0,642.0,22136.0,0.0,652.6,639.49,608.735,73.26732673267327,7.661913868844749,0.9265148127928637,17.580320436992942,0.0,Neutral
2022-03-28,670.0,670.0,640.0,643.0,74326.0,0.0,649.6,637.99,607.4350000000001,70.17543859649123,7.496618378218386,-0.7573349512201077,17.977791855527663,0.08514994382858275,Slightly Positive
2022-03-27,681.0,721.0,660.0,668.0,254236.0,0.0,645.78,634.89,606.635,80.13626834381552,7.074781321044952,-2.820823283579731,19.616005369782254,0.1702998876571655,Slightly Positive
2022-03-24,650.0,673.2,628.0,670.0,126900.0,0.340599775314331,635.5799999999999,625.0899999999999,604.49,71.18249534450652,3.888003385219122,-5.294724434735902,24.982502765836898,0.340599775314331,Positive
2022-03-23,620.0,644.0,620.0,640.0,57596.0,0.0,627.78,611.89,602.2900000000001,59.747204666990775,-0.43967322938340203,-7.590406389724657,32.39082346043353,0.0,Neutral
2022-03-22,635.0,635.0,623.0,627.0,20233.0,0.0,626.3799999999999,602.6899999999999,602.49,58.09716599190284,-2.9024215886851152,-9.37808967980997,36.34380430158053,0.0,Neutral
2022-03-21,626.0,626.0,610.1,623.9,24989.0,0.0,626.3799999999999,595.78,603.2650000000001,51.83294663573085,-4.679930635085725,-10.997006702591182,37.74996100072141,0.0,Neutral
2022-03-20,643.6,643.6,615.6,617.0,28262.0,0.0,624.0,588.6899999999999,604.32,47.7231329690346,-6.564970463253985,-12.576275719467546,38.53173151227082,0.0,Neutral
2022-03-16,635.0,640.0,629.2,631.0,35161.0,0.0,614.6,584.89,605.0450000000001,51.42168674698795,-8.172930819014141,-14.079102033520934,37.283134405673025,0.0,Neutral
2022-03-15,627.0,637.0,617.5,633.0,51228.0,0.0,596.0,581.78,605.3950000000001,51.69573643410853,-11.53184849754416,-15.555644837147632,34.17721138094985,0.0,Neutral
2022-03-14,624.2,636.0,603.0,627.0,27695.0,0.0,579.0,577.98,607.2450000000001,46.1080586080586,-15.854949265449136,-16.5615939220485,29.664074793151094,0.0,Neutral
2022-03-13,581.0,616.0,572.0,612.0,52497.0,0.0,565.1800000000001,576.88,609.6450000000001,42.55734504636408,-20.531271347168627,-16.738255086198336,27.789038606382007,0.0,Neutral
2022-03-10,545.0,578.3,538.0,570.0,25569.0,0.0,553.38,578.38,613.2450000000001,27.32769044740023,-24.674049402786295,-15.79000102095576,30.19598207268087,0.0,Neutral
2022-03-09,538.0,558.9,520.0,538.0,21239.0,0.0,555.1800000000001,583.89,619.4950000000001,18.175629680054428,-25.326481766097913,-13.568988925498125,33.35850549543926,0.0,Neutral
2022-03-07,557.0,566.8,545.0,548.0,9984.0,0.0,567.5600000000001,592.6899999999999,626.44,18.61924686192465,-22.532655702308716,-10.629615715348177,31.460855748769077,0.0,Neutral
2022-03-06,564.0,564.0,549.0,557.9,9440.0,0.0,576.96,602.29,633.7900000000001,16.13293051359514,-19.657151807038645,-7.6538557186080425,30.95155533698176,0.0,Neutral
2022-03-02,589.0,589.0,552.0,553.0,23737.0,0.0,588.58,610.75,640.895,13.16425120772945,-16.709040990791436,-4.653031696500392,28.968651638940518,0.0,Neutral
2022-02-28,611.8,624.0,575.0,579.0,25148.0,0.0,603.38,619.95,648.045,14.670255720053817,-12.204229861824501,-1.6390293729276308,22.470338473455964,0.0,Neutral
2022-02-27,606.9,619.0,592.0,599.9,8985.0,0.0,612.6,625.2,654.225,15.717375630857944,-8.924209404680141,1.0022707492965872,17.400893974497517,0.0,Neutral
2022-02-24,610.0,617.0,592.9,595.0,32206.0,0.0,617.8199999999999,629.01,658.005,23.041474654377893,-6.735903884402433,3.483890787790769,15.288735868117358,0.0,Neutral
2022-02-23,634.0,634.0,615.0,616.0,24564.0,0.0,627.62,636.51,662.105,23.489932885906043,-3.345944418383965,6.03883945583907,15.146356364214038,0.0,Neutral
2022-02-22,636.6,638.0,624.0,627.0,18924.0,0.0,632.92,642.41,665.5550000000001,24.475524475524466,-1.1086369629437058,8.385035424394829,17.567106256379002,0.2257293164730072,Positive
2022-02-21,638.5,650.0,622.3,625.1,77447.0,0.0,636.52,648.1099999999999,668.255,25.568573397656806,0.6431065450972255,10.758453521229463,20.93585175935308,0.4514586329460144,Positive
2022-02-20,631.2,645.0,616.5,626.0,34742.0,0.9029172658920288,637.8,655.1,672.4,24.60212201591513,3.0630685274315965,13.28729026526252,23.863966327700943,0.9029172658920288,Strongly Positive
2022-02-17,654.0,654.0,642.0,644.0,14958.0,0.0,640.2,660.19,675.7,40.1500938086304,6.015629915394015,15.843345699720249,22.3476297525339,0.0,Neutral
2022-02-16,634.1,662.0,634.1,642.5,14030.0,0.0,645.4,665.2900000000001,675.6,39.21200750469045,7.863944560896584,18.300274645801807,24.000622677124422,0.0,Neutral
2022-02-15,644.0,656.0,632.1,645.0,32844.0,0.0,651.9,671.0400000000001,675.275,37.90810157194681,10.261408787543246,20.909357167028112,24.808251315523517,0.0,Neutral
2022-02-14,650.7,655.0,630.0,631.5,33259.0,0.0,659.7,676.1400000000001,675.625,34.12443874278385,12.917642636280675,23.57134426189933,24.092101056865122,0.0,Neutral
2022-02-13,657.0,657.0,637.1,638.0,29925.0,0.0,672.4,683.25,676.65,30.15873015873018,17.49461540123241,26.234769668303993,19.509954724043823,0.0,Neutral
2022-02-10,688.5,688.5,667.0,670.0,20849.0,0.0,680.1800000000001,687.0,676.85,43.14214463840399,22.420211688116297,28.41980823507189,12.00749765775228,0.0,Neutral
2022-02-09,697.0,697.0,670.0,675.0,19632.0,0.0,685.1800000000001,687.7,674.55,58.033106134371955,25.122769687911955,29.919707371810787,11.07409389324859,0.0,Neutral
2022-02-08,708.0,714.9,674.3,684.0,33558.0,0.0,690.1800000000001,688.7,673.05,61.857707509881415,27.6977034303726,31.118941792785492,10.218284265681248,0.0,Neutral
2022-02-07,677.0,700.0,677.0,695.0,52289.0,0.0,692.58,688.4,669.65,60.36644165863067,29.665015902671257,31.97425138338871,10.413772931440397,0.0,Neutral
2022-02-06,707.5,707.5,676.6,676.9,34761.0,0.0,694.1,689.7,664.75,56.576862123613296,30.624530863275595,32.55156025356807,12.01720988142731,0.0,Neutral
2022-02-03,709.9,728.0,693.0,695.0,53308.0,0.0,693.8199999999999,691.2099999999999,659.605,64.62472406181016,33.2466822367993,33.03331760114119,11.14734148679275,0.0,Neutral
2022-02-01,708.0,720.0,692.9,700.0,51790.0,0.0,690.22,685.91,653.405,69.56745623069001,34.267003702834245,32.979976442226665,18.98750758907987,0.0,Neutral
2022-01-31,714.0,714.0,690.0,696.0,66449.0,0.0,687.22,679.51,647.6800000000001,62.07386363636363,34.56178486562294,32.65821962707477,23.869108348118537,0.0,Neutral
2022-01-30,689.0,716.0,689.0,702.6,77214.0,0.0,684.22,675.1099999999999,642.075,68.53595890410959,34.84258867899143,32.18232831743772,24.537701151058215,0.0,Neutral
2022-01-27,675.0,698.0,674.0,675.5,31452.0,0.0,685.3,670.05,636.095,67.40576496674058,34.02219516545108,31.5172632270493,23.431282508664335,0.0,Neutral
2022-01-26,696.0,696.0,670.0,677.0,49863.0,0.0,688.6,666.7,630.47,70.85020242914979,35.239479151216756,30.891030242448853,24.913405583713352,0.0,Neutral
2022-01-25,692.0,705.0,672.0,685.0,130172.0,0.0,681.6,661.4,624.8149999999999,73.55371900826447,36.12787465084887,29.803918015256873,27.933253778739427,0.0,Neutral
2022-01-24,708.0,710.0,675.0,681.0,160428.0,0.0,671.8,657.4,618.0649999999999,68.91089108910892,35.92174854818529,28.22292885635887,27.02755795275743,0.0,Neutral
2022-01-23,705.8,721.0,698.0,708.0,176277.0,0.0,666.0,650.9,612.78,77.32276530162925,35.54343125281207,26.298223933402262,28.49736829955948,0.0,Neutral
2022-01-20,629.2,698.7,629.2,692.0,223337.0,0.0,654.8,639.8,603.53,75.70754716981132,31.79447454122203,23.98692210354981,25.213752860968768,0.0,Neutral
2022-01-19,624.0,658.0,624.0,642.0,65436.0,0.0,644.8,628.0,594.3299999999999,71.7032967032967,28.176068345101953,22.035033994131755,25.677486896772944,0.0,Neutral
2022-01-18,649.0,659.0,632.7,636.0,62362.0,0.0,641.2,620.9,586.78,70.37874505370266,28.238741624307295,20.499775406389205,30.70088670454029,0.0,Neutral
2022-01-17,664.0,664.0,641.0,652.0,38928.0,0.0,643.0,615.85,578.68,79.17620137299772,28.518899277048376,18.565033851909682,32.064215083008605,0.0,Neutral
2022-01-16,642.0,669.9,642.0,652.0,80727.0,0.0,635.8,609.0400000000001,569.7299999999999,69.16541729135434,26.832571055244557,16.076567495625007,30.73767865160608,0.0,Neutral
2022-01-13,636.0,653.0,613.0,642.0,55622.0,0.0,624.8,602.1400000000001,561.2549999999999,74.54620462046206,24.289911091338695,13.387566605720115,27.60769618945707,0.0,Neutral
2022-01-12,655.0,655.0,622.3,624.0,69248.0,0.0,611.2,594.24,553.5049999999999,74.22723475355056,21.709426394261072,10.66198048431547,26.20153515435447,0.0,Neutral
2022-01-11,626.0,659.0,612.1,645.0,115789.0,0.0,600.6,588.23,545.31,82.7102803738318,19.932743360619952,7.900119006829068,25.500198256317642,0.2001742273569107,Positive
2022-01-10,600.0,617.0,590.0,616.0,69289.0,0.0,588.7,578.73,537.26,81.78155774395705,15.236937112436522,4.8919629183813464,18.822389150521595,0.4003484547138214,Positive
2022-01-09,567.0,603.0,567.0,597.0,32134.0,0.8006969094276428,582.28,574.6600000000001,531.41,80.18500486854919,11.974479870392315,2.305719369867553,13.522014971490202,0.8006969094276428,Strongly Positive
2022-01-06,579.0,580.0,567.0,574.0,14640.0,0.0,579.48,567.26,526.56,73.84054194893176,9.570769283341065,-0.11147075526363803,19.054553261629437,0.0,Neutral
2022-01-05,581.0,592.0,571.0,571.0,31922.0,0.0,577.28,560.6600000000001,523.26,71.71664943123062,8.705367489928904,-2.532030764914814,26.454161613381384,0.0,Neutral
2022-01-04,574.0,590.0,573.0,585.5,18978.0,0.0,575.86,552.6600000000001,520.76,80.46647230320701,7.779631128302071,-5.3413803286257435,34.000006535949844,0.0,Neutral
2022-01-03,594.0,598.7,578.0,583.9,38055.0,0.0,568.76,541.51,516.935,71.89829022358616,5.008532992141227,-8.621633192857697,39.81862908516996,0.0,Neutral
2022-01-02,574.0,589.0,570.0,583.0,28538.0,0.0,567.04,530.42,514.39,67.34104046242776,1.5616618002831046,-12.029174739107429,42.079997887622056,0.0,Neutral
2021-12-29,573.0,575.0,547.2,563.0,23488.0,0.0,555.04,520.37,512.49,64.11290322580646,-2.768877965329125,-15.426883873955061,40.08072548689147,0.0,Neutral
2021-12-28,540.0,566.5,530.0,563.9,21988.0,0.0,544.04,512.77,511.34,62.13634389926183,-6.219583223033055,-18.591385351111544,38.26344498633355,0.0,Neutral
2021-12-27,586.0,597.6,545.0,550.0,86918.0,0.0,529.46,502.39,510.84499999999997,56.32083696599826,-10.625107632349113,-21.684335883131165,36.907134209464836,0.0,Neutral
2021-12-26,533.0,575.3,530.0,575.3,80873.0,0.0,514.26,495.78999999999996,511.34499999999997,65.34012031466912,-14.678339040133096,-24.449142945826676,33.15805415815911,0.0,Neutral
2021-12-23,498.0,533.0,490.0,523.0,18915.0,0.0,493.8,488.15999999999997,511.18500000000006,47.33759318423856,-22.214233105484368,-26.89184392225007,18.261690319714337,0.0,Neutral
2021-12-22,493.0,510.0,492.0,508.0,25798.0,0.0,485.7,485.85999999999996,513.7850000000001,39.989177489177486,-26.184567230998482,-28.061246626441495,14.433233255997225,0.0,Neutral
2021-12-21,482.9,491.0,480.0,491.0,7759.0,0.0,481.5,485.85999999999996,516.985,35.82175925925925,-29.344018173294614,-28.530416475302246,14.433233255997225,0.0,Neutral
2021-12-20,466.0,474.0,460.6,474.0,14313.0,0.0,475.32000000000005,488.85999999999996,521.5350000000001,26.442873969375725,-31.21889529348664,-28.32701605080415,18.236910069655647,0.0,Neutral
2021-12-16,472.9,485.0,470.2,473.0,7731.0,0.0,477.32000000000005,492.35999999999996,526.835,25.114416475972533,-31.426918158990134,-27.604046240133528,18.42571874068822,0.0,Neutral
2021-12-15,496.0,520.2,466.0,482.5,17089.0,0.0,482.5200000000001,498.35999999999996,532.835,24.74633596392333,-31.133493988647388,-26.648328260419376,21.008897585966977,0.0,Neutral
2021-12-14,469.0,487.8,469.0,487.0,3852.0,0.0,486.0200000000001,504.60999999999996,538.9100000000001,24.971558589306028,-31.273399953211424,-25.527036828362373,24.732994157600608,0.0,Neutral
2021-12-13,480.0,482.1,460.0,460.1,10214.0,0.0,490.2200000000001,509.90999999999997,546.0600000000001,13.166556945358792,-31.45526683957189,-24.09044604715011,26.176598964213603,0.0,Neutral
2021-12-12,495.0,499.0,479.0,484.0,23395.0,0.0,502.4,519.3,552.105,14.492753623188406,-28.49095487504178,-22.24924084904466,22.968819444339214,0.0,Neutral
2021-12-09,497.0,500.0,490.0,499.0,11926.0,0.0,507.4,526.9,557.155,17.599999999999994,-26.726455533040962,-20.688812342545383,22.560782098343136,0.0,Neutral
2021-12-08,505.0,518.0,500.0,500.0,10831.0,0.0,514.2,534.21,561.355,16.058394160583944,-25.612837019679432,-19.179401544921486,24.292589176309754,0.0,Neutral
2021-12-07,531.0,531.4,508.0,508.0,16728.0,0.0,523.2,541.71,566.0550000000001,15.714285714285708,-23.920722669611678,-17.571042676231997,24.134274843515364,0.0,Neutral
2021-12-06,502.0,521.0,495.0,521.0,16776.0,0.0,529.6,548.11,573.255,14.379084967320267,-22.227577114876112,-15.983622677887077,22.641380503654457,0.0,Neutral
2021-12-05,522.4,535.0,503.8,509.0,18013.0,0.0,536.2,554.21,580.355,31.05263157894737,-21.066833848797387,-14.422634068639816,22.742932968291235,0.0,Neutral
2021-12-02,545.0,545.0,525.0,533.0,15108.0,0.0,546.4,561.3100000000001,588.405,34.705882352941174,-18.057058496838067,-12.761584123600423,17.550716984411075,0.0,Neutral
2021-12-01,533.0,545.0,533.0,545.0,5919.0,0.0,554.22,567.3100000000001,593.455,38.125,-16.396478924019448,-11.437715530291012,17.045849934815894,0.0,Neutral
2021-11-30,550.0,554.0,535.0,540.0,30666.0,0.0,560.22,573.21,597.955,33.73493975903615,-15.26029948490907,-10.1980246818589,18.60516356045836,0.20602473616600037,Positive
2021-11-29,563.9,570.0,546.0,554.0,14090.0,0.0,566.62,582.21,601.355,26.66666666666667,-13.07906246284574,-8.932455981096357,22.179993487633382,0.41204947233200073,Positive
2021-11-28,562.0,570.0,555.0,560.0,11253.0,0.8240989446640015,572.22,584.9100000000001,604.895,26.046511627906966,-11.53022448249817,-7.895804360659012,19.889497507767125,0.8240989446640015,Strongly Positive
2021-11-25,570.0,586.0,566.0,572.1,2848.0,0.0,576.22,587.4100000000001,606.345,26.6793711291091,-9.996540740563546,-6.987199330199221,17.88024670474655,0.0,Neutral
2021-11-24,561.0,583.0,560.6,575.0,6808.0,0.0,580.4,588.5,606.385,37.86008230452675,-9.125598353722467,-6.23486397760814,17.1610023017417,0.0,Neutral
2021-11-23,575.1,586.0,572.0,572.0,9328.0,0.0,586.2,590.4,605.085,36.92946058091286,-8.176495913009262,-5.512180383579558,16.540858502520205,0.0,Neutral
2021-11-22,590.0,597.8,580.0,582.0,8892.0,0.0,597.8,598.4,603.735,44.96124031007753,-6.54071067540076,-4.846101501222131,24.217532675508686,0.0,Neutral
2021-11-21,582.0,601.0,579.0,580.0,11192.0,0.0,597.6,606.5,602.1850000000001,41.78885630498534,-5.375898089574662,-4.422449207677474,30.77968305375119,0.0,Neutral
2021-11-18,616.0,616.0,593.0,593.0,10517.0,0.0,598.6,615.5,600.4350000000001,50.6765899864682,-3.6073424169082955,-4.184086987203177,35.03411036246575,0.0,Neutral
2021-11-17,642.0,655.0,604.0,604.0,22696.0,0.0,596.6,619.6,598.985,55.171267043565024,-2.6211881959136463,-4.328273129776897,34.50346198411769,0.0,Neutral
2021-11-16,581.1,639.0,581.0,630.0,40205.0,0.0,594.6,622.7,598.135,63.56329537843269,-2.4443704346306276,-4.7550443632427095,34.33834914818718,0.0,Neutral
2021-11-15,595.0,595.0,574.0,581.0,11451.0,0.0,599.0,620.5,595.485,57.09779179810726,-4.8304049220894285,-5.332712845395729,34.52293923370234,0.0,Neutral
2021-11-14,589.9,590.0,566.5,585.0,12247.0,0.0,615.4,624.88,595.735,56.65101721439749,-2.816501232669907,-5.4582898262223045,31.610293682078698,0.0,Neutral
2021-11-11,594.0,629.0,573.0,583.0,13048.0,0.0,632.4,625.28,596.335,57.31895223420647,-0.6123332329719915,-6.118736974610403,31.070271607734263,0.2300371676683426,Positive
2021-11-09,619.0,619.0,578.0,594.0,20203.0,0.0,642.6,624.27,596.1850000000001,55.60538116591928,2.4135296791218934,-7.495337910020005,32.71785275487196,0.4600743353366852,Positive
2021-11-08,676.0,676.0,650.0,652.0,25396.0,0.9201486706733704,650.8,619.77,595.0899999999999,63.97248495270852,5.120525182498113,-9.97255480730548,39.694557421508755,0.9201486706733704,Strongly Positive
2021-11-03,683.4,695.0,659.0,663.0,45962.0,0.0,642.0,609.0699999999999,590.895,68.566493955095,2.5957008950618956,-13.745824804756378,44.20633564447082,0.0,Neutral
2021-11-02,622.0,695.9,620.0,670.0,41558.0,0.0,634.36,597.87,586.545,67.97945205479454,-1.7846486630120353,-17.831206229710943,43.20118439734917,0.0,Neutral
2021-11-01,640.0,645.0,618.0,634.0,54829.0,0.0,618.1600000000001,585.37,582.4449999999999,58.8686481303931,-8.062336300219044,-21.84284562138567,37.75223466528278,0.23306262493133545,Positive
2021-10-31,605.0,642.0,602.1,635.0,34272.0,0.0,605.9399999999999,578.37,579.245,62.2439893143366,-12.292223629160048,-25.28797295167733,34.04063095120109,0.4661252498626709,Positive
2021-10-28,620.0,630.0,601.0,608.0,24586.0,0.9322504997253418,588.74,573.5699999999999,576.85,58.734793187347925,-17.614120203493258,-28.536910282306646,28.019836227617514,0.9322504997253418,Strongly Positive
2021-10-27,599.0,635.0,586.0,624.8,63739.0,0.0,576.14,570.47,576.85,64.71198754540737,-21.401499173591446,-31.26760780200999,25.37768267155304,0.0,Neutral
2021-10-26,583.0,598.0,564.0,589.0,28724.0,0.0,561.3799999999999,566.5899999999999,576.71,53.94417475728156,-27.63482288926457,-33.73413495911463,18.05894361375234,0.0,Neutral
2021-10-25,559.9,581.9,558.6,572.9,22754.0,0.0,552.5799999999999,567.39,579.26,45.30180460485376,-31.543758644334275,-35.25896297657714,19.2967729023454,0.0,Neutral
2021-10-24,535.0,558.0,535.0,549.0,6023.0,0.0,550.8,568.1,581.8149999999999,43.21705426356589,-34.4348910641603,-36.18776405963785,19.64942747258178,0.0,Neutral
2021-10-21,548.0,561.0,540.0,545.0,11284.0,0.0,558.4,570.4100000000001,585.765,37.462775461584265,-35.19070166453241,-36.62598230850723,18.477400610843493,0.0,Neutral
2021-10-20,555.0,559.0,546.0,551.0,12280.0,0.0,564.8,572.72,590.7099999999999,34.40919037199123,-35.236253352068616,-36.98480246950094,16.25845421107473,0.0,Neutral
2021-10-19,560.0,561.3,535.0,545.0,18365.0,0.0,571.8,575.22,596.26,29.821802935010467,-35.392775639039314,-37.42193974885902,14.35864431856162,0.0,Neutral
2021-10-18,590.0,590.0,563.5,564.0,12912.0,0.0,582.2,579.52,602.9599999999999,29.97892518440463,-34.466841894205004,-37.92923077631394,10.114434130394963,0.0,Neutral
2021-10-17,588.4,588.4,577.0,587.0,2830.0,0.0,585.4,580.12,608.91,39.879649890590805,-34.71822330506427,-38.79482799684118,9.230842022522577,0.0,Neutral
2021-10-11,575.0,580.0,571.0,577.0,11748.0,0.0,582.4200000000001,580.13,613.8799999999999,35.57692307692308,-36.87590323957829,-39.8139791697854,9.239173844757858,0.0,Neutral
2021-10-10,598.0,608.7,586.0,586.0,12438.0,0.0,580.6400000000001,583.23,618.78,34.24060968971149,-38.075328854327836,-40.54849815233717,12.6451615692111,0.0,Neutral
2021-10-06,571.0,608.0,571.0,597.0,24549.0,0.0,578.6400000000001,586.83,623.18,32.966457023060784,-39.96877276472708,-41.166790476839495,17.653897901355208,0.0,Neutral
2021-10-05,583.0,595.1,575.0,580.0,11734.0,0.0,576.84,591.13,628.1299999999999,24.056603773584897,-42.924131751967934,-41.466294904867596,24.366782945466923,0.0,Neutral
2021-10-04,558.1,582.4,551.0,572.1,29263.0,0.0,574.84,595.53,634.725,20.331728196896734,-44.3409843974722,-41.10183569309251,26.048290624239737,0.0,Neutral
2021-10-03,568.0,580.0,568.0,568.1,11732.0,0.0,577.8399999999999,601.12,639.8700000000001,18.250134192163173,-44.7000801828616,-40.29204851699758,26.45641279119717,0.0,Neutral
2021-09-30,595.0,595.0,574.0,576.0,14628.0,0.0,585.8199999999999,608.7,646.74,23.919915700737604,-44.10096127355325,-39.190040600531574,26.801160837223268,0.0,Neutral
2021-09-29,581.0,591.9,560.0,588.0,21743.0,0.0,595.02,617.3,653.94,25.950782997762857,-43.49916279260253,-37.962310432276155,28.861200406244844,0.0,Neutral
2021-09-28,587.0,610.0,567.1,570.0,26245.0,0.0,605.42,626.4,661.2900000000001,15.53610503282276,-43.32015218175127,-36.57809734219456,32.688802024215725,0.0,Neutral
2021-09-27,620.0,632.4,585.1,587.1,24007.0,0.0,616.22,637.7,671.0400000000001,15.63876651982379,-40.62883097034853,-34.89258363230538,30.482636223131536,0.0,Neutral
2021-09-26,632.0,632.0,600.0,608.0,28823.0,0.0,624.4,647.63,680.9350000000001,33.04655870445343,-38.343852537316366,-33.458521797794596,28.26069315813922,0.0,Neutral
2021-09-23,648.0,648.0,619.4,622.0,22861.0,0.0,631.58,654.33,688.985,30.49976646426903,-36.99766039133988,-32.23718911291415,25.642154962324646,0.0,Neutral
2021-09-22,636.0,647.0,630.0,640.0,54635.0,0.0,639.58,659.53,697.2850000000001,31.006647673314333,-36.166736446601476,-31.047071293307717,23.5441924898857,0.0,Neutral
2021-09-21,616.0,649.0,601.1,624.0,35978.0,0.0,647.38,665.13,705.485,23.5209923664122,-36.41284099063921,-29.767155004984275,24.997779901439703,0.0,Neutral
2021-09-20,644.0,644.0,620.1,628.0,49590.0,0.0,659.1800000000001,673.92,713.085,20.92529711375211,-34.568227648801894,-28.105733508570538,24.37465897199126,0.0,Neutral
2021-09-16,650.1,659.0,632.0,643.9,45242.0,0.0,670.8599999999999,678.62,720.085,20.5673758865248,-32.1182923994196,-26.490109973512695,18.31434167836815,0.0,Neutral
2021-09-15,667.0,686.0,661.6,662.0,25183.0,0.0,677.0799999999999,684.78,726.7900000000001,27.483164983164983,-30.14301806439812,-25.08306436703597,15.478788353415316,0.0,Neutral
2021-09-14,689.9,690.0,675.0,679.0,21038.0,0.0,679.4799999999999,690.58,732.545,27.253756260434045,-29.0263149231248,-23.81807594269543,16.80428516780674,0.0,Neutral
2021-09-13,684.0,695.0,672.7,683.0,52805.0,0.0,682.8799999999999,696.1800000000001,738.125,25.95389507154212,-28.909703787563444,-22.516016197588087,21.25740655240744,0.0,Neutral
2021-09-12,662.0,691.0,661.5,686.4,35693.0,0.0,688.66,704.38,743.775,33.7798696596669,-28.747633519446026,-20.917594300094244,29.733961129413814,0.0,Neutral
2021-09-09,687.4,701.0,660.1,675.0,18468.0,0.0,686.3799999999999,714.24,749.75,32.95454545454545,-28.468807344220522,-18.960084495256297,38.24058925628328,0.0,Neutral
2021-09-08,696.0,696.0,671.6,674.0,17903.0,0.0,692.4799999999999,723.64,756.0,31.547196593328607,-26.538104737380422,-16.58290378301524,39.06741182453505,0.0,Neutral
2021-09-07,723.9,723.9,682.0,696.0,37090.0,0.0,701.68,735.04,762.625,34.44572305331798,-23.585999159378957,-14.094103544423945,39.60196964800133,0.0,Neutral
2021-09-06,688.0,715.0,665.0,711.9,73870.0,0.0,709.4799999999999,745.8399999999999,768.475,34.76577622919085,-21.714969870229766,-11.721129640685191,42.39995283017754,0.0,Neutral
2021-09-05,695.0,698.0,657.0,675.0,55920.0,0.0,720.1,752.25,773.3299999999999,23.32451499118166,-20.629911106694294,-9.222669583299048,41.53529289118921,0.0,Neutral
2021-09-02,720.0,733.9,705.0,705.5,57211.0,0.0,742.1,761.55,780.18,25.654704170708044,-15.187819214229762,-6.3708592024502355,31.521112854036847,0.0,Neutral
2021-09-01,740.0,749.0,713.1,720.0,66796.0,0.0,754.8,768.8,784.055,29.75708502024291,-11.126271828368203,-4.166619199505353,24.82292846904232,0.0,Neutral
2021-08-31,752.0,755.1,730.0,735.0,33110.0,0.0,768.4,774.51,787.3149999999999,31.094658910629278,-7.256787392910269,-2.4267060422896405,17.97222857637438,0.19351503252983093,Slightly Positive
2021-08-29,793.9,793.9,755.0,765.0,25549.0,0.0,782.2,780.0699999999999,790.9649999999999,35.50724637681158,-3.739637624119837,-1.2191857046344834,11.998708263870832,0.36530638486146927,Positive
2021-08-26,764.0,785.0,760.1,785.0,43395.0,0.7740601301193237,784.4,783.17,793.665,41.97860962566845,-2.2506262810584303,-0.589072724763145,11.672765072849955,0.7306127697229385,Strongly Positive
2021-08-25,780.0,787.0,765.0,769.0,28864.0,-0.0868947207927703,781.0,785.26,793.415,34.26061493411419,-2.353733602735474,-0.17368433568932362,13.727118334861537,-0.0868947207927703,Slightly Negative
2021-08-24,820.0,820.0,775.0,788.0,67685.0,0.0,782.8,788.36,793.865,51.70532060027285,-0.8220090045454072,0.371327981072214,13.134703820260935,0.0,Neutral
2021-08-19,790.0,840.0,784.0,804.0,115213.0,0.0,780.6200000000001,790.21,793.7149999999999,57.078313253012034,-0.7895603864258192,0.6696622274766192,14.327087786636481,0.0,Neutral
2021-08-18,755.0,785.4,755.0,776.0,41904.0,0.0,777.94,791.11,792.4649999999999,37.46081504702194,-2.3657505445869447,1.0344678809522287,15.522417480727457,0.0,Neutral
2021-08-17,779.0,793.0,767.3,768.0,45348.0,0.0,781.94,794.4100000000001,792.865,30.474732006125564,-1.4922223385365214,1.8845224873370219,15.460878945886144,0.0,Neutral
2021-08-16,790.0,790.0,762.0,778.0,33817.0,0.0,789.5200000000001,798.8100000000001,794.3149999999999,49.3734335839599,0.4589678057462834,2.728708693805408,13.206349483042592,0.0,Neutral
2021-08-15,774.8,794.0,774.8,777.1,39048.0,0.0,793.92,799.3100000000001,794.5899999999999,49.71997510889857,1.9245382400019935,3.296143915820189,12.401025943285497,0.0,Neutral
2021-08-12,796.0,805.0,789.0,790.6,52040.0,0.0,799.8,800.12,793.6850000000001,51.81582360570688,3.858782128960911,3.6390453347747376,10.971255372383078,0.0,Neutral
2021-08-11,808.0,812.0,792.0,796.0,38713.0,0.0,804.28,801.86,792.255,55.490956072351416,4.896907498083692,3.584111136228194,10.669291343823527,0.2276539355516434,Positive
2021-08-10,800.0,811.0,790.0,805.9,59901.0,0.0,806.88,804.1600000000001,790.955,57.30486991327551,5.600887041973806,3.255912045764319,11.69541220600152,0.4553078711032868,Positive
2021-08-09,810.0,813.0,795.0,800.0,66989.0,0.9106157422065736,808.1,801.5699999999999,789.0600000000001,50.95541401273886,5.409953484655716,2.669668296711947,13.922966637955003,0.9106157422065736,Strongly Positive
2021-08-08,820.0,820.0,802.1,806.5,52483.0,0.0,804.7,799.37,788.46,57.012195121951216,5.688289875356531,1.9845969997260051,15.809002358060136,0.0,Neutral
2021-08-05,813.0,828.0,810.0,813.0,106960.0,0.0,800.4399999999999,797.22,786.135,64.83516483516483,5.298991379482118,1.0586737808183735,16.189008617008735,0.0,Neutral
2021-08-04,815.0,818.0,801.0,809.0,83086.0,0.0,799.4399999999999,793.8199999999999,783.4350000000001,62.98342541436464,4.063210515591777,-0.0014056188475624065,16.07660826589043,0.0,Neutral
2021-08-03,781.0,825.0,778.0,812.0,141545.0,0.0,801.4399999999999,791.3199999999999,781.235,61.29032258064516,2.8340762418177974,-1.0175596524573973,15.382587558715482,0.0,Neutral
2021-08-02,786.0,795.0,778.0,783.0,46579.0,0.0,795.04,789.8199999999999,778.735,54.71698113207547,0.9185764779562078,-1.9804686260261959,13.790963224815233,0.0,Neutral
2021-08-01,800.0,800.0,784.2,785.2,89675.0,0.0,794.04,789.87,778.2850000000001,49.208144796380104,1.413068394220545,-2.7052299020217965,13.764370268574904,0.0,Neutral
2021-07-29,820.0,828.0,796.0,808.0,110141.0,0.0,794.0,787.25,777.475,63.18681318681318,1.7996661725185277,-3.7348044760823815,16.890579228321073,0.0,Neutral
2021-07-28,785.0,826.2,776.0,819.0,163098.0,0.0,788.2,782.65,775.175,67.44186046511628,-0.05452598932697583,-5.118422138232609,16.875442381077104,0.0,Neutral
2021-07-27,778.0,790.0,771.0,780.0,29290.0,0.0,781.2,777.75,772.125,55.39568345323742,-3.5403563342377993,-6.384396175459017,11.360873401544136,0.0,Neutral
2021-07-26,800.7,800.7,776.0,778.0,13985.0,0.0,784.6,776.55,771.625,55.71428571428571,-3.9671382459712277,-7.09540613576432,11.724736433963267,0.0,Neutral
2021-07-25,775.0,785.0,765.0,785.0,21724.0,0.0,785.7,777.55,771.175,53.793103448275865,-4.250526966096913,-7.877473108212593,12.275653411046354,0.0,Neutral
2021-07-22,786.0,791.0,778.0,779.0,12276.0,0.0,780.5,775.05,770.575,53.47222222222222,-5.263135449368747,-8.784209643741512,13.107355865285324,0.21412520110607147,Positive
2021-07-20,783.0,796.0,781.0,784.0,9507.0,0.0,777.1,773.05,770.925,57.53424657534246,-5.86812830693566,-9.664478192334704,13.93726021223905,0.42825040221214294,Positive
2021-07-19,799.0,814.0,793.0,797.0,18873.0,0.8565008044242859,774.3,771.15,772.475,64.23357664233578,-7.064055506129421,-10.613565663684465,13.568857317044662,0.8565008044242859,Strongly Positive
2021-07-18,774.0,795.0,771.0,783.5,16096.0,0.0,768.5,767.65,771.475,54.981549815498155,-9.811379960283944,-11.500943203073225,10.274158521978274,0.0,Neutral
2021-07-15,760.0,770.0,756.0,759.0,20890.0,0.0,769.4,766.7,772.5,45.535714285714285,-11.800708555073243,-11.923334013770544,9.006787564033116,0.0,Neutral
2021-07-14,762.0,775.0,757.0,762.0,8210.0,0.0,769.6,767.7,775.55,45.13274336283185,-11.673623109803316,-11.95399037844487,8.60297106309888,0.0,Neutral
2021-07-13,780.0,785.0,762.0,770.0,7648.0,0.0,769.0,767.7,778.0,43.220338983050844,-11.647072259879906,-12.024082195605256,8.60297106309888,0.19150510430335999,Slightly Positive
2021-07-12,802.0,802.0,762.0,768.0,11211.0,0.0,768.0,766.5,781.65,33.79310344827587,-12.258317214924773,-12.118334679536591,9.070709882868925,0.38301020860671997,Positive
2021-07-11,770.0,789.0,770.0,788.0,7292.0,0.7660204172134399,766.8,766.7,786.0,53.37423312883435,-12.656548888965062,-12.083339045689545,9.129317852164194,0.7660204172134399,Strongly Positive
2021-07-08,746.0,765.0,746.0,760.0,12471.0,0.0,764.0,764.8,788.7,36.41975308641976,-15.017105696355202,-11.940036584870665,5.432413010118001,0.0,Neutral
2021-07-07,763.0,770.0,755.0,759.0,15674.0,0.0,765.8,766.1,793.0,32.7683615819209,-14.960694847658829,-11.17076930699953,5.704773829508075,0.0,Neutral
2021-07-06,762.0,777.0,757.0,765.0,12548.0,0.0,766.4,768.8,798.25,37.22222222222222,-14.569265802993186,-10.223287921834705,7.927448798059531,0.0,Neutral
2021-07-05,763.0,769.0,760.0,762.0,10264.0,0.0,765.0,773.8,803.2,30.622009569377994,-14.468652501576344,-9.136793451545085,16.4505994487636,0.0,Neutral
2021-07-04,775.0,779.0,765.0,774.0,19499.0,0.0,766.6,775.3,806.7,30.622009569377994,-13.824325669563223,-7.803828689037271,15.93075292917245,0.0,Neutral
2021-07-01,777.0,778.0,768.0,769.0,14222.0,0.0,765.6,778.3,809.8,33.17972350230416,-14.022667412418173,-6.298704443905782,18.306343769952722,0.0,Neutral
2021-06-30,768.0,768.0,746.0,762.0,21630.0,0.0,766.4,783.4,813.6,30.373831775700936,-13.562766620027219,-4.367713701777684,22.131927666240813,0.0,Neutral
2021-06-29,780.0,784.0,758.0,758.0,15741.0,0.0,771.2,788.3,818.15,26.754385964912274,-12.06576209417483,-2.0689504722153003,22.2912538902934,0.0,Neutral
2021-06-28,767.0,784.0,767.0,770.0,13324.0,0.0,782.6,796.8,821.75,28.240740740740748,-9.572265232535301,0.4302524332745823,25.43750511878545,0.0,Neutral
2021-06-27,773.0,779.0,768.0,769.0,18124.0,0.0,784.0,805.3,825.4,37.24696356275304,-7.472241743933068,2.9308818497270535,29.3827235709364,0.0,Neutral
2021-06-24,790.0,790.0,773.0,773.0,19170.0,0.0,791.0,812.6,829.95,37.24696356275304,-4.581342793114345,5.531662748142084,28.414393848530988,0.0,Neutral
2021-06-23,820.0,820.0,785.0,786.0,33244.0,0.0,800.4,819.9,834.25,37.86008230452675,-1.232139509805961,8.059914133456191,26.41737643634347,0.13488174974918365,Slightly Positive
2021-06-22,777.0,815.0,777.0,815.0,38792.0,0.0,805.4,827.7,838.6,41.44144144144144,1.73694743739577,10.382927544271729,26.808166251713608,0.2697634994983673,Positive
2021-06-21,800.0,813.0,775.0,777.0,57554.0,0.5395269989967346,811.0,832.6,838.35,37.19806763285025,2.5485900872802176,12.544422570990719,28.644177224885574,0.5395269989967346,Positive
2021-06-20,820.0,825.0,796.0,804.0,31998.0,0.0,826.6,838.1,840.2,39.89637305699482,7.416561759135902,15.043380691918344,21.057856807736325,0.0,Neutral
2021-06-17,815.0,837.0,810.0,820.0,47246.0,0.0,834.2,841.3,840.1,39.69072164948453,10.772895612898878,16.950085425113954,17.416786283532762,0.22510313987731934,Positive
2021-06-16,840.0,840.0,800.0,811.0,81330.0,0.0,839.4,843.8,839.6,37.09677419354839,13.271010522786924,18.49438287816772,15.732485852939277,0.45020627975463867,Positive
2021-06-15,860.0,870.0,840.0,843.0,58480.0,0.9004125595092773,850.0,848.0,840.25,41.07142857142858,17.182844309257803,19.800225967012917,10.852547064151482,0.9004125595092773,Strongly Positive
2021-06-14,858.0,875.0,845.0,855.0,64896.0,0.0,854.2,846.7,838.2,60.273972602739725,18.667652606764364,20.454571381451693,12.211561006851689,0.0,Neutral
2021-06-13,862.0,862.0,840.0,842.0,50771.0,0.0,849.6,845.5,836.15,56.666666666666664,19.069460250392467,20.901301075123524,11.89070598790169,0.0,Neutral
2021-06-10,879.0,890.0,846.0,846.0,66527.0,0.0,848.4,847.3,833.5,60.091743119266056,20.62857531189013,21.359261281306285,12.64076298689007,0.0,Neutral
2021-06-09,880.0,901.0,855.0,864.0,113832.0,0.0,848.2,848.6,829.55,62.98076923076923,21.911248349483344,21.54193277366032,13.150411907433961,0.0,Neutral
2021-06-08,835.0,868.0,835.0,864.0,100547.0,0.0,846.0,849.5,824.3,59.00900900900901,21.39696923238273,21.44960387970456,14.554495296477493,0.0,Neutral
2021-06-07,835.0,845.0,830.0,832.0,40756.0,0.0,839.2,844.1,818.85,57.075471698113205,20.429333424994297,21.46276254153502,18.150298436531518,0.0,Neutral
2021-06-06,849.0,849.0,832.0,836.0,44898.0,0.0,841.4,842.3,814.45,55.0,22.1553061446549,21.721119820670204,20.254217667813034,0.0,Neutral
2021-06-03,869.0,873.0,840.0,845.0,101647.0,0.0,846.2,838.9,810.5,61.86440677966102,23.628743235644833,21.612573239674028,23.946468076422722,0.12093029171228407,Slightly Positive
2021-06-02,871.0,871.0,816.0,853.0,112756.0,0.0,849.0,835.4,806.75,67.2,24.249330311989866,21.108530740681324,25.465444996910424,0.24186058342456815,Positive
2021-06-01,830.0,855.0,820.0,830.0,59703.0,0.4837211668491363,853.0,832.5,802.6,65.10638297872342,23.874162103077765,20.323330847854187,24.883059833316977,0.4837211668491363,Positive
2021-05-31,868.0,880.0,835.0,843.0,105243.0,0.0,849.0,829.7,799.8,69.46902654867256,25.389868685839588,19.43562303404829,26.704348376696505,0.0,Neutral
2021-05-30,861.0,882.0,849.0,860.0,157202.0,0.0,843.2,826.8,796.35,76.36363636363636,25.631517906952467,17.947061621100467,26.674165612308222,0.0,Neutral
2021-05-27,830.0,879.0,830.0,859.0,125263.0,0.0,831.6,819.7,790.15,71.98275862068965,23.836219015980987,16.025947549637465,26.301879949740957,0.0,Neutral
2021-05-25,770.0,891.0,770.0,873.0,306098.0,0.0,821.8,810.5,783.7,72.2943722943723,21.299874336726702,14.073379683051584,27.105759945514702,0.0,Neutral
2021-05-24,829.0,829.0,804.0,810.0,67217.0,0.0,812.0,799.1,776.55,61.904761904761905,16.327305319398647,12.266756019632803,21.236498979127326,0.0,Neutral
2021-05-23,788.0,828.0,773.0,814.0,87421.0,0.0,810.4,793.6,771.4,61.904761904761905,16.157556423545202,11.251618694691341,24.905153415874093,-0.09189296513795853,Slightly Negative
2021-05-20,805.0,815.0,800.0,802.0,36623.0,0.0,810.4,786.6,767.3,58.97435897435897,15.298603375767811,10.025134262477874,28.159071954431585,-0.18378593027591705,Slightly Negative
2021-05-19,840.0,840.0,802.0,810.0,96296.0,-0.3675718605518341,807.8,782.1,764.3,69.89247311827957,15.201559982048138,8.706766984155388,29.007470302231315,-0.3675718605518341,Negative
2021-05-18,805.0,829.0,788.0,824.0,132162.0,0.0,799.2,778.1,761.3,76.40449438202246,14.042038268870783,7.0830687346822,27.448740104689886,0.0,Neutral
2021-05-17,820.0,828.0,795.0,802.0,83148.0,0.0,786.2,772.7,758.35,73.07692307692307,10.932364543777226,5.343326351135055,22.231359232732096,0.0,Neutral
2021-05-16,800.0,815.0,792.0,814.0,129894.0,0.0,776.8,769.9,756.05,82.03592814371258,9.044273868566506,3.946066802974511,19.756574152004617,0.0,Neutral
2021-05-13,800.0,800.0,768.0,789.0,81027.0,0.0,762.8,765.9,753.75,67.06586826347305,5.281012332300065,2.6715150365765115,12.582615873642359,0.0,Neutral
2021-05-12,765.0,767.0,756.0,767.0,39502.0,0.0,756.4,760.6,753.55,58.064516129032256,2.9463619739048,2.0191407126456227,12.928865207625249,0.0,Neutral
2021-05-11,762.0,765.0,755.0,759.0,10541.0,0.0,757.0,756.9,753.7,52.903225806451616,2.163642978659823,1.7873353973308281,15.856649499017797,0.0,Neutral
2021-05-10,730.0,758.0,730.0,755.0,8780.0,0.0,759.2,754.0,754.4,46.98795180722891,1.9476831995847306,1.6932585019985793,17.94435844496407,0.0,Neutral
2021-05-09,746.0,760.0,743.0,744.0,21505.0,0.0,763.0,749.2,755.15,46.34146341463415,2.050982780480581,1.6296523276020414,23.275165591992312,0.0,Neutral
2021-05-06,764.0,770.0,757.0,757.0,21896.0,0.0,769.0,748.0,756.0,46.625766871165645,3.2729981323806214,1.5243197143824063,23.874672772654367,0.0,Neutral
2021-05-05,771.0,785.0,758.0,770.0,19191.0,0.0,764.8,746.5,756.8,45.50898203592815,3.461490481425699,1.0871501098828524,23.7170824512906,0.0,Neutral
2021-05-04,774.0,782.0,766.0,770.0,19293.0,0.0,756.8,744.5,757.5,50.0,2.328089945386182,0.49356501699714056,22.31715832172328,0.0,Neutral
2021-05-03,785.0,803.0,760.0,774.0,33104.0,0.0,748.8,744.0,758.35,50.27624309392265,0.8475955892719185,0.034933784899880166,21.730674684038846,0.0,Neutral
2021-05-02,750.0,782.0,735.0,774.0,56679.0,0.0,735.4,742.2,758.2,51.086956521739125,-1.461654961103477,-0.1682316661931294,19.61178783853013,0.0,Neutral
2021-04-29,730.0,742.0,726.0,736.0,10894.0,0.0,727.0,741.6,757.3,41.935483870967744,-4.387837955057307,0.15512415753445752,18.596295927509733,0.0,Neutral
2021-04-28,730.0,743.0,716.0,730.0,10598.0,0.0,728.2,746.5,757.0,36.64596273291926,-4.189797515266946,1.2908646856823989,22.911666121121787,0.0,Neutral
2021-04-27,707.0,748.0,707.0,730.0,23435.0,0.0,732.2,750.5,756.5,34.30232558139535,-3.265174299167029,2.661030235919735,23.20081416198818,0.0,Neutral
2021-04-26,718.0,749.0,704.0,707.0,48636.0,0.0,739.2,754.8,756.05,23.68421052631578,-2.0375254044479334,4.142581369691426,22.962771803295922,0.0,Neutral
2021-04-25,732.0,740.0,725.0,732.0,36856.0,0.0,749.0,761.1,757.2,36.36363636363636,1.900855917967533,5.687608063226266,15.968371516540795,0.0,Neutral
2021-04-22,760.0,760.0,739.0,742.0,39055.0,0.0,756.2,764.0,756.8,45.270270270270274,4.354559265225475,6.634296099540949,12.310790208469601,0.0,Neutral
2021-04-21,766.0,781.0,736.0,750.0,70974.0,0.0,764.8,767.1,756.25,56.02409638554217,6.404856130049552,7.204230308119817,9.803060746593868,0.0,Neutral
2021-04-20,764.0,771.0,735.0,765.0,25508.0,0.0,768.8,770.5,756.4,63.9751552795031,8.114073493806245,7.404073852637382,9.082951062370915,0.0,Neutral
2021-04-19,764.0,770.0,755.0,756.0,20304.0,0.0,770.4,772.7,754.4,61.43790849673203,8.650360769091208,7.2265739423451665,10.198583779748354,0.0,Neutral
2021-04-18,822.0,822.0,765.0,768.0,16641.0,0.0,773.2,774.2,751.35,62.66666666666667,10.125398552904699,6.870627235658656,8.416914187865212,0.0,Neutral
2021-04-15,770.0,786.0,765.0,785.0,36287.0,0.0,771.8,773.0,746.95,71.94244604316546,10.638986436202458,6.056934406347144,10.088497300352232,0.0,Neutral
2021-04-13,775.0,775.0,765.0,770.0,21020.0,0.0,769.4,767.5,741.0,64.8854961832061,9.40885334999416,4.911421398883316,16.050268256715245,0.0,Neutral
2021-04-12,763.0,775.0,763.0,773.0,25973.0,0.0,772.2,762.5,736.65,56.666666666666664,9.229172889415622,3.7870634111056054,21.90509834113326,0.0,Neutral
2021-04-08,775.0,775.0,758.0,770.0,18111.0,0.0,775.0,757.3,733.4,62.857142857142854,8.560138223158333,2.4265360415281014,25.077878698194578,0.0,Neutral
2021-04-07,770.0,780.0,758.0,761.0,31818.0,0.0,775.2,753.3,730.4,66.83673469387756,7.887150147707757,0.8931354961205433,26.00021367436148,0.0,Neutral
2021-04-06,769.0,787.0,762.0,773.0,34821.0,0.0,774.2,749.6,727.95,73.36683417085428,7.829814092893116,-0.8553681667762603,27.378823933860378,0.0,Neutral
2021-04-05,799.0,802.0,775.0,784.0,42279.0,0.0,765.6,745.4,726.15,79.20792079207921,6.42092605066955,-3.0266637316936045,26.60075186909774,0.0,Neutral
2021-04-04,809.0,809.0,764.0,787.0,44080.0,0.0,752.8,742.3,722.45,74.07407407407408,3.4092772978580115,-5.388561177284393,23.190275739847973,0.0,Neutral
2021-04-01,771.0,785.0,757.0,771.0,63743.0,0.0,739.6,736.1,719.5,64.0,-0.7897256891538973,-7.588020796069994,17.502063370456803,0.0,Neutral
2021-03-31,732.0,761.0,732.0,756.0,56503.0,0.0,731.4,728.5,718.95,60.84905660377358,-4.508602582552271,-9.287594572799017,17.1610023017663,0.0,Neutral
2021-03-30,734.0,740.0,719.0,730.0,34415.0,0.0,725.0,720.9,718.15,54.787234042553195,-7.662389416198039,-10.482342570360704,20.190481805958697,0.0,Neutral
2021-03-29,730.0,730.0,716.0,720.0,15160.0,0.0,725.2,714.5,720.35,45.8128078817734,-8.929042583270416,-11.187330858901369,26.226576851249536,0.0,Neutral
2021-03-25,732.0,738.0,719.0,721.0,17672.0,0.0,731.8,710.8,723.9,52.401746724890835,-9.397693824395219,-11.751902927809105,27.91972620052459,0.0,Neutral
2021-03-24,725.0,731.0,722.0,730.0,16161.0,0.0,732.6,709.5,726.2,50.42016806722689,-9.960987680166909,-12.340455203662577,27.693761832686924,0.0,Neutral
2021-03-23,720.0,733.0,719.0,724.0,17342.0,0.0,725.6,707.5,728.55,43.18181818181818,-11.451432017095044,-12.935322084536493,26.755061826399643,0.0,Neutral
2021-03-22,767.0,767.0,725.0,731.0,34047.0,0.0,716.8,706.3,732.2,48.375451263537904,-12.576305595979875,-13.306294601396855,26.19605568276381,0.0,Neutral
2021-03-21,728.0,755.0,711.0,753.0,30847.0,0.0,703.8,706.9,736.45,46.36678200692042,-14.541852518905898,-13.4887918527511,26.884320089371762,0.0,Neutral
2021-03-18,707.0,726.0,700.0,725.0,25521.0,0.0,689.8,702.6,739.2,38.1294964028777,-19.079087282074624,-13.225526686212401,21.61378161166315,0.0,Neutral
2021-03-17,690.0,695.0,676.0,695.0,22042.0,0.0,686.4,702.9,744.1,36.76470588235295,-21.741825655689127,-11.762136537246846,21.977008187876777,0.0,Neutral
2021-03-16,679.0,680.0,666.0,680.0,17811.0,0.0,689.4,709.4,751.45,31.835205992509373,-21.769657897565025,-9.267214257636276,28.131437534881186,0.0,Neutral
2021-03-15,670.0,688.0,663.0,666.0,29536.0,0.0,695.8,715.4,757.55,26.007326007326,-19.96125966232239,-6.1416033476540886,27.556810007309437,0.0,Neutral
2021-03-14,708.0,708.0,679.0,683.0,33869.0,0.0,710.0,726.2,765.5,25.818181818181827,-15.93728577425145,-2.686689268987012,27.20620844180604,0.0,Neutral
2021-03-10,702.0,712.0,702.0,708.0,14373.0,0.0,715.4,737.0,773.25,30.62015503875969,-12.300325854942685,0.6259598573290974,29.491995147481074,0.0,Neutral
2021-03-09,705.0,726.0,704.0,710.0,15669.0,0.0,719.4,742.9,780.75,29.151291512915137,-10.02478318186229,3.857531285397043,28.942279722870005,0.0,Neutral
2021-03-07,735.0,747.0,712.0,712.0,12918.0,0.0,729.4,749.6,786.5,27.430555555555557,-7.178184596485266,7.328109902211876,28.226071478553976,0.0,Neutral
2021-03-04,720.0,737.0,710.0,737.0,32200.0,0.0,735.0,758.1,792.15,39.273927392739274,-3.6441160806551807,10.95468352688616,28.44272998307747,0.0,Neutral
2021-03-03,716.0,740.0,698.0,710.0,48499.0,0.0,742.4,766.0,797.35,30.769230769230774,-1.6258087592769925,14.604383428771497,32.59856847574856,0.0,Neutral
2021-03-02,755.0,760.0,718.0,728.0,36163.0,0.0,758.6,775.8,801.8,31.292517006802726,3.723024349235061,18.661931475783618,28.34627155575416,0.0,Neutral
2021-03-01,740.0,765.0,718.0,760.0,49538.0,0.0,766.4,785.3,804.95,32.624113475177296,8.66320007174727,22.396658257420754,26.398863611933947,0.0,Neutral
2021-02-28,775.0,775.0,733.0,740.0,58564.0,0.0,769.8,793.5,807.45,35.59322033898306,11.584468720164523,25.830022803839125,30.137647183867983,0.0,Neutral
2021-02-25,791.0,791.0,765.0,774.0,28097.0,0.0,781.2,799.7,809.55,40.229885057471265,17.1809320682147,29.391411324757776,23.570461740666488,0.0,Neutral
2021-02-24,767.0,808.0,767.0,791.0,44480.0,0.0,789.6,804.8,809.75,40.38461538461539,20.61233172964296,32.44403113889354,22.899781658382214,0.0,Neutral
2021-02-23,771.0,779.0,750.0,767.0,52517.0,0.0,793.0,809.5,810.15,44.24460431654677,22.96132065416191,35.40195599120619,24.51870034623096,0.0,Neutral
2021-02-22,797.0,797.0,773.0,777.0,44403.0,0.0,804.2,818.6,811.4,47.46376811594203,28.06913821739647,38.51211482546726,23.87094933646047,-0.0830237790942192,Slightly Negative
2021-02-21,825.0,828.0,796.0,797.0,43807.0,0.0,817.2,823.4,808.55,47.63636363636364,33.16211062403568,41.122858977484945,18.880913348949793,-0.1660475581884384,Slightly Negative
2021-02-18,808.0,817.0,800.0,816.0,37369.0,-0.3320951163768768,818.2,826.2,802.65,55.98591549295775,37.14387379579648,43.11304606584726,16.450599448770742,-0.3320951163768768,Negative
2021-02-17,820.0,822.0,802.0,808.0,42831.0,0.0,820.0,828.7,795.7,55.35714285714286,39.75123153435959,44.60533913335995,16.626952684038066,0.0,Neutral
2021-02-16,850.0,850.0,815.0,823.0,62001.0,0.0,826.0,827.8,789.55,54.19580419580419,43.315513861989416,45.818866033110034,18.05423926830583,0.0,Neutral
2021-02-15,810.0,842.0,810.0,842.0,71114.0,0.0,833.0,824.6,781.75,59.12408759124087,45.7075176494443,46.444704075890186,21.505554838007658,0.04277274012565613,Neutral
2021-02-14,824.0,835.0,799.0,802.0,44614.0,0.0,829.6,821.4,772.85,63.39869281045752,46.161202226894716,46.629000682501655,21.00370337719531,0.13807156309485435,Slightly Positive
2021-02-11,840.0,844.0,816.0,825.0,107786.0,0.1710909605026245,834.2,819.4,765.1,72.53086419753086,50.1415603279039,46.74595029640339,23.81969306644018,0.2761431261897087,Positive
2021-02-08,874.0,890.0,836.0,838.0,86096.0,0.2101043313741684,837.4,814.7,755.3,75.71884984025559,52.15079469933164,45.897047788528255,27.01460510336041,0.2101043313741684,Positive
2021-02-07,840.0,858.0,816.0,858.0,111954.0,0.0,829.6,810.8,745.05,78.7375415282392,52.63311501050907,44.3336110608274,26.07595742359528,0.0,Neutral
2021-02-04,840.0,857.0,808.0,825.0,52368.0,0.0,816.2,804.2,733.65,77.62237762237763,50.446794898440885,42.25873507340698,20.573985731754927,0.0,Neutral
2021-02-03,856.0,890.0,816.0,825.0,106708.0,0.0,813.2,793.7,723.5,77.85467128027682,50.28248384778749,40.2117201171485,32.256093308971444,0.0,Neutral
2021-02-02,814.0,877.0,814.0,841.0,121098.0,0.0,804.6,779.1,713.05,83.44827586206897,49.34138161444014,37.69402918448875,46.43860941550568,0.0,Neutral
2021-02-01,793.0,811.0,792.0,799.0,56176.0,0.0,792.0,762.7,702.3,81.95488721804512,45.793409213121436,34.782191077000896,50.89433498273361,0.0,Neutral
2021-01-31,810.0,815.0,786.0,791.0,90935.0,0.0,792.0,751.3,693.6,80.1526717557252,44.87518394142921,32.029386542970755,54.499847094598756,0.0,Neutral
2021-01-28,783.0,848.0,783.0,810.0,151910.0,0.0,792.2,738.9,684.7,86.58536585365853,43.865010100957534,28.817937193356137,58.42839872680943,0.0,Neutral
2021-01-27,783.0,800.0,763.0,782.0,70061.0,0.0,774.2,724.3,675.0,85.39823008849558,40.00307897946891,25.056168966455783,56.90938215952579,0.0,Neutral
2021-01-26,814.0,814.0,775.0,778.0,91580.0,0.0,753.6,710.8,666.75,85.52631578947368,37.34289665379481,21.319441463202498,57.70769253556137,0.0,Neutral
2021-01-25,792.0,825.0,780.0,799.0,187358.0,0.0,733.4,695.9,658.8,89.86175115207374,33.81163998860643,17.31357766555442,57.664643509798495,0.0,Neutral
2021-01-24,734.0,792.0,732.0,792.0,177665.0,0.0,710.6,679.3,649.45,89.57345971563981,26.674484899749928,13.189062084791418,47.72385846374557,0.0,Neutral
2021-01-21,680.0,723.0,675.0,720.0,143085.0,0.0,685.6,663.1,641.15,85.43046357615894,17.889614442340417,9.81770638105179,29.064869975066806,0.0,Neutral
2021-01-20,675.0,680.0,664.0,679.0,54789.0,0.0,674.4,653.3,637.15,77.87610619469027,13.747621757539946,7.7997293657296325,23.79098802302956,0.0,Neutral
2021-01-19,692.0,700.0,663.0,677.0,50588.0,0.0,668.0,647.0,635.4,76.78571428571429,12.435512959739526,6.312756267777052,24.558320608541305,0.0,Neutral
2021-01-18,700.0,700.0,660.0,685.0,136673.0,0.0,658.4,641.9,632.5,81.13207547169812,10.783541178405358,4.7820670947864325,22.873808408568056,0.0,Neutral
2021-01-17,680.0,680.0,655.0,667.0,54698.0,0.0,648.0,635.9,628.5,78.94736842105263,7.703627505816598,3.2816985738817013,17.565433226800344,0.0,Neutral
2021-01-13,655.0,669.0,655.0,664.0,93498.0,0.0,640.6,630.5,627.3,67.9245283018868,5.493212199991262,2.1762163408979767,15.06467538465909,0.0,Neutral
2021-01-12,623.0,648.0,623.0,647.0,74285.0,0.0,632.2,625.7,626.8,53.39805825242718,2.897471759465361,1.3469673761246552,10.000555540158482,0.0,Neutral
2021-01-11,635.0,637.0,624.0,629.0,35320.0,0.0,626.0,622.7,627.45,41.573033707865164,1.273127098874511,0.9593412802894785,6.929005059298069,0.0,Neutral
2021-01-10,633.0,640.0,630.0,633.0,34329.0,0.0,625.4,621.7,628.75,56.36363636363637,1.0140817015549146,0.8808948256432203,6.634087059405594,0.0,Neutral
2021-01-07,625.0,639.0,622.0,630.0,64386.0,0.0,623.8,619.6,628.45,60.3305785123967,0.26142256968080346,0.8475981066652967,5.947922139573448,0.0,Neutral
2021-01-06,625.0,628.0,616.0,622.0,13821.0,0.0,620.4,619.2,627.85,43.04635761589404,-0.39759214147022703,0.9941419909114199,5.26624470889659,0.0,Neutral
2021-01-05,625.0,627.0,615.0,616.0,11138.0,0.0,619.2,621.0,627.5,37.820512820512825,-0.4184059416454602,1.3420755240068316,8.445906306252216,0.0,Neutral
2021-01-04,637.0,637.0,620.0,626.0,40605.0,0.0,619.4,623.8,627.75,38.815789473684205,0.17202307619129442,1.7821958904199044,10.891382934361204,0.0,Neutral
2021-01-03,613.0,632.0,613.0,625.0,27111.0,0.0,618.0,623.1,627.7,40.38461538461538,-0.09505876760522369,2.184739093977057,10.959014554268496,0.0,Neutral
2020-12-31,615.0,623.0,608.0,613.0,51952.0,0.0,615.4,621.1,626.45,45.93023255813954,-0.33275146615858375,2.7546885593726267,12.3148510164035,0.18786033987998962,Slightly Positive
2020-12-30,612.0,624.0,612.0,616.0,20985.0,0.0,618.0,624.1,627.55,49.438202247191015,0.5905244199228719,3.5265485657554287,13.698742845831852,0.37572067975997925,Positive
2020-12-29,615.0,624.0,614.0,617.0,13470.0,0.7514413595199585,622.8,627.9,629.5,50.55555555555556,1.4549161956862235,4.260554602213568,16.237473804636252,0.7514413595199585,Strongly Positive
2020-12-28,601.0,632.0,600.0,619.0,14878.0,0.0,628.2,632.2,629.4,49.45652173913044,2.435213826632321,4.961964203845404,18.558017135478526,0.0,Neutral
2020-12-27,614.0,635.0,611.0,612.0,23880.0,0.0,628.2,635.8,629.65,46.408839779005525,3.447372419925273,5.593651798148675,19.193748982435213,0.0,Neutral
2020-12-24,638.0,638.0,626.0,626.0,8854.0,0.0,626.8,637.3,629.0,56.77083333333333,5.401838516529324,6.130221642704525,17.65125113603586,0.0,Neutral
2020-12-23,676.0,676.0,639.0,640.0,71698.0,0.0,630.2,636.5,627.45,51.1737089201878,6.3924212286816555,6.312317424248325,18.38628716071551,0.0,Neutral
2020-12-22,631.0,645.0,615.0,644.0,58761.0,0.0,633.0,634.0,626.0,47.598253275109165,6.138329763411775,6.292291473139991,19.522067285813637,0.0,Neutral
2020-12-21,593.0,625.0,582.0,619.0,67893.0,0.0,636.2,631.7,624.3,50.81967213114754,5.317459132999488,6.330781900572044,19.567830743358154,0.0,Neutral
2020-12-20,645.0,649.0,603.0,605.0,72289.0,0.0,643.4,632.3,623.45,46.02510460251047,6.737839395520268,6.584112592465182,19.224116798110185,0.0,Neutral
2020-12-17,650.0,666.0,641.0,643.0,45325.0,0.0,647.8,631.8,623.8,59.73451327433629,9.878210721203004,6.54568089170141,20.059910269009503,0.0,Neutral
2020-12-16,658.0,662.0,652.0,654.0,54807.0,0.0,642.8,631.0,623.25,63.470319634703195,9.873692511857143,5.712548434326012,19.72026594368336,0.0,Neutral
2020-12-15,668.0,677.0,650.0,660.0,114100.0,0.0,635.0,631.1,621.3,60.698689956331876,8.604308288119341,4.672262414943228,19.851952045093935,0.0,Neutral
2020-12-14,639.0,662.0,628.0,655.0,138922.0,0.0,627.2,626.6,618.15,60.0,6.248049758357865,3.689250946649199,17.538529014734582,0.0,Neutral
2020-12-13,630.0,630.0,618.0,627.0,30728.0,0.0,621.2,623.5,615.6,56.09756097560975,3.658817238431652,3.049551243722032,14.424131015635808,0.0,Neutral
2020-12-10,615.0,627.0,606.0,618.0,36753.0,0.0,615.8,620.7,614.65,51.45631067961164,3.1517049349849913,2.8972347450446265,16.26892060889213,0.0,Neutral
2020-12-09,621.0,630.0,610.0,615.0,64167.0,0.0,619.2,618.4,612.95,46.18834080717489,3.3749658868042616,2.8336171975595352,18.20378471028548,0.0,Neutral
2020-12-08,621.0,644.0,620.0,621.0,118360.0,0.0,627.2,618.0,611.35,51.28205128205128,3.916292179681591,2.698280025248353,18.330302779840917,0.0,Neutral
2020-12-07,610.0,630.0,591.0,625.0,70669.0,0.0,626.0,616.9,609.7,55.645161290322584,3.9393480345225953,2.3937769866400433,18.45986637728737,0.0,Neutral
2020-12-06,630.0,630.0,598.0,600.0,69837.0,0.0,625.8,614.6,608.8,49.130434782608695,3.5042033541991486,2.007384224669405,18.76876838440107,0.0,Neutral
2020-12-03,668.0,681.0,634.0,635.0,100794.0,0.0,625.6,615.8,609.1,56.78391959798994,5.44328482252547,1.6331794422869685,18.10340667758325,0.0,Neutral
2020-12-02,612.0,655.0,610.0,655.0,189408.0,0.0,617.6,615.5,608.2,67.48768472906403,4.275446481043332,0.6806530972273429,17.771700350106183,0.0,Neutral
2020-12-01,625.0,633.0,609.0,615.0,49770.0,0.0,608.8,611.5,606.45,59.75609756097561,0.6863081400089186,-0.21804524872665446,11.16791037852798,0.0,Neutral
2020-11-30,610.0,636.0,600.0,624.0,115401.0,0.0,607.8,609.7,606.7,61.25,0.16800708450682578,-0.4441335959105477,11.963370019472938,0.0,Neutral
2020-11-29,606.0,606.0,591.0,599.0,47536.0,0.0,603.4,607.7,606.35,47.4025974025974,-1.4123409111996352,-0.597168766014891,10.934654391761011,-0.14679810404777527,Slightly Negative
2020-11-26,620.0,620.0,595.0,595.0,52282.0,0.0,606.0,608.6,607.1,46.35761589403974,-0.8634419397384363,-0.39337572971870494,10.500793620829945,-0.06604447960853574,Slightly Negative
2020-11-25,620.0,620.0,609.0,611.0,41047.0,-0.5871924161911011,613.4,607.5,608.75,47.945205479452056,0.2569846302319547,-0.27585917721377207,12.474418267466492,-0.13208895921707148,Slightly Negative
2020-11-24,595.0,614.0,595.0,610.0,40551.0,0.9102069139480592,614.2,604.7,609.45,46.62162162162162,0.054227494008955546,-0.40907012907520374,14.568230274604733,0.9102069139480592,Strongly Positive
2020-11-23,612.0,617.0,600.0,602.0,36733.0,0.0,611.6,602.5,609.45,43.57142857142857,-0.1035349234101659,-0.5248945348462435,15.320646925726985,0.0,Neutral
2020-11-22,644.0,644.0,604.0,612.0,67434.0,0.0,612.0,603.0,609.4,48.1203007518797,0.5111542808789409,-0.6302344377052629,15.383974345637563,0.0,Neutral
2020-11-19,622.0,635.0,619.0,632.0,71423.0,0.0,611.2,602.4,609.15,57.758620689655174,0.27010443935876083,-0.9155816173513138,15.108496505848347,0.09202247858047485,Slightly Positive
2020-11-18,595.0,619.0,591.0,615.0,51793.0,0.0,601.6,600.9,607.95,44.24778761061947,-2.0778552411178453,-1.2120031315288324,12.332882874679278,0.1840449571609497,Slightly Positive
2020-11-12,610.0,610.0,596.0,597.0,30975.0,0.3680899143218994,595.2,601.4,607.7,35.71428571428572,-3.3135731570552025,-0.9955401041315791,13.048627003145835,0.3680899143218994,Positive
2020-11-11,608.0,615.0,602.0,604.0,45915.0,0.0,593.4,603.7,608.55,47.16981132075472,-3.0098738692945517,-0.41603184090067313,14.16607841917973,0.0,Neutral
2020-11-10,584.0,608.0,584.0,608.0,72586.0,0.0,594.0,605.0,609.1,53.153153153153156,-3.2911904311811213,0.23242866619779656,14.779866184949825,0.0,Neutral
2020-11-09,588.0,595.0,572.0,584.0,40056.0,0.0,593.6,605.6,609.8,37.634408602150536,-4.009653527535534,1.113333440542526,15.034774505958726,0.0,Neutral
2020-11-08,585.0,590.0,575.0,583.0,35085.0,0.0,600.2,610.0,611.75,36.559139784946225,-2.4247151010274592,2.394080182562041,14.437605218492767,0.21400655806064606,Positive
2020-11-05,600.0,600.0,578.0,588.0,41779.0,0.0,607.6,614.2,613.6,37.77777777777778,-0.2646705624513288,3.598779003459416,11.525816432907112,0.4280131161212921,Positive
2020-11-04,608.0,611.0,605.0,607.0,80756.0,0.8560262322425842,614.0,616.4,615.55,45.33333333333333,1.9870905840580235,4.564641394937102,7.290785661106367,1.0846278816461563,Strongly Positive
2020-11-03,605.0,610.0,600.0,606.0,77530.0,0.0,616.0,615.8,617.2,43.99999999999999,2.8977080389254297,5.20902909765687,8.323994767509422,0.6445991098880768,Strongly Positive
2020-11-02,620.0,622.0,616.0,617.0,7351.0,0.9144065976142884,617.6,615.9,618.7,46.47887323943662,4.119656746208079,5.7868593623397295,8.198238293179031,1.2891982197761536,Strongly Positive
2020-11-01,622.0,625.0,615.0,620.0,7609.0,0.7495832443237305,619.8,615.0,618.4,47.826086956521735,4.499385361740451,6.203660016372641,8.550503558957345,0.7495832443237305,Strongly Positive
2020-10-29,625.0,625.0,615.0,620.0,6558.0,0.0,620.8,614.0,618.05,50.0,4.613157007576547,6.629728680030688,8.48528137427545,0.1920665204524994,Slightly Positive
2020-10-28,610.0,619.0,607.0,617.0,10530.0,0.0,618.8,613.4,617.85,43.421052631578945,4.691270533606257,7.133871598144223,8.221921916475653,0.3841330409049988,Positive
2020-10-22,620.0,629.0,614.0,614.0,14822.0,0.7682660818099976,615.6,613.2,618.0,34.883720930232556,5.0281896808861575,7.744521864278713,8.148619515023485,0.9930021613836288,Strongly Positive
2020-10-21,625.0,633.0,621.0,628.0,7977.0,0.0,614.2,614.0,618.65,44.73684210526315,5.690538269874196,8.423604910126851,8.615231988916378,0.4494721591472626,Positive
2020-10-20,625.0,632.0,613.0,625.0,22091.0,0.8989443182945251,610.2,613.5,618.95,57.14285714285714,5.0277099122570235,9.106871570190014,7.820912137806554,0.8989443182945251,Strongly Positive
2020-10-19,602.0,610.0,599.0,610.0,12798.0,0.0,607.2,613.0,619.15,48.23529411764706,4.414024118901921,10.126661984673262,7.133644853054394,0.0,Neutral
2020-10-18,600.0,603.0,598.0,601.0,8778.0,0.0,608.0,614.7,620.65,40.50632911392405,5.0938066281993315,11.554821451116098,8.273787255917648,0.0,Neutral
2020-10-15,610.0,621.0,603.0,607.0,8757.0,0.0,610.8,618.6,622.55,41.55844155844156,6.803728207292352,13.170075156845288,10.090699788561421,0.0,Neutral
2020-10-14,607.0,612.0,600.0,608.0,12587.0,0.0,613.8,621.5,624.9,38.554216867469876,8.276337521592154,14.761661894233521,10.543560435988102,0.2196282297372818,Positive
2020-10-13,625.0,625.0,608.0,610.0,12154.0,0.0,616.8,621.8,627.2,36.36363636363636,9.93372122789367,16.382992987393862,10.152175464762973,0.4392564594745636,Positive
2020-10-12,606.0,618.0,606.0,614.0,8740.0,0.8785129189491272,618.8,622.1,628.95,41.573033707865164,11.701018667894573,17.995310927268907,9.80306074655616,0.8785129189491272,Strongly Positive
2020-10-11,622.0,630.0,615.0,615.0,5165.0,0.0,621.4,622.3,630.95,37.37373737373737,13.37926349250813,19.56888399211249,9.638464608052013,0.0,Neutral
2020-10-08,615.0,625.0,615.0,622.0,9610.0,0.0,626.4,622.8,633.2,40.86021505376344,15.22488850876016,21.11628911701358,9.34285228875864,0.0,Neutral
2020-10-07,618.0,629.0,615.0,623.0,9230.0,0.0,629.2,623.3,633.15,35.51401869158879,16.646396969376042,22.589139269076934,9.42867965309439,0.2336321026086807,Positive
2020-10-06,625.0,625.0,619.0,620.0,6235.0,0.0,626.8,624.4,631.7,33.65384615384616,18.116811085007726,24.074824844002155,10.01332445631061,0.4672642052173614,Positive
2020-10-05,640.0,640.0,626.0,627.0,12644.0,0.9345284104347228,625.4,625.3,629.8,41.50943396226415,20.035531485904926,25.564328283750758,9.978309810150845,0.9345284104347228,Strongly Positive
2020-10-04,647.0,647.0,635.0,640.0,25939.0,0.0,623.2,626.6,627.25,43.13725490196078,21.480363248709523,26.946527483212215,11.01715833500045,0.0,Neutral
2020-10-01,614.0,636.0,613.0,636.0,28461.0,0.0,619.2,626.5,624.35,38.46153846153846,21.688415960526186,28.313068541837886,10.885770528570392,0.2335221469402313,Positive
2020-09-30,612.0,614.0,608.0,611.0,17017.0,0.0,617.4,628.3,621.35,45.76271186440678,22.045771735091762,29.96923168716581,13.744089638848404,0.6898375898599625,Strongly Positive
2020-09-29,645.0,645.0,610.0,613.0,10460.0,0.9340885877609252,622.0,632.6,619.2,56.64335664335665,24.726676425754135,31.95009667518432,14.4391443267809,1.379675179719925,Strongly Positive
2020-09-28,616.0,618.0,613.0,616.0,8571.0,0.8911731839179993,625.2,635.8,617.3,61.184210526315795,27.585188573825008,33.755951737541864,13.096225071059457,0.8911731839179993,Strongly Positive
2020-09-27,628.0,635.0,620.0,620.0,21716.0,0.0,630.0,639.6,613.4,64.28571428571428,30.526995881743574,35.29864252847108,12.194716524456986,0.0,Neutral
2020-09-24,640.0,640.0,624.0,627.0,21101.0,0.0,633.8,643.6,609.25,64.70588235294117,33.4305099964796,36.49155419015295,11.596934460867704,0.0,Neutral
2020-09-23,635.0,635.0,625.0,634.0,13846.0,0.0,639.2,643.0,604.9,69.07894736842105,35.93746059388479,37.25681523857128,12.657891697395398,0.23344653844833374,Positive
2020-09-22,636.0,638.0,624.0,629.0,19241.0,0.0,643.2,639.0,599.1,69.67741935483872,37.901787202298124,37.5866538997429,20.005554784183623,0.4668930768966675,Positive
2020-09-21,629.0,645.0,628.0,640.0,19347.0,0.933786153793335,646.4,634.3,592.5,71.52317880794702,40.366774441366715,37.50787057410409,26.936344716152444,0.933786153793335,Strongly Positive
2020-09-20,663.0,663.0,635.0,639.0,12888.0,0.0,649.2,627.9,584.6,77.00534759358288,41.80584143463079,36.793144607288426,32.46690622773744,0.0,Neutral
2020-09-17,660.0,670.0,650.0,654.0,44975.0,0.0,653.4,622.2,575.9,83.81502890173411,43.13634743062062,35.53997040045284,35.19090791668592,0.0,Neutral
2020-09-16,645.0,655.0,636.0,654.0,30566.0,0.0,646.8,614.4,566.45,82.38636363636364,42.67984639378403,33.64087614291089,35.9944440157176,0.0,Neutral
2020-09-15,643.0,654.0,632.0,645.0,29833.0,0.0,634.8,605.8,557.35,83.5978835978836,41.47638730467577,31.381133580192603,35.75471996814666,0.0,Neutral
2020-09-14,665.0,679.0,645.0,654.0,45732.0,0.0,622.2,598.8,548.85,89.05472636815921,40.2534066156004,28.85732014907181,34.03854024811835,0.0,Neutral
2020-09-13,625.0,668.0,620.0,660.0,49296.0,0.0,606.6,587.2,539.65,92.38095238095238,37.1905708034991,26.00829853243966,32.88295742309963,0.0,Neutral
2020-09-10,595.0,625.0,594.0,621.0,54805.0,0.0,591.0,574.9,530.2,91.48936170212767,32.12941570072985,23.212730464674802,24.58296609896081,0.0,Neutral
2020-09-09,585.0,599.0,579.0,594.0,43367.0,0.0,582.0,566.8,522.7,90.06211180124224,29.173113504821004,20.983559155661037,20.751439039801962,0.0,Neutral
2020-09-08,584.0,585.0,567.0,582.0,21918.0,0.0,576.8,559.2,516.4,85.25641025641025,27.72455159651804,18.936170568371047,23.427429317891495,0.22353297472000122,Positive
2020-09-07,600.0,600.0,560.0,576.0,27643.0,0.0,575.4,550.7,510.55,83.00653594771242,26.6942118285167,16.739075311334297,28.994443912206584,0.44706594944000244,Positive
2020-09-06,604.0,604.0,575.0,582.0,46961.0,0.8941318988800049,567.8,541.3,504.0,86.84210526315789,25.601753261671092,14.250291182038696,34.58018057918666,0.8941318988800049,Strongly Positive
2020-09-03,568.0,589.0,559.0,576.0,31682.0,0.0,558.8,529.6,496.85,85.71428571428571,23.224080643454727,11.412425662130596,38.81351425585038,0.0,Neutral
2020-09-02,586.0,620.0,554.0,568.0,67618.0,0.0,551.6,518.5,489.95,84.89208633093526,20.462410055935607,8.459511916799563,39.92562529949546,0.0,Neutral
2020-08-31,547.0,588.0,547.0,575.0,64539.0,0.0,541.6,508.9,484.25,89.62962962962963,17.454424541597632,5.458787382015553,38.20543882166076,0.0,Neutral
2020-08-30,530.0,544.0,519.0,538.0,17976.0,0.0,526.0,498.9,478.2,86.13861386138613,12.648531400873878,2.4598780921200323,31.47644622041572,0.0,Neutral
2020-08-27,550.0,550.0,530.0,537.0,28373.0,0.0,514.8,492.1,474.95,88.33333333333333,10.097758244519241,-0.08728523506842922,29.365323465309277,0.0,Neutral
2020-08-26,524.0,553.0,524.0,540.0,51131.0,0.0,500.4,485.5,471.7,91.0569105691057,6.796985841397259,-2.6335461049653466,25.286140252891034,0.0,Neutral
2020-08-25,510.0,520.0,492.0,518.0,40305.0,0.0,485.4,478.6,468.7,89.2156862745098,2.1796801800829826,-4.991179091555998,16.727887560064886,0.0,Neutral
2020-08-24,490.0,500.0,485.0,497.0,23465.0,0.0,476.2,473.6,467.1,72.16494845360825,-1.5053853029774587,-6.7838939094657436,9.59397959370196,0.0,Neutral
2020-08-23,465.0,482.0,463.0,482.0,17128.0,0.0,471.8,470.4,466.55,67.07317073170731,-4.04879055149496,-8.103521061087815,5.295700562187483,0.0,Neutral
2020-08-20,473.0,473.0,463.0,465.0,2395.0,0.0,469.4,466.7,465.95,45.23809523809524,-5.708936297035564,-9.117203688486027,8.340663442829682,0.20876869559288025,Positive
2020-08-19,465.0,468.0,455.0,465.0,6437.0,0.0,470.6,464.1,466.2,45.88235294117647,-6.0139377933868445,-9.969270536348642,12.12389742981868,0.4175373911857605,Positive
2020-08-18,484.0,484.0,466.0,472.0,8471.0,0.835074782371521,471.8,461.4,466.9,45.348837209302324,-6.315755153553255,-10.95810372208909,14.645439183880757,1.00625279545784,Strongly Positive
2020-08-17,479.0,479.0,468.0,475.0,9085.0,0.0,471.0,459.6,467.45,43.82022471910112,-7.321845600113932,-12.11869086422305,14.299961149903186,0.34235602617263794,Positive
2020-08-16,471.0,480.0,460.0,470.0,9067.0,0.6847120523452759,469.0,457.5,467.65,40.476190476190474,-8.80493783408616,-13.317902180250329,13.293691068400179,0.6847120523452759,Strongly Positive
2020-08-13,474.0,474.0,464.0,471.0,7005.0,0.0,464.0,457.8,467.65,50.5050505050505,-10.060740098769486,-14.44614326679137,13.636552187242845,0.0,Neutral
2020-08-12,468.0,475.0,460.0,471.0,11885.0,0.0,457.6,457.9,467.35,50.5050505050505,-11.619080587892142,-15.54249405879684,13.747322971718217,0.0,Neutral
2020-08-11,474.0,483.0,461.0,468.0,17981.0,0.0,451.0,458.8,467.3,44.76190476190476,-13.439084912730323,-16.523347426523014,14.942854107858246,0.19317375123500824,Slightly Positive
2020-08-10,446.0,471.0,446.0,465.0,13736.0,0.0,448.2,460.6,467.95,41.50943396226415,-15.261140106793107,-17.294413054971187,17.1023065370945,0.3863475024700165,Positive
2020-08-09,444.0,445.0,431.0,445.0,5907.0,0.772695004940033,446.0,462.7,468.95,31.111111111111114,-17.059310334752638,-17.802731292015707,18.89767769388846,0.772695004940033,Strongly Positive
2020-08-06,433.0,439.0,430.0,439.0,7865.0,0.0,451.6,465.2,470.7,33.33333333333333,-17.069930366297342,-17.98858653133147,17.92453315678735,0.0,Neutral
2020-08-05,445.0,453.0,437.0,438.0,9780.0,0.0,458.2,468.3,472.45,36.08247422680412,-16.224286401231893,-18.21825057259,15.391556126652572,0.0,Neutral
2020-08-03,447.0,457.0,444.0,454.0,4660.0,0.0,466.6,472.4,475.1,40.69767441860465,-14.807129392712227,-18.716741615429527,11.354881475966666,0.0,Neutral
2020-08-02,468.0,474.0,451.0,454.0,10690.0,0.0,473.0,475.3,475.85,36.08247422680412,-14.412036201580406,-19.69414467110885,9.718824803209916,0.0,Neutral
2020-07-30,463.0,476.0,460.0,473.0,4442.0,0.0,479.4,477.8,475.5,42.6829268292683,-13.698124001967358,-21.014671788490965,6.214677966087048,0.0,Neutral
2020-07-29,500.0,500.0,470.0,472.0,5142.0,0.0,478.8,477.5,474.1,45.348837209302324,-14.52221244534178,-22.843808735121865,6.536223850371581,0.0,Neutral
2020-07-28,490.0,490.0,480.0,480.0,5245.0,0.0,478.4,476.8,473.2,53.57142857142858,-15.260998604770975,-24.924207807566884,7.495183638692133,0.0,Neutral
2020-07-27,489.0,498.0,485.0,486.0,12707.0,0.0,478.2,475.8,469.85,47.368421052631575,-16.796525686736686,-27.340010108265858,7.685484153038242,0.0793207585811615,Slightly Positive
2020-07-26,467.0,487.0,467.0,486.0,12198.0,0.0,477.6,475.3,464.75,57.26495726495726,-19.12301260682034,-29.975881213648147,7.087547765854283,0.158641517162323,Slightly Positive
2020-07-23,469.0,480.0,465.0,470.0,6670.0,0.317283034324646,476.2,475.2,459.65,59.34959349593496,-21.81430300144615,-32.6890983653551,6.9249949859539806,0.317283034324646,Positive
2020-07-22,480.0,482.0,469.0,470.0,9097.0,0.0,476.2,476.2,455.7,60.0,-23.302978334202066,-35.40779720633234,6.811754546365968,0.0,Neutral
2020-07-21,507.0,507.0,471.0,479.0,11349.0,0.0,475.2,476.6,452.35,60.0,-24.86411698314936,-38.43400192436491,6.51835016617153,0.23128463327884674,Positive
2020-07-20,488.0,524.0,480.0,483.0,24882.0,0.0,473.4,477.8,448.2,71.60493827160494,-27.411401338959934,-41.826473159668794,7.955431408090614,0.4625692665576935,Positive
2020-07-19,479.0,479.0,479.0,479.0,10.0,0.925138533115387,473.0,476.4,443.95,75.40106951871658,-30.671223897264156,-45.43024111484601,8.167687011085187,0.925138533115387,Strongly Positive
2020-07-16,467.0,481.0,466.0,470.0,7209.0,0.0,474.2,473.2,439.85,74.15730337078652,-33.978543251357735,-49.11999541924147,12.272824541324796,0.0,Neutral
2020-07-15,472.0,479.0,465.0,465.0,4269.0,0.0,476.2,470.7,437.45,70.55555555555556,-36.789288416017484,-52.905358461212394,15.195394038981314,0.0,Neutral
2020-07-14,477.0,479.0,470.0,470.0,5254.0,0.0,478.0,469.6,435.2,67.91443850267379,-39.3326135037683,-56.93437597251112,16.029140130812895,0.0,Neutral
2020-07-13,485.0,494.0,477.0,481.0,5197.0,0.0,482.2,463.9,434.7,73.22404371584699,-42.51580132844276,-61.334816589696814,24.015966910922824,0.0,Neutral
2020-07-12,485.0,493.0,481.0,485.0,9556.0,0.0,479.8,454.2,434.85,74.03314917127072,-47.080294859886294,-66.03957040501032,33.897885873111456,0.0,Neutral
2020-07-09,480.0,484.0,465.0,480.0,5394.0,0.0,472.2,444.1,433.25,73.44632768361582,-52.62871686023942,-70.77938929129132,38.44317595851762,0.0,Neutral
2020-07-08,500.0,500.0,470.0,474.0,8660.0,0.0,465.2,435.2,433.95,63.26530612244898,-58.43592142272303,-75.3170573990543,39.496272679270355,0.0,Neutral
2020-07-07,477.0,491.0,463.0,491.0,25223.0,0.0,461.2,428.1,452.25,69.61325966850829,-64.38714002541707,-79.53734139313713,38.103513982013034,0.0,Neutral
2020-07-06,451.0,469.0,440.0,469.0,12913.0,0.0,445.6,418.6,472.45,52.26130653266331,-72.77742791430421,-83.32489173506713,32.03886528715591,0.0,Neutral
2020-07-05,445.0,486.0,430.0,447.0,13807.0,0.0,428.6,411.5,494.0,40.79601990049751,-80.18790550463945,-85.96175769025785,27.1180546663747,0.0,Neutral
2020-07-02,463.0,490.0,445.0,445.0,9664.0,0.0,416.0,406.5,520.0,48.26086956521739,-86.24000009441784,-87.40522073666244,24.309348910327,0.0,Neutral
2020-07-01,421.0,454.0,421.0,454.0,1366.0,0.0,405.2,404.2,548.2,42.36641221374046,-92.5066371876344,-87.69652589722358,21.143951065641133,0.0,Neutral
2020-06-30,390.0,413.0,390.0,413.0,1826.0,0.0,395.0,400.8,576.8,12.345679012345684,-100.07595744570165,-86.49399807462086,13.65283853268405,0.0,Neutral
2020-06-29,377.0,377.0,346.0,384.0,7755.0,0.0,391.6,405.5,602.9,6.913996627318724,-104.10696683042448,-83.09850823185066,23.124061542509963,0.0,Neutral
2020-05-13,384.0,384.0,384.0,384.0,10.0,0.0,394.4,415.5,626.2,6.856187290969899,-104.78499020030097,-77.8463935822072,32.51068200521271,0.0,Neutral
2020-05-12,395.0,395.0,391.0,391.0,30.0,0.0,397.0,422.4,649.65,6.231003039513681,-104.12624926221167,-71.11174442768375,32.40438927744351,0.0,Neutral
2020-03-22,389.0,415.0,389.0,403.0,550.0,0.0,403.2,432.7,671.6,5.959302325581405,-102.48361993014544,-62.85811821905176,37.312643076215274,0.0,Neutral
2020-03-19,397.0,409.0,380.0,396.0,26489.0,0.0,406.6,476.4,692.35,4.8710601719197655,-100.11817492914247,-52.951742791278335,132.68358351104803,0.0,Neutral
2020-03-18,390.0,415.0,363.0,398.0,17896.0,0.0,419.4,526.3,713.2,15.88310038119441,-94.93001531071116,-41.1601347568123,183.27456633877716,0.0,Neutral
2020-03-17,430.0,430.0,385.0,397.0,18184.0,0.0,436.6,576.5,734.5,23.995407577497133,-87.13087317503027,-27.71766461833758,210.8966308144568,0.2153269350528717,Positive
2020-03-16,415.0,438.0,412.0,422.0,16245.0,0.0,447.8,633.5,755.65,24.61719670200236,-75.80715542112455,-12.864362479164402,232.8749068109806,0.4306538701057434,Positive
2020-03-15,451.0,451.0,415.0,420.0,19356.0,0.8613077402114868,462.2,692.2,774.25,26.436781609195407,-62.796778863650275,2.871335756325635,247.18135492432106,0.8613077402114868,Strongly Positive
2020-03-12,497.0,498.0,451.0,460.0,30657.0,0.0,546.2,752.8,791.75,28.741092636579566,-45.07376327409372,19.288364411319613,247.3175197101022,0.0,Neutral
2020-03-11,458.0,484.0,437.0,484.0,21839.0,0.0,633.2,800.3,807.1,30.01215066828675,-25.869859546709222,35.378896332672944,229.82991295497274,0.0,Neutral
2020-03-10,490.0,490.0,453.0,453.0,7401.0,0.0,716.4,836.9,820.9,26.89912826899129,-3.426042650349814,50.69108530251848,201.2253849680929,0.21001611649990082,Positive
2020-03-05,475.0,507.0,458.0,494.0,71907.0,0.0,819.2,876.9,836.2,28.720626631853776,28.426626081371978,64.22036729073555,149.55671536615444,0.42003223299980164,Positive
2020-03-04,912.0,930.0,833.0,840.0,115970.0,0.8400644659996033,922.2,910.5,850.0,55.15695067264574,64.49419051958614,73.16880259307644,71.1824728739205,0.8400644659996033,Strongly Positive
2020-03-03,885.0,950.0,810.0,895.0,78635.0,0.0,959.4,908.3,846.3,65.06024096385542,74.36232999498554,75.337455611449,73.8918879926145,0.0,Neutral
2020-03-02,950.0,960.0,900.0,900.0,38348.0,0.0,967.4,900.1,838.35,66.10169491525424,80.27603048911362,75.58123701556487,79.84213590998553,0.0,Neutral
2020-03-01,1025.0,1025.0,967.0,967.0,63597.0,0.0,957.4,892.5,830.0,79.32011331444758,86.14732049450458,74.40753864717767,83.39098006114003,0.0,Neutral
2020-02-27,1077.0,1077.0,980.0,1009.0,78358.0,0.0,934.6,877.8,818.35,90.06410256410257,85.56635143964729,71.47259318534594,81.73915150581584,0.20237578451633453,Positive
2020-02-26,953.0,1028.0,953.0,1026.0,101996.0,0.0,898.8,856.3,804.95,91.83006535947712,79.30385855232532,67.94915362177059,70.96016096688456,0.47973423451185226,Positive
2020-02-25,859.0,935.0,844.0,935.0,86981.0,0.8095031380653381,857.2,830.7,788.2,88.58447488584474,68.42622059720065,65.11047738913192,43.98749822394536,0.9594684690237045,Strongly Positive
2020-02-24,869.0,870.0,840.0,850.0,25928.0,0.2999306619167328,832.8,813.9,776.4,84.7560975609756,62.81256312579126,64.28154158711473,29.38423613665744,0.2999306619167328,Positive
2020-02-23,845.0,857.0,831.0,853.0,31502.0,0.0,827.6,804.9,768.05,86.58536585365853,63.38840303499899,64.64878620244559,30.845312988115367,0.0,Neutral
2020-02-20,818.0,835.0,818.0,830.0,26177.0,0.0,821.0,795.5,757.6,83.80281690140845,62.89591647496968,64.96388199430724,28.814541082224363,0.21550782024860382,Positive
2020-02-19,825.0,825.0,801.0,818.0,14769.0,0.0,813.8,789.5,749.75,78.10218978102189,63.694293025987236,65.48087337414164,27.02365219172207,0.43101564049720764,Positive
2020-02-18,820.0,824.0,800.0,813.0,29995.0,0.8620312809944153,804.2,784.3,743.6,83.51648351648352,65.00866756163532,65.92751846118023,25.91031540614288,0.8620312809944153,Strongly Positive
2020-02-17,834.0,854.0,820.0,824.0,42690.0,0.0,795.0,776.6,737.05,84.91620111731844,66.24979771351127,66.15723118606644,27.805674880442588,0.0,Neutral
2020-02-16,797.0,822.0,791.0,820.0,44000.0,0.0,782.2,767.5,726.9,85.86387434554973,65.75029768607305,66.13408955420523,25.35196683146091,-0.19837692379951477,Slightly Negative
2020-02-13,779.0,806.0,771.0,794.0,56337.0,0.0,770.0,758.9,716.55,86.76470588235294,64.56365877561791,66.23003752123827,19.467636962151186,-0.39675384759902954,Negative
2020-02-12,774.0,776.0,767.0,770.0,36517.0,-0.7935076951980591,765.2,753.6,704.75,73.20574162679426,64.7572409840825,66.64663220764335,15.699964614294107,-0.7935076951980591,Strongly Negative
2020-02-11,774.0,780.0,765.0,767.0,23324.0,0.0,764.4,745.7,693.5,65.78947368421052,66.506035134027,67.11898001353356,24.138719472642567,0.0,Neutral
2020-02-10,770.0,776.0,755.0,760.0,14031.0,0.0,758.2,738.9,681.65,66.66666666666666,68.0762264289159,67.27221623341019,26.892584686344865,0.0,Neutral
2020-02-09,780.0,780.0,754.0,759.0,25613.0,0.0,752.8,731.2,670.75,73.46938775510205,69.80288911542618,67.07121368453376,30.904152903254666,0.1933763325214386,Slightly Positive
2020-02-06,780.0,794.0,761.0,770.0,59323.0,0.0,747.8,719.7,659.2,76.97594501718213,71.09324201180209,66.38829482681065,39.586894576655496,0.3867526650428772,Positive
2020-02-05,750.0,795.0,750.0,766.0,77368.0,0.7735053300857544,742.0,710.0,644.95,80.4093567251462,70.5861180066413,65.21205803056279,37.73297997480107,0.7735053300857544,Strongly Positive
2020-02-04,733.0,749.0,725.0,736.0,35212.0,0.0,727.0,702.9,630.8,79.38461538461539,69.31940892359398,63.86854303654315,32.31597472184838,0.0,Neutral
2020-02-03,747.0,748.0,720.0,733.0,27613.0,0.0,719.6,697.5,618.2,80.1186943620178,69.74889065507023,62.505826564780435,30.638574089260636,0.0,Neutral
2020-02-02,750.0,753.0,729.0,734.0,55543.0,0.0,709.6,686.3,604.6,77.58620689655173,69.58799074644435,60.69506054220798,36.18793537447938,0.0,Neutral
2020-01-30,698.0,758.0,695.0,741.0,77319.0,0.0,691.6,674.2,590.95,80.0,68.26861681585001,58.471827991148885,38.61433239960819,0.0,Neutral
2020-01-29,698.0,705.0,691.0,691.0,37334.0,0.0,678.0,655.9,576.8,79.59770114942529,64.87889057256996,56.0226307849736,46.080726267432006,0.0,Neutral
2020-01-28,696.0,706.0,685.0,699.0,61050.0,0.0,678.8,641.3,565.25,81.57894736842105,64.69958339554614,53.80856583807451,55.823232917253385,0.0,Neutral
2020-01-27,640.0,686.0,639.0,683.0,38032.0,0.0,675.4,624.4,553.6,80.42813455657492,62.71509193111865,51.08581144870659,61.68774414564273,0.0,Neutral
2020-01-26,673.0,680.0,643.0,644.0,41103.0,0.0,663.0,610.3,542.8,79.42122186495178,60.89903057934225,48.178491328103576,62.90742757771036,0.0,Neutral
2020-01-23,704.0,704.0,665.0,673.0,36601.0,0.0,656.8,598.7,533.2,87.58865248226951,61.666180918284454,44.9983565152939,66.59003929518065,0.0,Neutral
2020-01-22,695.0,714.0,672.0,695.0,39526.0,0.0,633.8,579.9,521.95,95.05703422053232,58.79565381026839,40.83140041454626,69.74628624123808,0.0,Neutral
2020-01-21,633.0,683.0,620.0,682.0,59270.0,0.0,603.8,558.7,509.8,94.04761904761905,52.03660788243309,36.34033706561572,62.741179105558096,0.0,Neutral
2020-01-20,622.0,650.0,606.0,621.0,36299.0,0.0,573.4,538.9,498.45,89.34010152284264,43.97634769261515,32.41626936141137,49.31181963338628,0.0,Neutral
2020-01-19,569.0,613.0,558.0,613.0,35255.0,0.0,557.6,522.9,490.35,88.42105263157895,39.25977781117308,29.526249778610428,45.52520669304454,0.0,Neutral
2020-01-16,545.0,560.0,540.0,558.0,16312.0,0.0,540.6,507.7,481.9,85.33333333333333,33.48321366706085,27.09286777046976,36.60009107456662,0.0,Neutral
2020-01-15,540.0,550.0,532.0,545.0,10279.0,0.0,526.0,497.7,476.55,84.39716312056737,31.22318868796401,25.49528129632198,34.95409688275099,0.0,Neutral
2020-01-14,542.0,551.0,522.0,530.0,16999.0,0.0,513.6,489.2,472.0,80.0,29.208055879182723,24.06330444841147,32.41673093395222,0.0,Neutral
2020-01-13,538.0,566.0,530.0,542.0,34909.0,0.0,504.4,482.8,467.95,85.9504132231405,27.73844191773196,22.777116590718656,29.667790240891815,0.0,Neutral
2020-01-12,493.0,528.0,493.0,528.0,30634.0,0.0,488.2,475.3,462.4,81.08108108108108,24.23739366994971,21.536785258965327,21.354416665197192,0.0,Neutral
2020-01-09,492.0,500.0,478.0,485.0,13039.0,0.0,474.8,467.7,458.05,74.6987951807229,20.841693634853755,20.86163315621923,11.981930840493494,0.0,Neutral
2020-01-08,485.0,497.0,479.0,483.0,16704.0,0.0,469.4,464.0,457.0,68.18181818181819,20.58257550082442,20.866618036560595,11.75679472568549,0.0,Neutral
2020-01-07,462.0,490.0,462.0,484.0,21264.0,0.0,464.8,460.9,454.6,66.66666666666666,20.156099984287607,20.937628670494636,10.170217958972245,0.0,Neutral
2020-01-06,461.0,465.0,461.0,461.0,8016.0,0.0,461.2,458.0,451.05,58.33333333333334,19.216764325227416,21.13301084204639,6.218252702031351,0.0,Neutral
2020-01-05,464.0,467.0,460.0,461.0,7222.0,0.0,462.4,457.8,448.1,66.66666666666666,20.08013205747818,21.61207247125113,6.142746399859418,0.0,Neutral
2020-01-02,455.0,464.0,455.0,458.0,7971.0,0.0,460.6,456.1,444.35,58.76288659793814,20.890028587624045,21.995057574694364,7.3854210742576125,0.0,Neutral
2020-01-01,464.0,470.0,460.0,460.0,6035.0,0.0,458.6,455.4,440.45,48.30508474576271,21.92535065209927,22.271314821461942,7.51590905270476,0.0,Neutral
2019-12-31,472.0,474.0,462.0,466.0,8672.0,0.0,457.0,454.8,435.5,60.99290780141844,22.724247532180755,22.357805863802607,7.345444544422957,0.0,Neutral
2019-12-30,457.0,471.0,448.0,467.0,19647.0,0.0,454.8,453.1,430.1,66.66666666666666,22.802486858653026,22.26619544670807,6.367451958521032,0.0,Neutral
2019-12-29,449.0,452.0,441.0,452.0,5474.0,0.0,453.2,449.5,424.45,65.82278481012659,22.468857971951763,22.13212259372183,7.677528537495333,0.0,Neutral
2019-12-26,460.0,460.0,448.0,448.0,6975.0,0.0,451.6,448.4,419.75,68.23529411764706,23.24347916787923,22.04793874916435,8.058122196451146,0.0,Neutral
2019-12-25,459.0,467.0,447.0,452.0,11135.0,0.0,452.2,450.0,415.25,70.93023255813952,24.30136325187567,21.749053644485628,9.439868172317045,0.0,Neutral
2019-12-24,467.0,474.0,447.0,455.0,10398.0,0.0,452.6,448.3,410.35,75.0,24.89086092633113,21.110976242638117,10.509783801542277,0.0,Neutral
2019-12-23,450.0,465.0,448.0,459.0,13737.0,0.0,451.4,444.1,405.1,77.00534759358288,24.97577089007126,20.16600507171486,14.977390367544226,0.0,Neutral
2019-12-22,442.0,450.0,437.0,444.0,3990.0,0.0,445.8,438.4,399.45,75.56818181818181,24.313590212662177,18.963563617125757,18.986544943418366,0.0,Neutral
2019-12-19,462.0,462.0,442.0,451.0,8358.0,0.0,445.2,432.6,394.55,76.878612716763,24.642027381312175,17.62605696824165,24.99422155440413,0.0,Neutral
2019-12-18,446.0,458.0,445.0,454.0,18561.0,0.0,447.8,425.5,389.4,78.23529411764706,23.990075878297375,15.872064364974019,28.956864471131794,0.0,Neutral
2019-12-17,434.0,459.0,427.0,449.0,9016.0,0.0,444.0,416.2,384.55,78.10650887573965,22.503547583492264,13.84256148664318,33.38263021392188,0.0,Neutral
2019-12-16,448.0,454.0,428.0,431.0,14233.0,0.0,436.8,407.1,379.85,76.12903225806451,20.787963504181107,11.67731496243091,35.76606088333628,0.0,Neutral
2019-12-15,464.0,464.0,420.0,441.0,19582.0,0.0,431.0,399.4,376.05,81.87919463087249,20.12861126470864,9.39965282699336,38.25121639314135,0.0,Neutral
2019-12-12,440.0,471.0,428.0,464.0,17922.0,0.0,420.0,391.1,371.8,96.82539682539682,17.976076424295286,6.71741321756454,37.212453112714805,0.0,Neutral
2019-12-11,411.0,436.0,410.0,435.0,16474.0,0.0,403.2,380.5,366.6,93.93939393939394,12.625370843632538,3.9027474158818536,28.127685057002974,0.0,Neutral
2019-12-10,409.0,413.0,395.0,413.0,9628.0,0.0,388.4,372.4,362.75,82.55813953488372,8.565010326588322,1.7220915589441819,21.593208808926725,0.0,Neutral
2019-12-09,388.0,415.0,379.0,402.0,14787.0,0.0,377.4,366.1,359.9,80.51948051948052,5.497931843719641,0.011361867033146789,17.1687700976477,0.0,Neutral
2019-12-08,373.0,386.0,361.0,386.0,12767.0,0.0,367.8,360.5,357.95,75.40983606557377,2.6232544805858993,-1.3602806271384769,12.712635883651368,0.0,Neutral
2019-12-05,360.0,385.0,360.0,380.0,15144.0,0.0,362.2,356.5,356.55,71.42857142857143,0.545055308286635,-2.356164404069571,9.74394398811978,0.0,Neutral
2019-12-04,354.0,368.0,354.0,361.0,1935.0,0.0,357.8,353.3,355.45,51.21951219512195,-1.5045015306594678,-3.081469332158622,5.498484639652093,0.0,Neutral
2019-12-03,351.0,360.0,350.0,358.0,3641.0,0.0,356.4,352.9,355.6,50.0,-2.1640522373774616,-3.4757112825334104,4.998888765320123,0.0,Neutral
2019-12-02,352.0,355.0,351.0,354.0,1252.0,0.0,354.8,352.6,355.2,47.368421052631575,-2.6689471068629587,-3.8036260438223977,4.742245131585082,0.0,Neutral
2019-12-01,353.0,358.0,347.0,358.0,2696.0,0.0,353.2,352.7,355.2,43.90243902439024,-2.867282782360917,-4.087295778062257,4.785394445513764,0.0,Neutral
2019-11-28,359.0,360.0,351.0,358.0,2628.0,0.0,350.8,352.5,354.7,50.0,-3.4859980222531135,-4.392299026987592,4.576510072489462,0.0,Neutral
2019-11-27,350.0,354.0,344.0,354.0,595.0,0.0,348.8,352.7,354.2,45.23809523809524,-4.224998229937341,-4.618874278171211,4.877385456168377,0.0,Neutral
2019-11-26,343.0,351.0,343.0,350.0,1194.0,0.0,349.4,353.1,354.5,34.09090909090909,-4.69950397530971,-4.717343290229678,5.152130087992748,0.0,Neutral
2019-11-25,345.0,352.0,341.0,346.0,3056.0,0.0,350.4,353.7,354.65,46.2962962962963,-4.829516705216861,-4.72180311895967,5.100108931216032,0.0,Neutral
2019-11-24,346.0,346.0,340.0,346.0,2000.0,0.0,352.2,355.4,355.3,43.10344827586207,-4.51793998294977,-4.694874722395372,5.081557066627161,0.0,Neutral
2019-11-21,350.0,354.0,348.0,348.0,1822.0,0.0,354.2,356.6,355.85,50.0,-4.0545392940496185,-4.739108407256772,3.8930136854020065,0.0,Neutral
2019-11-20,352.0,357.0,350.0,357.0,1004.0,0.0,356.6,357.6,356.4,58.49056603773585,-3.6077327523036047,-4.910250685558561,2.45854518844393,-0.030389510095119476,Neutral
2019-11-19,353.0,356.0,352.0,355.0,988.0,0.0,356.8,358.3,356.45,46.03174603174603,-3.9013326535323927,-5.235880168872298,3.164033993226165,-0.06077902019023895,Slightly Negative
2019-11-18,358.0,360.0,355.0,355.0,1727.0,-0.1215580403804779,357.0,357.8,356.65,51.42857142857143,-4.015689870685776,-5.569517047707274,4.0221608342972885,-0.1215580403804779,Slightly Negative
2019-11-17,357.0,357.0,355.0,356.0,493.0,0.0,358.6,357.7,357.05,48.00000000000001,-4.103241229733442,-5.957973841962648,4.110960958118775,0.0,Neutral
2019-11-14,358.0,360.0,358.0,360.0,1183.0,0.0,359.0,356.9,357.45,52.05479452054795,-4.257123273758111,-6.42165699501995,5.130518708804732,0.0,Neutral
2019-11-13,357.0,361.0,355.0,358.0,1170.0,0.0,358.6,355.7,357.75,49.31506849315068,-4.7988836532403525,-6.962790425335409,5.696977756207515,0.0,Neutral
2019-11-12,368.0,368.0,356.0,356.0,811.0,0.0,359.8,355.9,358.1,48.611111111111114,-5.2169285935506196,-7.503767118359172,5.820461989992403,0.0,Neutral
2019-11-11,357.0,372.0,355.0,363.0,1181.0,0.0,358.6,355.6,358.75,53.03030303030303,-5.470986992367671,-8.07547674956131,5.8916136253388425,0.0,Neutral
2019-11-10,364.0,364.0,358.0,358.0,229.0,0.0,356.8,355.2,358.4,46.15384615384615,-6.428407174241556,-8.72659918885972,5.452828012371079,0.20963315665721893,Positive
2019-11-07,366.0,366.0,358.0,358.0,2523.0,0.0,354.8,355.1,358.05,45.45454545454545,-7.047828465662576,-9.301147192514259,5.404730438262028,0.41926631331443787,Positive
2019-11-06,355.0,367.0,355.0,364.0,5069.0,0.8385326266288757,352.8,355.2,357.85,48.38709677419355,-7.735921409030311,-9.86447687422718,5.473166867063435,0.8385326266288757,Strongly Positive
2019-11-05,355.0,355.0,350.0,350.0,531.0,0.0,352.0,354.6,357.5,34.69387755102041,-9.112564818070098,-10.396615740526395,4.671426144271663,0.0,Neutral
2019-11-04,346.0,354.0,346.0,354.0,1988.0,0.0,352.6,355.5,358.0,34.69387755102041,-9.311661462799918,-10.717628471140468,4.552166761157708,0.0,Neutral
2019-11-03,348.0,354.0,347.0,348.0,2374.0,0.0,353.6,356.4,358.2,42.857142857142854,-9.837611558977926,-11.069120223225605,5.0815570666276315,0.0,Neutral
2019-10-31,356.0,356.0,348.0,348.0,1692.0,0.0,355.4,358.0,359.25,47.540983606557376,-9.754913513605516,-11.376997389287524,4.642796092306217,0.0,Neutral
2019-10-24,360.0,360.0,354.0,360.0,1758.0,0.0,357.6,359.8,361.1,55.769230769230774,-9.507471084586825,-11.782518358208025,3.735713526856951,0.0,Neutral
2019-10-23,352.0,366.0,352.0,353.0,1072.0,0.0,357.2,360.3,362.3,45.833333333333336,-10.275172259408862,-12.351280176613322,4.083843505445145,0.0,Neutral
2019-10-22,358.0,359.0,352.0,359.0,1808.0,0.0,358.4,361.9,363.05,48.88888888888889,-10.39285379877225,-12.870307155914437,4.040077006867334,0.0,Neutral
2019-10-21,355.0,360.0,355.0,357.0,547.0,0.0,359.2,361.6,362.6,48.88888888888889,-11.002798544668451,-13.489670495199983,4.376706016486617,0.0,Neutral
2019-10-20,356.0,359.0,355.0,359.0,644.0,0.0,360.6,361.0,362.85,40.74074074074074,-11.417632768780777,-14.111388482832865,5.374838498790529,0.0,Neutral
2019-10-17,359.0,360.0,352.0,358.0,1472.0,0.0,362.0,360.5,363.8,30.434782608695656,-11.98467379273825,-14.784827411345885,5.797509043572148,0.0,Neutral
2019-10-16,356.0,359.0,348.0,359.0,3964.0,0.0,363.4,360.4,365.15,31.8840579710145,-12.432283626331412,-15.484865815997795,5.853773711534803,0.0,Neutral
2019-10-15,360.0,363.0,346.0,363.0,3501.0,0.0,365.4,360.5,366.35,46.91358024691358,-12.924581506643676,-16.24801136341439,5.8357137999344415,0.0,Neutral
2019-10-14,369.0,369.0,357.0,364.0,613.0,0.0,364.0,360.0,367.35,57.14285714285714,-13.772211433782104,-17.078868827607064,5.811865257984332,0.0,Neutral
2019-10-03,361.0,366.0,361.0,366.0,275.0,0.0,361.4,360.5,368.3,51.85185185185185,-14.755590556292702,-17.9055331760633,6.381396572962062,0.0,Neutral
2019-10-02,370.0,370.0,365.0,365.0,2821.0,0.0,359.0,362.4,369.5,44.71544715447155,-15.999749500932978,-18.69301883100595,10.002221975323405,0.0,Neutral
2019-10-01,353.0,371.0,352.0,369.0,1666.0,0.0,357.4,364.3,371.0,43.650793650793645,-17.25320692480574,-19.366336163524192,12.1293949651839,0.0,Neutral
2019-09-30,351.0,362.0,351.0,356.0,1114.0,0.0,355.6,364.2,371.55,38.26086956521739,-19.009391390551627,-19.894618473203806,12.090400232291056,0.0,Neutral
2019-09-29,350.0,351.0,348.0,351.0,1752.0,0.0,356.0,363.6,372.75,35.45454545454547,-19.6507847793319,-20.11592524386685,12.677188612240268,0.0,Neutral
2019-09-26,361.0,364.0,345.0,354.0,858.0,0.0,359.6,364.7,375.2,36.44859813084113,-19.67451547149392,-20.232210360000586,11.916841490525881,0.0,Neutral
2019-09-25,354.0,357.0,348.0,357.0,2175.0,0.0,365.8,367.1,378.5,35.13513513513513,-19.724084238995317,-20.371634082127255,11.93919781407707,0.0,Neutral
2019-09-24,356.0,360.0,354.0,360.0,2451.0,0.0,371.2,369.9,382.05,34.51327433628319,-19.80591078603902,-20.533521542910236,12.573782247169309,0.0,Neutral
2019-09-23,376.0,376.0,358.0,358.0,1816.0,0.0,372.8,372.2,385.85,41.269841269841265,-19.92771978555976,-20.715424232128036,12.664912159160036,0.0,Neutral
2019-09-22,380.0,380.0,367.0,369.0,1925.0,0.0,371.2,374.7,390.1,45.21739130434783,-19.589698257158034,-20.912350343770107,12.000462954001456,0.0,Neutral
2019-09-19,384.0,392.0,380.0,385.0,4013.0,0.0,369.8,376.1,394.15,43.69747899159664,-19.993318804439355,-21.243013365423128,12.077987323102878,0.0,Neutral
2019-09-18,375.0,384.0,365.0,384.0,3506.0,0.0,368.4,376.6,397.9,36.95652173913044,-21.846764393086573,-21.55543700566907,12.580408048466662,0.0,Neutral
2019-09-17,354.0,371.0,350.0,368.0,2581.0,0.0,368.6,377.7,401.35,26.92307692307692,-23.79284564415144,-21.48260515881469,13.727911551099757,0.0,Neutral
2019-09-16,360.0,360.0,339.0,350.0,6009.0,0.0,371.6,378.9,405.7,14.166666666666657,-24.301584322504766,-20.905045037480498,13.30371710794229,0.0,Neutral
2019-09-15,377.0,377.0,360.0,362.0,2865.0,0.0,378.2,381.9,411.0,14.782608695652186,-22.764715009093834,-20.055910216224433,8.62103370956767,0.0,Neutral
2019-09-12,385.0,387.0,378.0,378.0,5940.0,0.0,382.4,385.7,415.35,16.037735849056602,-21.693805958026076,-19.37870901800708,7.118832613362466,0.2169024497270584,Positive
2019-09-11,390.0,390.0,380.0,385.0,2015.0,0.0,384.8,389.9,419.8,15.596330275229349,-21.64048122800108,-18.79993478300233,12.458375139255667,0.4338048994541168,Positive
2019-09-10,390.0,394.0,380.0,383.0,6888.0,0.8676097989082336,386.8,394.2,423.55,19.298245614035082,-21.970376118361855,-18.08979817175264,17.125679224142292,0.8676097989082336,Strongly Positive
2019-09-09,383.0,385.0,380.0,383.0,2788.0,0.0,386.2,399.5,427.6,18.965517241379317,-21.868236489428,-17.119653685100335,21.030401274752922,0.0,Neutral
2019-09-08,383.0,392.0,380.0,383.0,1935.0,0.0,385.6,405.5,432.15,18.803418803418808,-21.419785741378917,-15.932507984018416,24.130432606506528,0.0,Neutral
2019-09-05,390.0,402.0,390.0,390.0,2617.0,0.0,389.0,412.2,436.75,24.786324786324784,-20.53583899399439,-14.560688544678289,26.3851810260453,0.0,Neutral
2019-09-04,380.0,397.0,373.0,395.0,5115.0,0.0,395.0,419.2,441.25,22.307692307692307,-19.8216256692383,-13.066900932349263,28.99731788362289,0.0,Neutral
2019-09-03,380.0,399.0,374.0,380.0,6379.0,0.0,401.6,425.0,445.75,17.213114754098356,-19.130806106815214,-11.378219748127002,29.41654863053768,0.0,Neutral
2019-09-02,394.0,395.0,380.0,380.0,3470.0,0.0,412.8,432.5,450.4,16.666666666666657,-16.443530140132395,-9.440073158454949,26.035232538481747,0.0,Neutral
2019-09-01,414.0,415.0,397.0,400.0,3798.0,0.0,425.4,440.1,454.45,18.103448275862064,-12.774410195164364,-7.6892089130355865,19.203298327792094,0.0,Neutral
2019-08-29,423.0,425.0,416.0,420.0,5134.0,0.0,435.4,445.0,457.5,21.64948453608247,-9.941832953475625,-6.417908592503391,13.12334645666866,0.0,Neutral
2019-08-28,431.0,438.0,428.0,428.0,3460.0,0.0,443.4,449.7,459.1,22.340425531914903,-8.218189522033242,-5.536927502260332,11.489608831925722,0.0,Neutral
2019-08-27,442.0,448.0,436.0,436.0,2708.0,0.0,448.4,452.9,460.1,23.07692307692308,-6.713201876489904,-4.866611997317105,8.94986033408159,0.0,Neutral
2019-08-26,451.0,459.0,443.0,443.0,410.0,0.0,452.2,455.7,460.9,34.375,-5.5091892543383665,-4.404964527523905,7.303728119530642,0.22407659888267517,Positive
2019-08-25,455.0,455.0,445.0,450.0,201.0,0.0,454.8,458.8,461.1,44.554455445544555,-4.605024936547409,-4.12890834582029,7.871185142984877,0.44815319776535034,Positive
2019-08-22,460.0,460.0,460.0,460.0,16.0,0.8963063955307007,454.6,461.3,460.85,49.45054945054945,-4.096727571853421,-4.00987919813851,8.692908987575258,0.8963063955307007,Strongly Positive
2019-08-21,446.0,454.0,446.0,453.0,1971.0,0.0,456.0,463.3,460.35,50.53763440860215,-4.406548352598804,-3.988167104709782,10.478019320868645,0.0,Neutral
2019-08-20,465.0,465.0,455.0,455.0,497.0,0.0,457.4,466.5,460.95,53.684210526315795,-4.02516980943966,-3.883571792737526,11.787469806708497,-0.22588759660720825,Negative
2019-08-19,453.0,457.0,453.0,456.0,3016.0,0.0,459.2,468.3,461.25,52.0408163265306,-3.683480544397412,-3.8481722885619924,11.195733314261789,-0.4517751932144165,Negative
2019-08-18,468.0,470.0,442.0,449.0,2953.0,-0.903550386428833,462.8,468.8,461.7,51.04166666666667,-3.2956010745522804,-3.889345224603137,10.685400216061467,-0.903550386428833,Strongly Negative
2019-08-15,460.0,467.0,460.0,467.0,180.0,0.0,468.0,470.0,462.25,63.75,-2.0398625355928743,-4.037781262115851,8.70504323811266,0.0,Neutral
2019-08-14,460.0,465.0,452.0,460.0,2321.0,0.0,470.6,468.5,462.25,56.41025641025641,-2.2401400726215,-4.5372609437465945,10.405660852507411,0.0,Neutral
2019-08-13,475.0,475.0,464.0,464.0,782.0,0.0,475.6,467.3,462.4,49.438202247191015,-1.7504559097362176,-5.111541161527868,12.055888372246462,0.0,Neutral
2019-08-12,475.0,480.0,468.0,474.0,1543.0,0.0,477.4,466.1,462.45,57.83132530120482,-1.5072524013301631,-5.951812474475781,12.982466808895103,0.0,Neutral
2019-08-11,480.0,480.0,475.0,475.0,733.0,0.0,474.8,463.4,461.7,55.81395348837209,-2.1930944338543554,-7.062952492762185,13.929983648377084,0.0,Neutral
2019-08-08,489.0,506.0,476.0,480.0,4482.0,0.0,472.0,460.4,460.85,61.627906976744185,-3.1383968908746738,-8.280417007489142,14.37745148177202,0.0,Neutral
2019-08-07,464.0,488.0,464.0,485.0,1884.0,0.0,466.4,457.4,460.15,60.22727272727273,-4.808388072149683,-9.565922036642759,12.885823390223484,0.14991040527820587,Slightly Positive
2019-08-06,470.0,481.0,462.0,473.0,5540.0,0.0,459.0,455.4,460.05,56.25,-7.3790548079275595,-10.755305527766028,9.1311432897177,0.29982081055641174,Positive
2019-08-05,468.0,468.0,459.0,461.0,1243.0,0.5996416211128235,454.8,454.2,460.4,47.142857142857146,-9.331010462568713,-11.599368207725643,7.130529043767985,0.5996416211128235,Positive
2019-08-04,452.0,470.0,452.0,461.0,1835.0,0.0,452.0,454.6,461.1,51.315789473684205,-10.464873709582491,-12.166457644014873,7.647802879812263,0.0,Neutral
2019-08-01,456.0,456.0,452.0,452.0,472.0,0.0,448.8,454.5,461.85,45.58823529411765,-11.759879181813403,-12.591853627622967,7.560864148114429,0.0,Neutral
2019-07-31,445.0,448.0,445.0,448.0,109.0,0.0,448.4,456.0,463.05,37.5,-12.325360650998107,-12.799847239075358,8.445906306188476,0.0,Neutral
2019-07-30,445.0,454.0,444.0,452.0,1570.0,0.0,451.8,457.5,464.75,31.764705882352942,-12.46056993492482,-12.91846888609467,8.195527235404269,0.2172936201095581,Positive
2019-07-29,446.0,450.0,445.0,447.0,2316.0,0.0,453.6,458.8,465.95,30.12048192771084,-12.859174221901469,-13.032943623887132,8.256983576183801,0.4345872402191162,Positive
2019-07-28,450.0,455.0,445.0,445.0,478.0,0.8691744804382324,457.2,460.0,466.65,32.55813953488372,-12.671804795869434,-13.076385974383546,7.149203529814121,1.1008362919092178,Strongly Positive
2019-07-25,466.0,466.0,450.0,450.0,2413.0,0.0,460.2,461.3,467.7,34.14634146341464,-12.044699749612278,-13.177531269012075,4.967673276029526,0.4633236229419708,Positive
2019-07-24,470.0,478.0,462.0,465.0,764.0,0.9266472458839417,463.6,462.9,469.05,41.791044776119406,-11.578180948758757,-13.460739148862023,3.1780497163521226,0.9266472458839417,Strongly Positive
2019-07-23,465.0,465.0,458.0,461.0,1943.0,0.0,463.2,464.7,469.55,34.78260869565217,-12.34159613823283,-13.931378698887839,7.134423592667614,0.0,Neutral
2019-07-22,465.0,465.0,465.0,465.0,200.0,0.0,464.0,466.6,470.9,42.25352112676056,-12.72920467260542,-14.328824339051591,8.44853701994593,0.18984784185886383,Slightly Positive
2019-07-21,476.0,476.0,460.0,460.0,50.0,0.0,462.8,467.6,472.4,49.382716049382715,-13.44605477033042,-14.728729255663133,8.821690440150626,0.37969568371772766,Positive
2019-07-18,469.0,472.0,467.0,467.0,500.0,0.7593913674354553,462.4,469.2,474.1,50.63291139240506,-13.65634628022184,-15.04939787699631,8.74070935334361,0.7593913674354553,Strongly Positive
2019-07-17,457.0,474.0,457.0,463.0,1223.0,0.0,462.2,470.1,475.5,41.860465116279066,-14.43884422513463,-15.397660776189927,8.949860334085203,0.0,Neutral
2019-07-16,481.0,481.0,463.0,465.0,124.0,0.0,466.2,472.0,477.65,44.18604651162791,-14.82030386791223,-15.63736491395375,9.285592184769946,0.0,Neutral
2019-07-15,454.0,459.0,451.0,459.0,857.0,0.0,469.2,473.1,479.4,34.40860215053765,-15.29525339206964,-15.841630175464129,9.011720763025977,0.23089516162872314,Positive
2019-07-14,467.0,467.0,458.0,458.0,3350.0,0.0,472.4,473.3,481.45,31.313131313131322,-15.068076189927808,-15.978224371312749,8.680117766717656,0.4617903232574463,Positive
2019-07-11,485.0,485.0,466.0,466.0,2829.0,0.9235806465148926,476.0,474.1,483.7,34.78260869565217,-14.45712527097686,-16.205761416658984,7.385421074257739,0.9235806465148926,Strongly Positive
2019-07-10,472.0,483.0,472.0,483.0,256.0,0.0,478.0,475.2,485.8,42.10526315789474,-14.281589730483404,-16.642920453079512,6.844300142753399,0.0,Neutral
2019-07-09,467.0,480.0,467.0,480.0,474.0,0.0,477.8,474.4,487.4,34.52380952380953,-15.5807194263557,-17.233253133728535,6.275171533705247,0.0,Neutral
2019-07-08,473.0,475.0,461.0,475.0,1229.0,0.0,477.0,475.2,489.55,35.294117647058826,-16.70679813743118,-17.64638656057174,7.465476095533563,0.0,Neutral
2019-07-07,475.0,476.0,473.0,476.0,1010.0,0.0,474.2,477.2,491.85,35.71428571428572,-17.3919851739322,-17.881283666356882,9.738811243889124,0.1968071013689041,Slightly Positive
2019-07-04,475.0,484.0,475.0,476.0,1417.0,0.0,472.2,479.0,494.75,34.48275862068965,-18.115376843445347,-18.003608289463052,11.065461781783336,0.3936142027378082,Positive
2019-07-03,468.0,482.0,468.0,482.0,2253.0,0.7872284054756165,472.4,480.9,498.2,34.883720930232556,-18.775191274810197,-17.975666150967477,12.077987323120013,0.7872284054756165,Strongly Positive
2019-07-02,454.0,476.0,453.0,476.0,1194.0,0.0,471.0,483.3,501.35,27.58620689655173,-19.95516982139128,-17.7757848700068,14.46874025076555,0.0,Neutral
2019-07-01,466.0,469.0,460.0,461.0,1461.0,0.0,473.4,485.7,504.65,11.25,-20.560085423443695,-17.23093863216068,15.100036791703468,0.1786048710346222,Slightly Positive
2019-06-30,475.0,475.0,466.0,466.0,1527.0,0.0,480.2,489.6,509.1,14.285714285714292,-19.505849185722354,-16.398651934339924,12.88582339022795,0.3572097420692444,Positive
2019-06-27,470.0,481.0,470.0,477.0,1841.0,0.7144194841384888,485.8,493.3,512.95,13.924050632911403,-18.385629854147396,-15.621852621494314,10.43551627854198,0.7144194841384888,Strongly Positive
2019-06-26,480.0,489.0,475.0,475.0,2808.0,0.0,489.4,496.4,516.75,10.22727272727272,-17.80839529124046,-14.930908313331043,9.628660919922195,0.0,Neutral
2019-06-25,489.0,494.0,488.0,488.0,823.0,0.0,495.6,500.4,520.6,12.000000000000014,-16.608966517621297,-14.211536568853688,7.904991390800433,0.0,Neutral
2019-06-24,500.0,500.0,490.0,495.0,2577.0,0.0,498.0,503.9,523.8,16.901408450704224,-16.160110642672976,-13.612179081661786,9.409805760173638,0.20518571138381958,Positive
2019-06-23,489.0,494.0,489.0,494.0,57.0,0.0,499.0,506.5,526.55,14.102564102564102,-16.06487844384543,-12.975196191408987,10.233387621994197,0.41037142276763916,Positive
2019-06-20,500.0,500.0,495.0,495.0,1230.0,0.8207428455352783,500.8,510.5,529.7,21.42857142857143,-15.607838387249558,-12.202775628299875,12.39399496170977,0.8207428455352783,Strongly Positive
2019-06-19,500.0,506.0,500.0,506.0,307.0,0.0,503.4,515.5,533.05,21.686746987951807,-14.899284156652698,-11.351509938562453,15.211472278799398,0.0,Neutral
2019-06-18,498.0,505.0,498.0,500.0,598.0,0.0,505.2,519.4,535.5,16.666666666666657,-14.898194441866849,-10.464566384039891,17.353834030420003,0.0,Neutral
2019-06-17,494.0,502.0,494.0,500.0,633.0,0.0,509.8,523.6,538.35,16.666666666666657,-14.069193468567619,-9.35615936958315,17.2188527169702,0.2070501297712326,Positive
2019-06-16,506.0,506.0,503.0,503.0,1255.0,0.0,514.0,528.6,541.85,19.480519480519476,-12.806443957650117,-8.177900844837032,16.860209567692465,0.4141002595424652,Positive
2019-06-13,511.0,520.0,503.0,508.0,1585.0,0.8282005190849304,520.2,532.6,545.5,18.987341772151893,-11.313895397058673,-7.020765066633761,14.721111069174368,0.8282005190849304,Strongly Positive
2019-06-12,518.0,525.0,515.0,515.0,4564.0,0.0,527.6,537.1,548.85,19.480519480519476,-9.753385846673837,-5.947482484027532,13.160969231442836,0.0,Neutral
2019-06-11,520.0,530.0,520.0,523.0,1712.0,0.0,533.6,540.8,551.6,28.94736842105263,-8.332468044594748,-4.996006643365956,11.331372379367275,0.0,Neutral
2019-06-10,536.0,536.0,521.0,521.0,1009.0,0.0,537.4,543.7,554.2,26.31578947368422,-7.212206151110536,-4.161891293058757,9.8888264667142,0.0,Neutral
2019-06-06,535.0,540.0,533.0,534.0,484.0,0.0,543.2,546.6,556.4,26.31578947368422,-5.473803426683617,-3.399312578545811,5.9665735560629045,0.0,Neutral
2019-06-04,540.0,545.0,539.0,545.0,473.0,0.0,545.0,548.9,557.95,28.16901408450704,-4.498986808572454,-2.8806898665113594,4.909175083445033,0.0,Neutral
2019-06-03,552.0,552.0,545.0,545.0,820.0,0.0,546.6,550.6,558.95,29.166666666666657,-4.309326516967872,-2.4761156309960857,6.186005711813579,0.0,Neutral
2019-06-02,555.0,555.0,539.0,542.0,1507.0,0.0,548.0,551.6,560.2,31.08108108108108,-4.004569904527443,-2.017812909503139,5.985166849984158,0.0,Neutral
2019-05-30,553.0,564.0,550.0,550.0,2680.0,0.0,550.0,553.1,560.85,32.3943661971831,-3.2518868114921133,-1.521123660747063,5.130518708878714,0.0,Neutral
2019-05-29,553.0,556.0,543.0,543.0,1262.0,0.0,550.0,555.1,562.2,35.135135135135144,-3.0584347645781236,-1.0884328730608004,7.248754682314998,0.1382620632648468,Slightly Positive
2019-05-28,555.0,555.0,550.0,553.0,1426.0,0.0,552.8,558.4,563.35,40.625,-2.0543060099413424,-0.5959324001814695,8.527081042834146,0.2765241265296936,Positive
2019-05-27,559.0,560.0,552.0,552.0,1223.0,0.5530482530593872,554.6,560.6,564.85,39.682539682539684,-1.7609735847875072,-0.23133899774150135,9.731963373907087,0.5530482530593872,Positive
2019-05-26,550.0,557.0,550.0,552.0,1860.0,0.0,555.2,562.4,567.1,36.76470588235295,-1.259142400903329,0.15106964902000014,9.628660919934566,0.0,Neutral
2019-05-23,556.0,560.0,550.0,550.0,2919.0,0.0,556.2,564.7,566.65,46.91358024691358,-0.6003085276416869,0.5036226615008323,9.615381196579127,0.0,Neutral
2019-05-22,556.0,562.0,556.0,557.0,534.0,0.0,560.2,566.2,565.8,39.583333333333336,0.45297119463259605,0.7796054587864621,8.121302577513815,0.0,Neutral
2019-05-21,554.0,562.0,554.0,562.0,1314.0,0.0,564.0,567.0,564.55,48.03921568627451,1.0780231864133611,0.8612640248249287,7.48331477354653,0.0,Neutral
2019-05-20,565.0,565.0,555.0,555.0,2181.0,0.0,566.6,567.3,563.45,37.5,1.351045573211195,0.8070742344278206,7.318925239859161,0.0,Neutral
2019-05-19,565.0,566.0,557.0,557.0,1080.0,0.0,569.6,568.8,561.95,33.87096774193549,2.39259712038654,0.6710813997319768,5.9217114643195,0.2170560508966446,Positive
2019-05-16,571.0,575.0,565.0,570.0,4910.0,0.0,573.2,568.6,560.35,58.18181818181818,3.4835578643028384,0.2407024695683359,6.380525927468412,0.4341121017932892,Positive
2019-05-15,586.0,586.0,576.0,576.0,3411.0,0.8682242035865784,572.2,569.3,558.15,62.72189349112426,3.5017141903297215,-0.5700113791152898,6.912950809088485,1.0634225606918335,Strongly Positive
2019-05-14,575.0,586.0,565.0,575.0,4924.0,0.0,570.0,568.3,556.05,62.72189349112426,2.863045149144682,-1.5879427714765426,6.5498091575239314,0.39039671421051025,Positive
2019-05-13,576.0,576.0,566.0,570.0,1036.0,0.7807934284210205,568.0,569.1,553.1,58.720930232558146,2.108045098044613,-2.700689751631849,7.823753006779972,0.7807934284210205,Strongly Positive
2019-05-12,570.0,576.0,565.0,575.0,1040.0,0.0,568.0,571.8,550.3,63.73626373626374,1.6228189223053278,-3.9028734640509644,11.81148217249257,0.0,Neutral
2019-05-09,568.0,570.0,565.0,565.0,1437.0,0.0,564.0,568.6,547.55,61.627906976744185,0.470798328219189,-5.284296560640037,14.803903389158595,0.0,Neutral
2019-05-08,561.0,565.0,559.0,565.0,1934.0,0.0,566.4,565.4,544.8,61.27167630057803,0.011734976084198934,-6.723070282854843,18.632110872242258,0.0,Neutral
2019-05-07,574.0,575.0,562.0,565.0,1680.0,0.0,566.6,562.1,543.1,58.56353591160221,-0.5743674839293362,-8.406771597589604,21.42402597293161,0.0,Neutral
2019-05-06,555.0,570.0,552.0,570.0,4822.0,0.0,570.2,559.6,539.85,63.91752577319588,-1.3140929149440126,-10.36487262600467,22.480608928090163,0.0,Neutral
2019-05-05,577.0,577.0,554.0,555.0,5930.0,0.0,575.6,555.1,536.05,61.325966850828735,-2.748228386312803,-12.627567553769833,24.57392475323608,0.0,Neutral
2019-05-02,557.0,588.0,555.0,577.0,3309.0,0.0,573.2,552.1,533.15,67.27272727272728,-3.011459793240647,-15.09740234563409,26.354211133030784,0.0,Neutral
2019-04-30,591.0,592.0,566.0,566.0,5016.0,0.0,564.4,547.0,529.25,67.07317073170731,-5.543635737453997,-18.11888798373245,25.931533785033682,0.0,Neutral
2019-04-29,608.0,617.0,580.0,583.0,20023.0,0.0,557.6,543.8,525.95,65.47619047619048,-7.57497833188711,-21.262701045302062,25.292950269456888,0.0,Neutral
2019-04-28,552.0,597.0,552.0,597.0,17779.0,0.0,549.0,537.1,522.0,76.21621621621622,-11.788437740317931,-24.684631723655798,22.471957833903733,0.0,Neutral
2019-04-25,534.0,550.0,534.0,543.0,4541.0,0.0,534.6,528.8,517.25,67.88321167883211,-18.420330472674095,-27.90868021949026,9.437513796890132,0.0,Neutral
2019-04-24,531.0,535.0,525.0,533.0,4114.0,0.0,531.0,526.5,515.45,63.84615384615385,-21.11892329873342,-30.2807676561943,8.329999333055445,0.0,Neutral
2019-04-23,540.0,540.0,531.0,532.0,2834.0,0.0,529.6,524.2,514.1,62.59541984732824,-23.237942894194703,-32.571228745559516,9.437513796889107,0.0,Neutral
2019-04-22,515.0,566.0,515.0,540.0,9086.0,0.0,530.0,524.1,512.6,66.12903225806451,-25.502757826667903,-34.904550208400714,9.350579304681528,0.0,Neutral
2019-04-21,525.0,525.0,525.0,525.0,200.0,0.0,525.2,520.1,510.65,59.292035398230084,-28.837081499364103,-37.254998303833915,10.30048542544419,0.0,Neutral
2019-04-18,521.0,529.0,520.0,525.0,2328.0,0.0,523.0,517.0,509.9,60.0,-31.146169801614633,-39.359477504951364,12.978614889279207,0.0,Neutral
2019-04-17,535.0,535.0,518.0,526.0,2300.0,0.0,522.0,514.2,520.35,57.983193277310924,-33.640370946645476,-41.41280443078554,14.038043548387757,0.0,Neutral
2019-04-16,520.0,534.0,518.0,534.0,4848.0,0.0,518.8,511.5,530.85,62.50000000000001,-36.43638228526095,-43.35591280182055,14.112642086668968,0.0498138517141342,Neutral
2019-04-15,507.0,516.0,507.0,516.0,949.0,0.0,518.2,508.1,541.6,57.14285714285714,-40.289671196944596,-45.085795430960445,12.031902038597499,0.0996277034282684,Slightly Positive
2019-04-11,515.0,516.0,512.0,514.0,4106.0,0.1992554068565368,515.0,506.9,553.1,56.70103092783505,-42.789110190447104,-46.28482648946441,11.751595636326805,0.1992554068565368,Slightly Positive
2019-04-10,519.0,520.0,519.0,520.0,600.0,0.0,511.0,505.7,564.45,55.0,-45.15327981211101,-47.15875556421873,11.557104597017245,0.0,Neutral
2019-04-09,521.0,533.0,510.0,510.0,7171.0,0.0,506.4,504.4,576.05,14.331210191082803,-48.12495405922209,-47.66012450224566,10.447753612872049,0.0,Neutral
2019-04-08,500.0,540.0,500.0,531.0,7570.0,0.0,504.2,504.0,587.45,15.254237288135585,-50.19970985740065,-47.54391711300155,10.284832413680915,0.0,Neutral
2019-04-07,492.0,501.0,492.0,500.0,2146.0,0.0,498.0,501.1,596.9,5.054151624548737,-54.2558569327864,-46.87996892690177,3.9846929339021773,0.0,Neutral
2019-04-04,495.0,501.0,492.0,494.0,1713.0,0.0,498.8,501.2,607.3,4.0145985401459825,-55.48743582634734,-45.0359969254306,3.966526608135372,0.0,Neutral
2019-04-03,498.0,500.0,497.0,497.0,2394.0,0.0,500.4,502.8,617.25,5.79710144927536,-55.64137927483648,-42.42313720020141,3.9665266081361743,0.0,Neutral
2019-04-02,502.0,506.0,499.0,499.0,3796.0,0.0,502.4,526.5,626.55,5.6140350877193015,-55.33399248691046,-39.118576681542635,72.98744184218599,0.0,Neutral
2019-04-01,504.0,504.0,499.0,500.0,2100.0,0.0,503.8,550.2,635.6,10.06711409395973,-54.34043345960254,-35.06472273020068,97.44605345181121,0.0,Neutral
2019-03-31,502.0,510.0,501.0,504.0,2251.0,0.0,504.2,575.1,645.1,15.384615384615387,-52.3837027235171,-30.24579504785021,113.65781979256869,0.0,Neutral
2019-03-28,508.0,508.0,501.0,502.0,1265.0,0.0,503.6,599.3,654.1,18.01242236024845,-49.53153072620785,-24.71131812893348,122.27387292467726,0.2256576865911484,Positive
2019-03-27,500.0,510.0,500.0,507.0,3026.0,0.0,505.2,623.2,663.15,21.987951807228924,-44.96702711180649,-18.506264979614887,124.48007426447461,0.4513153731822968,Positive
2019-03-26,500.0,507.0,500.0,506.0,6229.0,0.9026307463645936,550.6,647.7,671.3,24.04692082111437,-38.99608574052604,-11.891074446566986,123.17201161158641,1.127457708120346,Strongly Positive
2019-03-25,496.0,504.0,491.0,502.0,2604.0,0.0,596.6,670.9,680.25,23.82352941176471,-30.70595932495678,-5.114821623077221,115.10135630053479,0.4496539235115051,Positive
2019-03-24,510.0,510.0,490.0,501.0,2504.0,0.8993078470230103,646.0,692.7,688.45,22.922636103151873,-19.270838564358314,1.2829628023926687,99.08812015350827,1.116392895579338,Strongly Positive
2019-03-21,488.0,517.0,487.0,510.0,8242.0,0.0,695.0,713.4,697.95,24.85549132947976,-4.293344959894625,6.421413144080414,72.69907534182391,0.43417009711265564,Positive
2019-03-19,740.0,745.0,732.0,734.0,19900.0,0.8683401942253113,741.2,731.7,704.65,70.73170731707317,13.969468258310371,9.100102670074174,19.038265560609215,0.8683401942253113,Strongly Positive
2019-03-18,747.0,751.0,736.0,736.0,7166.0,0.0,744.8,726.6,701.1,74.6268656716418,14.268993954879988,7.882761273015124,24.423122013567145,0.0,Neutral
2019-03-17,760.0,760.0,747.0,749.0,3706.0,0.0,745.2,721.0,697.75,73.52941176470588,14.240112295521499,6.286203102548907,28.162228447191165,0.0,Neutral
2019-03-14,741.0,758.0,740.0,746.0,2794.0,0.0,739.4,715.1,693.05,76.31578947368422,12.672483526005635,4.297725804305758,27.82265264133965,0.13181421160697937,Slightly Positive
2019-03-13,770.0,770.0,740.0,741.0,6835.0,0.0,731.8,708.9,689.9,64.53488372093024,10.792746681626909,2.204036373880788,27.06966321673179,0.26362842321395874,Positive
2019-03-12,742.0,752.0,738.0,752.0,8967.0,0.5272568464279175,722.2,703.1,687.0,75.96153846153847,8.745624430341763,0.05685879694425755,25.601432251612827,0.7503432109951973,Strongly Positive
2019-03-11,745.0,750.0,720.0,738.0,9397.0,0.0,708.4,694.9,683.9,67.6056338028169,4.885542946987357,-2.115332611405119,20.898963291685437,0.44617272913455963,Positive
2019-03-10,722.0,731.0,694.0,720.0,2043.0,0.8923454582691193,696.8,689.6,681.9,62.68656716417911,1.3130674108225548,-3.865551501003238,14.492910144100374,0.8923454582691193,Strongly Positive
2019-03-07,700.0,709.0,690.0,708.0,2741.0,0.0,690.8,684.2,681.15,63.05418719211823,-1.4330823449488435,-5.1602062289596855,11.698053019410594,0.0,Neutral
2019-03-06,683.0,706.0,683.0,693.0,4221.0,0.0,686.0,682.5,681.5,52.31481481481482,-3.6955050172977053,-6.091987199962396,8.708233651770131,0.0,Neutral
2019-03-05,683.0,683.0,677.0,683.0,534.0,0.0,684.0,677.6,681.9,50.0,-5.0021535188442385,-6.6911077456285675,14.198591479455384,0.0,Neutral
2019-03-03,682.0,688.0,680.0,680.0,2414.0,0.0,681.4,675.6,683.05,47.61904761904762,-5.578971736907647,-7.113346302324649,14.751271131683959,0.0,Neutral
2019-02-27,684.0,710.0,680.0,690.0,1079.0,0.0,682.4,674.5,684.4,48.07692307692308,-5.928598309971903,-7.496939943678899,14.796771419633783,0.0,Neutral
2019-02-26,680.0,684.0,670.0,684.0,1585.0,0.0,677.6,671.0,685.4,44.97607655502393,-7.306796615083272,-7.889025352105647,14.862331206419704,0.0,Neutral
2019-02-25,670.0,695.0,670.0,683.0,1715.0,0.0,679.0,670.9,686.7,42.6605504587156,-8.348689046478853,-8.03458253636124,14.76820909929256,0.0,Neutral
2019-02-24,678.0,678.0,666.0,670.0,3674.0,0.0,671.2,670.9,688.8,42.922374429223744,-9.45526900005666,-7.956055908831836,14.76820909929256,0.0,Neutral
2019-02-21,655.0,685.0,651.0,685.0,127.0,0.0,669.8,672.9,690.6,44.97607655502393,-9.406499864440661,-7.581252636025629,15.940514420822133,0.1744530200958252,Slightly Positive
2019-02-20,680.0,685.0,659.0,666.0,1011.0,0.0,666.6,674.2,692.3,39.26701570680628,-10.7347036242262,-7.12494082892187,17.491585278527534,0.3489060401916504,Positive
2019-02-19,655.0,692.0,653.0,691.0,1061.0,0.6978120803833008,664.4,678.1,695.25,44.378698224852066,-10.339288006727315,-6.222500130095788,19.672033166130944,0.6978120803833008,Strongly Positive
2019-02-18,650.0,654.0,644.0,644.0,2433.0,0.0,662.8,680.5,696.6,22.950819672131146,-12.229658793021827,-5.193303160937905,22.658086611392616,-0.1715109646320343,Slightly Negative
2019-02-17,675.0,675.0,663.0,663.0,1440.0,0.0,670.6,686.2,699.85,23.728813559322035,-9.679118832357517,-3.434214252916924,19.389573372203607,-0.3430219292640686,Negative
2019-02-14,668.0,677.0,644.0,669.0,1738.0,-0.6860438585281372,676.0,690.5,702.45,35.87786259541984,-8.217460645002575,-1.8729881080567758,18.41647812876288,-0.6860438585281372,Strongly Negative
2019-02-13,683.0,683.0,654.0,655.0,2940.0,0.0,681.8,694.3,705.25,25.384615384615387,-6.843235676487552,-0.28686997382032575,17.378466880357035,0.0,Neutral
2019-02-12,672.0,683.0,672.0,683.0,1904.0,0.0,691.8,699.8,709.0,30.555555555555557,-3.5642323795614175,1.3522214518464808,11.143508324507254,0.0,Neutral
2019-02-11,678.0,701.0,665.0,683.0,2466.0,0.0,698.2,702.5,712.3,34.78260869565217,-2.178097518691061,2.5813349096984552,9.812124019720546,0.0,Neutral
2019-02-10,695.0,695.0,690.0,690.0,1027.0,0.0,701.8,706.7,713.65,41.88034188034188,-0.37720396872646234,3.771193016795834,9.522488003583888,-0.08511898666620255,Slightly Negative
2019-02-07,704.0,704.0,698.0,698.0,1534.0,0.0,705.0,708.3,714.55,42.608695652173914,1.2141504018642308,4.808292263176408,7.543208866300181,-0.1702379733324051,Slightly Negative
2019-02-06,725.0,725.0,701.0,705.0,3163.0,-0.3404759466648102,706.8,710.4,715.3,41.525423728813564,2.4130914290275314,5.706827728504452,7.275529763115111,-0.3404759466648102,Negative
2019-02-05,715.0,715.0,701.0,715.0,390.0,0.0,707.8,712.4,716.25,43.36283185840708,3.1955493738208816,6.530261803373683,8.302610031428909,0.0,Neutral
2019-02-04,705.0,706.0,701.0,701.0,2475.0,0.0,706.8,712.7,716.4,29.66101694915254,3.1295877051925345,7.363939910761883,8.459708426850108,0.0,Neutral
2019-02-03,704.0,710.0,704.0,706.0,1117.0,0.0,711.6,713.5,717.3,48.684210526315795,4.425329899704138,8.42252796215422,7.560864148185887,0.0,Neutral
2019-01-31,715.0,715.0,707.0,707.0,593.0,0.0,711.6,714.4,717.55,49.67320261437908,5.505708774885079,9.42182747776674,7.089898917990806,0.18365682661533356,Slightly Positive
2019-01-30,710.0,712.0,703.0,710.0,2004.0,0.0,714.0,716.2,717.95,49.03225806451613,6.702763866117607,10.400857153487156,7.284687135858066,0.3673136532306671,Positive
2019-01-29,711.0,722.0,710.0,710.0,418.0,0.7346273064613342,717.0,718.2,718.4,45.78313253012048,7.827692162692642,11.325380475329542,8.09389344578926,0.7346273064613342,Strongly Positive
2019-01-28,703.0,725.0,703.0,725.0,1710.0,0.0,718.6,722.1,719.65,52.22929936305732,9.149652393409383,12.199802553488768,12.10555428078956,0.0,Neutral
2019-01-27,715.0,715.0,706.0,706.0,3807.0,0.0,715.4,720.6,720.2,45.32374100719424,9.17659578034727,12.962340093508612,12.624491188894256,0.0,Neutral
2019-01-24,719.0,719.0,713.0,719.0,520.0,0.0,717.2,720.8,722.8,52.985074626865675,11.012053037415626,13.908776171798946,12.380989010962763,-0.20530837774276733,Negative
2019-01-23,710.0,725.0,705.0,725.0,2112.0,0.0,718.4,720.2,724.55,53.78787878787878,11.870952255893144,14.632956955394775,12.620970203973135,-0.24674946069717407,Negative
2019-01-22,715.0,720.0,715.0,718.0,958.0,-0.8212335109710693,719.4,720.1,725.55,49.61240310077519,12.183642498300628,15.32345813027018,12.582615873613502,-0.49349892139434814,Negative
2019-01-21,720.0,720.0,709.0,709.0,1418.0,0.6554691791534424,725.6,720.1,724.15,40.44117647058823,13.118259607725463,16.108412038262568,12.582615873613502,0.6554691791534424,Strongly Positive
2019-01-20,715.0,725.0,711.0,715.0,2426.0,0.0,725.8,721.1,724.05,41.984732824427475,15.03672348764269,16.85595014589684,11.985639555578523,0.0,Neutral
2019-01-17,730.0,735.0,725.0,725.0,1983.0,0.0,724.4,720.7,722.55,38.46153846153846,16.65575595273492,17.310756810460376,12.275087689237454,0.21202504634857178,Positive
2019-01-16,750.0,754.0,730.0,730.0,4256.0,0.0,722.0,719.7,717.45,41.54929577464789,17.461782757958417,17.474507024891736,12.293177873231505,0.42405009269714355,Positive
2019-01-15,718.0,749.0,718.0,749.0,6298.0,0.8481001853942871,720.8,718.6,711.95,51.515151515151516,17.727485585600448,17.477688091625065,11.749231653394434,0.8481001853942871,Strongly Positive
2019-01-14,715.0,718.0,700.0,710.0,2141.0,0.0,714.6,717.2,705.0,56.75675675675676,15.87421922254589,17.41523871813122,7.941452428072674,0.0,Neutral
2019-01-13,712.0,713.0,708.0,708.0,1324.0,0.0,716.4,719.8,701.15,50.30674846625767,17.248788785009992,17.800493592027554,9.437513796935836,-0.14585404098033905,Slightly Negative
2019-01-10,720.0,720.0,713.0,713.0,703.0,0.0,717.0,724.8,696.25,57.77777777777777,18.955984280591338,17.938419793781943,14.420664185683941,-0.2917080819606781,Negative
2019-01-09,720.0,724.0,720.0,724.0,100.0,-0.5834161639213562,717.4,728.9,690.1,71.86147186147186,20.35017221450653,17.68402867207959,16.387325725852165,-0.5834161639213562,Negative
2019-01-08,720.0,729.0,713.0,718.0,2045.0,0.0,716.4,731.0,682.85,71.49122807017544,20.71366049067467,17.017492786472857,17.02286044642674,0.0,Neutral
2019-01-07,720.0,720.0,713.0,719.0,641.0,0.0,719.8,728.2,675.6,72.9957805907173,21.487223192392207,16.093450860422404,21.1911931393066,0.0,Neutral
2019-01-06,705.0,715.0,705.0,711.0,1437.0,0.0,723.2,727.0,669.15,65.47619047619048,22.060210885240394,14.745007777429953,22.09072203439088,0.0,Neutral
2019-01-03,730.0,730.0,715.0,715.0,1764.0,0.0,732.6,724.4,662.0,69.37269372693727,23.285221200326873,12.91620700047734,25.456717079096325,0.0,Neutral
2019-01-02,721.0,722.0,718.0,719.0,2922.0,0.0,740.4,715.2,654.4,72.47386759581882,24.102812966850593,10.323953450514956,41.0685064523034,0.0,Neutral
2019-01-01,762.0,762.0,733.0,735.0,1418.0,0.0,745.6,705.3,645.65,77.65957446808511,24.388498269332104,6.879238571431046,50.824425449018484,0.0,Neutral
2018-12-31,743.0,750.0,733.0,736.0,4386.0,0.0,736.6,692.8,637.4,78.397212543554,22.769303898763837,2.50192364695578,57.62484032275296,0.0,Neutral
2018-12-30,766.0,769.0,741.0,758.0,6453.0,0.0,730.8,682.5,629.2,79.7872340425532,20.269615027256236,-2.564921415996234,58.24707908747635,0.0,Neutral
2018-12-27,759.0,790.0,740.0,754.0,11925.0,0.0,716.2,667.7,620.05,81.0,14.54427228540851,-8.273555526809352,55.67774340893801,0.0,Neutral
2018-12-26,700.0,745.0,700.0,745.0,5625.0,0.0,690.0,651.3,612.25,80.74324324324324,7.432372679844093,-13.978012479863816,51.42427010231554,0.0,Neutral
2018-12-25,693.0,693.0,671.0,690.0,3512.0,0.0,665.0,634.7,606.05,78.07692307692308,-0.8367409647830755,-19.330608769790793,44.08590099642893,0.0,Neutral
2018-12-24,697.0,717.0,673.0,707.0,9763.0,0.0,649.0,623.0,603.4,75.46468401486989,-5.778966148074119,-23.95407572104272,43.29742101634778,0.0,Neutral
2018-12-23,635.0,685.0,635.0,685.0,5184.0,0.0,634.2,611.3,600.85,72.69076305220884,-13.733894056229929,-28.49785311428487,32.55098564816149,-0.09587570279836655,Slightly Negative
2018-12-20,632.0,632.0,620.0,623.0,2384.0,0.0,619.2,599.6,599.95,62.63157894736842,-21.44750903636725,-32.1888428787986,22.63330878742116,-0.1917514055967331,Slightly Negative
2018-12-19,600.0,622.0,600.0,620.0,725.0,-0.3835028111934662,612.6,593.6,604.5,55.23809523809524,-24.668195661395202,-34.87417633940644,23.669952823500218,-0.3835028111934662,Negative
2018-12-18,640.0,652.0,605.0,610.0,6183.0,0.0,604.4,586.0,608.45,47.53363228699551,-28.11469828953807,-37.42567150890925,26.305892875932205,0.0,Neutral
2018-12-17,605.0,634.0,605.0,633.0,617.0,0.0,597.0,582.0,612.7,49.074074074074076,-31.086566032519613,-39.75341481375204,25.27185522803316,0.0,Neutral
2018-12-16,600.0,615.0,595.0,610.0,1966.0,0.0,588.4,575.9,617.2,39.15094339622642,-36.76939990036146,-41.92012700906014,17.872697986966134,0.0,Neutral
2018-12-13,580.0,590.0,575.0,590.0,743.0,0.0,580.0,572.4,622.7,31.034482758620683,-41.14611658403794,-43.20780878623481,13.29327315265372,0.0,Neutral
2018-12-12,570.0,579.0,568.0,579.0,220.0,0.0,574.6,573.2,629.7,21.757322175732213,-44.09754600089002,-43.72323183678402,14.642404174177022,0.0,Neutral
2018-12-11,581.0,585.0,570.0,573.0,1000.0,0.0,567.6,577.4,637.25,24.596774193548384,-46.103224332931745,-43.629653295757514,21.0934428989985,0.0,Neutral
2018-12-10,570.0,590.0,570.0,590.0,3659.0,0.0,567.0,583.8,644.95,27.65957446808511,-47.3816977773497,-43.01126053646396,28.141704915579698,0.03372347354888915,Neutral
2018-12-09,558.0,568.0,552.0,568.0,1517.0,0.0,563.4,590.4,652.15,17.842323651452276,-50.05521555146356,-41.91865122624252,36.311002311819024,0.0674469470977783,Slightly Positive
2018-12-06,535.0,570.0,534.0,563.0,3072.0,0.1348938941955566,564.8,600.3,660.75,17.154811715481173,-50.49952055694746,-39.88451014493725,42.49457481713366,0.1348938941955566,Slightly Positive
2018-12-05,560.0,560.0,544.0,544.0,2423.0,0.0,571.8,615.4,669.35,9.565217391304358,-49.822985919482335,-37.2307575419347,53.2378311604334,0.0,Neutral
2018-12-04,573.0,575.0,568.0,570.0,1453.0,0.0,587.2,630.9,678.45,10.784313725490193,-46.300238277925246,-34.08270044754779,52.70135988125494,0.0,Neutral
2018-12-03,570.0,590.0,550.0,572.0,8390.0,0.0,600.6,643.4,686.95,12.195121951219505,-43.777746004113624,-31.028315989953427,51.46131232942797,0.21194367110729218,Positive
2018-12-02,600.0,600.0,549.0,575.0,12540.0,0.0,617.4,658.5,694.6,11.961722488038276,-40.12499774184323,-27.840958486413378,50.32395056034786,0.42388734221458435,Positive
2018-11-29,612.0,612.0,598.0,598.0,1120.0,0.8477746844291687,635.8,673.0,702.85,13.020833333333329,-35.184580901754885,-24.769948672555916,44.09585518441438,0.8477746844291687,Strongly Positive
2018-11-28,640.0,640.0,621.0,621.0,2273.0,0.0,659.0,686.2,710.15,17.241379310344826,-30.708854958198458,-22.16629061525617,38.55962194374971,0.0,Neutral
2018-11-27,655.0,655.0,637.0,637.0,1289.0,0.0,674.6,697.1,716.1,23.35329341317366,-26.89134504539436,-20.030649529520595,33.10068814324053,0.0,Neutral
2018-11-26,660.0,665.0,656.0,656.0,5876.0,0.0,686.2,706.1,721.8,24.074074074074062,-23.256758283300428,-18.315475650552155,26.526506659492586,0.17571231722831726,Slightly Positive
2018-11-25,710.0,710.0,667.0,667.0,1382.0,0.0,699.6,713.9,726.85,32.53012048192771,-20.21396924101623,-17.080154992365088,21.06313261497774,0.3514246344566345,Positive
2018-11-21,686.0,714.0,686.0,714.0,1780.0,0.702849268913269,710.2,721.2,731.55,40.298507462686565,-17.156242583540575,-16.2967014302023,14.687863470700858,0.702849268913269,Strongly Positive
2018-11-20,700.0,700.0,686.0,699.0,1043.0,0.0,713.4,723.3,734.35,31.707317073170728,-17.7893806667837,-16.08181614186773,15.041054927562701,-0.1994151771068573,Slightly Negative
2018-11-19,709.0,723.0,695.0,695.0,910.0,0.0,719.6,726.0,737.6,31.707317073170728,-16.81146773787907,-15.654925010638735,12.38278374736354,-0.3988303542137146,Negative
2018-11-18,724.0,724.0,723.0,723.0,249.0,-0.7976607084274292,726.0,730.5,741.05,36.79245283018869,-14.911492068798793,-15.36578932882865,6.770032003911874,-0.7976607084274292,Strongly Negative
2018-11-15,730.0,730.0,720.0,720.0,320.0,0.0,728.2,730.7,742.5,33.027522935779814,-15.120446875626726,-15.47936364383611,6.549809157575403,0.0,Neutral
2018-11-14,735.0,735.0,730.0,730.0,237.0,0.0,732.2,732.7,744.15,34.95145631067962,-14.861760874514175,-15.569092835888455,5.9451193802237485,0.0,Neutral
2018-11-13,741.0,741.0,727.0,730.0,971.0,0.0,733.2,734.1,745.65,32.14285714285715,-15.333594220374152,-15.745925826232023,6.822348895000777,0.0,Neutral
2018-11-12,722.0,734.0,722.0,727.0,468.0,0.0,732.4,735.1,747.65,33.91304347826086,-15.71279104770258,-15.84900872769649,6.887186169547891,0.0,Neutral
2018-11-11,740.0,740.0,720.0,734.0,278.0,0.0,735.0,737.5,749.8,36.11111111111111,-15.662779855707868,-15.883063147694966,7.863417408100796,0.0,Neutral
2018-11-06,735.0,740.0,726.0,740.0,150.0,0.0,733.2,739.8,752.35,44.73684210526316,-16.083852409115366,-15.938133970691737,9.84095749635898,0.0,Neutral
2018-11-05,730.0,739.0,730.0,735.0,403.0,0.0,733.2,741.9,754.8,41.81818181818182,-16.99825625133178,-15.90170436108583,11.911245853330648,0.0,Neutral
2018-11-04,726.0,726.0,726.0,726.0,108.0,0.0,735.0,745.4,757.55,34.25925925925925,-17.409029791741546,-15.627566388524343,14.515891674707248,0.0,Neutral
2018-11-01,724.0,740.0,724.0,740.0,957.0,0.0,737.8,749.2,760.75,35.57692307692308,-16.76374031362093,-15.182200537720043,13.830722645242712,0.0,Neutral
2018-10-31,740.0,740.0,725.0,725.0,477.0,0.0,740.0,751.6,763.75,24.719101123595507,-17.121734611530655,-14.786815593744821,14.13584883277172,0.0,Neutral
2018-10-30,735.0,740.0,735.0,740.0,488.0,0.0,746.4,754.3,768.05,24.719101123595507,-15.80234937560408,-14.20308583929836,10.635893108854836,0.0,Neutral
2018-10-29,730.0,744.0,730.0,744.0,712.0,0.0,750.6,755.6,771.65,24.719101123595507,-15.4157544108308,-13.80326995522193,9.418657606680515,0.0,Neutral
2018-10-28,738.0,745.0,738.0,740.0,1493.0,0.0,755.8,757.2,774.95,20.930232558139537,-15.105362227998967,-13.40014884131971,8.547904226618584,0.0,Neutral
2018-10-25,747.0,760.0,746.0,751.0,544.0,0.0,760.6,760.2,778.45,24.0,-14.082201845868212,-12.973845494649895,6.9570108524272944,0.0,Neutral
2018-10-24,755.0,757.0,755.0,757.0,330.0,0.0,763.2,762.1,781.5,22.784810126582286,-13.691445113099576,-12.696756406845314,6.756889488244988,0.0,Neutral
2018-10-23,761.0,763.0,760.0,761.0,1012.0,0.0,762.2,764.9,784.9,20.930232558139537,-13.604458227084365,-12.448084230281747,9.608445359319854,0.0,Neutral
2018-10-22,770.0,770.0,770.0,770.0,500.0,0.0,760.6,767.7,788.1,23.07692307692308,-13.702821027449204,-12.15899073108109,12.101882314598075,0.0,Neutral
2018-10-21,764.0,764.0,764.0,764.0,15.0,0.0,758.6,769.7,789.75,18.91891891891892,-14.545417604970112,-11.773033156989062,14.024185458650116,0.20871274173259735,Positive
2018-10-14,766.0,780.0,752.0,764.0,370.0,0.0,759.8,772.3,791.6,18.91891891891892,-14.798398435115473,-11.079937044993798,15.210011322983695,0.4174254834651947,Positive
2018-10-11,744.0,766.0,744.0,752.0,1007.0,0.8348509669303894,761.0,775.9,793.75,3.125,-14.90604453562662,-10.15032169746338,17.162297178562923,0.8348509669303894,Strongly Positive
2018-10-10,750.0,769.0,750.0,753.0,1883.0,0.0,767.6,781.8,796.15,2.6315789473684106,-13.604806728851827,-8.961390987922568,18.146318879865976,0.0,Neutral
2018-10-09,766.0,766.0,760.0,760.0,2663.0,0.0,774.8,787.7,798.5,2.898550724637687,-11.847884193966706,-7.800537052690252,17.314412750359402,0.0,Neutral
2018-10-08,785.0,787.0,770.0,770.0,3511.0,0.0,780.8,792.7,800.65,29.629629629629633,-10.145806570255559,-6.788700267371139,15.556706306672178,0.0,Neutral
2018-10-07,770.0,782.0,770.0,770.0,404.0,0.0,784.8,796.7,803.15,31.325301204819283,-8.843943034969811,-5.9494236916500345,14.150382798154077,0.0,Neutral
2018-10-04,795.0,795.0,778.0,785.0,334.0,0.0,790.8,800.9,805.65,35.135135135135144,-7.05365258760537,-5.22579385582009,11.28863735507144,0.0,Neutral
2018-10-03,805.0,805.0,789.0,789.0,1073.0,0.0,796.0,804.9,807.55,42.857142857142854,-6.19326510624046,-4.768829172873769,12.087183294754796,0.0,Neutral
2018-10-02,800.0,815.0,786.0,790.0,1742.0,0.0,800.6,808.5,808.65,43.421052631578945,-5.4122866830258545,-4.412720189532096,12.186057606995627,0.0,Neutral
2018-10-01,800.0,800.0,790.0,790.0,2285.0,0.0,804.6,809.8,808.65,41.77215189873418,-4.438568234733452,-4.162828566158656,10.580905233323726,0.0,Neutral
2018-09-30,802.0,805.0,800.0,800.0,918.0,0.0,808.6,810.9,808.9,38.372093023255815,-3.1311884227715154,-4.093893649014957,8.698020209023575,0.0,Neutral
2018-09-27,806.0,815.0,806.0,811.0,428.0,0.0,811.0,811.6,808.1,43.99999999999999,-2.435133631172448,-4.334569955575818,7.974960815015344,0.0,Neutral
2018-09-26,826.0,826.0,812.0,812.0,2100.0,0.0,813.8,810.5,807.4,42.857142857142854,-2.6312944807143595,-4.80942903667666,8.784455968794658,0.0,Neutral
2018-09-25,800.0,820.0,800.0,810.0,2626.0,0.0,816.4,809.3,806.65,49.425287356321846,-2.9452118635009583,-5.353962675667234,9.357706271714616,0.0,Neutral
2018-09-23,800.0,816.0,800.0,810.0,2027.0,0.0,815.0,808.6,806.15,59.25925925925926,-3.0994087867887856,-5.956150378708803,9.559172442151842,0.0,Neutral
2018-09-20,811.0,828.0,811.0,812.0,1287.0,0.0,813.2,809.6,805.8,57.65765765765766,-3.2511378228864487,-6.670335776688806,10.221980673524609,0.0,Neutral
2018-09-18,840.0,841.0,825.0,825.0,1718.0,0.0,812.2,810.4,805.9,68.80733944954129,-3.60114633335445,-7.5251352651393955,10.731055659001155,0.0,Neutral
2018-09-17,803.0,835.0,803.0,825.0,2403.0,0.0,807.2,810.2,804.45,61.475409836065566,-5.319140521866757,-8.506132498085632,10.443498775204171,0.0,Neutral
2018-09-16,817.0,833.0,803.0,803.0,654.0,0.0,802.2,808.8,803.85,53.0,-7.43455651488614,-9.302880492140352,9.089676684197315,0.0,Neutral
2018-09-13,810.0,815.0,801.0,801.0,1220.0,0.0,802.2,807.5,805.15,50.495049504950494,-7.786457560305166,-9.769961486453903,10.783217413128124,0.0,Neutral
2018-09-12,800.0,807.0,800.0,807.0,1386.0,0.0,806.0,806.9,807.4,52.0408163265306,-7.918717330126583,-10.265837467991087,11.337744239726582,0.0,Neutral
2018-09-11,800.0,813.0,800.0,800.0,1385.0,0.0,808.6,804.6,807.1,43.13725490196078,-8.583256638805892,-10.852617502457214,13.451146171770299,0.0,Neutral
2018-09-10,788.0,803.0,788.0,800.0,841.0,0.0,813.2,804.3,807.85,51.66666666666666,-8.593875805319499,-11.419957718370043,13.59779393876065,0.0,Neutral
2018-09-09,804.0,810.0,790.0,803.0,2306.0,0.0,815.4,804.0,807.85,46.268656716417915,-8.482427893410431,-12.126478196632677,13.735598518727206,-0.16863659024238586,Slightly Negative
2018-09-06,811.0,850.0,810.0,820.0,4637.0,0.0,812.8,803.7,808.55,46.61654135338346,-8.522253607396692,-13.037490772438238,13.792510044742624,-0.33727318048477173,Negative
2018-09-05,825.0,841.0,820.0,820.0,2223.0,-0.6745463609695435,807.8,802.0,809.15,41.333333333333336,-10.180034738958966,-14.166300063698625,12.552113589214366,-0.6745463609695435,Strongly Negative
2018-09-04,825.0,825.0,817.0,823.0,973.0,0.0,800.6,801.4,809.9,55.729166666666664,-12.147893059768194,-15.162866394883538,11.71134302958192,0.0,Neutral
2018-09-03,792.0,838.0,792.0,811.0,2913.0,0.0,795.4,798.7,810.55,48.96907216494845,-14.788353781095338,-15.916609728662372,8.969702088504578,0.0,Neutral
2018-09-02,780.0,810.0,780.0,790.0,2883.0,0.0,792.6,798.9,811.75,47.340425531914896,-16.721620319500516,-16.19867371555413,9.290975310654472,0.0,Neutral
2018-08-30,781.0,795.0,780.0,795.0,853.0,0.0,794.6,802.8,814.85,44.49999999999999,-16.807766042054027,-16.06793706456753,12.69995625543159,0.0,Neutral
2018-08-29,790.0,797.0,783.0,784.0,1743.0,0.0,796.2,807.9,817.4,38.23529411764706,-17.18233362186504,-15.882979820195903,18.247983145813663,0.0,Neutral
2018-08-28,799.0,799.0,791.0,797.0,145.0,0.0,802.2,809.6,820.45,40.20618556701031,-16.290493207415125,-15.558141369778618,16.48029125959303,0.0,Neutral
2018-08-26,800.0,800.0,794.0,797.0,519.0,0.0,802.0,811.4,823.6,39.99999999999999,-16.238864268136467,-15.375053410369489,15.924823389947742,0.0,Neutral
2018-08-23,800.0,805.0,800.0,800.0,146.0,0.0,805.2,811.7,826.25,40.932642487046635,-15.936765305375161,-15.159100695927744,15.649281133682408,0.0,Neutral
2018-08-22,810.0,816.0,803.0,803.0,174.0,0.0,811.0,813.4,829.25,38.16425120772947,-15.62482422482708,-14.964684543565888,15.152557539934831,0.1706787645816803,Slightly Positive
2018-08-21,800.0,814.0,800.0,814.0,829.0,0.0,819.6,816.3,832.9,42.07920792079208,-15.304858347839172,-14.799649623250588,15.70597904553635,0.3413575291633606,Positive
2018-08-20,800.0,804.0,796.0,796.0,1966.0,0.6827150583267212,817.0,818.4,835.2,36.75675675675675,-15.793849416151602,-14.673347442103442,16.734528509805802,0.8837558776140213,Strongly Positive
2018-08-19,815.0,815.0,813.0,813.0,650.0,0.0,820.8,822.4,837.15,37.15846994535519,-14.355523842744446,-14.393221948591401,15.52202735902789,0.4020816385746002,Positive
2018-08-16,835.0,849.0,825.0,829.0,4311.0,0.8041632771492004,818.2,824.6,839.5,44.06779661016949,-14.041798854974104,-14.402646475053139,15.600569790198843,0.8041632771492004,Strongly Positive
2018-08-15,791.0,846.0,791.0,846.0,2873.0,0.0,815.8,826.9,841.15,45.88235294117647,-15.066218250874726,-14.492858380072896,17.854037825314595,0.0,Neutral
2018-08-14,807.0,807.0,784.0,801.0,2250.0,0.0,813.0,826.9,842.5,23.404255319148945,-17.885514014357,-14.349518412372436,17.854037825314595,0.0,Neutral
2018-08-13,800.0,815.0,800.0,815.0,2327.0,0.0,819.8,831.3,846.7,34.26573426573427,-16.64198949408376,-13.465519511876295,16.09727375127044,0.0,Neutral
2018-08-12,810.0,810.0,786.0,800.0,3949.0,0.0,824.0,835.8,849.25,38.56209150326797,-16.238189259202727,-12.671402016324429,17.2806892866969,0.0,Neutral
2018-08-09,825.0,825.0,817.0,817.0,911.0,0.0,831.0,840.8,852.3,36.64596273291926,-13.959328752002648,-11.779705205604852,12.28187463075595,0.0,Neutral
2018-08-08,837.0,845.0,831.0,832.0,822.0,0.0,838.0,845.1,855.95,39.86486486486487,-12.578538377329096,-11.234799319005404,10.407796223187917,0.0,Neutral
2018-08-07,835.0,835.0,835.0,835.0,200.0,0.0,840.8,849.5,859.35,37.820512820512825,-12.160459922711766,-10.898864554424481,13.184586961089712,-0.12825946509838104,Slightly Negative
2018-08-05,832.0,851.0,831.0,836.0,586.0,0.0,842.8,852.0,862.6,35.32934131736526,-11.755414914488028,-10.583465712352659,12.481096817948066,-0.2565189301967621,Negative
2018-08-02,860.0,860.0,835.0,835.0,916.0,-0.5130378603935242,847.6,851.9,865.9,41.621621621621614,-11.169260523417279,-10.290478411818818,12.626691305902286,-0.5130378603935242,Negative
2018-08-01,840.0,852.0,832.0,852.0,1102.0,0.0,850.6,854.4,869.75,47.398843930635834,-10.156834220291785,-10.070782883919202,11.315672514069664,0.0,Neutral
2018-07-31,842.0,848.0,838.0,846.0,809.0,0.0,852.2,855.4,869.15,38.775510204081634,-10.447783422916473,-10.049270049826056,11.52003086420966,0.0,Neutral
2018-07-30,860.0,860.0,845.0,845.0,453.0,0.0,858.2,858.1,868.4,36.58536585365854,-10.056263555387773,-9.949641706553452,12.215200002961723,0.0,Neutral
2018-07-29,865.0,865.0,860.0,860.0,884.0,0.0,861.2,862.1,869.35,39.473684210526315,-9.308450727299942,-9.922986244344871,13.884043599324036,0.0,Neutral
2018-07-26,850.0,850.0,843.0,850.0,638.0,0.0,856.2,862.7,867.25,35.71428571428572,-9.745846707052692,-10.076620123606103,13.912823820775333,-0.14561329782009125,Slightly Negative
2018-07-25,860.0,868.0,860.0,860.0,1192.0,0.0,858.2,863.8,866.4,35.71428571428572,-9.144183441834457,-10.159313477744456,13.21447018323074,-0.2912265956401825,Negative
2018-07-24,875.0,893.0,875.0,876.0,1424.0,-0.582453191280365,858.6,866.8,865.9,57.56302521008404,-9.261417842347441,-10.413095986721956,15.468965346466288,-0.582453191280365,Negative
2018-07-23,830.0,860.0,830.0,860.0,1356.0,0.0,858.0,869.2,864.35,56.27705627705628,-10.905430944931595,-10.701015522815585,18.599880525338136,0.0,Neutral
2018-07-22,847.0,847.0,835.0,835.0,581.0,0.0,863.0,873.2,864.8,43.93305439330545,-11.216074127576462,-10.649911667286581,20.595576655658217,0.0,Neutral
2018-07-19,862.0,862.0,855.0,860.0,1162.0,0.0,869.2,879.9,867.3,58.07692307692307,-8.903970347932841,-10.508371052214109,17.44483368288646,0.0,Neutral
2018-07-18,872.0,872.0,856.0,862.0,232.0,0.0,869.4,885.1,867.85,55.311355311355314,-8.3688274095814,-10.909471228284426,18.567893436468214,0.0,Neutral
2018-07-17,885.0,885.0,873.0,873.0,130.0,0.0,875.0,882.9,868.85,54.121863799283155,-7.76769838776454,-11.544632182960182,22.496666419746788,0.2310595512390137,Positive
2018-07-16,870.0,885.0,867.0,885.0,2881.0,0.0,880.4,878.7,870.2,57.35294117647059,-8.007454459732571,-12.48886563175909,27.83702570321305,0.4621191024780274,Positive
2018-07-15,844.0,866.0,844.0,866.0,2823.0,0.9242382049560548,883.4,876.6,870.95,49.458483754512635,-9.418816508539294,-13.609218424765718,28.099822063517315,0.9242382049560548,Strongly Positive
2018-07-12,882.0,885.0,861.0,861.0,1743.0,0.0,890.6,871.8,872.15,45.833333333333336,-9.148681283437327,-14.656818903822323,33.661055638051224,0.0,Neutral
2018-07-11,885.0,910.0,882.0,890.0,1279.0,0.0,900.8,869.0,873.8,53.479853479853475,-8.161727868366484,-16.033853308918573,35.75844888509523,0.0,Neutral
2018-07-10,905.0,910.0,900.0,900.0,2327.0,0.0,890.8,865.0,874.1,53.284671532846716,-9.736027649590483,-18.001884669056594,35.38361202592641,0.0,Neutral
2018-07-09,885.0,902.0,884.0,900.0,1248.0,0.0,877.0,859.5,874.1,50.0,-12.621973513631701,-20.068348923923118,33.56668321749235,0.0,Neutral
2018-07-08,912.0,930.0,894.0,902.0,6257.0,0.0,869.8,856.4,874.75,50.3448275862069,-16.12189752899144,-21.92994277649597,30.72168976836185,0.0,Neutral
2018-07-05,850.0,912.0,850.0,912.0,5205.0,0.0,853.0,854.7,874.05,53.793103448275865,-20.558209308174355,-23.3819540883721,28.29232326191674,0.140264093875885,Slightly Positive
2018-07-04,820.0,856.0,820.0,840.0,2107.0,0.0,837.2,850.6,875.05,37.83783783783784,-26.939709661848838,-24.087890283421533,21.130283691661834,0.28052818775177,Positive
2018-07-03,847.0,847.0,831.0,831.0,187.0,0.56105637550354,839.2,854.8,880.9,34.883720930232556,-27.362065245457416,-23.374935438814706,22.890075481675357,0.56105637550354,Positive
2018-07-02,804.0,864.0,800.0,864.0,1698.0,0.0,842.0,861.7,885.4,40.32258064516129,-26.586787241329148,-22.378152987154028,25.201631340520233,0.0,Neutral
2018-07-01,830.0,830.0,818.0,818.0,774.0,0.0,843.0,865.3,888.95,18.954248366013076,-28.570533683459075,-21.325994423610247,27.98432100701225,0.0,Neutral
2018-06-28,856.0,856.0,829.0,833.0,2571.0,0.0,856.4,872.5,896.8,33.12883435582823,-26.00330774329086,-19.514859608648038,23.33928495527527,0.20781812071800232,Positive
2018-06-27,850.0,859.0,845.0,850.0,856.0,0.0,864.0,878.6,904.4,28.421052631578945,-23.875636703392047,-17.892747574987332,19.528895969284086,0.41563624143600464,Positive
2018-06-26,860.0,865.0,845.0,845.0,1368.0,0.8312724828720093,870.4,883.2,911.9,23.33333333333333,-22.543581860417362,-16.397025292886156,17.338460780114943,0.8312724828720093,Strongly Positive
2018-06-25,877.0,877.0,860.0,869.0,765.0,0.0,881.4,888.7,918.9,38.28828828828829,-20.00639794286883,-14.860386151003352,11.671903586592832,0.0,Neutral
2018-06-24,888.0,895.0,884.0,885.0,585.0,0.0,887.6,893.1,922.5,38.63636363636364,-18.92066286348347,-13.573883203036981,11.713714659001859,0.0,Neutral
2018-06-21,880.0,886.0,871.0,871.0,750.0,0.0,888.6,893.4,926.75,28.861788617886177,-18.888751356871808,-12.237188287925358,11.520030864217173,0.0,Neutral
2018-06-20,890.0,890.0,882.0,882.0,600.0,0.0,893.2,899.5,931.85,28.979591836734684,-17.147820650514745,-10.574297520688743,14.183323540979316,0.0,Neutral
2018-06-19,882.0,900.0,875.0,900.0,1499.0,0.0,896.0,907.0,937.0,29.338842975206617,-15.796337157666017,-8.930916738232241,21.725560982434114,0.0,Neutral
2018-06-18,873.0,900.0,873.0,900.0,2291.0,0.0,896.0,909.1,941.05,33.46303501945526,-15.67431514086411,-7.214561633373796,21.987117440328685,0.0,Neutral
2018-06-17,890.0,891.0,890.0,890.0,230.0,0.0,898.6,912.6,945.35,41.23711340206185,-15.290580637369658,-5.099623256501216,23.13342939464538,0.0,Neutral
2018-06-14,913.0,915.0,894.0,894.0,1434.0,0.0,898.2,921.1,950.3,37.9746835443038,-13.56020560727518,-2.5518839112841043,28.82302320486506,0.0,Neutral
2018-06-13,888.0,908.0,888.0,896.0,1344.0,0.0,905.8,930.2,955.1,37.85488958990536,-11.561651214575932,0.20019651271366445,33.329333093327975,0.0,Neutral
2018-06-12,896.0,915.0,891.0,900.0,3179.0,0.0,918.0,940.6,958.85,36.92307692307693,-9.046235953864311,3.1406584445360632,37.443883939116844,0.0,Neutral
2018-06-11,880.0,923.0,880.0,913.0,4722.0,0.0,922.2,949.1,963.0,39.24050632911393,-6.1113424981359685,6.1873820441361564,36.84637778068828,0.0,Neutral
2018-06-10,932.0,932.0,888.0,888.0,1110.0,0.0,926.6,951.9,967.15,33.44594594594595,-3.60009532376057,9.262063179704187,34.80565088222009,0.0,Neutral
2018-06-07,941.0,941.0,925.0,932.0,2510.0,0.0,944.0,960.1,972.75,38.8235294117647,2.2029888198785557,12.477602805570374,26.822254441694902,0.0,Neutral
2018-06-06,939.0,995.0,939.0,957.0,720.0,0.0,954.6,964.2,976.15,42.857142857142854,5.097790925834374,15.046256301993328,25.1298848209222,0.0,Neutral
2018-06-04,918.0,960.0,915.0,921.0,4947.0,0.0,963.2,967.0,977.3,38.31775700934579,6.1730068366968,17.533372646033065,25.789748178546194,0.0,Neutral
2018-06-03,956.0,970.0,931.0,935.0,9658.0,0.0,976.0,973.0,981.2,38.679245283018865,11.12103868166355,20.373464098367133,20.292308340342057,0.0,Neutral
2018-05-31,986.0,990.0,972.0,975.0,769.0,0.0,977.2,978.1,985.3,44.32432432432433,15.849311492051584,22.68657045254303,15.530972638983958,0.0,Neutral
2018-05-30,990.0,1009.0,981.0,985.0,3756.0,0.0,976.2,979.5,986.8,45.81005586592178,17.581044257426015,24.395885192665887,15.848238598293163,0.0,Neutral
2018-05-29,985.0,1007.0,973.0,1000.0,7096.0,0.0,973.8,980.0,986.05,50.0,18.51745888875962,26.09959542647585,16.117623205036846,0.0,Neutral
2018-05-28,950.0,990.0,948.0,985.0,4625.0,0.0,970.8,977.1,984.55,51.4792899408284,17.91604688891607,27.995129560904907,14.662499408035533,0.0,Neutral
2018-05-27,963.0,963.0,941.0,941.0,1955.0,0.0,970.0,976.9,985.55,29.861111111111114,18.41510216345887,30.514900228902118,14.556022045171906,0.0,Neutral
2018-05-24,977.0,988.0,970.0,970.0,2545.0,0.0,979.0,982.4,989.1,32.330827067669176,23.264222136952412,33.53984974526293,8.694826047815667,0.0,Neutral
2018-05-23,971.0,985.0,968.0,973.0,1678.0,0.0,982.8,985.4,991.4,38.732394366197184,26.16234658112853,36.108756647340556,9.106774035580248,0.0,Neutral
2018-05-22,985.0,990.0,985.0,985.0,625.0,0.0,986.2,988.1,994.25,54.54545454545455,29.17540946687859,38.59535916389356,9.024041962176858,0.0,Neutral
2018-05-21,976.0,988.0,976.0,981.0,958.0,0.0,983.4,987.6,993.05,53.41614906832298,31.374985594263194,40.9503465881473,9.347608131472526,0.0,Neutral
2018-05-20,1008.0,1010.0,986.0,986.0,2650.0,0.0,983.8,989.4,992.75,45.02617801047121,34.13335387911752,43.34418683661832,9.663217775646896,-0.195625439286232,Slightly Negative
2018-05-17,990.0,1000.0,987.0,989.0,2172.0,0.0,985.8,992.5,991.2,44.10256410256411,36.648458797180865,45.64689507599352,12.886254520122115,-0.391250878572464,Negative
2018-05-16,990.0,1000.0,980.0,990.0,1164.0,-0.782501757144928,988.0,994.1,987.75,43.43434343434343,39.0201242191863,47.89650414569668,13.386975428114045,-0.782501757144928,Strongly Negative
2018-05-15,980.0,980.0,967.0,971.0,549.0,0.0,990.0,992.1,982.4,34.71502590673575,41.3778480964487,50.11559912732427,15.408871903392022,0.0,Neutral
2018-05-14,999.0,999.0,983.0,983.0,3281.0,0.0,991.8,992.0,977.8,54.400000000000006,45.71984696384277,52.30003688504316,15.56349003996316,-0.176764577627182,Slightly Negative
2018-05-10,1005.0,1007.0,990.0,996.0,2549.0,0.0,995.0,994.2,970.25,54.183266932270925,49.374982289660466,53.945084365343256,15.704210334303378,-0.353529155254364,Negative
2018-05-09,1000.0,1010.0,994.0,1000.0,5540.0,-0.707058310508728,999.2,995.8,959.95,58.42696629213483,51.99844618130919,55.087609884263955,16.69198077593091,-0.707058310508728,Strongly Negative
2018-05-08,981.0,1000.0,981.0,1000.0,4354.0,0.0,1000.2,997.4,949.75,63.245033112582774,54.18332633128534,55.85990081000264,17.864925288323672,0.0,Neutral
2018-05-07,999.0,1001.0,980.0,980.0,4361.0,0.0,994.2,1000.4,940.3,65.20376175548589,56.18390679425465,56.27904442968196,20.65160741663301,0.0,Neutral
2018-05-06,1020.0,1020.0,997.0,999.0,2589.0,0.0,992.2,998.5,928.25,69.73684210526315,59.95651812270978,56.30282883853878,23.424820644437325,0.0,Neutral
2018-05-03,1007.0,1020.0,997.0,1017.0,10689.0,0.0,993.4,996.1,914.25,77.77777777777777,61.9651017728803,55.38940651749603,24.569402832738543,0.0,Neutral
2018-05-02,971.0,1006.0,970.0,1005.0,4467.0,0.0,992.4,989.9,897.15,79.61432506887053,61.794747060583404,53.745482703649955,26.459402865556132,0.0,Neutral
2018-04-29,955.0,995.0,952.0,970.0,2602.0,0.0,994.6,981.4,880.3,76.04790419161677,61.900297997824964,51.73316661441659,33.725031916657144,0.0,Neutral
2018-04-26,1005.0,1015.0,951.0,970.0,13401.0,0.0,1006.6,972.7,864.9,72.77936962750717,64.69828776866314,49.19138376856449,45.98562577349042,0.0,Neutral
2018-04-25,1032.0,1032.0,994.0,1005.0,12935.0,0.0,1004.8,963.6,850.5,84.4559585492228,67.32847416317054,45.314657768539824,54.74831301309173,0.0,Neutral
2018-04-24,1036.0,1036.0,990.0,1012.0,13637.0,0.0,998.8,946.3,833.0,86.71679197994987,66.14258880978662,39.81120366988214,66.32252843325108,0.0,Neutral
2018-04-23,1050.0,1065.0,999.0,1016.0,32730.0,0.0,987.4,924.1,815.65,88.8382687927107,62.95416657605233,33.22835738490602,78.01203610840643,0.0,Neutral
2018-04-22,979.0,1035.0,979.0,1030.0,14511.0,0.0,968.2,902.1,795.9,91.89814814814815,57.561610683888944,25.79690508711944,80.20591554798393,0.0,Neutral
2018-04-19,956.0,993.0,940.0,961.0,9373.0,0.0,938.8,880.2,778.15,90.51490514905149,48.41603409885306,17.855728687927062,70.74335461528226,0.0,Neutral
2018-04-18,973.0,1012.0,945.0,975.0,21301.0,0.0,922.4,858.0,764.6,89.06666666666666,43.06417403433295,10.21565233519556,77.11607412783768,0.0,Neutral
2018-04-17,938.0,960.0,910.0,955.0,18644.0,0.0,893.8,832.4,751.35,89.26701570680629,34.181411929664364,2.003521910411213,76.44925695446653,0.0,Neutral
2018-04-16,895.0,938.0,867.0,920.0,24603.0,0.0,860.8,804.4,740.5,85.71428571428571,24.382956851637573,-6.040950594402074,77.82059139100328,0.0,Neutral
2018-04-15,870.0,896.0,840.0,883.0,16476.0,0.0,836.0,779.2,732.05,85.98901098901099,15.085540270568686,-13.646927455911985,77.02495987954417,0.0,Neutral
2018-04-12,832.0,894.0,832.0,879.0,22179.0,0.0,821.6,757.1,726.85,74.6376811594203,6.766502521341636,-20.83004438753215,75.62546602244487,0.0,Neutral
2018-04-11,790.0,832.0,790.0,832.0,3796.0,0.0,793.6,737.4,720.9,68.58638743455498,-3.5427638788913782,-27.729181114750595,65.29624797797165,0.2168908268213272,Positive
2018-04-10,811.0,815.0,765.0,790.0,9233.0,0.0,771.0,719.7,716.95,61.11111111111111,-11.86415097331394,-33.7757854237154,60.62645187265504,0.4337816536426544,Positive
2018-04-09,827.0,832.0,785.0,796.0,12722.0,0.8675633072853088,748.0,707.2,713.65,57.59162303664921,-18.03633375967422,-39.253694036315764,57.317439657485814,0.8675633072853088,Strongly Positive
2018-04-08,752.0,812.0,740.0,811.0,14481.0,0.0,722.4,689.7,710.7,57.89473684210526,-26.262845843215132,-44.558034105476146,53.8001445681712,-0.10713066160678862,Slightly Negative
2018-04-05,719.0,743.0,701.0,739.0,4911.0,0.0,692.6,676.1,708.9,44.047619047619044,-37.90813441757871,-49.1318311710414,32.834433145716226,-0.01730274409055707,Neutral
2018-04-04,688.0,719.0,685.0,719.0,3500.0,-0.4285226464271545,681.2,671.2,708.7,43.88059701492537,-44.88945715187435,-51.93775535940706,25.165231747181984,-0.03460548818111414,Neutral
2018-04-03,665.0,681.0,650.0,675.0,1984.0,0.7878343164920807,668.4,670.3,709.85,36.912751677852356,-51.11086242871181,-53.69982991129023,23.36212509360764,0.7878343164920807,Strongly Positive
2018-04-02,654.0,675.0,652.0,668.0,1552.0,0.0,666.4,676.6,715.1,41.25,-53.8282071649121,-54.34707178193483,31.75671407575727,0.0,Neutral
2018-04-01,682.0,685.0,650.0,662.0,1591.0,0.0,657.0,684.9,724.2,38.53211009174312,-55.80084416035447,-54.476787936190505,39.22711647148202,0.0,Neutral
2018-03-29,653.0,690.0,653.0,682.0,1868.0,0.0,659.6,696.6,734.55,36.52173913043479,-56.89608855584129,-54.14577388014951,48.08603400850676,0.0,Neutral
2018-03-28,678.0,678.0,642.0,655.0,8902.0,0.0,661.2,704.4,743.0,38.8268156424581,-59.502802841632274,-53.45819521122657,51.64881411998379,0.0,Neutral
2018-03-27,610.0,679.0,598.0,665.0,5525.0,0.0,672.2,714.2,754.5,39.15492957746479,-59.21533194325457,-51.947043303625136,50.51908330302972,0.0,Neutral
2018-03-26,662.0,662.0,621.0,621.0,2388.0,0.0,686.8,720.1,766.6,27.220630372492835,-59.00528244105942,-50.12997114371778,47.489063068372005,0.0,Neutral
2018-03-22,677.0,704.0,656.0,675.0,5161.0,0.0,712.8,731.7,780.85,26.027397260273972,-53.398924240933184,-47.91114331938237,32.34553034553748,0.0,Neutral
2018-03-21,700.0,700.0,688.0,690.0,1751.0,0.0,733.6,741.7,793.1,25.74525745257452,-50.9646426947221,-46.53919808899467,28.039852591162653,0.0,Neutral
2018-03-20,724.0,724.0,703.0,710.0,5087.0,0.0,747.6,746.2,804.85,30.79019073569482,-48.6435830819986,-45.432836937562804,21.71942295122389,0.0,Neutral
2018-03-19,741.0,741.0,736.0,738.0,1270.0,0.0,756.2,749.4,816.85,30.294906166219846,-47.009887604202504,-44.63015040145385,17.796379157343864,0.0,Neutral
2018-03-18,766.0,766.0,751.0,751.0,1443.0,0.0,753.4,753.6,826.45,29.581151832460733,-47.09182701102702,-44.035216100766675,19.664971678392057,0.0,Neutral
2018-03-15,775.0,779.0,760.0,779.0,2291.0,0.0,750.6,763.5,834.4,32.11267605633802,-47.835075824668024,-43.271063373201585,36.18854944747035,0.0,Neutral
2018-03-14,745.0,760.0,745.0,760.0,827.0,0.0,749.8,772.5,841.45,27.14285714285714,-50.93885775299293,-42.13006026033497,49.29108551363063,-0.09925100207328795,Slightly Negative
2018-03-13,725.0,753.0,725.0,753.0,885.0,0.0,744.8,781.6,849.95,25.28735632183907,-52.2249378469204,-39.92786088717048,54.81727221719729,-0.1985020041465759,Slightly Negative
2018-03-12,745.0,751.0,724.0,724.0,943.0,-0.3970040082931518,742.6,794.8,858.05,17.15116279069767,-52.39408097994158,-36.853591647233,62.51719763393938,-0.3970040082931518,Negative
2018-03-11,775.0,775.0,737.0,737.0,3053.0,0.0,753.8,813.1,868.6,22.507122507122517,-48.895146128198576,-32.96846931405585,66.16721242429,0.0,Neutral
2018-03-07,749.0,775.0,735.0,775.0,3444.0,0.0,776.4,830.0,879.5,29.729729729729726,-45.041667155563914,-28.986800110520164,66.15302126300367,0.0,Neutral
2018-03-06,750.0,763.0,718.0,735.0,5422.0,0.0,795.2,844.5,887.75,19.471947194719476,-43.337166108229326,-24.973083349259223,68.60393574716585,0.0,Neutral
2018-03-05,795.0,805.0,742.0,742.0,4581.0,0.0,818.4,863.5,897.75,19.281045751633982,-36.45851690078439,-20.382062659516695,60.771429690834275,0.0,Neutral
2018-03-04,833.0,834.0,767.0,780.0,4500.0,0.0,847.0,884.3,907.65,26.14840989399292,-27.86128075745239,-16.36294909919977,49.02618348054546,0.0,Neutral
2018-02-28,855.0,855.0,831.0,850.0,1500.0,0.0,872.4,899.3,915.15,31.759656652360505,-20.351917087127504,-13.488366184636615,34.30597615578826,0.0,Neutral
2018-02-27,860.0,880.0,845.0,869.0,1429.0,0.0,883.6,905.3,919.15,31.623931623931625,-17.59848320846345,-11.772478459013893,29.657489217197856,0.0,Neutral
2018-02-26,881.0,881.0,850.0,851.0,6042.0,0.0,893.8,910.4,921.85,30.735930735930737,-15.76266784757297,-10.315977271651503,26.98641633615384,0.10682392120361328,Slightly Positive
2018-02-25,895.0,900.0,885.0,885.0,2640.0,0.0,908.6,918.3,925.05,37.62376237623763,-11.35749743643521,-8.954304627671135,17.5945067185263,0.21364784240722656,Positive
2018-02-22,924.0,924.0,897.0,907.0,6980.0,0.4272956848144531,921.6,921.3,926.4,41.08108108108108,-9.031516330780391,-8.353506425480115,13.325414315070315,0.4272956848144531,Positive
2018-02-21,910.0,915.0,904.0,906.0,1469.0,0.0,926.2,924.1,927.0,43.81443298969072,-8.171351118387634,-8.184003949155045,12.922418074436235,0.18314117193222046,Slightly Positive
2018-02-20,943.0,943.0,912.0,920.0,2168.0,0.0,927.0,929.0,927.8,47.22222222222223,-6.852793321938975,-8.187167156846897,14.4913767462464,0.3662823438644409,Positive
2018-02-18,957.0,960.0,918.0,925.0,5073.0,0.7325646877288818,927.0,931.0,928.5,50.54945054945055,-6.495611649788998,-8.520760615573877,14.491376746246733,0.7325646877288818,Strongly Positive
2018-02-15,930.0,950.0,925.0,950.0,6945.0,0.0,928.0,932.0,929.25,60.6060606060606,-6.454327236975246,-9.027047857020097,14.375905768623138,-0.15434414148330688,Slightly Negative
2018-02-14,910.0,930.0,910.0,930.0,1106.0,0.0,921.0,931.0,928.8,56.08108108108108,-8.853206735718913,-9.67022801203131,13.291601358313724,-0.30868828296661377,Negative
2018-02-12,920.0,915.0,910.0,910.0,1630.0,-0.6173765659332275,922.0,931.0,930.05,46.666666666666664,-9.749911743413918,-9.87448333110941,13.291601358313724,-0.6173765659332275,Strongly Negative
2018-02-11,930.0,920.0,913.0,920.0,769.0,0.0,931.0,933.0,932.55,49.21875,-8.716252873331314,-9.905626228033283,11.105554166046979,0.0,Neutral
2018-02-08,915.0,930.0,908.0,930.0,775.0,0.0,935.0,933.3,934.5,48.46153846153846,-8.288328237359224,-10.202969566708775,10.750193796780515,0.0,Neutral
2018-02-07,935.0,918.0,915.0,915.0,141.0,0.0,936.0,931.8,935.7,39.6694214876033,-8.639765109447808,-10.681629899046163,12.209286083482986,0.0,Neutral
2018-02-06,955.0,948.0,935.0,935.0,407.0,0.0,941.0,931.5,936.85,47.05882352941176,-7.43538431550337,-11.19209609644575,12.695143428426874,0.0,Neutral
2018-02-05,940.0,958.0,922.0,955.0,1988.0,0.0,940.0,929.9,937.1,50.0,-7.826369057552483,-12.131274041681346,13.203114110840604,0.0,Neutral
2018-02-04,935.0,955.0,931.0,940.0,2360.0,0.0,935.0,926.6,936.85,38.372093023255815,-10.24793330565808,-13.20750028771356,9.957688263708421,0.0,Neutral
2018-02-01,940.0,935.0,930.0,935.0,1302.0,0.0,931.6,926.0,938.45,35.365853658536594,-11.662396279703216,-13.947392033227427,9.213516640812403,0.0,Neutral
2018-01-31,930.0,940.0,928.0,940.0,4719.0,0.0,927.6,926.5,938.45,41.463414634146346,-12.789039620688868,-14.518640971608477,9.868580895474755,0.0,Neutral
2018-01-29,930.0,935.0,921.0,930.0,3648.0,0.0,922.0,926.6,939.15,45.45454545454546,-14.55011472688227,-14.951041309338379,10.024414640792235,0.0,Neutral
2018-01-28,923.0,941.0,920.0,930.0,1744.0,0.0,919.8,929.1,939.75,44.444444444444436,-15.568067102760097,-15.051272954952404,13.486206945595555,0.0,Neutral
2018-01-25,915.0,925.0,910.0,923.0,4574.0,0.0,918.2,932.1,941.0,35.483870967741936,-16.64089988647663,-14.92207441800048,16.669666396765212,0.0,Neutral
2018-01-24,912.0,915.0,906.0,915.0,3734.0,0.0,920.4,935.7,943.45,23.36448598130842,-17.055447913889793,-14.492368050881442,18.294200659757177,0.0,Neutral
2018-01-23,919.0,915.0,900.0,912.0,7647.0,0.0,925.4,939.6,946.2,41.84397163120568,-16.521937244676906,-13.851598085129355,17.532192611863426,0.0,Neutral
2018-01-22,922.0,920.0,915.0,919.0,2395.0,0.0,931.2,942.2,949.15,38.56209150326797,-15.295209994231755,-13.184013295242465,14.6802966970298,0.0,Neutral
2018-01-21,934.0,952.0,920.0,922.0,1309.0,0.0,938.4,944.3,952.5,43.82716049382716,-14.219711431020187,-12.656214120495143,12.302212989790382,0.0,Neutral
2018-01-17,940.0,934.0,923.0,934.0,1070.0,0.0,946.0,947.1,956.5,43.55828220858896,-12.945606553160701,-12.26533979286388,9.538809616017334,0.0,Neutral
2018-01-16,941.0,945.0,938.0,940.0,909.0,0.0,951.0,950.9,960.0,40.80459770114943,-12.352903868283192,-12.095273102789672,11.169900029472993,0.0,Neutral
2018-01-14,955.0,954.0,941.0,941.0,993.0,0.0,953.8,950.4,963.75,41.714285714285715,-12.02763020331895,-12.030865411416292,11.805836598036137,0.0,Neutral
2018-01-10,960.0,955.0,940.0,955.0,3406.0,0.0,953.2,951.7,967.65,45.06172839506173,-11.539333558898306,-12.031674213440626,11.363195951138936,0.0,Neutral
2018-01-09,959.0,971.0,960.0,960.0,2061.0,0.0,950.2,950.4,969.9,42.441860465116285,-12.173699171890007,-12.154759377076205,11.682845924287482,0.0,Neutral
2018-01-08,954.0,979.0,937.0,959.0,2937.0,0.0,948.2,949.9,973.05,38.50267379679144,-13.315399293608493,-12.150024428372753,11.32793989320086,0.0,Neutral
2018-01-07,938.0,958.0,940.0,954.0,3876.0,0.0,950.8,951.2,976.6,36.41304347826087,-14.477127095603805,-11.858680712063816,13.096225071098404,0.0,Neutral
2018-01-04,940.0,942.0,935.0,938.0,3436.0,0.0,947.0,952.8,980.6,28.491620111731848,-15.240246914214595,-11.204069116178818,14.389811210312297,0.0,Neutral
2018-01-03,950.0,960.0,940.0,940.0,2135.0,0.0,950.2,956.1,984.65,28.176795580110493,-14.36349807303452,-10.195024666669873,14.402546071271951,0.0,Neutral
2018-01-02,972.0,972.0,950.0,950.0,6675.0,0.0,950.6,960.7,988.65,36.8421052631579,-13.23916048922979,-9.15290631507871,15.951663096911053,0.0,Neutral
2018-01-01,935.0,972.0,935.0,972.0,4258.0,0.0,951.6,965.9,992.15,36.64921465968587,-12.629709093330234,-8.13134277154094,20.030254893858267,0.0,Neutral
2017-12-31,954.0,950.0,935.0,935.0,2082.0,0.0,951.6,969.1,993.9,20.496894409937894,-13.908122633933544,-7.006751191093615,23.38779358748332,0.0,Neutral
2017-12-28,942.0,977.0,930.0,954.0,1770.0,0.0,958.6,977.1,996.15,22.602739726027394,-11.570270496537432,-5.281408330383632,24.099100951457537,0.0,Neutral
2017-12-27,955.0,965.0,935.0,942.0,3910.0,0.0,962.0,983.6,997.7,24.161073825503365,-10.352571652129427,-3.7091927888451823,25.87663038345422,0.0,Neutral
2017-12-26,972.0,965.0,945.0,955.0,9716.0,0.0,970.8,989.4,998.7,26.277372262773724,-7.4259440848720715,-2.048348073024121,21.675382862227725,0.0,Neutral
2017-12-24,970.0,985.0,972.0,972.0,2855.0,0.0,980.2,996.2,999.05,30.0,-4.90612571233828,-0.7039490700621329,20.30763403259879,0.0,Neutral
2017-12-21,971.0,972.0,969.0,970.0,1071.0,0.0,986.6,1002.0,998.5,35.87786259541984,-3.349468433761217,0.34659509050690407,20.9018872088355,0.0,Neutral
2017-12-20,986.0,1000.0,967.0,971.0,2560.0,0.0,995.6,1008.4,997.25,47.13375796178344,-1.1102517846135243,1.2706109715739344,19.783270148784826,0.11155281215906143,Slightly Positive
2017-12-19,1002.0,999.0,986.0,986.0,1402.0,0.0,1005.2,1013.2,995.45,50.34013605442177,1.6621338553476335,1.865826660620799,14.92797522929652,0.22310562431812286,Positive
2017-12-18,1004.0,1010.0,1000.0,1002.0,2867.0,0.4462112486362457,1008.0,1016.6,993.65,62.987012987012996,3.649256852456574,1.9167498619390901,11.529671865903005,0.4462112486362457,Positive
2017-12-17,1015.0,1020.0,1004.0,1004.0,3065.0,0.0,1012.2,1018.4,991.9,63.81578947368421,4.503377378185178,1.4836231143097192,10.340857475828766,0.0,Neutral
2017-12-14,1019.0,1020.0,1005.0,1015.0,1839.0,0.0,1017.4,1018.7,990.95,69.01408450704226,5.32440572370524,0.7286845483408542,9.911273043126457,0.0,Neutral
2017-12-13,1000.0,1021.0,985.0,1019.0,2021.0,0.0,1021.2,1015.2,990.7,74.02597402597402,5.174890546915208,-0.4202457455002422,15.79592071115728,0.0,Neutral
2017-12-12,1023.0,1015.0,1000.0,1000.0,2984.0,0.0,1021.2,1011.8,988.85,72.41379310344828,4.501510949675321,-1.8190298186041047,18.341210429032248,0.0,Neutral
2017-12-11,1030.0,1023.0,1017.0,1023.0,973.0,0.0,1025.2,1008.0,988.35,76.64233576642336,5.511102649930194,-3.3991650106739613,24.09241466616556,0.07634975761175156,Slightly Positive
2017-12-10,1034.0,1054.0,1015.0,1030.0,11637.0,0.0,1024.6,1001.9,984.95,71.42857142857143,4.3777291088021,-5.626731925825,27.371721011166066,0.1526995152235031,Slightly Positive
2017-12-06,1019.0,1034.0,1005.0,1034.0,5304.0,0.3053990304470062,1020.0,995.0,981.8,65.21739130434783,2.1547290019977936,-8.127847184481775,28.18589087551454,0.3053990304470062,Positive
2017-12-05,1020.0,1019.0,1000.0,1019.0,5144.0,0.0,1009.2,986.1,979.0,52.631578947368425,-1.1212417379888393,-10.698491231101668,28.551902057709594,0.21720293164253235,Positive
2017-12-04,1020.0,1040.0,1015.0,1020.0,4038.0,0.0,1002.4,977.7,977.7,59.5959595959596,-3.758989966292006,-13.092803604379874,30.111090610930557,0.4344058632850647,Positive
2017-11-30,1007.0,1020.0,992.0,1020.0,16730.0,0.8688117265701294,990.8,970.7,977.2,57.28155339805825,-7.172857850907462,-15.42625701390184,27.17862722397213,0.8688117265701294,Strongly Positive
2017-11-29,980.0,1020.0,980.0,1007.0,15843.0,0.0,979.2,965.4,977.2,61.40350877192982,-11.42586220034866,-17.489606804650432,20.950735866197416,0.0,Neutral
2017-11-28,985.0,985.0,970.0,980.0,10876.0,0.0,970.0,963.2,977.55,53.051643192488264,-15.364411574357746,-19.005542955725875,16.850980848525808,0.0,Neutral
2017-11-27,962.0,985.0,955.0,985.0,13354.0,0.0,963.0,966.2,977.85,51.59817351598174,-17.41885951610243,-19.915825801067907,22.044399641573296,0.0,Neutral
2017-11-26,962.0,980.0,958.0,962.0,7006.0,0.0,953.0,965.9,979.85,42.65402843601896,-20.296807841513214,-20.540067372309274,21.778939878333432,0.0,Neutral
2017-11-23,961.0,975.0,962.0,962.0,3523.0,0.0,950.6,968.7,983.25,39.473684210526315,-21.333071953706394,-20.600882255008283,22.988161204354906,0.0,Neutral
2017-11-22,945.0,969.0,945.0,961.0,4865.0,0.0,951.6,968.0,986.95,37.552742616033754,-22.34542255576082,-20.417834830333756,23.31904324322992,0.0,Neutral
2017-11-21,935.0,958.0,945.0,945.0,4118.0,0.0,956.4,968.6,991.15,34.80176211453744,-23.210707541571878,-19.93593789897699,23.195785057770657,0.0,Neutral
2017-11-20,950.0,960.0,935.0,935.0,3375.0,0.0,969.4,971.9,995.95,39.59183673469388,-22.348424631947864,-19.11724548832827,21.768733949856745,-0.20302963256835938,Negative
2017-11-19,967.0,986.0,949.0,950.0,6173.0,0.0,978.8,977.7,1001.95,36.05947955390335,-19.904588269017836,-18.30945070242337,18.29420065976301,-0.40605926513671875,Negative
2017-11-16,985.0,980.0,967.0,967.0,5873.0,-0.8121185302734375,986.8,983.7,1007.95,37.7431906614786,-18.023115845510347,-17.91066631077475,18.03730701757799,-0.8121185302734375,Strongly Negative
2017-11-15,1010.0,1010.0,985.0,985.0,2022.0,0.0,984.4,989.0,1010.85,39.59183673469388,-17.090427539935035,-17.882553927090854,20.237478982262207,0.0,Neutral
2017-11-14,982.0,1010.0,978.0,1010.0,4346.0,0.0,980.8,991.9,1013.8,42.35807860262009,-17.484117338420106,-18.080585523879808,21.63048260626056,0.0,Neutral
2017-11-13,990.0,993.0,972.0,982.0,1896.0,0.0,974.4,989.5,1013.3,35.609756097560975,-20.277748792654847,-18.229702570244733,20.710974010084506,0.0,Neutral
2017-11-12,955.0,990.0,950.0,990.0,1325.0,0.0,976.6,993.8,1014.2,34.597156398104275,-20.69758022998485,-17.717691014642202,23.28471124535903,0.0,Neutral
2017-11-09,967.0,985.0,950.0,955.0,4773.0,0.0,980.6,997.8,1014.8,19.89528795811519,-21.746927552104694,-16.97271871080654,25.853433040932693,0.0,Neutral
2017-11-08,978.0,978.0,959.0,967.0,1117.0,0.0,993.6,1005.9,1017.8,37.05357142857143,-19.20632100612511,-15.779166500482,23.53932879251291,0.0,Neutral
2017-11-07,993.0,991.0,975.0,978.0,2378.0,0.0,1003.0,1013.7,1020.0,35.77586206896552,-16.906036709167324,-14.922377874071223,22.096002655127396,0.0,Neutral
2017-11-06,1010.0,1010.0,971.0,993.0,2757.0,0.0,1004.6,1020.0,1022.15,48.65900383141762,-14.844131490735208,-14.426463165297198,19.629909152500584,0.0,Neutral
2017-11-05,1020.0,1020.0,990.0,1010.0,2864.0,0.0,1011.0,1026.2,1023.9,52.04918032786885,-13.523748735707727,-14.322046083937696,19.94325282734625,0.0,Neutral
2017-11-02,1014.0,1020.0,1001.0,1020.0,2351.0,0.0,1015.0,1032.2,1025.45,53.813559322033896,-13.372660219498584,-14.521620420995188,23.275165592009895,0.2318943738937378,Positive
2017-11-01,986.0,1023.0,999.0,1014.0,4824.0,0.0,1018.2,1032.7,1026.85,49.794238683127574,-14.00348672834457,-14.808860471369337,23.03644455596236,0.4637887477874756,Positive
2017-10-31,1025.0,1025.0,986.0,986.0,2971.0,0.9275774955749512,1024.4,1035.7,1028.05,44.29223744292238,-13.994054574495749,-15.010203907125529,22.271306901780022,0.9275774955749512,Strongly Positive
2017-10-30,1030.0,1049.0,1025.0,1025.0,543.0,0.0,1035.4,1037.1,1030.75,51.05263157894737,-10.927556740681212,-15.264241240282974,18.999707600146344,0.0,Neutral
2017-10-29,1036.0,1037.0,1017.0,1030.0,655.0,0.0,1041.4,1034.6,1031.5,50.520833333333336,-10.825553225657359,-16.348412365183414,22.15200016055594,0.0,Neutral
2017-10-25,1045.0,1050.0,1025.0,1036.0,441.0,0.0,1049.4,1031.8,1032.45,48.74371859296483,-11.046987965017479,-17.72912715006493,24.448585507866934,0.0,Neutral
2017-10-24,1041.0,1059.0,1042.0,1045.0,796.0,0.0,1047.2,1029.7,1032.65,49.23857868020305,-11.779844843764067,-19.39966194632679,24.944605295243136,0.0,Neutral
2017-10-23,1055.0,1056.0,1041.0,1041.0,1515.0,0.0,1047.0,1026.3,1030.5,50.73891625615763,-13.460257153091106,-21.304616221967475,24.944605295242827,0.0,Neutral
2017-10-22,1070.0,1091.0,1055.0,1055.0,580.0,0.0,1038.8,1024.3,1030.45,53.92670157068063,-15.002016032950678,-23.265705989186568,24.43153699631101,0.0,Neutral
2017-10-18,1025.0,1071.0,1020.0,1070.0,3082.0,0.0,1027.8,1021.6,1029.95,58.52272727272727,-18.17710440640144,-25.331628478245538,22.036333633390587,0.0,Neutral
2017-10-17,1044.0,1055.0,1025.0,1025.0,1759.0,0.0,1014.2,1018.7,1028.0,41.42857142857144,-23.492550229876315,-27.120259496206558,16.05580545755887,0.0,Neutral
2017-10-16,1000.0,1044.0,1020.0,1044.0,1151.0,0.0,1012.2,1021.0,1030.25,51.53846153846153,-25.35346398667707,-28.027186812789118,18.517259216498186,0.0,Neutral
2017-10-15,1000.0,1020.0,1000.0,1000.0,1925.0,0.0,1005.6,1020.4,1032.8,49.19354838709677,-29.29443443282389,-28.69561751931713,17.771387740531626,0.0,Neutral
2017-10-12,1002.0,1015.0,1000.0,1000.0,1947.0,0.0,1009.8,1024.4,1036.8,37.65432098765432,-29.418444937791946,-28.545913290940437,17.160678567323668,0.0,Neutral
2017-10-11,1015.0,1015.0,999.0,1002.0,866.0,0.0,1015.4,1028.4,1041.3,36.96969696969697,-29.148822783219657,-28.327780379227555,15.414279094467247,0.0,Neutral
2017-10-10,1011.0,1030.0,1010.0,1015.0,1751.0,0.0,1023.2,1033.1,1047.05,45.18072289156626,-28.584340356355142,-28.122519778229528,13.519122259555786,0.0,Neutral
2017-10-09,1021.0,1020.0,1000.0,1011.0,1444.0,0.0,1029.8,1035.6,1053.85,35.3233830845771,-28.771719653610262,-28.00706463369812,12.029593139972427,0.0,Neutral
2017-10-08,1028.0,1027.0,1000.0,1021.0,1720.0,0.0,1035.2,1034.7,1061.15,32.87037037037037,-28.185113307145002,-27.815900878720086,14.213061285777512,0.0,Neutral
2017-10-04,1041.0,1050.0,1020.0,1028.0,6172.0,0.0,1039.0,1036.6,1067.85,38.392857142857146,-28.044606831371084,-27.723597771613854,13.426342266932986,0.0,Neutral
2017-09-26,1048.0,1068.0,1036.0,1041.0,2737.0,0.0,1041.4,1038.3,1074.45,38.91402714932127,-28.170075193836055,-27.643345506674542,13.292019326646706,0.0,Neutral
2017-09-25,1038.0,1048.0,1038.0,1048.0,935.0,0.0,1043.0,1037.3,1081.05,35.684647302904565,-29.244108264562556,-27.51166308488416,13.44164341812211,0.0,Neutral
2017-09-24,1040.0,1040.0,1020.0,1038.0,1485.0,0.0,1041.4,1039.5,1086.25,28.679245283018872,-30.902323445532602,-27.078551789964557,16.774650186846387,-0.1605709344148636,Slightly Negative
2017-09-20,1040.0,1045.0,1030.0,1040.0,527.0,0.0,1034.2,1045.2,1093.4,28.25278810408922,-31.551138844581146,-26.12260887607254,24.23404400613088,-0.3211418688297272,Negative
2017-09-18,1049.0,1069.0,1035.0,1040.0,3264.0,-0.6422837376594543,1034.2,1049.2,1099.7,28.782287822878217,-32.12397393435481,-24.765476383945384,26.477663542482023,-0.6422837376594543,Strongly Negative
2017-09-17,1040.0,1060.0,1020.0,1049.0,4243.0,0.0,1035.2,1054.2,1106.7,29.213483146067404,-32.387862009893524,-22.925851996343027,29.134935120001188,0.0,Neutral
2017-09-14,1002.0,1047.0,1002.0,1040.0,6243.0,0.0,1031.6,1061.0,1112.25,25.461254612546128,-33.16994661525541,-20.560349492955403,35.109352979924424,0.0,Neutral
2017-09-13,1040.0,1060.0,1002.0,1002.0,3331.0,0.0,1037.6,1072.1,1119.75,20.472440944881896,-32.76933537896798,-17.4079502123804,44.122178852239045,0.0,Neutral
2017-09-12,1045.0,1040.0,1021.0,1040.0,4387.0,0.0,1056.2,1087.6,1129.15,21.224489795918373,-27.912273977321547,-13.5676039207335,43.9853510968535,0.0,Neutral
2017-09-11,1031.0,1065.0,1035.0,1045.0,4138.0,0.0,1064.2,1099.1,1136.9,26.274509803921575,-25.175991621368212,-9.981436406586488,45.174845507971234,0.0,Neutral
2017-09-10,1070.0,1079.0,1031.0,1031.0,3555.0,0.0,1073.2,1110.6,1143.1,20.784313725490193,-21.826394990731615,-6.182797602891055,44.50518072217611,0.0,Neutral
2017-09-07,1095.0,1080.0,1070.0,1070.0,1845.0,0.0,1090.4,1124.8,1150.4,30.93220338983052,-15.808162273217476,-2.2718982559309153,38.53944588199715,0.0,Neutral
2017-09-06,1080.0,1123.0,1085.0,1095.0,2507.0,0.0,1106.6,1133.0,1156.6,30.290456431535276,-11.867681062525207,1.1121677483907249,34.045720892847,0.0,Neutral
2017-09-04,1090.0,1096.0,1070.0,1080.0,2280.0,0.0,1119.0,1141.6,1162.1,25.6637168141593,-9.211027865423375,4.357129951119708,34.241625091275225,0.0,Neutral
2017-08-31,1117.0,1102.0,1078.0,1090.0,2777.0,0.0,1134.0,1150.2,1168.95,26.24434389140272,-4.158921015807209,7.749169405255479,27.108014395138518,0.0,Neutral
2017-08-30,1151.0,1140.0,1117.0,1117.0,2970.0,0.0,1148.0,1159.2,1175.2,38.18181818181818,1.331716032478198,10.726192010521151,18.461972929431813,0.0,Neutral
2017-08-28,1157.0,1164.0,1150.0,1151.0,1520.0,0.0,1159.2,1163.5,1181.6,43.29896907216495,5.571304177271941,13.07481100503189,11.067971810708851,0.0,Neutral
2017-08-27,1155.0,1170.0,1157.0,1157.0,1158.0,0.0,1159.4,1167.4,1185.55,40.975609756097555,7.439704984957871,14.950687711971876,12.89444324774544,0.0,Neutral
2017-08-24,1160.0,1165.0,1151.0,1155.0,2048.0,0.0,1164.2,1170.7,1190.15,38.31775700934579,9.105340852441032,16.828433393725376,14.103191128346596,0.0,Neutral
2017-08-23,1173.0,1170.0,1153.0,1160.0,2622.0,0.0,1166.4,1174.7,1190.9,37.10407239819004,11.302492947266046,18.759206529046462,14.810281713969324,0.0,Neutral
2017-08-22,1152.0,1180.0,1155.0,1173.0,2244.0,0.0,1170.4,1175.6,1190.95,39.99999999999999,13.43336717815464,20.623384924491564,14.072826455518367,-0.14722438156604767,Slightly Negative
2017-08-21,1181.0,1175.0,1152.0,1152.0,1292.0,0.0,1167.8,1176.0,1191.75,28.767123287671225,14.634106764806802,22.42088936107579,14.047538337232897,-0.29444876313209534,Negative
2017-08-20,1166.0,1189.0,1166.0,1181.0,3107.0,-0.5888975262641907,1175.4,1180.2,1190.75,38.048780487804876,18.09200919337286,24.367585010143035,12.23655725014363,-0.5888975262641907,Negative
2017-08-17,1180.0,1180.0,1165.0,1166.0,1301.0,0.0,1177.2,1182.6,1186.2,30.143540669856463,19.289666341202974,25.936478964335578,14.546477236867979,0.0,Neutral
2017-08-16,1160.0,1185.0,1160.0,1180.0,5375.0,0.0,1183.0,1187.7,1182.95,51.824817518248175,22.065008135833978,27.598182120118725,16.83943783709553,0.0,Neutral
2017-08-15,1190.0,1179.0,1146.0,1160.0,4460.0,0.0,1180.8,1191.2,1176.45,49.80988593155894,23.860953362641567,28.981475616189908,18.605853320407785,0.13021714985370636,Slightly Positive
2017-08-13,1190.0,1210.0,1180.0,1190.0,6372.0,0.0,1184.2,1199.7,1169.7,50.191570881226056,27.84252776685571,30.26160617957699,21.893936248359488,0.2604342997074127,Positive
2017-08-10,1195.0,1209.0,1190.0,1190.0,6287.0,0.5208685994148254,1185.0,1203.7,1161.2,59.119496855345915,29.464936875262083,30.866375782757306,23.518550597879607,0.5208685994148254,Positive
2017-08-09,1169.0,1225.0,1169.0,1195.0,9514.0,0.0,1188.0,1209.6,1153.8,64.78873239436619,31.107139964533417,31.216735509631107,26.862613424661852,0.0,Neutral
2017-08-07,1177.0,1175.0,1160.0,1169.0,4435.0,0.0,1192.4,1207.1,1146.2,60.0,32.2416298717194,31.244134395905526,29.41447111735863,0.0,Neutral
2017-08-06,1194.0,1200.0,1177.0,1177.0,3063.0,0.0,1201.6,1206.3,1137.75,66.57963446475196,35.8679551005755,30.994760526952057,30.648726636636233,0.0,Neutral
2017-08-03,1205.0,1205.0,1186.0,1194.0,7164.0,0.0,1215.2,1207.5,1128.9,71.61125319693095,39.16020359121603,29.776461883546194,29.590726775696577,0.0,Neutral
2017-08-02,1217.0,1228.0,1201.0,1205.0,3388.0,0.0,1222.4,1201.3,1120.45,74.02597402597402,41.06179779430681,27.430526456628733,38.026452781108844,0.0,Neutral
2017-08-01,1215.0,1240.0,1216.0,1217.0,3820.0,0.0,1231.2,1189.8,1109.65,72.15189873417722,41.77166097288023,24.022708622209212,51.71030415263768,-0.1820589303970337,Slightly Negative
2017-07-31,1245.0,1252.0,1215.0,1215.0,7311.0,0.0,1221.8,1178.2,1099.3,71.8274111675127,40.84829854301711,19.585470534541457,57.605555287686414,-0.3641178607940674,Negative
2017-07-30,1230.0,1259.0,1200.0,1245.0,15042.0,-0.7282357215881348,1211.0,1161.7,1089.5,80.0982800982801,39.27923160827527,14.269763532422544,68.49501198386125,-0.7282357215881348,Strongly Negative
2017-07-27,1249.0,1300.0,1208.0,1230.0,21766.0,0.0,1199.8,1139.7,1077.25,79.33673469387756,33.65065189726624,8.017396513459364,73.88587295433929,0.0,Neutral
2017-07-26,1170.0,1250.0,1180.0,1249.0,25825.0,0.0,1180.2,1118.7,1067.15,78.14070351758794,27.5043461294365,1.6090826675076433,75.20054668833654,0.0,Neutral
2017-07-25,1161.0,1185.0,1150.0,1170.0,4449.0,0.0,1148.4,1098.0,1055.95,75.49295774647887,17.324816278432763,-4.86473319797457,62.818963874172624,0.0,Neutral
2017-07-24,1189.0,1200.0,1160.0,1161.0,8649.0,0.0,1134.6,1085.3,1049.95,70.57220708446866,12.123673577283625,-10.412120567076403,59.38958008122771,0.0,Neutral
2017-07-23,1132.0,1200.0,1149.0,1189.0,15925.0,0.0,1112.4,1069.2,1044.6,74.42528735632185,6.225143459420224,-16.04606910316641,58.40243526126906,0.0,Neutral
2017-07-20,1090.0,1135.0,1088.0,1132.0,9749.0,0.0,1079.6,1050.3,1036.65,71.29032258064515,-4.244982523153567,-21.613872243813066,44.17402454437061,0.0,Neutral
2017-07-19,1101.0,1125.0,1081.0,1090.0,4445.0,0.0,1057.2,1039.6,1031.75,60.47297297297297,-11.743289031483982,-25.95609467397794,33.964687544598036,0.0,Neutral
2017-07-18,1050.0,1101.0,1053.0,1101.0,13382.0,0.0,1047.6,1029.5,1029.55,63.19444444444445,-16.866679679840217,-29.50929608460143,32.287768581958964,0.0,Neutral
2017-07-17,1025.0,1064.0,1022.0,1050.0,3382.0,0.0,1036.0,1020.4,1027.85,50.0,-24.280655675671824,-32.669950185791734,20.608520352349768,0.0,Neutral
2017-07-16,1020.0,1040.0,1020.0,1025.0,593.0,0.0,1026.0,1017.3,1028.35,43.983402489626556,-28.197684591432562,-34.767273813321715,17.801685313534,0.0,Neutral
2017-07-13,1042.0,1035.0,1016.0,1020.0,2655.0,0.0,1021.0,1014.8,1029.35,48.07692307692308,-30.241635177128273,-36.409671118794,18.34726743208114,0.0,Neutral
2017-07-12,1043.0,1045.0,1030.0,1042.0,810.0,0.0,1022.0,1015.6,1030.1,51.652892561983464,-31.9014901402943,-37.95168010421043,18.768768384439948,0.0,Neutral
2017-07-11,1000.0,1043.0,1010.0,1043.0,4225.0,0.0,1011.4,1013.9,1031.15,49.40711462450593,-35.79604698214939,-39.46422759518946,16.775974884799194,0.0,Neutral
2017-07-10,1000.0,1015.0,1000.0,1000.0,2125.0,0.0,1004.8,1014.6,1038.35,35.497835497835496,-40.348066122376395,-40.381272748449476,18.209887424201234,0.0,Neutral
2017-07-09,1025.0,1045.0,1000.0,1000.0,3396.0,0.0,1008.6,1020.0,1048.8,37.39495798319328,-41.19303504503159,-40.389574404967746,21.16601048856636,0.0,Neutral
2017-07-06,989.0,1030.0,990.0,1025.0,5479.0,0.0,1008.6,1023.0,1059.8,45.6140350877193,-41.67235123292926,-40.18870924495179,20.116328359538638,0.0,Neutral
2017-07-05,1010.0,1000.0,971.0,989.0,3977.0,0.0,1009.2,1023.9,1070.05,38.61386138613861,-44.22344424027597,-39.81779874795742,20.414863866035983,0.0,Neutral
2017-07-04,1019.0,1020.0,1010.0,1010.0,720.0,0.0,1016.4,1029.6,1080.85,37.32057416267942,-43.17086194434023,-38.71638737487778,17.308957218796728,0.0,Neutral
2017-07-03,1000.0,1020.0,1000.0,1019.0,659.0,0.0,1024.4,1035.3,1090.35,24.074074074074062,-43.337626185610134,-37.60276873251217,19.396735120516784,0.0,Neutral
2017-07-02,1028.0,1024.0,1000.0,1000.0,1129.0,0.0,1031.4,1039.4,1099.9,18.04281345565748,-43.83647616358576,-36.16905436923768,19.895281406011662,0.0,Neutral
2017-06-28,1025.0,1030.0,1000.0,1028.0,5051.0,0.0,1037.4,1043.9,1109.85,19.032258064516128,-41.9010232094588,-34.252198920650656,14.294132440425024,0.0,Neutral
2017-06-27,1050.0,1055.0,1022.0,1025.0,2897.0,0.0,1038.6,1044.6,1117.45,17.66561514195584,-41.672121101326184,-32.33999284844862,13.582668695476617,0.0,Neutral
2017-06-25,1054.0,1070.0,1050.0,1050.0,3110.0,0.0,1042.8,1048.4,1125.9,25.552050473186114,-40.46836428547226,-30.006960785229218,12.78193169204025,0.0,Neutral
2017-06-22,1030.0,1069.0,1020.0,1054.0,2129.0,0.0,1046.2,1062.1,1134.65,27.044025157232696,-40.88875665090268,-27.391609910168455,45.70545797704185,0.0,Neutral
2017-06-21,1034.0,1043.0,1020.0,1030.0,2889.0,0.0,1047.4,1077.6,1142.1,20.39473684210526,-41.23785735512979,-24.017323224984896,64.90368933189536,0.0,Neutral
2017-06-20,1046.0,1055.0,1026.0,1034.0,3640.0,0.0,1050.4,1096.6,1150.05,23.47266881028939,-38.63997705608722,-19.71218969244867,76.24113791853759,0.0,Neutral
2017-06-19,1067.0,1075.0,1040.0,1046.0,2680.0,0.0,1050.6,1116.2,1159.05,28.93081761006289,-35.169373808129876,-14.980242851539034,83.23300627356765,0.0,Neutral
2017-06-18,1060.0,1081.0,1065.0,1067.0,4469.0,0.0,1054.0,1132.1,1168.15,29.581993569131825,-31.449885679891167,-9.932960112391322,83.51905970097961,0.0,Neutral
2017-06-15,1045.0,1086.0,1033.0,1060.0,3041.0,0.0,1078.0,1145.4,1176.3,25.373134328358205,-28.38319522268648,-4.553728720516362,82.58490580408242,0.0,Neutral
2017-06-14,1035.0,1055.0,1029.0,1045.0,2438.0,0.0,1107.8,1160.4,1185.25,26.900584795321635,-23.34340929043333,1.4036379050261685,78.88979655191501,0.0,Neutral
2017-06-13,1063.0,1060.0,1032.0,1035.0,4903.0,0.0,1142.8,1175.8,1194.9,27.74566473988439,-15.043996565405678,7.590399703891043,68.16124672831432,0.18859665095806122,Slightly Positive
2017-06-12,1099.0,1115.0,1063.0,1063.0,3050.0,0.0,1181.8,1190.3,1205.15,27.988338192419832,-3.2139243736007757,13.248998771215222,47.02729703767045,0.37719330191612244,Positive
2017-06-11,1209.0,1212.0,1185.0,1187.0,15243.0,0.7543866038322449,1210.2,1203.4,1214.5,41.201716738197426,9.08138848755516,17.36472955741922,14.893697399399437,0.7543866038322449,Strongly Positive
2017-06-08,1220.0,1220.0,1205.0,1209.0,7376.0,0.0,1212.8,1207.2,1216.65,45.07042253521126,12.017131252338913,19.435564824885233,15.090836071470582,0.0,Neutral
2017-06-07,1230.0,1240.0,1220.0,1220.0,5735.0,0.0,1213.0,1206.6,1217.65,45.497630331753555,13.349411926629045,21.290173218021813,15.130543061502992,0.0,Neutral
2017-06-06,1205.0,1232.0,1205.0,1230.0,9691.0,0.0,1208.8,1203.5,1219.2,48.01980198019802,13.73571326833553,23.275363540870003,15.255235895418922,0.0,Neutral
2017-06-05,1200.0,1234.0,1205.0,1205.0,10838.0,0.0,1198.8,1201.9,1221.6,40.22346368715084,13.010800242392406,25.66027610900362,12.810152224023396,-0.16327409446239471,Slightly Negative
2017-06-04,1210.0,1250.0,1195.0,1200.0,17366.0,0.0,1196.6,1204.2,1225.35,36.41304347826087,14.441754158481217,28.822645075656425,15.259241280191546,-0.32654818892478943,Negative
2017-06-01,1199.0,1260.0,1199.0,1210.0,23435.0,-0.6530963778495789,1201.6,1207.2,1229.45,44.845360824742265,16.5672007327114,32.41786780495023,17.171035042975983,-0.6530963778495789,Strongly Negative
2017-05-31,1180.0,1208.0,1140.0,1199.0,7450.0,0.0,1200.2,1210.1,1233.7,41.84782608695652,18.02088416770721,36.38053457300993,19.924580017946717,0.0,Neutral
2017-05-30,1194.0,1200.0,1162.0,1180.0,3797.0,0.0,1198.2,1214.0,1237.8,31.016042780748663,20.734190891389517,40.97044717433561,21.28118626607955,0.0,Neutral
2017-05-28,1225.0,1249.0,1192.0,1194.0,6219.0,0.0,1205.0,1220.0,1243.0,29.0,25.830314151196944,46.029511245072136,18.961950204508447,0.0,Neutral
2017-05-24,1203.0,1230.0,1176.0,1225.0,5637.0,0.0,1211.8,1225.6,1247.15,33.91812865497076,30.53365236060631,51.07931051854093,18.697593428105126,0.0,Neutral
2017-05-23,1189.0,1244.0,1198.0,1203.0,7230.0,0.0,1212.8,1226.1,1250.9,23.84105960264901,32.93633273173418,56.215725058024574,18.74655523919141,0.0,Neutral
2017-05-22,1214.0,1211.0,1176.0,1189.0,2151.0,0.0,1220.0,1228.7,1254.95,14.666666666666671,37.76395265660335,62.03557313959716,16.898717900166183,0.0,Neutral
2017-05-21,1228.0,1220.0,1210.0,1214.0,3253.0,0.0,1229.8,1234.9,1258.6,25.899280575539578,44.80191186752245,68.10347826034561,11.09003556764547,0.0,Neutral
2017-05-18,1230.0,1230.0,1218.0,1228.0,4916.0,0.0,1235.0,1241.3,1257.4,28.125,50.58778836047691,73.9288698585514,15.340940142221434,0.0,Neutral
2017-05-17,1239.0,1250.0,1216.0,1230.0,1116.0,0.0,1239.4,1246.5,1258.0,32.330827067669176,55.81139379896854,79.76414023307001,18.763143541484474,0.0,Neutral
2017-05-16,1238.0,1250.0,1235.0,1239.0,3647.0,0.0,1239.4,1251.7,1261.8,29.25170068027211,61.463175376112304,85.75232684159538,20.779530526258327,0.0,Neutral
2017-05-15,1240.0,1287.0,1238.0,1238.0,5457.0,0.0,1237.4,1257.3,1262.35,35.80246913580247,66.86653040183296,91.82461470796613,24.235190208605285,0.0,Neutral
2017-05-11,1250.0,1260.0,1236.0,1240.0,4201.0,0.0,1240.0,1261.6,1265.4,43.95604395604395,72.89239037427114,98.06413578449943,24.245045312910253,0.0,Neutral
2017-05-09,1230.0,1259.0,1226.0,1250.0,5898.0,0.0,1247.6,1266.0,1262.8,62.295081967213115,79.31968960637573,104.35707213705649,23.87932625148975,0.0,Neutral
2017-05-08,1229.0,1250.0,1205.0,1230.0,6977.0,0.0,1253.6,1268.7,1255.05,48.175182481751825,85.35133786835104,110.61641776972667,23.39064390360165,0.0,Neutral
2017-05-07,1251.0,1240.0,1210.0,1229.0,11591.0,0.0,1264.0,1275.7,1249.05,38.64306784660767,93.8448040082776,116.93268774507057,20.859583462406956,0.0,Neutral
2017-05-04,1278.0,1280.0,1248.0,1251.0,7235.0,0.0,1277.2,1281.2,1240.05,50.134048257372655,103.42235818675454,122.7046586792688,12.916827956095235,0.0,Neutral
2017-05-03,1280.0,1300.0,1272.0,1278.0,7917.0,0.0,1283.2,1282.3,1228.35,47.34177215189874,111.90247485547616,127.52523380239737,10.252912865383415,0.0,Neutral
2017-05-02,1282.0,1285.0,1260.0,1280.0,12533.0,0.0,1284.4,1273.5,1210.7,59.12698412698413,118.34942413292856,131.43092353912766,31.042086126966442,0.0,Neutral
2017-04-30,1295.0,1301.0,1265.0,1282.0,19998.0,0.0,1283.8,1269.5,1188.75,65.71428571428572,124.6529932233068,134.7012983906774,32.647102985352475,0.0,Neutral
2017-04-27,1281.0,1300.0,1271.0,1295.0,25626.0,0.0,1287.4,1271.9,1167.55,65.49413735343384,130.68186877905055,137.21337468252005,34.497826018502764,0.0,Neutral
2017-04-26,1284.0,1291.0,1270.0,1281.0,19959.0,0.0,1285.2,1267.4,1146.25,68.01242236024845,135.15244276068643,138.84625115838742,34.082253446667366,0.0,Neutral
2017-04-25,1277.0,1305.0,1255.0,1284.0,23838.0,0.0,1281.4,1269.2,1121.7,69.8365527488856,140.31812165709152,139.76970325781264,35.33270439695887,0.0,Neutral
2017-04-24,1300.0,1326.0,1260.0,1277.0,17669.0,0.0,1262.6,1259.6,1095.0,73.21899736147758,144.5649609516729,139.6325986579929,43.06119676308946,0.0,Neutral
2017-04-23,1284.0,1389.0,1280.0,1300.0,36036.0,0.0,1255.2,1241.4,1068.15,78.02197802197803,148.59543640109587,138.3995080845729,66.80518941920683,0.0,Neutral
2017-04-20,1262.0,1338.0,1262.0,1284.0,28247.0,0.0,1256.4,1222.4,1041.3,75.97560975609757,149.23658235434345,135.85052600544213,74.82453548879408,0.0,Neutral
2017-04-19,1190.0,1280.0,1180.0,1262.0,33356.0,0.0,1249.6,1198.9,1014.8,74.2892459826947,149.51329471860743,132.5040119182168,88.90625524801293,0.0,Neutral
2017-04-18,1240.0,1240.0,1147.0,1190.0,37498.0,0.0,1257.0,1174.4,986.2,74.50980392156862,149.93174148581545,128.25169121811913,102.32975020872611,0.0,Neutral
2017-04-16,1306.0,1314.0,1232.0,1240.0,40974.0,0.0,1256.6,1147.9,959.7,80.3970223325062,155.61591548344006,122.83167865119505,128.74475178085325,0.0,Neutral
2017-04-13,1250.0,1356.0,1202.0,1306.0,56965.0,0.0,1227.6,1108.0,931.2,87.73333333333333,155.51657516064893,114.63561944313379,155.97791866515385,0.0,Neutral
2017-04-12,1299.0,1400.0,1250.0,1250.0,60887.0,0.0,1188.4,1063.2,898.4,83.96094839609484,146.40772150994985,104.415380513755,157.12259898281079,0.0,Neutral
2017-04-11,1188.0,1306.0,1175.0,1299.0,65070.0,0.0,1148.2,1025.1,868.85,90.25110782865583,138.35376326473101,93.91729526470628,152.93095755202637,0.0,Neutral
2017-04-10,1095.0,1195.0,1080.0,1188.0,48280.0,0.0,1091.8,974.2,836.65,89.52380952380952,121.07247454789183,82.80817826470009,135.3323481080786,0.0,Neutral
2017-04-09,1110.0,1154.0,1095.0,1095.0,24325.0,0.0,1039.2,930.4,808.8,88.35978835978835,108.55603004679324,73.24210419390215,129.18737468413602,0.0,Neutral
2017-04-06,1049.0,1153.0,1026.0,1110.0,55335.0,0.0,988.4,894.9,786.8,89.1459074733096,100.47058953743772,64.41362273067938,127.69795091021666,0.0,Neutral
2017-04-04,1017.0,1078.0,1000.0,1049.0,63600.0,0.0,938.0,860.2,765.05,88.29174664107485,87.16196416677053,55.39938102898978,108.44845165638824,0.0,Neutral
2017-04-03,925.0,1017.0,943.0,1017.0,42027.0,0.0,902.0,830.7,745.0,85.94377510040161,75.11841739669308,47.458735244544584,89.92595719690159,0.18235507607460022,Slightly Positive
2017-04-02,841.0,925.0,857.0,925.0,797.0,0.0,856.6,798.0,726.1,82.92682926829268,61.91202253893323,40.54381470650746,72.40012277461179,0.36471015214920044,Positive
2017-03-30,858.0,875.0,783.0,841.0,27765.0,0.7294203042984009,821.6,771.5,710.3,80.0,53.522594592644396,35.20176274840102,69.17650532435037,0.7294203042984009,Strongly Positive
2017-03-29,869.0,900.0,833.0,858.0,21537.0,0.0,801.4,754.4,699.75,78.43137254901961,50.588850638033705,30.62155478734018,71.19332053563603,0.0,Neutral
2017-03-28,790.0,869.0,805.0,869.0,13222.0,0.0,782.4,733.6,688.85,76.50273224043715,44.37757961759553,25.629730824666794,67.86948258729778,0.0,Neutral
2017-03-26,750.0,810.0,760.0,790.0,19472.0,0.0,759.4,712.6,677.65,72.61146496815286,34.68424708434384,20.942768626434606,51.93842508202168,0.0,Neutral
2017-03-23,740.0,760.0,721.0,750.0,10756.0,0.0,739.4,699.1,672.35,69.6113074204947,29.851168147948556,17.507399011957297,46.883899155261524,0.0,Neutral
2017-03-22,763.0,775.0,740.0,740.0,13967.0,0.0,721.4,687.2,668.85,71.61716171617162,27.32093040516122,14.42145672795948,47.625390053819714,0.0,Neutral
2017-03-21,754.0,780.0,730.0,763.0,17461.0,0.0,707.4,678.7,663.1,72.09302325581396,24.712213425746654,11.196588308659043,44.646886167403736,0.0,Neutral
2017-03-20,690.0,759.0,689.0,754.0,20909.0,0.0,684.8,669.9,653.4,68.87417218543047,18.681273376737522,7.81768202938714,33.45461270306001,0.0,Neutral
2017-03-19,660.0,693.0,658.0,690.0,5398.0,0.0,665.8,659.3,641.6,59.25925925925927,11.628236828704303,5.101784192549544,16.179891498075193,0.0,Neutral
2017-03-16,670.0,660.0,660.0,660.0,50.0,0.0,658.8,654.2,630.65,45.238095238095234,8.973223098978792,3.4701710335108533,13.189221188384677,0.0,Neutral
2017-03-15,650.0,670.0,645.0,670.0,1476.0,0.0,653.0,649.1,622.1,47.96747967479675,8.508485966144235,2.0944080171438686,19.19172275286365,0.0,Neutral
2017-03-14,659.0,652.0,650.0,650.0,1375.0,0.0,650.0,645.1,612.6,54.44839857651245,6.773370775273179,0.4908885298937766,18.50795624711147,0.0,Neutral
2017-03-13,655.0,660.0,647.0,659.0,1435.0,0.0,655.0,644.1,606.6,63.71951219512195,6.496574720375634,-1.079732031451074,18.483926951708614,0.0,Neutral
2017-03-09,631.0,657.0,620.0,655.0,1177.0,0.0,652.8,642.7,602.65,68.26666666666667,5.13242303255538,-2.973808719407751,17.745421944843685,0.0,Neutral
2017-03-07,655.0,643.0,631.0,631.0,4831.0,0.0,649.6,645.6,600.15,70.10050251256281,3.7238887250821335,-5.0003666573985335,21.869308783480484,0.0,Neutral
2017-03-06,675.0,680.0,650.0,655.0,2391.0,0.0,645.2,650.5,599.25,71.1734693877551,4.315557463906202,-7.1814305030187,23.651403528954813,0.0,Neutral
2017-03-05,648.0,675.0,650.0,675.0,4588.0,0.0,640.2,647.5,597.75,75.59055118110237,2.5643338183482456,-10.055677494749926,24.887524764215613,0.0,Neutral
2017-03-02,639.0,649.0,640.0,648.0,2703.0,0.0,633.2,636.9,596.4,64.60396039603961,-1.744527399339745,-13.210680323024468,33.093973939550224,0.0,Neutral
2017-03-01,609.0,645.0,621.0,639.0,4417.0,0.0,632.6,623.9,596.5,56.629213483146074,-4.469735318652965,-16.07721855394565,49.64417835401163,0.0,Neutral
2017-02-28,630.0,641.0,600.0,609.0,2950.0,0.0,641.6,607.1,594.25,50.45454545454546,-6.966713640123203,-18.979089362768818,68.72562194052175,0.0,Neutral
2017-02-26,640.0,650.0,626.0,630.0,696.0,0.0,655.8,595.1,596.8,51.99063231850117,-6.997886499307128,-21.982183293430218,78.18276309036932,0.0,Neutral
2017-02-23,645.0,650.0,640.0,640.0,2058.0,0.0,654.8,580.1,598.05,51.74825174825175,-9.074068781402843,-25.728257491960985,84.84816504268923,0.0,Neutral
2017-02-22,684.0,685.0,638.0,645.0,6158.0,0.0,640.6,569.1,599.55,49.66442953020134,-12.610227711911875,-29.89180466960052,83.33659993597753,0.0,Neutral
2017-02-21,680.0,720.0,656.0,684.0,14694.0,0.0,615.2,562.6,601.05,54.146341463414636,-17.44932179831551,-34.21219890902268,79.19062795278121,0.0,Neutral
2017-02-20,625.0,687.0,637.0,680.0,14525.0,0.0,572.6,554.7,601.6,59.30735930735931,-27.342866296986358,-38.40291818669947,69.02181619684707,0.0,Neutral
2017-02-19,569.0,625.0,545.0,625.0,11272.0,0.0,534.4,548.0,602.45,46.300211416490484,-39.16563958369716,-41.16793115912775,57.85614343640216,0.0,Neutral
2017-02-16,518.0,569.0,511.0,569.0,7993.0,0.0,505.4,548.0,605.3,39.81042654028437,-48.08611545751785,-41.668504052985384,57.85614343640216,0.0,Neutral
2017-02-15,471.0,518.0,476.0,518.0,7483.0,0.0,497.6,555.9,611.35,30.310880829015545,-53.07063389344876,-40.06410120185227,65.87943533455818,0.0,Neutral
2017-02-14,489.0,517.0,471.0,471.0,3285.0,0.0,510.0,569.1,619.95,20.34883720930233,-53.468028204132224,-36.81246802895314,70.50366420737963,0.0,Neutral
2017-02-13,480.0,489.0,436.0,489.0,1967.0,0.0,536.8,581.4,630.95,20.23121387283237,-48.412076532253536,-32.64857798515837,61.66252238326763,0.0,Neutral
2017-02-12,530.0,525.0,477.0,480.0,3461.0,0.0,561.6,598.5,641.75,17.994100294985245,-43.08739528513206,-28.70770334838457,56.70243968884437,0.0,Neutral
2017-02-09,580.0,575.0,530.0,530.0,950.0,0.0,590.6,616.0,652.1,25.000000000000014,-34.74807638011316,-25.11278036419769,40.85747585612397,0.06791333109140395,Slightly Positive
2017-02-08,605.0,603.0,580.0,580.0,630.0,0.0,614.2,630.0,661.15,29.00763358778626,-28.689555503087377,-22.703956360218818,30.883292858408733,0.1358266621828079,Slightly Positive
2017-02-07,613.0,613.0,590.0,605.0,2121.0,0.2716533243656158,628.2,639.5,666.65,32.0675105485232,-25.630286230911565,-21.207556574501677,28.29703557305452,0.2716533243656158,Positive
2017-02-06,625.0,613.0,613.0,613.0,94.0,0.0,626.0,648.5,669.9,33.04347826086956,-23.898196560157544,-20.101874160399202,30.34340492137856,0.0,Neutral
2017-02-05,648.0,648.0,624.0,625.0,503.0,0.0,635.4,656.9,673.95,32.758620689655174,-22.154355612247173,-19.152793560459617,31.04280199266971,0.0,Neutral
2017-02-02,650.0,663.0,625.0,648.0,1651.0,0.0,641.4,662.6,677.7,41.409691629955944,-20.82815344800906,-18.402403047512728,29.74035791461575,0.0,Neutral
2017-02-01,594.0,650.0,605.0,650.0,2584.0,0.0,645.8,666.8,679.55,37.75100401606426,-21.174300453683145,-17.795965447388642,30.40760138884343,0.0,Neutral
2017-01-31,660.0,647.0,594.0,594.0,800.0,0.0,650.8,670.8,682.65,27.570093457943926,-21.511756443417084,-16.951381695815016,30.582493176480412,0.0,Neutral
2017-01-26,655.0,663.0,620.0,660.0,1783.0,0.0,671.0,680.5,687.25,47.023809523809526,-15.927756540227847,-15.811288008914497,14.856723132064891,0.0,Neutral
2017-01-25,670.0,670.0,650.0,655.0,3684.0,0.0,678.4,685.0,689.0,39.57219251336899,-15.288865659572025,-15.782170876086159,14.772346537461296,0.0,Neutral
2017-01-24,675.0,688.0,670.0,670.0,391.0,0.0,683.8,688.2,689.25,41.573033707865164,-13.741934162305029,-15.905497180214692,10.358034991711529,0.0,Neutral
2017-01-23,695.0,685.0,670.0,675.0,2382.0,0.0,687.8,692.3,688.8,47.340425531914896,-13.094877099796008,-16.446387934692105,10.467409740108105,0.0,Neutral
2017-01-22,697.0,705.0,695.0,695.0,190.0,0.0,690.8,693.8,688.55,45.64102564102564,-12.587616964014842,-17.284265643416127,8.62554346117667,0.0,Neutral
2017-01-19,682.0,700.0,666.0,697.0,2459.0,0.0,690.0,691.3,688.8,52.51141552511416,-13.793439598504733,-18.458427813266447,11.411982007257714,0.0,Neutral
2017-01-18,690.0,699.0,675.0,682.0,2908.0,0.0,691.6,691.0,688.95,46.948356807511736,-15.33551227600276,-19.624674866956873,11.284207253235513,0.0,Neutral
2017-01-17,690.0,703.0,690.0,690.0,298.0,0.0,692.6,692.8,690.7,56.25,-15.553423042176519,-20.6969655146954,11.123548594489883,0.0,Neutral
2017-01-16,691.0,690.0,690.0,690.0,60.0,0.0,696.8,692.3,692.45,56.016597510373444,-16.419870266752127,-21.98285113282512,11.372969904342826,0.0,Neutral
2017-01-15,705.0,700.0,690.0,691.0,2195.0,0.0,696.8,694.5,694.65,54.21686746987952,-17.286937520421475,-23.37359634934337,12.903487900589099,0.0,Neutral
2017-01-12,687.0,714.0,700.0,705.0,2480.0,0.0,692.6,694.0,696.75,50.94339622641509,-18.24400245117124,-24.89526105657384,13.148721948901985,0.0,Neutral
2017-01-11,711.0,705.0,687.0,687.0,857.0,0.0,690.4,693.0,697.7,47.368421052631575,-20.62565256349319,-26.55807570792449,12.587471725691762,0.0,Neutral
2017-01-10,690.0,711.0,703.0,711.0,712.0,0.0,693.0,690.3,699.1,48.75,-21.532767396842246,-28.041181494032312,16.35067107017574,0.0,Neutral
2017-01-09,670.0,696.0,657.0,690.0,2248.0,0.0,687.8,685.3,699.2,42.29074889867841,-24.821008258362895,-29.668285018329826,16.951237254108243,0.0,Neutral
2017-01-08,694.0,685.0,670.0,670.0,2626.0,0.0,692.2,683.3,701.7,35.18518518518519,-26.518784656036814,-30.88010420832156,17.505872030726508,0.0,Neutral
2017-01-05,700.0,705.0,686.0,694.0,1229.0,0.0,695.4,686.3,706.2,39.89637305699482,-26.263673299525408,-31.970434096392744,17.543913157830968,0.0,Neutral
2017-01-04,685.0,714.0,680.0,700.0,812.0,0.0,695.6,686.9,709.5,43.87755102040816,-27.999677738312243,-33.39712429560958,17.934758307715857,0.0,Neutral
2017-01-03,712.0,712.0,685.0,685.0,3049.0,0.0,687.6,688.6,711.75,42.10526315789474,-30.419091727624846,-34.746485934933915,20.00111108026444,0.0,Neutral
2017-01-02,686.0,712.0,685.0,712.0,2150.0,0.0,682.8,692.6,716.1,49.696969696969695,-31.537411521581816,-35.82833448676118,22.979217663904244,0.0,Neutral
2017-01-01,695.0,725.0,686.0,686.0,4176.0,0.0,674.4,694.8,719.95,33.73493975903615,-35.25515916373661,-36.90106522805601,25.909243309860276,0.0,Neutral
2016-12-29,660.0,723.0,652.0,695.0,2184.0,0.0,677.2,699.5,726.15,31.63841807909604,-36.84028202097818,-37.312541744135864,28.28918128505033,0.0,Neutral
2016-12-28,661.0,673.0,648.0,660.0,3286.0,0.0,678.2,702.4,728.75,14.788732394366207,-39.24398018391582,-37.43060667492528,29.2468421847291,0.0,Neutral
2016-12-27,670.0,672.0,647.0,661.0,3208.0,0.0,689.6,707.9,729.75,23.07692307692308,-38.17751521829928,-36.97726329767764,25.291412684076054,0.0,Neutral
2016-12-26,700.0,700.0,670.0,670.0,3391.0,0.0,702.4,713.1,729.7,20.689655172413794,-36.362826986282585,-36.67720031752223,19.185932346401675,0.0,Neutral
2016-12-22,700.0,710.0,700.0,700.0,2154.0,0.0,715.2,720.1,731.35,22.360248447204967,-34.434074704889895,-36.75579365033214,13.698742845833573,0.0,Neutral
2016-12-21,717.0,718.0,700.0,700.0,2986.0,0.0,721.8,726.1,732.9,19.78021978021978,-34.52597161547749,-37.336223386692694,16.72290511712282,0.0,Neutral
2016-12-20,725.0,723.0,717.0,717.0,382.0,0.0,726.6,732.1,736.7,43.421052631578945,-34.14106953967507,-38.03878632949649,17.07792597349892,0.0,Neutral
2016-12-19,734.0,730.0,725.0,725.0,543.0,0.0,726.2,734.9,741.55,57.8397212543554,-34.88410624234655,-39.01321552695184,16.61625709962269,0.0,Neutral
2016-12-18,733.0,755.0,718.0,734.0,6328.0,0.0,723.8,739.6,745.35,62.41610738255034,-36.13963154295857,-40.045492848103166,19.839354828239102,0.0,Neutral
2016-12-15,724.0,740.0,730.0,733.0,529.0,0.0,725.0,745.1,751.9,54.41176470588235,-38.13283464966048,-41.02195817438931,25.053054814859305,0.0,Neutral
2016-12-14,715.0,724.0,690.0,724.0,500.0,0.0,730.4,752.8,760.0,49.02506963788301,-40.02040902003739,-41.74423905557152,31.835689267109032,0.0,Neutral
2016-12-12,713.0,724.0,700.0,715.0,5282.0,0.0,737.6,755.1,768.3,42.278481012658226,-40.93116163066338,-42.17519656445505,30.318494539009144,0.0,Neutral
2016-12-11,740.0,729.0,707.0,713.0,3531.0,0.0,743.6,751.6,777.4,38.2830626450116,-40.581887157234746,-42.48620529790296,36.791303320225104,0.0,Neutral
2016-12-08,760.0,760.0,735.0,740.0,4009.0,0.0,755.4,746.3,785.75,42.68585131894484,-39.34216756158969,-42.962284833070015,45.70691656875374,0.0,Neutral
2016-12-07,760.0,770.0,755.0,760.0,3993.0,0.0,765.2,742.6,793.5,38.611713665943604,-39.936675749524966,-43.867314150940096,47.726535828855276,0.0,Neutral
2016-12-06,745.0,780.0,731.0,760.0,6219.0,0.0,775.2,739.7,801.0,36.25254582484725,-42.150950916678426,-44.849973751293874,47.43193954383128,0.0,Neutral
2016-12-05,772.0,765.0,735.0,745.0,6472.0,0.0,772.6,741.3,809.0,34.92723492723492,-44.36406648032971,-45.52472945994773,48.45169415683467,0.0,Neutral
2016-12-04,789.0,809.0,770.0,772.0,6550.0,0.0,759.6,748.2,818.15,36.442516268980484,-45.01623846913094,-45.81489520485223,53.6693581105718,0.0,Neutral
2016-12-01,810.0,840.0,780.0,789.0,9244.0,0.0,737.2,751.1,826.05,40.13015184381779,-47.942956338922386,-46.014559388782544,55.83796000731567,0.0,Neutral
2016-11-30,747.0,810.0,750.0,810.0,10154.0,0.0,720.0,758.7,833.1,40.65934065934066,-52.71206960052643,-45.53246015124758,65.84502005973947,0.0,Neutral
2016-11-29,680.0,748.0,680.0,747.0,5060.0,0.0,704.2,767.2,839.6,29.975429975429975,-60.170653151148144,-43.73755778892786,77.63418491017676,0.0,Neutral
2016-11-28,660.0,700.0,620.0,680.0,8374.0,0.0,710.0,781.5,849.1,15.714285714285708,-62.40076301901581,-39.62928394837278,86.19777001498615,0.0,Neutral
2016-11-27,703.0,715.0,659.0,660.0,4072.0,0.0,736.8,803.2,861.4,10.355029585798817,-57.517728515544945,-33.93641418071202,85.11404114481319,0.0,Neutral
2016-11-24,731.0,750.0,685.0,703.0,6815.0,0.0,765.0,825.2,875.1,11.784511784511793,-48.41221569816139,-28.041085597003786,71.29874550868429,0.0,Neutral
2016-11-23,776.0,770.0,731.0,731.0,4224.0,0.0,797.4,844.4,886.8,13.011152416356865,-40.46427438290959,-22.948303071714385,59.63257871705295,0.0,Neutral
2016-11-22,814.0,830.0,775.0,776.0,9476.0,0.0,830.2,862.3,897.55,14.957264957264954,-32.58214893132765,-18.569310243915584,47.42725423683696,0.0,Neutral
2016-11-21,801.0,818.0,785.0,814.0,2711.0,0.0,853.0,876.7,907.0,19.095477386934675,-26.629586643216385,-15.066100572062567,39.513851298571375,0.0,Neutral
2016-11-20,865.0,850.0,792.0,801.0,1546.0,0.0,869.6,888.1,913.65,18.274111675126903,-22.513704062489523,-12.175229054274109,35.672740915797945,0.0,Neutral
2016-11-17,895.0,880.0,865.0,865.0,5961.0,0.0,885.4,901.0,921.35,25.531914893617028,-15.609232782180015,-9.590610302220256,20.97087928006399,0.0,Neutral
2016-11-16,890.0,900.0,875.0,895.0,2270.0,0.0,891.4,907.5,926.4,31.578947368421055,-13.085936962116989,-8.085954682230316,18.500750735552238,0.0,Neutral
2016-11-15,897.0,895.0,886.0,890.0,2677.0,0.0,894.4,912.0,931.1,26.271186440677965,-12.72949848687847,-6.835959112258646,20.488479147536804,0.0,Neutral
2016-11-14,880.0,897.0,877.0,897.0,7028.0,0.0,900.4,916.7,934.85,23.846153846153854,-11.580306127764743,-5.362574268603689,20.27066846458909,0.0,Neutral
2016-11-13,895.0,890.0,878.0,880.0,2937.0,0.0,906.6,919.6,936.55,24.427480916030532,-10.657805245728582,-3.808141303813425,19.184484471721923,0.0,Neutral
2016-11-10,910.0,902.0,882.0,895.0,1908.0,0.0,916.6,925.0,939.7,25.80645161290323,-7.5944269527190045,-2.095725318334636,13.581032525023844,0.0,Neutral
2016-11-09,920.0,920.0,895.0,910.0,1643.0,0.0,923.6,929.2,941.45,26.66666666666667,-5.101250630329105,-0.7210499097385437,8.991353871679642,0.0,Neutral
2016-11-08,928.0,922.0,904.0,920.0,1638.0,0.0,929.6,932.8,942.3,24.060150375939855,-3.3721237514922677,0.37400027040909667,7.539525478820254,0.0,Neutral
2016-11-07,930.0,946.0,910.0,928.0,2930.0,0.0,933.0,937.3,943.1,37.58389261744966,-2.1342618261187454,1.3105312758844379,11.460560389692718,0.0,Neutral
2016-11-03,930.0,930.0,915.0,930.0,619.0,0.0,932.6,939.2,943.6,49.72375690607735,-1.3378015238984062,2.1717295513852335,11.3215625149152,0.0,Neutral
2016-10-27,940.0,958.0,930.0,930.0,576.0,0.0,933.4,941.7,943.65,46.63212435233161,-0.5054059887168023,3.049112320206143,11.813833699017012,0.0,Neutral
2016-10-26,937.0,940.0,919.0,940.0,629.0,0.0,934.8,945.3,945.0,52.55102040816326,0.5643847632962888,3.9377418974368794,13.250157231823378,0.0,Neutral
2016-10-25,926.0,937.0,912.0,937.0,2611.0,0.0,936.0,950.2,945.5,52.55102040816326,0.9034357265812787,4.781081180972027,18.91971341106798,0.0,Neutral
2016-10-24,934.0,940.0,925.0,926.0,2214.0,0.0,941.6,953.0,946.65,47.42268041237113,1.6285017091511236,5.750492544569714,18.820792284694644,0.0,Neutral
2016-10-23,937.0,955.0,934.0,934.0,2211.0,0.0,945.8,953.5,950.1,48.93617021276596,3.6502622656799986,6.780990253424361,18.07545911515453,0.0,Neutral
2016-10-20,946.0,950.0,937.0,937.0,421.0,0.0,950.0,954.4,953.3,51.5625,5.363123743057827,7.563672250360451,17.199483196411045,0.0,Neutral
2016-10-19,965.0,957.0,941.0,946.0,1126.0,0.0,955.8,953.7,955.7,47.368421052631575,7.165894228830211,8.113809377186106,18.104941007644573,0.0,Neutral
2016-10-18,947.0,965.0,931.0,965.0,2216.0,0.0,964.4,951.8,956.4,53.80710659898477,8.446290096433017,8.350788164275079,19.909796583626736,0.0,Neutral
2016-10-17,955.0,974.0,936.0,947.0,790.0,0.0,964.4,948.9,956.65,46.56084656084656,8.023140238770793,8.326912681235594,19.885505609230016,0.0,Neutral
2016-10-16,966.0,970.0,955.0,955.0,1983.0,0.0,961.2,948.0,955.05,40.74074074074074,9.19907419879064,8.402855791851795,20.182500670995047,0.0,Neutral
2016-10-06,989.0,1000.0,951.0,966.0,3483.0,0.0,958.8,945.6,952.55,42.30769230769231,9.75164337396086,8.203801190117083,20.67849124093376,0.0,Neutral
2016-10-05,965.0,989.0,937.0,989.0,1157.0,0.0,951.6,944.7,949.5,51.010101010101,9.195080490284113,7.816840644156139,19.872090982112866,0.0,Neutral
2016-10-04,931.0,984.0,930.0,965.0,2131.0,0.0,939.2,940.8,945.3,51.256281407035175,6.0091390570779595,7.472280682624146,12.769755936118157,0.0,Neutral
2016-10-03,943.0,945.0,930.0,931.0,1711.0,0.0,933.4,940.3,942.3,38.85714285714286,4.298949968773854,7.838066089010692,11.776152927808567,0.0,Neutral
2016-10-02,930.0,943.0,902.0,943.0,1223.0,0.0,934.8,946.7,942.4,56.42201834862385,5.515414805610817,8.7228451190699,20.396350436107173,0.0,Neutral
2016-09-29,927.0,930.0,919.0,930.0,1582.0,0.0,932.4,952.2,942.75,55.81395348837209,5.766023891091777,9.524702697434671,25.9478108689401,0.0,Neutral
2016-09-28,936.0,940.0,925.0,927.0,2673.0,0.0,937.8,957.7,942.5,55.18867924528301,7.325659139962681,10.464372399020395,26.541581632543522,0.0,Neutral
2016-09-27,938.0,940.0,936.0,936.0,1415.0,0.0,942.4,961.0,942.65,57.63546798029556,9.515220361031083,11.249050713784822,24.253293018137757,0.0,Neutral
2016-09-26,931.0,940.0,925.0,938.0,2182.0,0.0,947.2,964.4,942.6,58.2089552238806,11.255129841579787,11.682508301973256,22.692142546149597,0.0,Neutral
2016-09-25,957.0,945.0,925.0,931.0,1395.0,0.0,958.6,962.1,939.95,49.54954954954955,13.108539689966278,11.789352917071621,26.509746635305632,0.0,Neutral
2016-09-22,950.0,960.0,935.0,957.0,5040.0,0.0,972.0,959.5,933.65,51.64319248826291,15.996222228234615,11.459556223847958,30.822971231809856,0.0,Neutral
2016-09-21,960.0,951.0,940.0,950.0,708.0,0.0,977.6,954.3,927.55,55.41125541125541,16.802010162850024,10.325389722751291,35.34606688792755,0.2310235798358917,Positive
2016-09-20,995.0,980.0,943.0,960.0,5161.0,0.0,979.6,949.8,922.55,56.637168141592916,18.298822978844896,8.706234612726607,38.663218237050984,0.4620471596717834,Positive
2016-09-18,998.0,1000.0,985.0,995.0,7391.0,0.9240943193435668,981.6,944.3,917.2,65.3061224489796,18.924953911567854,6.308087521197034,40.898383559489794,0.9240943193435668,Strongly Positive
2016-09-14,985.0,1009.0,985.0,998.0,7814.0,0.0,965.6,938.1,908.2,73.25102880658436,15.88521624516602,3.15387092360433,36.858437900239196,0.0,Neutral
2016-09-12,960.0,988.0,960.0,985.0,4432.0,0.0,947.0,933.3,898.85,79.03225806451613,11.468893387392654,-0.028965406786092718,30.822250260362853,0.0,Neutral
2016-09-11,970.0,985.0,955.0,960.0,7904.0,0.0,931.0,927.3,891.6,69.84126984126985,6.9888755814724846,-2.90343010533078,24.913405583723048,0.0,Neutral
2016-09-08,915.0,970.0,915.0,970.0,9143.0,0.0,920.0,924.3,887.6,68.75,3.7145419370947366,-5.376506527031595,22.196346045668683,0.0,Neutral
2016-09-07,905.0,928.0,890.0,915.0,1259.0,0.0,907.0,920.8,882.6,61.56716417910448,-1.5369099789959364,-7.649268643063178,16.116244392991018,0.0,Neutral
2016-09-06,905.0,960.0,900.0,905.0,3947.0,0.0,910.6,917.8,880.9,65.20270270270271,-2.6173171885662896,-9.177358309079988,19.707866449752245,0.0,Neutral
2016-09-05,905.0,918.0,900.0,905.0,619.0,0.0,919.6,907.8,878.05,65.66666666666666,-2.9400577769478105,-10.817368589208414,40.90042107907543,0.0,Neutral
2016-09-04,933.0,944.0,905.0,905.0,456.0,0.0,923.6,900.8,877.65,59.878419452887535,-3.3092276511808905,-12.786696292273565,46.97233228189982,0.0,Neutral
2016-09-03,933.0,944.0,905.0,905.0,456.0,0.0,928.6,895.3,878.15,53.38753387533875,-3.732288433912231,-15.156063452546732,49.57385063385589,0.0,Neutral
2016-09-01,950.0,945.0,933.0,933.0,2797.0,0.0,934.6,890.1,880.7,58.97435897435897,-4.217980001195997,-18.012007207205357,51.14565257946121,0.0,Neutral
2016-08-31,925.0,950.0,935.0,950.0,4069.0,0.0,925.0,878.3,881.8,60.0,-7.627455710693766,-21.460514008707698,53.696782440343405,0.0,Neutral
2016-08-30,930.0,930.0,902.0,925.0,2266.0,0.0,896.0,864.4,884.05,60.906515580736546,-13.599150805933505,-24.91877858321118,50.99716767735429,0.0,Neutral
2016-08-29,935.0,972.0,923.0,930.0,1939.0,0.0,878.0,855.9,887.8,54.156171284634766,-18.477944897589623,-27.748685527530593,46.674880229578434,0.0,Neutral
2016-08-28,885.0,935.0,902.0,935.0,7458.0,0.0,862.0,850.9,890.85,52.4390243902439,-24.945381066974733,-30.066370685015833,40.06508593666237,0.0,Neutral
2016-08-24,805.0,885.0,805.0,885.0,2250.0,0.0,845.6,844.4,893.6,41.14713216957607,-33.34643041674292,-31.346618089526107,28.511985783777664,0.0,Neutral
2016-08-23,835.0,819.0,805.0,805.0,359.0,0.0,831.6,844.0,899.35,26.708074534161483,-38.4932762352945,-30.846665007721903,27.90061727714011,0.0,Neutral
2016-08-22,850.0,850.0,835.0,835.0,1078.0,0.0,832.8,848.3,909.0,25.903614457831324,-36.357166334823205,-28.935012200828748,24.303863433182755,0.0,Neutral
2016-08-21,853.0,851.0,835.0,850.0,1350.0,0.0,833.8,854.5,917.1,26.708074534161483,-36.15642727880618,-27.07947366733013,28.139533282099343,0.0,Neutral
2016-08-17,815.0,864.0,820.0,853.0,1731.0,0.0,839.8,861.0,924.6,28.963414634146346,-36.901572305071,-24.810235264461117,33.90181902692541,0.0,Neutral
2016-08-16,811.0,827.0,795.0,815.0,2859.0,0.0,843.2,871.3,930.95,19.931271477663245,-37.621352723247924,-21.787401004308645,45.02357407207173,0.0,Neutral
2016-08-15,840.0,824.0,782.0,811.0,2239.0,0.0,856.4,885.3,941.25,18.181818181818187,-34.12374369011002,-17.828913074573823,47.2817794363519,0.0,Neutral
2016-08-14,880.0,870.0,840.0,840.0,3891.0,0.0,863.8,903.7,947.15,20.740740740740748,-28.755904615958116,-13.755205420689773,50.824425449024574,0.0,Neutral
2016-08-11,870.0,880.0,874.0,880.0,1228.0,0.0,875.2,919.7,952.65,24.675324675324674,-24.43904958508108,-10.005030621872686,53.649168990158934,0.0,Neutral
2016-08-10,881.0,905.0,870.0,870.0,5435.0,0.0,882.2,930.8,955.4,20.982142857142847,-22.64642298806939,-6.396525881070587,55.955935044175675,0.0,Neutral
2016-08-09,848.0,881.0,864.0,881.0,374.0,0.0,899.4,942.8,958.9,28.75536480686695,-19.01079525169348,-2.3340516043208854,54.31144753488643,0.0,Neutral
2016-08-08,897.0,890.0,848.0,848.0,2583.0,0.0,914.2,954.7,963.1,14.107883817427393,-15.213891555421924,1.8351343075222637,52.26439195731737,0.0,Neutral
2016-08-07,915.0,960.0,897.0,897.0,4755.0,0.0,943.6,969.7,970.7,44.366197183098585,-6.786368778647329,6.097390773258311,37.74784762077824,0.0,Neutral
2016-08-04,956.0,950.0,915.0,915.0,5913.0,0.0,964.2,979.7,975.85,43.90243902439024,-0.9201652522383483,9.31833066123472,28.44897967319702,0.0,Neutral
2016-08-03,955.0,980.0,942.0,956.0,3325.0,0.0,979.4,988.2,981.6,54.02298850574712,4.747900561501638,11.877954639602986,17.59924240798166,0.0,Neutral
2016-08-02,995.0,978.0,950.0,955.0,1326.0,0.0,986.2,990.6,984.55,52.83018867924528,7.73880782832623,13.660468159128321,13.985706989694023,0.0,Neutral
2016-08-01,1000.0,1000.0,972.0,995.0,3478.0,0.0,995.2,997.2,987.9,55.99999999999999,11.545546807752203,15.140883241828844,10.443498775231836,0.0,Neutral
2016-07-31,991.0,1000.0,981.0,1000.0,5874.0,0.0,995.8,990.6,989.85,50.0,12.16366751519763,16.039717350348003,24.019436574052044,0.0,Neutral
2016-07-28,990.0,1000.0,972.0,991.0,5652.0,0.0,995.2,985.6,991.35,48.33948339483395,12.266597327025124,17.008729809135595,26.879153425851133,0.0,Neutral
2016-07-27,1000.0,1000.0,981.0,990.0,7220.0,0.0,997.0,980.0,993.8,43.33333333333333,13.135913598455545,18.19426292966321,31.126980079834635,0.0,Neutral
2016-07-26,998.0,1005.0,985.0,1000.0,7142.0,0.0,995.0,975.0,996.7,47.540983606557376,14.15622762346743,19.458850262465127,33.28329577700037,0.0,Neutral
2016-07-25,997.0,1000.0,981.0,998.0,4751.0,0.0,999.2,971.5,1000.2,46.12903225806451,14.23442875905016,20.78450592221455,32.18436473405731,0.0,Neutral
2016-07-21,1000.0,1015.0,980.0,997.0,9655.0,0.0,985.4,971.7,1004.8,44.23676012461059,14.33083197197152,22.422025213005647,32.37299972372982,0.0,Neutral
2016-07-20,980.0,1018.0,985.0,1000.0,15540.0,0.0,976.0,972.0,1009.1,45.3416149068323,14.347247244144228,24.444823523264176,32.64625212454378,0.0,Neutral
2016-07-19,1021.0,1050.0,980.0,980.0,7149.0,0.0,963.0,975.0,1012.15,40.38461538461538,13.854057322529798,26.969217593044164,36.63938378911357,0.0,Neutral
2016-07-18,929.0,1021.0,911.0,1021.0,10467.0,0.0,955.0,978.5,1015.25,45.16129032258064,15.059417716068765,30.24800766067275,38.779290005554024,0.0,Neutral
2016-07-17,950.0,940.0,875.0,929.0,2748.0,0.0,943.8,978.6,1017.8,16.267942583732065,12.20430436067943,34.045155146823745,38.90215646695318,0.0,Neutral
2016-07-14,935.0,960.0,935.0,950.0,2356.0,0.0,958.0,989.1,1025.25,16.34615384615384,17.749897069099802,39.50536784335982,38.190894784568975,0.0,Neutral
2016-07-13,940.0,961.0,901.0,935.0,6880.0,0.0,968.0,997.1,1026.75,13.0,22.43172780502391,44.94423553692482,37.46242562001213,0.0,Neutral
2016-07-12,965.0,960.0,907.0,940.0,9096.0,0.0,987.0,1007.6,1024.55,22.119815668202776,29.608439358075657,50.57236246990004,32.51051112078962,0.0,Neutral
2016-07-11,1000.0,985.0,965.0,965.0,4258.0,0.0,1002.0,1018.4,1023.05,31.753554502369667,37.82877389512623,55.81334324785613,24.51394161156122,0.0,Neutral
2016-07-10,1000.0,1039.0,1000.0,1000.0,8181.0,0.0,1013.4,1028.9,1019.7,32.524271844660205,45.22521872030552,60.309485586038605,21.38769116419717,0.0,Neutral
2016-07-06,1030.0,1025.0,997.0,1000.0,8174.0,0.0,1020.2,1037.9,1014.5,31.603773584905667,50.44431420669321,64.08055230247187,26.257062542011738,0.0,Neutral
2016-07-05,1015.0,1030.0,990.0,1030.0,17364.0,0.0,1026.2,1046.2,1005.25,58.92857142857143,56.37204242085818,67.48961182641654,26.06317112115688,0.0,Neutral
2016-07-04,1022.0,1040.0,1010.0,1015.0,13398.0,0.0,1028.2,1049.3,992.0,67.51412429378531,60.063476724452585,70.26900417780612,25.764100777840447,0.0,Neutral
2016-07-03,1034.0,1035.0,1015.0,1022.0,9513.0,0.0,1034.8,1052.0,979.15,65.30054644808743,65.42871139232102,72.8203860411445,23.041026211753895,0.0,Neutral
2016-06-30,1030.0,1092.0,1015.0,1034.0,14327.0,0.0,1044.4,1057.0,964.7,68.5792349726776,70.6122842026939,74.66830470335037,21.155508870207242,0.0,Neutral
2016-06-29,1040.0,1071.0,1030.0,1030.0,8359.0,0.0,1055.6,1061.4,952.55,68.4065934065934,74.97950209225792,75.68230982851449,20.402614211628514,0.0,Neutral
2016-06-28,1048.0,1065.0,1000.0,1040.0,20222.0,0.0,1066.2,1056.4,941.8,75.86206896551724,79.87032198632312,75.85801176257863,31.861505858283202,0.0,Neutral
2016-06-27,1070.0,1075.0,1040.0,1048.0,12798.0,0.0,1070.4,1041.5,931.3,79.66457023060796,83.93285469494708,74.8549342066425,61.46769702680899,0.0,Neutral
2016-06-26,1090.0,1100.0,1040.0,1070.0,10956.0,0.0,1069.2,1027.7,920.3,83.76623376623377,87.08273673839176,72.58545408456635,74.0496079965735,0.0,Neutral
2016-06-23,1083.0,1150.0,1065.0,1090.0,23820.0,0.0,1069.6,1010.5,908.2,88.22269807280514,87.59647364855698,68.96113342110999,82.61322197109943,0.0,Neutral
2016-06-22,1061.0,1096.0,1065.0,1083.0,12176.0,0.0,1067.2,991.1,893.65,78.18532818532819,84.94169459718887,64.30229836424823,84.62393935000159,0.0,Neutral
2016-06-21,1042.0,1090.0,1022.0,1061.0,14345.0,0.0,1046.6,964.3,878.5,73.65384615384616,81.03044286839258,59.14244930601306,94.18309591193689,0.0,Neutral
2016-06-20,1072.0,1114.0,1030.0,1042.0,20185.0,0.0,1012.6,934.7,866.25,70.54263565891472,77.09963876555241,53.67045091541818,106.16658817370883,0.0,Neutral
2016-06-19,1078.0,1140.0,996.0,1072.0,69501.0,0.0,986.2,906.3,855.2,75.0,72.8955995104285,47.81315395288462,112.09425597337079,0.0,Neutral
2016-06-16,980.0,1078.0,990.0,1078.0,62359.0,0.0,951.4,872.4,842.65,75.93360995850622,63.41487159555493,41.54254256349865,107.58479859575945,0.0,Neutral
2016-06-15,891.0,980.0,899.0,980.0,28802.0,0.0,915.0,843.7,826.15,71.91283292978208,49.78070801554452,36.07446030548458,81.84545056250178,0.0,Neutral
2016-06-14,910.0,916.0,891.0,891.0,9669.0,0.0,882.0,827.2,813.4,66.1807580174927,41.63265620228697,32.6478983779696,66.50948136252607,0.0,Neutral
2016-06-13,898.0,938.0,876.0,910.0,20380.0,0.0,856.8,821.1,803.75,63.05555555555556,39.68903143405964,30.401708921890254,62.695826549043424,0.0,Neutral
2016-06-12,896.0,927.0,850.0,898.0,50344.0,0.0,826.4,812.9,792.75,60.906515580736546,34.69641899993576,28.079878293847905,54.61877983910073,0.0,Neutral
2016-06-09,815.0,896.0,831.0,896.0,59569.0,0.0,793.4,805.9,782.85,60.68376068376068,29.041173034927624,26.42574311732594,46.361981550990194,0.0,Neutral
2016-06-08,765.0,822.0,770.0,815.0,8338.0,0.0,772.4,796.2,772.95,59.7667638483965,21.60424203180912,25.771885637925514,33.88477206325531,0.0,Neutral
2016-06-07,758.0,785.0,765.0,765.0,3129.0,0.0,772.4,792.7,767.7,56.32911392405063,20.045042940093595,26.81379653945461,33.53290258174101,0.0,Neutral
2016-06-06,733.0,787.0,719.0,758.0,8138.0,0.0,785.4,797.8,764.45,58.92857142857143,22.854282747538832,28.505984939294862,32.72036402950337,0.0,Neutral
2016-06-05,791.0,776.0,733.0,733.0,5311.0,0.0,799.4,804.1,761.35,56.739811912225704,26.820195625441215,29.91891048723387,30.17154656664521,0.0,Neutral
2016-06-02,815.0,810.0,785.0,791.0,3988.0,0.0,818.4,812.9,758.2,66.78966789667896,34.037485216866685,30.69358920268203,17.155821817192862,0.0,Neutral
2016-06-01,830.0,834.0,800.0,815.0,7267.0,0.0,820.0,808.6,752.35,73.49397590361446,36.8488259649497,29.857615199135864,26.239071799321014,0.21258901059627533,Positive
2016-05-31,828.0,835.0,821.0,830.0,9313.0,0.0,813.0,799.6,745.3,74.39024390243902,37.45749977846731,28.109812507682403,37.020114652576304,0.42517802119255066,Positive
2016-05-30,828.0,835.0,820.0,828.0,17223.0,0.8503560423851013,810.2,786.4,737.3,75.19685039370079,36.16227981276131,25.772890689986173,47.12913701264344,0.8503560423851013,Strongly Positive
2016-05-29,799.0,878.0,809.0,828.0,19885.0,0.0,808.8,772.6,729.6,75.5813953488372,34.186747713801765,23.175543409292388,53.383726192755965,0.0,Neutral
2016-05-26,780.0,799.0,760.0,799.0,7565.0,0.0,807.4,759.8,722.5,75.29411764705883,31.16798859529274,20.422742333165044,53.96665637225338,-0.1526317596435547,Slightly Negative
2016-05-25,816.0,815.0,770.0,780.0,5766.0,0.0,797.2,749.7,716.5,72.08333333333334,29.81432894082775,17.736430767633117,55.2510432279665,-0.3052635192871094,Negative
2016-05-24,821.0,837.0,810.0,816.0,25283.0,-0.6105270385742188,786.2,742.7,711.35,84.80392156862744,29.587449469989565,14.716956224334456,55.419711695797076,-0.6105270385742188,Strongly Negative
2016-05-23,821.0,853.0,805.0,821.0,48813.0,0.0,762.6,731.1,704.3,87.19211822660098,25.202051316737993,10.999332912920678,50.273584846657975,-0.009333904832601525,Neutral
2016-05-22,748.0,821.0,745.0,821.0,22672.0,0.0,736.4,718.6,697.25,85.5072463768116,18.729022381980712,7.448653311966349,39.90878488643642,-0.01866780966520305,Neutral
2016-05-19,725.0,753.0,730.0,748.0,13634.0,-0.0373356193304061,712.2,703.5,690.45,71.23287671232876,10.194661488788824,4.628561044462757,20.897899947672208,-0.0373356193304061,Neutral
2016-05-18,698.0,727.0,711.0,725.0,12427.0,0.0,702.2,696.1,687.4,67.6923076923077,6.586154872550765,3.2370359333812404,15.891647002281303,0.0,Neutral
2016-05-17,690.0,700.0,695.0,698.0,6376.0,0.0,699.2,691.0,685.75,60.0,4.226407811497097,2.3997561985888596,13.60555442132977,0.0,Neutral
2016-05-16,700.0,700.0,690.0,690.0,3075.0,0.0,699.6,688.2,685.85,57.57575757575757,3.902128358130426,1.9430932953618,14.830898676621098,0.0,Neutral
2016-05-15,698.0,702.0,695.0,700.0,3111.0,0.0,700.8,686.6,685.35,60.638297872340424,4.2460170797149885,1.4533345296696436,15.464655041616554,0.0,Neutral
2016-05-12,710.0,710.0,698.0,698.0,6928.0,0.0,694.8,685.2,684.1,56.70103092783505,3.605002072287107,0.7551638921583071,14.733182503020279,0.0,Neutral
2016-05-11,700.0,710.0,700.0,710.0,6780.0,0.0,690.0,683.3,682.5,63.2183908045977,2.9380337963006014,0.04270434712610727,14.111067366533705,0.0,Neutral
2016-05-10,696.0,707.0,696.0,700.0,8665.0,0.0,682.8,680.0,680.5,54.8780487804878,0.8221865233679182,-0.6811280151675162,10.593499054743065,0.0,Neutral
2016-05-09,670.0,696.0,675.0,696.0,3137.0,0.0,676.8,677.5,678.9,47.67441860465116,-0.8721812544242766,-1.0569566498013747,7.975657409375323,0.0,Neutral
2016-05-08,674.0,674.0,670.0,670.0,510.0,0.0,672.4,675.9,677.75,43.75,-2.614851672560121,-1.103150498645649,4.840798832211556,0.0,Neutral
2016-05-05,674.0,674.0,661.0,674.0,4001.0,0.0,675.6,677.4,678.05,49.382716049382715,-2.153825891016254,-0.725225205167031,5.125101625068389,0.0,Neutral
2016-05-04,670.0,680.0,669.0,674.0,7541.0,0.0,676.6,678.7,678.45,54.44444444444445,-1.9413336987037155,-0.3680750337047253,5.774464862224073,0.0,Neutral
2016-05-03,674.0,685.0,670.0,670.0,1820.0,0.0,677.2,680.5,678.75,50.0,-1.6418788103526367,0.02523963254502226,6.851601597076873,0.0,Neutral
2016-05-02,686.0,685.0,673.0,674.0,2962.0,0.0,678.2,683.5,679.0,53.409090909090914,-0.8285108792521214,0.44201924326943703,8.18195847246099,0.0,Neutral
2016-04-28,679.0,690.0,680.0,686.0,3582.0,0.0,679.4,684.1,679.7,58.0246913580247,-0.18557928894949782,0.7596517738998266,7.607744592085848,0.0,Neutral
2016-04-27,677.0,683.0,670.0,679.0,1063.0,0.0,679.2,683.0,680.75,51.94805194805195,-0.5840836331238961,0.9959595396121577,8.082903768693749,0.0,Neutral
2016-04-26,675.0,685.0,675.0,677.0,3225.0,0.0,680.8,681.7,682.95,46.91358024691358,-0.37149705229728625,1.390970332796171,9.684466370921806,0.0,Neutral
2016-04-25,680.0,681.0,671.0,675.0,4072.0,0.0,683.8,681.0,685.55,46.91358024691358,0.10888068617293811,1.8315871790695353,10.29563014101733,0.0,Neutral
2016-04-24,685.0,680.0,676.0,680.0,1005.0,0.0,688.8,680.3,688.4,53.086419753086425,0.9240700078396458,2.2622638022936843,10.96509613883781,0.0,Neutral
2016-04-21,687.0,690.0,680.0,685.0,1067.0,0.0,688.8,679.6,691.55,48.31460674157304,1.4420160873802388,2.5968122509071936,11.207140580925202,0.0,Neutral
2016-04-20,692.0,694.0,673.0,687.0,5292.0,0.0,686.8,678.7,694.8,40.56603773584906,1.573037940359427,2.8855112917889323,11.086027241560332,0.0,Neutral
2016-04-19,700.0,710.0,690.0,692.0,1699.0,0.0,682.6,678.2,697.35,36.75213675213676,1.5137525535745908,3.2136296296463085,10.778579580742266,0.0,Neutral
2016-04-18,680.0,705.0,692.0,700.0,2888.0,0.0,678.2,677.0,699.2,37.39130434782609,0.9069737136627509,3.638598898664238,9.683892697587607,0.0,Neutral
2016-04-17,675.0,683.0,662.0,680.0,2598.0,0.0,671.8,674.5,699.7,23.469387755102034,-0.6952345323870759,4.32150519491461,5.338539126072351,0.0,Neutral
2016-04-14,666.0,679.0,670.0,675.0,990.0,0.0,670.4,675.3,700.6,17.307692307692307,-0.6937587368742015,5.575690126740032,6.684143758057974,0.0,Neutral
2016-04-12,670.0,666.0,666.0,666.0,500.0,0.0,670.6,678.5,700.6,8.823529411764696,-0.17269313988299473,7.14305234264359,12.039287538931076,0.0,Neutral
2016-04-11,668.0,675.0,668.0,670.0,690.0,0.0,673.8,684.2,702.35,19.09090909090908,1.4112515768567846,8.971988713275236,17.649677365655812,0.0,Neutral
2016-04-10,673.0,686.0,661.0,668.0,2221.0,0.0,675.8,690.1,704.05,23.931623931623918,3.005140992377619,10.862172997379847,21.75852323421746,0.0,Neutral
2016-04-06,676.0,685.0,670.0,673.0,2569.0,0.0,677.2,696.5,702.65,35.87786259541984,5.199448704662359,12.826430998630403,23.8478976478617,0.0,Neutral
2016-04-05,682.0,685.0,673.0,676.0,2915.0,0.0,680.2,703.5,700.35,42.142857142857146,7.415464021728781,14.733176572122414,26.328058543450396,0.0,Neutral
2016-04-04,680.0,693.0,678.0,682.0,2282.0,0.0,686.4,710.9,697.95,52.22929936305732,9.830589549741035,16.562604709720823,28.08103353591441,0.0,Neutral
2016-04-03,675.0,689.0,666.0,680.0,2182.0,0.0,694.6,716.5,695.1,44.19889502762431,12.159268466589651,18.245608499715768,27.248853186890656,0.0,Neutral
2016-03-31,688.0,690.0,675.0,675.0,4736.0,0.0,704.4,721.4,692.15,41.89944134078212,15.158283833671476,19.7671935079973,24.189988746510203,0.0,Neutral
2016-03-30,707.0,695.0,683.0,688.0,1150.0,0.0,715.8,724.9,690.1,60.43478260869565,19.274724773711682,20.91942092657875,18.621671962189943,0.0,Neutral
2016-03-29,723.0,725.0,683.0,707.0,5876.0,0.0,726.8,725.9,686.7,67.85714285714286,22.924804304108875,21.330594964795516,16.576087194130398,0.0,Neutral
2016-03-28,729.0,729.0,710.0,723.0,7013.0,0.0,735.4,722.7,682.85,72.72727272727273,25.315635933028716,20.932042629967174,22.617839566753617,0.0,Neutral
2016-03-27,732.0,730.0,702.0,729.0,13492.0,0.0,738.4,720.5,677.95,75.24271844660194,26.369888144006154,19.836144304201788,23.632604596208456,0.0,Neutral
2016-03-24,743.0,737.0,726.0,732.0,10145.0,0.0,738.4,718.0,673.0,76.81159420289855,26.72102622937723,18.202708344250695,23.953658964310744,0.0,Neutral
2016-03-23,750.0,755.0,731.0,743.0,9244.0,0.0,734.0,708.8,668.4,76.07655502392345,26.47508209500529,16.073128872969058,33.67425657020894,0.0,Neutral
2016-03-21,738.0,760.0,730.0,750.0,9435.0,0.0,725.0,697.2,663.4,80.0925925925926,24.656075842116138,13.472640567459997,39.97443627565289,0.0,Neutral
2016-03-20,729.0,743.0,730.0,738.0,24203.0,0.0,710.0,685.0,658.15,75.23364485981308,21.263001303452256,10.67678174879596,40.68032557501894,0.0,Neutral
2016-03-17,710.0,743.0,700.0,729.0,12229.0,0.0,702.6,673.7,653.75,74.76190476190476,17.84474250968924,8.030226860131886,40.011248418421346,0.0,Neutral
2016-03-16,698.0,713.0,699.0,710.0,21657.0,0.0,697.6,662.9,650.05,70.40816326530611,14.138605030963504,5.576597947742549,37.94864951484569,0.0,Neutral
2016-03-15,675.0,698.0,679.0,698.0,3058.0,0.0,683.6,655.3,647.35,64.94845360824743,11.137118939485049,3.43609617693731,34.9604538490837,0.0,Neutral
2016-03-14,701.0,705.0,675.0,675.0,4882.0,0.0,669.4,647.5,646.1,59.19540229885058,8.365954961787224,1.5108404863003757,33.02271945192517,0.0,Neutral
2016-03-13,704.0,753.0,700.0,701.0,14072.0,0.0,660.0,643.0,644.35,68.66666666666667,7.049073594445304,-0.20293813257133664,31.906112267096166,0.0,Neutral
2016-03-10,640.0,704.0,650.0,704.0,26009.0,0.0,644.8,635.4,640.7,67.76315789473685,2.618449396936853,-2.0159410643254967,24.820242634691706,0.0,Neutral
2016-03-06,627.0,650.0,639.0,640.0,3415.0,0.0,628.2,628.0,636.75,41.935483870967744,-3.3801792972930116,-3.174538679641084,5.962847940041558,0.0,Neutral
2016-03-03,628.0,633.0,624.0,627.0,8847.0,0.0,627.0,628.0,635.0,32.09876543209876,-4.4710809499677,-3.123128525228102,5.962847940041558,0.0,Neutral
2016-03-02,625.0,633.0,625.0,628.0,2865.0,0.0,625.6,629.6,634.2,26.80412371134021,-4.474797881927316,-2.786140419043202,7.589466384437493,0.0,Neutral
2016-03-01,621.0,629.0,623.0,625.0,1306.0,0.0,626.0,631.3,633.55,44.09448818897638,-4.516272251345981,-2.3639760533221734,8.969702088479144,0.0,Neutral
2016-02-29,634.0,628.0,616.0,621.0,808.0,0.0,626.0,633.8,633.0,47.40740740740741,-4.198062850111683,-1.8259020038162213,10.390166291069379,0.0,Neutral
2016-02-28,620.0,635.0,621.0,634.0,4854.0,0.0,627.8,637.2,632.45,53.599999999999994,-3.323576481989221,-1.2328617922423557,11.262523893203204,0.0,Neutral
2016-02-25,630.0,630.0,620.0,620.0,1352.0,0.0,629.0,639.4,634.55,55.72519083969466,-3.4827073142112113,-0.7101831198056393,12.63328935790419,0.0,Neutral
2016-02-24,625.0,636.0,620.0,630.0,1932.0,0.0,633.6,644.7,637.05,57.480314960629926,-2.209704015495163,-0.017052071204246233,14.560601330702733,0.0,Neutral
2016-02-23,630.0,636.0,620.0,625.0,1348.0,0.0,636.6,645.7,639.1,53.96825396825397,-1.5709295649085107,0.5311109148684829,13.760248705782844,0.0,Neutral
2016-02-22,640.0,632.0,630.0,630.0,1310.0,0.0,641.6,646.0,641.75,56.557377049180324,-0.22368029067024509,1.0566210348127314,13.283239230135065,0.0,Neutral
2016-02-21,643.0,645.0,640.0,640.0,2767.0,0.0,646.6,645.5,643.75,62.93103448275862,0.9900623144944802,1.3766963661834755,14.025769933332553,0.21297086775302887,Positive
2016-02-18,645.0,650.0,635.0,643.0,2583.0,0.0,649.8,642.0,645.15,40.78212290502793,1.5066565150576707,1.4733548791057243,19.02629759045471,0.42594173550605774,Positive
2016-02-17,650.0,650.0,645.0,645.0,1585.0,0.8518834710121155,655.8,638.8,646.9,43.169398907103826,1.8386490181029558,1.4650294701177375,21.38431408508167,0.8518834710121155,Strongly Positive
2016-02-16,655.0,650.0,643.0,650.0,400.0,0.0,654.8,635.8,648.6,44.134078212290504,2.0320118271811225,1.3716245831214329,22.49345583844511,0.0,Neutral
2016-02-15,656.0,655.0,648.0,655.0,1266.0,0.0,650.4,632.2,649.6,43.646408839779,1.740165640554551,1.2065277721065104,22.846346656655417,0.0,Neutral
2016-02-14,673.0,675.0,647.0,656.0,8180.0,0.0,644.4,627.7,650.5,46.27659574468085,0.8332613712158263,1.0731183049945001,22.28128262816252,0.0,Neutral
2016-02-11,640.0,673.0,644.0,673.0,6696.0,0.0,634.2,629.7,651.45,51.44508670520231,-0.4382166070487301,1.1330825384391685,25.733894639829405,0.0,Neutral
2016-02-08,628.0,640.0,632.0,640.0,4900.0,0.0,621.8,629.4,651.3,37.333333333333336,-3.7856198941129833,1.525907324811143,25.184651410475638,0.0,Neutral
2016-02-07,625.0,647.0,624.0,628.0,6102.0,0.0,616.8,632.5,652.8,31.654676258992808,-4.643060163869677,2.8537891295421747,28.34411559547067,0.0,Neutral
2016-02-04,605.0,625.0,608.0,625.0,4302.0,0.0,614.0,637.5,654.0,34.482758620689665,-4.4481121421575835,4.728001452895137,31.676314319841843,0.0,Neutral
2016-02-03,611.0,610.0,603.0,605.0,3097.0,0.0,611.0,642.0,656.6,23.4375,-3.8291332178317816,7.022029851658317,32.87687468250943,0.0,Neutral
2016-02-02,615.0,616.0,610.0,611.0,2607.0,0.0,625.2,648.3,659.55,24.19354838709677,-0.9470309076147032,9.734820619030842,30.980459791446727,0.0,Neutral
2016-02-01,614.0,621.0,614.0,615.0,3530.0,0.0,637.0,655.0,661.9,28.0,2.1344455815366246,12.405283500692226,29.211869733618755,0.0,Neutral
2016-01-31,610.0,614.0,602.0,614.0,2161.0,0.0,648.2,661.4,665.45,27.41935483870968,5.629210910140273,14.972992980481125,26.34472327516542,0.188887357711792,Slightly Positive
2016-01-28,615.0,611.0,608.0,610.0,1477.0,0.0,661.0,667.0,669.75,34.78260869565217,10.109741043592408,17.308938498066336,20.439612955689572,0.377774715423584,Positive
2016-01-27,670.0,688.0,665.0,676.0,15170.0,0.755549430847168,673.0,673.3,671.3,49.48453608247423,16.088748726019162,19.108737861684816,4.0838435056221645,0.755549430847168,Strongly Positive
2016-01-26,671.0,675.0,665.0,670.0,5443.0,0.0,671.4,673.2,669.1,52.88461538461538,16.7661185501197,19.86373514560123,4.022160834478405,0.0,Neutral
2016-01-25,678.0,685.0,670.0,671.0,4872.0,0.0,673.0,673.2,665.95,55.96330275229357,17.997727037606523,20.63813929447161,4.022160834478405,0.0,Neutral
2016-01-24,670.0,679.0,662.0,678.0,7996.0,0.0,674.6,673.1,662.9,46.92307692307692,19.206104022906175,21.29824235868788,4.09471203716459,0.19432145357131958,Slightly Positive
2016-01-21,668.0,671.0,667.0,670.0,2794.0,0.0,673.0,670.5,659.75,38.970588235294116,19.7563436801737,21.821276942633308,7.48702581511384,0.38864290714263916,Positive
2016-01-20,678.0,670.0,666.0,668.0,2541.0,0.7772858142852783,673.6,671.2,655.85,56.99481865284973,20.985830025556197,22.337510258248205,7.757433710861183,0.7772858142852783,Strongly Positive
2016-01-19,679.0,680.0,665.0,678.0,5340.0,0.0,675.0,670.8,651.95,61.979166666666664,22.453489615108992,22.675430316421206,8.038794824029825,0.0,Neutral
2016-01-18,670.0,690.0,660.0,679.0,8076.0,0.0,673.4,668.8,647.55,66.66666666666666,22.981978915009336,22.730915491749258,8.521867296716277,0.0,Neutral
2016-01-17,673.0,688.0,670.0,670.0,7112.0,0.0,671.6,669.5,642.95,64.28571428571428,23.220421928118526,22.66814963593424,9.66379267624836,0.0,Neutral
2016-01-14,675.0,673.0,668.0,673.0,728.0,0.0,668.0,672.5,638.45,63.679245283018865,24.103373964077946,22.530081562888164,13.6646339952029,0.0,Neutral
2016-01-13,670.0,680.0,667.0,675.0,950.0,0.0,668.8,669.3,634.3,67.81115879828326,24.574292759588616,22.13675846259072,16.898717900103794,0.0,Neutral
2016-01-12,670.0,675.0,657.0,670.0,3333.0,0.0,666.6,665.0,629.75,67.3913043478261,24.614275763900878,21.527374888341242,20.396078054386013,0.0,Neutral
2016-01-11,652.0,680.0,665.0,670.0,1666.0,0.0,664.2,658.7,624.0,67.3913043478261,24.816373696475466,20.755649669451333,27.256191957068832,0.0,Neutral
2016-01-10,677.0,686.0,652.0,652.0,3642.0,0.0,667.4,652.7,618.5,65.11627906976744,24.71335871301278,19.7404686626953,30.85827819781744,0.0,Neutral
2016-01-07,664.0,678.0,670.0,677.0,4061.0,0.0,677.0,649.0,613.9,74.61928934010152,26.055134371022177,18.497246150115927,33.0891052899506,0.0,Neutral
2016-01-06,658.0,670.0,657.0,664.0,2302.0,0.0,669.8,640.5,608.3,69.0721649484536,24.84328971093919,16.60777409488936,35.89568219160232,0.0,Neutral
2016-01-05,686.0,686.0,651.0,658.0,7192.0,0.0,663.4,633.1,603.0,69.0721649484536,24.25881467627414,14.548895190876902,38.07434248356816,0.0,Neutral
2016-01-04,700.0,728.0,661.0,686.0,12487.0,0.0,653.2,626.3,598.0,83.58974358974359,23.77086560037401,12.121415319527589,39.18914248729296,0.0,Neutral
2016-01-03,641.0,705.0,653.0,700.0,28392.0,0.0,638.0,616.4,592.7,87.63440860215054,19.951398007492458,9.209052749315983,34.67692156015744,-0.0005690101534128,Neutral
2015-12-31,632.0,668.0,635.0,641.0,8490.0,0.0,621.0,604.4,586.2,81.88976377952756,13.360711763378276,6.523466434771864,20.326228266846062,-0.0011380203068256,Neutral
2015-12-29,607.0,632.0,612.0,632.0,4240.0,-0.0022760406136512,611.2,599.3,582.1,77.23577235772358,10.76153460433261,4.814155102620261,16.076552974935655,-0.0022760406136512,Neutral
2015-12-28,610.0,608.0,607.0,607.0,1600.0,0.0,602.8,594.5,578.8,73.33333333333333,8.203871617996583,3.3273102271921737,11.834506984065433,0.0,Neutral
2015-12-27,615.0,632.0,610.0,610.0,3777.0,0.0,599.4,589.3,577.3,75.49019607843138,7.365489091902305,2.1081698794910713,16.309847059719125,0.0,Neutral
2015-12-24,592.0,620.0,590.0,615.0,7191.0,0.0,594.8,584.3,576.2,64.70588235294117,5.8828191899870035,0.7938400763882627,16.911863028992673,0.0,Neutral
2015-12-23,590.0,602.0,590.0,592.0,5632.0,0.0,587.8,578.8,575.4,60.37735849056604,3.3957340542334578,-0.4784047020114226,14.604413336014762,0.0,Neutral
2015-12-22,590.0,600.0,590.0,590.0,2840.0,0.0,587.4,576.1,575.3,63.47826086956522,2.513734712901055,-1.4469393910726427,14.387108426961811,0.0,Neutral
2015-12-21,587.0,590.0,580.0,590.0,2993.0,0.0,586.2,572.9,575.4,59.83606557377049,1.5550557759581807,-2.437107917066067,14.510149704420675,0.0,Neutral
2015-12-20,580.0,587.0,580.0,587.0,3090.0,0.0,579.2,569.7,574.4,53.846153846153854,0.3088138487917149,-3.435148840322129,13.832730910586232,0.0,Neutral
2015-12-17,590.0,599.0,575.0,580.0,6773.0,0.0,573.8,569.0,571.05,47.01492537313433,-0.9808813215012151,-4.37113951260059,13.012814197304676,0.0,Neutral
2015-12-16,584.0,606.0,579.0,590.0,13389.0,0.0,569.8,568.0,569.35,46.666666666666664,-1.9000067014534352,-5.218704060375433,12.445436468405836,0.0,Neutral
2015-12-15,555.0,600.0,566.0,584.0,20495.0,0.0,564.8,564.9,566.65,47.826086956521735,-4.0636902707531135,-6.048378400105932,9.971626413657827,0.0,Neutral
2015-12-14,560.0,566.0,555.0,555.0,2121.0,0.0,559.6,563.1,564.25,33.33333333333333,-6.155319986175641,-6.544550432444136,7.445356494725527,0.0,Neutral
2015-12-13,560.0,571.0,560.0,560.0,550.0,0.0,560.2,565.3,562.75,46.09375,-5.782740895879556,-6.641858044011259,8.014570065422102,0.0,Neutral
2015-12-10,565.0,570.0,560.0,560.0,618.0,0.0,564.2,568.1,561.25,61.235955056179776,-5.732172807597863,-6.856637331044184,10.471654862331592,0.0,Neutral
2015-12-09,558.0,572.0,547.0,565.0,2955.0,0.0,566.2,572.0,560.15,54.77386934673367,-5.5842524795351665,-7.137753461905764,13.840359661360212,0.0,Neutral
2015-12-08,558.0,558.0,558.0,558.0,166.0,0.0,565.0,574.5,559.4,55.445544554455445,-5.823317770196354,-7.526128707498414,14.668560483800956,0.0,Neutral
2015-12-07,580.0,569.0,558.0,558.0,221.0,0.0,566.6,577.9,559.0,55.445544554455445,-5.331021937255628,-7.951831441823929,14.356183336815965,0.0,Neutral
2015-12-06,570.0,580.0,580.0,580.0,300.0,0.0,570.4,579.1,558.1,64.39790575916231,-4.62513130048751,-8.607033817966004,12.939603291199077,0.0,Neutral
2015-12-03,559.0,570.0,570.0,570.0,100.0,0.0,572.0,573.1,557.55,60.75268817204301,-5.896883523369297,-9.602509447335628,22.70315690236906,0.0,Neutral
2015-12-01,566.0,559.0,530.0,559.0,2080.0,0.0,577.8,570.7,558.55,55.73770491803279,-6.416147145689365,-10.528915928327208,24.28099393902384,0.0,Neutral
2015-11-30,577.0,566.0,566.0,566.0,30.0,0.0,584.0,568.4,560.6,54.25531914893617,-5.865590574240628,-11.55710812398667,26.50031446354749,0.0,Neutral
2015-11-24,588.0,577.0,577.0,577.0,18.0,0.0,589.2,565.4,562.3,57.6271186440678,-5.790289778329679,-12.979987511423179,28.430031070452486,0.0,Neutral
2015-11-22,599.0,588.0,588.0,588.0,10.0,0.0,587.8,560.2,563.95,63.63636363636363,-6.729956183864033,-14.777411944696555,30.734707127650168,0.0,Neutral
2015-11-18,590.0,599.0,599.0,599.0,294.0,0.0,574.2,554.4,565.4,57.731958762886606,-8.951421942435445,-16.789275884904683,30.37616024304747,0.0,Neutral
2015-11-15,592.0,590.0,590.0,590.0,100.0,0.0,563.6,548.3,566.9,50.0,-12.776617555122016,-18.748739370521992,26.272292121805773,0.0,Neutral
2015-11-10,570.0,592.0,581.0,592.0,20.0,0.0,552.8,544.3,568.25,48.13084112149532,-16.55675279087643,-20.241769824371985,21.89901063214538,0.0,Neutral
2015-11-09,520.0,570.0,530.0,570.0,88.0,0.0,541.6,540.1,569.5,42.1875,-21.34439081482674,-21.16302408274587,14.51780516010603,0.0,Neutral
2015-11-08,546.0,536.0,520.0,520.0,5451.0,0.0,532.6,537.1,572.45,20.39473684210526,-24.904694026271386,-21.117682399725652,10.071411685233441,0.0,Neutral
2015-11-05,536.0,546.0,546.0,546.0,100.0,0.0,534.6,542.0,577.3,23.308270676691734,-23.995776393951246,-20.170929493089215,12.463279397232274,0.0,Neutral
2015-11-03,536.0,536.0,527.0,536.0,132.0,0.0,533.0,546.4,581.4,15.555555555555543,-25.133910232059634,-19.214717767873704,19.698843733696666,0.0,Neutral
2015-11-02,525.0,540.0,535.0,536.0,2100.0,0.0,535.8,552.8,586.6,22.448979591836732,-25.202816909324497,-17.73491965182722,25.48986726786763,0.0,Neutral
2015-11-01,530.0,525.0,525.0,525.0,757.0,0.0,538.6,559.2,591.8,16.17647058823529,-24.924180458716023,-15.867945337452902,28.642625577977256,0.0,Neutral
2015-10-29,538.0,548.0,530.0,530.0,503.0,0.0,541.6,567.7,596.95,15.384615384615387,-23.08600549144876,-13.60388655713712,29.948288765808037,0.0,Neutral
2015-10-28,550.0,539.0,525.0,538.0,1347.0,0.0,549.4,576.4,602.95,23.12925170068027,-20.9131202715339,-11.233356823559209,30.41271663849819,0.0,Neutral
2015-10-27,550.0,555.0,550.0,550.0,215.0,0.0,559.8,585.5,608.85,23.28767123287672,-18.65008320507502,-8.813415961565536,31.24899998400395,0.0,Neutral
2015-10-19,540.0,561.0,550.0,550.0,3344.0,0.0,569.8,592.2,613.85,21.518987341772146,-16.712169229993606,-6.3542491506881635,29.94736122673821,0.0,Neutral
2015-10-18,569.0,559.0,532.0,540.0,3080.0,0.0,579.8,598.9,619.05,16.216216216216225,-13.99560020390777,-3.7647691308618025,26.78494602073432,0.0,Neutral
2015-10-15,590.0,579.0,568.0,569.0,806.0,0.0,593.8,607.8,623.55,27.48091603053436,-9.30651609855613,-1.2070613626003102,18.56400339965941,0.21972189843654633,Positive
2015-10-14,600.0,590.0,590.0,590.0,200.0,0.0,603.4,612.6,628.1,27.272727272727266,-6.1388994244737205,0.817802321388645,12.694705808167154,0.43944379687309265,Positive
2015-10-11,600.0,612.0,600.0,600.0,211.0,0.8788875937461853,611.2,616.4,633.6,28.125,-4.144757423379815,2.556977757854236,10.710327311127283,0.8788875937461853,Strongly Positive
2015-10-08,610.0,600.0,600.0,600.0,300.0,0.0,614.6,620.4,637.95,31.343283582089555,-2.557401524916145,4.232411553162748,11.354881475986993,0.0,Neutral
2015-10-07,617.0,617.0,600.0,610.0,1543.0,0.0,618.0,624.4,640.45,32.8125,-0.4941596105146573,5.929864822682471,10.373041983930772,0.0,Neutral
2015-10-06,629.0,617.0,617.0,617.0,35.0,0.0,621.8,626.2,642.1,45.51724137931034,1.1282933000197772,7.535870930981752,9.077444574349968,0.0,Neutral
2015-10-05,617.0,629.0,629.0,629.0,200.0,0.0,621.8,629.5,646.6,40.490797546012274,2.469994385101586,9.137765338722245,11.128042655100595,0.0,Neutral
2015-10-04,617.0,617.0,617.0,617.0,106.0,0.0,621.6,632.2,651.9,28.272251308900522,2.9247474880953632,10.804708077127408,13.918812209874291,0.0,Neutral
2015-10-01,629.0,629.0,617.0,617.0,700.0,0.0,626.2,635.5,657.95,32.84313725490196,4.684454212453375,12.774698224385418,13.826303434652658,0.0,Neutral
2015-09-30,617.0,629.0,629.0,629.0,1000.0,0.0,630.8,639.2,660.65,45.41484716157205,6.862342370270994,14.797259227368428,13.264823992650143,0.0,Neutral
2015-09-29,628.0,617.0,617.0,617.0,74.0,0.0,630.6,639.3,659.7,44.19642857142856,8.320485548136048,16.780988441642787,13.182901383584742,0.0,Neutral
2015-09-28,640.0,628.0,628.0,628.0,55.0,0.0,637.2,643.6,659.05,35.74007220216606,11.28239941445645,18.89611416501947,12.066482503217042,0.0,Neutral
2015-09-24,640.0,640.0,616.0,640.0,2558.0,0.0,642.8,650.8,657.35,33.788395904436854,13.77877093962229,20.79954285266022,20.356817040010505,0.0,Neutral
2015-09-23,628.0,640.0,640.0,640.0,1015.0,0.0,644.8,655.5,652.35,33.44594594594595,15.542812108985004,22.5547358309197,22.85825890133531,0.0,Neutral
2015-09-17,650.0,646.0,628.0,628.0,1506.0,0.0,647.6,656.5,647.6,43.87464387464387,17.5682928435682,24.307716761403373,22.3171583217047,0.0,Neutral
2015-09-16,656.0,660.0,650.0,650.0,1355.0,0.0,648.0,658.0,643.5,55.12820512820513,21.11982217616594,25.992572740862162,20.628997929032753,0.0,Neutral
2015-09-15,650.0,656.0,650.0,656.0,1006.0,0.0,650.0,663.7,638.65,56.666666666666664,23.105667656301193,27.210760382036216,25.477877113737705,0.0,Neutral
2015-09-14,654.0,653.0,635.0,650.0,1569.0,0.0,658.8,671.6,633.35,57.10659898477157,24.69333708503666,28.23703356346997,33.734914323960616,0.0,Neutral
2015-09-13,630.0,667.0,642.0,654.0,477.0,0.0,666.2,680.4,627.85,62.83783783783783,26.971513889203948,29.122957683078294,38.6010938244629,0.0,Neutral
2015-09-10,660.0,647.0,626.0,630.0,880.0,0.0,665.4,682.1,622.65,60.0,29.079710262679896,29.660818631546878,37.67241843990984,0.0,Neutral
2015-09-09,700.0,686.0,660.0,660.0,281.0,0.0,668.0,680.1,618.3,64.3939393939394,33.791194211913876,29.80609572376362,41.11893318979967,0.0,Neutral
2015-09-08,687.0,700.0,700.0,700.0,10.0,0.0,677.4,674.5,613.8,70.24793388429752,36.25870726403559,28.80982110172605,47.48157537403878,0.0,Neutral
2015-09-07,650.0,687.0,625.0,687.0,1356.0,0.0,684.4,663.9,606.55,69.40509915014164,34.808024544903105,26.947599561148664,52.701359881257616,0.0,Neutral
2015-09-06,643.0,668.0,643.0,650.0,621.0,0.0,694.6,649.2,600.65,66.87116564417178,33.7737636991028,24.98249331521005,64.68178517429607,0.0,Neutral
2015-09-03,707.0,713.0,643.0,643.0,3412.0,0.0,698.8,638.7,596.75,64.13373860182371,35.729688747567025,22.784675719236862,72.578004014075,0.0,Neutral
2015-09-02,735.0,721.0,707.0,707.0,30.0,0.0,692.2,629.0,592.6,80.14705882352942,38.41918306400589,19.54842246215432,78.20343840125044,0.0,Neutral
2015-09-01,738.0,775.0,725.0,735.0,6701.0,0.0,671.6,613.6,584.85,80.44280442804428,34.776767692420435,14.830732311691424,76.27610664188882,0.0,Neutral
2015-08-31,671.0,738.0,684.0,738.0,5676.0,0.0,643.4,595.1,576.1,82.3321554770318,26.770968178979842,9.84422346650917,65.18938223020564,0.0,Neutral
2015-08-27,610.0,671.0,621.0,671.0,5945.0,0.0,603.8,575.3,568.3,72.17391304347827,15.857806353766705,5.612537288391502,43.387274119905136,0.0,Neutral
2015-08-26,604.0,616.0,605.0,610.0,3159.0,0.0,578.6,563.2,562.8,61.04651162790698,8.519802622621796,3.0512200220477013,27.808072369171615,0.0,Neutral
2015-08-25,594.0,610.0,603.0,604.0,705.0,0.0,565.8,556.5,560.55,62.359550561797754,5.240826185813262,1.6840743719041775,22.921363155123785,0.0,Neutral
2015-08-24,540.0,594.0,550.0,594.0,158.0,0.0,555.6,553.1,557.6,61.93181818181818,1.5903387892203682,0.7948864184269062,16.795832816510377,0.0,Neutral
2015-08-23,545.0,555.0,526.0,540.0,6800.0,0.0,546.8,549.2,555.65,42.30769230769231,-2.0739609611832748,0.5960233257285407,8.92935234681041,0.0,Neutral
2015-08-20,546.0,567.0,545.0,545.0,5933.0,0.0,546.8,552.1,556.4,37.414965986394556,-1.2225913922629843,1.2635193974564944,10.224697767885749,0.0,Neutral
2015-08-19,553.0,550.0,542.0,546.0,4827.0,0.0,547.8,554.8,556.65,45.50898203592815,-0.6272419949538062,1.8850470948863638,11.61225406390228,0.0,Neutral
2015-08-18,550.0,555.0,544.0,553.0,4116.0,0.0,547.2,556.2,558.45,46.34146341463415,0.03994566481128459,2.5131193673464063,11.272385136555659,0.22920386493206024,Positive
2015-08-17,540.0,550.0,535.0,550.0,852.0,0.0,550.6,556.1,559.3,51.38121546961325,0.17821143178673537,3.1314127929801865,11.308305698819419,0.4584077298641205,Positive
2015-08-16,550.0,551.0,530.0,540.0,1669.0,0.916815459728241,551.6,557.1,559.8,45.85635359116023,0.6575512080822818,3.869713133278549,11.149987543598373,1.1498777866363525,Strongly Positive
2015-08-13,543.0,560.0,550.0,550.0,4395.0,0.0,557.4,561.3,560.3,48.538011695906434,2.2779805049818833,4.672753614577616,11.879487456216712,0.4661246538162232,Positive
2015-08-12,570.0,560.0,542.0,543.0,1612.0,0.9322493076324464,561.8,562.4,560.45,47.928994082840234,3.294921454770474,5.271446891976549,11.207140580906033,1.160552114248276,Strongly Positive
2015-08-11,555.0,570.0,550.0,570.0,1546.0,0.0,565.2,564.6,560.8,46.55172413793103,5.25770904588569,5.765578251278067,8.896940797586101,0.456605613231659,Positive
2015-08-10,569.0,570.0,555.0,555.0,1282.0,0.913211226463318,561.6,562.1,559.8,45.614035087719294,4.937373076059771,5.892545552626162,10.56671924278041,0.913211226463318,Strongly Positive
2015-08-09,572.0,569.0,559.0,569.0,768.0,0.0,562.6,562.1,559.65,52.694610778443106,5.983964284375702,6.131338671767759,10.56671924278041,0.0,Neutral
2015-08-06,560.0,582.0,560.0,572.0,12482.0,0.0,565.2,560.7,558.75,56.321839080459775,5.807301218853581,6.168182268615772,10.478019320896278,0.0,Neutral
2015-08-05,552.0,561.0,550.0,560.0,5393.0,0.0,563.0,558.5,557.9,52.121212121212125,5.191890524767473,6.258402531056319,10.146154170158553,0.0,Neutral
2015-08-04,560.0,555.0,550.0,552.0,1821.0,0.0,564.0,560.7,557.55,50.625,5.552702467591871,6.52503053262853,12.59673679085044,0.0,Neutral
2015-08-03,582.0,571.0,550.0,560.0,3122.0,0.0,562.6,562.5,558.15,53.28947368421052,6.747008584177138,6.768112548887694,12.50111106174046,0.0,Neutral
2015-08-02,561.0,582.0,564.0,582.0,611.0,0.0,561.6,562.5,558.75,61.36363636363636,7.358693720848919,6.773388540065333,12.50111106174046,0.0,Neutral
2015-07-30,565.0,561.0,555.0,561.0,4297.0,0.0,556.2,559.3,558.15,54.464285714285715,5.792390841170459,6.627062244869435,10.954958288888857,0.0,Neutral
2015-07-29,545.0,565.0,540.0,565.0,1187.0,0.0,554.0,558.5,557.7,54.464285714285715,5.847147662509201,6.835730095794179,11.10805513530926,0.0,Neutral
2015-07-28,555.0,545.0,545.0,545.0,85.0,0.0,557.4,557.0,555.8,45.74468085106383,5.424715130290565,7.082875704115423,11.145502331541628,0.0,Neutral
2015-07-27,555.0,560.0,550.0,555.0,5320.0,0.0,562.4,557.5,555.5,45.26315789473685,6.842996296363594,7.497415847571638,10.648421896650591,0.0,Neutral
2015-07-23,550.0,555.0,545.0,555.0,2728.0,0.0,563.4,557.2,554.85,41.747572815533985,7.535522493113376,7.661020735373648,10.768266135071775,0.0,Neutral
2015-07-22,582.0,571.0,550.0,550.0,2031.0,0.0,562.4,556.8,552.85,40.0,8.30983014797414,7.692395295938715,10.932113753126067,0.0,Neutral
2015-07-16,570.0,588.0,551.0,582.0,32060.0,0.0,563.0,557.3,550.35,67.44186046511628,9.686348934389457,7.538036582929857,10.698390325452417,0.0,Neutral
2015-07-15,560.0,570.0,551.0,570.0,2850.0,0.0,556.6,554.4,546.85,71.71717171717171,8.044213291823212,7.000958495064957,6.275171533746995,0.0,Neutral
2015-07-14,550.0,560.0,545.0,560.0,2265.0,0.0,552.6,553.8,543.9,60.396039603960396,7.053062514702788,6.740144795875393,4.709328803337807,0.0,Neutral
2015-07-13,553.0,550.0,540.0,550.0,1793.0,0.0,551.0,555.0,541.65,54.25531914893617,6.703585522600861,6.661915366168545,7.287737036370306,0.0,Neutral
2015-07-12,550.0,553.0,542.0,553.0,1681.0,0.0,551.2,557.0,539.65,66.10169491525424,7.17820091780743,6.651497827060465,8.419553960220593,0.0,Neutral
2015-07-09,550.0,550.0,545.0,550.0,2010.0,0.0,551.6,556.9,537.75,69.23076923076923,7.374118008884807,6.519822054373724,8.478076301729946,0.0,Neutral
2015-07-08,552.0,552.0,548.0,550.0,1581.0,0.0,552.2,554.6,536.5,63.38028169014085,7.822374106821599,6.306248065745953,12.650867339618095,0.0,Neutral
2015-07-07,551.0,554.0,545.0,552.0,2631.0,0.0,555.0,553.5,536.25,64.53900709219857,8.280731902998127,5.927216555477042,13.542115377187473,0.0,Neutral
2015-07-06,555.0,604.0,545.0,551.0,4801.0,0.0,559.0,552.5,535.4,62.50000000000001,8.541679753347125,5.33883771859677,14.025769933318749,0.0,Neutral
2015-07-05,553.0,555.0,552.0,555.0,2306.0,0.0,562.8,548.9,534.85,65.51724137931035,8.8523196677437,4.538127209909181,18.393537512462874,0.0,Neutral
2015-07-02,564.0,563.0,553.0,553.0,1963.0,0.0,562.2,543.4,533.1,62.837837837837846,8.71277541786094,3.4595790954505503,23.79635826480197,0.0,Neutral
2015-07-01,572.0,600.0,558.0,564.0,6785.0,0.0,557.0,539.3,531.7,63.26530612244898,8.611571296478019,2.146280014847953,25.434228905161085,0.23061174154281616,Positive
2015-06-30,570.0,572.0,560.0,572.0,7760.0,0.0,552.0,534.0,527.7,58.49056603773585,7.237138817236996,0.5299571944404367,25.236657640999272,0.4612234830856323,Positive
2015-06-29,552.0,583.0,557.0,570.0,9337.0,0.9224469661712646,546.0,528.3,523.6,60.47904191616767,4.56305025184588,-1.1468382112587032,21.919296420178703,0.9224469661712646,Strongly Positive
2015-06-28,527.0,557.0,537.0,552.0,3293.0,0.0,535.0,522.3,520.55,53.8961038961039,1.287205570174251,-2.5743103270348486,16.86581025494012,0.0,Neutral
2015-06-25,539.0,530.0,525.0,527.0,732.0,0.0,524.6,518.6,518.95,52.34899328859061,-1.0799591772708936,-3.5396893013371233,13.309979547528755,0.0,Neutral
2015-06-24,542.0,539.0,531.0,539.0,2003.0,0.0,521.6,518.4,519.05,54.929577464788736,-1.5401591396132517,-4.154621832353681,13.184165586881104,0.0,Neutral
2015-06-23,515.0,555.0,525.0,542.0,2206.0,0.0,516.0,519.0,519.05,66.11111111111111,-3.326957504063216,-4.808237505538788,14.313940369058692,0.0,Neutral
2015-06-22,500.0,515.0,505.0,515.0,1500.0,0.0,510.6,518.3,518.95,57.861635220125784,-5.8646243982657325,-5.178557505907681,13.191327117132241,0.0,Neutral
2015-06-21,512.0,503.0,500.0,500.0,376.0,0.0,509.6,520.8,520.15,47.23926380368098,-6.269215606527496,-5.007040782818168,14.770842148566242,0.0,Neutral
2015-06-17,511.0,515.0,507.0,512.0,1079.0,0.0,512.6,522.8,522.1,47.53086419753086,-5.167159794432223,-4.691497076890835,12.873745893617025,0.0,Neutral
2015-06-16,515.0,511.0,510.0,511.0,5511.0,0.0,515.2,524.1,523.5,44.70588235294118,-4.907195324529653,-4.5725813975054885,12.305825178890858,0.0,Neutral
2015-06-15,510.0,515.0,510.0,515.0,119.0,0.0,522.0,521.4,524.5,43.18181818181818,-4.402190560042641,-4.488927915749447,17.404980130221865,0.0,Neutral
2015-06-14,515.0,515.0,500.0,510.0,1738.0,0.0,526.0,518.9,524.8,41.27906976744186,-4.100861707042441,-4.510612254676149,20.02470696137568,0.0,Neutral
2015-06-11,525.0,516.0,506.0,515.0,1237.0,0.0,532.0,518.8,525.65,42.857142857142854,-3.1475167098377597,-4.613049891584575,20.076520282826536,0.0,Neutral
2015-06-10,545.0,535.0,525.0,525.0,180.0,0.0,533.0,519.3,526.4,45.56962025316456,-2.3940106703535093,-4.979433187021279,20.03358291580725,0.0,Neutral
2015-06-09,535.0,577.0,545.0,545.0,1026.0,0.0,533.0,519.7,525.7,51.79856115107915,-2.4156228065702408,-5.625788816188221,20.19928491583778,0.0,Neutral
2015-06-08,540.0,540.0,535.0,535.0,489.0,0.0,520.8,519.1,524.55,51.44927536231884,-4.444435055973031,-6.428330318592716,19.43907862471514,0.0,Neutral
2015-06-07,520.0,545.0,525.0,540.0,3116.0,0.0,511.8,519.6,524.45,56.64335664335665,-5.951109089851116,-6.924304134247636,19.95105121151577,0.0,Neutral
2015-06-04,525.0,546.0,518.0,520.0,6866.0,0.0,505.6,519.5,525.4,47.286821705426355,-8.296702360876111,-7.167602895346766,19.839634853272663,0.0,Neutral
2015-06-03,484.0,532.0,490.0,525.0,10121.0,0.0,505.6,521.4,526.85,48.03149606299212,-9.133489374280543,-6.88532802896443,20.780332582090857,0.0,Neutral
2015-06-02,490.0,489.0,442.0,484.0,4140.0,0.0,506.4,522.9,526.75,37.14285714285714,-10.577774044127182,-6.323287692635401,21.594495183317214,0.0,Neutral
2015-06-01,509.0,499.0,490.0,490.0,27.0,0.0,517.4,527.6,528.8,35.45454545454547,-8.092802491180578,-5.259666104762456,16.761065996333066,0.0,Neutral
2015-04-23,520.0,510.0,506.0,509.0,344.0,0.0,527.4,530.7,530.4,38.23529411764706,-5.414270763729746,-4.551382008157925,10.863291909509654,0.0,Neutral
2015-04-22,529.0,520.0,502.0,520.0,1879.0,0.0,533.4,532.5,531.05,33.33333333333333,-3.851282693220014,-4.33565981926497,7.975657409343899,0.0,Neutral
2015-04-21,539.0,529.0,529.0,529.0,500.0,0.0,537.2,533.5,531.5,41.525423728813564,-2.920322898595373,-4.456754100776209,6.770032003871674,0.2272484302520752,Positive
2015-04-20,540.0,539.0,539.0,539.0,169.0,0.0,539.4,531.7,532.1,55.97014925373135,-2.605965882204032,-4.840861901321418,9.809858986419874,0.4544968605041504,Positive
2015-04-16,539.0,540.0,540.0,540.0,95.0,0.9089937210083008,537.8,530.0,532.65,55.55555555555556,-3.185008877541577,-5.399585906100764,9.87702159335805,0.9089937210083008,Strongly Positive
2015-04-15,539.0,539.0,539.0,539.0,30.0,0.0,534.0,529.3,532.65,56.20437956204379,-3.97956908064441,-5.953230163240561,9.322016949142714,0.0,Neutral
2015-04-13,540.0,539.0,538.0,539.0,537.0,0.0,531.6,531.3,532.95,56.20437956204379,-4.834014007795304,-6.446645433889598,13.038830895107866,0.0,Neutral
2015-04-12,531.0,541.0,540.0,540.0,28.0,0.0,529.8,532.3,532.75,53.846153846153854,-5.854283511063841,-6.8498032904131705,14.040022158897493,0.0,Neutral
2015-04-09,521.0,531.0,525.0,531.0,888.0,0.0,524.0,530.6,533.0,46.57534246575342,-7.173183371438199,-7.098683235250502,14.033293744999435,0.0,Neutral
2015-04-08,527.0,521.0,521.0,521.0,240.0,0.0,522.2,530.0,534.35,40.0,-7.835878344186085,-7.080058201203577,14.142135623734687,0.0,Neutral
2015-04-07,530.0,528.0,511.0,527.0,7665.0,0.0,524.6,530.1,536.5,45.63758389261745,-7.549559878941523,-6.891103165457949,14.0748001762052,0.0,Neutral
2015-04-06,511.0,530.0,515.0,530.0,1435.0,0.0,531.0,529.6,538.3,45.033112582781456,-7.685210712335788,-6.726488987087055,14.284412639116436,0.0,Neutral
2015-04-05,522.0,522.0,505.0,511.0,2167.0,0.0,534.8,529.5,539.8,41.54929577464789,-8.052020165688646,-6.4868085557748705,14.284801558147747,0.0,Neutral
2015-04-02,533.0,530.0,519.0,522.0,1782.0,0.0,537.2,532.5,543.4,41.84397163120568,-6.4685366655580765,-6.095505653296426,13.066071415017333,0.0,Neutral
2015-04-01,559.0,548.0,533.0,533.0,265.0,0.0,537.8,535.3,546.4,41.25874125874127,-5.473348101165243,-6.002247900231013,13.556876074118442,0.0,Neutral
2015-03-31,549.0,559.0,557.0,559.0,24.0,0.0,535.6,536.0,547.75,47.96747967479675,-5.243513270232256,-6.134472849997455,13.60555442131002,0.0,Neutral
2015-03-30,523.0,549.0,533.0,549.0,153.0,0.0,528.2,534.6,547.9,43.85964912280702,-7.5211638930018125,-6.357212744938755,11.539304812495011,0.0,Neutral
2015-03-29,525.0,525.0,523.0,523.0,673.0,0.0,524.2,533.2,547.6,29.670329670329664,-9.300693758529405,-6.066224957922989,10.390166291049832,0.0,Neutral
2015-03-26,522.0,525.0,522.0,525.0,286.0,0.0,527.8,535.4,549.0,24.10714285714286,-8.789465423133151,-5.257607757771385,10.319345371146632,0.0,Neutral
2015-03-25,522.0,525.0,520.0,522.0,931.0,0.0,532.8,538.7,550.45,22.727272727272734,-8.21274175980011,-4.374643341430943,11.79500836041861,0.0,Neutral
2015-03-24,529.0,522.0,520.0,522.0,785.0,0.0,536.4,542.9,552.1,35.60606060606061,-7.051720040276109,-3.41511873683865,12.635487942920369,0.0,Neutral
2015-03-23,541.0,537.0,529.0,529.0,1146.0,0.0,541.0,547.0,553.95,37.00787401574803,-5.46726366313419,-2.5059684109792855,11.71893055417053,0.0,Neutral
2015-03-22,550.0,545.0,539.0,541.0,1920.0,0.0,542.2,550.1,555.55,49.25373134328358,-4.0781245975729234,-1.7656445979405593,10.461038826688194,0.0,Neutral
2015-03-19,540.0,550.0,530.0,550.0,1099.0,0.0,543.0,554.3,556.85,49.624060150375946,-3.467578014291803,-1.187524598032468,14.173919711926988,0.0,Neutral
2015-03-18,545.0,542.0,535.0,540.0,914.0,0.0,544.6,557.5,557.3,44.44444444444444,-3.554224695059588,-0.6175112439676342,16.51430356455824,0.0,Neutral
2015-03-17,535.0,545.0,535.0,545.0,599.0,0.0,549.4,559.5,558.25,45.9016393442623,-2.594937735675103,0.1166671188053543,15.32789758722987,0.0,Neutral
2015-03-16,545.0,545.0,535.0,535.0,535.0,0.0,553.0,561.2,559.0,39.655172413793096,-1.8418851040872823,0.7945683324254685,14.459137825846774,0.0,Neutral
2015-03-15,558.0,548.0,545.0,545.0,1153.0,0.0,558.0,562.0,560.25,42.59259259259259,0.16425676538074185,1.4536816915536561,12.99572579308509,0.0,Neutral
2015-03-11,564.0,560.0,554.0,558.0,1068.0,0.0,565.6,562.6,560.85,45.54455445544555,1.704252289459646,1.7760379230968848,12.240188814817836,0.0,Neutral
2015-03-10,563.0,564.0,564.0,564.0,74.0,0.0,570.4,562.2,560.95,52.42718446601941,2.321421088710167,1.7939843315061945,12.470409420355042,0.0,Neutral
2015-03-09,560.0,571.0,551.0,563.0,4324.0,0.0,569.6,561.3,560.55,51.96078431372549,2.4644776857359147,1.6621251422052012,12.649549838285871,0.0,Neutral
2015-03-04,583.0,572.0,550.0,560.0,2064.0,0.0,569.4,560.9,560.4,50.0,2.7130411577835503,1.4615370063225226,12.653062870315877,0.0,Neutral
2015-03-03,582.0,585.0,583.0,583.0,413.0,0.0,566.0,561.0,560.65,64.93506493506493,3.2962906634475075,1.1486609684572655,12.649110640680098,0.0,Neutral
2015-03-02,560.0,582.0,571.0,582.0,28.0,0.0,559.6,559.4,559.1,65.82278481012659,1.650964895571974,0.6117535447097049,10.362324921461466,0.0,Neutral
2015-03-01,562.0,560.0,552.0,560.0,649.0,0.0,554.0,557.1,558.1,50.0,-0.3712649375429464,0.35195070699413755,6.690789689328617,0.0,Neutral
2015-02-26,543.0,562.0,541.0,562.0,873.0,0.0,553.0,557.0,558.35,54.83870967741936,-0.7069653436270755,0.5327546181284085,6.649979114431978,0.0,Neutral
2015-02-25,551.0,548.0,542.0,543.0,1139.0,0.0,552.4,556.8,558.5,31.914893617021278,-1.3287943660307064,0.8426846085672794,6.511528238452088,0.0,Neutral
2015-02-24,554.0,554.0,543.0,551.0,991.0,0.0,556.0,558.5,559.85,34.09090909090909,-0.16860094566561656,1.385554352216776,4.377975178873093,0.0,Neutral
2015-02-23,555.0,554.0,547.0,554.0,2077.0,0.0,559.2,559.1,561.2,51.85185185185185,0.5001346700828435,1.774093176687374,3.5730472522526333,0.0,Neutral
2015-02-22,559.0,555.0,545.0,555.0,2343.0,0.0,560.2,559.7,561.5,44.44444444444444,1.0409552608006152,2.0925828033385065,3.093002855936485,0.0,Neutral
2015-02-18,561.0,568.0,551.0,559.0,550.0,0.0,561.0,559.8,561.75,45.16129032258065,1.614279647341391,2.3554896889729795,2.936362072767426,0.0,Neutral
2015-02-16,567.0,575.0,560.0,561.0,3422.0,0.0,561.2,559.9,562.8,46.666666666666664,1.9152968876558134,2.540792199380876,2.923088169147386,0.0,Neutral
2015-02-15,559.0,575.0,560.0,567.0,5495.0,0.0,561.0,560.3,563.75,47.45762711864407,2.068009119654789,2.6971660273121416,3.334999583566368,0.0,Neutral
2015-02-12,559.0,561.0,555.0,559.0,7753.0,0.0,559.0,558.8,563.9,33.89830508474576,1.62193623584767,2.854455254226479,3.3598941782520604,0.0,Neutral
2015-02-11,560.0,565.0,554.0,559.0,2226.0,0.0,559.2,559.1,564.35,49.350649350649356,1.8435386825398155,3.1625850088211815,3.5103022978635137,0.0,Neutral
2015-02-10,560.0,571.0,556.0,560.0,3052.0,0.0,558.6,559.7,563.9,50.0,2.0995688791171006,3.4923465903915227,3.9735234854035255,0.0,Neutral
2015-02-09,557.0,565.0,546.0,560.0,7086.0,0.0,558.6,560.2,563.8,39.583333333333336,2.29399914632495,3.8405410182101285,4.315347288734411,0.0,Neutral
2015-02-08,560.0,560.0,555.0,557.0,1863.0,0.0,559.6,561.2,563.3,37.634408602150536,2.5087956088874535,4.227176486181423,5.308274463320865,0.0,Neutral
2015-02-05,556.0,565.0,546.0,560.0,3199.0,0.0,558.6,563.3,562.5,45.00000000000001,3.051916975883273,4.656771705504915,7.257945837352837,0.0,Neutral
2015-02-04,560.0,565.0,550.0,556.0,771.0,0.0,559.0,563.3,561.65,43.87755102040816,3.395291273745215,5.057985387910325,7.257945837352837,0.0,Neutral
2015-02-03,565.0,566.0,554.0,560.0,4992.0,0.0,560.8,563.7,561.2,54.464285714285715,4.191448413579906,5.473658916451601,6.912950809101641,0.0,Neutral
2015-02-02,552.0,568.0,552.0,565.0,3258.0,0.0,561.8,565.7,560.65,53.04347826086957,4.739395186044021,5.794211542169525,8.446564061475968,0.0,Neutral
2015-02-01,562.0,569.0,552.0,552.0,5532.0,0.0,562.8,567.2,559.2,50.909090909090914,4.860746954737579,6.057915631200901,9.566144004314708,0.0,Neutral
2015-01-29,565.0,576.0,560.0,562.0,3666.0,0.0,568.0,569.0,558.1,59.633027522935784,6.26857052925584,6.357207800316731,7.944250191886502,0.0,Neutral
2015-01-28,565.0,568.0,565.0,565.0,813.0,0.0,567.6,569.6,556.75,60.18518518518518,6.956104320306167,6.379367118081953,7.574812062220167,0.0,Neutral
2015-01-27,570.0,566.0,565.0,565.0,1460.0,0.0,566.6,568.1,555.75,58.035714285714285,7.42701320531512,6.235182817525899,9.7576181064483,0.0,Neutral
2015-01-26,578.0,581.0,570.0,570.0,1499.0,0.0,569.6,567.4,554.15,59.633027522935784,7.920034899194661,5.937225220578593,10.24369724921178,0.0,Neutral
2015-01-25,560.0,578.0,560.0,578.0,1568.0,0.0,571.6,565.4,551.85,68.42105263157895,7.925018444485318,5.441522800924576,11.548929724348948,0.0,Neutral
2015-01-22,560.0,570.0,559.0,560.0,6551.0,0.0,570.0,561.7,549.25,64.70588235294117,7.001560810372894,4.820648890034391,12.910374811675515,0.0,Neutral
2015-01-20,580.0,581.0,560.0,560.0,6223.0,0.0,571.6,560.0,548.0,61.68224299065421,7.5537794546821715,4.275420909949766,14.212670403557707,0.0,Neutral
2015-01-19,580.0,610.0,573.0,580.0,7065.0,0.0,569.6,558.7,547.2,68.04123711340206,8.148738095896192,3.4558312737666634,14.795269514279322,0.0,Neutral
2015-01-18,570.0,585.0,574.0,580.0,7500.0,0.0,565.2,555.6,545.15,71.55963302752293,6.753230934741623,2.282604568234281,12.971764207956621,0.0,Neutral
2015-01-14,568.0,595.0,568.0,570.0,9832.0,0.0,559.2,551.2,543.9,71.2962962962963,4.873827526362788,1.1649479766074455,11.103552984925098,0.0,Neutral
2015-01-13,550.0,573.0,550.0,568.0,8140.0,0.0,553.4,547.2,543.3,69.44444444444444,3.4223151392847058,0.23772808916860988,10.778579580720335,0.0,Neutral
2015-01-12,558.0,560.0,545.0,550.0,5703.0,0.0,548.4,543.9,543.35,57.57575757575757,1.7235147450246586,-0.5584186733604142,8.517302650756417,0.0,Neutral
2015-01-11,550.0,567.0,550.0,558.0,2718.0,0.0,547.8,543.4,542.85,56.99999999999999,1.3628856636960336,-1.1289020279566824,8.26236447191744,0.0,Neutral
2015-01-08,541.0,558.0,531.0,550.0,2947.0,0.0,546.0,540.9,541.2,55.670103092783506,0.06822257205567439,-1.7518489508698614,7.046669820254673,0.0,Neutral
2015-01-07,543.0,553.0,540.0,541.0,1682.0,0.0,543.2,538.3,539.95,43.26923076923077,-0.7706851932317704,-2.206866831601245,8.042249547104687,0.0,Neutral
2015-01-06,547.0,547.0,541.0,543.0,1242.0,0.0,541.0,536.8,539.15,42.857142857142854,-0.9138629562970664,-2.5659122411936135,8.841819822745924,0.0,Neutral
2015-01-05,549.0,570.0,545.0,547.0,12945.0,0.0,539.4,536.0,538.4,40.17857142857142,-1.2869536581541752,-2.97892456241775,8.576453553519604,0.0,Neutral
2015-01-04,536.0,549.0,534.0,549.0,10481.0,0.0,539.0,535.7,537.55,53.23741007194244,-2.1517064644059474,-3.4019172884836433,8.192815280619058,0.0,Neutral
2015-01-01,530.0,546.0,532.0,536.0,4919.0,0.0,535.8,534.7,537.2,53.900709219858165,-3.427784315812346,-3.7144699945030673,6.896859188557346,0.0,Neutral
2014-12-31,535.0,533.0,517.0,530.0,4759.0,0.0,533.4,536.6,536.45,51.85185185185185,-3.6830286379229165,-3.7861414141757472,9.442221960729368,0.0,Neutral
2014-12-29,545.0,535.0,523.0,535.0,1957.0,0.0,532.6,539.4,536.25,53.846153846153854,-3.3443327925014046,-3.811919608238955,11.246727919222472,0.0,Neutral
2014-12-28,533.0,545.0,535.0,545.0,73.0,0.0,532.6,542.8,536.1,56.91056910569106,-3.372479800090673,-3.928816312173342,14.45145129198379,0.0,Neutral
2014-12-24,524.0,534.0,524.0,533.0,898.0,0.0,532.4,542.3,535.35,51.32743362831859,-4.37753318359421,-4.067900440194009,14.45337330868246,0.0,Neutral
2014-12-23,526.0,524.0,512.0,524.0,922.0,0.0,533.6,541.5,535.7,42.24137931034483,-4.374855383140925,-3.990492254343959,15.226074127412694,0.0,Neutral
2014-12-22,535.0,526.0,526.0,526.0,192.0,0.0,539.8,541.6,536.8,51.85185185185185,-3.3914396395348376,-3.8944014721447173,15.101140501451459,0.0,Neutral
2014-12-21,544.0,545.0,535.0,535.0,167.0,0.0,546.2,541.5,538.4,53.43511450381679,-2.2905498774845228,-4.0201419302971875,15.21877495435306,0.0,Neutral
2014-12-18,539.0,544.0,536.0,544.0,1157.0,0.0,553.0,540.8,539.1,54.6875,-1.7684607647950088,-4.452539943500353,15.704210334249652,0.0,Neutral
2014-12-17,555.0,545.0,536.0,539.0,1400.0,0.0,552.2,539.4,537.75,53.599999999999994,-1.9927257771106497,-5.12355973817669,16.008331164328002,0.0,Neutral
2014-12-16,558.0,555.0,548.0,555.0,514.0,0.0,549.4,539.7,536.45,56.30252100840336,-1.7408934724356868,-5.9062682284432,16.02810032412229,0.0,Neutral
2014-12-15,569.0,580.0,540.0,558.0,1492.0,0.0,543.4,536.3,536.2,54.91803278688525,-3.0232326985059217,-6.947611917445078,16.028100324122075,0.0,Neutral
2014-12-14,540.0,569.0,539.0,569.0,2904.0,0.0,536.8,533.1,536.5,54.47154471544715,-4.921444107802699,-7.928706722179867,14.317433041191567,0.0,Neutral
2014-12-11,525.0,540.0,520.0,540.0,3008.0,0.0,528.6,529.4,536.2,45.63106796116505,-8.392667483191644,-8.680522375774158,6.834552736735433,0.0,Neutral
2014-12-10,525.0,535.0,523.0,525.0,3142.0,0.0,526.6,528.4,537.6,53.33333333333333,-9.748408337114483,-8.752486098919787,5.758086101792843,0.0,Neutral
2014-12-09,525.0,532.0,522.0,525.0,1732.0,0.0,530.0,529.9,539.65,54.83870967741936,-9.809758905763374,-8.503505539371112,6.6574936892444825,0.0,Neutral
2014-12-08,528.0,535.0,525.0,525.0,1104.0,0.0,529.2,532.0,542.55,42.23602484472049,-9.745377138391405,-8.176942197773045,8.09663853433437,0.0,Neutral
2014-12-07,530.0,531.0,520.0,528.0,2000.0,0.0,529.4,535.3,546.05,39.53488372093023,-9.521451651478287,-7.784833462618453,11.096045341577423,0.0,Neutral
2014-12-04,542.0,552.0,525.0,530.0,5431.0,0.0,530.2,537.4,548.9,40.35087719298246,-9.402602005978451,-7.350678915403494,11.539304812495411,0.0,Neutral
2014-12-03,521.0,542.0,529.0,542.0,4543.0,0.0,530.2,536.1,550.65,42.07317073170732,-9.317777883817257,-6.837698142759754,13.09325526114322,0.0,Neutral
2014-12-02,526.0,521.0,510.0,521.0,2276.0,0.0,529.8,533.2,552.55,34.482758620689665,-10.295798325948681,-6.2176782074953785,14.74825790089209,0.0,Neutral
2014-12-01,532.0,540.0,526.0,526.0,3785.0,0.0,534.8,536.1,556.05,31.847133757961785,-9.256169169164536,-5.198148177882052,14.932812490921117,0.0,Neutral
2014-11-30,530.0,535.0,529.0,532.0,1089.0,0.0,541.2,539.9,559.9,30.674846625766875,-8.303680039317669,-4.183642930061431,16.79583281650922,0.0,Neutral
2014-11-25,540.0,530.0,530.0,530.0,50.0,0.0,544.6,543.0,563.6,33.91812865497076,-7.578085840286576,-3.153633652747372,17.993826101691415,0.0,Neutral
2014-11-24,546.0,540.0,540.0,540.0,490.0,0.0,542.0,546.8,567.5,43.0939226519337,-6.3381007231189415,-2.0475206058625703,18.93145530592248,0.0,Neutral
2014-11-23,558.0,584.0,545.0,546.0,9565.0,0.0,536.6,549.4,571.5,41.05263157894737,-5.681420072143396,-0.9748755765484773,19.66497167837412,0.0,Neutral
2014-11-20,549.0,561.0,539.0,558.0,1584.0,0.0,537.4,553.1,574.65,41.269841269841265,-5.371527022030705,0.2017605473502524,22.26332310226187,0.0,Neutral
2014-11-19,517.0,550.0,500.0,549.0,4187.0,0.0,538.6,556.8,575.35,35.9375,-6.1196776813844735,1.5950824396954917,25.939245255878262,0.0,Neutral
2014-11-18,513.0,553.0,493.0,517.0,6437.0,0.0,541.4,560.4,576.9,22.699386503067487,-6.069212847594258,3.523772469965483,27.203757910344113,0.0,Neutral
2014-11-17,550.0,540.0,500.0,513.0,726.0,0.0,551.6,565.2,579.8,20.496894409937894,-2.658340091046057,5.922018799355418,22.528007260103706,0.0,Neutral
2014-11-16,564.0,560.0,545.0,550.0,3302.0,0.0,562.2,571.9,582.6,24.264705882352942,2.141113355908942,8.067108521955786,13.38697542805311,0.0,Neutral
2014-11-13,563.0,575.0,562.0,564.0,955.0,0.0,568.8,576.0,583.7,33.0827067669173,4.468545015754557,9.548607313467496,12.156388352548289,0.0,Neutral
2014-11-12,568.0,575.0,559.0,563.0,898.0,0.0,575.0,579.9,582.8,47.337278106508876,5.948742588637629,10.81862288789573,13.995634239932773,0.0,Neutral
2014-11-11,566.0,570.0,560.0,568.0,1492.0,0.0,579.4,584.2,582.15,46.51162790697675,7.853303962191717,12.036092962710253,14.80840602121299,0.0,Neutral
2014-11-10,583.0,572.0,555.0,566.0,3776.0,0.0,578.8,588.2,580.75,47.42857142857144,9.660896057714126,13.081790212839886,15.33912933934334,0.0,Neutral
2014-11-09,595.0,604.0,583.0,583.0,1207.0,0.0,581.6,593.6,578.95,54.26829268292683,12.03115511697797,13.937013751621325,16.139668177788312,0.0,Neutral
2014-11-06,585.0,595.0,574.0,595.0,1006.0,0.0,583.2,596.2,576.25,57.41935483870968,13.150559878191416,14.413478410282163,16.335374022184883,0.0,Neutral
2014-11-05,565.0,596.0,575.0,585.0,3989.0,0.0,584.8,593.9,574.25,61.40350877192982,13.166228357002865,14.72920804330485,18.05208513657084,0.0,Neutral
2014-11-04,580.0,592.0,559.0,565.0,4904.0,0.0,589.0,593.4,574.5,54.83870967741936,14.012900075674793,15.119952964880344,18.392027258214085,0.0,Neutral
2014-11-03,591.0,585.0,575.0,580.0,1682.0,0.0,597.6,594.4,574.7,63.333333333333336,16.92610070458818,15.396716187181731,16.886549545593397,0.0,Neutral
2014-11-02,603.0,600.0,590.0,591.0,2656.0,0.0,605.6,593.3,571.7,70.46979865771812,18.870933497061742,15.014370057830117,18.233363802540072,0.0,Neutral
2014-10-30,606.0,610.0,595.0,603.0,3872.0,0.0,609.2,591.4,567.15,76.81159420289855,19.958761046770746,14.05022919802221,19.449078812809777,0.0,Neutral
2014-10-28,608.0,620.0,606.0,606.0,11521.0,0.0,603.0,585.7,561.4,65.83850931677019,19.835097140446237,12.573096235835074,23.584599494872542,0.0,Neutral
2014-10-27,620.0,634.0,601.0,608.0,5519.0,0.0,597.8,580.1,554.95,54.63917525773196,19.083291977967406,10.757596009682281,24.843733839970792,0.0,Neutral
2014-10-26,609.0,621.0,606.0,620.0,7823.0,0.0,591.2,573.3,549.15,62.5615763546798,17.642503687269596,8.676172017611,25.651727253955023,0.0,Neutral
2014-10-22,572.0,609.0,570.0,609.0,6411.0,0.0,581.0,564.3,542.65,68.46473029045643,14.325097488055007,6.43458910019635,23.108680427737198,0.0,Neutral
2014-10-21,580.0,591.0,558.0,572.0,855.0,0.0,573.6,556.3,536.85,66.07142857142857,11.002515793958423,4.461962003231686,19.47676678621493,0.0,Neutral
2014-10-20,575.0,580.0,552.0,580.0,967.0,0.0,568.4,554.6,532.45,70.17543859649123,10.368929474672086,2.8268235555500016,18.679757314630486,0.0,Neutral
2014-10-19,569.0,575.0,555.0,575.0,2844.0,0.0,562.4,555.6,528.2,70.94017094017094,8.594876689333205,0.9412970757694803,20.380818869170525,0.0,Neutral
2014-10-16,572.0,576.0,556.0,569.0,6911.0,0.0,555.4,555.0,525.1,65.84362139917695,6.714614746019379,-0.9720978276214509,19.8270298106214,0.0,Neutral
2014-10-15,546.0,574.0,542.0,572.0,4414.0,0.0,547.6,550.1,521.4,66.94214876033058,4.827958742065789,-2.8937759710316584,21.926392012066568,0.0,Neutral
2014-10-14,550.0,552.0,546.0,546.0,938.0,0.0,539.0,542.9,517.8,62.10045662100457,2.0442202244076952,-4.82420964930602,25.470898426769416,0.0,Neutral
2014-10-13,540.0,550.0,530.0,550.0,2443.0,0.0,540.8,537.1,513.5,64.73214285714286,1.1086962222419743,-6.541317117734448,30.74428582860951,0.0,Neutral
2014-10-12,530.0,540.0,526.0,540.0,120.0,0.0,548.8,529.8,511.05,60.0,-0.5087718128457936,-8.453820452728554,35.62084283736926,0.0,Neutral
2014-10-09,529.0,540.0,519.0,530.0,808.0,0.0,554.6,525.0,510.3,53.648068669527895,-1.5476670603528646,-10.440082612699243,37.28866375246709,0.0,Neutral
2014-10-08,555.0,545.0,528.0,529.0,628.0,0.0,552.6,521.0,509.8,56.800000000000004,-1.8329818372021691,-12.663186500785836,38.80721582386581,0.0,Neutral
2014-09-30,590.0,600.0,553.0,555.0,1678.0,0.0,546.8,517.4,510.65,62.008733624454145,-2.068667507476107,-15.370737666681752,39.64341054954902,0.0,Neutral
2014-09-29,569.0,599.0,559.0,590.0,11485.0,0.0,533.4,510.3,510.8,77.77777777777777,-4.986671144698789,-18.696255206483162,38.50266946012494,0.0,Neutral
2014-09-28,520.0,569.0,512.0,569.0,4848.0,0.0,510.8,500.8,506.7,63.38582677165354,-12.202207843194685,-22.123651221929258,26.502830037565147,0.0,Neutral
2014-09-24,500.0,534.0,502.0,520.0,1705.0,0.0,495.4,495.2,501.35,48.90829694323144,-19.096188024282924,-24.6040120666129,12.93402060029844,0.0,Neutral
2014-09-23,488.0,515.0,497.0,500.0,2726.0,0.0,489.4,492.7,498.3,45.32710280373831,-22.628559993245972,-25.980968077195392,9.592242235846761,0.0,Neutral
2014-09-22,477.0,488.0,470.0,488.0,1749.0,0.0,488.0,492.7,498.55,37.280701754385966,-24.77164479736615,-26.819070098182742,9.592242235846761,0.0,Neutral
2014-09-21,492.0,485.0,477.0,477.0,1703.0,0.0,487.2,489.9,502.15,32.31441048034935,-25.92486729575421,-27.330926423386888,14.12995242580817,0.0,Neutral
2014-09-18,490.0,492.0,482.0,492.0,1021.0,0.0,490.8,492.3,507.7,46.96969696969697,-25.89970957848567,-27.682441205295056,13.727911551128464,0.0,Neutral
2014-09-17,493.0,490.0,486.0,490.0,83.0,0.0,495.0,495.6,512.35,54.54545454545455,-27.01814886184866,-28.1281241119974,17.180091837810764,0.0,Neutral
2014-09-16,484.0,493.0,475.0,493.0,1138.0,0.0,496.0,498.6,518.85,55.51948051948052,-27.849056472805046,-28.405617924534585,18.649992552874753,0.0,Neutral
2014-09-15,495.0,490.0,475.0,484.0,856.0,0.0,497.4,503.9,524.4,46.95652173913044,-28.809974093003177,-28.54475828746697,23.72270361208303,0.0,Neutral
2014-09-14,513.0,503.0,485.0,495.0,930.0,0.0,492.6,511.3,529.95,41.645244215938305,-28.701036595976007,-28.478454336082912,27.98432100699077,0.0,Neutral
2014-09-11,495.0,513.0,486.0,513.0,2912.0,0.0,493.8,512.6,536.2,40.6015037593985,-29.264523112919846,-28.422808771109633,27.439630706943163,0.0,Neutral
2014-09-10,500.0,520.0,485.0,495.0,6117.0,0.0,496.2,507.5,541.3,38.28125000000001,-31.390798294722003,-28.212380185657075,31.756889016402024,0.0,Neutral
2014-09-09,460.0,506.0,469.0,500.0,5481.0,0.0,501.2,503.9,547.3,35.50724637681158,-31.81537791520816,-27.41777565839084,35.186645193881,0.0,Neutral
2014-09-07,501.0,505.0,451.0,460.0,3730.0,0.0,510.4,504.4,552.3,31.538461538461533,-32.40361767931654,-26.31837509418651,35.16058399211732,0.0,Neutral
2014-09-04,525.0,530.0,496.0,501.0,4046.0,0.0,530.0,514.4,560.8,36.87150837988827,-28.610372902897552,-24.797064447904,35.34968175245837,0.0,Neutral
2014-09-03,520.0,540.0,525.0,525.0,2862.0,0.0,531.4,523.1,567.6,36.76880222841226,-27.5272077824078,-23.843737334155605,41.80231253571311,0.0,Neutral
2014-09-01,546.0,536.0,506.0,520.0,1425.0,0.0,518.8,529.1,573.0,36.76880222841226,-28.187935824511328,-22.922869722092557,46.181886781148094,0.0,Neutral
2014-08-31,558.0,579.0,546.0,546.0,4279.0,0.0,506.6,539.1,579.5,39.63963963963965,-28.112167822621586,-21.60660319648786,54.134503271431015,0.0,Neutral
2014-08-28,508.0,558.0,518.0,558.0,10795.0,0.0,498.4,544.9,584.5,43.75,-30.253828768244148,-19.980212039954427,57.92993852731003,0.0,Neutral
2014-08-27,462.0,508.0,471.0,508.0,1559.0,0.0,498.8,548.6,589.6,30.696202531645582,-33.76912941130058,-17.411807857881996,60.004073935767366,0.0,Neutral
2014-08-26,459.0,504.0,451.0,462.0,10848.0,0.0,514.8,559.8,598.0,18.411552346570403,-32.673834895182836,-13.322477469527346,62.00322572253936,0.0,Neutral
2014-08-25,505.0,495.0,455.0,459.0,6148.0,0.0,539.4,575.1,608.4,18.705035971223012,-26.116948659771765,-8.484638113113473,53.47990276730308,0.0,Neutral
2014-08-24,560.0,549.0,505.0,505.0,4545.0,0.0,571.6,590.7,619.4,20.883534136546174,-17.062640066068525,-4.076560476448898,35.6216226469292,0.0,Neutral
2014-08-20,588.0,590.0,560.0,560.0,302.0,0.0,591.4,600.2,627.15,28.282828282828277,-9.941502332780942,-0.8300405790439906,19.030968913274368,0.0,Neutral
2014-08-19,585.0,605.0,588.0,588.0,1656.0,0.0,598.4,607.2,632.2,30.434782608695656,-6.307737410180607,1.4478248593902472,15.061355996214132,0.0,Neutral
2014-08-18,620.0,608.0,585.0,585.0,170.0,0.0,604.8,612.1,635.3,26.903553299492387,-4.428892183004564,3.3867154267829607,16.058573341926685,0.0,Neutral
2014-08-14,604.0,620.0,591.0,620.0,1611.0,0.0,610.8,616.9,638.75,35.11904761904762,-1.660927661292476,5.340617329229842,14.11421663116238,0.0,Neutral
2014-08-13,595.0,612.0,571.0,604.0,10353.0,0.0,609.8,619.9,639.25,26.708074534161483,-1.6674758148701585,7.0910035768604205,17.603345641611792,0.0,Neutral
2014-08-12,620.0,609.0,595.0,595.0,1568.0,0.0,609.0,624.1,641.3,30.994152046783626,-0.02248853722039712,9.280623424793065,18.381452004073587,0.0,Neutral
2014-08-07,615.0,620.0,598.0,620.0,2684.0,0.0,616.0,630.6,643.7,36.054421768707485,2.993804148612071,11.60640141529643,18.44029404442186,0.0,Neutral
2014-08-06,615.0,620.0,610.0,615.0,3872.0,0.0,619.4,636.2,645.7,38.56209150326797,4.254689661822113,13.75955073196752,22.841482730629377,0.0,Neutral
2014-08-05,600.0,630.0,610.0,615.0,3165.0,0.0,623.0,641.7,648.45,37.5796178343949,6.3112425945108726,16.13576599950387,23.77229947275903,0.0,Neutral
2014-08-04,630.0,620.0,593.0,600.0,1912.0,0.0,630.0,648.1,650.45,40.963855421686745,8.84435208176808,18.591896850752118,24.392394078671703,0.0,Neutral
2014-08-03,637.0,630.0,620.0,630.0,1965.0,0.0,639.2,654.1,652.7,45.033112582781456,13.476148524314453,21.02878304299813,17.710323417597348,0.0,Neutral
2014-07-31,633.0,638.0,626.0,637.0,5611.0,0.0,645.2,657.2,651.7,47.945205479452056,16.137442914265193,22.916941672669047,15.611961226370019,0.0,Neutral
2014-07-30,650.0,640.0,630.0,633.0,2745.0,0.0,653.0,658.5,651.4,41.50943396226415,18.586768584140373,24.61181636227001,14.222439234467755,0.0,Neutral
2014-07-28,646.0,651.0,635.0,650.0,1491.0,0.0,660.4,660.6,651.1,43.421052631578945,21.84991853246629,26.118078306802417,11.286176402047394,0.0,Neutral
2014-07-27,660.0,655.0,643.0,646.0,2134.0,0.0,666.2,658.6,648.4,47.23926380368098,23.96615837876641,27.185118250386445,14.64543918389746,0.0,Neutral
2014-07-24,676.0,675.0,651.0,660.0,2442.0,0.0,669.0,658.5,645.3,54.71698113207547,26.72592402435282,27.989858218291452,14.744113703076192,0.0,Neutral
2014-07-23,670.0,678.0,644.0,676.0,4851.0,0.0,669.2,656.8,641.65,68.53932584269663,28.43419328072889,28.305841766776112,15.51200252135648,0.0,Neutral
2014-07-22,679.0,680.0,658.0,670.0,6284.0,0.0,664.0,655.2,636.05,60.10362694300518,28.571886865692818,28.273753888287917,14.069667926283852,0.0,Neutral
2014-07-21,660.0,691.0,660.0,679.0,25344.0,0.0,660.8,655.2,629.95,63.829787234042556,28.94295195972768,28.199220643936687,14.069667926283852,0.0,Neutral
2014-07-20,661.0,674.0,650.0,660.0,5334.0,0.0,651.0,652.8,623.5,66.0,28.079213923972475,28.01328781498894,11.341173758591447,0.0,Neutral
2014-07-17,650.0,661.0,640.0,661.0,6880.0,0.0,648.0,651.3,618.0,68.24644549763033,28.502890628532555,27.996806287743052,11.274849099768957,0.0,Neutral
2014-07-16,654.0,665.0,635.0,650.0,8937.0,0.0,644.4,646.2,613.05,65.51724137931035,28.527250485937884,27.870285202545677,16.65199354099139,0.0,Neutral
2014-07-15,630.0,654.0,630.0,654.0,9146.0,0.0,646.4,644.3,608.05,70.27027027027026,29.263400696867052,27.706043881697624,17.243678390783426,0.0,Neutral
2014-07-14,645.0,645.0,623.0,630.0,2827.0,0.0,649.6,641.6,602.6,69.1588785046729,29.370073865044105,27.316704677905264,17.664779773457884,0.0,Neutral
2014-07-13,643.0,660.0,639.0,645.0,4012.0,0.0,654.6,638.2,598.35,73.6318407960199,31.52266290711657,26.803362381120554,22.699975526180758,0.0,Neutral
2014-07-10,660.0,648.0,625.0,643.0,28038.0,0.0,654.6,632.1,591.75,73.36683417085428,32.28436509671292,25.62353724962155,28.199487781011523,0.0,Neutral
2014-07-09,670.0,668.0,641.0,660.0,9889.0,0.0,648.0,626.5,585.1,75.25773195876289,32.99061967184559,23.958330287848703,31.195619350590963,0.0,Neutral
2014-07-08,655.0,690.0,655.0,670.0,18657.0,0.0,642.2,616.9,577.3,80.61224489795919,31.68128467978795,21.70025794184948,34.35258360007707,0.0,Neutral
2014-07-07,645.0,675.0,650.0,655.0,18489.0,0.0,633.6,604.7,569.25,79.56989247311827,28.53109660367386,19.20500125736486,35.05567001214303,0.0,Neutral
2014-07-06,610.0,645.0,605.0,645.0,41145.0,0.0,621.8,594.2,561.55,78.4090909090909,25.622586054107387,16.87347742078761,34.02548064809049,0.0,Neutral
2014-07-03,631.0,635.0,609.0,610.0,8059.0,0.0,609.6,584.7,555.1,78.03468208092485,22.55575861005559,14.686200262457664,31.429108942016168,0.0,Neutral
2014-07-02,627.0,661.0,629.0,631.0,33063.0,0.0,605.0,579.9,551.1,89.03225806451613,21.8769241835015,12.718810675558183,30.794840837751465,0.0,Neutral
2014-07-01,596.0,645.0,596.0,627.0,24794.0,0.0,591.6,571.8,545.55,89.171974522293,18.554092981848726,10.429282298572353,26.165286587813856,0.0,Neutral
2014-06-30,584.0,604.0,555.0,596.0,26385.0,0.0,575.8,563.6,540.7,83.20610687022901,14.45034707745765,8.398079627753258,18.739145005996175,0.0,Neutral
2014-06-29,587.0,598.0,576.0,584.0,27022.0,0.0,566.6,558.5,537.65,82.67716535433071,12.158651801999099,6.8850127653271604,15.622277540606628,0.0,Neutral
2014-06-26,564.0,587.0,560.0,587.0,12871.0,0.0,559.8,551.4,535.2,75.53956834532374,10.278580351475625,5.566603006159175,18.596295927479677,0.0,Neutral
2014-06-25,548.0,564.0,530.0,564.0,7713.0,0.0,554.8,543.7,532.85,63.07692307692307,7.423964349513426,4.388608669830063,18.153971099096456,0.0,Neutral
2014-06-24,550.0,550.0,540.0,548.0,3159.0,0.0,552.0,537.7,531.5,61.29032258064516,6.014269534652385,3.629769749909222,20.46704668485791,0.0,Neutral
2014-06-23,550.0,550.0,520.0,550.0,8799.0,0.0,551.4,533.8,532.35,57.57575757575758,5.756596959543799,3.0336448037234307,21.948424392959968,0.0,Neutral
2014-06-19,562.0,565.0,545.0,550.0,5796.0,0.0,550.4,528.9,532.6,55.47445255474454,5.140344371539186,2.3529067647683384,23.354514196049386,0.0,Neutral
2014-06-18,550.0,571.0,551.0,562.0,5244.0,0.0,543.0,525.5,531.6,60.8,4.279013331990882,1.6560473630756267,22.3966763407262,0.0,Neutral
2014-06-17,545.0,577.0,535.0,550.0,18888.0,0.0,532.6,522.3,530.55,54.23728813559322,1.8955833385019787,1.0003058708468129,18.55951388252624,0.0,Neutral
2014-06-16,545.0,546.0,526.0,545.0,4664.0,0.0,523.4,519.3,530.05,53.44827586206896,0.047706025525258156,0.7764865039330213,15.804710971384848,0.0,Neutral
2014-06-15,513.0,545.0,506.0,545.0,8243.0,0.0,516.2,517.8,530.55,43.055555555555564,-1.8024603779545032,0.958681623534962,13.660974424335315,0.0,Neutral
2014-06-12,510.0,513.0,498.0,513.0,4966.0,0.0,507.4,516.8,531.8,32.786885245901644,-4.137727891080203,1.6489671239073282,11.669523459760361,0.0,Neutral
2014-06-11,504.0,510.0,500.0,510.0,2872.0,0.0,508.0,519.0,535.6,43.055555555555564,-3.8000114748722353,3.0956408776542106,12.884098726729915,0.0,Neutral
2014-06-10,509.0,511.0,501.0,504.0,4215.0,0.0,512.0,522.0,538.45,37.58389261744966,-3.008235082186843,4.819553965785822,14.0000000000046,0.0,Neutral
2014-06-09,501.0,509.0,500.0,509.0,2065.0,0.0,515.2,525.3,541.15,39.310344827586206,-1.3429752488730173,6.776501227778988,13.149144458866319,0.0,Neutral
2014-06-08,516.0,520.0,500.0,501.0,2434.0,0.0,519.4,530.9,542.9,32.236842105263165,0.2929451238131833,8.80637034694199,16.842076937114992,0.0,Neutral
2014-06-05,530.0,525.0,516.0,516.0,1944.0,0.0,526.2,536.3,546.6,32.236842105263165,3.1912588340588854,10.93472665272419,14.712428608347123,0.0,Neutral
2014-06-04,520.0,530.0,510.0,530.0,1426.0,0.0,530.0,537.7,550.15,31.210191082802552,5.316870023004299,12.870593607390516,13.149144458867196,0.0,Neutral
2014-06-03,530.0,539.0,520.0,520.0,2570.0,0.0,532.0,538.8,553.7,36.09467455621302,6.527132012923744,14.759024503487069,12.890995996351009,0.0,Neutral
2014-06-02,535.0,547.0,530.0,530.0,2190.0,0.0,535.4,540.8,559.45,41.66666666666667,8.995108123505702,16.8169976261279,11.07349187123853,0.0,Neutral
2014-06-01,535.0,541.0,530.0,535.0,2315.0,0.0,542.4,543.3,562.6,47.45762711864407,10.996123331942954,18.772470001783446,11.18580449598465,0.0,Neutral
2014-05-28,540.0,546.0,535.0,535.0,2264.0,0.0,546.4,546.8,564.0,40.38461538461538,12.881111858610893,20.716556669243566,13.530213105004721,0.0,Neutral
2014-05-27,537.0,540.0,530.0,540.0,3308.0,0.0,545.4,552.2,562.85,39.06976744186046,15.099681041978329,22.675417871901733,18.250114154899187,0.0,Neutral
2014-05-26,565.0,554.0,535.0,537.0,1870.0,0.0,545.6,554.9,560.85,35.840707964601776,17.20265943904758,24.569352079382583,18.24189317661017,0.0,Neutral
2014-05-25,555.0,565.0,545.0,565.0,956.0,0.0,546.2,557.0,558.0,34.91379310344827,19.94205863764796,26.41102523946633,17.12697677155916,0.0,Neutral
2014-05-22,530.0,555.0,520.0,555.0,6842.0,0.0,544.2,554.9,553.05,42.803030303030305,20.29755276185938,28.02826688992092,17.323394586517672,0.0,Neutral
2014-05-21,541.0,540.0,525.0,530.0,12241.0,0.0,547.2,556.9,548.05,43.86617100371747,21.47423722204394,29.960945421936305,18.453846331988295,0.0,Neutral
2014-05-20,540.0,550.0,540.0,541.0,1810.0,0.0,559.0,562.6,544.05,54.69255663430421,25.209216482540796,32.082622471909396,18.019742259846968,0.0,Neutral
2014-05-19,555.0,551.0,536.0,540.0,4456.0,0.0,564.2,568.6,540.3,56.25,28.489728680737926,33.800973969251544,19.917608067017618,0.0,Neutral
2014-05-18,570.0,568.0,553.0,555.0,2357.0,0.0,567.8,578.1,536.3,61.53846153846154,32.364277287444224,35.12878529137994,26.371070007369134,0.0,Neutral
2014-05-15,589.0,578.0,564.0,570.0,5965.0,0.0,565.6,581.9,532.15,66.04938271604938,35.311584384913886,35.81991229236387,25.392256037361143,0.0,Neutral
2014-05-13,567.0,589.0,570.0,589.0,11206.0,0.0,566.6,581.2,527.25,71.20253164556962,37.03252421644913,35.946994269226366,25.849134952218687,0.0,Neutral
2014-05-12,558.0,567.0,547.0,567.0,22567.0,0.0,566.2,573.5,521.05,69.56521739130434,36.755868885551195,35.675611782420674,33.57992124933195,0.0,Neutral
2014-05-11,544.0,560.0,534.0,558.0,9372.0,0.0,573.0,566.8,514.2,65.03267973856208,38.10812526123351,35.405547506638044,40.90585396846158,0.0,Neutral
2014-05-08,575.0,565.0,544.0,544.0,9476.0,0.0,588.4,559.0,507.6,64.09395973154362,40.196159758759165,34.72990306798918,49.33783763221111,0.0,Neutral
2014-05-07,587.0,607.0,575.0,575.0,7889.0,0.0,598.2,551.2,501.7,68.45878136200717,43.70203419365538,33.36333889529668,57.4684454481102,0.0,Neutral
2014-05-06,601.0,590.0,541.0,587.0,14097.0,0.0,595.8,539.2,494.65,71.53558052434457,44.38477524774248,30.778665070707007,64.09333472020111,0.0,Neutral
2014-05-05,635.0,683.0,584.0,601.0,24109.0,0.0,580.8,525.5,487.15,76.15384615384616,43.38878618953743,27.377137526448134,67.30238562719212,0.0,Neutral
2014-05-04,593.0,635.0,588.0,635.0,28430.0,0.0,560.6,512.0,479.2,89.272030651341,40.06097781067143,23.37422536067581,63.930517838597744,0.0,Neutral
2014-04-30,563.0,596.0,552.0,593.0,54062.0,0.0,529.6,494.5,469.0,87.4439461883408,31.768960893490828,19.202537248176903,48.64440129940869,0.0,Neutral
2014-04-29,512.0,563.0,515.0,563.0,41400.0,0.0,504.2,482.4,460.2,85.49222797927462,24.99960168802062,16.06093133684842,34.37764131266637,0.0,Neutral
2014-04-28,500.0,524.0,495.0,512.0,28339.0,0.0,482.6,473.3,452.5,76.0,19.05035264121284,13.82626374905537,19.493873681524267,0.0,Neutral
2014-04-27,480.0,501.0,465.0,500.0,9709.0,0.0,470.2,468.6,447.7,72.34042553191489,16.372578728505914,12.520241526016001,14.025373831424933,0.0,Neutral
2014-04-23,466.0,490.0,475.0,480.0,16480.0,0.0,463.4,461.6,443.1,65.07936507936508,13.938437062054504,11.55715722539352,14.08071967858061,0.0,Neutral
2014-04-22,455.0,466.0,450.0,466.0,13212.0,0.0,459.4,456.2,439.4,64.22764227642277,12.6652098868812,10.961837266228272,16.403251710156788,0.0,Neutral
2014-04-21,450.0,459.0,450.0,455.0,4146.0,0.0,460.6,452.2,436.35,65.07936507936508,12.281342330396285,10.535994111065039,18.49204032971068,0.0,Neutral
2014-04-20,466.0,470.0,450.0,450.0,2843.0,0.0,464.0,450.1,433.35,65.89147286821705,12.732750033495165,10.099657056232227,19.312920257925192,0.0,Neutral
2014-04-17,460.0,470.0,448.0,466.0,10633.0,0.0,467.0,448.8,430.85,70.83333333333333,13.632797683145156,9.441383811916491,19.752918209162534,0.0,Neutral
2014-04-16,472.0,470.0,455.0,460.0,25653.0,0.0,459.8,446.4,427.85,71.31147540983606,12.954199626034494,8.393530344109324,18.869140002780433,0.0,Neutral
2014-04-15,472.0,480.0,466.0,472.0,10432.0,0.0,453.0,443.5,425.55,79.46428571428572,12.510546111307235,7.253363023628032,18.77498335552075,0.0,Neutral
2014-04-13,465.0,480.0,465.0,472.0,13922.0,0.0,443.8,438.0,422.0,79.64601769911505,10.54049313634539,5.939067251708231,17.511900715420403,0.0,Neutral
2014-04-10,430.0,473.0,436.0,465.0,22355.0,0.0,436.2,431.7,418.4,80.17241379310344,7.872672893592664,4.788710780548941,15.085312945601574,0.0,Neutral
2014-04-09,426.0,435.0,421.0,430.0,1622.0,0.0,430.6,426.8,415.65,67.44186046511628,5.065779814390623,4.017720252288011,10.2502032500204,0.0,Neutral
2014-04-07,426.0,430.0,422.0,426.0,3009.0,0.0,433.0,424.6,414.9,61.36363636363637,4.973115850545298,3.7557053617623573,11.73977096123608,0.0,Neutral
2014-04-06,434.0,430.0,418.0,426.0,4503.0,0.0,434.0,422.6,415.35,56.25,5.189779433411104,3.451352739566622,13.099618315052446,0.0,Neutral
2014-04-03,437.0,441.0,434.0,434.0,7438.0,0.0,432.2,420.5,416.55,66.33663366336634,5.390833251055653,3.016746066105501,14.1362418390953,0.0,Neutral
2014-04-02,442.0,440.0,430.0,437.0,8238.0,0.0,427.2,416.6,416.85,68.68686868686868,4.7544934582884935,2.4232242698679625,15.327535135610816,0.0,Neutral
2014-04-01,431.0,449.0,430.0,442.0,4905.0,0.0,423.0,412.9,416.5,65.38461538461539,3.5676816724905507,1.8404069727628296,14.286357128395146,0.0,Neutral
2014-03-31,417.0,438.0,418.0,431.0,21005.0,0.0,416.2,409.3,417.15,58.16326530612245,1.4918938051995383,1.408588297830899,10.044899203080282,0.0,Neutral
2014-03-27,409.0,423.0,410.0,417.0,7188.0,0.0,411.2,407.6,418.35,41.34615384615385,-0.059266618945798655,1.3877619209887389,6.915361322610932,0.0,Neutral
2014-03-26,416.0,414.0,407.0,409.0,3391.0,0.0,408.8,406.0,420.0,31.531531531531527,-0.6127947731248469,1.7495190559723732,6.324555320339866,0.0,Neutral
2014-03-25,408.0,416.0,408.0,416.0,3713.0,0.0,406.0,405.1,422.55,39.473684210526315,-0.49583914775877247,2.340097513246678,6.488451279006295,0.0,Neutral
2014-03-24,406.0,412.0,402.0,408.0,1975.0,0.0,402.8,404.5,425.65,40.51724137931034,-1.0520763074150068,3.0490816784980406,5.582711408151466,0.0,Neutral
2014-03-23,400.0,406.0,392.0,406.0,2649.0,0.0,402.4,405.2,427.8,32.37410071942446,-0.9321888085411274,4.074371174976302,6.442911695122758,0.0,Neutral
2014-03-20,395.0,405.0,393.0,405.0,5384.0,0.0,404.0,408.1,428.0,31.8840579710145,-0.5619732909451045,5.326011170855659,11.43532538525721,0.0,Neutral
2014-03-19,400.0,405.0,395.0,395.0,6028.0,0.0,403.2,412.6,428.0,29.32330827067669,0.02054867210932798,6.798007286305849,17.385817975197842,0.0,Neutral
2014-03-18,406.0,410.0,394.0,400.0,354.0,0.0,404.2,417.1,428.75,28.26086956521739,1.7819414515408312,8.49237193985498,18.13192396483938,0.0,Neutral
2014-03-17,414.0,406.0,406.0,406.0,35.0,0.0,406.2,420.1,428.4,26.0,3.49510908708379,10.169979561933516,17.457567604529544,0.0,Neutral
2014-03-13,401.0,418.0,399.0,414.0,1422.0,0.0,408.0,425.0,427.65,39.05325443786983,5.0199869188192,11.838697180645946,19.782146833278507,0.0,Neutral
2014-03-12,400.0,405.0,398.0,401.0,4224.0,0.0,412.2,429.1,426.85,47.71573604060914,6.07872208705146,13.543374746102632,21.429211630649707,0.0,Neutral
2014-03-11,410.0,415.0,400.0,400.0,2562.0,0.0,422.0,434.0,426.05,48.756218905472636,8.665271744147049,15.409537910865424,19.83263304085969,0.0,Neutral
2014-03-10,415.0,415.0,401.0,410.0,3599.0,0.0,430.0,440.0,425.55,50.0,11.94242753565237,17.095604452545018,17.32050807569084,0.0,Neutral
2014-03-09,435.0,427.0,406.0,415.0,5200.0,0.0,434.0,446.8,424.3,55.28846153846153,14.933380163564266,18.383898681768176,17.58029199606036,0.0,Neutral
2014-03-06,450.0,445.0,432.0,435.0,2980.0,0.0,442.0,450.4,422.2,61.57894736842105,18.02461962444721,19.246528311319153,13.574485871175638,0.0,Neutral
2014-03-05,440.0,450.0,431.0,450.0,2303.0,0.0,446.0,447.9,419.85,64.28571428571428,19.67162534180045,19.552005483037135,18.229707134847246,0.0,Neutral
2014-03-04,430.0,440.0,418.0,440.0,4615.0,0.0,446.0,443.4,416.9,64.86486486486487,19.960398088795955,19.522100518346303,22.667647037623844,0.0,Neutral
2014-03-03,455.0,446.0,420.0,430.0,9896.0,0.0,450.0,440.4,414.9,61.11111111111111,21.056825877305982,19.41252612573389,25.029760064550384,0.0,Neutral
2014-02-26,455.0,464.0,446.0,455.0,1686.0,0.0,459.6,436.7,413.35,71.875,23.16816715097059,19.001451187840864,29.135888522577602,0.0,Neutral
2014-02-25,450.0,459.0,438.0,455.0,7124.0,0.0,458.8,430.3,411.35,73.83720930232558,22.980560308979364,17.959772197058435,31.59483080083509,0.0,Neutral
2014-02-24,460.0,469.0,450.0,450.0,20603.0,0.0,449.8,424.6,408.5,67.03296703296704,22.40684306252541,16.7045751690782,31.78469233242202,0.0,Neutral
2014-02-23,478.0,475.0,455.0,460.0,2414.0,0.0,440.8,418.1,405.0,69.71428571428572,21.857744423414715,15.279008195716397,32.64778365797338,0.0,Neutral
2014-02-20,451.0,496.0,460.0,478.0,29992.0,0.0,430.8,411.1,401.0,73.49397590361446,19.820782241518373,13.634324138791817,30.06825568602294,0.0,Neutral
2014-02-18,410.0,451.0,406.0,451.0,21628.0,0.0,413.8,401.8,396.7,68.57142857142857,15.09984822402123,12.087709613110178,19.657059800490106,0.0,Neutral
2014-02-17,405.0,415.0,400.0,410.0,17323.0,0.0,401.8,394.0,393.9,47.826086956521735,11.603676467520984,11.334674960382415,11.916375287814597,0.0,Neutral
2014-02-16,410.0,418.0,402.0,405.0,6688.0,0.0,399.4,391.8,392.9,52.75590551181102,11.14705467696939,11.267424583597771,10.591401124394,0.0,Neutral
2014-02-13,393.0,412.0,393.0,410.0,20972.0,0.0,395.4,390.4,391.3,60.714285714285715,10.911191159909492,11.297517060254867,9.524238085597547,0.0,Neutral
2014-02-12,391.0,395.0,385.0,393.0,1800.0,0.0,391.4,389.4,388.85,55.28455284552845,9.942344399445233,11.39409853534121,7.560129334580897,0.0,Neutral
2014-02-11,398.0,391.0,384.0,391.0,5168.0,0.0,389.8,390.0,387.05,49.624060150375946,10.292036797551646,11.757037069315203,8.0966385343296,0.0,Neutral
2014-02-10,385.0,398.0,392.0,398.0,1262.0,0.0,386.2,392.4,384.5,51.16279069767442,10.792305468624932,12.12328713725609,11.33529394806001,0.0,Neutral
2014-02-09,390.0,390.0,380.0,385.0,790.0,0.0,384.2,392.4,381.65,47.93388429752066,10.561123947432975,12.45603255441388,11.33529394806001,0.0,Neutral
2014-02-06,385.0,399.0,384.0,390.0,1116.0,0.0,385.4,391.9,378.4,56.390977443609025,11.436072275694528,12.929759706159107,11.798775831040599,0.0,Neutral
2014-02-04,373.0,385.0,360.0,385.0,955.0,0.0,387.4,390.9,374.85,58.57142857142857,11.877390727029137,13.303181563775253,12.386820953471851,0.0,Neutral
2014-02-03,388.0,381.0,373.0,373.0,1739.0,0.0,390.2,391.6,371.55,56.060606060606055,12.777002412521199,13.65962927296178,12.212925757392945,0.21666528284549713,Positive
2014-02-02,391.0,398.0,380.0,388.0,3539.0,0.0,398.6,393.8,368.65,67.91044776119404,14.961204928730808,13.880285988071925,10.325803708296036,0.6620548218488693,Strongly Positive
2014-01-29,400.0,400.0,385.0,391.0,1532.0,0.8666611313819885,400.6,394.0,365.05,68.93939393939394,16.004151341365855,13.610056252907203,10.219806477839123,1.5551838427782059,Strongly Positive
2014-01-28,399.0,406.0,390.0,400.0,3233.0,0.9148970246315002,398.4,392.2,361.45,77.77777777777777,16.79708801580017,13.011532480792539,12.200182148004242,1.3770454227924347,Strongly Positive
2014-01-27,415.0,413.0,392.0,399.0,1705.0,0.9242967963218688,394.4,388.3,358.2,77.77777777777777,16.648478636393747,12.06514359704063,15.275616008674707,0.9242967963218688,Strongly Positive
2014-01-26,398.0,415.0,387.0,415.0,21787.0,0.0,393.0,384.1,355.25,87.5,16.31845752105835,10.919309837202348,17.60334564160489,0.0,Neutral
2014-01-23,380.0,399.0,381.0,398.0,16524.0,0.0,389.0,376.6,351.3,86.08695652173913,14.030780278996758,9.569522916238348,18.904438044485893,0.0,Neutral
2014-01-22,380.0,390.0,370.0,380.0,20222.0,0.0,387.4,370.9,349.0,82.65306122448979,12.637697249616338,8.454208575548744,20.27834093586395,0.2298488914966583,Positive
2014-01-21,392.0,387.0,376.0,380.0,5599.0,0.0,386.0,364.9,348.3,80.1980198019802,12.5085229503037,7.408336407031844,25.492700480290413,0.4596977829933166,Positive
2014-01-20,395.0,408.0,385.0,392.0,6523.0,0.9193955659866332,382.2,358.8,348.3,77.14285714285714,12.161707419903848,6.13328977121388,28.58826488069723,0.9193955659866332,Strongly Positive
2014-01-19,390.0,404.0,383.0,395.0,2254.0,0.0,375.2,351.5,348.0,75.70093457943925,10.320328944085759,4.626185359041388,28.488789218061278,0.0,Neutral
2014-01-16,373.0,394.0,376.0,390.0,2905.0,0.0,364.2,343.5,346.85,75.47169811320754,7.514491995763933,3.202649462780295,26.043766582001652,0.0,Neutral
2014-01-14,361.0,379.0,361.0,373.0,4020.0,0.0,354.4,336.1,344.9,60.0,4.333012952694787,2.1246888295343855,21.475826203224752,0.0,Neutral
2014-01-13,357.0,368.0,358.0,361.0,3580.0,0.0,343.8,330.7,343.85,47.66355140186916,1.9401722402292307,1.5726077987442848,17.60713239318407,0.0,Neutral
2014-01-12,340.0,357.0,340.0,357.0,2422.0,0.0,335.4,328.1,342.85,40.17094017094017,0.07963486191528091,1.4807166883730483,14.231811003679177,0.0,Neutral
2014-01-09,341.0,354.0,340.0,340.0,1816.0,0.0,327.8,326.4,342.6,28.30188679245282,-1.8889729898514247,1.83098714498749,11.057425860780853,0.0,Neutral
2014-01-08,320.0,341.0,320.0,341.0,1595.0,0.0,322.8,326.0,343.25,36.97478991596639,-2.643247404435897,2.7609771786972184,10.572501018102392,0.0,Neutral
2014-01-07,319.0,325.0,320.0,320.0,813.0,0.0,317.8,327.1,345.8,36.97478991596639,-3.6693467858955273,4.112033324480497,12.670613420211474,0.0,Neutral
2014-01-06,319.0,319.0,319.0,319.0,200.0,0.0,317.6,331.7,350.55,36.13445378151261,-2.7874685886182533,6.057378352074502,17.307994299359667,0.0,Neutral
2014-01-05,315.0,326.0,313.0,319.0,7134.0,0.0,320.8,337.8,356.7,41.53846153846154,-1.5195081464408418,8.26859008724769,22.349745213561445,0.0,Neutral
2014-01-02,316.0,315.0,310.0,315.0,2031.0,0.0,325.0,344.5,361.35,36.496350364963504,0.12097239097749934,10.715614645669822,25.855366947695845,0.0,Neutral
2014-01-01,319.0,316.0,307.0,316.0,1408.0,0.0,329.2,350.2,365.85,36.496350364963504,2.6203352239591027,13.364275209342901,24.894443824543195,0.0,Neutral
2013-12-31,335.0,330.0,319.0,319.0,5107.0,0.0,336.4,353.7,369.55,28.90173410404624,5.670498909343394,16.05026020568885,21.82277098201182,0.0,Neutral
2013-12-29,340.0,342.0,330.0,335.0,2880.0,0.0,345.8,357.0,373.55,27.77777777777777,9.175682392734416,18.645200529775217,18.184242262647928,0.0,Neutral
2013-12-26,336.0,345.0,330.0,340.0,5540.0,0.0,354.8,357.6,376.05,24.752475247524757,11.887015749459238,21.01258006403542,17.46234043114891,0.0,Neutral
2013-12-24,352.0,345.0,333.0,336.0,1314.0,0.0,364.0,358.8,377.65,33.33333333333333,14.665670095686721,23.293971142679464,16.504544828622343,0.0,Neutral
2013-12-23,366.0,359.0,352.0,352.0,263.0,0.0,371.2,360.5,377.8,37.89954337899544,18.406197350752564,25.451046404427647,14.668560483792238,0.0,Neutral
2013-12-22,380.0,375.0,366.0,366.0,350.0,0.0,371.0,364.5,375.95,44.545454545454554,21.28365290393475,27.212258667846417,17.30927817995641,0.0,Neutral
2013-12-19,386.0,393.0,380.0,380.0,1306.0,0.0,368.2,369.4,372.0,45.581395348837205,23.221297585939112,28.694410108824332,23.580594658414533,0.0,Neutral
2013-12-18,372.0,386.0,379.0,386.0,210.0,0.0,360.4,375.6,366.6,50.22421524663677,23.93121792426564,30.062688239545633,32.96193090352705,0.0,Neutral
2013-12-16,351.0,372.0,358.0,372.0,2340.0,0.0,353.6,378.2,360.55,50.0,23.878334895376724,31.59555581836563,34.84505384954628,0.0,Neutral
2013-12-15,352.0,351.0,345.0,351.0,307.0,0.0,349.8,381.5,354.4,52.56410256410256,24.88897023093483,33.52486104911285,35.74368631116709,0.0,Neutral
2013-12-12,341.0,366.0,340.0,352.0,1013.0,0.0,358.0,385.4,349.1,57.19844357976654,27.95506885586991,35.68383375365735,34.137629937911335,0.0,Neutral
2013-12-11,352.0,351.0,341.0,341.0,2351.0,0.0,370.6,390.1,343.55,59.854014598540154,31.36008828106543,37.616024978104214,32.209211932820324,0.0,Neutral
2013-12-10,353.0,358.0,330.0,352.0,7225.0,0.0,390.8,394.5,338.9,64.38848920863309,36.36998451786303,39.18000915236391,27.403365567835753,0.0,Neutral
2013-12-09,392.0,385.0,353.0,353.0,8477.0,0.0,402.8,396.5,333.55,65.49295774647888,41.1154159398431,39.88251531098912,24.536820404354696,0.2252465784549713,Positive
2013-12-08,415.0,407.0,392.0,392.0,600.0,0.0,413.2,395.1,328.15,77.39463601532567,46.47245145022714,39.57429015377562,27.51343106355313,0.4504931569099426,Positive
2013-12-05,442.0,450.0,415.0,415.0,6815.0,0.9009863138198853,412.8,387.4,321.0,85.12396694214875,48.66310475329584,37.84974982966274,37.45575167225102,0.9009863138198853,Strongly Positive
2013-12-04,412.0,453.0,415.0,442.0,9756.0,0.0,409.6,374.6,312.5,95.89041095890411,48.40952980916467,35.14641109875446,47.500175438272535,0.0,Neutral
2013-12-03,405.0,423.0,395.0,412.0,17777.0,0.0,398.2,357.6,301.6,91.83673469387756,44.632646446885815,31.830631421151914,50.99063094769909,0.0,Neutral
2013-12-02,390.0,405.0,392.0,405.0,4148.0,0.0,390.2,342.9,294.0,91.66666666666667,42.21731318889516,28.630127664718437,54.62488240516205,0.0,Neutral
2013-12-01,399.0,400.0,389.0,390.0,5928.0,0.0,377.0,327.3,286.95,90.96045197740114,39.23312691140313,25.23333128367425,57.13735886246217,0.0,Neutral
2013-11-28,385.0,400.0,379.0,399.0,14359.0,0.0,362.0,312.8,280.1,93.6046511627907,36.38082912578386,21.73338237674203,57.851918243429516,0.0,Neutral
2013-11-27,372.0,409.0,379.0,385.0,9994.0,0.0,339.6,297.0,272.5,93.20987654320987,31.294720619400152,18.071520689481567,53.07227776030229,0.0,Neutral
2013-11-26,339.0,372.0,345.0,372.0,8832.0,0.0,317.0,283.3,265.45,93.52941176470588,25.77325528042462,14.76572070700192,44.882686590216146,0.0,Neutral
2013-11-25,315.0,339.0,321.0,339.0,20991.0,0.0,295.6,270.6,258.65,72.83236994219654,19.674610352780576,12.013837063646243,33.52677205524652,0.0,Neutral
2013-11-24,287.0,315.0,292.0,315.0,5951.0,0.0,277.6,261.2,253.8,66.66666666666666,14.9643455854563,10.098643741362658,24.05918627976559,0.0,Neutral
2013-11-21,272.0,287.0,277.0,287.0,70.0,0.0,263.6,254.6,250.15,62.5,11.178308073919368,8.882218280339247,15.012587311246378,0.0,Neutral
2013-11-14,265.0,279.0,265.0,272.0,3855.0,0.0,254.4,250.4,247.3,59.84251968503937,9.034262987209814,8.308195831944216,9.968840342677613,0.0,Neutral
2013-11-13,249.0,273.0,253.0,265.0,2446.0,0.0,249.6,245.6,245.2,58.53658536585366,7.693547069450176,8.126679043127815,9.968840342677668,0.0,Neutral
2013-11-12,245.0,249.0,249.0,249.0,181.0,0.0,245.6,245.1,243.45,55.65217391304348,6.583127158863135,8.234962036547225,8.96226657839647,0.0,Neutral
2013-11-07,241.0,245.0,245.0,245.0,90.0,0.0,244.8,246.6,242.5,51.28205128205128,6.699163896130415,8.647920755968247,10.762073323586025,0.0,Neutral
2013-10-31,248.0,245.0,241.0,241.0,418.0,0.0,245.6,247.4,242.0,49.557522123893804,7.157099311389658,9.135109970927704,10.926013810068032,0.0,Neutral
2013-10-30,245.0,248.0,243.0,248.0,1563.0,0.0,246.4,248.0,241.95,57.62711864406779,8.044760887791256,9.629612635812217,10.697871023921717,0.0,Neutral
2013-10-28,245.0,246.0,242.0,245.0,1294.0,0.0,241.6,247.6,241.75,56.52173913043478,8.347997868757773,10.025825572817457,10.772392698210735,0.0,Neutral
2013-10-27,249.0,246.0,245.0,245.0,1344.0,0.0,244.6,246.7,241.55,56.52173913043478,8.919067646373094,10.445282498832377,11.372969904315411,0.0,Neutral
2013-10-24,245.0,249.0,243.0,249.0,2122.0,0.0,248.4,246.4,241.55,58.558558558558566,9.518228451309426,10.826836211947196,11.462014560180835,0.0,Neutral
2013-10-23,224.0,245.0,228.0,245.0,4808.0,0.0,249.2,245.7,241.4,54.464285714285715,9.73725582849994,11.153988152106637,11.499275339487836,0.0,Neutral
2013-10-22,223.0,224.0,216.0,224.0,529.0,0.0,249.6,244.2,240.35,41.66666666666667,10.282454323335855,11.50817123300831,12.532624093408634,0.0,Neutral
2013-10-17,264.0,260.0,260.0,260.0,74.0,0.0,253.6,244.8,239.35,62.50000000000001,12.966944702950627,11.814600460426423,11.56431292093712,0.0,Neutral
2013-10-10,253.0,264.0,249.0,264.0,6592.0,0.0,248.8,241.8,236.7,68.25396825396825,12.539265955434246,11.52651439979537,11.063453348752374,0.0,Neutral
2013-10-09,247.0,253.0,243.0,253.0,8306.0,0.0,244.4,238.4,233.7,57.14285714285714,11.403730303797914,11.273326510885651,8.3825214981345,0.10937002673745155,Slightly Positive
2013-10-08,244.0,252.0,243.0,247.0,5758.0,0.0,242.2,236.6,231.15,50.98039215686275,10.908501449472283,11.240725562657586,6.653319973268019,0.2187400534749031,Positive
2013-10-07,236.0,246.0,240.0,244.0,4288.0,0.4374801069498062,238.8,235.9,228.8,64.28571428571428,10.728649327049823,11.323781590953912,5.743595467031901,0.4374801069498062,Positive
2013-10-06,242.0,241.0,236.0,236.0,5260.0,0.0,236.0,235.9,226.6,69.51219512195122,10.64849408240076,11.472564656929933,5.743595467031901,0.0,Neutral
2013-10-03,242.0,243.0,230.0,242.0,8398.0,0.0,234.8,236.4,224.6,72.15189873417722,11.205845110759242,11.678582300562226,5.966573556072238,0.0,Neutral
2013-10-02,230.0,242.0,227.0,242.0,660.0,0.0,232.4,236.7,222.3,73.17073170731707,11.143324494434836,11.79676659801297,6.342975116879607,0.0,Neutral
2013-10-01,230.0,234.0,230.0,230.0,6332.0,0.0,231.0,237.1,220.1,69.44444444444444,10.901440733316292,11.960127123907505,6.822348894952897,0.0,Neutral
2013-09-30,230.0,231.0,228.0,230.0,1146.0,0.0,233.0,236.5,218.4,70.27027027027027,11.655960867549453,12.224798721555306,7.720823214601643,0.0,Neutral
2013-09-29,230.0,237.0,223.0,230.0,1388.0,0.0,235.8,233.9,217.1,70.27027027027027,12.449461680806337,12.367008185056768,12.836146877731148,0.0,Neutral
2013-09-26,235.0,235.0,230.0,230.0,2701.0,0.0,238.0,231.6,216.0,71.7948717948718,13.281174185278843,12.346394811119376,15.414279094398816,0.0,Neutral
2013-09-25,240.0,238.0,231.0,235.0,7809.0,0.0,241.0,229.0,215.1,76.7123287671233,14.149561066474263,12.112699967579509,17.732581437694424,0.0,Neutral
2013-09-24,244.0,240.0,237.0,240.0,795.0,0.0,243.2,225.7,213.45,80.0,14.543035797505866,11.60348469285582,19.476766786211332,0.0,Neutral
2013-09-23,241.0,244.0,234.0,244.0,2226.0,0.0,240.0,221.7,211.75,85.29411764705883,14.324626660786095,10.868596916693308,20.303530070737796,0.0,Neutral
2013-09-22,245.0,245.0,233.0,241.0,3828.0,0.0,232.0,217.3,210.05,75.34246575342465,13.430226247579611,10.004589480670111,19.692356103039312,0.0,Neutral
2013-09-19,246.0,260.0,235.0,245.0,13950.0,0.0,225.2,212.8,208.35,75.34246575342465,12.398751883849457,9.148180288942735,18.79598065781378,0.0,Neutral
2013-09-17,224.0,246.0,220.0,246.0,7702.0,0.0,217.0,207.9,206.75,72.36842105263158,10.494597304923332,8.335537390216054,15.580971300489825,0.0,Neutral
2013-09-16,204.0,224.0,203.0,224.0,5737.0,0.0,208.2,203.1,204.15,67.1875,7.809736772476981,7.795772411539234,8.171087238959558,0.0,Neutral
2013-09-15,207.0,207.0,201.0,204.0,3020.0,0.0,203.4,200.3,203.1,47.916666666666664,6.509282248918424,7.792281321304796,3.8887301554933607,0.0,Neutral
2013-09-12,204.0,208.0,203.0,207.0,1660.0,0.0,202.6,200.3,202.65,46.93877551020408,6.791112551592221,8.113031089401389,3.8887301554933607,0.0,Neutral
2013-09-11,202.0,204.0,200.0,204.0,2230.0,0.0,200.4,200.4,201.9,46.93877551020408,6.746596137163607,8.443510723853679,4.087922591137497,0.0,Neutral
2013-09-10,200.0,202.0,199.0,202.0,1475.0,0.0,198.8,201.2,200.6,39.62264150943396,6.897099242570533,8.867739370526197,5.432413009992183,0.0,Neutral
2013-09-09,200.0,201.0,198.0,200.0,2242.0,0.0,198.0,201.2,199.35,54.285714285714285,7.19251085357979,9.360399402515112,5.432413009992183,0.0,Neutral
2013-09-08,196.0,201.0,193.0,200.0,1247.0,0.0,197.2,201.8,198.05,48.10126582278482,7.66858151557949,9.902371539748943,5.6134758493407935,0.0,Neutral
2013-09-05,196.0,198.0,193.0,196.0,2243.0,0.0,198.0,202.8,196.3,50.60240963855422,8.164677793032524,10.460819045791304,6.124631508191525,0.0,Neutral
2013-09-04,198.0,201.0,196.0,196.0,3239.0,0.0,200.4,203.9,194.65,52.32558139534884,9.086390819264807,11.034854358980999,5.743595467031971,0.0,Neutral
2013-09-03,196.0,198.0,193.0,198.0,2135.0,0.0,203.6,205.6,193.1,60.20408163265306,10.13066612446653,11.521970243910047,5.660781257429568,0.0,Neutral
2013-09-02,204.0,200.0,196.0,196.0,1561.0,0.0,204.4,205.2,191.75,59.79381443298969,11.112549643113624,11.869796273770927,6.356099432829964,0.0,Neutral
2013-09-01,208.0,209.0,204.0,204.0,1167.0,0.0,206.4,205.9,190.8,66.30434782608695,12.40778933937787,12.05910793143525,5.56676646617319,0.0,Neutral
2013-08-29,212.0,210.0,205.0,208.0,1662.0,0.0,207.6,205.0,189.6,72.16494845360825,13.065963797673305,11.971937579449595,6.548960901464464,0.0,Neutral
2013-08-27,202.0,213.0,199.0,212.0,4040.0,0.0,207.4,203.4,188.2,75.78947368421052,13.308710632840587,11.698431024893667,7.604092465392789,0.0,Neutral
2013-08-26,206.0,205.0,199.0,202.0,4287.0,0.0,207.6,200.0,186.0,71.26436781609195,13.017689893249127,11.295861122906935,10.413666234543209,0.0,Neutral
2013-08-25,210.0,208.0,201.0,206.0,3665.0,0.0,206.0,197.5,183.55,69.66292134831461,13.475075205359673,10.865403930321387,12.642520845676074,0.0,Neutral
2013-08-20,207.0,214.0,205.0,210.0,4794.0,0.0,205.4,194.3,180.8,68.13186813186813,13.45559136437555,10.212986111561815,14.20524159910381,0.0,Neutral
2013-08-19,213.0,215.0,199.0,207.0,16458.0,0.0,202.4,189.8,178.3,64.83516483516483,12.827732478401288,9.40233479835838,15.725421739619861,0.2217903882265091,Positive
2013-08-18,194.0,213.0,197.0,213.0,14260.0,0.0,199.4,185.4,175.35,69.41176470588235,12.145225573344675,8.545985378347654,16.513967152417695,0.4435807764530182,Positive
2013-08-15,203.0,201.0,193.0,194.0,5720.0,0.8871615529060364,192.4,180.6,172.2,66.66666666666666,10.486531660732823,7.646175329598398,14.446837408620969,0.8871615529060364,Strongly Positive
2013-08-14,195.0,212.0,197.0,203.0,12433.0,0.0,189.0,178.3,170.0,79.76190476190476,10.151449151752132,6.936086246814792,13.89684216727819,0.0,Neutral
2013-08-13,192.0,206.0,190.0,195.0,14383.0,0.0,183.2,175.7,167.35,78.2051282051282,8.659740943536747,6.132245520580457,10.863291909505607,0.0,Neutral
2013-08-12,178.0,193.0,178.0,192.0,8236.0,0.0,177.2,174.2,165.2,69.04761904761905,7.444364416781298,5.500371664841385,8.727988186162756,0.0,Neutral
2013-08-11,177.0,179.0,174.0,178.0,2900.0,0.0,171.4,173.0,163.1,68.29268292682927,6.090274894751161,5.014373476856406,6.565905201198837,0.0,Neutral
2013-08-08,174.0,178.0,175.0,177.0,2530.0,0.0,168.8,172.0,161.7,66.26506024096386,5.698832997254527,4.745398122382716,6.480740698409307,0.0,Neutral
2013-08-07,165.0,174.0,165.0,174.0,300.0,0.0,167.6,169.6,160.35,65.0,5.2181368590350985,4.507039403664763,8.540101482614354,0.0,Neutral
2013-08-06,163.0,165.0,165.0,165.0,530.0,0.0,168.2,167.3,159.0,60.56338028169014,4.834148161030868,4.329265039822179,10.165846961491344,0.0,Neutral
2013-08-05,165.0,165.0,162.0,163.0,550.0,0.0,171.2,166.8,158.05,57.74647887323944,5.190087704145043,4.203044259520007,10.411532067857173,0.0,Neutral
2013-08-04,171.0,171.0,165.0,165.0,740.0,0.0,174.6,165.3,157.2,60.56338028169014,5.772540172568682,3.9562833983637473,11.981930840506667,0.0,Neutral
2013-08-01,177.0,175.0,171.0,171.0,1090.0,0.0,175.2,163.8,156.4,66.15384615384616,6.228360738846533,3.502219204812514,12.92542713672104,0.0,Neutral
2013-07-31,180.0,184.0,176.0,177.0,2800.0,0.0,171.6,161.7,155.45,72.88135593220339,6.10865010542156,2.8206838213040086,13.325414315010415,0.0,Neutral
2013-07-30,180.0,182.0,175.0,180.0,4990.0,0.0,166.4,159.0,154.25,77.96610169491525,5.256093622680339,1.9986922502746207,12.596295751794816,0.0,Neutral
2013-07-29,168.0,184.0,171.0,180.0,12050.0,0.0,162.4,156.2,152.75,78.33333333333333,3.786014713833481,1.184341907173191,10.31503756658293,0.0,Neutral
2013-07-28,153.0,168.0,156.0,168.0,8000.0,0.0,156.0,153.2,151.25,72.91666666666666,1.8545901470676824,0.5339237055081186,6.1427463998890595,0.0,Neutral
2013-07-25,151.0,154.0,150.0,153.0,660.0,0.0,152.4,151.4,150.4,55.55555555555556,0.584232388802036,0.2037570951182276,3.30655913803908,0.0,Neutral
2013-07-24,160.0,159.0,151.0,151.0,1040.0,0.0,151.8,151.1,150.25,48.64864864864865,0.4815687425967212,0.10863827169727551,3.28125992062242,0.0,Neutral
2013-07-23,148.0,160.0,150.0,160.0,1050.0,0.0,151.6,150.7,150.65,62.06896551724138,0.547164325184184,0.015405653972414071,3.5292429153533655,0.0,Neutral
2013-07-22,150.0,151.0,145.0,148.0,1960.0,0.0,150.0,149.3,150.15,45.00000000000001,-0.2934342486796311,-0.1175340138305284,1.7669811040977645,0.0,Neutral
2013-07-18,150.0,153.0,150.0,150.0,790.0,0.0,150.4,149.1,150.55,50.0,-0.1402573847940971,-0.07355895511825272,2.024845673135691,0.0,Neutral
2013-07-17,150.0,150.0,148.0,150.0,1450.0,0.0,150.4,149.0,150.7,47.368421052631575,-0.14634426201953943,-0.056884347699291626,2.0000000000040825,0.0,Neutral
2013-07-16,152.0,150.0,148.0,150.0,223.0,0.0,150.4,149.2,150.75,50.0,-0.15198468695794531,-0.03451936911922967,2.2010098692329345,0.0,Neutral
2013-07-15,150.0,153.0,152.0,152.0,250.0,0.0,149.8,149.5,150.95,37.037037037037045,-0.15697323388718587,-0.0051530396595507524,2.5055493963987483,0.0,Neutral
2013-07-11,150.0,150.0,150.0,150.0,140.0,0.0,148.6,149.3,151.05,50.0,-0.36469355038397566,0.03280200889735803,2.359378449228315,0.0,Neutral
2013-07-10,150.0,150.0,148.0,150.0,630.0,0.0,147.8,149.3,151.25,42.5,-0.4208792117979101,0.13217589871769145,2.359378449228315,0.0,Neutral
2013-07-09,147.0,150.0,148.0,150.0,100.0,0.0,147.6,149.4,151.3,46.51162790697675,-0.48647066746735845,0.27043967634659183,2.4129281427839016,0.0,Neutral
2013-07-08,146.0,147.0,147.0,147.0,1250.0,0.0,148.0,149.4,151.5,45.23809523809524,-0.5631132793587028,0.45966726230007937,2.4129281427839016,0.0,Neutral
2013-07-07,146.0,147.0,146.0,146.0,300.0,0.0,149.2,150.6,151.95,40.90909090909091,-0.34729183810932795,0.715362397714775,3.717824931628526,0.0,Neutral
2013-07-04,149.0,148.0,145.0,146.0,950.0,0.0,150.0,151.0,152.3,40.90909090909091,0.03504450091239164,0.9810259566708006,3.366501646123137,0.0,Neutral
2013-07-03,152.0,149.0,149.0,149.0,180.0,0.0,150.8,152.0,152.75,43.90243902439024,0.5225349627050093,1.2175213206104027,3.1972210155443985,0.0,Neutral
2013-07-02,153.0,152.0,152.0,152.0,200.0,0.0,151.2,152.4,153.05,51.21951219512195,0.831695007208225,1.391267910086751,3.0258148581121262,0.0,Neutral
2013-06-30,150.0,153.0,153.0,153.0,250.0,0.0,150.8,152.3,153.1,48.83720930232558,0.9087437184511202,1.5311611358063824,3.0568684048321404,0.0,Neutral
2013-06-27,150.0,150.0,148.0,150.0,2110.0,0.0,152.0,152.4,153.15,42.857142857142854,0.892049619441849,1.6867654901451976,3.098386676968605,0.0,Neutral
2013-06-26,151.0,150.0,149.0,150.0,210.0,0.0,152.0,152.8,153.35,46.666666666666664,1.1632211567872446,1.8854444578210345,3.0110906108390747,0.0,Neutral
2013-06-25,150.0,153.0,150.0,151.0,1010.0,0.0,153.2,153.2,153.6,45.65217391304348,1.4924150658093822,2.066000283079482,2.859681411939862,0.0,Neutral
2013-06-24,159.0,156.0,150.0,150.0,1230.0,0.0,153.6,153.2,153.8,44.444444444444436,1.7890601632767584,2.209396587397007,2.859681411939862,0.0,Neutral
2013-06-18,150.0,159.0,153.0,159.0,30.0,0.0,153.8,153.6,154.05,57.89473684210526,2.243482667123857,2.3144806934270687,2.633122354420684,0.0,Neutral
2013-06-17,156.0,153.0,150.0,150.0,240.0,0.0,152.8,153.3,153.65,43.33333333333333,1.8744949150577668,2.3322302000028716,2.0575065816054923,0.0,Neutral
2013-06-16,153.0,156.0,156.0,156.0,10.0,0.0,153.6,153.6,153.05,54.166666666666664,2.2926306218380432,2.4466640212391475,1.7126976771601898,0.0,Neutral
2013-06-13,151.0,154.0,148.0,153.0,12510.0,0.0,153.2,153.5,152.05,45.45454545454546,2.18206738762899,2.485172371089423,1.5811388300894342,0.0,Neutral
2013-06-12,154.0,152.0,149.0,151.0,4990.0,0.0,152.8,153.7,151.1,39.99999999999999,2.3146638794185037,2.5609486169545312,1.6363916944895425,0.0,Neutral
2013-06-11,154.0,154.0,154.0,154.0,150.0,0.0,153.4,153.9,150.25,47.05882352941176,2.6538737452383145,2.622519801338538,1.3703203194123441,0.0,Neutral
2013-06-10,154.0,154.0,154.0,154.0,300.0,0.0,153.8,153.9,149.45,57.14285714285714,2.7427725376811907,2.6146813153635935,1.3703203194123441,0.0,Neutral
2013-06-09,151.0,160.0,154.0,154.0,210.0,0.0,153.6,153.9,148.75,73.52941176470588,2.8163448503965753,2.582658509784194,1.3703203194123441,0.0,Neutral
2013-06-06,154.0,151.0,151.0,151.0,50.0,0.0,153.8,154.0,147.95,72.72727272727272,2.869284858983889,2.5242369246310985,1.4142135623789496,0.0,Neutral
2013-06-04,156.0,157.0,153.0,154.0,3170.0,0.0,154.6,154.4,147.1,81.25,3.2005750538137647,2.437974941042901,0.966091783087839,0.0,Neutral
2013-06-03,153.0,156.0,150.0,156.0,3130.0,0.0,154.4,154.5,146.45,86.66666666666667,3.2714134471593184,2.247324912850185,0.9718253158160358,0.0,Neutral
2013-06-02,155.0,154.0,151.0,153.0,1310.0,0.0,154.0,154.0,145.7,74.19354838709677,3.11060843725258,1.9913027792729014,1.3333333333395425,0.0,Neutral
2013-05-30,155.0,160.0,152.0,155.0,5610.0,0.0,154.2,152.5,145.1,74.19354838709677,3.165572101884351,1.7114763647779818,5.254627590146408,0.0,Neutral
2013-05-28,153.0,156.0,150.0,155.0,1840.0,0.0,154.2,150.6,144.5,75.75757575757575,2.9860446759869035,1.3479524305013895,7.290785661063733,0.0,Neutral
2013-05-27,154.0,155.0,153.0,153.0,230.0,0.0,154.2,148.5,144.0,77.14285714285714,2.71346902073617,0.9384293691300111,8.759122228981592,0.0,Neutral
2013-05-26,154.0,154.0,154.0,154.0,10.0,0.0,154.6,146.6,143.7,65.85365853658537,2.5297310895509213,0.4946694562284713,9.686187187032866,0.0,Neutral
2013-05-23,155.0,155.0,150.0,154.0,700.0,0.0,154.0,145.0,143.25,65.85365853658537,2.1566004051719005,-0.014095952102141152,9.649409884087666,0.0,Neutral
2013-05-21,155.0,158.0,152.0,155.0,2260.0,0.0,150.8,143.6,142.85,67.5,1.6489812348528972,-0.5567700414206516,9.203863922892868,0.0,Neutral
2013-05-20,155.0,155.0,155.0,155.0,500.0,0.0,147.0,141.9,142.45,64.28571428571428,0.8752712213206166,-1.1082078604890389,8.399074023037448,0.0,Neutral
2013-05-19,151.0,155.0,154.0,155.0,180.0,0.0,142.8,139.8,142.2,61.36363636363637,-0.12499532280708081,-1.6040776309414526,7.315128919652025,0.22316398471593857,Positive
2013-05-16,138.0,151.0,140.0,151.0,3620.0,0.0,138.6,138.4,141.55,54.76190476190476,-1.3998810526165641,-1.9738482079750455,5.0815570667110235,0.44632796943187714,Positive
2013-05-15,136.0,138.0,136.0,138.0,110.0,0.8926559388637543,136.0,137.4,141.2,38.70967741935484,-2.5994642051716426,-2.117339996814666,2.7968235951237537,0.8926559388637543,Strongly Positive
2013-05-13,134.0,136.0,136.0,136.0,10.0,0.0,136.4,137.7,141.6,33.33333333333333,-2.7691217678121802,-1.9968089447254216,3.0203016773562386,0.0,Neutral
2013-05-12,134.0,134.0,134.0,134.0,40.0,0.0,136.8,138.4,142.15,27.58620689655173,-2.741752012959722,-1.8037307389537318,3.373096170849025,0.0,Neutral
2013-05-02,138.0,136.0,134.0,134.0,60.0,0.0,136.8,139.5,142.7,25.0,-2.4633018602141306,-1.569225420452234,3.566822426508028,0.0,Neutral
2013-04-30,140.0,138.0,136.0,138.0,60.0,0.0,138.2,140.8,143.35,44.444444444444436,-2.072068365470244,-1.3457063105117597,3.7058512292523975,0.0,Neutral
2013-04-29,138.0,142.0,140.0,140.0,2640.0,0.0,138.8,141.5,143.95,44.444444444444436,-1.9498457104994031,-1.1641157967721385,3.778594682920604,0.0,Neutral
2013-04-25,134.0,138.0,136.0,138.0,30.0,0.0,139.0,142.1,144.25,38.888888888888886,-1.9691201296384406,-0.9676833183403223,3.9846929339405524,0.0,Neutral
2013-04-23,141.0,134.0,134.0,134.0,10.0,0.0,140.0,143.0,144.65,30.30303030303031,-1.7614431863630102,-0.7173241155157927,3.972125095939909,0.0,Neutral
2013-04-17,141.0,141.0,141.0,141.0,240.0,0.0,142.2,144.6,145.4,42.857142857142854,-1.063478168780705,-0.45629434780398825,3.0623157540977783,0.0,Neutral
2013-04-16,141.0,143.0,141.0,141.0,130.0,0.0,143.4,144.7,145.7,39.99999999999999,-0.8698795002479471,-0.30449839255980904,2.945806812707757,0.0,Neutral
2013-04-09,143.0,141.0,141.0,141.0,170.0,0.0,144.2,145.0,145.85,36.36363636363636,-0.6101244069533891,-0.16315311563777454,2.666666666669971,0.0,Neutral
2013-04-07,145.0,143.0,143.0,143.0,250.0,0.0,145.2,145.5,145.95,45.714285714285715,-0.269707914683579,-0.051410292808870904,2.273030282834838,0.0,Neutral
2013-04-04,147.0,148.0,142.0,145.0,14400.0,0.0,146.0,145.9,145.95,48.484848484848484,-0.034926022154763814,0.0031641126598061214,2.131770260713372,0.0,Neutral
2013-04-03,145.0,147.0,142.0,147.0,9710.0,0.0,147.0,145.9,145.95,47.05882352941176,0.061612699177004515,0.012686646363448604,2.131770260713372,0.0,Neutral
2013-04-02,146.0,145.0,142.0,145.0,6200.0,0.0,146.0,145.9,145.75,47.05882352941176,-0.019701335765745398,0.0004551331600596252,2.131770260713372,0.0,Neutral
2013-04-01,147.0,149.0,142.0,146.0,2870.0,0.0,145.8,146.4,145.75,52.777777777777786,0.08043531542756455,0.005494250391510882,2.4585451886149916,0.22952622175216675,Positive
2013-03-31,150.0,150.0,145.0,147.0,5230.0,0.0,145.8,146.4,145.65,55.55555555555556,0.10525794563534419,-0.013241015867502537,2.4585451886149916,0.4590524435043335,Positive
2013-03-28,142.0,153.0,144.0,150.0,8760.0,0.918104887008667,145.8,146.3,145.65,60.6060606060606,0.0335914417094898,-0.04286575624321422,2.4517567397946722,0.918104887008667,Strongly Positive
2013-03-27,144.0,142.0,142.0,142.0,430.0,0.0,144.8,146.2,145.35,44.444444444444436,-0.3638242260898039,-0.06198005573139022,2.2997584414251824,0.0,Neutral
2013-03-25,146.0,145.0,144.0,144.0,540.0,0.0,145.8,146.7,145.45,51.85185185185185,-0.051233689701433605,0.013480986858213206,1.7669811040980798,0.0,Neutral
2013-03-24,147.0,146.0,144.0,146.0,360.0,0.0,147.0,146.7,145.5,51.85185185185185,0.14485435768446564,0.02965965599812491,1.7669811040980798,0.0,Neutral
2013-03-21,145.0,148.0,145.0,147.0,1760.0,0.0,147.0,146.4,145.6,55.55555555555556,0.1893906747816061,0.000860980576539723,2.118699810946884,0.0,Neutral
2013-03-20,147.0,146.0,144.0,145.0,1150.0,0.0,146.8,146.0,145.9,46.42857142857143,0.14166225515236874,-0.04627144297472687,2.3570226039588706,0.0,Neutral
2013-03-19,150.0,152.0,147.0,147.0,670.0,0.0,147.6,146.0,146.65,55.17241379310345,0.28231925765979327,-0.09325486750650078,2.3570226039588706,0.0,Neutral
2013-03-18,146.0,150.0,147.0,150.0,1100.0,0.0,147.6,145.6,147.0,61.53846153846153,0.2541059152941898,-0.18714839879807427,2.5033311140726444,0.0,Neutral
2013-03-17,146.0,149.0,146.0,146.0,970.0,0.0,146.4,145.1,146.95,52.17391304347826,-0.09105520045670801,-0.29746197732114027,1.9692073983700467,0.0,Neutral
2013-03-14,149.0,151.0,146.0,146.0,910.0,0.0,145.8,144.9,147.15,46.15384615384615,-0.12300913073573838,-0.3490636715372483,1.9692073983700498,0.0,Neutral
2013-03-13,147.0,151.0,149.0,149.0,3120.0,0.0,145.2,145.0,146.8,42.857142857142854,-0.16200474166305412,-0.40557730673762576,2.054804667660595,0.0,Neutral
2013-03-11,144.0,147.0,142.0,147.0,1170.0,0.0,144.4,144.5,146.4,30.30303030303031,-0.5148754342769735,-0.4664704480062687,1.509230856362072,0.0,Neutral
2013-03-07,143.0,145.0,144.0,144.0,170.0,0.0,143.6,144.2,146.15,36.111111111111114,-0.7541412938056453,-0.4543692014385925,1.2292725943128986,0.0,Neutral
2013-03-06,143.0,145.0,143.0,143.0,770.0,0.0,143.8,144.3,146.25,42.5,-0.743107662966878,-0.37942617834682923,1.251665557041621,0.0,Neutral
2013-03-05,145.0,143.0,143.0,143.0,70.0,0.0,144.0,144.8,146.25,41.463414634146346,-0.6163977172349462,-0.28850580719181707,1.6193277068709178,0.0,Neutral
2013-03-04,143.0,145.0,143.0,145.0,330.0,0.0,144.8,145.8,145.95,55.99999999999999,-0.4457039651591117,-0.2065328296810348,2.9363620727423454,0.0,Neutral
2013-03-03,145.0,143.0,143.0,143.0,50.0,0.0,144.6,147.3,145.55,52.0,-0.4249900639255202,-0.14674004581151556,5.334374898296229,0.0,Neutral
2013-02-28,144.0,145.0,145.0,145.0,50.0,0.0,144.8,148.4,145.3,53.06122448979592,-0.188733556330277,-0.0771775412830144,5.481281277626764,0.0,Neutral
2013-02-27,147.0,147.0,142.0,144.0,1390.0,0.0,144.8,148.8,145.05,48.07692307692308,-0.08807548945299004,-0.04928853752119875,5.349974039398644,0.0,Neutral
2013-02-26,144.0,149.0,146.0,147.0,1390.0,0.0,145.6,149.4,144.75,53.846153846153854,0.14350008666244207,-0.03959179953825093,5.081557066710895,0.0,Neutral
2013-02-25,144.0,144.0,142.0,144.0,160.0,0.0,146.8,148.6,144.3,56.36363636363637,0.1315329116438022,-0.08536477108842418,6.040603354707718,0.0,Neutral
2013-02-24,145.0,144.0,144.0,144.0,140.0,0.0,150.0,148.3,144.0,56.36363636363637,0.4197997840870187,-0.13958919177148077,6.3604681868218504,0.0,Neutral
2013-02-21,148.0,150.0,145.0,145.0,1060.0,0.0,152.0,148.1,144.0,56.36363636363637,0.781626958964182,-0.27943643573610566,6.539622822968002,0.0,Neutral
2013-02-20,153.0,150.0,144.0,148.0,4150.0,0.0,152.8,148.2,144.05,57.40740740740741,1.1302627064042667,-0.5447022844111776,6.494442068245362,0.0,Neutral
2013-02-19,160.0,158.0,153.0,153.0,2255.0,0.0,153.2,147.7,143.9,64.70588235294117,1.2533539664983095,-0.9634435321150387,6.70074622710168,0.0,Neutral
2013-02-17,154.0,160.0,157.0,160.0,90.0,0.0,150.4,146.1,143.5,75.0,0.8831416625965574,-1.5176429067683757,7.187179944566105,0.0,Neutral
2013-02-14,149.0,154.0,151.0,154.0,1060.0,0.0,146.6,143.8,142.75,71.05263157894737,-0.31495682947581827,-2.117839049109609,5.788878225626209,0.21959887444972992,Positive
2013-02-13,150.0,150.0,147.0,149.0,420.0,0.0,144.2,142.2,142.6,56.41025641025641,-1.2286758963830948,-2.568559604018056,4.779586221051244,0.43919774889945984,Positive
2013-02-12,139.0,150.0,141.0,150.0,890.0,0.8783954977989197,143.6,141.3,143.0,55.0,-1.867951128742817,-2.9035305309267962,4.164666186438373,0.8783954977989197,Strongly Positive
2013-02-10,141.0,144.0,139.0,139.0,490.0,0.0,142.2,140.1,143.05,39.99999999999999,-2.7585467725366186,-3.1624253814727905,2.9230881691224244,0.0,Neutral
2013-02-07,142.0,144.0,140.0,141.0,1450.0,0.0,141.8,140.0,143.4,42.857142857142854,-2.7351463502874367,-3.2633950337068334,2.9814239700029184,0.0,Neutral
2013-02-06,146.0,144.0,142.0,142.0,290.0,0.0,141.0,139.7,143.75,44.444444444444436,-2.869131318976116,-3.3954572045616827,3.0203016773563194,0.0,Neutral
2013-02-05,143.0,149.0,145.0,146.0,280.0,0.0,140.2,139.9,144.05,41.379310344827594,-3.1002302234627734,-3.527038675958074,3.247221034124954,0.0,Neutral
2013-02-04,137.0,143.0,135.0,143.0,460.0,0.0,139.0,139.9,144.2,28.125,-3.757374931029915,-3.633740789081899,3.247221034124954,0.0,Neutral
2013-02-03,137.0,137.0,135.0,137.0,6380.0,0.0,138.0,140.1,144.6,28.125,-4.236023267873378,-3.6028322535948947,3.510302297842914,0.0,Neutral
2013-01-31,138.0,137.0,136.0,137.0,290.0,0.0,138.2,140.9,145.35,37.83783783783784,-4.17442862482082,-3.444534500025273,3.634709219611637,0.0,Neutral
2013-01-30,140.0,138.0,138.0,138.0,20.0,0.0,138.4,141.7,146.15,36.8421052631579,-4.0350925004181875,-3.262060968826386,3.560586718196339,0.0,Neutral
2013-01-28,138.0,140.0,140.0,140.0,810.0,0.0,139.6,143.0,147.05,38.888888888888886,-3.900374865265462,-3.068803085928436,4.346134936803823,0.0,Neutral
2013-01-27,138.0,138.0,138.0,138.0,30.0,0.0,140.8,144.7,147.75,34.28571428571429,-3.8753298129030043,-2.8609101410941795,6.0378436180123805,0.0,Neutral
2013-01-24,138.0,138.0,138.0,138.0,530.0,0.0,142.2,146.0,148.55,32.432432432432435,-3.58335842151817,-2.607305223141973,5.8309518948467405,0.0,Neutral
2013-01-23,144.0,144.0,138.0,138.0,4770.0,0.0,143.6,146.8,149.3,31.578947368421055,-3.1585751776558197,-2.3632919235479237,5.116422361161582,0.0,Neutral
2013-01-22,146.0,145.0,144.0,144.0,420.0,0.0,145.0,147.8,150.1,36.36363636363636,-2.570454380178319,-2.1644711100209495,4.077035960380814,0.0,Neutral
2013-01-21,145.0,146.0,144.0,146.0,670.0,0.0,146.4,148.2,150.65,35.294117647058826,-2.3933190440499175,-2.062975292481607,3.852848873815371,0.0,Neutral
2013-01-17,145.0,147.0,145.0,145.0,390.0,0.0,148.6,148.5,150.85,37.14285714285714,-2.33605439256894,-1.9803893545895295,3.7785946829203025,0.0,Neutral
2013-01-16,145.0,146.0,145.0,145.0,1100.0,0.0,149.8,149.1,151.25,37.14285714285714,-2.1271667189685957,-1.8914730950946768,3.6347092196111985,0.0,Neutral
2013-01-15,151.0,148.0,145.0,145.0,1120.0,0.0,150.0,149.8,151.75,38.888888888888886,-1.8296094814791388,-1.8325496891261968,3.4253953543129256,0.0,Neutral
2013-01-13,157.0,154.0,144.0,151.0,1540.0,0.0,150.6,150.6,152.05,45.16129032258065,-1.423205742262013,-1.8332847410379611,3.0983866769683392,0.0,Neutral
2013-01-10,151.0,157.0,150.0,157.0,860.0,0.0,150.0,151.1,151.95,53.846153846153854,-1.4946947043192154,-1.935804490731948,3.5418137224392727,0.0,Neutral
2013-01-09,146.0,160.0,148.0,151.0,1400.0,0.0,148.4,150.8,151.6,52.0,-2.175108692918485,-2.0460819373351313,3.0840089349945043,0.0,Neutral
2013-01-08,148.0,146.0,146.0,146.0,50.0,0.0,148.4,151.1,151.55,34.78260869565217,-2.4010173301063844,-2.013825248439293,3.24722103412428,0.0,Neutral
2013-01-07,148.0,148.0,145.0,148.0,1610.0,0.0,149.6,151.8,151.9,34.78260869565217,-2.1453441022246693,-1.9170272280225196,2.740640638815232,0.0,Neutral
2013-01-06,149.0,149.0,148.0,148.0,1800.0,0.0,150.6,152.4,152.15,44.444444444444436,-1.9914434498778633,-1.859948009471982,2.458545188614326,0.0,Neutral
2013-01-03,151.0,155.0,147.0,149.0,2260.0,0.0,152.2,153.1,152.55,50.0,-1.7660438034297101,-1.8270741493705116,2.0248456731350997,0.0,Neutral
2013-01-02,152.0,152.0,149.0,151.0,390.0,0.0,153.2,153.2,152.8,51.85185185185185,-1.5544821630041668,-1.8423317358557119,1.813529401168557,0.0,Neutral
2013-01-01,153.0,152.0,151.0,152.0,740.0,0.0,153.8,153.4,153.05,53.846153846153854,-1.4654782923082053,-1.914294129068598,1.6465452047013274,0.0,Neutral
2012-12-31,156.0,153.0,150.0,153.0,370.0,0.0,154.0,153.7,152.85,50.0,-1.4323791221863473,-2.026498088258696,1.636391694488667,0.0,Neutral
2012-12-27,154.0,158.0,154.0,156.0,2380.0,0.0,154.2,153.5,152.55,55.99999999999999,-1.471116121453548,-2.1750278297767833,1.8408935028682851,0.0,Neutral
2012-12-26,154.0,154.0,152.0,154.0,1730.0,0.0,154.0,152.8,152.3,46.15384615384615,-1.8046151114789382,-2.351005756857592,2.097617696343636,0.0,Neutral
2012-12-24,153.0,154.0,148.0,154.0,4650.0,0.0,153.2,152.4,152.5,50.0,-2.000395784398904,-2.487603418202255,2.221110833197529,0.0,Neutral
2012-12-23,154.0,154.0,149.0,153.0,2710.0,0.0,153.0,152.0,152.85,44.827586206896555,-2.221186450061822,-2.6094053266530923,2.2607766610448943,0.0,Neutral
2012-12-20,155.0,154.0,150.0,154.0,2380.0,0.0,153.4,152.0,153.4,58.33333333333334,-2.3688692785979697,-2.7064600458009096,2.2607766610448943,0.0,Neutral
2012-12-19,150.0,155.0,152.0,155.0,1100.0,0.0,152.8,151.9,153.95,61.11111111111111,-2.624728172059065,-2.7908577376016446,2.183269719178297,0.0,Neutral
2012-12-18,153.0,150.0,146.0,150.0,420.0,0.0,151.6,152.0,154.3,48.57142857142856,-3.0149374772103386,-2.8323901289872895,2.3570226039581685,0.0,Neutral
2012-12-17,155.0,156.0,153.0,153.0,2240.0,0.0,151.6,152.4,154.9,43.58974358974359,-2.960041899753122,-2.7867532919315274,2.31900361745985,0.0,Neutral
2012-12-16,151.0,155.0,150.0,155.0,2490.0,0.0,151.0,152.7,155.5,42.5,-3.152374571438628,-2.7434311399761286,2.5841396591112873,0.0,Neutral
2012-12-13,149.0,151.0,150.0,151.0,210.0,0.0,150.6,152.0,156.25,33.33333333333333,-3.5556446422598924,-2.641195282110504,2.8284271247486936,0.0,Neutral
2012-12-12,150.0,150.0,148.0,149.0,690.0,0.0,151.0,151.6,157.2,28.94736842105263,-3.6113727014934227,-2.412582942073157,3.2386554137331625,0.0,Neutral
2012-12-11,150.0,153.0,146.0,150.0,730.0,0.0,152.4,151.8,158.5,35.0,-3.426336548711646,-2.11288550221809,3.119829055148299,0.0,Neutral
2012-12-10,153.0,153.0,150.0,150.0,620.0,0.0,153.2,152.6,160.1,35.0,-3.242143691179791,-1.784522740594701,3.5962943891382686,0.0,Neutral
2012-12-09,153.0,153.0,150.0,153.0,500.0,0.0,154.4,153.7,161.85,35.0,-2.959888172058328,-1.4201175029484283,4.321779468898391,0.0,Neutral
2012-12-06,156.0,156.0,149.0,153.0,3030.0,0.0,153.4,154.8,163.3,31.111111111111114,-2.8620291178770003,-1.0351748356709534,5.391351098442798,0.0,Neutral
2012-12-05,154.0,157.0,152.0,156.0,4120.0,0.0,152.2,156.0,164.9,33.33333333333333,-2.6954958651892014,-0.5784612651194417,6.218252702060295,0.0,Neutral
2012-12-04,156.0,154.0,154.0,154.0,200.0,0.0,151.2,156.6,166.25,26.666666666666657,-2.74918621008311,-0.049202615102001857,6.501281924872975,0.0,Neutral
2012-12-03,148.0,156.0,148.0,156.0,1160.0,0.0,152.0,157.4,167.55,24.0,-2.5740900872373516,0.6257932836432751,6.636598861198235,0.0,Neutral
2012-12-02,147.0,149.0,148.0,148.0,40.0,0.0,153.0,158.3,168.7,8.8888888888889,-2.516798816445373,1.4257641263634317,7.024560089034584,0.0,Neutral
2012-11-29,151.0,150.0,147.0,147.0,820.0,0.0,156.2,160.5,169.9,12.7659574468085,-1.5925208843952987,2.4114048620656328,6.883958809355392,0.0,Neutral
2012-11-28,158.0,155.0,151.0,151.0,1100.0,0.0,159.8,162.8,171.1,13.043478260869563,-0.2878240200783466,3.4123862986808655,5.593647190241931,0.0,Neutral
2012-11-27,161.0,158.0,158.0,158.0,30.0,0.0,162.0,165.2,171.95,19.512195121951223,0.9743574179418886,4.337438878370668,5.0946595132126316,0.0,Neutral
2012-11-26,164.0,161.0,160.0,161.0,1620.0,0.0,162.8,167.6,172.3,26.829268292682926,1.858460163663068,5.1782092434778635,6.719788356456462,0.0,Neutral
2012-11-22,165.0,164.0,160.0,164.0,870.0,0.0,163.6,170.0,172.9,30.769230769230774,2.6544100658212244,6.008146513431562,8.219218670626047,0.0,Neutral
2012-11-21,162.0,165.0,160.0,165.0,1830.0,0.0,164.8,171.8,173.2,42.22222222222222,3.3262674308911357,6.846580625334146,8.71524845059324,0.0,Neutral
2012-11-20,162.0,165.0,160.0,162.0,3240.0,0.0,165.8,173.8,173.75,39.53488372093023,4.033601486949209,7.726658923944897,9.25922962958289,0.22261705994606018,Positive
2012-11-18,165.0,168.0,160.0,162.0,3720.0,0.0,168.4,175.9,174.75,43.47826086956522,5.183200933234957,8.649923283193818,8.646772037395177,0.44523411989212036,Positive
2012-11-12,170.0,167.0,159.0,165.0,630.0,0.8904682397842407,172.4,177.7,175.15,50.0,6.57511584928352,9.516603870683532,7.180993431739037,0.8904682397842407,Strongly Positive
2012-11-11,170.0,170.0,161.0,170.0,1730.0,0.0,176.4,179.1,174.65,46.93877551020408,7.950612838868722,10.251975876033534,5.626327003966985,0.0,Neutral
2012-11-08,175.0,175.0,167.0,170.0,5110.0,0.0,178.8,179.3,173.55,50.0,9.081510991555717,10.827316635324735,5.292552419308067,0.0,Neutral
2012-11-07,182.0,180.0,170.0,175.0,3360.0,0.0,181.8,179.4,172.3,49.056603773584904,10.392853564744485,11.26376804626699,5.103375789069133,0.0,Neutral
2012-11-06,185.0,182.0,176.0,182.0,230.0,0.0,183.4,178.7,170.9,50.0,11.406343851763665,11.481496666647615,6.147266781985423,0.0,Neutral
2012-11-05,182.0,185.0,181.0,185.0,1140.0,0.0,183.0,177.0,168.7,62.295081967213115,11.821288271169806,11.500284870368603,7.36357401145902,0.0,Neutral
2012-11-04,185.0,182.0,177.0,182.0,110.0,0.0,181.8,175.8,166.2,68.4931506849315,11.873507682540264,11.420034020168302,6.876691711055636,0.0,Neutral
2012-11-01,183.0,185.0,175.0,185.0,2480.0,0.0,179.8,174.6,163.95,74.02597402597402,12.07290761948886,11.30666560457531,6.719788356456466,0.0,Neutral
2012-10-31,180.0,183.0,177.0,183.0,360.0,0.0,177.0,173.7,161.6,74.35897435897436,11.846353973637974,11.115105100846922,5.696977756281643,0.0,Neutral
2012-10-30,179.0,180.0,180.0,180.0,270.0,0.0,174.0,173.6,159.4,71.42857142857143,11.588514898771706,10.932292882649158,5.521674464227418,0.0,Neutral
2012-10-18,172.0,179.0,174.0,179.0,1950.0,0.0,171.0,172.6,157.35,74.11764705882354,11.396312808323955,10.768237378618519,5.125101625009874,0.0,Neutral
2012-10-17,171.0,172.0,168.0,172.0,900.0,0.0,169.8,170.2,155.4,72.8395061728395,11.087046681122246,10.611218521192157,7.052186422191727,0.0,Neutral
2012-10-15,168.0,173.0,165.0,171.0,3300.0,0.0,169.4,167.8,153.75,70.73170731707317,11.243771781586673,10.492261481209635,9.886017061149808,0.0,Neutral
2012-10-14,165.0,170.0,163.0,168.0,6040.0,0.0,170.4,165.2,151.95,68.75,11.382082411174537,10.304383906115374,12.117938952002355,0.0,Neutral
2012-10-11,173.0,170.0,165.0,165.0,3610.0,0.0,173.2,163.1,150.3,66.66666666666666,11.698514052413259,10.034959279850584,13.337082806138273,0.0,Neutral
2012-10-10,170.0,173.0,164.0,173.0,3150.0,0.0,174.2,160.4,148.75,74.28571428571428,12.237690233741006,9.619070586709915,15.471838215861391,0.0,Neutral
2012-10-09,176.0,176.0,170.0,170.0,9610.0,0.0,170.6,156.6,146.85,72.05882352941177,11.933326883599477,8.964415674952141,16.654662343553795,0.0,Neutral
2012-10-08,182.0,185.0,173.0,176.0,8920.0,0.0,166.2,153.3,145.15,79.36507936507937,11.676727452930066,8.222187872790306,16.970890109570618,0.0,Neutral
2012-10-07,170.0,187.0,167.0,182.0,26350.0,0.0,160.0,149.5,143.25,88.52459016393442,10.568460871196692,7.358552977755364,15.51522549698304,0.0,Neutral
2012-10-04,155.0,170.0,155.0,170.0,15930.0,0.0,153.0,145.2,141.1,85.71428571428571,8.389277548748709,6.556076004395031,10.726913193769995,0.0,Neutral
2012-10-03,148.0,158.0,142.0,155.0,12220.0,0.0,146.6,142.1,139.35,80.0,6.707639525569647,6.097775618306611,6.34997812769714,0.0,Neutral
2012-10-02,145.0,148.0,143.0,148.0,3570.0,0.0,142.6,140.6,138.05,72.41379310344828,5.99096496470375,5.9453096414908515,4.4522154285514945,0.0,Neutral
2012-10-01,147.0,151.0,142.0,145.0,4350.0,0.0,140.4,139.7,137.05,66.66666666666666,5.701813580257408,5.933895810687627,3.6224607965072444,0.0,Neutral
2012-09-30,140.0,147.0,138.0,147.0,8815.0,0.0,139.0,138.7,136.3,66.66666666666666,5.555270342942123,5.991916368295181,3.3681514877531895,0.0,Neutral
2012-09-26,135.0,138.0,134.0,138.0,2900.0,0.0,137.4,137.5,135.55,47.368421052631575,5.083787587780563,6.101077874633444,1.900292375167726,0.0,Neutral
2012-09-25,137.0,136.0,134.0,135.0,990.0,0.0,137.6,137.1,135.65,50.0,5.324421779006627,6.355400446346663,2.1832697191772072,0.0,Neutral
2012-09-24,138.0,140.0,136.0,137.0,1660.0,0.0,138.6,137.1,135.4,66.66666666666666,5.859566920840564,6.613145113181671,2.1832697191772072,0.0,Neutral
2012-09-23,139.0,141.0,137.0,138.0,5750.0,0.0,139.0,137.0,134.5,70.83333333333333,6.253740292114543,6.801539661266949,2.2110831935724033,0.0,Neutral
2012-09-20,139.0,141.0,135.0,139.0,5420.0,0.0,138.4,137.0,133.3,68.0,6.564067172655285,6.938489503555049,2.2110831935724033,0.0,Neutral
2012-09-19,140.0,140.0,138.0,139.0,5710.0,0.0,137.6,137.0,132.15,62.96296296296296,6.762861595852286,7.032095086279989,2.2110831935724033,0.0,Neutral
2012-09-18,139.0,144.0,136.0,140.0,7930.0,0.0,136.6,136.6,130.9,50.0,6.91822667279321,7.099403458886915,2.1705094128154645,0.0,Neutral
2012-09-17,135.0,139.0,134.0,139.0,1120.0,0.0,135.6,135.5,129.45,60.46511627906977,6.914082073938943,7.14469765541034,2.9154759474242553,0.0,Neutral
2012-09-16,135.0,137.0,133.0,135.0,4390.0,0.0,135.0,134.4,128.1,66.0,6.910041773962206,7.2023515507781894,3.470510689286772,0.0,Neutral
2012-09-13,134.0,137.0,133.0,135.0,7160.0,0.0,135.6,133.9,127.0,69.0909090909091,7.2116479107342855,7.275428994982184,3.7252889522541817,0.0,Neutral
2012-09-12,135.0,136.0,132.0,134.0,3170.0,0.0,136.4,133.6,125.75,66.07142857142857,7.491710319330878,7.2913742660441585,3.7475918193492883,0.0,Neutral
2012-09-11,136.0,137.0,131.0,135.0,4600.0,0.0,136.6,134.2,124.45,68.42105263157895,7.84201964347659,7.241290252722479,4.263540521419621,0.0,Neutral
2012-09-10,138.0,136.0,133.0,136.0,2510.0,0.0,135.4,133.7,123.05,71.1864406779661,8.073257804208396,7.091107905033951,4.448470398788571,0.0,Neutral
2012-09-09,139.0,140.0,135.0,138.0,6420.0,0.0,133.8,132.0,121.65,72.41379310344828,8.14915439766304,6.845570430240339,6.32455532033748,0.2279633432626724,Positive
2012-09-06,135.0,143.0,132.0,139.0,24525.0,0.0,132.2,129.6,120.3,72.41379310344828,7.923856531160965,6.519674438384663,8.099382692527195,0.4559266865253448,Positive
2012-09-05,129.0,135.0,128.0,135.0,14360.0,0.9118533730506896,130.8,127.3,118.65,71.9298245614035,7.419220250190506,6.168628915190586,8.39378076647017,0.9118533730506896,Strongly Positive
2012-09-04,128.0,132.0,123.0,129.0,1550.0,0.0,131.8,125.2,117.3,69.81132075471697,7.0744776479309195,5.855981081440606,8.866917289691562,0.0,Neutral
2012-09-03,130.0,129.0,126.0,128.0,6190.0,0.0,132.0,123.4,116.15,69.81132075471697,7.1424683243496645,5.551356939818027,9.788882582921866,0.0,Neutral
2012-09-02,132.0,136.0,130.0,130.0,3475.0,0.0,130.2,121.8,114.95,71.15384615384616,7.2271768848063545,5.153579093685117,10.2502032500178,0.0,Neutral
2012-08-30,140.0,141.0,130.0,132.0,11440.0,0.0,127.0,120.1,113.8,69.81132075471697,7.026536874555703,4.635179645904807,10.148344145174503,0.0,Neutral
2012-08-29,130.0,140.0,126.0,140.0,9570.0,0.0,123.8,117.9,112.45,84.0,6.464606725114962,4.037340338742083,9.654590157594455,0.0,Neutral
2012-08-28,119.0,130.0,115.0,130.0,6930.0,0.0,118.6,114.7,110.6,76.19047619047619,4.8388034183725495,3.430523742148863,6.2012543534001265,0.0,Neutral
2012-08-27,114.0,119.0,112.0,119.0,3450.0,0.0,114.8,112.4,109.4,69.69696969696969,3.7114864207722746,3.0784538230929406,3.627058802330601,0.0,Neutral
2012-08-26,116.0,115.0,113.0,114.0,2480.0,0.0,113.4,111.3,108.7,66.66666666666666,3.3386347413512283,2.920195673673107,3.0203016773545173,0.0,Neutral
2012-08-23,114.0,116.0,113.0,116.0,1020.0,0.0,113.2,111.0,108.1,64.51612903225806,3.3232693651978025,2.8155859067535767,2.867441755682319,0.0,Neutral
2012-08-22,111.0,116.0,109.0,114.0,4180.0,0.0,112.0,110.0,107.65,64.51612903225806,3.0516827306863945,2.68866504214252,2.666666666668213,0.0,Neutral
2012-08-21,112.0,112.0,109.0,111.0,2070.0,0.0,110.8,109.4,107.45,63.333333333333336,2.8642876774636647,2.5979106200065507,2.319003617458586,0.0,Neutral
2012-08-19,113.0,113.0,109.0,112.0,1770.0,0.0,110.0,108.9,107.25,59.375,2.8888956251326334,2.5313163556422715,2.469817807047358,0.0,Neutral
2012-08-16,110.0,115.0,107.0,113.0,5150.0,0.0,109.2,108.1,106.55,62.50000000000001,2.7764658328827068,2.4419215382696806,2.6436506745213317,0.0,Neutral
2012-08-15,108.0,112.0,108.0,110.0,4420.0,0.0,108.8,107.5,105.8,62.50000000000001,2.4907613950236254,2.358285464616424,2.013840995601129,0.0,Neutral
2012-08-14,107.0,108.0,107.0,108.0,2170.0,0.0,108.0,107.0,105.6,51.42857142857143,2.395323928592248,2.325166482014623,1.9436506316172029,0.0,Neutral
2012-08-13,108.0,109.0,106.0,107.0,3150.0,0.0,108.0,106.5,105.1,45.945945945945944,2.4423063052039424,2.307627120370217,2.2730302828327704,0.0,Neutral
2012-08-12,111.0,109.0,107.0,108.0,1300.0,0.0,107.8,106.4,104.6,51.28205128205128,2.5685666287308067,2.2739573241617856,2.2705848487919824,0.0,Neutral
2012-08-08,106.0,111.0,105.0,111.0,3710.0,0.0,107.0,106.1,104.05,64.44444444444444,2.5905415634326374,2.20030499801953,2.2335820757019516,0.0,Neutral
2012-08-07,108.0,108.0,105.0,106.0,3220.0,0.0,106.2,105.2,103.25,60.0,2.275454420983948,2.102745856666253,1.8135294011669727,0.0,Neutral
2012-08-06,106.0,108.0,102.0,108.0,2060.0,0.0,106.0,105.3,102.7,52.17391304347826,2.3492820403169503,2.0595687155868294,1.8885620632308637,0.0,Neutral
2012-08-05,104.0,106.0,104.0,106.0,410.0,0.0,105.0,105.5,102.15,57.692307692307686,2.2057051902246627,1.9871403844042992,2.2730302828327686,0.0,Neutral
2012-08-01,107.0,106.0,104.0,104.0,9010.0,0.0,105.0,105.6,101.6,56.86274509803922,2.1940022987945014,1.9324991829492082,2.3190036174585686,0.0,Neutral
2012-07-31,105.0,107.0,105.0,107.0,3220.0,0.0,105.2,105.0,101.1,60.416666666666664,2.3507887566593695,1.8671234039878848,3.3333333333345556,0.0,Neutral
2012-07-30,103.0,105.0,105.0,105.0,760.0,0.0,104.2,104.1,100.5,60.416666666666664,2.211257453691829,1.7462070658200135,3.9001424475420476,0.0,Neutral
2012-07-29,106.0,106.0,101.0,103.0,2420.0,0.0,104.6,104.2,99.95,58.69565217391305,2.2046373913050274,1.6299444688520595,3.938414796732217,0.0,Neutral
2012-07-26,105.0,106.0,104.0,106.0,3040.0,0.0,106.0,103.7,99.6,60.0,2.3677566950759825,1.4862712382388175,4.3982319680131265,0.0,Neutral
2012-07-25,102.0,106.0,104.0,105.0,2560.0,0.0,106.2,102.8,99.05,60.869565217391305,2.2360615999607063,1.2658998740295262,4.77958622105017,0.0,Neutral
2012-07-24,107.0,107.0,102.0,102.0,1570.0,0.0,104.8,102.0,98.55,59.09090909090909,2.137264418923209,1.023359442546731,5.033222956847983,0.2295047491788864,Positive
2012-07-23,110.0,112.0,107.0,107.0,2100.0,0.0,104.0,101.3,98.15,65.0,2.2855303526692268,0.7448831984526114,5.49848463972953,0.4590094983577728,Positive
2012-07-22,107.0,113.0,108.0,110.0,2900.0,0.9180189967155457,103.8,100.1,97.55,71.05263157894737,1.9324366120662262,0.3597214098984576,5.425249610233763,0.9180189967155457,Strongly Positive
2012-07-19,98.0,107.0,97.0,107.0,2990.0,0.0,101.4,98.8,96.65,64.86486486486487,1.1481978869756233,-0.03345739064348455,4.211096452628653,0.0,Neutral
2012-07-18,98.0,102.0,97.0,98.0,3790.0,0.0,99.4,97.6,95.95,55.17241379310345,0.4359775813221347,-0.3288712100482615,3.2041639575207426,0.0,Neutral
2012-07-17,106.0,104.0,98.0,98.0,830.0,0.0,99.2,97.2,95.7,55.17241379310345,0.43694762637790063,-0.5200834078908605,3.3928028400010874,0.0,Neutral
2012-07-15,98.0,106.0,99.0,106.0,300.0,0.0,98.6,96.9,95.35,77.27272727272727,0.43183015477448805,-0.7593411664580506,3.4464152068179663,0.0,Neutral
2012-07-12,97.0,100.0,96.0,98.0,1640.0,0.0,96.4,95.7,94.7,60.0,-0.3955282203232855,-1.0571339967661852,1.4181364924151392,0.0,Neutral
2012-07-11,97.0,97.0,96.0,97.0,100.0,0.0,96.2,95.5,94.6,64.70588235294119,-0.63123977224339,-1.2225354408769102,1.178511301981148,0.0,Neutral
2012-07-10,95.0,98.0,96.0,97.0,810.0,0.0,95.8,95.3,94.6,61.11111111111111,-0.8210935745523926,-1.3703593580352902,1.0593499054753572,0.0,Neutral
2012-07-09,95.0,95.0,95.0,95.0,200.0,0.0,95.2,95.1,94.5,56.25,-1.051472884778775,-1.5076758039060145,0.8755950357757349,0.0,Neutral
2012-07-08,97.0,97.0,95.0,95.0,1510.0,0.0,95.2,95.0,94.45,61.11111111111111,-1.1265901442345694,-1.6217265336878242,0.9428090415865464,0.0,Neutral
2012-07-05,95.0,97.0,96.0,97.0,580.0,0.0,95.0,95.0,94.45,61.11111111111111,-1.2060803169329262,-1.7455106310511377,0.9428090415865464,0.0,Neutral
2012-07-04,94.0,95.0,94.0,95.0,3920.0,0.0,94.8,94.5,94.5,47.368421052631575,-1.4936320600216106,-1.8803682095806904,1.0801234497385792,0.0,Neutral
2012-07-03,95.0,94.0,92.0,94.0,190.0,0.0,94.8,94.3,94.7,42.10526315789474,-1.6352907275999655,-1.9770522469704601,1.1595018087320794,0.0,Neutral
2012-07-02,94.0,95.0,93.0,95.0,1650.0,0.0,95.0,94.2,94.7,50.0,-1.6904944709076233,-2.0624926268130834,1.2292725943091862,0.0,Neutral
2012-07-01,96.0,95.0,94.0,94.0,710.0,0.0,94.8,93.8,94.55,50.0,-1.8381836927889168,-2.155492165789448,1.5491933384857266,0.0,Neutral
2012-06-27,95.0,96.0,95.0,96.0,200.0,0.0,95.0,93.7,94.8,52.631578947368425,-1.8981334459132029,-2.234819284039581,1.5670212364751508,0.0,Neutral
2012-06-26,95.0,95.0,94.0,95.0,1690.0,0.0,94.2,93.7,95.45,42.857142857142854,-2.150678280687643,-2.318990743571175,1.5670212364751508,0.0,Neutral
2012-06-25,94.0,96.0,93.0,95.0,4740.0,0.0,93.8,93.9,96.0,40.90909090909091,-2.339916549353376,-2.3610688592920583,1.852925614627279,0.0,Neutral
2012-06-21,95.0,94.0,94.0,94.0,20.0,0.0,93.4,93.9,96.45,50.0,-2.5474182442779636,-2.3663569367767288,1.852925614627279,0.0,Neutral
2012-06-20,92.0,95.0,92.0,95.0,670.0,0.0,92.8,93.9,97.25,55.55555555555556,-2.673394324064944,-2.3210916099014196,1.852925614627279,0.0,Neutral
2012-06-19,93.0,92.0,90.0,92.0,1870.0,0.0,92.4,93.9,98.0,38.70967741935484,-2.897118057552092,-2.2330159313605384,1.852925614627279,0.0,Neutral
2012-06-18,93.0,94.0,93.0,93.0,920.0,0.0,93.2,94.5,98.9,30.0,-2.83507645109313,-2.0669903998126498,2.121320343561652,0.0,Neutral
2012-06-17,91.0,93.0,92.0,93.0,130.0,0.0,94.0,95.1,99.65,34.883720930232556,-2.8164695068332435,-1.8749688869925294,2.469817807047415,0.0,Neutral
2012-06-14,93.0,94.0,91.0,91.0,4490.0,0.0,94.4,95.2,100.2,34.883720930232556,-2.7517534506057757,-1.6395937320323508,2.3944379994775034,0.0,Neutral
2012-06-13,96.0,96.0,93.0,93.0,1010.0,0.0,95.0,95.3,100.95,31.914893617021278,-2.425490361375722,-1.3615538023889946,2.213594362119783,0.0,Neutral
2012-06-12,97.0,99.0,94.0,96.0,2860.0,0.0,95.4,95.9,101.7,34.09090909090909,-2.1774165222293362,-1.0955696626423128,2.3309511649414283,0.0,Neutral
2012-06-11,95.0,98.0,96.0,97.0,330.0,0.0,95.8,97.2,102.65,34.883720930232556,-2.134567127213714,-0.8251079477455571,4.756282395130743,0.0,Neutral
2012-06-07,94.0,96.0,92.0,95.0,630.0,0.0,96.2,98.1,103.3,34.883720930232556,-2.150645650270647,-0.4977431528785178,5.506561742342548,0.0,Neutral
2012-06-06,95.0,95.0,93.0,94.0,2790.0,0.0,96.0,99.0,103.85,39.130434782608695,-1.9362492102412006,-0.08451752853048544,5.676462121976201,0.0,Neutral
2012-06-05,98.0,98.0,95.0,95.0,2340.0,0.0,95.6,100.6,104.35,38.29787234042553,-1.53261958372741,0.37841539189719337,6.328067986712269,0.0,Neutral
2012-06-04,99.0,100.0,98.0,98.0,5280.0,0.0,96.4,102.1,105.1,39.130434782608695,-1.0969669392137433,0.8561741358033442,6.624030327360068,0.0,Neutral
2012-06-03,94.0,100.0,95.0,99.0,90.0,0.0,98.6,103.3,106.25,34.61538461538463,-0.8304144083732155,1.344459404557616,6.880729935439446,0.0,Neutral
2012-05-31,92.0,94.0,91.0,94.0,3110.0,0.0,100.0,104.2,107.45,34.61538461538463,-0.5799358776149575,1.8881778577903237,6.844300142779574,0.0,Neutral
2012-05-30,99.0,98.0,90.0,92.0,2770.0,0.0,102.0,105.2,108.85,37.037037037037045,0.25729215077271306,2.505206291641644,5.84617633823902,0.0,Neutral
2012-05-29,109.0,107.0,99.0,99.0,280.0,0.0,105.6,106.6,110.05,44.89795918367347,1.5257934939035351,3.0671848268588766,3.565264521900034,0.0,Neutral
2012-05-27,106.0,109.0,104.0,109.0,570.0,0.0,107.8,107.5,110.5,48.88888888888889,2.409941848315569,3.4525326600977118,2.3687784005936536,0.0,Neutral
2012-05-24,104.0,106.0,102.0,106.0,750.0,0.0,108.0,108.1,110.0,35.84905660377359,2.485201139244154,3.7131803630432474,3.3482997343605576,0.0,Neutral
2012-05-23,110.0,108.0,104.0,104.0,260.0,0.0,108.4,108.5,109.8,32.075471698113205,2.8505655267312733,4.0201751689930205,3.3082388735477193,0.0,Neutral
2012-05-22,110.0,110.0,110.0,110.0,400.0,0.0,108.4,108.7,109.6,37.5,3.479076937280567,4.312577579558457,3.0568684048307135,0.0,Neutral
2012-05-21,110.0,112.0,105.0,110.0,2030.0,0.0,107.6,108.1,109.15,44.444444444444436,3.6197722003848583,4.52095274012793,3.3482997343605567,0.0,Neutral
2012-05-17,108.0,110.0,110.0,110.0,680.0,0.0,107.2,108.1,108.35,51.61290322580645,3.7466992860141914,4.746247875063697,3.3482997343605567,0.0,Neutral
2012-05-15,104.0,110.0,104.0,108.0,1020.0,0.0,108.2,109.2,107.3,56.52173913043478,3.8542069584208747,4.996135022326074,5.287301349040299,0.0,Neutral
2012-05-14,106.0,104.0,104.0,104.0,80.0,0.0,108.6,110.7,106.25,51.470588235294116,4.1390010136247355,5.2816170383023735,6.815831244651184,0.0,Neutral
2012-05-13,108.0,106.0,106.0,106.0,50.0,0.0,109.0,112.5,105.45,54.41176470588235,4.849570865704948,5.5672710444717834,7.214953607304987,0.22267915308475494,Positive
2012-05-10,115.0,113.0,107.0,108.0,3540.0,0.0,108.6,113.5,104.4,55.223880597014926,5.482340809767976,5.746696089163492,6.900080514828706,0.4453583061695099,Positive
2012-05-09,110.0,115.0,111.0,115.0,3810.0,0.8907166123390198,109.0,113.5,103.25,65.67164179104478,6.006605853866347,5.812784909012371,6.900080514828706,0.8907166123390198,Strongly Positive
2012-05-07,106.0,110.0,108.0,110.0,300.0,0.0,110.2,111.9,101.8,65.67164179104478,5.875662606822928,5.764329672798876,8.23879710745358,0.0,Neutral
2012-05-03,104.0,106.0,106.0,106.0,910.0,0.0,112.8,111.1,100.65,64.61538461538461,6.132158133588277,5.736496439292863,8.812238963825438,0.0,Neutral
2012-05-02,110.0,108.0,104.0,104.0,40.0,0.0,116.0,110.5,99.65,62.50000000000001,6.777617396716565,5.63758101571901,9.383792173506574,0.0,Neutral
2012-04-30,121.0,119.0,110.0,110.0,1210.0,0.0,118.4,110.2,98.75,70.49180327868852,7.70651096679353,5.352571920469621,9.658617338361458,0.0,Neutral
2012-04-29,123.0,125.0,119.0,121.0,8630.0,0.0,118.0,108.6,97.65,86.0,8.169113145811139,4.764087158888643,10.936178491594202,0.0,Neutral
2012-04-26,122.0,126.0,114.0,123.0,4871.0,0.0,113.6,105.4,96.0,87.75510204081633,7.520738281272713,3.9128306621580187,11.568155523774298,0.0,Neutral
2012-04-25,116.0,122.0,118.0,122.0,330.0,0.0,109.4,101.8,94.2,85.71428571428571,6.380147260988807,3.0108537573793446,11.073491871231482,0.0,Neutral
2012-04-24,108.0,116.0,110.0,116.0,2650.0,0.0,105.0,98.4,92.45,84.0909090909091,4.933354398575673,2.168530381476979,9.252026804976698,0.0,Neutral
2012-04-22,99.0,108.0,99.0,108.0,2630.0,0.0,102.0,95.3,91.0,80.55555555555556,3.625871808389107,1.4773243772023053,7.7753170710629345,0.0,Neutral
2012-04-19,102.0,106.0,98.0,99.0,1910.0,0.0,99.2,93.0,89.9,68.9655172413793,2.7188540760652984,0.9401875194056045,6.960204339274202,0.0,Neutral
2012-04-18,100.0,102.0,98.0,102.0,860.0,0.0,97.2,91.7,89.25,76.92307692307693,2.437986292974685,0.495520880240681,6.929005059250426,0.0,Neutral
2012-04-17,101.0,109.0,100.0,100.0,1820.0,0.0,94.2,90.2,88.55,76.0,1.7385807037503156,0.00990452705717998,6.014796569941879,0.0,Neutral
2012-04-15,94.0,101.0,95.0,101.0,830.0,0.0,91.8,88.8,88.0,79.16666666666667,1.0242327596312037,-0.4222645171161039,5.028805910839632,0.0,Neutral
2012-04-12,89.0,95.0,89.0,94.0,640.0,0.0,88.6,87.3,87.3,70.58823529411765,-0.0042510928209225085,-0.7838888363029308,2.6687491868343325,0.0,Neutral
2012-04-11,87.0,90.0,88.0,89.0,1160.0,0.0,86.8,86.7,87.0,61.53846153846153,-0.6041813758733241,-0.9787982721734327,1.3374935098517515,0.0,Neutral
2012-04-10,88.0,88.0,87.0,87.0,220.0,0.0,86.2,86.6,86.85,54.54545454545455,-0.8520315716838667,-1.0724524962484598,1.1737877907801073,0.0,Neutral
2012-04-09,85.0,88.0,86.0,88.0,1450.0,0.0,86.2,86.6,86.85,50.0,-0.9523489987484623,-1.127557727389608,1.1737877907801073,0.0,Neutral
2012-04-08,85.0,86.0,85.0,85.0,460.0,0.0,85.8,86.5,86.9,30.0,-1.1683563474927467,-1.1713599095498946,1.0801234497377277,0.0,Neutral
2012-04-05,86.0,86.0,85.0,85.0,1740.0,0.0,86.0,86.7,87.1,41.66666666666667,-1.121611453017394,-1.1721108000641813,0.9486832980540281,0.0,Neutral
2012-04-04,87.0,86.0,84.0,86.0,3980.0,0.0,86.6,86.8,87.3,41.66666666666667,-1.0456336211158686,-1.1847356368258781,0.7888106377508435,0.0,Neutral
2012-04-02,86.0,88.0,85.0,87.0,3510.0,0.0,87.0,86.8,87.5,53.846153846153854,-1.0352672448180584,-1.2195111407533803,0.7888106377508435,0.0,Neutral
2012-04-01,86.0,86.0,86.0,86.0,420.0,0.0,87.0,86.9,87.65,46.15384615384615,-1.1087957282369558,-1.2655721147372105,0.8755950357747248,0.0,Neutral
2012-03-29,88.0,88.0,86.0,86.0,1060.0,0.0,87.2,87.2,87.9,39.99999999999999,-1.0846986910263325,-1.3047662113622742,1.032795558991884,0.0,Neutral
2012-03-28,88.0,88.0,88.0,88.0,1010.0,0.0,87.4,87.3,88.05,46.15384615384615,-1.0381646734807646,-1.3597830914462596,0.9486832980540438,0.0,Neutral
2012-03-27,87.0,88.0,87.0,88.0,1890.0,0.0,87.0,87.3,88.0,46.15384615384615,-1.1673061321992435,-1.4401876959376332,0.9486832980540438,0.0,Neutral
2012-03-26,87.0,88.0,84.0,87.0,1240.0,0.0,86.6,87.1,87.85,38.46153846153846,-1.3151585957679544,-1.5084080868722303,0.9944289260151135,0.0,Neutral
2012-03-25,87.0,88.0,85.0,87.0,1990.0,0.0,86.8,87.1,87.8,38.46153846153846,-1.3829243424208357,-1.556720459648299,0.9944289260151135,0.0,Neutral
2012-03-21,86.0,87.0,86.0,87.0,390.0,0.0,87.2,87.3,87.8,35.71428571428572,-1.4493028140771145,-1.6001694889551648,1.159501808731294,0.0,Neutral
2012-03-20,86.0,87.0,86.0,86.0,1130.0,0.0,87.2,87.5,87.95,39.99999999999999,-1.5129451133318241,-1.6378861576746773,1.2692955176466283,0.0,Neutral
2012-03-19,88.0,89.0,85.0,86.0,1330.0,0.0,87.6,87.8,88.15,47.05882352941176,-1.4703511736411912,-1.6691214187603904,1.2292725943084541,0.0,Neutral
2012-03-18,89.0,91.0,88.0,88.0,2160.0,0.0,87.6,88.2,88.4,58.82352941176471,-1.394598891728549,-1.7188139800401903,1.2292725943084588,0.0,Neutral
2012-03-15,87.0,90.0,88.0,89.0,1890.0,0.0,87.4,88.4,88.45,58.82352941176471,-1.481262722571259,-1.7998677521181004,1.3498971154236028,0.0,Neutral
2012-03-14,88.0,89.0,87.0,87.0,270.0,0.0,87.4,88.6,88.5,50.0,-1.6721498270640183,-1.8795190095048104,1.577621275495368,0.0,Neutral
2012-03-13,86.0,88.0,86.0,88.0,350.0,0.0,87.8,88.8,88.55,44.444444444444436,-1.6878326429502124,-1.9313613051150085,1.4757295747475294,0.0,Neutral
2012-03-12,87.0,87.0,85.0,86.0,3000.0,0.0,88.0,88.7,88.6,37.5,-1.785117507692945,-1.9922434706562073,1.567021236474574,0.0,Neutral
2012-03-11,89.0,88.0,87.0,87.0,500.0,0.0,88.8,88.6,88.8,37.5,-1.6796866622163122,-2.0440249613970227,1.776388345931795,0.0,Neutral
2012-03-06,89.0,90.0,89.0,89.0,1140.0,0.0,89.4,88.5,89.0,50.0,-1.6225049407211856,-2.1351095361922,1.9002923751670044,0.0,Neutral
2012-03-05,89.0,91.0,89.0,89.0,1000.0,0.0,89.8,88.3,89.3,47.05882352941176,-1.729556562511462,-2.263260685059953,1.9465068427559231,0.0,Neutral
2012-03-04,90.0,91.0,89.0,89.0,1830.0,0.0,89.8,88.4,89.55,52.631578947368425,-1.8410361734145226,-2.3966867156970757,2.011080417201458,0.0,Neutral
2012-03-01,90.0,90.0,88.0,90.0,500.0,0.0,89.4,88.5,89.8,52.631578947368425,-1.956545986990207,-2.5355993512677135,2.068278941000107,0.0,Neutral
2012-02-29,91.0,91.0,89.0,90.0,1590.0,0.0,88.4,88.6,90.0,50.0,-2.177337843779682,-2.68036269233709,2.1705094128148485,0.0,Neutral
2012-02-28,89.0,91.0,87.0,91.0,1480.0,0.0,87.6,88.5,90.25,50.0,-2.427478172354185,-2.8061189044764414,2.1213203435612327,0.0,Neutral
2012-02-27,87.0,90.0,88.0,89.0,980.0,0.0,86.8,88.4,90.5,36.36363636363636,-2.8132576001368506,-2.900779087507005,2.011080417201458,0.0,Neutral
2012-02-26,85.0,87.0,86.0,87.0,1310.0,0.0,87.0,88.3,90.85,33.33333333333333,-3.0610959592320057,-2.9226594593495436,2.0027758514416583,0.0,Neutral
2012-02-23,86.0,89.0,85.0,85.0,5580.0,0.0,87.6,88.5,91.35,26.31578947368422,-3.1292664327064443,-2.888050334378928,1.957890020746844,0.22316308319568634,Positive
2012-02-21,87.0,87.0,86.0,86.0,1450.0,0.0,88.8,89.0,92.0,27.77777777777777,-2.9671237798290093,-2.8277463097970488,1.5634719199432954,0.4463261663913727,Positive
2012-02-16,90.0,90.0,86.0,87.0,4010.0,0.8926523327827454,89.4,89.5,92.5,27.77777777777777,-2.81883081154065,-2.792901942289058,1.2692955176466307,0.8926523327827454,Strongly Positive
2012-02-15,90.0,90.0,86.0,90.0,4880.0,0.0,90.0,90.3,93.0,31.25,-2.6903720656665655,-2.78641972497616,1.8885620632304745,0.0,Neutral
2012-02-14,91.0,95.0,89.0,90.0,3110.0,0.0,89.6,90.7,93.35,31.25,-2.7927338545230214,-2.8104316398035585,2.2135943621193706,0.0,Neutral
2012-02-13,89.0,91.0,86.0,91.0,3980.0,0.0,89.4,91.1,93.7,31.25,-2.8827631362340185,-2.8148560861236924,2.4244128727971277,0.0,Neutral
2012-02-12,90.0,90.0,87.0,89.0,1480.0,0.0,89.2,91.4,94.0,20.0,-3.0575603192726817,-2.797879323596111,2.590581230364673,0.0,Neutral
2012-02-09,88.0,90.0,88.0,90.0,1300.0,0.0,89.6,92.0,94.4,31.25,-3.0325551191616853,-2.7329590746769683,2.666666666667906,0.0,Neutral
2012-02-08,89.0,90.0,88.0,88.0,2510.0,0.0,90.6,92.6,94.8,20.0,-3.058347680195851,-2.6580600635557885,2.8362729848255137,0.0,Neutral
2012-02-07,90.0,91.0,88.0,89.0,900.0,0.0,91.8,93.4,95.25,21.42857142857143,-2.8431469463857013,-2.5579881593957725,2.5033311140704533,0.0,Neutral
2012-02-06,91.0,90.0,89.0,90.0,1900.0,0.0,92.8,94.2,95.75,23.07692307692308,-2.6289358723751093,-2.48669846264829,2.2010098692307034,0.0,Neutral
2012-02-05,95.0,95.0,90.0,91.0,2700.0,0.0,93.6,95.0,96.2,25.0,-2.419103761585248,-2.451139110216585,1.9436506316167683,0.0,Neutral
2012-02-02,94.0,95.0,94.0,95.0,3180.0,0.0,94.4,95.5,96.6,37.5,-2.217912903644944,-2.4591479473744196,1.3540064007750496,0.0,Neutral
2012-02-01,94.0,99.0,94.0,94.0,1300.0,0.0,94.6,95.7,96.95,25.0,-2.336132384548108,-2.5194567083067887,1.4181364924144557,0.0,Neutral
2012-01-31,94.0,95.0,94.0,94.0,2780.0,0.0,95.0,96.0,97.2,33.33333333333333,-2.3512251418529075,-2.5652877892464585,1.333333333335752,0.0,Neutral
2012-01-29,95.0,96.0,94.0,94.0,3900.0,0.0,95.6,96.3,97.4,27.272727272727266,-2.3362893500222697,-2.618803451094846,1.1595018087311786,0.0,Neutral
2012-01-26,96.0,97.0,94.0,95.0,3330.0,0.0,96.4,96.6,97.65,30.0,-2.2832434579035663,-2.6894319763629904,0.8432740427153702,0.0,Neutral
2012-01-25,96.0,97.0,96.0,96.0,1960.0,0.0,96.6,96.8,97.9,33.33333333333333,-2.284144978029815,-2.790979105977846,0.6324555320387383,0.0,Neutral
2012-01-23,97.0,97.0,95.0,96.0,5240.0,0.0,96.8,97.0,98.1,25.0,-2.353889900401441,-2.917687637964854,0.6666666666714609,0.0,Neutral
2012-01-22,98.0,98.0,95.0,97.0,3840.0,0.0,97.0,97.1,98.3,42.857142857142854,-2.408671384586299,-3.0586370723557077,0.5676462122031717,0.0,Neutral
2012-01-19,96.0,98.0,96.0,98.0,1890.0,0.0,97.0,97.3,98.4,50.0,-2.5453754406246105,-3.2211284942980596,0.8232726023524393,0.0,Neutral
2012-01-18,97.0,97.0,95.0,96.0,6870.0,0.0,96.8,97.4,98.55,38.46153846153846,-2.78465406574081,-3.3900667577164216,0.9660917830825951,0.0,Neutral
2012-01-17,97.0,97.0,96.0,97.0,1890.0,0.0,97.0,97.7,98.75,38.46153846153846,-2.8459201790237927,-3.5414199307103242,0.9486832980538679,0.0,Neutral
2012-01-16,97.0,98.0,96.0,97.0,3690.0,0.0,97.2,98.2,98.9,38.46153846153846,-2.9845409973737134,-3.7152948686319567,1.6193277068674412,0.0,Neutral
2012-01-12,97.0,98.0,96.0,97.0,2330.0,0.0,97.2,98.4,98.9,38.46153846153846,-3.1180600637421634,-3.8979833364465173,1.5776212754952386,0.0,Neutral
2012-01-11,97.0,97.0,97.0,97.0,550.0,0.0,97.6,98.5,99.15,42.857142857142854,-3.2431253438889343,-4.092964154622606,1.5092308563583334,0.0,Neutral
2012-01-10,99.0,99.0,97.0,97.0,2230.0,0.0,98.0,98.7,99.5,37.5,-3.3555813873651488,-4.305423857306024,1.418136492414406,0.0,Neutral
2012-01-09,97.0,99.0,97.0,98.0,4240.0,0.0,98.4,99.0,99.6,43.75,-3.4503077354040244,-4.542884474791243,1.333333333335699,0.0,Neutral
2012-01-08,99.0,99.0,97.0,97.0,6780.0,0.0,99.2,99.2,99.6,39.99999999999999,-3.6228448889314393,-4.8160286596380475,1.3165611772111574,0.0,Neutral
2012-01-05,99.0,99.0,97.0,99.0,3430.0,0.0,99.6,99.5,99.7,56.25,-3.68855093014011,-5.114324602314699,1.080123449737547,0.0,Neutral
2012-01-04,99.0,100.0,97.0,99.0,2780.0,0.0,99.4,99.5,99.7,42.857142857142854,-3.9224004455717107,-5.470768020358346,1.080123449737547,0.0,Neutral
2012-01-03,102.0,103.0,99.0,99.0,1940.0,0.0,99.4,99.7,99.8,39.130434782608695,-4.163824366059728,-5.8578599140550045,1.1595018087311024,0.0,Neutral
2012-01-02,99.0,102.0,99.0,102.0,4490.0,0.0,99.6,99.8,99.9,55.99999999999999,-4.411404361067184,-6.281368801053824,1.135292424397843,0.0,Neutral
2012-01-01,98.0,101.0,98.0,99.0,7160.0,0.0,99.2,99.6,99.85,52.17391304347826,-4.968695127624827,-6.7488599110504826,0.8432740427152804,0.0,Neutral
2011-12-29,99.0,100.0,98.0,98.0,960.0,0.0,99.4,99.4,100.0,47.82608695652174,-5.302274322356581,-7.193901106906896,1.1737877907799434,0.0,Neutral
2011-12-28,100.0,100.0,98.0,99.0,1510.0,0.0,99.6,99.8,100.15,50.0,-5.549100504398126,-7.666807803044474,1.316561177211135,0.0,Neutral
2011-12-27,100.0,100.0,99.0,100.0,4720.0,0.0,100.0,100.3,100.35,47.82608695652174,-5.885244460321701,-8.19623462770606,1.8287822299143832,0.0,Neutral
2011-12-26,100.0,100.0,99.0,100.0,370.0,0.0,100.0,100.2,100.5,47.82608695652174,-6.330501008277679,-8.77398216955215,1.8737959096756784,0.0,Neutral
2011-12-22,99.0,102.0,99.0,100.0,2500.0,0.0,100.0,100.0,100.7,47.82608695652174,-6.806730260275614,-9.384852459870768,2.0000000000015543,0.0,Neutral
2011-12-21,101.0,100.0,98.0,99.0,6430.0,0.0,99.4,99.9,100.9,43.47826086956522,-7.315564974494421,-10.029383009769555,2.0248456731331976,0.0,Neutral
2011-12-20,100.0,101.0,99.0,101.0,1970.0,0.0,100.0,99.9,101.1,50.0,-7.7567967010137835,-10.707837518588338,2.0248456731331976,0.0,Neutral
2011-12-19,100.0,100.0,98.0,100.0,2030.0,0.0,100.6,99.9,101.25,43.47826086956522,-8.410779061756472,-11.445597722981976,2.0248456731331976,0.0,Neutral
2011-12-18,97.0,102.0,97.0,100.0,3130.0,0.0,100.4,100.0,101.45,43.47826086956522,-9.021341579478886,-12.20430238828835,2.0548046676578386,0.0,Neutral
2011-12-15,102.0,101.0,97.0,97.0,2010.0,0.0,100.0,100.1,101.6,33.33333333333333,-9.669421860943075,-13.000042590490713,2.0789954839365157,0.0,Neutral
2011-12-14,104.0,102.0,98.0,102.0,10250.0,0.0,100.4,100.6,101.95,43.75,-10.050507284034538,-13.832697772877621,1.8378731669470316,0.0,Neutral
2011-12-13,99.0,104.0,98.0,104.0,3870.0,0.0,99.8,100.5,102.05,53.33333333333333,-10.899812572648969,-14.77824539508839,1.7795130420069463,0.0,Neutral
2011-12-12,98.0,102.0,98.0,99.0,13560.0,0.0,99.2,100.4,102.05,27.272727272727266,-12.028928594514667,-15.747853600698244,1.5776212754951844,0.0,Neutral
2011-12-11,99.0,100.0,98.0,98.0,4360.0,0.0,99.6,100.8,102.45,20.0,-12.786034082866678,-16.677584852244138,1.686548085424949,0.0,Neutral
2011-12-08,99.0,101.0,98.0,99.0,3820.0,0.0,100.2,101.4,102.9,30.0,-13.464579137703382,-17.650472544588503,1.6465452046989653,0.0,Neutral
2011-12-07,101.0,101.0,99.0,99.0,4510.0,0.0,100.8,101.9,103.35,27.272727272727266,-14.236619129328346,-18.69694589630978,1.595131481869266,0.0,Neutral
2011-12-06,101.0,102.0,100.0,101.0,3680.0,0.0,101.2,102.3,103.8,33.33333333333333,-15.014944804030335,-19.81202758805514,1.2516655570369517,0.0,Neutral
2011-12-05,101.0,102.0,101.0,101.0,4590.0,0.0,101.6,102.6,104.15,33.33333333333333,-15.993608558954989,-21.01129828406134,1.2649110640696961,0.0,Neutral
2011-12-04,102.0,102.0,100.0,101.0,2900.0,0.0,102.0,102.9,104.9,25.0,-17.010105081655837,-22.265720715337924,1.1972189997403322,0.0,Neutral
2011-12-01,102.0,102.0,100.0,102.0,3700.0,0.0,102.6,103.1,105.15,27.272727272727266,-18.06010456944267,-23.579624623758445,0.9944289260147154,0.0,Neutral
2011-11-28,103.0,104.0,101.0,101.0,4330.0,0.0,103.0,103.3,105.3,18.181818181818173,-19.239411485571395,-24.959504637337385,0.9486832980536113,0.0,Neutral
2011-11-27,103.0,104.0,102.0,103.0,10440.0,0.0,103.4,103.6,105.3,22.222222222222214,-20.362971782367396,-26.389527925278884,0.5163977794999959,0.0,Neutral
2011-11-24,104.0,104.0,103.0,103.0,8410.0,0.0,103.6,103.7,105.25,22.222222222222214,-21.70449097162532,-27.896166961006752,0.483045891545709,0.0,Neutral
2011-11-23,104.0,105.0,103.0,104.0,3910.0,0.0,103.8,104.1,105.5,12.5,-23.10105559541813,-29.444085958352108,1.1005049346172637,0.0,Neutral
2011-11-22,103.0,105.0,103.0,104.0,7740.0,0.0,103.6,104.4,106.25,46.15384615384615,-24.649382724762177,-31.029843549085598,1.4298407059705152,0.0,Neutral
2011-11-21,104.0,104.0,103.0,103.0,1560.0,0.0,103.6,104.8,107.5,46.15384615384615,-26.267074693855676,-32.62495875516645,1.81352940116632,0.0,Neutral
2011-11-20,104.0,105.0,102.0,104.0,5770.0,0.0,103.8,105.3,109.4,55.17241379310345,-27.84795317522436,-34.21442977049415,1.946506842755665,0.221133291721344,Positive
2011-11-17,103.0,104.0,102.0,104.0,4240.0,0.0,103.8,105.7,111.8,53.33333333333333,-29.562486027077142,-35.80604891931159,2.057506581602849,0.442266583442688,Positive
2011-11-16,104.0,105.0,103.0,103.0,6740.0,0.884533166885376,104.4,106.9,114.9,42.857142857142854,-31.320853615775377,-37.366939642370205,3.754996671104465,0.884533166885376,Strongly Positive
2011-11-15,104.0,105.0,103.0,104.0,14980.0,0.0,105.2,107.2,118.45,33.33333333333333,-33.007775830938954,-38.87846114901891,3.521363372332596,0.0,Neutral
2011-11-14,104.0,105.0,102.0,104.0,7960.0,0.0,106.0,107.3,122.25,27.272727272727266,-34.78260708257042,-40.34613247853889,3.4334951418189705,0.0,Neutral
2011-11-13,107.0,107.0,103.0,104.0,8140.0,0.0,106.8,107.0,126.2,22.388059701492523,-36.54200832254267,-41.737013827531,3.8586123009308015,0.0,Neutral
2011-11-10,107.0,108.0,106.0,107.0,21310.0,0.0,107.6,106.8,130.45,20.0,-38.256123965961166,-43.03576520377808,4.07703596037953,0.0,Neutral
2011-11-09,108.0,109.0,106.0,107.0,6420.0,0.0,109.4,106.9,135.6,16.853932584269657,-40.19296067496498,-44.2306755132323,4.094712037087868,0.0,Neutral
2011-11-08,108.0,109.0,106.0,108.0,11430.0,0.0,109.2,108.1,141.3,15.625,-42.08044373736669,-45.240104222799125,5.606543795721111,0.0,Neutral
2011-11-06,108.0,109.0,107.0,108.0,14960.0,0.0,108.6,110.2,147.5,14.705882352941174,-43.97929748265227,-46.03001934415723,8.664102184685504,0.0,Neutral
2011-11-03,116.0,114.0,105.0,108.0,5160.0,0.0,107.2,113.5,153.9,14.285714285714292,-45.76322648143275,-46.54269980953347,12.955050495206057,0.0,Neutral
2011-11-02,106.0,116.0,108.0,116.0,2440.0,0.0,106.0,117.9,160.9,14.5631067961165,-47.37452165469173,-46.73756814155864,17.540112757777838,0.0,Neutral
2011-10-31,105.0,108.0,101.0,106.0,9880.0,0.0,104.4,122.9,168.15,4.3859649122806985,-49.55658172449225,-46.578329763275356,23.163429030358383,0.0,Neutral
2011-10-30,101.0,107.0,100.0,105.0,13420.0,0.0,107.0,129.7,177.3,3.225806451612911,-50.60267902486319,-45.83376677297113,27.268418851606917,0.0,Neutral
2011-10-25,102.0,103.0,100.0,101.0,11240.0,0.0,111.8,137.2,187.0,0.0,-51.10002242970228,-44.641538709998116,29.906521028030067,0.0,Neutral
2011-10-24,108.0,104.0,99.0,102.0,12310.0,0.0,119.8,145.4,197.2,0.0,-50.58426768562845,-43.026917780072075,30.119023150752415,0.0,Neutral
2011-10-23,119.0,114.0,108.0,108.0,1130.0,0.0,129.8,154.1,207.95,0.0,-49.29202410049234,-41.137580303682974,28.722619812421243,0.0,Neutral
2011-10-20,129.0,127.0,119.0,119.0,290.0,0.0,141.4,164.3,219.0,0.0,-47.53658557400237,-39.09896935448063,28.643595367124565,0.0,Neutral
2011-10-18,141.0,139.0,129.0,129.0,270.0,0.0,152.4,174.5,,0.0,-45.72456642820609,-36.98956529960019,28.880020006148882,0.0,Neutral
2011-10-17,152.0,145.0,141.0,141.0,30.0,0.0,162.6,184.8,,0.0,-43.764868297706755,-34.80581501744871,29.214912478238148,0.0,Neutral
2011-10-13,166.0,158.0,152.0,152.0,30.0,0.0,171.0,194.3,,0.0,-41.84881914499363,-32.5660516973842,28.833044314543827,0.0,Neutral
2011-09-14,174.0,166.0,166.0,166.0,10.0,0.0,178.4,203.9,,0.0,-39.914533584330826,-30.24535983548184,29.164095124732526,0.0,Neutral
2011-09-13,180.0,177.0,174.0,174.0,80.0,0.0,187.2,213.4,,0.0,-38.2905613438582,-27.82806639826959,30.86961828940124,0.0,Neutral
2011-09-12,183.0,180.0,180.0,180.0,20.0,0.0,196.6,224.9,,0.0,-36.47537406465341,-25.212442661872434,35.61663157072052,0.0,Neutral
2011-08-29,189.0,186.0,183.0,183.0,170.0,0.0,207.0,236.8,,,-34.23889322370982,-22.39670981117719,38.69481733887485,0.0,Neutral
2011-08-22,210.0,206.0,189.0,189.0,160.0,0.0,217.6,249.0,,,-31.191764685287865,-19.43616395804403,39.078269039340924,0.0,Neutral
2011-07-21,221.0,210.0,210.0,210.0,10.0,0.0,229.4,261.8,,,-27.459731319006835,-16.49726377623307,38.19482222035395,0.0,Neutral
2011-07-19,232.0,221.0,221.0,221.0,10.0,0.0,239.6,273.7,,,-24.435067185040793,-13.756646890539626,38.79590470941775,0.0,Neutral
2011-07-11,236.0,232.0,232.0,232.0,20.0,0.0,253.2,,,,-21.339076713178088,-11.087041816914333,,0.0,Neutral
2011-07-10,248.0,236.0,236.0,236.0,10.0,0.0,266.6,,,,-18.197080485990796,-8.524033092848395,,0.0,Neutral
2011-07-06,261.0,248.0,248.0,248.0,10.0,0.0,280.4,,,,-14.32933867622097,-6.105771244562793,,0.0,Neutral
2011-06-23,289.0,284.0,261.0,261.0,360.0,0.0,294.2,,,,-10.406085112824144,-4.049879386648248,,0.0,Neutral
2011-06-21,299.0,294.0,289.0,289.0,30.0,0.0,307.8,,,,-6.570862053902147,-2.4608279551042744,,0.0,Neutral
2011-05-18,305.0,299.0,299.0,299.0,120.0,0.0,,,,,-4.431055719730409,-1.4333194304048062,,0.0,Neutral
2011-05-15,317.0,311.0,305.0,305.0,20.0,0.0,,,,,-2.6536148245550635,-0.6838853580734053,,0.0,Neutral
2011-05-05,329.0,323.0,317.0,317.0,20.0,0.0,,,,,-0.9572649572649539,-0.19145299145299077,,0.0,Neutral
2011-04-27,0.0,329.0,329.0,329.0,10.0,0.0,,,,,0.0,0.0,,0.0,Neutral
