Date,Headline,Link,Full Content,Sentiment_Score
2026-02-17,Mahalaxmi Bikas Bank Concludes Bizzchitra Photography Competition – Edition 3,https://www.sharesansar.com/newsdetail/mahalaxmi-bikas-bank-concludes-bizzchitra-photography-competition-edition-3-2026-02-17,"Mahalaxmi Bikas Bank Limited successfully concluded the Bizzchitra Photography Competition – Edition 3 on 2082/11/01, organized to celebrate World Photography Day. The competition, held from Bhadra 11 to Ashwin 31, 2082, invited photographers to capture images reflecting local small and medium businesses, promoting entrepreneurship and positive messages through photography.
A three-member jury selected 15 outstanding photos, with awards presented in Kathmandu for first, second, and third places. Suyog Kunwar won first place (Rs. 25,000), Paras Bajracharya second (Rs. 20,000), and Devananda Pokharel third (Rs. 15,000). Sharman Raj Bhandari received the Public Choice Award (Rs. 10,000). Certificates were also distributed to the top 15 photographers.
The edition featured increased prize amounts compared to previous years, reflecting the bank’s commitment to promoting local businesses, entrepreneurship, and art. The event coincided with the bank’s Mahalaxmi Magh Mahotsav, aimed at enhancing digital banking services and encouraging secure, cashless transactions.",-0.6778711080551147
2026-02-03,Mahalaxmi Bikas Bank Advances Social and Economic Development Through CSR,https://www.sharesansar.com/newsdetail/mahalaxmi-bikas-bank-advances-social-and-economic-development-through-csr-2026-02-03,"Mahalaxmi Bikas Bank Limited (MLBL) has actively carried out various corporate social responsibility (CSR) initiatives across health, education, disaster management, environment, culture, infrastructure, and community development.
Highlights include funding a health camp at Shree Gandhakuti Vihar, Lalitpur; providing road furniture with traffic signs to manage parking and road safety in collaboration with the Traffic Police, Maharajgunj; distributing sewing machines in Humla for skill development and economic empowerment; and supporting the construction of a playground at Shree Bhanu Secondary School, Rupandehi. The bank believes these initiatives contribute to overall economic and social development.",0.07259231805801392
2026-01-16,Mahalaxmi Bikas Bank Launches “Magh Mahotsav” to Promote Digital Banking,https://www.sharesansar.com/newsdetail/mahalaxmi-bikas-bank-launches-magh-mahotsav-to-promote-digital-banking-2026-01-16,"Mahalaxmi Bikas Bank Limited (MLBL) has launched “Mahalaxmi Magh Mahotsav”, a digital promotion campaign for the month of Magh 2082 to encourage safe, convenient, and cashless banking transactions. As part of the initiative, the bank is offering higher interest rates on fixed deposits opened through its mobile app “Mahalaxmi Smart Sathi,” along with full fee waivers on debit cards, mobile banking registration, and credit card issuance and annual fees.
Customers can also enjoy cashback on pharmacy bill payments made via the mobile app and free registration for the “Koili” audio payment notification service. The campaign aims to expand access to digital banking, reduce the need for in-branch visits, and further promote digital transactions across the country.",-0.3173477053642273
2026-01-08,MLBL Launches Special Gold & Silver Loan to Celebrate New Year 2026,https://www.sharesansar.com/newsdetail/mlbl-launches-special-gold-silver-loan-to-celebrate-new-year-2026-2026-01-08,"On the occasion of the English New Year 2026, Mahalaxmi Bikas Bank Limited (MLBL) has announced a revised Loan Against Bullion (Gold & Silver) facility with special benefits for customers. This facility offers competitive interest rates, a simple and secure process, and loans up to NPR 50 lakh against gold or silver purchased from authorized dealers.
The service is available through select branches in Kathmandu, Pokhara, Maharajgunj, Hetauda, and Bhairahawa, while applications can be submitted at any branch. MLBL emphasizes customer convenience and financial management, continuing its mission of quality banking for over 31 years with more than 800,000 customers nationwide.",0.2776416838169098
2026-01-08,"Rajesh Upadhyay Re-elected as MLBL Chairman, Takes Oath of Office",https://www.sharesansar.com/newsdetail/rajesh-upadhyay-re-elected-as-mlbl-chairman-takes-oath-of-office-2026-01-08,"At its 24th Annual General Meeting, Mahalaxmi Bikas Bank Limited (MLBL) appointed Mr. Rajesh Upadhyay as the new Chairperson.
He took the oath of office and secrecy on 2082/09/23 before Deputy Governor Mr. Bam Bahadur Mishra of Nepal Rastra Bank, in the presence of senior bank officials. The board also approved a proposal to distribute a 10.37% dividend.",0.6784210205078125
2026-01-06,"Mahalaxmi Bikas Bank Concludes 24th AGM, Approves 10.37% Dividend",https://www.sharesansar.com/newsdetail/mahalaxmi-bikas-bank-concludes-24th-agm-approves-1037-dividend-2026-01-06,"Mahalaxmi Bikas Bank Limited held its 24th Annual General Meeting on 21 Poush 2082 under the chairmanship of Rajesh Upadhyay. The AGM approved the bank’s financial statements for FY 2081/82, including profit and loss, cash flow, and equity changes. A total dividend of 10.37% was declared, comprising 5.37% cash dividend and 5% bonus shares.
The bank reported improved financial indicators compared to FY 2080/81, with deposit reaching Rs. 56.22 Arba, loans NPR 47.21 Arba, and capital adequacy rising to 17.06%. Six directors were elected, three from founders and three from public shareholders, with Rajesh Upadhyay re-elected as Chairman. The AGM emphasized enhanced customer satisfaction and quality financial services.",-0.9263116717338562
2025-12-24,Mahalaxmi Bikas Bank Advances Community Development Through CSR Initiatives,https://www.sharesansar.com/newsdetail/mahalaxmi-bikas-bank-advances-community-development-through-csr-initiatives-2025-12-24,"Mahalaxmi Bikas Bank Limited (MLBL) implemented various Corporate Social Responsibility (CSR) programs in FY 2082/83, focusing on financial literacy, education, health, disaster management, environment, culture, infrastructure, sustainable development, and welfare activities.
Highlights include organizing health camps and workshops for senior citizens in Humla, providing computers and tables to a damaged police post in Kathmandu, and supporting marginalized communities with food aid. The bank also funded modern toilets in schools across Baglung, Jhapa, and other districts, distributed winter clothing to 180 students in Lalitpur, and provided educational materials to students in Gorkha. These initiatives aim to contribute to overall economic and social development.",0.5374828577041626
2025-12-21,Reminder! Last Trading Day to Secure Dividend of Four Companies,https://www.sharesansar.com/newsdetail/reminder-last-trading-day-to-secure-dividend-of-four-companies-2025-12-21,"Today is the last day to grab the dividend proposed by
Taragaon Regency Hotel Limited (TRH).
The company has also called its 29th AGM on 23rd Poush, 2082. The meeting will be held in the Nepal Army Officers' Club, Bhadrakali, Kathmandu, starting at 11 AM.
Among the other agendas, the AGM will endorse a 5% dividend for the fiscal year 2081/82. The board of directors meeting held on Mangsir 22 has decided to distribute a 5% cash dividend (excluding tax) from the paid-up capital. Since the company's paid-up capital is Rs. 1,962,120,200.
The book closure date is from Poush 07 to Poush 18. Thus, shareholders who maintained their positions before that day are entitled to the dividend payout and can also attend this AGM.
Similarly, Today is the last day to grab the dividend proposed by
Nepal Hydro Developer Limited (NHDL).
The company has also called its 19th AGM for 23rd Poush, 2082. The meeting will be held at 11 AM that day in the Amrapali Banquet, Bhatbhateni, Kathmandu.
Among the other agenda items, the AGM will endorse a 9.47% dividend for FY 2081/82. The 95th board of directors meeting, held on Kartik 28, has decided to distribute 9% bonus shares and a 0.47% cash dividend (for tax purposes) from the paid-up capital. Since the company's paid-up capital is Rs. 38.81 crore, the bonus shares are worth Rs. 3.49 crores, and the cash dividend is worth Rs. 18.38 lakhs.
The book closure date is from Poush 07. Thus, shareholders maintain that day are entitled to the dividend payout and can also attend the AGM.
Similarly, Today is the last day to grab the dividend proposed by
Nepal Life Insurance Company Limited (NLIC).
The company has also called its 26th AGM on 19th Poush, 2082. The meeting will be held in Hotel Vishuwa, Birgunj, Parsa, starting at 9:00 AM that day.
Among the other agendas, the AGM will endorse a 21.05% dividend for the fiscal year 2081/82. The 404th meeting of the board of directors held on Mangsir 24 has decided to distribute a 16.05% cash dividend (including tax) and 5% bonus shares. The existing paid-up capital of NLIC is Rs. 9.02 Arba.
The book closure date is from Poush 07. Thus, shareholders maintain that day are entitled to the dividend payout and can also attend the AGM.
And, Today is the last day to grab the dividend proposed by
Mahalaxmi Bikas Bank Limited (MLBL).
The company has also called its 24th AGM on 21st Poush, 2082. The meeting will be held at 10 AM that day in the Tribhuvan Army Officers' Club, Bhadrakali, Kathmandu.
Among other agendas, the AGM will endorse a 10.37% dividend for the fiscal year 2081/82. The 635th meeting of the board of directors held on Kartik 17 has proposed a 10.37% dividend for the fiscal year 2081/82. 5% bonus shares worth Rs. 21.48 Crores and 5.37% cash dividends (for tax purposes) worth Rs. 23.07 Crores have been proposed. The company's existing paid-up capital is Rs. 4.29 Arba.
The book closure date is from Poush 07. Thus, shareholders maintain that day are entitled to the dividend payout and can also attend the AGM.",0.9174743890762329
2025-12-11,Book Closure Date Declared for 10.37% Dividend of Mahalaxmi Bikas Bank; AGM On Poush 21,https://www.sharesansar.com/newsdetail/book-closure-date-declared-for-1037-dividend-of-mahalaxmi-bikas-bank-agm-on-poush-21-2025-12-11,"Mahalaxmi Bikas Bank Limited (MLBL)
has called its 24th AGM on 21st Poush, 2082. The meeting will be held at 10 AM that day in the Tribhuvan Army Officers' Club, Bhadrakali, Kathmandu.
Among other agendas, the AGM will endorse a 10.37% dividend for the fiscal year 2081/82. The 635th meeting of the board of directors held on Kartik 17 has proposed a 10.37% dividend for the fiscal year 2081/82. 5% bonus shares worth Rs. 21.48 Crores and 5.37% cash dividends (for tax purposes) worth Rs. 23.07 Crores have been proposed. The company's existing paid-up capital is Rs. 4.29 Arba.
Furthermore, an agenda is to endorse the auditor's report with PL statements, financial reports, and cash flow reports, and appoint an auditor for the fiscal year 2082/83. There's also an agenda to elect 3 directors from the public shareholding group and 3 directors from the promoter shareholding group, and there is an agenda to appoint an independent director.
Poush 07 is the book closure date. Thus, shareholders who maintained their positions before that day are entitled to the dividend payout and can attend this AGM.",0.9216424822807312
2025-12-08,Mahalaxmi Bikas Bank Wins International Award for Banking Innovation and Customer Excellence,https://www.sharesansar.com/newsdetail/mahalaxmi-bikas-bank-wins-international-award-for-banking-innovation-and-customer-excellence-2025-12-08,"Mahalaxmi Bikas Bank Limited (MLBL) has been honored with the “Excellence in Banking Innovation and Customer Delight” award at the India Business Awards 2025 held in New Delhi on December 7, 2025. The award recognizes the bank’s innovations in banking services, strong leadership, brand reputation, customer trust, media presence, and corporate social responsibility.
MLBL, actively involved in cross-border financial services between India and Nepal, expects this recognition to strengthen Nepal-India banking relations and promote trade and remittances. Recently, the bank was also recognized by the Indian Chamber of Commerce (ICC), highlighting its growing international presence.",-0.885305643081665
2025-11-24,Mahalaxmi Bikas Bank Partners with Coffee Chains to Offer Special Discounts to Customers,https://www.sharesansar.com/newsdetail/mahalaxmi-bikas-bank-partners-with-coffee-chains-to-offer-special-discounts-to-customers-2025-11-24,"Mahalaxmi Bikas Bank Limited (MLBL) has partnered with Arabica Coffee and Caffeophilia Bhaisepati to offer special discounts to its debit card, credit card, and mobile banking users. Customers can enjoy up to 15% discount at multiple Arabica Coffee outlets across Kathmandu and Lalitpur, 10% on coffee and hot beverages, and 15% on Italian food.
At Caffeophilia Bhaisepati, users will receive up to 10% discount on all services except bakery items. The bank believes this collaboration will directly benefit its customers and enhance their digital banking experience. MLBL has also recently introduced a facility allowing credit card users to purchase tour packages through various travel agencies and convert the amount into easy monthly installments payable over 6 to 12 months.",-0.2720639407634735
2025-11-13,Mahalaxmi Bikas Bank Partners with Daraz Nepal for 11.11 Campaign Offering Special Discounts,https://www.sharesansar.com/newsdetail/mahalaxmi-bikas-bank-partners-with-daraz-nepal-for-1111-campaign-offering-special-discounts-2025-11-13,"Mahalaxmi Bikas Bank Limited (MLBL) has partnered with Daraz Nepal for the global 11.11 shopping campaign, offering special discounts and digital benefits to its customers. The collaboration aligns with the bank’s goal of expanding its digital banking services and enhancing customer engagement through online platforms.
Under this offer, valid from Kartik 25 to Mangsir 5, 2082, customers can enjoy exclusive discounts when shopping on Daraz using Mahalaxmi Bank cards. Debit card users will receive a 15% discount (up to Rs. 1,500), while credit card users will get a 20% discount (up to Rs. 2,000). Customers must collect vouchers from the Daraz platform to avail of the offer, which will be provided on a first-come, first-served basis.
The bank believes the partnership will help promote digital payments, innovation, and customer satisfaction. Additionally, Mahalaxmi Bikas Bank recently introduced a flexible travel package installment plan for its credit cardholders, allowing them to pay tour package costs in monthly installments over 6 to 12 months.",-0.44231536984443665
2025-11-10,Mahalaxmi Bikas Bank Partners with Hospitality and Health Institutions to Offer Exclusive Discounts,https://www.sharesansar.com/newsdetail/mahalaxmi-bikas-bank-partners-with-hospitality-and-health-institutions-to-offer-exclusive-discounts-2025-11-10,"Mahalaxmi Bikas Bank Limited (MLBL), embracing the motto “Strong Bank, Successful Cooperation”, has partnered with various hospitality, health, and restaurant service providers to offer exclusive discounts to its debit card, credit card, and mobile banking users. The collaboration benefits customers across multiple outlets, promoting convenient and value-added services. Additionally, the bank recently launched a facility allowing credit card holders to purchase travel packages with flexible 6–12 month installment plans.
Discounts Offered:
Institution
Location
Services
Discount
Siddhartha Hospitality
Tinkune, Kathmandu (all outlets)
Accommodation
20%
Food & Beverages
10%
Bandipur Mountain Resort
Bandipur, Tanahun
Food & Accommodation
7%
Smile 260 Dental Clinic
Samakhusi, Kathmandu
Dental Services
20%
Bandipur Bazar Ghar
Bandipur, Tanahun
Food & Accommodation
7%
Longevity Health Home
Lalitpur, Ward No. 3, Tutepani
Doctor Checkup, Acupuncture, Panchakarma, Pathology
Up to 20%",0.27976828813552856
2025-11-03,Mahalaxmi Bikas Bank Proposes to Distribute 10.37% Dividend of FY 2081/82; How Much is Bonus and Cash Dividend?,https://www.sharesansar.com/newsdetail/mahalaxmi-bikas-bank-proposes-to-distribute-1037-dividend-of-fy-208182-how-much-is-bonus-and-cash-dividend-2025-11-03,"Mahalaxmi Bikas Bank Limited (MLBL)
has proposed a 10.37% dividend for the fiscal year 2081/82.
The 635th meeting of the board of directors held on Kartik 17 has proposed a 10.37% dividend for the fiscal year 2081/82. 5% bonus shares worth Rs. 21.48 Crores and 5.37% cash dividends (for tax purposes) worth Rs. 23.07 Crores have been proposed. The company's existing paid-up capital is Rs. 4.29 Arba.
The dividend will be distributed only after approval by the central bank and endorsement by the company's upcoming AGM.
As of writing, MLBL closed at Rs. 386.40.
Dividend History:",0.9138592481613159
2025-10-31,Mahalaxmi Bikas Bank Re-Certified with ISO 9001:2015 for Quality Excellence,https://www.sharesansar.com/newsdetail/mahalaxmi-bikas-bank-re-certified-with-iso-90012015-for-quality-excellence-2025-10-31,"Mahalaxmi Bikas Bank Limited (MLBL) has been re-certified with the internationally recognized ISO 9001:2015 Quality Management System. The certification, initially effective from August 16, 2024, was renewed following a successful surveillance audit in Bhadra 2082. Under the category of “Provision of Development Banking Activities,” MLBL remains a leading development bank in achieving this global standard.
The re-certification acknowledges the bank’s strong commitment to maintaining international quality benchmarks, delivering excellent customer service, ensuring client satisfaction, and continuously improving operational efficiency. The comprehensive audit evaluated the bank’s policies, procedures, documentation, and overall management practices. With the motto “Strong Bank, Successful Co-operation,” Mahalaxmi Bikas Bank has been providing quality financial services across Nepal for 31 years, serving over 800,000 customers nationwide.",-0.7397143244743347
2025-10-10,Mahalaxmi Bikas Bank Partners with Radisson Hotel to Offer Special Discounts for Travelers,https://www.sharesansar.com/newsdetail/mahalaxmi-bikas-bank-partners-with-radisson-hotel-to-offer-special-discounts-for-travelers-2025-10-10,"Mahalaxmi Bikas Bank Limited (MLBL) has signed an agreement with Radisson Hotel Lazimpat to provide special discounts to its customers at the Radisson Airport Lounge inside Tribhuvan International Airport. The collaboration aims to benefit travelers, especially during festivals and international trips, while strengthening partnerships in the hospitality and health sectors.
Under the agreement, customers using Mahalaxmi Bank’s debit cards, credit cards, or mobile banking can enjoy various discounts, 15% on Radisson Airport Lounge services, 20% on food and beverages (including Izakaya Hokkaido Hotel), 15% on pastry purchases and Tranquility Spa services, and 20% on gym services at Dyson Fitness Center.
The bank believes this initiative will directly benefit its customers and enhance their travel experience. Additionally, Mahalaxmi Bank recently launched a new travel package payment plan, allowing credit cardholders to purchase tour packages through travel agencies and repay the amount in flexible installments over 6 to 12 months.",-0.7511276006698608
2025-09-26,Mahalaxmi Bikas Bank Launches Startup Loans for Returning Nepali Migrant Workers,https://www.sharesansar.com/newsdetail/mahalaxmi-bikas-bank-launches-startup-loans-for-returning-nepali-migrant-workers-2025-09-26,"Mahalaxmi Bikas Bank Limited (MLBL) has introduced a special startup loan program aimed at Nepali migrant workers returning from abroad, helping them become successful entrepreneurs. Targeting individuals with skills, experience, and some savings but lacking sufficient investment, the loan supports businesses in agriculture, trade, services, and production. Loans range from NPR 10 lakh to 1 crore, with a repayment period of 2 to 15 years, offered at competitive interest rates.
The initiative aims to promote self-reliance among returnees, generate local employment, foster entrepreneurship, and ensure productive use of remittances, contributing to Nepal’s overall economic growth. Existing residents can also access this facility to start or expand small and medium enterprises. MLBL, embracing its motto “Strong Bank, Successful Collaboration,” has served over 800,000 customers nationwide over the past 31 years.",-0.4595039486885071
2025-09-21,Mahalaxmi Bikas Bank Supports Reconstruction of Damaged Durbarmarg Police Office,https://www.sharesansar.com/newsdetail/mahalaxmi-bikas-bank-supports-reconstruction-of-damaged-durbarmarg-police-office-2025-09-21,"Mahalaxmi Bikas Bank Limited (MLBL) has provided financial assistance for the reconstruction and repair of the Durbarmarg Police Office in Kathmandu, which was damaged during recent protests involving arson and vandalism. The support aims to help the police office quickly resume normal operations by facilitating essential civil works and maintenance.
The bank believes this contribution will significantly aid the ongoing reconstruction efforts. MLBL also confirmed that all its services, including digital banking, are operating smoothly across its 102 branches (except the Lakeside branch), continuing its commitment to delivering quality financial services nationwide.",-0.8603633642196655
2025-09-15,"MLBL Condoles Tragic Losses, Ensures Continued Banking Services Amid Crisis",https://www.sharesansar.com/newsdetail/mlbl-condoles-tragic-losses-ensures-continued-banking-services-amid-crisis-2025-09-15,"Mahalaxmi Bikas Bank Limited (MLBL) expressed deep sorrow over the recent tragic incidents that caused loss of life, injuries, and damage to government, public, and private properties. The bank extended condolences to the bereaved families and wished a speedy recovery for the injured.
While the bank’s Lakeside, Pokhara branch building was completely damaged, banking services from this branch are being provided through nearby branches. All other 102 branches and digital services are fully operational. MLBL also expressed hope that the ongoing government formation process will soon restore peace, good governance, a stable business environment, economic stability, and security across the country.",-0.6120060086250305
2025-09-12,Mahalaxmi Bikas Bank Partners with Institutions to Offer Special Discounts for Customers,https://www.sharesansar.com/newsdetail/mahalaxmi-bikas-bank-partners-with-institutions-to-offer-special-discounts-for-customers-2025-09-12,"Mahalaxmi Bikas Bank Limited (MLBL), under the motto “Strong Bank, Successful Partnership”, has signed agreements with various institutions, including hospitals, restaurants, diagnostic centers, hotels, and resorts, to provide special discounts to customers using its debit/credit cards and mobile banking services. Through this collaboration, customers can enjoy direct benefits such as reduced prices on healthcare services, dining, accommodation, travel, and shopping. The bank believes this initiative will enhance customer satisfaction while promoting digital financial services. Additionally, MLBL has launched an installment plan for credit card holders to purchase tour packages from travel agencies with flexible repayment terms ranging from 6 to 12 months.
S.N.
Institution / Company
Location
Service / Product
Discount Offered
1
Manakamana Darshan Pvt. Ltd.
Kurintar, Chitwan
Cable car tickets
10%
2
Samaj Dental Hospital Pvt. Ltd.
Baneshwor, Kathmandu
X-ray & pharmacy services
15%
3
Matsuri Tokyo Pvt. Ltd.
Durbarmarg, Kathmandu
Food & beverages
10%
4
Mangalam Diagnostic Center
Birgunj, Parsa
Pathology services
10%
5
Hotel Quick 20 Riverside
Jitpur, Simara
Food, lodging & beverages
5%
6
Nice New Home Decor
Nayabazar, Kathmandu
Carpets & flooring items
Up to 20%
7
Shubha Kathmandu Tyre Center
Inghedhara, Kathmandu
MRF brand tyres
Up to 10%
8
Kulekhani Village Resort
Kulekhani, Makwanpur
Room charges
Up to 10%
9
Regal Hetauda Resort Pvt. Ltd.
Hetauda-5, Makwanpur
Food, lodging & beverages
Up to 15%
10
Kabilas Resort & Funpark
Bharatpur, Chitwan
Food & funpark entry fees
15%",0.439935564994812
2025-09-05,Mahalaxmi Bikas Bank Launches Credit Card Travel Packages for Festive Season,https://www.sharesansar.com/newsdetail/mahalaxmi-bikas-bank-launches-credit-card-travel-packages-for-festive-season-2025-09-05,"Mahalaxmi Bikas Bank Limited (MLBL) has introduced a new facility allowing customers to purchase travel and tour packages using its credit cards, targeting the upcoming festive season. Recognizing the growing trend of Nepalis traveling abroad during festivals, the bank has partnered with reputable travel agencies, including Guru Travels Ltd. and Recent & Rhythm Tours, for this service.
Customers can convert the total cost of their tour packages into flexible monthly installments ranging from 6 to 12 months, with no EMI processing fees. This initiative promotes digital payments and enhances festive experiences. Additionally, MLBL recently added a virtual credit card feature to its mobile banking app, Mahalaxmi Smart Saathi, strengthening its commitment to providing secure and convenient banking services to over 8 lakh customers through 103 branches nationwide.",-0.5681766271591187
2025-09-01,"Mahalaxmi Bikas Bank Wins Prestigious International Award, Strengthens Cross-Border Banking with HDFC",https://www.sharesansar.com/newsdetail/mahalaxmi-bikas-bank-wins-prestigious-international-award-strengthens-cross-border-banking-with-hdfc-2025-09-01,"Mahalaxmi Bikas Bank Limited (MLBL) was honored with the prestigious ""Assets Quality"" award by the Indian Chamber of Commerce, Kolkata, at the 3rd Emerging Asia Banking Conclave and Awards held in New Delhi on August 29, 2025.
Recognized for its effective asset management and quality improvement, the award enhances the bank’s international reputation. Recently, MLBL also partnered with India’s HDFC Bank to facilitate cross-border financial services, enabling customers to make payments from India to Nepal.",-0.8575023412704468
2025-08-25,Comprehensive Analysis of Fourth Quarter Reports for FY 2081/82: A Closer Look at Development Banks in Nepal,https://www.sharesansar.com/newsdetail/comprehensive-analysis-of-fourth-quarter-reports-for-fy-208182-a-closer-look-at-development-banks-in-nepal-2025-08-25,"The fourth-quarter reports for the fiscal year 2081/82 have been publicly disclosed by 15 out of 16 development banks. These reports provide a comprehensive overview of their financial health. Karnali Development Bank Limited has not published its report as Nepal Rastra Bank (NRB) has declared it a ""problematic institution"" and placed its management under direct NRB control. Share trading of Karnali Development Bank has also been suspended.
This analysis aims to meticulously evaluate the financial performance of Nepal's development banks, categorized as ""B"" class financial institutions, using the unaudited third-quarter reports for the 2081/82 fiscal year.
The Nepal Stock Exchange (NEPSE) currently lists 16 development banks, divided into National-level and Regional-level entities. Our focus is on assessing the performance of these ""B"" class financial institutions, drawing insights from the recently released quarter-end reports.
Net profit:
As per the quarterly report, Muktinath Bikas Bank Limited (MNBBL) has reported the highest net profit for the period, amounting to Rs. 153.74 Crores. Garima Bikas Bank Limited (GBBL) comes in second place in terms of profit, which amounts to Rs. 131.04 Crores.
The third position is secured by Shine Resunga Development Bank (SHINE) with a net profit of Rs.68.86 Crores. In terms of growth in net profit, Garima Bikas Bank Limited (GBBL) achieved the highest growth margin of 201.97% for Q4 of FY 81/82.
At the regional level, Sindhu Bikas Bank (SINDU) reported the highest growth in net profit at 287.60% for Q4 of FY 81/82.
Paid-up capital:
Muktinath Bikas Bank Limited (MNBBL) has the highest paid-up capital amounting to Rs. 7.04 Arba among all the development banks, with Garima Bikas Bank Limited (GBBL) holding the second-highest paid-up capital at Rs. 5.68 Arba.
On the other hand, Narayani Development Bank Limited (NABBC) has the lowest paid-up capital of Rs. 26.25 Crores.
Reserve and surplus:
Muktinath Bikas Bank Limited (MNBBL) reported the highest reserve and surplus, totaling Rs. 4.92 Arba. Following MNBBL is Jyoti Bikas Bank Limited (JBBL) with a reserve of Rs. 3.03 Arba. Lumbini Bikas Bank Limited (LBBL) holds the third position with a reserve of 2.9 Arba.
Meanwhile, Narayani Development Bank Limited (NABBC), Sindhu Bikas Bank (SINDU), and Saptakoshi Development Bank (SAPDBL) have reported negative reserves and surplus.
Deposits from Customers:
Among B-class institutions, Muktinath Bikas Bank Limited (MNBBL) leads with a total deposit of Rs. 1.17 Kharba, followed by Garima Bikas Bank Limited (GBBL) with a deposit of Rs. 90.12 Arba. The overall development banks have collected a total deposit of Rs. 4.1 Kharba.
Loans and Advances to Customers:
As of Q4 2081/82, total loans and advances of development banks reached Rs. 4.82 Kharba, with an average loan of Rs. 32.18 Arba. Muktinath Bikas Bank Limited (MNBBL) disbursed the highest loan amount, totaling Rs. 97.52 Arba, followed by Garima Bikas Bank Limited (GBBL) with Rs. 69.32 Arba. Shine Resunga Development Limited (SHINE) disbursed Rs. 546.93 Arba, ranking third.
Net interest income:
In terms of Net Interest Income, Muktinath Bikas Bank Limited (MNBBL) leads with Rs. 4.55 Arba, followed by Garima Bikas Bank Limited (GBBL) with Rs. 3.64 Arba, and Kamana Sewa Bikas Bank  with Rs. 2.24 Arba. Out of the 15 banks, 8 reported above-industry-average net interest income.
Provisions for the period (Impairment/Reversal):
Banks have set aside funds as loan loss provisions and delayed loan repayments for several borrowers.
Total impairment charges amount to Rs. 4.47 Arba for loans and other losses. Among National Level banks, Jyoti Bikas Bank Limited (JBBL) shows the highest impairment charge at Rs. 128.34 Crores, with Lumbini Bikas Bank Limited (LBBL) also holding high provisions at Rs. 67.97 Crores.
At the regional level, Narayani Development Bank Limited (NABBC) and Sindhu Bikas Bank (SINDU) reported a reversal in impairment charges.
Annualized Earnings per share:
Garima Bikas Bank Limited (GBBL) topped the annualized EPS list at Rs. 23.07 per share, Muktinath Bikas Bank Limited (MNBBL) followed by  with Rs. 21.82 per share.
Net worth per share:
The highest net worth per share is reported by Lumbini Bikas Bank Limited (LBBL) at Rs.192.73 per share, followed by Muktinath Bikas Bank Limited (MNBBL) with Rs. 169.95 per share and Kamana Sewa Bikas Bank Limited (KSBBL) at Rs.168.13 per share. The average net worth per share of the 15 banks is Rs.137.55.
P/E Ratio:
The P/E ratio indicates how much investors are paying for each rupee of the firm’s earnings. Garima Bikas Bank Limited (GBBL) has the lowest P/E ratio at 18.57 times, whereas Jyoti bikas Bank Limited (JBBL) reports the highest P/E ratio at 1248.34 times.
Non-Performing Loans:
Non-performing loans indicate credit risk for banks. Miteri Development Bank Limited (MDB) has the lowest NPL ratio at 0.28%, while Narayani Development Bank Limited (NABBC) has the highest at 50.97%.
Capital Adequacy Ratio (CAR):
Miteri Development Bank Limited (MDB) reported the highest CAR at 31.54% while Narayani Development Bank Limited (NABBC) reported the negative CAR at 7.84%.
Others:
Cost of Funds, CD Ratio, Base Rates, and Interest Spread:
Cost of Funds:
Corporate Development Bank Limited (CORBL) has the highest Cost of Funds at 6.61%, while Excel Development Bank Limited (EDBL) has the lowest at 3.87%.
CD Ratio:
The Credit-Deposit Ratio shows how much deposit money has been used as loans. Garima Bikas Bank Limited (LBBL) reports the highest CD ratio of 89.62%, and Corporate Development Bank Limited (CORBL) has the lowest at 63.04%.
Base Rate and Interest Spread:
The base rate, the minimum interest rate banks charge, is highest at Narayani Development Bank Limited (NABBC) with 16.24% and lowest at Excel Development Bank Limited (EDBL) with 6.02%. Meanwhile, Miteri Development Bank Limited (MDB) reports the highest interest spread rate of 4.60%, and Jyoti Bikas Bank Limited (JBBL) has the lowest at 3.96%.
The table below provides a complete picture of the major indicators of development banks as of the third quarter of FY 2081-82.",0.563981831073761
2025-08-04,Mahalaxmi Bikas Bank Partners with HDFC to Launch Cross-Border Payment System from India to Nepal,https://www.sharesansar.com/newsdetail/mahalaxmi-bikas-bank-partners-with-hdfc-to-launch-cross-border-payment-system-from-india-to-nepal-2025-08-04,"Mahalaxmi Bikas Bank Limited (MLBL) has partnered with India’s leading financial institution, HDFC Bank, to launch a cross-border payment system allowing direct transfers from India to Nepal. With this, MLBL becomes the first development bank in Nepal to implement such a system.
The service uses HDFC’s advanced Cash Management System (CMS), enabling transfers via NEFT, RTGS, and FT directly into MLBL accounts in Nepal, along with cheque deposits from other Indian banks.
This partnership strengthens banking ties between Nepal and India and supports smoother cross-border trade and remittance services. The bank has also added a virtual credit card feature to its mobile banking app ""Mahalaxmi Smart Sathi"" and continues expanding digital innovations across its 103 branches and 800,000 customers.",-0.5968080759048462
2025-07-06,Mahalaxmi Bikas Bank Strengthens Community Ties Through Nationwide CSR Efforts,https://www.sharesansar.com/newsdetail/mahalaxmi-bikas-bank-strengthens-community-ties-through-nationwide-csr-efforts-2025-07-06,"Mahalaxmi Bikas Bank carried out diverse CSR initiatives in the fourth quarter of fiscal year 2081/82, focusing on education, health, hygiene, and social welfare.
Major efforts included distributing school bags to needy students in Bajura, funding toilet construction in Baitadi, and donating food supplies to an old age home in Kanchanpur.
The bank also provided scholarships, refreshments, and artificial limbs, partnering with Rotary Clubs for school infrastructure projects.
These activities reflect the bank’s dedication to inclusive and sustainable community development. With over 100 branches, 49 ATMs, and 800,000+ customers, Mahalaxmi Bikas Bank continues to lead in financial services, digital innovation, and social impact across Nepal.",-0.30057409405708313
2025-07-01,Mahalaxmi Bikas Bank Pioneers Nepal’s First Virtual Credit Card Among Development Banks,https://www.sharesansar.com/newsdetail/mahalaxmi-bikas-bank-pioneers-nepals-first-virtual-credit-card-among-development-banks-2025-07-01,"Fonepay, Nepal’s leading digital payment network, in collaboration with Mahalaxmi Bikas Bank, has introduced the Mahalaxmi Fonepay Credit Card — the first of its kind by any development bank in the country.
Entirely virtual and accessible via the bank’s mobile app “Mahalaxmi Smart Sathi,” this credit card enables customers to make QR-based payments at Fonepay-enabled merchants nationwide. Users will enjoy traditional credit card benefits, including a 45-day interest-free period and flexible repayments, without the need for a physical card.
To mark the launch, users can avail up to 50% cashback (maximum Rs. 500) on their transactions for a limited time.
This initiative reflects a significant move toward redefining digital credit access and underscores the growing shift toward inclusive, tech-driven financial services in Nepal.",-0.16825878620147705
2025-07-01,Mahalaxmi Bikas Bank Launches Fully Digital Virtual Credit Card,https://www.sharesansar.com/newsdetail/mahalaxmi-bikas-bank-launches-fully-digital-virtual-credit-card-2025-07-01,"Mahalaxmi Bikas Bank, in partnership with Fonepay, has launched a fully digital virtual credit card service through its mobile banking app “Mahalaxmi Smart Sathi.” Customers can now make secure and convenient payments via Fonepay QR merchants and online shopping without the need for a physical card.
The virtual card offers similar features as a physical credit card, including a 45-day interest-free period and flexible installment options. To encourage usage, the bank is offering up to Rs. 500 cashback for users of the virtual card.
With this launch, Mahalaxmi Bikas Bank becomes the first development bank in Nepal to introduce such a service, further strengthening its position in digital innovation.",-0.512493371963501
2025-06-16,Mahalaxmi Bikas Bank Celebrates 31st Anniversary with Employee Honors and Toastmasters Launch,https://www.sharesansar.com/newsdetail/mahalaxmi-bikas-bank-celebrates-31st-anniversary-with-employee-honors-and-toastmasters-launch-2025-06-16,"On the occasion of its 31st anniversary, Mahalaxmi Bikas Bank honored 26 employees who have dedicated 20 years of service with honesty, professionalism, and responsibility. The recognition ceremony took place in Kathmandu, attended by the bank’s Chairman, Board of Directors, CEO, and staff members from various branches.
The bank acknowledged the vital contributions of these employees to its growth and stability, expressing confidence that their experience and guidance will continue to benefit the institution.
The event also marked the official launch of the Mahalaxmi Toastmasters Club, the first such initiative among development banks in Nepal. This club, affiliated with Toastmasters International, aims to enhance employees' leadership, communication, and public speaking skills.
In Jestha, the bank successfully conducted a series of programs to commemorate the anniversary, reaffirming its commitment to offering more advanced, secure, and user-friendly banking services.",-0.6807206869125366
2025-06-11,Prime Commercial Bank Wins Mahalaxmi Corporate Cricket League 2025 – Season 4,https://www.sharesansar.com/newsdetail/prime-commercial-bank-wins-mahalaxmi-corporate-cricket-league-2025-season-4-2025-06-11,"Mahalaxmi Bikas Bank Limited successfully concluded the 4th edition of the Mahalaxmi Corporate Cricket League 2025, organized on the occasion of its 31st anniversary. Held in Kathmandu from Jestha 21 to 24, 2082 (June 4–7, 2025), the tournament featured 24 teams from various banks, financial institutions, insurance companies, merchant banks, and microfinance institutions.
Prime Commercial Bank Limited clinched the championship title, while Nabil Bank Limited secured second place. The award distribution ceremony was held on Jestha 26, 2082 (June 9, 2025), where Deputy Governor of Nepal Rastra Bank, Mr. Bam Bahadur Mishra, and MLBL Chairperson Mr. Rajesh Upadhyay jointly handed over the winner’s trophy.
Individual awards were presented to:
i. Best Fielder: Amrit Chaulagain (Nabil Bank)
ii. Best Wicketkeeper: Bijay Para Limbu (Nabil Bank)
iii. Best Bowler: Anil Bartola (NMB Bank)
iv. Best Batsman & Player of the Tournament: Suraj Timilsina (ICFC Finance)
Mahalaxmi Bikas Bank expressed heartfelt gratitude to all sponsors, participating teams, and individuals who contributed to the successful execution of the tournament.",-0.2745794355869293
2025-05-30,"Mahalaxmi Bikas Bank Marks 31st Anniversary with Nationwide Programs Honoring Women Entrepreneurs, Health Initiatives, and Cultural Events",https://www.sharesansar.com/newsdetail/mahalaxmi-bikas-bank-marks-31st-anniversary-with-nationwide-programs-honoring-women-entrepreneurs-health-initiatives-and-cultural-events-2025-05-30,"Mahalaxmi Bikas Bank celebrated its 31st anniversary with a week-long series of programs from Jestha 4 to Jestha 10, 2082. As part of the celebration, the bank honored women entrepreneurs across its branches nationwide to promote financial inclusion, economic growth, social progress, and gender equality. Additionally, on Jestha 6, the bank organized a large-scale blood donation drive across 10 major branches and the central office, collecting 320 pints of blood to support healthcare needs.
On Jestha 7, staff at the central, regional, and branch offices showcased cultural diversity by wearing traditional attire, alongside hosting free health and eye camps at the central office. A financial literacy morning rally was also conducted with participation from employees, promoting banking services such as mobile banking, smart QR, deposits, loans, and remittances. The highlight of the anniversary is the fourth edition of the Mahalaxmi Corporate Cricket League 2025, to be held from Jestha 21 to 24, with participation from 24 teams.",0.5136303901672363
2025-05-25,Mahalaxmi Bikas Bank Joins NEPALPAY Card Scheme to Boost Domestic Card Services,https://www.sharesansar.com/newsdetail/mahalaxmi-bikas-bank-joins-nepalpay-card-scheme-to-boost-domestic-card-services-2025-05-25,"Mahalaxmi Bikas Bank Limited has signed an agreement with Nepal Clearing House Limited (NCHL) to become a principal member of the National Card Switch and Domestic Card Scheme (NEPALPAY Card). The partnership will enable the bank to issue and acquire NEPALPAY Cards following the commercial rollout.
This initiative is part of Nepal’s effort to develop a central infrastructure for domestic card transactions, reduce reliance on international card systems, promote data localization, and enhance digital innovation. NCHL supports over 54 BFIs, multiple PSPs, PSOs, and technical members. Mahalaxmi Bikas Bank operates 103 branches and 49 ATMs nationwide.",-0.7213946580886841
2025-05-09,Mahalaxmi Bikas Bank Introduces Nepal’s First Inter-Bank Scan2Cash Service and Cross-Border QR Payment for Tourists,https://www.sharesansar.com/newsdetail/mahalaxmi-bikas-bank-introduces-nepals-first-inter-bank-scan2cash-service-and-cross-border-qr-payment-for-tourists-2025-05-09,"Mahalaxmi Bikas Bank Limited (MLBL) has launched Nepal’s first inter-bank Scan2Cash service in collaboration with Fonepay, allowing customers to withdraw cash by scanning a QR code at teller counters using any bank's mobile banking app. Initially available at the bank’s Durbarmarg and Thapathali branches, the service will be expanded nationwide.
This innovation aims to reduce dependency on cheques and ATM cards. Additionally, the bank has enabled cross-border QR payments through the Alipay+ network, allowing tourists from China, Singapore, South Korea, and other countries to make payments in Nepal using their home country's digital wallets via NEPALPAY QR. To further strengthen its digital services, the bank has also launched an upgraded mobile application named “Mahalaxmi Smart Sathi.”",-0.37159571051597595
2025-04-28,Insightful Evaluation: Q3 2081/82 Performance Analysis of B-Class Development Banks Unveiled,https://www.sharesansar.com/newsdetail/insightful-evaluation-q3-208182-performance-analysis-of-b-class-development-banks-unveiled-2025-04-28,"The third-quarter reports for the fiscal year 2081/82 have been publicly disclosed by 15 out of 16 development banks. These reports provide a comprehensive overview of their financial health. Karnali Development Bank Limited has not published its report as Nepal Rastra Bank (NRB) has declared it a ""problematic institution"" and placed its management under direct NRB control. Share trading of Karnali Development Bank has also been suspended.
This analysis aims to meticulously evaluate the financial performance of Nepal's development banks, categorized as ""B"" class financial institutions, using the unaudited third-quarter reports for the 2081/82 fiscal year.
The Nepal Stock Exchange (NEPSE) currently lists 16 development banks, divided into National-level and Regional-level entities. Our focus is on assessing the performance of these ""B"" class financial institutions, drawing insights from the recently released quarter-end reports.
Net profit:
As per the quarterly report, Garima Bikas Bank (GBBL) has reported the highest net profit for the period, amounting to Rs. 73.35 Crores. Muktinath Bikas Bank Limited (MNBBL) comes in second place in terms of profit, which amounts to Rs. 72.49 Crores.
The third position is secured by Shine Resunga Development Bank (SHINE) with a net profit of Rs. 51.40 Crores. In terms of growth in net profit, Jyoti Bikas Bank (JBBL) achieved the highest growth margin of 101.15% for Q3 of FY 81/82.
At the regional level, Corporate Development Bank (CORBL) reported the highest growth in net profit at 103.90% for Q3 of FY 81/82.
Paid-up capital:
Muktinath Bikas Bank Limited (MNBBL) has the highest paid-up capital amounting to Rs. 7.05 Arba among all the development banks, with Garima Bikas Bank Limited (GBBL) holding the second-highest paid-up capital at Rs. 5.68 Arba.
On the other hand, Narayani Development Bank Limited (NABBC) has the lowest paid-up capital of Rs. 26.25 Crores.
Reserve and surplus:
Muktinath Bikas Bank Limited (MNBBL) reported the highest reserve and surplus, totaling Rs. 4.10 Arba. Following MNBBL is Garima Bikas Bank Limited (JBBL) with a reserve of Rs. 3.03 Arba. Lumbini Bikas Bank Limited (LBBL) holds the third position with a reserve of 2.9 Arba.
Meanwhile, Narayani Development Bank Limited (NABBC), Sindhu Bikas Bank (SINDU), and Saptakoshi Development Bank (SAPDBL) have reported negative reserves and surplus.
Deposits from Customers:
Among B-class institutions, Muktinath Bikas Bank Limited (MNBBL) leads with a total deposit of Rs. 1.13 Kharba, followed by Garima Bikas Bank Limited (GBBL) with a deposit of Rs. 85.79 Arba. The overall development banks have collected a total deposit of Rs. 5.95 Kharba.
Loans and Advances to Customers:
As of Q3 2081/82, total loans and advances of development banks reached Rs. 4.77 Kharba, with an average loan of Rs. 31.83 Arba. Muktinath Bikas Bank Limited (MNBBL) disbursed the highest loan amount, totaling Rs. 96.03 Arba, followed by Garima Bikas Bank Limited (GBBL) with Rs. 69.05 Arba. Shine Resunga Development Limited (SHINE) disbursed Rs. 54.73 Arba, ranking third.
Net interest income:
In terms of Net Interest Income, Muktinath Bikas Bank Limited (MNBBL) leads with Rs. 3.28 Arba, followed by Garima Bikas Bank Limited (GBBL) with Rs. 2.66 Arba, and Shine Resunga Development Bank Limited (SHINE) with Rs. 1.93 Arba. Out of the 15 banks, 8 reported above-industry-average net interest income.
Provisions for the period (Impairment/Reversal):
Banks have set aside funds as loan loss provisions and delayed loan repayments for several borrowers.
Total impairment charges amount to Rs. 5.07 Arba for loans and other losses. Among National Level banks, Muktinath Bikas Bank Limited (MNBBL) shows the highest impairment charge at Rs. 123.38 Crores, with Lumbini Bikas Bank Limited (LBBL) also holding high provisions at Rs. 94.89 Crores.
At the regional level, Narayani Development Bank Limited (NABBC) and Sindhu Bikas Bank (SINDU) reported a reversal in impairment charges.
Annualized Earnings per share:
Garima Bikas Bank Limited (GBBL) topped the annualized EPS list at Rs. 17.22 per share, followed by Sindhu Bikas Bank Limited (SINDU) with Rs. 18.76 per share.
Net worth per share:
The highest net worth per share is reported by Lumbini Bikas Bank Limited (LBBL) at Rs. 180.24 per share, followed by Mahalaxmi Bikas Bank Limited (MLBL) with Rs. 163.86 per share and Kamana Sewa Bikas Bank Limited (KSBBL) at Rs. 163.22 per share. The average net worth per share of the 15 banks is Rs. 133.69.
P/E Ratio:
The P/E ratio indicates how much investors are paying for each rupee of the firm’s earnings. Garima Bikas Bank Limited (GBBL) has the lowest P/E ratio at 22.99 times, whereas Corporate Development Bank Limited reports the highest P/E ratio at 422.72 times.
Non-Performing Loans:
Non-performing loans indicate credit risk for banks. Miteri Development Bank Limited (MDB) has the lowest NPL ratio at 0.78%, while Narayani Development Bank Limited (NABBC) has the highest at 44.96%.
Capital Adequacy Ratio (CAR):
Miteri Development Bank Limited (MDB) reported the highest CAR at 34.19% while Narayani Development Bank Limited (NABBC) reported the negative CAR at 1.14%.
Others:
Cost of Funds, CD Ratio, Base Rates, and Interest Spread:
Cost of Funds:
Corporate Development Bank Limited (CORBL) has the highest Cost of Funds at 7.04%, while Excel Development Bank Limited (EDBL) has the lowest at 4.21%.
CD Ratio:
The Credit-Deposit Ratio shows how much deposit money has been used as loans. Garima Bikas Bank Limited (LBBL) reports the highest CD ratio of 87.95%, and Corporate Development Bank Limited (CORBL) has the lowest at 69.29%.
Base Rate and Interest Spread:
The base rate, the minimum interest rate banks charge, is highest at Narayani Development Bank Limited (NABBC) with 15.51% and lowest at Excel Development Bank Limited (EDBL) with 6.92%. Meanwhile, Miteri Development Bank Limited (MDB) reports the highest interest spread rate of 4.60%, and Jyoti Bikas Bank Limited (JBBL) has the lowest at 4.01%.
The table below provides a complete picture of the major indicators of development banks as of the third quarter of FY 2081-82.",0.5502568483352661
2025-04-11,Mahalaxmi Bikas Bank Offers Eco-Friendly Home Loan at 7.99% Interest for New Year 2082,https://www.sharesansar.com/newsdetail/mahalaxmi-bikas-bank-offers-eco-friendly-home-loan-at-799-interest-for-new-year-2082-2025-04-11,"On the occasion of the New Year 2082, Mahalaxmi Bikas Bank has announced a special home loan offer with a competitive single-digit interest rate of 7.99%. This loan targets home purchase, construction, reconstruction, or apartment buying, with a focus on eco-friendly and sustainable practices.
The bank aims to promote environmental conservation, sustainable development, and compliance with NRB guidelines. Recently, the bank received an international ""Customer-Centric Bank"" award from India's Business Connect magazine and launched its upgraded mobile app, ""Mahalaxmi Smart Sathi."" With 103 branches and around 800,000 customers, the bank continues to offer quality digital and financial services nationwide.",-0.06590542197227478
2025-04-04,Mahalaxmi Bikas Bank Wins International Award for Customer-Centric Digital Innovation,https://www.sharesansar.com/newsdetail/mahalaxmi-bikas-bank-wins-international-award-for-customer-centric-digital-innovation-2025-04-04,"Mahalaxmi Bikas Bank, known for offering advanced, secure, and user-friendly digital banking services, has been honored with an international
""Customer-Centric Bank Award""
by India's prestigious magazine Business Connect.
The recognition highlights the bank’s consistent commitment to customer satisfaction, innovation in digital services, and its focus on delivering secure and modern banking solutions. Business Connect magazine is renowned for showcasing innovative ideas and influential figures, and institutions in the business world.
The bank believes this award will further enhance its service system and help expand financial access to underserved populations in Nepal, while also strengthening its international presence.
In line with its commitment to modern banking, the bank has recently launched a refined mobile application named ""Mahalaxmi Smart Sathi"", aimed at providing seamless and secure digital banking experiences to its customers.",-0.8211202025413513
2025-03-28,Mahalaxmi Bikas Bank Introduces Gold Loan Service in Bhairahawa,https://www.sharesansar.com/newsdetail/mahalaxmi-bikas-bank-introduces-gold-loan-service-in-bhairahawa-2025-03-28,"Mahalaxmi Bikas Bank Limited (MLBL) has launched a gold loan service at its Bhairahawa branch, aiming to provide customers with quick, reliable, and low-interest financial support.
The service ensures a fast approval process and secure financial management, helping customers meet emergency financial needs.
The bank remains committed to introducing innovative financial services and enhancing customer convenience.
Additionally, it has upgraded its mobile banking app, ""Mahalaxmi Smart Sathi,"" to offer secure and modern digital banking solutions.",-0.6031256318092346
2025-03-27,Bonus Shares of Mountain Energy Nepal and Mahalaxmi Bikas Bank Listed in NEPSE,https://www.sharesansar.com/newsdetail/bonus-shares-of-mountain-energy-nepal-and-mahalaxmi-bikas-bank-listed-in-nepse-2025-03-27,"33,94,846.58 unit bonus shares of
Mountain Energy Nepal Limited (MEN)
have been listed in NEPSE.
The company convened its 11th AGM on 28th Poush, 2081 and endorsed a 15.7895% dividend for the fiscal year 2080/81. The 117th meeting of the board of directors held on Mangsir 17 proposed a 15.7895% dividend for the fiscal year 2080/81. 15% bonus shares and 0.7895% cash dividends (for tax purposes) were proposed. The same bonus shares are now listed in NEPSE.
As of writing, MEN has an LTP of Rs. 582.95.
Similarly, 12,51,395.58 unit bonus shares of
Mahalaxmi Bikas Bank Ltd. (MLBL)
have been listed in NEPSE.
The company convened its 23rd AGM on 29th Poush, 2081, and endorsed a 7% dividend for the fiscal year 2080/81. The 610th meeting of the board of directors held on Poush 01 proposed a 7% dividend for the fiscal year 2080/81. 3% bonus shares worth Rs. 12.51 Crores and 4% cash dividends (for tax purposes) worth Rs. 16.68 Crores were proposed. The same bonus shares are now listed in NEPSE.
As of writing, MLBL has an LTP of Rs. 405.76.",0.9024043083190918
2025-03-25,Mahalaxmi Bikas Bank Conducts Nationwide Financial Literacy Campaign for Global Money Week 2025,https://www.sharesansar.com/newsdetail/mahalaxmi-bikas-bank-conducts-nationwide-financial-literacy-campaign-for-global-money-week-2025-2025-03-25,"Mahalaxmi Bikas Bank Ltd. organized a week-long financial literacy campaign from Chaitra 4 to March 10, 2025, as part of Global Money Week 2025. The bank conducted financial literacy programs, rallies, and awareness activities across all seven provinces to reach underserved communities.
Programs focused on savings, loans, investments, digital financial services, remittance, financial fraud, insurance, and financial discipline, benefiting over 1,200 participants. The bank also posted awareness content and videos on its social media channels. Additionally, the bank launched the ""Mahalaxmi Smart Partner"" mobile app to provide advanced, secure, and user-friendly digital banking services.",0.49696728587150574
2025-03-24,Mahalaxmi Bikas Bank Announces Winners of 'Nepal Dashain Campaign 2024',https://www.sharesansar.com/newsdetail/mahalaxmi-bikas-bank-announces-winners-of-nepal-dashain-campaign-2024-2025-03-24,"Mahalaxmi Bikas Bank Limited (MLBL) has announced the winners of its ""Nepal Dashain Campaign 2024"", aimed at promoting digital banking and payments. The campaign encouraged transactions through the Mahalaxmi Visa Card during the festive season.
The winners, Narayan Karki and Santosh Dhwaj Karki, have won a special trip to either Maldives or Colombo, Sri Lanka.
The campaign saw significant participation from customers across Nepal, fostering greater adoption of digital payment methods.
Expressing gratitude, MLBL congratulated the winners and reaffirmed its commitment to enhancing secure and user-friendly digital banking services. In line with this, the bank has recently upgraded its mobile application, launching ""Mahalaxmi Smart Sathi"" for an improved banking experience.",-0.8511666059494019
2025-03-17,Mahalaxmi Bikas Bank Launches Digital Calendar 2082 to Promote Nepali Culture and Modern Banking,https://www.sharesansar.com/newsdetail/mahalaxmi-bikas-bank-launches-digital-calendar-2082-to-promote-nepali-culture-and-modern-banking-2025-03-17,"Mahalaxmi Bikas Bank Limited (MLBL)
has launched the digital version of its ""Mahalaxmi Calendar 2082"" during an event at the bank's central office in Durbarmarg. The calendar, traditionally printed, has been digitized to integrate modern technology, featuring important dates, festivals, public holidays, and various Nepali and English calendar systems.
This new digital version is designed to be more user-friendly and accessible while also promoting and preserving Nepali culture. The calendar can be accessed and downloaded from the bank's official website. Additionally, the bank has launched the ""Mahalaxmi Smart Partner"" mobile app to offer advanced and secure digital banking services.",0.48346567153930664
2025-03-03,Mahalaxmi Bikas Bank Organizes Walkathon for Sustainable Banking and Heritage Conservation,https://www.sharesansar.com/newsdetail/mahalaxmi-bikas-bank-organizes-walkathon-for-sustainable-banking-and-heritage-conservation-2025-03-03,"Mahalaxmi Bikas Bank Limited (MLBL) reaffirmed its commitment to sustainable banking by organizing a two-day annual program and a heritage conservation walkathon on Falgun 15-16, 2081. Held in Budhanilkantha Municipality Ward No. 1 and around the Budhanilkantha Temple, the event aimed to promote environmental responsibility and cultural heritage preservation.
Bank officials, employees, and stakeholders actively participated in the walkathon, emphasizing the importance of sustainable financial practices. The initiative also highlighted the necessity of green banking and sustainable financial strategies. With 103 branches serving 800,000 customers, MLBL continues to integrate environmental and cultural sustainability into its banking operations.",-0.5685667991638184
2025-02-10,"Mahalaxmi Bikas Bank Launches ""Mahalaxmi Call Center"" to Enhance Customer Service",https://www.sharesansar.com/newsdetail/mahalaxmi-bikas-bank-launches-mahalaxmi-call-center-to-enhance-customer-service-2025-02-10,"Mahalaxmi Bikas Bank has launched the ""Mahalaxmi Call Center"" to provide advanced, secure, and convenient banking services in line with its policy.
This service expansion aims to offer customer assistance, address inquiries and complaints, provide financial information, resolve digital banking issues, and maintain records of complaints for resolution.
Customers can directly contact the center at 01-5970973 or via email at helpdesk@mahalaxmibank.com.np. This initiative is expected to improve issue management and enhance the overall customer service experience.
Additionally, the bank has upgraded its mobile application, launching the ""Mahalaxmi Smart Partner"" to offer a more secure and user-friendly digital banking experience.",-0.43251335620880127
2025-02-04,Garima and Mahalaxmi Bikas Banks Introduce 3D Secure ACS for Safer E-Commerce Transactions,https://www.sharesansar.com/newsdetail/garima-and-mahalaxmi-bikas-banks-introduce-3d-secure-acs-for-safer-e-commerce-transactions-2025-02-04,"Garima Bikas Bank and Mahalaxmi Bikas Bank have integrated with Nepal Clearing House Limited (NCHL) under its EFT Services to introduce the 3D Secure ACS service for secure online transactions. This feature enhances authentication and fraud protection for cardholders, who must activate it on their bank-issued cards.
NCHL provides various card-related services to multiple banks and is expanding its system for interoperable transactions. Alongside Garima and Mahalaxmi Bikas Banks, other major banks such as Citizens Bank, Global IME Bank, and Siddhartha Bank also use NCHL’s EFT Services.
Garima Bikas Bank has over 175,000 cardholders and 50 ATMs, while Mahalaxmi Bikas Bank serves more than 135,000 cardholders with 49 ATMs across Nepal.",0.5936267375946045
2025-02-03,Mahalaxmi Bikas Bank Partners with Dolma Consultancy for Loan Recovery,https://www.sharesansar.com/newsdetail/mahalaxmi-bikas-bank-partners-with-dolma-consultancy-for-loan-recovery-2025-02-03,"Mahalaxmi Bikas Bank Limited (MLBL) has signed an agreement with Dolma Consultancy Pvt. Ltd. to enhance its loan recovery efforts.
The partnership, formalized at the bank's central office, provides access to legal consultations, training, and specialized international software for loan recovery.
Dolma Consultancy, with experience in collaborating with national and international banks, will help strengthen MLBL’s loan recovery system and improve bad debt management.
Additionally, the bank has launched an updated mobile application, ""Mahalaxmi Smart Sathi,"" aimed at offering a more secure and convenient digital banking experience for its customers.",-0.808519184589386
2025-01-26,"Comparative Analysis of Development Banks in Q2 FY 2081/82: Profits, Capital, and Ratios Unveiled",https://www.sharesansar.com/newsdetail/comparative-analysis-of-development-banks-in-q2-fy-208182-profits-capital-and-ratios-unveiled-2025-01-26,"The second-quarter reports for the fiscal year 2081/82 have been publicly disclosed by 15 out of 16 development banks. These reports provide a comprehensive overview of their financial health. Karnali Development Bank Limited has not published its report as Nepal Rastra Bank (NRB) has declared it a ""problematic institution"" and placed its management under direct NRB control. Share trading of Karnali Development Bank has also been suspended.
This analysis aims to meticulously evaluate the financial performance of Nepal's development banks, categorized as ""B"" class financial institutions, using the unaudited second-quarter reports for the 2081/82 fiscal year.
The Nepal Stock Exchange (NEPSE) currently lists 16 development banks, divided into National-level and Regional-level entities. Our focus is on assessing the performance of these ""B"" class financial institutions, drawing insights from the recently released quarter-end reports.
Net profit:
As per the quarterly report, Garima Bikas Bank (GBBL) has reported the highest net profit for the period, amounting to Rs. 54.93 Crores. Muktinath Bikas Bank Limited (MNBBL) comes in second place in terms of profit, which amounts to Rs. 50.31 Crores.
The third position is secured by Shine Resunga Development Bank (SHINE) with a net profit of Rs. 33.09 Crores. In terms of growth in net profit, Jyoti Bikas Bank (JBBL) achieved the highest growth margin of 147.58% for Q2 of FY 81/82.
At the regional level, Sindhu Bikas Bank (SINDU) reported the highest growth in net profit at 93.56% for Q2 of FY 81/82.
Paid-up capital:
Muktinath Bikas Bank Limited (MNBBL) has the highest paid-up capital amounting to Rs. 7.05 Arba among all the development banks, with Garima Bikas Bank Limited (GBBL) holding the second-highest paid-up capital at Rs. 5.68 Arba.
On the other hand, Narayani Development Bank Limited (NABBC) has the lowest paid-up capital of Rs. 26.25 Crores.
Reserve and surplus:
Muktinath Bikas Bank Limited (MNBBL) reported the highest reserve and surplus, totaling Rs. 3.89 Arba. Following MNBBL is Jyoti Bikas Bank Limited (JBBL) with a reserve of Rs. 3.05 Arba. Lumbini Bikas Bank Limited (LBBL) holds the third position with a reserve of 2.94 Arba.
Meanwhile, Narayani Development Bank Limited (NABBC), Sindhu Bikas Bank (SINDU), and Saptakoshi Development Bank (SAPDBL) have reported negative reserves and surplus.
Deposits from Customers:
Among B-class institutions, Muktinath Bikas Bank Limited (MNBBL) leads with a total deposit of Rs. 1.12 Kharba, followed by Garima Bikas Bank Limited (GBBL) with a deposit of Rs. 87.33 Arba. The overall development banks have collected a total deposit of Rs. 5.99 Kharba.
Loans and Advances to Customers:
As of Q2 2081/82, total loans and advances of development banks reached Rs. 4.75 Kharba, with an average loan of Rs. 31.70 Arba. Muktinath Bikas Bank Limited (MNBBL) disbursed the highest loan amount, totaling Rs. 95.64 Arba, followed by Garima Bikas Bank Limited (GBBL) with Rs. 67.66 Arba. Shine Resunga Development Limited (SHINE) disbursed Rs. 54.84 Arba, ranking third.
Net interest income:
In terms of Net Interest Income, Muktinath Bikas Bank Limited (MNBBL) leads with Rs. 2.91 Arba, followed by Garima Bikas Bank Limited (GBBL) with Rs. 1.84 Arba, and Shine Resunga Development Bank Limited (SHINE) with Rs. 1.29 Arba. Out of the 15 banks, 8 reported above-industry-average net interest income.
Provisions for the period (Impairment/Reversal):
Banks have set aside funds as loan loss provisions and delayed loan repayments for several borrowers.
Total impairment charges amount to Rs. 3.36 Arba for loans and other losses. Among National Level banks, Muktinath Bikas Bank Limited (MNBBL) shows the highest impairment charge at Rs. 82.72 Crores, with Shine Resunga Development Bank Limited (SHINE) also holding high provisions at Rs. 49.67 Crores.
At the regional level, Narayani Development Bank Limited (NABBC), Corporate Development Bank Limited (CORBL), and Sindhu Bikas Bank (SINDU) reported a reversal in impairment charges.
Annualized Earnings per share:
Garima Bikas Bank Limited (GBBL) topped the annualized EPS list at Rs. 19.34 per share, followed by Kamana Sewa Bank Limited (KSBBL) with Rs. 18.37 per share.
Net worth per share:
The highest net worth per share is reported by Lumbini Bikas Bank Limited (LBBL) at Rs. 181.39 per share, followed by Mahalaxmi Bikas Bank Limited (MLBL) with Rs. 165.35 per share and Excel Development Bank Limited (EDBL) at Rs. 157.84 per share. The average net worth per share of the 15 banks is Rs. 132.15.
P/E Ratio:
The P/E ratio indicates how much investors are paying for each rupee of the firm’s earnings. Garima Bikas Bank Limited (GBBL) has the lowest P/E ratio at 20.12 times, whereas Corporate Development Bank Limited reports the highest P/E ratio at 407.7 times.
Non-Performing Loans:
Non-performing loans indicate credit risk for banks. Miteri Development Bank Limited (MDB) has the lowest NPL ratio at 1.74%, while Narayani Development Bank Limited (NABBC) has the highest at 43.69%.
Capital Adequacy Ratio (CAR):
Miteri Development Bank Limited (MDB) reported the highest CAR at 35.21%, while Narayani Development Bank Limited (NABBC) reported the lowest at 1.19%.
Others:
Cost of Funds, CD Ratio, Base Rates, and Interest Spread:
Cost of Funds:
Corporate Development Bank Limited (CORBL) has the highest Cost of Funds at 7.17%, while Excel Development Bank Limited (EDBL) has the lowest at 4.54%.
CD Ratio:
The Credit-Deposit Ratio shows how much deposit money has been used as loans. Lumbini Bikas Bank Limited (LBBL) reports the highest CD ratio of 88.64%, and Miteri Development Bank Limited (MDB) has the lowest at 62.68%.
Base Rate and Interest Spread:
The base rate, the minimum interest rate banks charge, is highest at Narayani Development Bank Limited (NABBC) with 15.91% and lowest at Excel Development Bank Limited (EDBL) with 7.21%. The average interest spread among development banks remains consistent at around 4.59%.
The table below provides a complete picture of the major indicators of development banks as of the second quarter of FY 2081-82.",0.5541077852249146
2025-01-24,"Mahalaxmi Bikas Bank Concludes ""Mahalaxmi Bikas Bank Photography Competition - Version 2"" on World Photography Day",https://www.sharesansar.com/newsdetail/mahalaxmi-bikas-bank-concludes-mahalaxmi-bikas-bank-photography-competition-version-2-on-world-photography-day-2025-01-24,"Mahalaxmi Bikas Bank successfully held the award ceremony for the ""Mahalaxmi Bikas Bank Photography Competition - Version 2"" on World Photography Day, August 19.
The event, held at Durbarmarg, Kathmandu, recognized winners in various categories, including First, Second, and Third Place, and the Public Choice Award.
Subash Shrestha won First Place, receiving NPR 20,000, followed by Shaurav Bajracharya in Second and Paras Raj Bajracharya in Third.
Ghanshyam Shrestha won the Public Choice Award, receiving NPR 5,000. The competition focused on capturing photos of local small and medium businesses, promoting entrepreneurship and local art.
The bank also highlighted its commitment to supporting local businesses and digital innovation, with the recent launch of the ""Mahalaxmi Smart Sathi"" mobile app.",-0.08251878619194031
2025-01-21,Mahalaxmi Bikas Bank Enhances Corporate Social Responsibility Programs and Launches New Digital Banking Features,https://www.sharesansar.com/newsdetail/mahalaxmi-bikas-bank-enhances-corporate-social-responsibility-programs-and-launches-new-digital-banking-features-2025-01-21,"Mahalaxmi Bikas Bank has carried out various corporate social responsibility (CSR) initiatives in areas like financial literacy, education, health, disaster management, environmental protection, cultural promotion, infrastructure, sustainable development, and charity.
Recently, the bank's Palung branch distributed 55 polar jackets to underprivileged students at Shree Kalidevi Primary School in Makawanpur to help them cope with winter health issues that were affecting their studies.
Additionally, in partnership with the Sarvodaya Project, the bank supported a program called ""Sensation Unseen: Unseen Pearls,"" which promotes inclusion and diversity by showcasing the talents of visually impaired artists.
The bank believes these efforts contribute to building an inclusive society and fostering economic and social development. Furthermore, the bank has launched ""Mahalaxmi Smart Saathi,"" a refined mobile application that provides modern, secure, and convenient digital banking services.",-0.419077068567276
2025-01-17,Mahalaxmi Bikas Bank Introduces Child Savings Recurring Deposit Account,https://www.sharesansar.com/newsdetail/mahalaxmi-bikas-bank-introduces-child-savings-recurring-deposit-account-2025-01-17,"Mahalaxmi Bikas Bank has introduced the Mahalaxmi Child Savings Recurring Deposit Account, designed to help parents secure their children's future by saving a fixed monthly or quarterly for 1 to 10 years. This account offers interest equivalent to a one-year personal term deposit, with a lump sum payable at maturity.
It is easy to start with a minimal deposit, making it accessible to a wider audience. Additionally, the bank has enhanced its digital banking services by launching the Mahalaxmi Smart Saathi mobile application, ensuring modern, safe, and convenient banking for its customers.",-0.11379989981651306
2025-01-15,Mahalaxmi Bikas Bank Concludes 23rd Annual General Meeting,https://www.sharesansar.com/newsdetail/mahalaxmi-bikas-bank-concludes-23rd-annual-general-meeting-2025-01-15,"Mahalaxmi Bikas Bank Limited held its 23rd AGM in Kathmandu, chaired by Rajesh Upadhyay, approving financial statements for FY 2080/81 and a 7% dividend, comprising a 4% cash dividend and a 3% bonus share based on its paid-up capital.
The bank reported a 33% increase in net profit to Rs. 50.03 crore, with EPS of Rs. 12, a capital adequacy ratio of 14.93%, and an ROE of 7.42%.
Emphasizing shareholder value, the bank is committed to improving customer satisfaction and delivering efficient, specialized financial services for sustainable growth.",-0.8428481817245483
2025-01-09,Mahalaxmi Bikas Bank Supports Autism Learning Center with Equipment Donation,https://www.sharesansar.com/newsdetail/mahalaxmi-bikas-bank-supports-autism-learning-center-with-equipment-donation-2025-01-09,"Mahalaxmi Bikas Bank, under its policy of promoting institutional social responsibility in various sectors such as education, healthcare, disaster management, environmental conservation, cultural promotion, infrastructure development, sustainable goals, human services, and philanthropy, has been conducting numerous programs.
As part of this initiative, the bank's Damak branch has provided a computer and printer to the Autism Learning Center operated by Saraswati Secondary School, Damak-09, Itabhatta, Jhapa. This support aims to make educational activities for students with autism more effective. In a program organized at the school, these materials were handed over to the school’s principal. Currently, 24 students with autism enrolled at the center are expected to benefit directly from this contribution. The bank believes such efforts will significantly contribute to overall educational and social development.
Additionally, in line with its policy of offering advanced, secure, and user-friendly digital banking services, the bank has recently upgraded its mobile application and launched “Mahalaxmi Smart Sathi.”",-0.15228185057640076
2025-01-01,Mahalaxmi Bikas Bank Prioritizes Social Responsibility with Education and Digital Innovations,https://www.sharesansar.com/newsdetail/mahalaxmi-bikas-bank-prioritizes-social-responsibility-with-education-and-digital-innovations-2025-01-01,"Mahalaxmi Bikas Bank has implemented various programs as part of its institutional social responsibility, focusing on education, health, disaster management, environmental protection, cultural promotion, infrastructure, and sustainable development. Notably, the bank has provided scholarships to financially disadvantaged students from government schools in 10 districts of Karnali Province.
These scholarships enable them to pursue diplomas in Plus Two and technical education in Kathmandu, in coordination with the State Tourism and Cultural Conservation Center. Additionally, the bank has upgraded its digital banking services with the launch of ""Mahalaxmi Smart Saathi,"" a modern and secure mobile application.",-0.3560427725315094
2024-12-29,Reminder! Last Trading Day to Secure Dividend of Seven Companies,https://www.sharesansar.com/newsdetail/reminder-last-trading-day-to-secure-dividend-of-seven-companies-2024-12-29,"Today is the last day to claim the proposed
Mahalaxmi Bikas Bank Limited (MLBL)
dividend. The company has also called its 23rd AGM on 29th Poush, 2081. The meeting will be held in Alice Receptions, Gairidhara, Kathmandu, starting at 10 am that day.
Among other agendas, the AGM will endorse a 7% dividend for the fiscal year 2080/81. The 610th meeting of the board of directors held on Poush 01 has proposed a 7% dividend for the fiscal year 2080/81. 3% bonus shares worth Rs. 12.51 Crores and 4% cash dividends (for tax purposes) worth Rs. 16.68 Crores have been proposed. The company's existing paid-up capital is Rs. 4.17 Arba.
Poush 16 is the book closure date. Thus, shareholders who have maintained their shares until today are entitled to the dividend payout and can attend the AGM.
Similarly, Today is the last day to claim the proposed
Jeevan Bikas Laghubitta Bittiya Sanstha Limited (JBLB)
dividend. The company has also called its 6th AGM on Poush 28, 2081. The meeting will be held in the company's head office located at Katahari, Morang, starting at 10:30 AM that day.
The 109th meeting of the board of directors held on Mangsir 7 decided to distribute the dividend on the paid-up capital of Rs. 1.34 Arba. 14% bonus shares and a 0.7368% cash dividend have been proposed. Thus, the bonus shares are worth Rs. 18.86 crores, and the cash dividend (including tax) is worth Rs. 99.29 lakhs.
Poush 16 is the book closure date. Thus, shareholders who have maintained their shares until today are entitled to the dividend payout and can attend the AGM.
Also, Today is the last day to claim the proposed
Aatmanirbhar Laghubitta Bittiya Sanstha Limited (ANLB)
dividend. The company has also called its 6th AGM on 29th Poush, 2081. The meeting will be held in the Hotel Mala Inn, Ghorahi-15, Dang, starting at 11:00 a.m. that day.
Among the other agendas, the AGM will endorse a 15% dividend worth Rs. 1.02 Crores for the fiscal year 2080/81. The board of directors meeting on Mangsir 24 decided to distribute the dividend on the paid-up capital of Rs. 6.85 Crores. 14.25% bonus shares worth Rs. 97.71 lakhs and 0.75% cash dividend (for tax purposes) worth Rs. 5.14 lakhs have been proposed.
Poush 16 is the book closure date. Thus, shareholders who have maintained their shares until today are entitled to the dividend payout and can attend the AGM.
Also, Today is the last day to claim the proposed
Agricultural Development Bank Limited (ADBL)
dividend. The company has also called its 18th AGM on 29th Poush, 2081. The meeting will be held in the Agriculture Development Bank Central Training Centre, Bhaktapur, starting at 11 am that day.
Among the other agendas, the AGM will endorse a 10.53% dividend for FY 2080/81. The meeting of the Board of Directors (BoD) decided to distribute a 10.53% dividend on the paid-up capital of Rs. 13.45 Arba. 3% bonus shares and 7.53% cash dividend (including tax) have been proposed.
Poush 16 is the book closure date. Thus, shareholders who have maintained their shares until today are entitled to the dividend payout and can attend the AGM.
Also, Today is the last day to claim the proposed
Chhimek Laghubitta Bittiya Sanstha Limited (CBBL)
dividend. The company has also called its 23rd AGM on 29th Poush, 2081. The meeting will be held in Hotel Samana, Hetauda, starting at 11:00 a.m. that day.
Among the other agendas, the AGM will endorse a 15% dividend for the fiscal year 2080/81. The 310th meeting of the board of directors held on Mangsir 19 decided to distribute the dividend on the paid-up capital of Rs. 2.97 Arba. 8% bonus shares worth Rs 23.81 crores and a 7% cash dividend (including tax) worth Rs 20.84 crore have been proposed.
Poush 16 is the book closure date. Thus, shareholders who have maintained their shares until today are entitled to the dividend payout and can attend the AGM.
Similarly, Today is the last day to claim the proposed
Miteri Development Bank Limited (MDB)
dividend. The company has also called its 19th AGM on 27th Poush, 2081. The meeting will be held in Sunsari Udhyog Banijya Sangh, Dharan-1, Sunsari, starting at 11 AM that day.
Among the other agendas, the AGM will endorse a 10.0083% dividend for FY 2080/81. The 248th meeting of the board of directors held on Mangsir 7 decided to distribute the dividend on the paid-up capital of Rs. 1.11 Arba. 9.5079% bonus shares worth Rs. 10.56 crores and 0.5004% cash dividend (tax purposes) worth Rs. 55.61 lakhs have been proposed.
Poush 16 is the book closure date. Thus, shareholders who have maintained their shares until today are entitled to the dividend payout and can attend the AGM.
Also, Today is the last day to claim the proposed
Chilime Hydropower Company Limited (CHCL)
dividend. The company has also called its 28th AGM on 28th Poush, 2081. The meeting will be held at Nepal Academy, Kamaladi, Kathmandu, starting at 11:00 AM that day.
The 438th board of directors meeting on Poush 01 has proposed a 12% dividend for the fiscal year 2080/81. 10% bonus shares worth Rs. 79.83 and 2% cash dividends (including tax) worth Rs. 15.96 Crores have been proposed. The company's existing paid-up capital is Rs. 7.98 Arba.
Poush 16 is the book closure date. Thus, shareholders who have maintained their shares until today are entitled to the dividend payout and can attend the AGM.",0.9215837121009827
2024-12-26,Mahalaxmi Bikas Bank's Ongoing Commitment to Corporate Social Responsibility and Community Welfare,https://www.sharesansar.com/newsdetail/mahalaxmi-bikas-banks-ongoing-commitment-to-corporate-social-responsibility-and-community-welfare-2024-12-26,"Mahalaxmi Bikas Bank has conducted various corporate social responsibility programs in areas such as education, health, disaster management, environmental protection, cultural promotion, and charity work. Notable initiatives include the ""Warm Project,"" where the bank, in collaboration with the Rotary Club of Thamel Kathmandu and the Rotaract Club of Thames International College, provided warm food, blankets, and clothes to the marginalized Musahar community in Sarlahi.
The bank also supported a campus cleaning initiative during the Shrimad Bhagwat Gyan Mahayagya and funded a blood donation event at Rajdevi Mata Temple. Additionally, the bank launched the ""Mahalaxmi Smart Saathi"" mobile app to offer modern, secure, and convenient digital banking services. These activities aim to contribute to overall economic and social development.",0.13736319541931152
2024-12-23,Book Closure Date Declared for 7% Dividend of Mahalaxmi Bikas Bank; AGM On Poush 29,https://www.sharesansar.com/newsdetail/book-closure-date-declared-for-7-dividend-of-mahalaxmi-bikas-bank-agm-on-poush-29-2024-12-23,"Mahalaxmi Bikas Bank Limited (MLBL)
has called its 23rd AGM on 29th Poush, 2081. The meeting will be held in Alice Receptions, Gairidhara, Kathmandu, starting at 10 am that day.
Among other agendas, the AGM will endorse a 7% dividend for the fiscal year 2080/81. The 610th meeting of the board of directors held on Poush 01 has proposed a 7% dividend for the fiscal year 2080/81. 3% bonus shares worth Rs. 12.51 Crores and 4% cash dividends (for tax purposes) worth Rs. 16.68 Crores have been proposed. The company's existing paid-up capital is Rs. 4.17 Arba.
Furthermore, an agenda is to endorse the auditor's report with PL statements, financial reports, and cash flow reports and appoint an auditor for the fiscal year 2081/82. There's also an agenda to increase the meeting allowances and other facilities of the board of directors.
Poush 16 is the book closure date. Thus, shareholders maintained before that day are entitled to the dividend payout and can attend this AGM.",0.8886057138442993
2024-12-16,Mahalaxmi Bikas Bank Proposes to Distribute 7% Dividend of FY 2080/81; How Much is Bonus and Cash Dividend?,https://www.sharesansar.com/newsdetail/mahalaxmi-bikas-bank-proposes-to-distribute-7-dividend-of-fy-208081-how-much-is-bonus-and-cash-dividend-2024-12-16,"Mahalaxmi Bikas Bank Limited (MLBL)
has proposed a 7% dividend for the fiscal year 2080/81.
The 610th meeting of the board of directors held on Poush 01 has proposed a 7% dividend for the fiscal year 2080/81. 3% bonus shares worth Rs. 12.51 Crores and 4% cash dividends (for tax purposes) worth Rs. 16.68 Crores have been proposed. The company's existing paid-up capital is Rs. 4.17 Arba.
The dividend will be distributed only after approval by the central bank and endorsement by the company's upcoming AGM.
As of writing, MLBL closed at Rs. 405.00.
Dividend History:",0.9150258898735046
2024-12-11,Mahalaxmi Bikas Bank Partners with Key Institutions to Offer Exclusive Benefits to Customers,https://www.sharesansar.com/newsdetail/mahalaxmi-bikas-bank-partners-with-key-institutions-to-offer-exclusive-benefits-to-customers-2024-12-11,"Mahalaxmi Bikas Bank Limited, celebrating 30 years of providing quality financial services, has entered into strategic partnerships with institutions in the health, hotel, and restaurant sectors to offer exclusive discounts to its customers. Users of the bank's debit or credit cards, as well as mobile banking services, can enjoy discounts at several partner institutions:
i. Skywalk Tower (Kamaladi, Kathmandu): 15% off on entrance fees
ii. Cherish Group Pvt. Ltd. (Bishal Nagar, Kathmandu): Up to 15% off on food and beverages
iii. Amaicha (Sanepa, Lalitpur): 10% off on clothing purchases
iv. Malala Unisex Salon Pvt. Ltd. (Bhaisepati, Lalitpur): 10% off on beauty services
This initiative aims to enhance customer experiences while promoting digital banking. The bank has also upgraded its mobile app and launched ""Mahalaxmi Smart Sathi"" to offer advanced, user-friendly banking services and support the growth of Nepal’s digital economy.",0.392823189496994
2024-12-04,Mahalaxmi Bikas Bank Marks International Day of Disabled Persons with CSR Initiative,https://www.sharesansar.com/newsdetail/mahalaxmi-bikas-bank-marks-international-day-of-disabled-persons-with-csr-initiative-2024-12-04,"Mahalaxmi Bikas Bank celebrated the 33rd International Day of Disabled Persons on December 3, 2024, by completing a corporate social responsibility (CSR) initiative. The bank's Durbarmarg branch was developed to be more accessible for people with disabilities, with a dedicated contact person assigned to assist them.
Adopting the UN and Nepal government's slogan, ""Infrastructure for an inclusive and sustainable future,"" the bank, in collaboration with Disability Protection Nepal, distributed items like white sticks to support individuals with disabilities. The bank also launched the ""Mahalaxmi Smart Saathi"" mobile app to offer modern, secure, and convenient digital banking services to all customers.",-0.25011131167411804
2024-12-01,Mahalaxmi Bikas Bank Limited Strengthens Commitment to Corporate Social Responsibility,https://www.sharesansar.com/newsdetail/mahalaxmi-bikas-bank-limited-strengthens-commitment-to-corporate-social-responsibility-2024-12-01,"Mahalaxmi Bikas Bank Limited has conducted various programs focusing on education, health, disaster management, environmental protection, cultural promotion, infrastructure, and charity work, aligning with its social responsibility policy. As part of its initiatives, the bank will collaborate with Round Table Nepal to recycle disposable papers from its offices. The proceeds will support educational development for underprivileged students.
The bank also distributed 50 dustbins in Tinkune, Kathmandu, for waste management, promoting cleanliness and greenery. Additionally, it supported the ""Patan Heritage Runway"" event with the Lalitpur Gems and Jewelry Association and Rotary Club of Patan Heritage and provided financial aid to Shree Shiv Mandir in Rupandehi for office equipment. The bank’s CSR efforts aim to contribute to social and economic development. It has also launched ""Mahalakshmi Smart Saathi,"" a refined mobile app for modern, secure digital banking services.",-0.16107290983200073
2024-11-21,Mahalaxmi Bikas Bank Holds Bhoomi Puja for New Office Building in Gyaneshwor,https://www.sharesansar.com/newsdetail/mahalaxmi-bikas-bank-holds-bhoomi-puja-for-new-office-building-in-gyaneshwor-2024-11-21,"Mahalaxmi Bikas Bank in Kathmandu's Gyaneshwor area has completed the Bhoomi Puja ceremony for the construction of its new office building, which is expected to be finished within 9 months.
The building will serve as a digital hub, aligning with the banking sector's shift toward digital services.
It will feature a technology-friendly branch designed to enhance workflow efficiency and offer modern, user-friendly services to customers.
The Bhoomi Puja was officiated by Mr. Rajesh Upadhyay, Chairman of the Bank's Board of Directors, and attended by the bank's leadership and staff.
Additionally, the bank recently upgraded its mobile application and launched ""Mahalaxmi Smart Saathi"" to provide secure and convenient digital banking options to its customers.",-0.3991413414478302
2024-11-20,Mahalaxmi Bikas Bank Launches Mahalaxmi Green House Loan at 8.99% Interest Rate,https://www.sharesansar.com/newsdetail/mahalaxmi-bikas-bank-launches-mahalaxmi-green-house-loan-at-899-interest-rate-2024-11-20,"Mahalaxmi Bikas Bank is launching the Mahalaxmi Green House Loan at a competitive interest rate of 8.99%, aimed at promoting sustainable and environment-friendly housing projects.
The loan will support the construction, purchase, and renovation of homes that incorporate renewable energy sources like solar, wind, and biomass, or are designed with water and waste management systems. Loans will be offered for terms ranging from 2 to 30 years.
This initiative aligns with the bank's commitment to environmental protection and sustainable development, as well as meeting the regulatory guidelines of Nepal Rastra Bank. The bank, with 30 years of service, continues to provide quality financial solutions to Nepali citizens.",-0.10407239198684692
2024-10-28,Comprehensive Analysis of First Quarter Reports for FY 2081/82: A Closer Look at Development Banks in Nepal,https://www.sharesansar.com/newsdetail/comprehensive-analysis-of-first-quarter-reports-for-fy-208182-a-closer-look-at-development-banks-in-nepal-2024-10-28,"The first-quarter reports for the fiscal year 2081/82 have been publicly disclosed by all 16 development banks. These reports provide a comprehensive overview of their financial health. This analysis aims to meticulously evaluate the financial performance of Nepal's development banks, categorized as ""B"" class financial institutions, using the unaudited first-quarter reports for the 2081/82 fiscal year.
The Nepal Stock Exchange (NEPSE) currently lists 16 development banks, divided into National-level and Regional-level entities. Our focus is on assessing the performance of these ""B"" class financial institutions, drawing insights from the recently released quarter-end reports.
Net profit:
As per the quarterly report, Muktinath Bikas Bank Limited (MNBBL) has reported the highest net profit for the period, amounting to Rs. 28.18 Crores. Shine Resunga Development Bank (SHINE) comes in second place in terms of profit, which amounts to Rs. 23.94 Crores.
The third position is secured by Garima Bikas Bank (GBBL) with a net profit of Rs. 22.57 Crores. In terms of growth in net profit, Jyoti Bikas Bank (JBBL) achieved the highest growth margin of 197.62% for the Q1 of FY 81/82.
At the regional level, Sindhu Bikas Bank (SINDU) reported the highest growth in net profit at 1100.52% for Q1 of FY 81/82.
Paid-up capital:
Muktinath Bikas Bank Limited (MNBBL) has the highest paid-up capital amounting to Rs. 7.05 Arba among all the development banks, with Garima Bikas Bank Limited (GBBL) holding the second-highest paid-up capital at Rs. 5.68 Arba.
On the other hand, Narayani Development Bank Limited (NABBC) has the lowest paid-up capital of Rs. 26.25 Crores.
Reserve and surplus:
Muktinath Bikas Bank Limited (MNBBL) reported the highest reserve and surplus, totaling Rs. 3.81 Arba. Following MNBBL is Garima Bikas Bank Limited (GBBL) with a reserve of Rs. 3.52 Arba. Lumbini Bikas Bank Limited (LBBL) holds the third position with a reserve of 3.39 Arba.
Meanwhile, Narayani Development Bank Limited (NABBC), Sindhu Bikas Bank (SINDU), and Saptakoshi Development Bank (SAPDBL) have reported negative reserves and surplus.
Deposits from Customers:
Among B-class institutions, Muktinath Bikas Bank Limited (MNBBL) leads with a total deposit of Rs. 1.10 Kharba, followed by Garima Bikas Bank Limited (GBBL) with a deposit of Rs. 83.27 Arba. The overall development banks have collected a total deposit of Rs. 5.9 Kharba.
Loans and Advances to Customers:
As of Q1 2081/82, total loans and advances of development banks reached Rs. 4.74 Kharba, with an average loan of Rs. 29.65 Arba. Muktinath Bikas Bank Limited (MNBBL) disbursed the highest loan amount, totaling Rs. 94.72 Arba, followed by Garima Bikas Bank Limited (GBBL) with Rs. 68.42 Arba. Shine Resunga Development Limited (SHINE) disbursed Rs. 53.74 Arba, ranking third.
Net interest income:
In terms of Net Interest Income, Muktinath Bikas Bank Limited (MNBBL) leads with Rs. 1.11 Arba, followed by Garima Bikas Bank Limited (GBBL) with Rs. 98.68 Crores, and Shine Resunga Development Bank Limited (SHINE) with Rs. 65.89 Crores. Out of the 16 banks, 8 reported above-industry-average net interest income.
Provisions for the period (Impairment/Reversal):
Banks have set aside funds as loan loss provisions and delayed loan repayments for several borrowers.
Total impairment charges amount to Rs. 1.85 Arba for loans and other losses. Among National Level banks, Muktinath Bikas Bank Limited (MNBBL) shows the highest impairment charge at Rs. 38.77 Crores, with Garima Bikas Bank Limited (GBBL) also holding high provisions at Rs. 37.21 Crores.
At the regional level, Narayani Development Bank Limited (NABBC) and Sindhu Bikas Bank (SINDU) reported a reversal in impairment charges.
Annualized Earnings per share:
Lumbini Bikas Bank Limited (LBBL) topped the annualized EPS list at Rs. 22.97 per share, followed by Shine Resunga Development Bank Limited (SHINE) with Rs. 20.23 per share.
Net worth per share:
The highest net worth per share is reported by Lumbini Bikas Bank Limited (LBBL) at Rs. 196.57 per share, followed by Mahalaxmi Bikas Bank Limited (MLBL) with Rs. 163.48 per share and Kamana Sewa Bikas Bank Limited (KSBBL) at Rs. 154.21 per share. The average net worth per share of the 16 banks is Rs. 129.64.
P/E Ratio:
The P/E ratio indicates how much investors are paying for each rupee of the firm’s earnings. Kamana Sewa Bikas Bank Limited (KSBBL) has the lowest P/E ratio at 23.75 times, whereas Corporate Development Bank Limited reports the highest P/E ratio at 520.44 times.
Non-Performing Loans:
Non-performing loans indicate credit risk for banks. Miteri Development Bank Limited (MDB) has the lowest NPL ratio at 1.80%, while Narayani Development Bank Limited (NABBC) has the highest at 34.81%.
Capital Adequacy Ratio (CAR):
Corporate Development Bank Limited (CORBL) reported the highest CAR at 34.95%, while Narayani Development Bank Limited (NABBC) reported the lowest at 4.58%.
Others:
Cost of Funds, CD Ratio, Base Rates, and Interest Spread:
Cost of Funds:
Narayani Development Bank Limited (NABBC) has the highest Cost of Funds at 7.82%, while Excel Development Bank Limited (EDBL) has the lowest at 4.92%.
CD Ratio:
The Credit-Deposit Ratio shows how much deposit money has been used as loans. Muktinath Bikas Bank Limited (MNBBL) reports the highest CD ratio of 87.72%, and Karnali Development Bank Limited (KRBL) has the lowest at 59.81%.
Base Rate and Interest Spread:
The base rate, the minimum interest rate banks charge, is highest at Narayani Development Bank Limited (NABBC) with 16.32% and lowest at Excel Development Bank Limited (EDBL) with 7.59%. The average interest spread among development banks remains consistent at around 4.59%.
The table below provides a complete picture of the major indicators of development banks as of the first quarter of FY 2081-82.",0.8081551790237427
2024-10-16,Global IME Bank and Mahalaxmi Bikas Bank Sign Agreement for Non-Fund Based Banking Facilities,https://www.sharesansar.com/newsdetail/global-ime-bank-and-mahalaxmi-bikas-bank-sign-agreement-for-non-fund-based-banking-facilities-2024-10-16,"Global IME Bank Limited and Mahalaxmi Bikas Bank have entered into an agreement to offer non-fund based banking facilities. This agreement was formalized by Surendra Raj Regmi, the Chief Executive Officer of Global IME Bank Limited, and Dipesh Lamsal, the Chief Executive Officer of Mahalaxmi Bikas Bank. It enables Mahalaxmi Bikas Bank customers to access services such as letters of credit, bank guarantees, and trade transaction banking through Global IME Bank.
Celebrated as one of the top banks in Nepal by the Euro Money Award for Excellence 2024, Global IME Bank boasts an extensive network of over 1,000 service centers, which include branches and ATMs across all 77 districts. Established in 2052, Mahalaxmi Bikas Bank serves more than 800,000 customers through its 103 branches and 49 ATMs, promoting its services under the slogan ""Strong Bank, Successful Cooperation.""",-0.6426859498023987
2024-10-15,"Mahalaxmi Bikas Bank Launches Enhanced ""Mahalaxmi Smart Sathi"" App for Convenient Digital Banking Ahead of Festive Season",https://www.sharesansar.com/newsdetail/mahalaxmi-bikas-bank-launches-enhanced-mahalaxmi-smart-sathi-app-for-convenient-digital-banking-ahead-of-festive-season-2024-10-15,"Mahalaxmi Bikas Bank
has launched a refined mobile application called ""Mahalaxmi Smart Sathi"" in alignment with Nepal Rastra Bank’s objectives for the upcoming Dashain, Tihar, and festive season. The app offers advanced, secure, and user-friendly digital banking services. It includes several new features not found in traditional banking apps, such as:
1. Real-time fixed deposit collateral loan of up to Rs. 8,00,000, a first among development banks in Nepal.
2. Online KYC form submission and updates.
3. The ability to apply for savings and fixed deposit accounts online.
4. Self-assessment of loan eligibility and loan application submission via the app.
The app aims to increase banking access in rural and semi-urban areas, promoting financial inclusion while reducing the need for in-person visits to the bank. Available on both Apple Store and Play Store, the app will automatically update on users' devices. For more details, customers can contact 9847387524. The bank has been serving Nepal with 103 branches and over 8 lakh customers for the past 30 years under the motto ""Strong Bank, Successful Partnership.""",0.08134067058563232
2024-10-08,Mahalaxmi Bikas Bank Enhances Digital Banking Security with Visa Ready Facility,https://www.sharesansar.com/newsdetail/mahalaxmi-bikas-bank-enhances-digital-banking-security-with-visa-ready-facility-2024-10-08,"Mahalaxmi Bikas Bank has introduced the dollar and N. P. Visa Ready facility to enhance the security of online transactions for customers using R cards. This makes Mahalakshmi Bikas Bank the first among Nepal's development banks to offer such a feature.
The new system will authenticate transactions with a one-time password (OTP) sent via email or message, ensuring that card details are not misused.
This initiative aims to provide modern, safe, and convenient digital banking services while protecting customers' financial information from unauthorized access.
The implementation of 3D security features will reduce online fraud and enable real-time transaction verification, allowing customers to shop securely on thousands of e-commerce platforms globally. With 103 branches and around 8 million customers, the bank has been committed to delivering quality financial services for the past 30 years.",-0.016613245010375977
2024-09-30,Mahalaxmi Bikas Bank Honors Chaniklal Tamang for Heroic Rescue Efforts,https://www.sharesansar.com/newsdetail/mahalaxmi-bikas-bank-honors-chaniklal-tamang-for-heroic-rescue-efforts-2024-09-30,"Chaniklal Tamang, a 33-year-old resident of Temal village in the Kavre district, was honored by Mahalaxmi Bikas Bank for his heroic act of rescuing two individuals at Nakhu Khola.
During a ceremony at the bank's central office on the 13th Ashwin, he received a cash award of Rs. 1 lakh. The bank hopes that recognizing such bravery will inspire others to participate in rescue efforts during disasters.
Additionally, Mahalaxmi Bikas Bank expressed condolences to those affected by recent floods in the country and wished for the quick recovery of the injured.
The bank has been providing quality financial services to Nepalese people for 30 years under the slogan ""Strong Bank, Successful Cooperation.""",-0.6804350018501282
2024-09-23,Muna Aryal Honored with the 21st Mahalaxmi Literature Award,https://www.sharesansar.com/newsdetail/muna-aryal-honored-with-the-21st-mahalaxmi-literature-award-2024-09-23,"The 21st edition of the Mahalaxmi Literature Award for the year 2080 was awarded to epic poet Muna Aryal on 2081/06/05.
Originally established by Yeti Finance Limited (now merged with Mahalaxmi Bikas Bank) in 2059 B.S., the award aims to honor significant contributions to language and literature.
The event, organized in collaboration with Matribhumi Sahitya Samaj, Makwanpur, was chaired by Krishna Prasad Dahal, with Bagmati Province Home Affairs and Law Minister Suraj Chandra Lamichhane as the chief guest.
Mahalaxmi Bikas Bank hopes this initiative will support the development and preservation of Nepal's literary sector, in line with its mission of providing quality financial services for over 30 years.",-0.4912008047103882
2024-09-13,Mahalaxmi Bikas Bank and Adhantya Fund Management Ltd. Forge Strategic Agreement to Boost SMEs,https://www.sharesansar.com/newsdetail/mahalaxmi-bikas-bank-and-adhantya-fund-management-ltd-forge-strategic-agreement-to-boost-smes-2024-09-13,"Mahalaxmi Bikas Bank and Adhyanta Fund Management Ltd. have signed a strategic agreement to enhance financial access and investment for small and medium enterprises (SMEs) across various sectors, including agriculture, tourism, and digital services.
Adhyanta Fund Management will offer technical support in areas such as financial investment, market expansion, and business development, while Mahalaxmi Bikas Bank will facilitate capital access and provide financial services in line with Nepal Rastra Bank's regulations.
This partnership aims to boost the competitive and operational capabilities of SMEs, contributing to the country's long-term economic growth. Additionally, the bank's recent annual general meeting resolved to explore strategic partnerships with foreign banks or financial institutions.",-0.885762095451355
2024-09-10,Mahalaxmi Bikas Bank Partners with Rotary International on World Literacy Day,https://www.sharesansar.com/newsdetail/mahalaxmi-bikas-bank-partners-with-rotary-international-on-world-literacy-day-2024-09-10,"On World Literacy Day, Mahalaxmi Bikas Bank and Rotary International District 3292 signed an agreement to enhance sanitation facilities in public educational institutions as part of the bank's corporate social responsibility.
The initiative aims to support the UN's sustainable development goal of providing clean water and sanitation for all.
The bank, known for its slogan ""Strong Bank, Successful Cooperation,"" has been delivering quality financial services in Nepal for 30 years and is also considering partnering with foreign financial institutions.",-0.7807325124740601
2024-09-09,Mahalaxmi Bikas Bank Partners with Round Table Nepal for Environmental and Educational Initiatives,https://www.sharesansar.com/newsdetail/mahalaxmi-bikas-bank-partners-with-round-table-nepal-for-environmental-and-educational-initiatives-2024-09-09,"Mahalaxmi Bikas Bank and Round Table Nepal have partnered to enhance the disposal of disposable papers from the bank. This initiative aims to promote recycling, protect the environment, and support educational development for disadvantaged students.
Round Table Nepal will collect the papers from the bank's offices and ensure they are sent to paper manufacturing companies for reprocessing.
The proceeds from this recycling effort will fund educational projects for underprivileged students. This collaboration aligns with the bank's corporate social responsibility goals and Round Table Nepal’s ""Let's Educate Children"" project.
Additionally, Mahalaxmi Bikas Bank's recent annual general meeting resolved to seek strategic partnerships with foreign banks or financial institutions.",-0.32679879665374756
2024-09-04,Mahalaxmi Bikas Bank Partners with KB Chitrakar & Company for NFRS 09 Implementation,https://www.sharesansar.com/newsdetail/mahalaxmi-bikas-bank-partners-with-kb-chitrakar-company-for-nfrs-09-implementation-2024-09-04,"Mahalaxmi Bikas Bank has signed an agreement with KB Chitrakar & Company Chartered Accountants to implement the NFRS 09: Expected Credit Loss (ECL) model, in line with Nepal Financial Reporting Standards.
The bank believes this will enhance risk management and improve the accuracy and transparency of its financial reports.
The implementation is also expected to help meet financial reporting standards, strengthen operations, and comply with regulatory requirements.
Additionally, the bank, which has provided quality financial services for 30 years, recently passed a resolution at its 22nd annual general meeting to bring in foreign banks or financial institutions as strategic partners.",-0.8465856909751892
2024-08-30,Mahalaxmi Bikas Bank Partners with Pioneer Moto Corp for Special Vehicle Loans,https://www.sharesansar.com/newsdetail/mahalaxmi-bikas-bank-partners-with-pioneer-moto-corp-for-special-vehicle-loans-2024-08-30,"Mahalaxmi Bikas Bank has signed an agreement with Pioneer Moto Corp Pvt. Ltd., the Nissan vehicle importer for Nepal, to offer special loan terms.
Customers purchasing Nissan vehicles can receive loans at 9.99% interest. For electric vehicles, the bank provides loans covering up to 80% of the VAT bill or quotation price (whichever is less) for up to 5 years.
For other vehicles, the loan covers up to 50% of the VAT bill or quotation price for up to 8 years. Loan applications can be submitted via QR codes available on the bank's website, social media, branches, and newspapers.
The bank, known for its quality financial services over the past 30 years, also resolved at its 22nd annual general meeting to seek strategic partnerships with foreign banks or financial institutions.",-0.07165512442588806
2024-08-28,Mahalaxmi Bikas Bank Shines at 16th NADA Auto Show 2024 with Exclusive Vehicle Loan Offers,https://www.sharesansar.com/newsdetail/mahalaxmi-bikas-bank-shines-at-16th-nada-auto-show-2024-with-exclusive-vehicle-loan-offers-2024-08-28,"Mahalaxmi Bikas Bank is participating in the 16th NADA Auto Show 2024, taking place at Bhrikutimandap, Kathmandu from August 11 to August 16. As the only development bank at the event, it offers consultation and facilitation for vehicle loans.
The bank provides vehicle loans at a competitive interest rate of 9.99%, the lowest among development banks. Visitors can find the bank at stall E33 for more information.
Embracing the slogan ""Strong Bank, Successful Cooperation,"" Mahalaxmi Bikas Bank has been delivering quality financial services for 30 years and is considering bringing foreign banks as strategic partners. Customers can also apply for loans via a provided QR code.",0.6294349431991577
2024-08-25,"Mahalaxmi Bikas Bank Achieves ISO 9001:2015 Certification, Setting a New Benchmark in Quality Management",https://www.sharesansar.com/newsdetail/mahalaxmi-bikas-bank-achieves-iso-90012015-certification-setting-a-new-benchmark-in-quality-management-2024-08-25,"Mahalaxmi Bikas Bank has achieved international recognition by receiving the ISO 9001:2015 certification for its Quality Management System, effective from August 16, 2024 (Shrawan 32, 2081 BS).
This certification, awarded under the ""Provision of Development Banking Activities,"" positions Mahalaxmi Bikas Bank as a leader among development banks in achieving such a standard.
The certification is granted to organizations that establish a robust quality management system aligned with international standards, deliver excellent service, ensure customer satisfaction, and continuously improve their operations.
Royal Impact Certification Ltd., based in the USA, conducted a detailed audit of the bank's policies, procedures, documentation, and overall management system.
Mahalaxmi Bikas Bank, operating under the slogan ""Strong Bank, Successful Cooperation,"" has provided quality financial services to the Nepali people for 30 years. Additionally, during the 22nd annual general meeting held on Poush 28, 2080 BS, the bank passed a resolution to bring in foreign banks or financial institutions as strategic partners.",-0.7909450531005859
2024-08-23,Mahalaxmi Bikas Bank Partners with JB Automotive to Offer 9.99% Loans for Tata Vehicles,https://www.sharesansar.com/newsdetail/mahalaxmi-bikas-bank-partners-with-jb-automotive-to-offer-999-loans-for-tata-vehicles-2024-08-23,"Mahalaxmi Bikas Bank has signed a memorandum of understanding with JB Automotive Company Private Limited, the Tata vehicle dealer for Nepal, to offer loans at 9.99 percent for Tata vehicles.
Customers can obtain a loan covering up to 80 percent of the VAT bill or quoted price for electric vehicles, with a maximum term of 5 years, and up to 50 percent for non-electric vehicles, with a term of up to 8 years.
Loans can be applied for via QR codes available on the bank's website, social media, branch offices, and newspapers. The bank, which has been providing quality financial services for 30 years, is also seeking strategic partnerships with foreign banks or financial institutions.",-0.29896971583366394
2024-08-13,Mahalaxmi Bikas Bank Offers 9.99% Loans for Luxury Vehicles in New Agreement,https://www.sharesansar.com/newsdetail/mahalaxmi-bikas-bank-offers-999-loans-for-luxury-vehicles-in-new-agreement-2024-08-13,"Mahalaxmi Bikas Bank has announced a new loan scheme offering 9.99% interest for purchasing luxury vehicles, including Tesla, Audi, and Porsche, through a memorandum of understanding with Arete International Private Under this agreement, the bank will provide loans up to 80% of the VAT bill or quotation price for electric vehicles, and up to 50% for non-electric vehicles, with repayment periods of up to 5 years and 8 years respectively.
customers can apply for these loans via a QR code available on the bank's website, social media, branches, and newspapers. The bank, celebrating 30 years of service under the slogan ""Strong Bank, Successful Cooperation,"" is also considering bringing foreign banks or financial institutions as strategic partners, as approved in its recent annual general meeting.",-0.11893036961555481
2024-08-09,Financial Showdown: A Comparative Deep Dive into Development Banks' Q4 Performance for FY 2080/81,https://www.sharesansar.com/newsdetail/financial-showdown-a-comparative-deep-dive-into-development-banks-q4-performance-for-fy-208081-2024-08-09,"The fourth-quarter reports for the fiscal year 2080/81 have been publicly disclosed by 16 development banks, with the notable exception of
Karnali Development Bank (KRBL)
, which has yet to release its quarter-end report. These reports provide a comprehensive overview of their financial health. This analysis aims to meticulously evaluate the financial performance of Nepal's development banks, categorized as ""B"" class financial institutions, using the unaudited fourth-quarter reports for the 2080/81 fiscal year.
The Nepal Stock Exchange (NEPSE) currently lists 16 development banks, divided into National-level and Regional-level entities. Our focus is on assessing the performance of these ""B"" class financial institutions, drawing insights from the recently released quarter-end reports.
Net profit:
As per the quarterly report, Muktinath Bikas Bank Limited (MNBBL) has reported the highest net profit for the period amounting to Rs. 1.27 Arba. Garima Bikas Bank Limited (GBBL) comes in second place in terms of profit which amounts to Rs. 1.13 Arba.
The third position is secured by Shine Resunga Development Bank (SHINE) with a net profit of Rs. 69.74 Crores. In terms of growth in Net profit, Shangrila Development Bank (SADBL) has obtained the highest growth margin of 92.47% for the Q4 of FY 80/81.
Coming towards the regional level, Corporate Development Bank (CORBL) has reported the highest growth in net profit of 194.23% for Q4 of FY 80/81.
Paid-up capital:
Muktinath Bikas Bank Limited (MNBBL) has the highest paid-up capital amounting to Rs. 7.05 Arba among all the development banks. Garima Bikas Bank Limited (GBBL) has the second-highest paid-up capital amounting to Rs. 5.68 Arba.
On the other hand, Narayani Development Bank Limited (NABBC) has the lowest paid-up capital of Rs. 26.25 Crores.
Reserve and surplus:
The reserve is the amount that is retained by the company from its profits to promote future growth.
Muktinath Bikas Bank Limited (MNBBL) has reported the highest reserve and surplus which amounts to Rs. 3.50 Arba. MNBBL is followed by Garima Bikas Bank Limited (GBBL) with a total reserve of Rs. 3.26 Arba. Lumbini Bikas Bank Limited (LBBL) has secured the third position with a reserve of 3.11 Arba.
Whereas, Narayani Development Bank Limited (NABBC), Sindhu Bikas Bank (SINDU) and Saptakoshi Development Bank (SAPDBL) have reported negative reserves and surplus.
Deposits from Customers:
In B-class institution, Muktinath Bikas Bank Limited (MNBBL) has topped the list with a total deposit of Rs. 1.09 Kharba. This list is followed by Garima Bikas Bank Limited (GBBL) with a total deposit of Rs. 84.25 Arba.
The overall development bank has collected a total deposit of Rs. 5.94 Kharba.
Loans and Advances to Customers:
Till Q4 2080/2081, total loans and advances of development banks stood at Rs. 4.61 Kharba. The average loan stood at Rs. 30.78 Arba.
Muktinath Bikas Bank Limited (MNBBL) has disbursed the highest amount of loans which amounts to Rs. 91.90 Arba. Following the list, Garima Bikas Bank Limited (GBBL) has disbursed a total loan of Rs. 66.01 Arba. Shine Resunga Development Limited (SHINE) has disbursed a loan of Rs. 52.17 Arba which puts it in third place.
Net interest income:
Net Interest Income is the core business revenue which is calculated by subtracting the cost related to the deposits from the income from loans and advances.
In terms of Net interest income, Muktinath Bikas Bank Limited (MNBBL) tops the list with a total of Rs. 4.18 Arba. Garima Bikas Bank Limited (GBBL) has the second-highest net interest income amounting to Rs. 3.46 Arba. GBBL is followed by Jyoti Bikas Bank Limited (JBBL) which has reported a net interest income of Rs. 2.36 Arba.
Out of the 16 banks, 8 banks have reported above-industry-average net interest income.
Provisions for the period (Impairment/Reversal):
Banks have set aside a certain amount in loan loss provision and have delayed the loan repayment of several borrowers. A total of Rs 3.83 Arba has been shown in an impairment charge for a loan and other losses.
In the National Level, Jyoti Bikas Bank Limited (JBBL) has the highest impairment charge for a loan and other losses with Rs. 95.17 Crores. Garima Bikas Bank Limited (GBBL) also has higher provisions amounting to Rs. 70.92 Crores.
In the regional level, Narayani Development Bank Limited (NABBC) and Sindhu Bikas Bank (SINDU) have reported the lowest impairment charges for this period.
Earnings per share:
Garima Bikas Bank Limited (GBBL) topped the list in terms of EPS amounting to Rs. 20 per share. Kamana Sewa Bikas Bank Limited (KSBBL) has the second-highest EPS with Rs. 18.38 per share.
Net worth per share:
The highest net worth per share is reported by Lumbini Bikas Bank Limited (LBBL) with Rs. 188.48 per share. This is followed by Kamana Sewa Bikas Bank Limited (KSBBL) with a net worth per share of Rs. 164.48 per share. Similarly, Mahalaxmi Bikas Bank Limited (MLBL) reported a net worth of Rs. 160.44 per share.
The average net worth per share comes at Rs. 133.10 per share when we factor in the net worth per share of 16 banks.
P/E Ratio:
The P/E ratio tells investors what they are paying for each rupee of earnings of the firm. The lower the ratio, the better the deal.
In terms of the P/E ratio, Garima Bikas Bank Limited (GBBL) has the lowest P/E ratio of 19.25 times. Meanwhile, Narayani Development Bank Limited reported the highest P/E of 685.79 times.
One should always check the fundamentals of the company and if they find the bad fundamentals then there is a reason for the lower valuation. Also, the PE is calculated as per the quarter-end closing price of the respective companies. In today's date, the price differs in the secondary market.
Non-Performing Loans:
Non-performing loan indicates the risk of credit provided by the bank to its clients. A higher NPL indicates that the bank might be at risk.
In terms of NPL, Miteri Development Bank Limited (MDB) has the lowest ratio with an NPL of 0.97%, and on the other hand, Narayani Development Bank Limited (NABBC) has reported the highest NPL of 35%.
Capital Adequacy Ratio (CAR):
In terms of the Capital Adequacy ratio (CAR), Corporate Development Bank Limited (CORBL) seems to have reported the highest CAR of 38.65%, while Sindhu Bikas Bank (SINDU) has the lowest CAR of 6.58%.
CAR is the ratio of a bank's capital in relation to its risk-weighted assets and current liabilities.
Others:
Cost of Funds, CD Ratio, Base Rates, and Interest Spread:
Cost of Funds:
The term cost of funds refers to how much banks and financial institutions spend in order to acquire money to lend to their customers. The lower the cost of funds, the better because it ultimately reduces the cost of banks. As per reports, Corporate Development Bank Limited (LBBL) has the highest Cost of Funds at 7.71%, whereas Excel Development Bank Limited (EDBL) has the lowest cost of funds at 5.55%.
CD Ratio:
The CD ratio refers to the credit-deposit ratio in banking parlance. It tells how much of the money banks have raised in the form of deposits has been deployed as loans. Similarly, Muktinath Bikas Bank Limited (MNBBL) has reported the highest CD ratio of 85.83%, whereas Miteri Development Bank Limited (MDB) has reported the lowest CD ratio of 60.56%.
Base Rate and Interest Spread:
Base rate is defined as the minimum interest rate set by the NRB below which banks are not permitted to lend to their customers. Narayani Development Bank Limited (NABBC) reports the highest base rate of 15.33%, and Excel Development Bank Limited (EDBL) has the lowest base rate of 8%.
Likewise, the net interest rate spread represents the variance between the interest rate disbursed to depositors and the interest accrued from loans extended to consumers by a bank. Among the majority of development banks, a consistent interest spread rate of 4.58% has been upheld, with the highest reported at 4.59%.
Finally, the table below provides a full picture of the major indicators of development banks as of the fourth quarter of FY 2080-2081.",0.8002889156341553
2024-08-05,Mahalaxmi Bikas Bank Reports 24.52% Growth in Q4 Net Profit; EPS Rises to Rs 11.27 While Distributable Profit Stood at Rs 17.71 Crores,https://www.sharesansar.com/newsdetail/mahalaxmi-bikas-bank-reports-2452-growth-in-q4-net-profit-eps-rises-to-rs-1127-while-distributable-profit-stood-at-rs-1771-crores-2024-08-05,"Mahalaxmi Bikas Bank (MLBL)
has released its unaudited financial statement for the fourth quarter of the fiscal year 2080/81, highlighting a significant 24.52% increase in net profit, reaching Rs 47.01 Crores. This is up from Rs 37.75 Crores in the same period the previous fiscal year.
The bank's financial standing includes a paid-up capital of Rs 4.17 Arba, retained earnings of Rs 17.71 Crores, and reserves totaling Rs 2.34 Arba.
The bank's net interest income saw a slight decrease of 0.74%, but impairment charges were reduced by 26.98%. Deposits grew by 7.21%, totaling Rs 55.21 Arba, while loans and advances surged by 8.86%, reaching Rs 40.43 Arba.
The annualized earnings per share (EPS) increased to Rs 11.27. The price-earnings (P/E) ratio stands at 31.23 times, and the net worth per share is reported at Rs 160.44. Additionally, the bank disclosed a distributable profit of Rs 17.71 Crores.
Report:
* Figures are of Immediate Previous Year Quarter Ending
Particulars (In Rs '000)
Mahalaxmi Bikas Bank
Q4 2080/81
Q4 2079/80
Difference
Paid Up Capital
4,171,318.60
4,171,318.60*
0.00%
Share Premium
0.00
0.00
-
Retained Earnings
177,137.73
267,191.34*
-33.70%
Reserves
2,343,818.81
2,006,588.95*
16.81%
Deposits
55,210,282.74
51,496,433.22*
7.21%
Loans & Advances
40,433,740.56
37,142,961.69*
8.86%
Net Interest Income
1,931,699.30
1,946,062.76
-0.74%
Personnel Expenses
705,777.16
680,994.17
3.64%
Impairment Charges/(Reversal) for loans and advances
370,104.95
506,869.90
-26.98%
Operating Profit
677,509.72
570,855.02
18.68%
Net Profit
470,141.17
377,554.93
24.52%
Distributable Profit
177,137.73
267,191.34
-33.70%
Capital Adequacy (%)
15.01
13.43
11.76%
NPL (%)
4.58
3.51
30.48%
Cost of Fund (%)
7.03
9.18
-23.42%
Annualized EPS (In Rs.)
11.27
9.05
24.52%
Net Worth per Share (In Rs.)
160.44
154.51
3.84%
Qtr End Market Price
352
-
-
Qtr end PE Ratio (times)
31.23",-0.38304638862609863
2024-08-02,Mahalaxmi Bikas Bank Introduces Single-Digit Interest Rates on Diverse Loan Products,https://www.sharesansar.com/newsdetail/mahalaxmi-bikas-bank-introduces-single-digit-interest-rates-on-diverse-loan-products-2024-08-02,"Mahalaxmi Bikas Bank is offering a range of loans at a single-digit interest rate of 9.99%, including:
1. Mahalaxmi Home Loan: Up to Rs. 5 crores for residential, commercial real estate, or home renovations, with repayment terms from 2 to 30 years.
2. Mahalaxmi Business Loan: For small and medium businesses, with terms ranging from 1 to 15 years.
3. Mahalaxmi Vehicle Loan (Personal): Up to 80% of the VAT or quotation price for electric vehicles (up to Rs. 3 crores) and up to 50% for non-electric vehicles.
4. Mahalaxmi Green Loan: Targeting eco-friendly initiatives.
The bank, with a 30-year history of providing quality financial services, recently resolved at its 22nd annual general meeting to seek strategic partnerships with foreign banks or financial institutions. Loan applications can be submitted via a provided QR code.",0.6045984029769897
2024-07-19,Mahalaxmi Bikas Bank Introduces QR Code Loan Application Service,https://www.sharesansar.com/newsdetail/mahalaxmi-bikas-bank-introduces-qr-code-loan-application-service-2024-07-19,"Mahalaxmi Bikas Bank has introduced a QR code-based loan application facility, enhancing its digital and automated service offerings. This initiative marks the bank as a leader among development banks in Nepal for such services.
Customers can now apply for loans by scanning QR codes available on the bank's official platforms, branch offices, and newspapers.
After application, branch staff will assist customers through the loan process at their chosen branch.
Celebrating 30 years with the motto ""Strong Bank, Successful Cooperation,"" the bank continues to provide doorstep service to Nepalese citizens. The bank's 22nd annual general meeting has resolved to seek strategic partnerships with foreign banks or financial institutions.",-0.6137038469314575
2024-07-11,Mahalaxmi Bikas Bank Expands QR Payment Services for Indian Tourists in Nepal,https://www.sharesansar.com/newsdetail/mahalaxmi-bikas-bank-expands-qr-payment-services-for-indian-tourists-in-nepal-2024-07-11,"Mahalaxmi Bikas Bank Limited (MLBL), in collaboration with PhonePe, continues to offer international QR payment services, enabling Indian citizens in Nepal to make instant, secure, and convenient payments at various commercial stores. Utilizing QR codes provided by the bank, Indian payment services like Bhim Pay, Paytm, and GooglePay facilitate seamless transactions across Nepal.
This initiative aims to enhance economic, social, and bilateral relations between Nepal and India while fostering economic and tourism development in Nepal. Previously, Mahalaxmi Bikas Bank partnered with Nepal Clearing House (NCHL) to streamline international transaction payments between the two countries.
Additionally, the bank plans to collaborate with institutional customers to expedite and enhance service delivery, particularly targeting Indian tourists visiting Nepal. Committed to leveraging digital payment advancements, Mahalaxmi Bikas Bank aims to establish itself as a leading provider of international QR payment solutions through its extensive branch and merchant network nationwide.
Under the motto ""Strong Bank, Successful Cooperation,"" Mahalaxmi Bikas Bank has been delivering quality financial services to Nepali communities for over three decades. The bank's recent 22nd annual general meeting also resolved to explore partnerships with foreign banks or financial institutions as strategic allies, further bolstering its service capabilities and market presence.",-0.7901784181594849
2024-06-16,Mahalaxmi Bikas Bank Enhances Customer Benefits through Strategic Partnerships,https://www.sharesansar.com/newsdetail/mahalaxmi-bikas-bank-enhances-customer-benefits-through-strategic-partnerships-2024-06-16,"Mahalaxmi Bikas Bank Limited, a cornerstone of financial services in Nepal for over 30 years with the motto ""Strong Bank, Successful Cooperation,"" has solidified partnerships with various organizations across multiple locations. These alliances are aimed at fostering collaboration primarily with health sector entities and supermarkets.
Under these agreements, Mahalaxmi Bikas Bank's customers using debit or credit cards and mobile banking services will enjoy exclusive discounts at partnering institutions. The detailed benefits include:
1. Lekhanath City Hospital Pvt. Ltd.
Location: Pokhara-26, Kaski
Services: General Bed (25%), Cabin, Post OP & Lab (15%), ICU (10%), Surgeries & Pharmacy (5%)
2. Oro Plus Dental Clinic
Location: Lalitpur-3, Pulchok
Services: Regular Treatment (10%), Specialized Treatment (5%)
3. A & A Health Club
Location: Butwal-5, Rupandehi
Services: Food Supplement (5%), 3 Months Advance Fee (10%), 6 Months Advance Fee (15%), 12 Months Advance Fee (19%)
4. NG Markets
Location: Tilottama-5, Manigram
Services: Garments (10%), Household & Electronics Appliance (5%), FMCG Food/Fresh Products (1.5%), FMCG Non-Food (2%)
Mahalaxmi Bikas Bank views these partnerships as pivotal in enhancing customer satisfaction and promoting digital banking solutions among the Nepalese population. The bank has been actively conducting financial awareness programs across its branches to further these goals.
This initiative underscores Mahalaxmi Bikas Bank's commitment to providing value-added services and reinforcing its position as a leader in the financial sector. By leveraging these collaborations, the bank aims to enrich customer experiences while facilitating the transition towards a more digitally integrated economy in Nepal.",-0.3819989860057831
2024-06-09,Prime Commercial Bank Clinches Victory in Mahalaxmi Corporate Cricket League 2024,https://www.sharesansar.com/newsdetail/prime-commercial-bank-clinches-victory-in-mahalaxmi-corporate-cricket-league-2024-2024-06-09,"The Mahalaxmi Corporate Cricket League 2024 concluded with Prime Commercial Bank Limited clinching the championship title, and ICFC Finance Limited securing the second place. The three-day event, held at Ballpark Sports Events and Academy in Imadol, saw participation from 16 teams representing various banks and financial institutions.
The prize distribution ceremony, graced by Mr. Bam Bahadur Mishra, Deputy Governor of Nepal Rastra Bank, awarded accolades to outstanding players, including Best Fielder Bibek Dali from Prime Commercial Bank and Best Player Suraj Timalsina from Finance. Mr. Mishra emphasized the importance of such sporting events in fostering camaraderie and productivity among employees beyond their banking roles.
Chairman Mr. Rajesh Upadhyay highlighted the benefits of team-building and leadership development through such activities. The bank expressed gratitude to sponsors, participants, and supporters for making the event successful and pledged to continue providing modern banking services to its customers while prioritizing satisfaction and governance.",-0.7516880631446838
2024-06-06,Mahalaxmi Bikas Bank's 30th Anniversary: Combining Celebration with Environmental Responsibility,https://www.sharesansar.com/newsdetail/mahalaxmi-bikas-banks-30th-anniversary-combining-celebration-with-environmental-responsibility-2024-06-06,"Mahalaxmi Bikas Bank Limited (MLBL) has embraced eco-friendly practices by introducing electric vehicles for its office use during the Jeshtha month and in celebration of its 30th annual festival and World Environment Day.
The bank has initiated this green transportation initiative by deploying two electric vehicles and plans to expand their usage gradually.
Through this endeavor, Mahalaxmi Bikas Bank aims to contribute to environmental protection, promote new energy, and support sustainable development efforts in the country.
As part of its 30th anniversary celebrations, the bank is organizing the 'Mahalaxmi Corporate Cricket League 2024' at Ballpark Indoor Cricket in Lalitpur, featuring 16 teams from various banks and financial institutions. With the slogan ""Strong Bank, Successful Cooperation,"" Mahalaxmi Bikas Bank has continued its legacy of providing quality financial services to the people of Nepal for the past three decades.",-0.5380092859268188
2024-06-02,"Mahalaxmi Bikas Bank Limited Hosts Corporate Cricket League to Celebrate 30 Years, Starting Jestha 22nd",https://www.sharesansar.com/newsdetail/mahalaxmi-bikas-bank-limited-hosts-corporate-cricket-league-to-celebrate-30-years-starting-jestha-22nd-2024-06-02,"Mahalaxmi Bikas Bank Limited (MLBL) is celebrating its 30th year by organizing the Mahalaxmi Corporate Cricket League-2024, Edition 3, from Jestha 22nd to 24th at Ballpark Sports Events and Academy in Imadol, Lalitpur.
This prestigious cricket league involves banks and financial institutions licensed by Nepal Rastra Bank and features 16 teams from various institutions.
The tournament will consist of 31 matches played in a league-cum-knock-out format, with prizes awarded to outstanding players.
The bank aims to promote cooperation and quality financial services, and it also plans to bring foreign banks or financial institutions as strategic partners, as per the resolution passed in its recent annual general meeting.",0.5535039901733398
2024-05-28,Mahalaxmi Bikas Bank Marks 30 Years with Extensive CSR Initiatives,https://www.sharesansar.com/newsdetail/mahalaxmi-bikas-bank-marks-30-years-with-extensive-csr-initiatives-2024-05-28,"Mahalaxmi Bikas Bank Limited (MLBL), celebrating its 30th anniversary, has conducted various corporate social responsibility (CSR) programs under the slogan ""Strong Bank, Successful Cooperation.""
On the occasion of the 2568th Buddha Jayanti and Lumbini Diwas 2081, the bank's Mahilwar (Lumbini) branch distributed free water and sweets to about 2,500 devotees. This initiative has been ongoing for 13-14 years to ensure access to drinking water for visitors.
The Dhangadhi branch contributed Rs. 150,000 to the Nagar Pramukh Educational Improvement Fund, supporting education for underprivileged children.
The Narayangadh branch donated Rs. 300,000 to Galeshwar Ashram in Devghatdham, Tanahu, to aid in completing the temple premises. The bank plans to continue various social and economic transformation programs as part of its CSR efforts.",-0.36880213022232056
2024-05-22,Mahalaxmi Bikas Bank Celebrates 30 Years with Scholarship and Commitment to Quality Service,https://www.sharesansar.com/newsdetail/mahalaxmi-bikas-bank-celebrates-30-years-with-scholarship-and-commitment-to-quality-service-2024-05-22,"Mahalaxmi Bikas Bank Limited (MLBL), celebrating its 30th anniversary with the slogan ""Strong Bank, Successful Cooperation,"" has been providing accessible and quality financial services to Nepalese people for three decades.
During the celebration, the Late Laxman Babu Shrestha Scholarship, worth Rs. 50,000, was awarded to Santosh Kumar Mandal for his class 10 studies.
This scholarship, established in memory of the bank's founding chairman, supports students excelling academically despite financial hardships. Rajesh Babu Shrestha emphasized the importance of contributing to Nepal's development by retaining local talent.
The bank's CEO announced plans to expand scholarship programs and strengthen corporate social responsibility efforts while continuing to offer high returns and quality services to its customers.",-0.7479296326637268
2024-05-21,Mahalaxmi Bikas Bank Marks 30 Years of Service: A Celebration of Community Engagement,https://www.sharesansar.com/newsdetail/mahalaxmi-bikas-bank-marks-30-years-of-service-a-celebration-of-community-engagement-2024-05-21,"Mahalaxmi Bikas Bank Limited celebrates its 30th anniversary, marking three decades of service across urban and rural areas of Nepal.
To commemorate this milestone, the bank organized various events including a financial literacy rally and a blood donation program across its eight branches.
Additional programs such as health and eye camps, the Mahalaxmi Corporate Cricket League 2024, Series 3, and cultural events are planned.
The bank expresses gratitude to shareholders, customers, and regulatory bodies. Activities like blood donation and financial literacy programs aim to address health and educational needs.
The bank, with 103 branches and over 7 lakh customers nationwide, continues its commitment to quality financial services with the motto ""Strong Bank, Successful Cooperation.""",-0.500752329826355
2024-05-19,Mahalaxmi Bikas Bank Pioneers International Payments Pact with NCHL,https://www.sharesansar.com/newsdetail/mahalaxmi-bikas-bank-pioneers-international-payments-pact-with-nchl-2024-05-19,"Mahalaxmi Bikas Bank Limited (MLBL) has made history among development banks by signing a memorandum of understanding with Nepal Clearing House (NCHL) to facilitate international payments between Nepal and India.
This agreement allows for direct fund transfers between Indian citizens in Nepal and their accounts in India, as well as Nepalese citizens in India and their accounts in Mahalaxmi Bikas Bank in Nepal, using UPI-linked accounts.
The initiative is expected to benefit various stakeholders, including students, pilgrims, tourists, and individuals seeking medical treatment in India. CEO Dipesh Lamsal of Mahalaxmi Bikas Bank and CEO Neelesh Man Singh Pradhan of NCHL signed the agreement.
With a commitment to providing quality financial services for nearly three decades, Mahalaxmi Bikas Bank aims to strengthen cooperation and is open to partnerships with foreign banks or financial institutions, as indicated in their recent annual general meeting.",-0.7744615077972412
2024-05-16,Mahalaxmi Bikas Bank Champions Education Equality with 'Educate Children' Program,https://www.sharesansar.com/newsdetail/mahalaxmi-bikas-bank-champions-education-equality-with-educate-children-program-2024-05-16,"Mahalaxmi Bikas Bank Limited has actively supported the distribution of scholarships to underprivileged children through its ""Educate Children"" program, establishing 80 schools across Nepal in collaboration with Round Table Nepal.
In a recent event held across several cities, including Kathmandu and Dhangadhi, the bank facilitated educational opportunities for children who face barriers to mainstream education due to various reasons.
Through its institutional social responsibility initiatives, the bank is set to provide scholarships to approximately 1000 students, aiming to uplift those who are marginalized or living in captivity.
With a commitment to serving the community, Mahalaxmi Bikas Bank Limited has continued its mission of providing quality financial services to the people of Nepal for nearly three decades under the motto ""Strong Bank, Successful Cooperation.",-0.29677292704582214
2024-05-10,Mahalaxmi Bikas Bank Champions Community Development Through Diverse CSR Initiatives,https://www.sharesansar.com/newsdetail/mahalaxmi-bikas-bank-champions-community-development-through-diverse-csr-initiatives-2024-05-10,"Mahalaxmi Bikas Bank Limited (MLBL), under the slogan ""Strong Bank, Successful Cooperation"", has been actively engaged in various corporate social responsibility (CSR) initiatives across Nepal. The bank has been delivering quality financial services for 29 years and supports entities like the Nepal Police, youth clubs, schools, municipalities, and rotary clubs. Notable activities include:
1. Drug Awareness: The Belauri branch donated public awareness boards about drug crimes to the Police Office in Belauri, Kanchanpur. Sunil Kumar Nepal, the head of Sudurpaschim Province, facilitated this contribution to deter drug-related activities.
2. Water Storage: In Kathmandu, the Koteshwor branch provided a drinking water tank to the Koteshwor Social Reform Youth Club to address their water storage needs, with Utsab Makaju overseeing the handover.
3. Educational Support: The Itahari branch contributed school bags, notebooks, and other necessary educational materials to students of Shree Bal Multilingual Basic School in Itahari, specifically targeting children from low-income families. Deepak Kumar Gupta, head of the Koshi region, managed this initiative.
4. Security Enhancement: The Shishuwa branch installed CC cameras in 30 market areas of Shishuwa to help prevent crimes and vehicle accidents, with Dhruba Raj Tiwari, Deputy Chief Executive Officer of the bank, coordinating the installation.
5. Waste Management: The Hetauda branch handed over dustbins to the Rotary Club of Hetauda to help keep the city clean, specifically focusing on managing waste in public areas.
Mahalaxmi Bikas Bank reaffirms its commitment to continuing such socially and economically transformative programs under its CSR initiatives in the future.",0.5177950859069824
2024-04-28,Mahalaxmi Bikas Bank Provides Essential Supplies to Fire-Hit Families in Mahottari,https://www.sharesansar.com/newsdetail/mahalaxmi-bikas-bank-provides-essential-supplies-to-fire-hit-families-in-mahottari-2024-04-28,"Mahalaxmi Bikas Bank Limited (MLBL) provided relief materials to approximately 545 people from 150 families affected by a devastating fire in Matihani Municipality Ward No. 6, Mahottari.
The fire, which occurred on Wednesday, 12th Baishakh 2081, destroyed over 100 houses and damaged 50 others, resulting in an estimated property loss of more than 150 million.
The bank distributed essential supplies including 750 kg of flour, 750 kg of rice, 75 kg of dal, 75 liters of oil, 150 packets of salt, 450 bars of soap, and 150 boxes of noodles.
The relief items were handed over to the affected families by Mr. Hari Prasad Mandal, Mayor of Matihani Municipality, and Sudip Chandra Pokhrel, Head of the Bank's Madhesh Regional Office, with assistance from Janakpur branch employees.
The bank's support is aimed at helping the families meet their basic needs during this difficult time. Embodying the slogan ""Strong Bank, Successful Cooperation,"" Mahalaxmi Bikas Bank has been delivering quality financial services across Nepal for 29 years.",0.5375159382820129
2024-04-24,Insightful Evaluation: Q3 2080/81 Performance Analysis of B-Class Development Banks Unveiled,https://www.sharesansar.com/newsdetail/insightful-evaluation-q3-208081-performance-analysis-of-b-class-development-banks-unveiled-2024-04-24,"The third-quarter reports for the fiscal year 2080/81 have been publicly disclosed by 16 development banks, offering a comprehensive insight into their financial standing. This analysis is poised to meticulously evaluate the financial performance of the Development Banks of Nepal, classified as a ""B"" class financial institution, leveraging the unaudited third-quarter report for the 2080/81 fiscal year.
The Nepal Stock Exchange (NEPSE) presently enumerates a total of 16 development banks, distinguished by their categorization into National-level and Regional-level entities. Our scrutiny is squarely centered on assessing the performance of B-class financial institutions within this spectrum, with particular emphasis on gleaned insights from the divulged third-quarter reports.
Net profit:
As per the quarterly report, Muktinath Bikas Bank Limited (MNBBL) has reported the highest net profit for the period amounting to Rs. 87.18 Crores. Garima Bikas Bank Limited (GBBL) comes in second place in terms of profit which amounts to Rs. 68.35 Crores.
The third position is secured by Shine Resunga Development Bank (SHINE) with a net profit of Rs. 51.47 Crores. In terms of growth in Net profit, Shangrila Development Bank (SADBL) has obtained a growth margin of 9.44% for the Q3 of FY 80/81.
Coming towards the regional level, Green Development Bank (GRDBL) has reported the highest growth in net profit of 74.40% while Corporate Development Bank (CORBL) reported the highest decline in net profit of 33.23% in the Q3 of FY 80/81.
Paid-up capital:
Muktinath Bikas Bank Limited (MNBBL) has the highest paid-up capital amounting to Rs. 7.05 Arba among all the development banks. Garima Bikas Bank Limited (GBBL) has the second-highest paid-up capital amounting to Rs. 5.68 Arba.
On the other hand, Narayani Development Bank Limited (NABBC) has the lowest paid-up capital of Rs. 26.25 Crores.
Reserve and surplus:
The reserve is the amount that is retained by the company from its profits to promote future growth.
Muktinath Bikas Bank Limited (MNBBL) has reported the highest reserve and surplus which amounts to Rs. 3.06 Arba. MNBBL is followed by Lumbini Bikas Bank Limited (LBBL) with a total reserve of Rs. 2.76 Arba. Garima Bikas Bank Limited (GBBL) has secured the third position with a reserve of 2.758 Arba.
Whereas, Narayani Development Bank Limited (NABBC) and Saptakoshi Development Bank (SAPDBL) have reported negative reserves and surplus.
Deposits from Customers:
In B-class institution, Muktinath Bikas Bank Limited (MNBBL) has topped the list with a total deposit of Rs. 1.10 Kharba. This list is followed by Garima Bikas Bank Limited (GBBL) with a total deposit of Rs. 82.83 Arba.
The overall development bank has collected a total deposit of Rs. 5.83 Kharba.
Loans and Advances to Customers:
Till Q3 2080/2081, total loans and advances of development banks stood at Rs. 4.63 Kharba. The average loan stood at Rs. 28.99 Arba.
Muktinath Bikas Bank Limited (MNBBL) has disbursed the highest amount of loans which amounts to Rs. 92.86 Arba. Following the list, Garima Bikas Bank Limited (GBBL) has disbursed a total loan of Rs. 64.89 Arba. Shine Resunga Development Limited (SHINE) has disbursed a loan of Rs. 51.68 Arba which puts it in third place.
Net interest income:
Net Interest Income is the core business revenue which is calculated by subtracting the cost related to the deposits from the income from loans and advances.
In terms of Net interest income, Muktinath Bikas Bank Limited (MNBBL) tops the list with a total of Rs. 3.13 Arba. Garima Bikas Bank Limited (GBBL) has the second-highest net interest income amounting to Rs. 2.51 Arba. GBBL is followed by Jyoti Bikas Bank Limited (JBBL) which has reported a net interest income of Rs. 1.70 Arba.
Out of the 16 banks, 8 banks have reported above-industry-average net interest income.
Provisions for the period (Impairment/Reversal):
Banks have set aside a certain amount in loan loss provision and have delayed the loan repayment of several borrowers. A total of Rs 4.49 Arba has been shown in an impairment charge for a loan and other losses.
In the National Level, Jyoti Bikas Bank Limited (JBBL) has the highest impairment charge for a loan and other losses with Rs. 83.03 Crores. Muktinath Bikas Bank Limited (MNBBL) also has higher provisions amounting to Rs. 72.92 Crores.
In the regional level, Narayani Development Bank Limited (NABBC) and Karnali Development Bank (KRBL) have reported the lowest impairment charges for this period.
Earnings per share:
Muktinath Bikas Bank Limited (MNBBL) topped the list in terms of EPS amounting to Rs. 16.50 per share. Garima Bikas Bank Limited (KSBBL) has the second-highest EPS with Rs. 16.04 per share.
Net worth per share:
The highest net worth per share is reported by Lumbini Bikas Bank Limited (LBBL) with Rs. 178.61 per share. This is followed by Mahalaxmi Bikas Bank Limited (MLBL) with a net worth per share of Rs. 156.28 per share. Similarly, Kamana Sewa Bikas Bank Limited (KSBBL) reported a net worth of Rs. 155.34 per share.
The average net worth per share comes at Rs. 127.78 per share when we factor in the net worth per share of 16 banks.
P/E Ratio:
The P/E ratio tells investors what they are paying for each rupee of earnings of the firm. The lower the ratio, the better the deal.
In terms of the P/E ratio, Muktinath Bikas Bank Limited (MNBBL) has the lowest P/E ratio of 20.79 times. Meanwhile, Corporate Development Bank Limited reported the highest P/E of 194.83 times from the regional level.
One should always check the fundamentals of the company and if they find the bad fundamentals then there is a reason for the lower valuation. Also, the PE is calculated as per the quarter-end closing price of the respective companies. In today's date, the price differs in the secondary market.
Non-Performing Loans:
Non-performing loan indicates the risk of credit provided by the bank to its clients. A higher NPL indicates that the bank might be at risk.
In terms of NPL, Muktinath Bikas Bank Limited (MNBBL) has the lowest ratio with an NPL of 2.02%, and on the other hand, Narayani Development Bank Limited (NABBC) has reported the highest NPL of 31.77%.
Capital Adequacy Ratio (CAR):
In terms of the Capital Adequacy ratio (CAR), Corporate Development Bank Limited (CORBL) seems to have reported the highest CAR of 41.99%, while Karnali Development Bank (KRBL) has the lowest CAR of 10.18%.
CAR is the ratio of a bank's capital in relation to its risk-weighted assets and current liabilities.
Others:
Cost of Funds, CD Ratio, Base Rates, and Interest Spread:
Cost of Funds:
The term cost of funds refers to how much banks and financial institutions spend in order to acquire money to lend to their customers. The lower the cost of funds, the better because it ultimately reduces the cost of banks. As per reports, Lumbini Bikas Bank Limited (LBBL) has the highest Cost of Funds at 8.53%, whereas Excel Development Bank Limited (EDBL) has the lowest cost of funds at 6.35%.
CD Ratio:
The CD ratio refers to the credit-deposit ratio in banking parlance. It tells how much of the money banks have raised in the form of deposits has been deployed as loans. Similarly, Muktinath Bikas Bank Limited (MNBBL) has reported the highest CD ratio of 85.89%, whereas Miteri Development Bank Limited (MDB) has reported the lowest CD ratio of 63.49%.
Base Rate and Interest Spread:
Base rate is defined as the minimum interest rate set by the NRB below which banks are not permitted to lend to their customers. Narayani Development Bank Limited (NABBC) reports the highest base rate of 15.09%, and Shine Resunga Development Bank Limited (SHINE) has the lowest base rate of 9.04%.
Likewise, the net interest rate spread represents the variance between the interest rate disbursed to depositors and the interest accrued from loans extended to consumers by a bank. Among the majority of development banks, a consistent interest spread rate of 4.57% has been upheld, with the highest reported at 4.60%.
Finally, the table below provides a full picture of the major indicators of development banks as of the third quarter of FY 2080-2081.",0.5889441967010498
2024-04-21,Mahalaxmi Bikas Bank Empowers Women Entrepreneurs with Electric Vehicles for Green Mobility,https://www.sharesansar.com/newsdetail/mahalaxmi-bikas-bank-empowers-women-entrepreneurs-with-electric-vehicles-for-green-mobility-2024-04-21,"Mahalaxmi Bikas Bank Limited (MLBL) has initiated a campaign to empower women entrepreneurs in public transport by providing them with electric vehicles.
In Dhulikhel Municipality, keys to electric vehicles were distributed to women entrepreneurs as part of the ""Empowering Women through Green Mobility"" initiative.
The bank plans to expand this campaign across other local levels to meet the rising demand for eco-friendly transportation.
With the motto ""Strong Bank, Successful Cooperation,"" Mahalaxmi Bikas Bank has been offering quality financial services for 29 years, with 103 branch offices and approximately 700,000 customers nationwide.
At its 22nd annual general meeting, a proposal was approved to engage foreign banks or financial institutions as strategic partners.",-0.5372664928436279
2024-04-14,Mahalaxmi Bikas Bank Launches All-in-One Investor Account for New Year 2081,https://www.sharesansar.com/newsdetail/mahalaxmi-bikas-bank-launches-all-in-one-investor-account-for-new-year-2081-2024-04-14,"Mahalaxmi Bikas Bank Limited (MLBL) celebrates New Year 2081 by introducing the Mahalaxmi Investors Share Saving Account (All in One), aiming to streamline facilities for share investors.
This account integrates Savings Account, Demat Account, Mero Share, C-ASBA, and T.M.S. services into a single platform, eliminating the need for multiple accounts.
The bank offers free opening of Demat and T.M.S accounts, along with complimentary registration for Mero Share and C-ASBA. By simplifying the investment process, Mahalaxmi Bikas Bank aims to enhance investor access to stockbroker companies while saving time.
With a commitment to quality financial services, the bank looks forward to its 30th year of operation and has plans to collaborate with foreign banks or financial institutions as strategic partners, as approved in its recent annual general meeting.",-0.09456422924995422
2024-04-02,Mahalaxmi Bikas Bank's Partnership with NIC Asia Capital,https://www.sharesansar.com/newsdetail/mahalaxmi-bikas-banks-partnership-with-nic-asia-capital-2024-04-02,"Mahalaxmi Bikas Bank Limited (MLBL)
and
NIC Asia Capital Limited
have collaborated to enhance access to the Systematic Investment Plan (SIP) for Mahalaxmi Bikas Bank customers.
This partnership involves Mahalaxmi Bikas Bank serving as a distribution agent for NIC Asia Dynamic Debt Fund, an open-ended scheme offered by NIC Asia Capital Ltd.
The agreement aims to leverage Mahalaxmi Bikas Bank's branch network to expand investment opportunities for investors nationwide. By facilitating access to the NIC Asia Dynamic Debt Fund, the collaboration seeks to promote financial inclusion and empowerment in the overall financial sector.
Initially, this service will be available at the Darbarmarg branch and will gradually expand to other branches across the country. Embracing the motto ""Strong Bank, Successful Cooperation,"" Mahalaxmi Bikas Bank has been providing quality financial services to the Nepalese people for 29 years.
Additionally, the bank's 22nd annual general meeting has passed a resolution to seek strategic partnerships with foreign banks or financial institutions.",-0.6921253204345703
2024-03-25,Global Money Week 2024: Mahalaxmi Bikas Bank's Commitment to Financial Education,https://www.sharesansar.com/newsdetail/global-money-week-2024-mahalaxmi-bikas-banks-commitment-to-financial-education-2024-03-25,"Mahalaxmi Bikas Bank Limited (MLBL)
has undertaken corporate social responsibility initiatives targeting various underprivileged groups by organizing financial literacy programs, rallies, and awareness campaigns across all seven provinces of Nepal.
In line with Global Money Week 2024, the bank conducted financial literacy programs and awareness events aimed at enhancing financial knowledge among students, youths, and other demographics.
These programs covered topics such as savings, loans, investments, electronic financial services, and risk management, benefiting approximately a thousand individuals. Additionally, the bank organized different programs to disseminate financial literacy information through placards showcasing banking services.
Furthermore, the bank utilized social media platforms to share awareness videos on electronic payments, financial fraud, and cybersecurity risks. Committed to its motto of ""Strong Bank, Successful Cooperation,"" the bank pledges to continue its impactful corporate social responsibility activities in the future.",0.29000622034072876
2024-03-18,Mahalaxmi Bikas Bank Hosts Workshop On Leadership And Community Development,https://www.sharesansar.com/newsdetail/mahalaxmi-bikas-bank-hosts-workshop-on-leadership-and-community-development-2024-03-18,"Mahalaxmi Bikas Bank Limited (MLBL)
organized a two-day workshop/seminar titled ""Leadership/Development of Community Unity and Physical Health"" in Sauraha, Chitwan, from Falgun 26th to 27th, 2080.
The event was attended by high-level management officials, department heads, provincial heads, central office staff, and branch managers.
Discussions focused on navigating the current economic recession and negativity, emphasizing the need for collective employee efforts to expand the bank's business, protect customer rights, and provide excellent service.
Strategies for maximizing business expansion in the remaining time of the financial year 2080/81 were deliberated upon. Practical exercises highlighted the importance of collective unity, physical health, capable leadership, and high morale for success.
Embracing the slogan ""Strong Bank, Successful Cooperation,"" the bank has been delivering quality financial services to the Nepalese people for 28 years. Additionally, the 22nd annual general meeting passed a resolution to bring foreign banks or financial institutions as strategic partners.",-0.5504847168922424
2024-03-14,Mahalaxmi Bikas Bank Continues Legacy of Supporting Education with Hira Giri Intelligent Scholarship,https://www.sharesansar.com/newsdetail/mahalaxmi-bikas-bank-continues-legacy-of-supporting-education-with-hira-giri-intelligent-scholarship-2024-03-14,"Mahalaxmi Bikas Bank Limited (MLBL)
, renowned for its dedication to offering accessible financial services to the Nepali populace over the past three decades, recently granted the Hira Giri Intelligent Scholarship to Mr. Jeevan Rajbanshi, a tenth-grade student at Shree Kadambari Academy.
This scholarship, valued at Rs. 50,000, was conferred by Mr. Shyam Sunder Rungta, a member of the bank's board of directors, to aid academically gifted students from economically challenged backgrounds.
Administered by Hira Giri Intelligent Scholarship Bank, established in memory of Mr. Hira Giri, the Founder Chairman of Mahalaxmi Finance, a pivotal institution within Mahalaxmi Bikas Bank's network, Mr. Bhanwar Lal Parik, President of Aama Ko Maya Chhatrawas, accepted the scholarship on behalf of Mr. Rajbanshi.
During the ceremony, Mr. Rungta underscored the significance of quality education in molding future leaders, while Mr. Parik expressed gratitude for the bank's assistance, underscoring the positive influence such scholarships can have on educational standards.
The bank reaffirmed its dedication to corporate social responsibility and vowed to amplify its endeavors in delivering top-notch financial services to cater to the diverse needs of its clientele.",-0.6462878584861755
2024-03-11,Mahalaxmi Bikas Bank Unveils 2081 Calendar: Celebrating Strength and Cooperation,https://www.sharesansar.com/newsdetail/mahalaxmi-bikas-bank-unveils-2081-calendar-celebrating-strength-and-cooperation-2024-03-11,"Mahalaxmi Bikas Bank Limited (MLBL)
, with 29 years of providing financial services, has released its 2081 calendar under the theme ""Strong Bank, Successful Cooperation.""
The calendar, unveiled on Falgun 27, 2080, through the official website, features positive messages and showcases local small and medium businesses.
It showcases the top twelve photos from the 'BizzChitra Photography Competition,' held on World Photography Day.
The bank aims to keep customers informed about dates, festivals, and events. Interested individuals can download the digital calendar from the bank's official website.
The bank reiterates its commitment to delivering high returns for elite customers and pledges to enhance the quality of financial services for all customers, aligning with their needs and expectations.",0.518062174320221
2024-03-10,Empowering Women and Advancing Green Goals: Mahalaxmi Bikas Bank's Collaborative Drive,https://www.sharesansar.com/newsdetail/empowering-women-and-advancing-green-goals-mahalaxmi-bikas-banks-collaborative-drive-2024-03-10,"Mahalaxmi Bikas Bank Limited (MLBL)
and Ryan Eng Pvt. Ltd. have launched a collaborative initiative to advance sustainable development goals by enhancing financial access and promoting clean energy for women entrepreneurs.
The partnership involves Mahalaxmi Bikas Bank providing financial support to women micro-entrepreneurs in Banepa, Dhulikhel, and Kavrepalanchok for the purchase of electric vehicles.
Ryan Energy Pvt. Ltd., as the official seller, will supply eco-friendly electric vehicles along with necessary training, maintenance, and warranty services.
This collaboration aims to foster a green economy in Nepal, promote financial expertise and innovative technology, and contribute to gender equality. The agreement underscores the primary objectives of empowering women economically, fostering sustainable community development, and encouraging environmentally friendly transportation.
The initiative, launched on International Women's Day, serves as a significant example of achieving gender equality, creating opportunities for women, and empowering them.
Mahalaxmi Bikas Bank, with its commitment to ""Strong Bank, Successful Cooperation,"" has been delivering quality financial services to the Nepalese people for the past 29 years. Additionally, during its 22nd annual general meeting, the bank resolved to explore partnerships with foreign banks or financial institutions as strategic allies.",-0.6844655275344849
2024-03-07,Empowering Future Leaders: Nabaraj Bahadur Singh Intelligent Scholarship Awarded by Mahalaxmi Bikas Bank,https://www.sharesansar.com/newsdetail/empowering-future-leaders-nabaraj-bahadur-singh-intelligent-scholarship-awarded-by-mahalaxmi-bikas-bank-2024-03-07,"Mahalaxmi Bikas Bank Limited (MLBL)
, a prominent financial institution in Nepal, has been dedicated to delivering accessible and high-quality financial services to the Nepali population for the past 29 years under the motto ""Strong Bank, Successful Cooperation.""
Recently, they awarded the late Mr. Nabaraj Bahadur Singh Intelligent Scholarship to Hira Kumari Joshi, a student at Sri Trinagar Secondary School, Dhangadhi, Kailali, for her class 10 studies.
This scholarship, valued at Rs.50,000, was granted in recognition of Joshi's academic excellence despite her family's financial struggles.
The scholarship is part of the initiatives of Malika Bikas Bank, an important institution within Mahalaxmi Bikas Bank, established in memory of Mr. Nabaraj Bahadur Singh. Sunil Kumar Nepal, the head of the bank's Sudurpaschim regional office, emphasized the importance of quality education, stating that students are the future leaders of the country.
The school principal, Mr. Bhupal Singh Khadka, expressed gratitude for the bank's support, highlighting the positive impact of such scholarships on students' education quality. The bank pledged to enhance its corporate social responsibility efforts in the future, maintaining a commitment to providing excellent financial services to both elite and ordinary customers.",-0.6537214517593384
2024-03-07,"Mahalaxmi Bikash Bank, Aloi, and Ryan Energy Celebrate International Women's Day by Empowering Women Entrepreneurs to Promote Green Transportation",https://www.sharesansar.com/newsdetail/mahalaxmi-bikash-bank-aloi-and-ryan-energy-celebrate-international-womens-day-by-empowering-women-entrepreneurs-to-promote-green-transportation-2024-03-07,"Mahalaxmi Bikash Bank Limited (MLBL), Aloi Pvt. Ltd. (Aloi), and Ryan Energy Pvt. Ltd. (REPL) proudly announce their groundbreaking partnership in celebration of International Women's Day. This collaboration marks a significant step in their joint commitment to empower women entrepreneurs and promote sustainable development through access to finance and clean energy solutions.
In this transformative partnership, Mahalaxmi Bikas Bank, a licensed 'B' Class Financial Institution, will extend financing to women micro-entrepreneurs in the Banepa, Dhulikhel, and nearby municipalities, as well as the Kathmandu Valley, for the purchase of electric three-wheelers and electric two-wheelers.
These vehicles, supplied by Ryan Energy, a licensed dealer and manufacturer of electric vehicles, will not only adhere to safety and environmental standards but also come with comprehensive training, maintenance, and warranty support.
Moreover, Aloi Pvt. Ltd. will play a pivotal role in using its software platform to manage the loan monitoring and repayment process, ensuring a seamless and efficient experience for all parties involved.
This collaboration represents a dynamic fusion of financial expertise, technological innovation, and a shared vision for gender equality to grow a vibrant last-mile green economy in Nepal. By providing tailored financing options and facilitating access to training and licensing requirements for electric vehicles, the companies aim to break down barriers to entry for women in the transportation sector. This collective effort seeks to empower women economically while simultaneously driving the adoption of eco-friendly modes of transportation, thereby contributing to the sustainable development of communities.
To commemorate International Women's Day, this partnership stands as a testament to the companies’ unwavering dedication to advancing gender equality and creating opportunities for women's economic empowerment. The companies align in their mission to foster a future where women thrive as entrepreneurs, leaders, and changemakers in a greener, more inclusive world.
About Aloi:
Aloi is a software platform providing climate financing monitoring for grassroots entrepreneurs. Their software tracks business loan expenditures and repayment automatically to ensure sufficient support and building of trust between lenders and borrowers.",-0.3288431465625763
2024-02-16,Mahalaxmi Bikas Bank Secures 'A' Classification Amidst Stellar Performance,https://www.sharesansar.com/newsdetail/mahalaxmi-bikas-bank-secures-a-classification-amidst-stellar-performance-2024-02-16,"Mahalaxmi Bikas Bank Limited (MLBL)
has achieved an ""A"" classification among organized institutions, as per the notification from Nepal Stock Exchange Limited dated 2080/11/03.
This classification is based on various criteria, including a paid-up capital of at least 1 Arba rupees, a minimum of 3 years of securities listing with profitable financial performance and dividend distribution, and obtaining a favorable rating from credit rating organizations.
The bank has consistently adhered to regulations, submitting financial statements in the prescribed format and holding annual general meetings within the stipulated timeframe, resulting in its ""A"" classification.
Operating with the motto ""Strong Bank, Successful Cooperation"" for the past 28 years, Mahalaxmi Bikas Bank has provided quality financial services to the Nepali people. With 103 branch offices and around 7 lakh customers nationwide, the bank recently passed a resolution during its 22nd Annual General Meeting to explore the possibility of bringing foreign banks or financial institutions as strategic partners.",-0.4983280599117279
2024-02-14,Mahalaxmi Bikas Bank Unveils Exciting New Year Plans with Low-Interest Loans,https://www.sharesansar.com/newsdetail/mahalaxmi-bikas-bank-unveils-exciting-new-year-plans-with-low-interest-loans-2024-02-14,"Mahalaxmi Bikas Bank Limited (MLBL)
is introducing attractive plans for the new year 2081, featuring low-interest rates on Mahalaxmi Home Loan, Mahalaxmi Business Loan, and Mahalaxmi Vehicle Loan (Personal). The scheme offers a competitive annual interest rate of 10.99% on home and business loans and 11.49% on personal vehicle loans.
The initial year maintains a fixed interest rate, with women eligible for a service fee discount of up to 25%. Loans are disbursed within 3 working days upon submission of all required documents.
The Mahalaxmi Ghar loan, designed for various property-related needs, spans a flexible term of 2 to 30 years, with loan amounts up to 5 crores. A business loan plan addresses small and medium businesses, offering a competitive rate of 10.99% for terms ranging from 1 to 15 years.
The Mahalaxmi Vehicle Loan (Personal) at an 11.49% annual interest rate covers electric vehicles and other vehicles, providing loans based on the VAT bill or quotation price. The terms for personal vehicle loans range from 2 to 5 years.
With 28 years of service and the motto ""Strong Bank, Successful Cooperation,"" Mahalaxmi Bikas Bank has been a reliable provider of financial services in Nepal. The bank's 22nd annual general meeting in 2080/09/28 passed a resolution to welcome foreign banks or financial institutions as strategic partners.",0.525205135345459
2024-02-07,Mr. Dipesh Lamsal Appointed CEO of Mahalaxmi Bikas Bank,https://www.sharesansar.com/newsdetail/mr-dipesh-lamsal-appointed-ceo-of-mahalaxmi-bikas-bank-2024-02-07,"Following a decision made by the Board of Directors on Magh 23rd, 2080, Mr. Dipesh Lamsal has been appointed as the Chief Executive Officer (CEO) of Mahalaxmi Bikas Bank Limited (MLBL). Mr. Lamsal, previously serving as the Senior Deputy Chief Executive Officer, now appointed on the role of Acting Chief Executive Officer after the resignation of the former CEO, as per the board's decision.
A welcome program was organized at the bank's central office in Durbar Marg to introduce the newly appointed CEO, Mr. Lamsal. During the program, Mr. Lamsal expressed his commitment to delivering quality services while upholding the public's trust and loyalty towards the bank. Additionally, Mr. Lamsal also urged all employees to work diligently towards the bank's goals and objectives.
Mr. Lamsal brings with him 15 years of experience within Mahalaxmi Bikas Bank and a total of 28 years of extensive banking experience across various institutions.",0.6760643720626831
2024-01-24,"Comparative Analysis of Development Banks in Q2 FY 2080/81: Profits, Capital, and Ratios Unveiled",https://www.sharesansar.com/newsdetail/comparative-analysis-of-development-banks-in-q2-fy-208081-profits-capital-and-ratios-unveiled-2024-01-24,"The second-quarter reports for the ongoing fiscal year 2080/81 have been disclosed by 15 development banks, providing a comprehensive overview of their financial status. Among them, Karnali Development Bank (KRBL) stands as the sole exception, as it has yet to release its report. This analysis will particularly delve into assessing the financial performance of Development Banks of Nepal, a ""B"" class financial institution, based on the unaudited 2nd quarterly report of the 2080/81 fiscal year.
NEPSE currently lists a total of 16 development banks, each falling into distinct categories - National-level banks and Regional-level banks. Our focus lies specifically on scrutinizing the performance of B-class financial institutions within this framework, drawing insights from the disclosed second-quarter reports.
Net profit:
As per the quarterly report, Garima Bikas Bank Limited (GBBL) has reported the highest net profit for the period amounting to Rs. 51.26 Crores. Muktinath Bikas Bank Limited (MNBBL) comes in second place in terms of profit which amounts to Rs. 42 Crores.
The third position is secured by Shine Resunga Development Bank (SHINE) with a net profit of Rs. 37.12 Crores. In terms of growth in Net profit, Jyoti Bikas Bank (JBBL) has obtained a growth margin of 190.73% for the Q2 of FY 80/81.
Coming towards the regional level, Green Development Bank (GRDBL) has reported the highest growth in net profit of 346.81% while Excel Development Bank (EDBL) reported the highest decline in net profit of 400.69% in the Q2 of FY 80/81.
Paid-up capital:
Muktinath Bikas Bank Limited (MNBBL) has the highest paid-up capital amounting to Rs. 7.05 Arba among all the development banks. Garima Bikas Bank Limited (GBBL) has the second-highest paid-up capital amounting to Rs. 5.67 Arba.
On the other hand, Narayani Development Bank Limited (NABBC) has the lowest paid-up capital of Rs. 26.25 Crores.
Reserve and surplus:
The reserve is the amount that is retained by the company from its profits to promote future growth.
Lumbini Bikas Bank Limited (LBBL) has reported the highest reserve and surplus which amounts to Rs. 2.73 Arba. LBBL is followed by Muktinath Bikas Bank Limited (MNBBL) with a total reserve of Rs. 2.61 Arba. Garima Bikas Bank Limited (GBBL) has secured the third position with a reserve of 2.58 Arba.
Whereas, Narayani Development Bank Limited (NABBC) and Saptakoshi Development Bank (SAPDBL) have reported negative reserves and surplus.
Deposits from Customers:
In B-class institution, Muktinath Bikas Bank Limited (MNBBL) has topped the list with a total deposit of Rs. 1.12 Kharba. This list is followed by Garima Bikas Bank Limited (GBBL) with a total deposit of Rs. 78.58 Arba.
The overall development bank has collected a total deposit of Rs. 5.65 Kharba.
Loans and Advances to Customers:
Till Q2 2080/2081, total loans and advances of development banks stood at Rs. 4.59 Kharba. The average loan stood at Rs. 30.59 Arba.
Muktinath Bikas Bank Limited (MNBBL) has disbursed the highest amount of loans which amounts to Rs. 96.30 Arba. Following the list, Garima Bikas Bank Limited (GBBL) has disbursed a total loan of Rs. 63.91 Arba. Jyoti Bikas Bank Limited (JBBL) has disbursed a loan of Rs. 50.81 Arba which puts it in third place.
Net interest income:
Net Interest Income is the core business revenue which is calculated by subtracting the cost related to the deposits from the income from loans and advances.
In terms of Net interest income, Muktinath Bikas Bank Limited (MNBBL) tops the list with a total of Rs. 2.08 Arba. Garima Bikas Bank Limited (GBBL) has the second-highest net interest income amounting to Rs. 1.80 Arba. GBBL is followed by Jyoti Bikas Bank Limited (JBBL) which has reported a net interest income of Rs. 1.12 Arba.
Out of the 15 banks, 8 banks have reported above-industry-average net interest income.
Provisions for the period (Impairment/Reversal):
Banks have set aside a certain amount in loan loss provision and have delayed the loan repayment of several borrowers. A total of Rs 3.19 Arba has been shown in an impairment charge for a loan and other losses.
In the National Level, Muktinath Bikas Bank Limited (MNBBL) has the highest impairment charge for a loan and other losses with Rs. 78.63 Crores. Jyoti Bikas Bank Limited (JBBL) also has higher provisions amounting to Rs. 54.75 Crores.
In the regional level, Miteri Development Bank Limited (MDB) and Sindhu Bikas Bank (SINDU) have reported the lowest impairment charges for this period.
Earnings per share:
Garima Bikas Bank Limited (GBBL) topped the list in terms of EPS amounting to Rs. 18.06 per share. Kamana Sewa Bikas Bank Limited (KSBBL) has the second-highest EPS with Rs. 15.78 per share.
Net worth per share:
The highest net worth per share is reported by Lumbini Bikas Bank Limited (LBBL) with Rs. 177.84 per share. This is followed by Mahalaxmi Bikas Bank Limited (MLBL) with a net worth per share of Rs. 154.04 per share. Similarly, Excel Development Bank Limited (EDBL) reported a net worth of Rs. 152.08 per share.
The average net worth per share comes at Rs. 127.45 per share when we factor in the net worth per share of 15 banks.
P/E Ratio:
The P/E ratio tells investors what they are paying for each rupee of earnings of the firm. The lower the ratio, the better the deal.
In terms of the P/E ratio, Garima Bikas Bank Limited (GBBL) has the lowest P/E ratio of 21.37 times. Meanwhile, Corporate Development Bank Limited reported the highest P/E of 110.11 times from the regional level.
One should always check the fundamentals of the company and if they find the bad fundamentals then there is a reason for the lower valuation. Also, the PE is calculated as per the quarter-end closing price of the respective companies. In today's date, the price differs in the secondary market.
Non-Performing Loans:
Non-performing loan indicates the risk of credit provided by the bank to its clients. A higher NPL indicates that the bank might be at risk.
In terms of NPL, Sindhu Bikas Bank Limited (SINDU) has the lowest ratio with an NPL of 1.05%, and on the other hand, Narayani Development Bank Limited (NABBC) has reported the highest NPL of 27.75%.
Capital Adequacy Ratio (CAR):
In terms of the Capital Adequacy ratio (CAR), Corporate Development Bank Limited (CORBL) seems to have reported the highest CAR of 44.77%, while Narayani Development Bank Limited (NABBC) has the lowest CAR of 9.46%.
CAR is the ratio of a bank's capital in relation to its risk-weighted assets and current liabilities.
Others:
Cost of Funds, CD Ratio, Base Rates, and Interest Spread:
Cost of Funds:
The term cost of funds refers to how much banks and financial institutions spend in order to acquire money to lend to their customers. The lower the cost of funds, the better because it ultimately reduces the cost of banks. As per reports, Green Development Bank Limited (GRDBL) has the highest Cost of Funds at 9.32%, whereas Excel Development Bank Limited (EDBL) has the lowest cost of funds at 7.44%.
CD Ratio:
The CD ratio refers to the credit-deposit ratio in banking parlance. It tells how much of the money banks have raised in the form of deposits has been deployed as loans. Similarly, Narayani Development Bank Limited (NABBC) has reported the highest CD ratio of 91.20%, whereas Miteri Development Bank Limited (MDB) has reported the lowest CD ratio of 65.86%.
Base Rate and Interest Spread:
Base rate is defined as the minimum interest rate set by the NRB below which banks are not permitted to lend to their customers. Narayani Development Bank Limited (NABBC) reports the highest base rate of 17.64%, and Excel Development Bank Limited (EDBL) has the lowest base rate of 10.22%.
Likewise, the net interest rate spread represents the variance between the interest rate disbursed to depositors and the interest accrued from loans extended to consumers by a bank. Among the majority of development banks, a consistent interest spread rate of 4.59% has been upheld, with the highest reported at 4.60%.
Finally, the table below provides a full picture of the major indicators of development banks as of the second quarter of FY 2080-2081.",0.7337707281112671
2024-01-16,Mahalaxmi Bikas Bank Concludes its 20th AGM; Endorses 6.40% Cash Dividend to Shareholders,https://www.sharesansar.com/newsdetail/mahalaxmi-bikas-bank-concludes-its-20th-agm-endorses-640-cash-dividend-to-shareholders-2024-01-16,"Mahalaxmi Bikas Bank Limited (MLBL) concluded its 20th Annual General Meeting with the theme ""Sabal Bank, Safal Sahakarya"" at Lainchaur Banquet, Kathmandu.
The meeting, presided over by Mr. Rajesh Upadhyay, Chairman of the Bank's Executive Committee, reviewed the fiscal year 2079/80 financial performance, including audited statements, profit and loss accounts, and cash flow details. A significant highlight was the unanimous approval of a proposal to distribute a 6.40% cash dividend to shareholders from the profits of the fiscal year.
In addition to financial matters, the meeting agreed a proposal to explore strategic partnerships or investments with foreign banks and financial institutions. The appointment of J.B. Rajbhandari and DiBins Chartered Accountants for the audit of the fiscal year 2080/81 was also approved. Furthermore, amendments to the bank's management paper and regulations received unanimous consent.",0.3131799101829529
2024-01-03,Mahalaxmi Bikas Bank Announces Exclusive Health Service Discounts for Apollo Diagnostic Nepal,https://www.sharesansar.com/newsdetail/mahalaxmi-bikas-bank-announces-exclusive-health-service-discounts-for-apollo-diagnostic-nepal-2024-01-03,"Mahalaxmi Bikas Bank Limited (MLBL)
has formalized an agreement with Apollo Diagnostic Center, situated in Dhumbarahi, Kathmandu. With a legacy of 29 years in providing robust financial services under the slogan ""Strong Bank, Successful Cooperation,"" MLBL aims to enhance its customer experience by extending exclusive benefits in the health domain.
Under the newly inked agreement, Mahalaxmi Bikas Bank's debit or credit cardholders and mobile banking users will be entitled to special discounts on a range of health services provided by Apollo Diagnostic Nepal Pvt. Ltd.",-0.8026973605155945
2024-01-03,"Book Closure Alert: Last Trading Day to Clinch Dividend of SHIVM, NTC, BPCL, and 4 more companies",https://www.sharesansar.com/newsdetail/book-closure-alert-last-trading-day-to-clinch-dividend-of-shivm-ntc-bpcl-and-4-more-companies-2024-01-03,"Tomorrow marks the book closure for seven companies that have announced dividends either in cash or stock. Today serves as the final day for shareholders of these listed companies to secure their shares if they wish to avail themselves of the proposed dividends.
Today is the last day to grab the 7.37% dividend proposed by
Laxmi Sunrise Bank Limited (LSL).
The company called its 23rd AGM on 26th Poush, 2080 (11th January 2024). The meeting will be held at the Agrawal Bhawan, Kamalpokhari, Kathmandu, starting from 2 PM that day.
The company's 283rd meeting of the board held on December 12, 2023, has proposed a 7.37% dividend from the paid-up capital. The paid-up capital of the company stands at Rs. 21.67 Arba. 7% bonus shares of 15,169,166.50 Units and 0.37% cash dividend (including tax) worth Rs. 79,837,718 have been proposed.
The book closure date is from Poush 19. Thus, investors maintained before that date are entitled to the dividend payout and can attend the AGM.
Additionally, Today is the last day to clinch the dividend proposed by
Muktinath Bikas Bank Limited (MNBBL).
The company called its 17th AGM on 28th Poush, 2080. The meeting will be held in the City Square, New Road, Pokhara, starting at 10 AM.
The 311th meeting of the board of directors decided to distribute the dividend on the paid-up capital of Rs. 6.42 Arba. 9.75% bonus shares worth Rs 62.60 Crores and 0.5132% cash dividend (including bonus shares tax purposes) worth Rs 3.29 Crores have been proposed.
The book closure date is on Poush 19. Thus, shareholders maintained before that day are entitled to the dividend payout and can attend this AGM.
Also, Today is the last day to grab the 6.40% cash dividend proposed by
Mahalaxmi Bikas Bank Limited (MLBL).
The company called its 22nd AGM on 28th Poush, 2080. The meeting will be held in Lainchour Banquet, Lainchaur, Kathmandu, starting at 10 am that day.
The 579th meeting of the board of directors held on Poush 3 decided to distribute the dividend on the paid-up capital of Rs. 4.17 Arba. A 6.40% cash dividend (including tax) worth Rs 26.69 Crore has been proposed.
Poush 19 is the book closure date. Thus, shareholders maintained before that day are entitled to the dividend payout and can attend this AGM.
Similarly, Today is the last day to grab the 15% dividend proposed by
Shivam Cements Limited (SHIVM).
The company called its 8th AGM on 27th Poush, 2080. The meeting will be held in the Rastriya Sabha Griha, Pradarshani Marg, Kathmandu, starting at 9:00 am that day.
The 123rd meeting of the board of directors held on Poush 03 has proposed a 15% dividend for the fiscal year 2079/80. 14.25% bonus shares worth Rs. 62.70 Crores and 0.75% cash dividends (for tax purposes) worth Rs. 3.30 Crores have been proposed. The company's existing paid-up capital is Rs. 4.40 Arba.
The book closure date is on Poush 19. Thus, shareholders maintained before that day are entitled to the dividend payout and can attend this AGM.
Similarly, Today is the last day to grab the 40% cash dividend proposed by
Nepal Doorsanchar Company Limited (NTC).
The company called its 16th AGM on 29th Poush, 2080. The AGM will be held in Rastriya Sabha Griha, Pradarshani Marg, Kathmandu, starting at 11 am that day.
The 1009th meeting of the board of directors held on Poush 05, 2080 decided to distribute a Rs. 40 per share cash dividend to its shareholders on the paid-up capital of Rs. 18 Arba.
The book closure date is from Poush 19. Thus, investors maintained before that day are entitled to the dividend and can attend the AGM.
Similarly, Today is the last day to grab the 10% cash dividend
Global IME Laghubitta Bittiya Sanstha Limited (GILB)
proposed.
The company called its 11th AGM on 29th Poush, 2080. The meeting will be held in the Best Resort, Lakeside, Pokhara, starting at 9:00 a.m. that day.
The board of directors meeting held on Mangsir 24 decided to distribute the 10% cash dividend (including tax) on the paid-up capital of Rs. 618,900,045. Thus, the cash dividend is a little over Rs. 6.19 crores.
The book closure date is on Poush 19. Thus, shareholders maintained before that day are entitled to the dividend payout and can attend this AGM.
Also, Today is the last day to grab the 5% cash dividend proposed by
Butwal Power Company Limited (BPCL).
The company called its 31st AGM on Poush 29, 2080. The meeting will be held in Karki Banquet Babarmahal, Kathmandu, starting at 11 am that day.
The meeting of the board of directors on Mangsir 29 decided to distribute the 5% cash dividend on the paid-up capital of Rs. 3.4 Arba.
The book closure date is on Poush 19. Thus, shareholders maintained before that day are entitled to the dividend payout and can attend this AGM.",0.9214550256729126
2023-12-27,Mahalakshmi Bikas Bank Limited Strengthens Customer Benefits Through Strategic Partnerships,https://www.sharesansar.com/newsdetail/mahalakshmi-bikas-bank-limited-strengthens-customer-benefits-through-strategic-partnerships-2023-12-27,"Mahalaxmi Bikas Bank Limited (MLBL)
, a stalwart in providing quality financial services to the Nepali populace for the past 29 years, reaffirms its commitment to ""Strong Bank, Successful Cooperation."" In line with this philosophy, the bank has recently entered into strategic agreements with various organizations, solidifying its dedication to customer-centric initiatives.
Under these newly forged alliances, Mahalaxmi Bikas Bank's debit or credit cardholders and mobile banking customers are set to enjoy exclusive discounts on a range of services offered by partner institutions. The bank aims to enhance the overall customer experience by providing tangible benefits through these collaborations.",-0.8488315343856812
2023-12-24,Book Closure Date Declared for 6.40% Cash Dividend of Mahalaxmi Bikas Bank; AGM On Poush 28,https://www.sharesansar.com/newsdetail/book-closure-date-declared-for-640-cash-dividend-of-mahalaxmi-bikas-bank-agm-on-poush-28-2023-12-24,"Mahalaxmi Bikas Bank Limited (MLBL)
has called its 22nd AGM on 28th Poush, 2080. The meeting will be held in Lainchour Banquet, Lainchaur, Kathmandu, starting at 10 am that day.
Among other agendas, the AGM will endorse a 6.40% cash dividend for the fiscal year 2079/80. The 579th meeting of the board of directors held on Poush 3 decided to distribute the dividend on the paid-up capital of Rs. 4.17 Arba. A 6.40% cash dividend (including tax) worth Rs 26.69 Crore has been proposed.
Furthermore, an agenda is to endorse the auditor's report with PL statements, financial reports, and cash flow reports and appoint an auditor for the fiscal year 2080/81. There's also an agenda to increase the meeting allowances and other facilities of the board of directors.
Poush 19 is the book closure date. Thus, shareholders maintained before that day are entitled to the dividend payout and can attend this AGM.
AGM Notice:",0.9174005389213562
2023-12-20,Mahalaxmi Bikas Bank Proposes 6.40% Cash Dividend for FY 2079/80,https://www.sharesansar.com/newsdetail/mahalaxmi-bikas-bank-proposes-640-cash-dividend-for-fy-207980-2023-12-20,"Mahalaxmi Bikas Bank Limited (MLBL)
has proposed a 6.40% dividend for the fiscal year 2079/80.
The 579th meeting of the board of directors held on Poush 3 decided to distribute the dividend on the paid-up capital of Rs. 4.17 Arba. A 6.40% cash dividend (including tax) worth Rs 26.69 Crore has been proposed.
The dividend will be distributed only after approval by the central bank and endorsement by the company's upcoming AGM.
As of writing, MLBL has the last trading day's closing at Rs. 352.
Dividend History:",0.9094312191009521
2023-12-14,Mahalaxmi Bikas Bank Limited Implements Interest Rate Adjustments in Response to NRB's Monetary Policy,https://www.sharesansar.com/newsdetail/mahalaxmi-bikas-bank-limited-implements-interest-rate-adjustments-in-response-to-nrbs-monetary-policy-2023-12-14,"Mahalaxmi Bikas Bank Limited (MLBL)
has recently made adjustments to its interest rate structure, effective as of today, the 28th of Mangsir, 2080. The decision follows the monetary policy review of the first quarter of the fiscal year 80/81 by the Nepal Rastra Bank (NRB), wherein a deduction in bank rates was recommended.
In light of this, several commercial banks and development banks such as Shangrila Development Bank Limited (SADBL) and Garima Bikas Bank Limited (GBBL), have already announced reductions in their interest rates.
Meanwhile, Mahalaxmi Bikas Bank has revised its Fixed Deposits (FD) rates, with Institutional FD now offering a rate of 6.5%, while Individual FD stands at 8.5%. This marks a significant reduction from the previous month's rates of 7.40% for Institutional FD and 9.40% for Individual FD, indicating a decrease of 0.90%.
Furthermore, the bank has also adjusted its general savings rates, which now range between 4.30% and 6.30%.
.",-0.008306704461574554
2023-11-28,Mahalaxmi Bikas Bank to support in construction of Mahalaxmi Swostik Garden in premise of Mahalaxmi temple in Lalitpur,https://www.sharesansar.com/newsdetail/mahalaxmi-bikas-bank-to-support-in-construction-of-mahalaxmi-swostik-garden-in-premise-of-mahalaxmi-temple-in-lalitpur-2023-11-28,"Mahalaxmi Bikas Bank has inked a MoU with Mahalaxmi Sthan Management Committee for the construction of Maha Laxmi Swostik Garden in Mahalaxmi Temple premise in Lalitpur.
The MoU was signed between chairman of the management committee Mr. Pursottam Dhungana and marketing and corporate communication head of the bank Basant Bakshi amid a program,",-0.5206601619720459
2023-11-27,Comprehensive Analysis of First Quarter Reports for FY 2080/81: A Closer Look at Development Banks in Nepal,https://www.sharesansar.com/newsdetail/comprehensive-analysis-of-first-quarter-reports-for-fy-208081-a-closer-look-at-development-banks-in-nepal-2023-11-27,"The disclosure of first-quarter reports for the ongoing fiscal year 2080/81 from all 16 development banks offers a detailed understanding of their financial standing. This in-depth analysis will specifically focus on evaluating the financial performance of the ""B"" class financial institution, Development Banks of Nepal.
Currently listed on NEPSE, there are a total of 16 development banks. However, not all of the banks fall under the same category. The development banks can be categorized into two subcategories, National-level banks, and Regional-level banks. Therefore, our examination will center on dissecting the performance of B-class financial institutions based on the unaudited 1st quarterly report of the 2080/81 fiscal year.
Net profit:
As per the quarterly report, Muktinath Bikas Bank Limited (MNBBL) has reported the highest net profit for the period amounting to Rs. 22.88 Crores. Garima Bikas Bank Limited (GBBL) comes in second place in terms of profit which amounts to Rs. 20.15 Crores.
The third position is secured by Shine Resunga Development Bank (SHINE) with a net profit of Rs. 19.17 Crores. In terms of growth in Net profit, Kamana Sewa Bikas Bank (KSBBL) has obtained a growth margin of 188% for the Q1 of FY 80/81.
Coming towards the regional level, Karnali Development Bank (KRBL) has reported the highest growth in net profit of 149.15% while Excel Development Bank (EDBL) reported the highest decline in net profit of 737% in the Q1 of FY 80/81. As per reports, 12 companies have reported a decline in net profit for this period.
Paid-up capital:
Muktinath Bikas Bank Limited (MNBBL) has the highest paid-up capital amounting to Rs. 6.42 Arba among all the development banks. Garima Bikas Bank Limited (GBBL) has the second-highest paid-up capital amounting to Rs. 5.19 Arba.
On the other hand, Narayani Development Bank Limited (NABBC) has the lowest paid-up capital of Rs. 26.25 Crores.
Reserve and surplus:
The reserve is the amount that is retained by the company from its profits to promote future growth.
Muktinath Bikas Bank Limited (MNBBL) has reported the highest reserve and surplus which amounts to Rs. 3.2 Arba. MNBBL is followed by Lumbini Bikas Bank Limited (LBBL) with a total reserve of Rs. 2.74 Arba. Garima Bikas Bank Limited (GBBL) has secured the third position with a reserve of 2.73 Arba.
Whereas, Narayani Development Bank Limited (NABBC) and Saptakoshi Development Bank (SAPDBL) have reported negative reserves and surplus.
Deposits from Customers:
In B-class institution, Muktinath Bikas Bank Limited (MNBBL) has topped the list with a total deposit of Rs. 1.16 Kharba. This list is followed by Garima Bikas Bank Limited (GBBL) with a total deposit of Rs. 78.36 Arba. Jyoti Bikas Bank Limited (JBBL) has secured the third position with a total deposit of Rs. 61.81 Arba.
The overall development bank has collected a total deposit of Rs. 5.63 Kharba.
Loans and Advances to Customers:
Till Q1 2080/2081, total loans and advances of development banks stood at Rs. 4.54 Kharba. The average loan stood at Rs. 28.37 Arba.
Muktinath Bikas Bank Limited (MNBBL) has disbursed the highest amount of loans which amounts to Rs. 96.74 Arba. Following the list, Garima Bikas Bank Limited (GBBL) has disbursed a total loan of Rs. 63.02 Arba. Jyoti Bikas Bank Limited (JBBL) has disbursed a loan of Rs. 51.13 Arba which puts it in third place.
Net interest income:
Net Interest Income is the core business revenue which is calculated by subtracting the cost related to the deposits from the income from loans and advances.
In terms of Net interest income, Muktinath Bikas Bank Limited (MNBBL) tops the list with a total of Rs. 1.04 Arba. Garima Bikas Bank Limited (GBBL) has the second-highest net interest income amounting to Rs. 88.83 Crores. GBBL is followed by Jyoti Bikas Bank Limited (JBBL) which has reported a net interest income of Rs. 57.40 Crores.
Out of the 16 banks, 8 banks have reported above-industry-average net interest income.
Provisions for the period (Impairment/Reversal):
Banks have set aside a certain amount in loan loss provision and have delayed the loan repayment of several borrowers. A total of Rs 1.91 Arba has been shown in an impairment charge for a loan and other losses.
In National Level, Muktinath Bikas Bank Limited (MNBBL) has the highest impairment charge for a loan and other losses with Rs. 36.15 Crores. Garima Bikas Bank Limited (GBBL) also has higher provisions amounting to Rs. 35.35 Crores.
In the regional level, Narayani Development Bank Limited (NABBC) has reported the lowest impairment charges for this period.
Earnings per share:
Karnali Development Bank Limited (KRBL) topped the list in terms of EPS amounting to Rs. 32.50 per share. LBBL Bikas Bank Limited (LBBL) has the second-highest EPS with Rs. 20.49 per share.
Out of 16 development banks, 12 banks have reported above-industry average EPS.
Net worth per share:
The highest net worth per share is reported by Lumbini Bikas Bank Limited (LBBL) with Rs. 181.07 per share. This is followed by Mahalaxmi Bikas Bank Limited (MLBL) with a net worth per share of Rs. 157.38 per share. Similarly, Garima Bikas Bank Limited (GBBL) reported a net worth of Rs. 152.71 per share.
The average net worth per share comes at Rs. 128.33 per share when we factor in the net worth per share of all the 16 banks.
P/E Ratio:
The P/E ratio tells investors what they are paying for each rupee of earnings of the firm. The lower the ratio, the better the deal.
In terms of the P/E ratio, Karnali Development Bank Limited (KRBL) has the lowest P/E ratio of 7.95 times. Meanwhile, Corporate Development Bank Limited reported the highest P/E of 105.53 times from the regional level.
One should always check the fundamentals of the company and if they find the bad fundamentals then there is a reason for the lower valuation. Also, the PE is calculated as per the quarter-end closing price of the respective companies. In today's date, the price differs in the secondary market.
Non-Performing Loans:
Non-performing loan indicates the risk of credit provided by the bank to its clients. A higher NPL indicates that the bank might be at risk.
In terms of NPL, Muktinath Bikas Bank Limited (MNBBL) has the lowest ratio with an NPL of 1.49%, and on the other hand, Saptakoshi Development Bank Limited (SAPDBL) has reported the highest NPL of 18.50%.
Capital Adequacy Ratio (CAR):
In terms of the Capital Adequacy ratio (CAR), Corporate Development Bank Limited (CORBL) seems to have reported the highest CAR of 44.92%, while Karnali Development Bank Limited (KRBL) has the lowest CAR of 10.10%.
CAR is the ratio of a bank's capital in relation to its risk-weighted assets and current liabilities.
Others:
Cost of Funds, CD Ratio, Base Rates, and Interest Spread:
Cost of Funds:
The term cost of funds refers to how much banks and financial institutions spend in order to acquire money to lend to their customers. The lower the cost of funds, the better because it ultimately reduces the cost of banks. As per reports, Green Development Bank Limited (GRDBL) has the highest Cost of Funds at 9.99%, whereas Sindhu Bikas Bank Limited (SINDU) has the lowest cost of funds at 8.36%.
CD Ratio:
The CD ratio refers to the credit-deposit ratio in banking parlance. It tells how much of the money banks have raised in the form of deposits has been deployed as loans. Similarly, Corporate Development Bank Limited (CORBL) has reported the highest CD ratio of 93.07%, whereas Karnali Development Bank Limited (KRBL) has reported the lowest CD ratio of 75.78%.
Base Rate and Interest Spread:
Base rate is defined as the minimum interest rate set by the NRB below which banks are not permitted to lend to their customers. Narayani Development Bank Limited (NABBC) reports the highest base rate of 17.78%, and Excel Development Bank Limited (EDBL) has the lowest base rate of 12%.
Similarly, the net interest rate spread is the difference between the interest rate a bank pays to depositors and the interest rate it receives from loans to consumers. Here,Narayani Development Bank Limited (NABBC) has the highest interest spread of 5.12%.
Finally, the table below provides a full picture of the major indicators of 16 development banks as of the first quarter of FY 2080-2081.",0.10574135184288025
2023-11-09,Mahalaxmi Bikas Bank hands over financial contribution of Rs 10 lakh to Nepal Government to support earthquake survivors,https://www.sharesansar.com/newsdetail/mahalaxmi-bikas-bank-hands-over-financial-contribution-of-rs-10-lakh-to-nepal-government-to-support-earthquake-survivors-2023-11-09,"Mahalaxmi Bikas Bank has handed over a financial contribution of Rs 10 lakh to PM disaster relief and rescue fund to support the earthquake affected locals in Jajarkot and Rukum.
The support amount was handed over by chairman of the bank Mr. Rajesh Upadhyay and Chief Executive Officer of the bank Mr. Bodh Raj Devkota to FM Mr. Prakash Saran Mahat amid a program, as per the media statement.",0.34117621183395386
2023-11-03,Financial Support to Orchid Garden Nepal by Mahalaxmi  Bank,https://www.sharesansar.com/newsdetail/financial-support-to-orchid-garden-nepal-by-mahalaxmi-bank-2023-11-03,"Mahalaxmi Bikas Bank Limited
issued a press release regarding the offering of financial support to Orchid Garden Nepal on 16th Kartik, 2080.
According to the release, Mahalaxmi Bikas Bank Limited will be providing financial support under corporate social responsibility to underprivileged children in coordination with Round Table Nepal.
The bank has provided financial support of Rs. 50000 to the school since it was renovated under the Orchid Garden Nepal project after the government authority informed about the school's improvement.
Mahalaxmi Bikas Bank Ltd also has informed that it will continue its corporate social responsibility activities more effectively in the coming days.",-0.19882887601852417
2023-10-18,NRB Reports Net Profits of Commercial and Development Banks Till Bhadra of FY 2080/81; GBIME Leading The Chart,https://www.sharesansar.com/newsdetail/nrb-reports-net-profits-of-commercial-and-development-banks-till-bhadra-of-fy-208081-gbime-leading-the-chart-2023-10-18,"Nepal Rastra Bank has unveiled recent statistics covering the net profit of commercial banks, and development banks for up to the first two months of the current fiscal year 2080/81 i.e. Bhadra.
Commercial Banks
During the first two months of the fiscal year 2080/81, commercial banks in Nepal collectively earned a total net profit of Rs. 16.64 Arba.
Among these, Global IME Bank earned the highest net profit, surpassing all others, with Rs. 1.75 Arba. Similarly, Nabil Bank earned Rs.1.56 Arba, NIMB earned Rs. 1.48 Arba, Himalayan Bank earned Rs. 1.23 Arba, and Kumari Bank earned Rs. 1.14 Arba in net profits during this period. These five banks stood out with profits exceeding Rs. 1 Arba.
On the other hand, Nepal SBI Bank and Machhapuchchhre Bank reported the lowest net profits during this period, with Rs. 27.29 Crores and Rs. 37.63 Crores, respectively. Citizens Bank earned Rs. 44.31 Crores and Standard Chartered Bank reported a net profit of Rs. 48.45 Crores.
The net profit of other banks remained above Rs. 50 Crores.
Development Banks
The development banking sector in Nepal achieved a noteworthy net profit of Rs. 1.35 Arba, despite facing losses reported by four out of the 17 banks in this category. Muktinath Bikas Bank emerged as a standout performer, recording an impressive net profit of Rs. 31.28 crore, closely followed by Garima Bikas Bank, which earned Rs. 16.55 crore.
Conversely, Green Development Bank and Salapa reported the lowest profits in the sector, with earnings of Rs. 1.03 Crores and Rs. 40.10 Lakhs, respectively. Additionally, Narayani, Saptakoshi, Excel, and Miteri Development Bank faced challenges as they grappled with net losses during the period.",0.009196622297167778
2023-10-18,Mahalaxmi Bikas Bank provides booklets and stickers to Nepal Police for public awareness,https://www.sharesansar.com/newsdetail/mahalaxmi-bikas-bank-provides-booklets-and-stickers-to-nepal-police-for-public-awareness-2023-10-18,"Mahalaxmi Bikas Bank, under its CSR initiative, has handed over booklets and stickers for public awareness to Nepal Police Circle in Maligaun.
The support materials were handed over to the DSP of the circle Mr. Indra Prasad Subedi and S.I. of Community Police Service Mr. Basanta Thapa by the Marketing head of the bank Mr. Basant Bakshi amid a program, as per the media statement.",0.7775534391403198
2023-09-21,Mahalaxmi Bikas Bank inks agreements with several institutions across Nepal; bank’s customers enjoy discount for using their health and hospitality services,https://www.sharesansar.com/newsdetail/mahalaxmi-bikas-bank-inks-agreements-with-several-institutions-across-nepal-banks-customers-enjoy-discount-for-using-their-health-and-hospitality-services-2023-09-21,"Mahalaxmi Bikas Bank has inked an agreement with a number of organizations to facilitate special discounts for its card and mobile banking customers while availing their health and hospitality services.
Customers can receive discounts as per the below
Institution
Location
Discount
Surya Janasewa Healthcare Pvt. Ltd.
Koteswor 35, Kathmandu
Upto 15%
Suryapura Polyclinic
Gaidahawa, 6 Suryapura
10%
Corner Point Restaurant & Bar Pvt. Ltd.
Newroad-22 Kathmandu
10%
E-Revolving Indian Cuisine Restaurant P. Ltd.
Newroad-22 Kathmandu
10%
Ganga Jamuna Unisex Salon Pvt. Ltd.
Itahari, Sunsari
10%",0.4276326298713684
2023-09-11,Mahalaxmi Bikas Bank hands over Laxman Babu Shrestha scholarship to needy student of Nandi Ma.Vi. in Naxal,https://www.sharesansar.com/newsdetail/mahalaxmi-bikas-bank-hands-over-laxman-babu-shrestha-scholarship-to-needy-student-of-nandi-mavi-in-naxal-2023-09-11,"Mahalaxmi Bikas Bank has handed over financial support of Rs 50 thousand to the student of Shree Nandi Ma.Vi. Mr. Santosh Kumar Mandal is under its Laxman Babu Shrestha scholarship program.
The support amount was handed over by Durbarmarg BM of the bank Mr. Manil Ratna Shahi to the headmaster of the school Ms. Geeta Kafle amid a program, as per the media statement.",0.8011841773986816
2023-09-07,Mahalaxmi Bikas Bank inks MoU with several institutions; to facilitate discount for its card and mobile banking customers,https://www.sharesansar.com/newsdetail/mahalaxmi-bikas-bank-inks-mou-with-several-institutions-to-facilitate-discount-for-its-card-and-mobile-banking-customers-2023-09-07,"Mahalaxmi Bikas Bank has inked an agreement with several institutions to provide discounts to its card and mobile banking customers.
The bank has inked an agreement of discount with several institutions which are as follows
Name of organization
Address
Discount
Navajiwan Hospital
Janakpurdham-9 Dhanusha
15% in hospital service, 7% in pharmacy service, 20% in lab service and Rs 2000 in health package
Crown’s Collection
Hetauda-4 Makwanpur
10%
New Busy Beans
Siddharthanagar-5 Bhairahawa
10%
Manahari Hair & Beauty Unisex Salon
Manahari-7 Hetauda
10%
Hook Hospitality Pvt. Ltd.
Koteswor-32 Kathmandu
10%",0.6178432106971741
2023-08-28,Mahalaxmi Bikas Bank revamps its online banking platform,https://www.sharesansar.com/newsdetail/mahalaxmi-bikas-bank-revamps-its-online-banking-platform-2023-08-28,"Mahalaxmi Bikas Bank has revamped its internet banking service wherein the bank has added new services.
Customers can now receive Account Opening, KYC Update, New Debit Card, Mobile Banking, Internet Banking, New Locker and Merchant (QR) Requests & Dispute Claim services, as per the media statement.",-0.6554723381996155
2023-08-16,Mahalaxmi Bikas Bank receives BFIN Excellence Award 2023 for its focus on employee training and development,https://www.sharesansar.com/newsdetail/mahalaxmi-bikas-bank-receives-bfin-excellence-award-2023-for-its-focus-on-employee-training-and-development-2023-08-16,"Mahalaxmi Bikas Bank has received BFIN Excellence Award 2023 from Banking Finance &  Insurance Institute of Nepal for being able to provide an excellent environment and training as well as support to its staff members.
Chairman of the Insurance Authority Mr. Surya Prasad Silwal handed over the award to HRM head of the bank Mr. Bishal Raj Karki amid a program on Shrawan 29, 2080.",-0.5773115754127502
2023-08-14,Mahalaxmi Bikas Bank inks MoU with different institutions; to provide attractive discount to its card and mobile banking users,https://www.sharesansar.com/newsdetail/mahalaxmi-bikas-bank-inks-mou-with-different-institutions-to-provide-attractive-discount-to-its-card-and-mobile-banking-users-2023-08-14,"Mahalaxmi Bikas Bank has inked an agreement with different institutions across the nation so as to provide special discounts to its card and mobile banking customers while availing their services.
As Per the agreement, customers of the bank will now receive 10% discount at Mangalam Diagnostic Centre in Birgunj, 10% discount at Hotel Quick 20 and River Side in Simara, 15% at Regal Hetauda Resort in Hetauda, 20% discount at Nisarga Hospital in Dhangadi, 10% discount at Bisuddha Momocha in Hetauda and 10% discount at Kabilas Resort and Funpark in Bharatpur, as per the media statement.",-0.5901755094528198
2023-08-10,Mahalaxmi Bikas Bank and Everest Bank Urges Shareholders to Claim Due Dividend,https://www.sharesansar.com/newsdetail/mahalaxmi-bikas-bank-and-everest-bank-urges-shareholders-to-claim-due-dividend-2023-08-10,"Mahalaxmi Bikas Bank Limited (MLBL)
has published notice to the shareholders of former (Malika Bikas Bank Limited, Mahalaxmi Finance Limited, Yeti Finance Limited, Siddhartha Finance Limited, and Valley Finance Limited) to collect uncollected due dividends passed by various general meetings.
Investors who have not claimed the dividend yet have to contact the share registrar of this bank, Siddhartha Capital Limited located at Narayanchaur, Kathmandu, or the bank's share department for more information.
Notice
Similarly,
Everest Bank Limited (EBL)
has also published a notice to the shareholders who are yet to claim the uncollected due dividend.
Also, even after 16 years of dividend distribution some of the shareholders haven't collected the dividend from the bank yet. Investors who haven't claimed the dividend should present their share certificate and proof of identity to the bank's share department to claim their dividend.
Notice",0.9215301871299744
2023-07-24,Mahalaxmi Bikas Bank provides Rs 51 thousand worth Mahalaxmi Literature Prize 2079 to literature Dr. Govinda Raj Bhattarai,https://www.sharesansar.com/newsdetail/mahalaxmi-bikas-bank-provides-rs-51-thousand-worth-mahalaxmi-literature-prize-2079-to-literature-dr-govinda-raj-bhattarai-2023-07-24,"Mahalaxmi Bikas Bank, in collaboration with Matribhumi Sahitya Samaj, has provided Mahalaxmi Literature prize 2079 to Dr. Govinda Raj Bhattarai.
Bagmati province head of the bank Mr. Sambhu Prasad Parajuli handed over the prize along with cash money of Rs 51 thousand to Dr. Bhattrai for his contribution with his 65 plus published books in the domain of Nepalese literature, as per the media statement.",0.6004941463470459
2023-07-19,"Mahalaxmi Bikas Bank conducts 27 CSR-related events last fiscal year; supports schools, temples and other social institutions",https://www.sharesansar.com/newsdetail/mahalaxmi-bikas-bank-conducts-27-csr-related-events-last-fiscal-year-supports-schools-temples-and-other-social-institutions-2023-07-19,"Mahalaxmi Bikas Bank, under its CSR initiative, has organized a range of CSR activities at several places and institutions across the nation during the previous fiscal year.
The Hakimchowk branch has provided financial support of Rs 2.50 lakh to the Rotary Club of Gaidakot for the reconstruction of 35 public toilets constructed for the socially marginalized community at Bhujelgau in Gaidakot Nagarpalika-3. Likewise, Nepalgunj branch has also provided health equipment to Nirdhan Utthan Sanjibani Health Academy located at Kohalpur Nagarpalika-9.
In addition, the bank has provided a range of other support to 27 different institutions, schools, temples and community organizations so as to fulfil its social responsibility, as per the media statement.",-0.013714730739593506
2023-07-06,Mahalaxmi Bikas Bank provides financial support of Rs 50 thousand each to 5 needy students of Kalikot,https://www.sharesansar.com/newsdetail/mahalaxmi-bikas-bank-provides-financial-support-of-rs-50-thousand-each-to-5-needy-students-of-kalikot-2023-07-06,"Mahalaxmi Bikas Bank, under its CSR initiative, has provided a financial support of Rs 2.50 lakh to Karnali Province Tourism and Culture Conservation Centre for the education of five needy students of Kalikot district.
The support amount was handed over by corporate communication head of the bank Mr. Basant Bakshi to the chairman of the centre Mr Tekraj Shahi amid a program, as per the media statement.",-0.546891450881958
2023-07-03,Mahalaxmi Bikas Bank hands over Hira Giri scholarship worth Rs 50 thousand to needy student in Birgunj,https://www.sharesansar.com/newsdetail/mahalaxmi-bikas-bank-hands-over-hira-giri-scholarship-worth-rs-50-thousand-to-needy-student-in-birgunj-2023-07-03,"Mahalaxmi Bikas Bank has handed over Hira Giri scholarship to class 9 student Mr. Jivan Rajbansi of Shree Tribhuvan Hanuman Ma.Vi. in Birgunj.
The scholarship amount of Rs 50 thousand was handed over by BoD of the bank Mr. Shyam Sundar Rungta to the chairman of Aamako Maya hostel Mr. Bhabarlal Parik to support the accommodation of the student, as per the media statement.",0.5231055021286011
2023-06-27,Mahalaxmi Bikas Bank As Title Sponsor for 8th Mr. Himalaya National Body Building Contest,https://www.sharesansar.com/newsdetail/mahalaxmi-bikas-bank-as-title-sponsor-for-8th-mr-himalaya-national-body-building-contest-2023-06-27,"Mahalaxmi Bikas Bank has stepped in as the title sponsor for 8
th
Mr. Himalaya National Body Building Contest organized by the National Body Building and Fitness Association on Asar 8 and 9, 2080.
The bank currently has 103 branches and serves more than 7 lakh customers, as per the media statement.",0.752025842666626
2023-06-20,Mahalaxmi Bikas Bank partners with number of business institutions; to provide discounts up to 45% to its card and mobile banking customers,https://www.sharesansar.com/newsdetail/mahalaxmi-bikas-bank-partners-with-number-of-business-institutions-to-provide-discounts-up-to-45-to-its-card-and-mobile-banking-customers-2023-06-20,"Mahalaxmi Bikas Bank has partnered with a number of business institutions to provide attractive discounts to its card and mobile banking customers.
Following the MoU, customers can enjoy a discount of up to 45% at Arogin health care, 10% at Hotel Pathibhara in Sunsari, 15% in Buingal Lodge and Bar in Maitidevi, and 10% each at Yellow Hatti and Burger House and Crunchy Fried Chicken, as per the media statement.",-0.5313995480537415
2023-06-13,Promoter Shares Of Muktinath Bikas Bank And Mahalaxmi Bikas Bank In Auction From Today,https://www.sharesansar.com/newsdetail/promoter-shares-of-muktinath-bikas-bank-and-mahalaxmi-bikas-bank-in-auction-from-today-2023-06-13,"The existing promoters of
Muktinath Bikas Bank Limited (MNBBL)
are selling 119,055 units of promoter shares in an auction to existing promoter shareholders from today i.e. 30th Jestha to 1st Shrawan, 2080.
119,055 unit promoter shares of MNBBL will be auctioned and Rs. 190 is the minimum bid rate. The minimum bid quantity for promoters’ shares is 1,000 units. Only existing promoters are eligible to bid for the auction. The shareholders should submit their bids to the auction manager of the bank B.O.K Capital Markets, located at Naxal, Kathmandu.
Auction Notice
Similarly, the existing promoter of
Mahalaxmi Bikas Bank Limited (MLBL)
is also auctioning 9,47,392 units of shares to existing promoter shareholders from today i.e. 30th Jestha, 2080.
9,47,392 unit promoter shares of MLBL will be auctioned. Only existing promoters are eligible to bid for the auction within 35 days from the date of publication of this notice, i.e. 30th Jestha. The shareholders should submit their bids at the central office of the bank located at Durbarmarg, Kathmandu.
As of writing, MLBL has an LTP of Rs. 320.
Auction notice",0.9270303249359131
2023-06-09,Mahalaxmi Bikas Bank hands over prizes to winning teams of Mahalaxmi Corporate Cricket League 2023,https://www.sharesansar.com/newsdetail/mahalaxmi-bikas-bank-hands-over-prizes-to-winning-teams-of-mahalaxmi-corporate-cricket-league-2023-2023-06-09,"Mahalaxmi Bikas Bank has distributed the prizes to the winning and runner-up teams i.e. Prime Commercial Bank and Machhapuchchhre Bank after concluding its 2
nd
edition of Mahalaxmi Corporate Cricket League 2023. Earlier, Prime Commercial Bank had clinched the title of Mahalaxmi Corporate Cricket Tournament 2023 by defeating Machhapuchchhre Bank by 40 runs.
Deputy Governor of Nepal Rastra Bank Mr. Bam Bahadur Mishra and chairman of the bank Mr. Rajesh Upadhyay handed over the prizes to the winning teams and individual players. Mr. Kritartha Shakya from Prime Bank received the Man of the match award for the final match. Mr. Samir Thapa from Kamana Sewa Bikas Bank received the best batsman award while Mr. Cheten Dorje Sherpa from the same bank received the best bowler award. Mr. Sanjay Giri became the best fielder while Mr. Ritesh Adhikari received the best wicketkeeper award. Finally, Mr. Kritartha Shakya from Prime Bank received the best player in the tournament.",0.762319803237915
2023-06-07,Prime Commercial Bank defeats Machhapuchchhre Bank; becomes champions in 2nd edition of Mahalaxmi Corporate Cricket league 2023,https://www.sharesansar.com/newsdetail/prime-commercial-bank-defeats-machhapuchchhre-bank-becomes-champions-in-2nd-edition-of-mahalaxmi-corporate-cricket-league-2023-2023-06-07,"Prime Commercial Bank has clinched the title of Mahalaxmi Corporate Cricket tournament 2023 by defeating Machhapuchchhre Bank by 40 runs.
Mr. Kritartha Shakya from Prime Bank has received the man of the match award for the final match. Mr. Samir Thapa from Kamana Sewa Bikas Bank received the best batsman award while Mr. Chetendorje Sherpa from the same bank received the best bowler award. Mr. Sanjay Giri became the best fielder while Mr. Ritesh Adhikari received the best wicket keeper award. Finally, Mr. Kritartha Shakya from Prime Bank received the best player of the tournament.
All the winning teams and best players in different categories also received awards and prizes from Mahalaxmi Bikas Bank, as per the media statement.",0.5493601560592651
2023-06-06,12 more matches conclude on 2nd day of Mahalaxmi Corporate Cricket League; final day to see semi-final and final matches,https://www.sharesansar.com/newsdetail/12-more-matches-conclude-on-2nd-day-of-mahalaxmi-corporate-cricket-league-final-day-to-see-semi-final-and-final-matches-2023-06-06,"Mahalaxmi Bikas Bank has successfully completed 12 matches on the 2
nd
day of the ongoing Mahalaxmi Corporate Cricket league.
On the 2
nd
day, Prime Commercial Bank, NMB Bank, Mahalaxmi Bikas Bank, Sunrise Bank, Kamana Sewa Bikas Bank, NIC ASIA Bank, Lumbini Bikas Bank, Machhapuchchhre Bank, Citizens Bank, and Lumbini Bikas Bank have all defeated their competitors following which the matches shall proceed for the final day, as per the media statement.
The tournament will see a total of 31 matches from 16 corporate teams participating in the event, as per the media statement.",0.7799451947212219
2023-06-05,10 matches conclude on first day of Mahalaxmi Corporate Cricket League; big banks appear heavy against smaller dev. Banks and finance companies,https://www.sharesansar.com/newsdetail/10-matches-conclude-on-first-day-of-mahalaxmi-corporate-cricket-league-big-banks-appear-heavy-against-smaller-dev-banks-and-finance-companies-2023-06-05,"Mahalaxmi Bikas Bank has successfully completed ten matches on the first day of the ongoing Mahalaxmi Corporate Cricket league.
On the first day, Mahalaxmi Bikas Bank, Prime Commercial Bank, Rastriya Banijaya Bank, Sunrise Bank, NIC ASIA Bank, ICFC Finance, Kamana Sewa Bikas Bank and Kumari Bank have all defeated their competitors following which the matches shall proceed for the two more days, as per the media statement.
The tournament will see a total of 31 matches from 16 corporate teams participating in the event, as per the media statement.",0.7672041654586792
2023-06-01,Mahalaxmi Bikas Bank to organize 2nd edition of Mahalaxmi corporate cricket tournament from Jestha 20; 16 different BFIs to participate,https://www.sharesansar.com/newsdetail/mahalaxmi-bikas-bank-to-organize-2nd-edition-of-mahalaxmi-corporate-cricket-tournament-from-jestha-20-16-different-bfis-to-participate-2023-06-01,"Mahalaxmi Bikas Bank, amid its 29th-anniversary events, is organizing a corporate cricket league from Jestha 20 to 22, 2080.
The tournament will see participation from 16 different BFIs who will play 32 matches altogether. The winning and runner-up teams, and the best-performing players in different categories will receive attractive prizes from the bank, as per the media statement.
CEO of the bank Mr. Bodh Raj Devkota has unveiled the winners’ trophy while the Assistant CEO Mr. Jalaj Kumar Adhikari unveiled the runner-up trophy amid a program. All the matches will be televised live via the official YouTube channel of the bank, as per the media statement.",0.7989937663078308
2023-05-28,Mahalaxmi Bikas Bank introduces its credit card service; to provide credit limit of upto Rs 5 lakh to users without any chargeable interest for 45 days,https://www.sharesansar.com/newsdetail/mahalaxmi-bikas-bank-introduces-its-credit-card-service-to-provide-credit-limit-of-upto-rs-5-lakh-to-users-without-any-chargeable-interest-for-45-days-2023-05-28,"Mahalaxmi Bikas Bank has launched its credit card service amid its 29
th
anniversary from Jestha 12, 2080.
CEO of the bank Mr. Bodh Raj Devkota has inaugurated the credit card service amid a program. Customers can use this credit card service for purchases and withdraw cash in Nepal, India and Bhutan within the credit limit of Rs 15 thousand to Rs 5 lakh where the bank will not charge any interest for 45 days, as per the media statement.",0.7041295766830444
2023-05-22,Mahalaxmi Bikas Bank observes 29th anniversary with range of CSR activities; to organized 2nd edition of Mahalaxmi Corporate Cricket,https://www.sharesansar.com/newsdetail/mahalaxmi-bikas-bank-observes-29th-anniversary-with-range-of-csr-activities-to-organized-2nd-edition-of-mahalaxmi-corporate-cricket-2023-05-22,"Mahalaxmi Bikas Bank has observed its 29
th
anniversary on Jestha 7, 2080 where the bank has organized a range of CSR activities from all its 103 branches.
The bank has organized blood donation event from its 29 branches, ralleys for financial literacy and cultural programs, cake cutting program and Mahalaxmi Corporate Cricket and many more, as per the media statement.
Likewise, the bank is also organizing the second edition of Mahalaxmi Corporate Cricket with 16 teams from Jestha 20 to 22, 2080, as per the media statement.",0.8479659557342529
2023-05-14,Mahalaxmi Bikas Bank supports in publication of folklore collection authored by literary stalwart Late Satya Mohan Joshi,https://www.sharesansar.com/newsdetail/mahalaxmi-bikas-bank-supports-in-publication-of-folklore-collection-authored-by-literary-stalwart-late-satya-mohan-joshi-2023-05-14,"Mahalaxmi Bikas Bank has provided financial support for the publication of children’s folk tales penned by the honorary historian and author Late Satya Mohan Joshi.
The bank has unveiled the collection of children’s folklore Chakhuncha Haagu Mey (Songs of Sparrow) amid a program on Baisakh 27, 2080 to observe the 104
th
birth centennial of Late stalwart Joshi, as per the media statement.",-0.14600205421447754
2023-05-08,"Mahalaxmi Bikas Bank makes range of CSR related contributions; supports health centres, police station and community schools for larger public welfare",https://www.sharesansar.com/newsdetail/mahalaxmi-bikas-bank-makes-range-of-csr-related-contributions-supports-health-centres-police-station-and-community-schools-for-larger-public-welfare-2023-05-08,"Mahalaxmi Bikas Bank has organized CSR-related activities from its different branches.
The bank has handed over Semi Auto Biochemistry Analyzer Machine to Nirdhan Utthan Sanjibani Health Foundation for free health check-ups of needy populations across the locality. The support machinery was handed over to the chairman of the foundation Ms. Purnima Shahi by Lumbini province head of the bank Mr. Khagendra Bahadur Saud and Nepalgunj BM Mr. Bindu Prasad Sharma.
Likewise, the Dallu and Thamel branch of the bank has handed over barricade, cone and GoPro cameras to Nepal Police station at Teku. The support materials were handed over to SSP of the station Mr. Dhan Bahadur Karki by Dallu BM Mr. Asish Bahadur Dhamala and Thamel BM Mr. Yudhir Man Singh.
Likewise, Birgunj branch of the bank has handed over six smart televisions to Shree Siddhartha Ma.Vi. located in Burgunj-14. The support items were handed over to SMC member Mr. Shivsankar Patel by Madhesh province head of the bank Mr. Sudeep Chandra Pokharel and Birgunj BM Mr. Purusottam Adhikari, as per the media statement.",0.8895460963249207
2023-04-27,Mahalaxmi Bikas Bank provides school bags to students of Junkiri Public School in Sankhu; collaborates with Round Table Nepal to ensure access to education for needy students,https://www.sharesansar.com/newsdetail/mahalaxmi-bikas-bank-provides-school-bags-to-students-of-junkiri-public-school-in-sankhu-collaborates-with-round-table-nepal-to-ensure-access-to-education-for-needy-students-2023-04-27,"Mahalaxmi Bikas Bank, under its CSR initiative, has provided school bags to the students of Junkiri Public School in Sankhu of Kathmandu by partnering with Round Table Nepal, an organization working for quality public education in Nepal.
The event was also attended by Deputy speaker of House of Representative Ms. Indira Ranamagar, Mayor of Sankharapur nagarpalika Mr. Ramesh Napit, head of marketing and corporate communication of the bank Mr. Basant Bakshi, officials from Round Table Nepal, students and teachers of the school, as per the media statement.",0.4393022656440735
2023-04-26,Net Profit of Development Banks of Nepal Has Decreased In Q3; Dive Into Comprehensive Analysis of Major Indicators For All 15 Development Banks In Nepal,https://www.sharesansar.com/newsdetail/net-profit-of-development-banks-of-nepal-has-decreased-in-q3-dive-into-comprehensive-analysis-of-major-indicators-for-all-15-development-banks-in-nepal-2023-04-26,"Without a doubt, the Financial Institutions are also experiencing economic instability as a result of market swings, given the increasing interest rates, inflation, and overall worldwide recession. Financial institutions' primary business revenue may be affected as a result of the monetary policy's higher interest rate bar, which may be advantageous for some financial institutions and detrimental for others. In this comprehensive analysis, we will examine the  financial performance of “B” class financial institution; Development Banks of Nepal, and see which institution is maintaining a good financial position despite numerous obstacles.
There are 16 development banks which are currently listed NEPSE. However, the Quarter third report (Q3) of
Saptakoshi Development Bank Limited (SAPDBL)
is not yet published by the company. Hence, this analysis discards SAPDBL.
So, let’s dissect the performance of B-class financial institutions based on the unaudited 3rd quarterly report of 2079/80 fiscal year.
Net profit:
As per the quarterly report,
Muktinath Bikas Bank Limited (MNBBL)
has reported the highest net profit for the period amounting to Rs. 80.63 Crores.
Garima Bikas Bank Limited(GBBL)
comes in second place in terms of profit which amounts to Rs. 65.19 Crores.
The third position is secured by
Shine Resunga Development Bank Limited (SHINE)
with a net profit of Rs.
55.45
crores. In terms of growth in Net profit,
Shine Resunga Development Bank Limited (SHINE)
has obtained growth margin of 14.39% for the Q3 of FY 79/80.
Coming towards regional level,
Corporate Development Bank Limited(CORBL)
has reported highest growth in net profit of 73.10% in the Q3 of F.Y 79/80. As per reports, 9 companies have reported decline in net profit for this period.
Paid up capital:
Muktinath Bikas Bank Limited (MNBBL)
has the highest paid-up capital amounting to Rs. 6.42 Arba among all the development banks.
Garima Bikas Bank Limited (GBBL)
has the second-highest paid-up capital amounting to Rs. 5.19 Arba.
On the other hand,
Narayani Development Bank Limited (NABBC)
has the lowest paid-up capital of Rs.26 Crores.
Reserve and surplus:
Reserve is the amount that is retained by the company from its profits to promote future growth.
Jyoti Bikas Bank Limited (JBBL)
has reported the highest reserve and surplus which amounts to Rs. 2.6 Arba. JBBL is followed by
Lumbini Bikas Bank Limited (LBBL)
with a reserve of Rs. 2.5 Arba.
Muktinath Bikas Bank Limited (MNBBL)
has secured the third position with a reserve of 2.4 Arba.
Whereas,
Narayani Development Bank Limited (NABBC)
has reported negative reserves and surplus amounting to Rs.10 Crores.
Deposits from Customers:
In B-class institution,
Muktinath Bikas Bank Limited (MNBBL)
has topped the list with a total deposit of Rs. 1.12 Kharba. This list is followed by
Garima Bikas Bank Limited (GBBL)
with a total deposit of Rs. 73.87 Arba.
Jyoti Bikas Bank Limited (JBBL)
has secured the third position with a total deposit of Rs. 57.52 Arba.
The overall development bank has collected a total deposit of Rs. 5.24 Kharba.
Loans and Advances to Customers:
Till Q3 2079/2080, total loans and advances of development banks stood at Rs. 4.30 Kharba. The average loan stood at Rs. 28.73 Arba.
Muktinath Bikas Bank Limited (MNBBL)
has disbursed the highest amount of loans which amounts to Rs. 91.85 Arba. Following the list,
Garima Bikas Bank Limited (GBBL)
has disbursed a total loan of Rs. 60.66 Arba.
Jyoti Bikas Bank Limited (JBBL)
has disbursed a loan of Rs. 49.29 Arba which puts it in third place.
Net interest income:
Net Interest Income is the core business revenue which is calculated by subtracting the cost related to the deposits from the income from loans and advances.
In terms of Net interest income,
Muktinath Bikas Bank Limited (MNBBL)
tops the list with a total of Rs.3.03 Arba.
Garima
Bikas Bank Limited (GBBL)
has the second-highest net interest income amounting to Rs. 2.38 Arba. GBBL is followed by
Jyoti Bikas Bank Limited (JBBL)
which has reported a net interest income of Rs. 1.68 Arba.
Out of the 15 banks, 8 banks have reported above industry average net interest income.
Provisions for the period (Impairment/Reversal):
Banks have set aside a certain amount in loan loss provision and have delayed the loan repayment of several borrowers. A total of Rs 4.29 Arba has been shown in an impairment charge for a loan and other losses.
In the national level,
Jyoti Bikas Bank Limited (JBBL)
has the highest impairment charge for a loan and other losses with Rs. 77.9 Crores.
Muktinath Bikas Bank Limited (MNBBL)
also have higher provisions amounting to Rs. 71.5 Crores.
In the regional level,
Narayani Development Bank Limited (NABBC)
has reported the lowest impairment charges for this period.
Earnings per share:
Shine Resunga Development Bank Limited (SHINE)
topped the list in terms of EPS amounting to Rs. 18.45 per share.
Muktinath Bikas Bank Limited (MNBBL)
has the second-highest EPS with Rs. 17.26 per share.
Out of 15 development banks, 8 banks have reported above industry average EPS.
Net worth per share:
The highest net worth per share is reported by
Lumbini Bikas Bank Limited (LBBL)
with Rs. 173.67 per share. This is followed by
Mahalaxmi Bikas Bank Limited (MLBL)
with a net worth per share of Rs. 152.81 per share. Similarly,
Kamana Sewa Bikas Bank Limited (KSBBL)
reported a net worth of Rs. 148.33 per share.
The average net worth per share comes at Rs. 130.12 per share when we factor in all the net worth per share of all the 15 banks.
P/E Ratio:
The P/E ratio tells investors what they are paying for each rupee of earnings of the firm. The lower the ratio, the better the deal.
In terms of the P/E ratio,
Lumbini Bikas Bank Limited (LBBL)
has the lowest P/E ratio of 17.61 times. This means that you are paying Rs. 17.21 for every Rupee of earning of Lumbini Bikas Bank Limited.
Corporate Development Bank Limited
reported highest P/E of 144.47 times from the regional level.
One should always check the fundamentals of the company and if they found the bad fundamentals then there is a reason for the lower valuation. Also the PE is calculated as per the quarter end closing price of the respective companies. In today's date the price differs in the secondary market.
Non-Performing Loans:
Non-performing loan indicates the risk of credit provided by the bank to its clients. Higher NPL indicates that the bank might be at risk.
In terms of NPL,
Muktinath Bikas Bank Limited (MNBBL)
has the lowest ratio with an NPL of 1.99% and on the other hand,
Excel Development Bank Limited (EDBL)
has reported the highest NPL of 8.92%.
Out of 15 banks, 9 banks have reported below industry average NPL for this quarter.
One should calculate the industry average in terms of their own analysis model
.
Capital Adequacy Ratio (CAR):
In terms of Capital Adequacy ratio (CAR),
Corporate Development Bank Limited (CORBL)
seems to have reported the highest CAR of 51.83%, while
Karnali Development
Bank Limited (KRBL)
has the lowest CAR of 10.20%.
CAR is the ratio of a bank's capital in relation to its risk weighted assets and current liabilities.
Others:
Cost of Funds:
The term cost of funds refers to how much banks and financial institutions spend in order to acquire money to lend to their customers. The lower the cost of funds, the better because it ultimately reduces the cost of banks. As per reports,
Green Development Bank Limited (GRDBL)
has the highest Cost of Funds of 11.01%, whereas
Narayani Developmen
t
Bank Limited (NABBC)
the lowest cost of funds of 8.37%.
CD Ratio:
The CD ratio refers to the credit-deposit ratio in banking parlance. It tells how much of the money banks have raised in the form of deposits has been deployed as loans. Similarly,
Corporate Development Bank Limited (CORBL)
has reported highest CD ratio of 96.28%, whereas
Karnali Development
Bank Limited (KRBL)
has reported  the lowest CD ratio of 75.56%.
Base Rate and Interest Spread:
Base rate is defined as the minimum interest rate set by the NRB below which banks are not permitted to lend to their customers.
Narayani Development Bank Limited (NABBC)
reports the highest base rate of 17.01%, and
Excel Development Bank Limited (EDBL)
has the lowest base rate of 12%.
Similarly, the net interest rate spread is the difference between the interest rate a bank pays to depositors and the interest rate it receives from loans to consumers. Here,
Karnali Development
Bank Limited (KRBL)
has the highest interest spread of 4.94%.
Cost of Funds, CD Ratio, Base Rates and Interest Spread:
Finally, the table below shows provides a full picture of major indicators of 15 development banks as of the third quarter of FY 2079-2080.",0.024843811988830566
2023-04-19,Mahalaxmi Bikas Bank Receives 1.5 Times More Applications for its 1 Arba worth Mahalaxmi Debenture 2089; to provide 11% yield each year for 10 years,https://www.sharesansar.com/newsdetail/mahalaxmi-bikas-bank-receives-15-times-more-applications-for-its-1-arba-worth-mahalaxmi-debenture-2089-to-provide-11-yield-each-year-for-10-years-2023-04-19,"Mahalaxmi Bikas Bank has sold out all its 11% Mahalaxmi Bank Debenture 2089 within the stipulated time on Baisakh 4, 2080.
The Rs 1 arba worth debenture was floated for both general investors and through private placement .ie. 40% and 60% of debentures respectively. The bank received 1.5 times more application than the units that were floated which shows the massive trust of the investors over bank’s brand, as per the media statement.
The development bank currently has 103 branches across the nation serving more than 7 lakh customers, as per the media statement.",0.4245404601097107
2023-04-17,"Promoter Shares of PCBL, EDBL, MLBL, KSBBL and GBIME In Auction From Today",https://www.sharesansar.com/newsdetail/promoter-shares-of-pcbl-edbl-mlbl-ksbbl-and-gbime-in-auction-from-today-2023-04-17,"The existing promoters of
Prime Commercial Bank Limited (PCBL)
are selling 19,15,000 units of promoter shares in an auction to the general public from 4th Baisakh to 13th Baisakh, 2080.
19,15,000 units of promoter shares will be auctioned. Individual investors, companies, and institutions can bid in an auction. Rs. 130 is the minimum bid rate. The minimum bid quantity for promoters’ shares is 100,000 units. Although bidders can bid for the entire issue, they must abide by the Nepal Rastra Bank's rule not to exceed the specified quantity of shares per entity.
Prabhu Capital Limited is the auction manager. Bids will open at the premises of the auction manager on Baisakh 14, 2080.
As of writing, PCBL has an LTP of Rs. 200.
Auction Notice
Similarly, the existing promoters of
Excel Development Bank Limited (EDBL)
,
Mahalaxmi Bikas Bank Limited (MLBL)
,
Kamana Sewa Bikas Bank Limited (KSBBL)
, and
Global IME Bank Limited (GBIME)
are auctioning their promoter shares to the eligible shareholders from today i.e 4th Baisakh, 2080.
27,718 units of promoter shares of EDBL; 1,85,000 shares of MLBL; 2,44,954 shares of KSBBL, and 5,00,000 shares of GBIME will be auctioned. Only existing promoters are eligible to bid for the auction within 35 days from the date of publication of this notice, i.e. 4th Baisakh. The shareholders should submit their bids at the central offices of the respective banks. Rs. 135 is the minimum bid rate for GBIME's promoter shares.
If no bids are received from the existing founder shareholders within the mentioned date, then the shares will be later auctioned to the general public.
EDBL Auction Notice
MLBL Auction Notice
KSBBL Auction Notice
GBIME Auction Notice",0.9148318767547607
2023-04-17,"Mahalaxmi Bikas Bank continues its CSR activities from its different branches; supports school, local community and temple areas",https://www.sharesansar.com/newsdetail/mahalaxmi-bikas-bank-continues-its-csr-activities-from-its-different-branches-supports-school-local-community-and-temple-areas-2023-04-17,"Mahalaxmi Bikas Bank, under its CSR initiative, has organized a wide range of activities from its various branches.
The Birgunj branch has provided steel water storage tank and dustbins to Alkhiya temple located in Birgunj, which is expected to support in the committee’s initiative to provide clean drinking water to the pilgrims. The support materials were handed over by Birgunj BM of the bank Mr. Purswotam Adhikari to chair of temple management committee Mr. Supen Bahadur Shrestha, as per the media statement.
Likewise, Baneshwor branch of the bank has handed over 50 dustbins to Subidhanagar toll sudhar samiti, which is expected to manage the garbages in the public area. The support materials were handed over by Baneshwor BM of the bank Mr. Bikash Rawal to chair of toll samiti Mr. Bishwo Raj Karki, as per the media statement.
Similarly, Bichbazar branch in Dhading of the bank has handed over scholarships to students of Karneshwor Ma. Vi. Located in Nilkantha nagarpalika-7 of Dhading. The support materials were handed over by Dhading BM of the bank Mr. Khil Prasad Silwal to headmaster Mr. Bishnuhari Adhikari, as per the media statement.",0.8176423907279968
2023-04-17,Mahalaxmi Bikas Bank Distributed 4% Bonus Shares to Demat Accounts,https://www.sharesansar.com/newsdetail/mahalaxmi-bikas-bank-distributed-4-bonus-shares-to-demat-accounts-2023-04-17,"Mahalaxmi Bikas Bank Limited (MLBL)
has distributed 4% bonus shares directly to the DEMAT account of its shareholders respectively and urged them to dematerialize their shares.
The bank convened its 21st AGM for the FY 2078/79 on Poush 29, 2079. The company endorsed a 10.47% dividend for FY 2078/79. A cash dividend of 6.47% and bonus shares of 4% were proposed from the paid-up capital of Rs. 4.01 Arba. Note that the bonus shares are already listed in NEPSE.
Shareholders will have to dematerialize their shares at Siddhartha Capital Limited, Naxal, Kathmandu.
Notice",0.9099658727645874
2023-04-17,"""11% Mahalaxmi Debenture 2089"" Closing Today; Minimum Applications Can Be Placed for 25 Unitsmlbl",https://www.sharesansar.com/newsdetail/11-mahalaxmi-debenture-2089-closing-today-minimum-applications-can-be-placed-for-25-unitsmlbl-2023-04-17,"Mahalaxmi Bikas Bank Limited (MLBL) is closing the issue of 10,00,000 units of
""11% Mahalaxmi Debenture 2089""
to the general public and institutions from today i.e. on  4th Baisakh, 2080.
The debenture with a maturity period of 10 years and a coupon rate of 11% was open for application from 29th Chaitra, 2079.
Out of the total units being issued 60% i.e. 6 lakh units of the total issue will be subscribed via private placement while the remaining 4 lakh units worth Rs. 40 Crores will be open for public issue, 5% of which is also allocated for mutual funds. It will raise a total of Rs 1 Arba from the issuance.
NIC Asia Capital Limited is the issue manager. Investors can apply for a minimum of 25 units to a maximum of 4,00,000 units.
Opening Notice",0.920432984828949
2023-04-13,"Bonus Shares of Pokhara Finance, Union Life Insurance Company and Mahalaxmi Bikas Bank Listed in NEPSE",https://www.sharesansar.com/newsdetail/bonus-shares-of-pokhara-finance-union-life-insurance-company-and-mahalaxmi-bikas-bank-listed-in-nepse-2023-04-13,"4,16,367.92 unit bonus shares of
Pokhara Finance Limited (PFL)
have been listed in NEPSE.
The company convened its 26th AGM on 30th Poush and endorsed a dividend of 4.21% for FY 2078/79. The 512th meeting of the Board of Directors decided to distribute a dividend of 4.21% on the paid-up capital of Rs. 1.04 Arba. A 4% bonus dividend worth Rs. 4.16 Crores and a 0.21% Cash Dividend (tax purpose) worth Rs. 21.85 Lakhs were proposed. The same bonus shares are now listed in NEPSE.
PFL closed at Rs. 378.50 yesterday.
Similarly, 19,28,550 unit bonus shares of
Union Life Insurance Company Limited (ULI)
have been listed in NEPSE.
The company convened its 5th AGM for the fiscal year 2077/78 on 26th Magh, 2079. The meeting endorsed 8.97% bonus shares worth Rs. 19,28,55,000 for the fiscal year 2077/78 from the company's paid-up capital of Rs. 2.15 Arba. The same bonus shares are now listed in NEPSE.
ULI closed at Rs. 402 yesterday.
Likewise, 16,04,353.31 unit bonus shares of
Mahalaxmi Bikas Bank Limited (MLBL)
have also been listed in NEPSE.
The bank convened its 21st AGM for the FY 2078/79 on Poush 29, 2079. The company endorsed a 10.47% dividend for FY 2078/79. A cash dividend of 6.47% and bonus shares of 4% were proposed from the paid-up capital of Rs. 4.01 Arba. The same bonus shares are now listed in NEPSE.
MLBL closed at Rs. 330 yesterday.",0.9003793001174927
2023-04-13,Banks and Financial Institutions Reduce Interest Rates for Baishakh,https://www.sharesansar.com/newsdetail/banks-and-financial-institutions-reduce-interest-rates-for-baishakh-2023-04-13,"Banks and Financial Institutions have unveiled the interest rates profile for the month of Baishakh.
Commercial Banks:
The Chief Executive Officers of commercial banks' umbrella group, NBA, lowered the interest rates which shall be effective from Baishkah, 2080.
It has been decided to reduce the interest rate on personal deposits by 10%. The interest rate on fixed deposits has now decreased to single digits as a result of this move.
For commercial banks, the interest rate of one-year term deposits has decreased from 11 percent to 9.9 percent.
Along with this, the interest rate of institutional fixed deposits has remained at 7.99 percent. Similarly, the interest rate on savings has remained at 5.4 to 7.4 percent.
The rate of remittance has been maintained at an average of 10.99%.
Development Banks:
Development Bankers Association, an association of Development Bank Chief Executive Officers, also lowered the interest rate. The members of the committee have resolved to lower the deposit interest rate by 1%.
Now the interest rate on personal term deposits is 10.60 percent and the institutional term deposit interest rates have been lowered to 8.60 percent for a period over one year.
The average interest rate for remittance has been maintained at 11.60 percent.
Additionally, the savings interest rate has been reduced by 0.60 percentage points so the interest rates on savings of development banks will be 6 percent to 9 percent.
Finance Companies:
For the finance companies, the rates effective from Baishakh shall be 10.60 percent – 10.75 percent for individual fixed deposits. The average rates of the same for institutions is 8.75%.
On the other hand, the average interest rates for remittance has been maintained at 11.60-11.75 percent.
The interest rates on savings for finance companies has been maintained at an average rate of 8-9%.",0.2523391842842102
2023-04-13,"Mahalaxmi Bikas Bank organizes range of CSR activities in Sudurpaschim province; supports schools, temples, oldage homes and orphanages",https://www.sharesansar.com/newsdetail/mahalaxmi-bikas-bank-organizes-range-of-csr-activities-in-sudurpaschim-province-supports-schools-temples-oldage-homes-and-orphanages-2023-04-13,"Mahalaxmi Bikas Bank, under its CSR initiative, has handed over support materials to temples, orphanages and oldage homes in Sudurpaschim province.
The Tikapur branch of the bank has handed over eight CCTV cameras to Jalwadevi Sewa Samiti in Tikapur-1 of Kailali which was jointly handed over by Tikapur BM of the bank Mr. Padam Bahadur Kathayat and Tikapur-1 ward chair Mr. Mohan B.K. to chairman of the samiti Mr. Harka Bahadur Rawal. Likewise, Mahendranagar branch has handed over food, sports and stationary supports to Samaj Kalyan Achal Children Home which was jointly handed over by Mahendranagar BM of the bank Mr. Pahalman Thakulla and CDO of Kanchanpur Mr. Gopal Prasad Aryal to chairman of children home Mr. Diwakar Bhatt.
Similarly, Dadeldhura branch has handed over food items to Ugratara Bed Bidhyashram in Amargadhi nagarpalika-8 in Dadeldhura, which was handed over by Dadeldhura BM of the bank Mr. Chet Pandey to headmaster of the school Mr. Prem Raj Bhatta amid a program, as per the media statement.",0.8424071073532104
2023-04-12,Development Banks Decides To Reduce Interest Rate On Fixed Deposits & Savings for the Month of Baishakh,https://www.sharesansar.com/newsdetail/development-banks-decides-to-reduce-interest-rate-on-fixed-deposits-savings-for-the-month-of-baishakh-2023-04-12,"The Development Bankers Association, an association of Development Bank Chief Executive Officers, have also resolved to lower the interest rate during its meeting. The members of the committee have resolved to lower the deposit interest rate by 1%.
The interest rate on personal term deposits will now be 10.6 percent instead of 11.6 percent, according to development banks. In a similar vein, institutional term deposit interest rates have been lowered to 8.60 percent. Additionally, it was decided to cut the savings interest rate by 0.60 percentage points. The reduced interest rate will be applicable from 1st Baisakh, 2080.
In the month of Chaitra, the development banks made the decision to lower interest rates by 15 paise for term savings of one year or longer and by 25 paise for term deposits of less than one year.
On the other hand, NBA have also decided to lower interest rates for commercial banks. In light of this, it has been agreed to lower the interest rate on personal deposits by 10%, where the interest rate of one-year term deposits has decreased from 11 percent to 9.9 percent.",0.3242341876029968
2023-04-12,"Mahalaxmi Bikas Bank Opening the Issue of ""11% Mahalaxmi Debenture 2089"" From Today",https://www.sharesansar.com/newsdetail/mahalaxmi-bikas-bank-opening-the-issue-of-11-mahalaxmi-debenture-2089-from-today-2023-04-12,"Mahalaxmi Bikas Bank Limited (MLBL) is opening the issue of 10,00,000 units of
""11% Mahalaxmi Debenture 2089""
to the general public and institutions from today i.e. on 29th Chaitra, 2079.
The debenture with a maturity period of 10 years and a coupon rate of 11% will be open for application from today to 4th Baisakh, 2080. If the issue isn't fully subscribed, the deadline can be extended to Baisakh 13, 2080.
10 lakh units will be issued at a par value of Rs. 1000 per unit. Out of the total units being issued 60% i.e. 6 lakh units of the total issue will be subscribed via private placement while the remaining 4 lakh units worth Rs. 40 Crores will be open for public issue, 5% of which is also allocated for mutual funds. It will raise a total of Rs 1 Arba from the issuance.
NIC Asia Capital Limited is the issue manager. Investors can apply for a minimum of 25 units to a maximum of 4,00,000 units.
Opening Notice",0.928917646408081
2023-04-05,Mahalaxmi Bikas Bank partners with number of institutions to provide discounts to its customers; providing up to 20% discount for hospitality and aesthetic services,https://www.sharesansar.com/newsdetail/mahalaxmi-bikas-bank-partners-with-number-of-institutions-to-provide-discounts-to-its-customers-providing-up-to-20-discount-for-hospitality-and-aesthetic-services-2023-04-05,"Mahalaxmi Bikas Bank has partnered with a number of institutions to provide special discounts to its customers.
The development bank has inked separate agreements with Meraki Holistic Wellness Retreat at Budhanilkantha for 15% discount, 10% discount at Burger shack in Jawlakhel, 20% discount at Samriddhi Hair Dressing Saloon & Academy in Butwal and Chhotu Unisex Saloon in Bhatbhateni where the card and mobile banking customers will be able to avail these discounts, as per the media statement.",-0.6028997898101807
2023-04-05,"Mahalaxmi Bikas Bank To Issue Rs. 1 Arba Worth ""11% Mahalaxmi Debenture 2089"" from 29th Chaitra",https://www.sharesansar.com/newsdetail/mahalaxmi-bikas-bank-to-issue-rs-1-arba-worth-11-mahalaxmi-debenture-2089-from-29th-chaitra-2023-04-05,"Mahalaxmi Bikas Bank Limited (MLBL) has published an offer letter to issue 10,00,000 units of
""11% Mahalaxmi Debenture 2089""
to the general public and institutions.
The debenture with a maturity period of 10 years and a coupon rate of 11% will be open for application from 29th Chaitra to 4th Baisakh, 2080. If the issue isn't fully subscribed, the deadline can be extended to Baisakh 13, 2080.
10 lakh units will be issued at a par value of Rs. 1000 per unit. Out of the total units being issued 60% i.e. 6 lakh units of the total issue will be subscribed via private placement while the remaining 4 lakh units worth Rs. 40 Crores will be open for public issue, 5% of which is also allocated for mutual funds. It will raise a total of Rs 1 Arba from the issuance.
NIC Asia Capital Limited is the issue manager. Investors can apply for a minimum of 25 units to a maximum of 4,00,000 units.",0.9228294491767883
2023-04-03,Mahalaxmi Bikas Bank launches new home and business loan schemes; slashes interest rate to just 12.99% with special discount in service charge,https://www.sharesansar.com/newsdetail/mahalaxmi-bikas-bank-launches-new-home-and-business-loan-schemes-slashes-interest-rate-to-just-1299-with-special-discount-in-service-charge-2023-04-03,"Mahalaxmi Bikas Bank has launched new home loan and business loan schemes to provide credit facilities at just a 12.99% rate of interest.
The bank, amid the new year special offer, is also providing a special discount of 0.25% on the service charge for both these loan schemes for female house/business owners for a limited time. In addition, the borrowers can also receive up to 100% of the cost of the home/building as a loan for a maximum period of 30 years and a special discount on the service fee, as per the media statement.
In the business loan scheme, the bank will provide loans for entrepreneurs with the best valuation of property, loan amount disbursed beforehand and an attractive discount is also available in-service charge, as per the media statement.
The bank currently has 103 branches across the nation serving around 7 lakh customers.",0.7889044880867004
2023-03-28,SEBON Approves 11% Mahalaxmi Debenture 2089; Bank To Issue 10 Lakh Unit Debentures Soon,https://www.sharesansar.com/newsdetail/sebon-approves-11-mahalaxmi-debenture-2089-bank-to-issue-10-lakh-unit-debentures-soon-2023-03-28,"The Securities Board of Nepal (SEBON) has approved
""11% Mahalaxmi Debenture 2089""
on Chaitra 05, 2079.
Mahalaxmi Bikas Bank Limited (MLBL) will be issuing 10 lakh unit debentures at the rate of Rs 1000 per unit. The bank will be offering an 11% interest rate on the debenture for a period of 10 years.
Out of the total units being issued 4 lakh units will be offered to the general public and 6 lakh units will be offered for private placement.
NIC Asia Capital is the issue manager. It will raise a total of Rs 1 Arba from the issuance.",0.8443922996520996
2023-03-28,Mahalaxmi Bikas Bank extends financial support to Action Works Nepal,https://www.sharesansar.com/newsdetail/mahalaxmi-bikas-bank-extends-financial-support-to-action-works-nepal-2023-03-28,"Mahalaxmi Bikas Bank has extended financial support to Action Works Nepal for its ongoing Chaupadi & Menstrual Health Hygiene Management Project.
The social campaigning against the Chaupadi system will be in place for four months at Dilasaini gaupalika of Baitadi district where there will be awareness-raising events including street dramas, informal group sessions, Deuda sessions, sanitary pad-making training and so on, as per the media statement.",-0.6852788925170898
2023-03-23,Mahalaxmi Bikas Bank inks MoU with Manakamana Darshan; to provide 10% discount for its card users during Manakamana cable car ride,https://www.sharesansar.com/newsdetail/mahalaxmi-bikas-bank-inks-mou-with-manakamana-darshan-to-provide-10-discount-for-its-card-users-during-manakamana-cable-car-ride-2023-03-23,"Mahalaxmi Bikas Bank has inked a MoU with Manakamana Darshan to facilitate for 10% discount for its customers during their Manakamana cable car ride.
The MoU was signed between these organizations to provide a 10% discount for bank debit and credit card users while making digital transactions for their cable car ticket at Manakamana Cable Car, as per the media statement.",-0.1463838517665863
2023-03-16,"Mahalaxmi Bikas Bank organizes range of CSR activities from its different branches; supports school, park and temple areas",https://www.sharesansar.com/newsdetail/mahalaxmi-bikas-bank-organizes-range-of-csr-activities-from-its-different-branches-supports-school-park-and-temple-areas-2023-03-16,"Mahalaxmi Bikas Bank, under its CSR initiative, has organized a wide range of activities from its various branches.
The Pipalla branch has provided 2 steel water storage tanks to Dilpeswor Ma.Vi. located in Dipayal Silgadhi nagarpalika-3, which is expected to support the schools’ initiative to provide clean drinking water to the school students.
Likewise, Maitidevi branch of the bank has handed over road dividers to Maitidevi temple management area, which is expected to manage the traffic congestion in the temple area.
Similarly, the Putalisadak branch of the bank has handed over six set benches to Jhigu Ikshumati park located in Kathmandu-28, as per the media statement.",0.627126932144165
2023-03-13,Development Banks Decides to Reduce the Interest Rate on Fixed Deposits & Savings for the Month of Chaitra,https://www.sharesansar.com/newsdetail/development-banks-decides-to-reduce-the-interest-rate-on-fixed-deposits-savings-for-the-month-of-chaitra-2023-03-13,"The development banks have made the decision to lower interest rates by 15 paise for term savings of one year or longer and by 25 paise for term deposits of less than one year for the month of Chaitra.
Currently, interest rates on fixed deposits at development banks are 11.75 percent for individuals. The interest rate for fixed deposits longer than a year will now be 11.60 percent, down 0.15 percentage points. The interest rate for term deposits less than a year has also been determined to be decreased by 0.25 percentage points to 11.50 percent. On the other hand, savings account interest will be reduced by 0.15 percentage points to 6.6% to 8.6%.
Also, the interest rate on fixed deposits of commercial banks have kept unchanged for the month of Chaitra, however, Nepal Bankers Association (NBA) has decided to lower the interest rate on savings.",0.12554234266281128
2023-03-09,Mahalaxmi Bikas Bank makes contributions for better operation of police’s services; supports police stations in Maligaun and Teku inside Kathmandu,https://www.sharesansar.com/newsdetail/mahalaxmi-bikas-bank-makes-contributions-for-better-operation-of-polices-services-supports-police-stations-in-maligaun-and-teku-inside-kathmandu-2023-03-09,"Mahalaxmi Bikas Bank, under its CSR initiative, has handed over support items to Nepal Police stations inside Kathmandu valley.
The bank through its head office Durbarmarg has handed over checking posts, IEC materials, informational stickers and masks to police circle Maligaun. Marketing and corporate communication head of the bank Mr. Basant Bakshi handed over the support items to the chairman of community police service centre Naxal Mr. Narendra Bahadur Shrestha and Senior ASI of police circle Maligaun Mr. Basanta Thapa amid a program.
Likewise, Sankhamul branch of the bank has handed over florescent jackets to the District Police Office in Teku, which were handed over by Sankhamul BM of the bank Mr. Punya Shrestha to SP of Nepal Police Mr. Sitaram Rijal, as per the media statement.",0.7467410564422607
2023-02-21,Mahalaxmi Bikas Bank makes CSR contributions to girls school and tole sudhar samiti in Kathmandu and Pokhara,https://www.sharesansar.com/newsdetail/mahalaxmi-bikas-bank-makes-csr-contributions-to-girls-school-and-tole-sudhar-samiti-in-kathmandu-and-pokhara-2023-02-21,"Mahalaxmi Bikas Bank, under its CSR initiative, has handed over furniture to support the operation of Manmaiju girls' school located at Tarkeswor nagarpalika-9 Manmaiju of Kathmandu.
Likewise, the Bijaypur branch of the bank has provided dustbins and furniture to Kadeni Area Development Committee located at Pokhara-26, as per the media statement.",0.6956331133842468
2023-02-12,Interest Rates of Commercial Banks to Remain Unchanged for the Month of Falgun,https://www.sharesansar.com/newsdetail/interest-rates-of-commercial-banks-to-remain-unchanged-for-the-month-of-falgun-2023-02-12,"Commercial banks will maintain the same deposit interest rate during the month of Falgun.
The interest rate on fixed deposits for commercial banks which had been lowered in the month of Magh has been kept constant for the month of Falgun.
The Bankers Association had consented to lower the interest rate from Magh to 11% for individuals and 9% interest rates for institutions. These rates shall be kept constant for the month of Falgun.
Prior to this change, banks maintained term deposit interest rates at 12.133 percent for individuals, 10.133 percent for institutions, and 13.133 percent for remittances. Remittance interest rates as high as 15% had been provided by some banks.
On the other hand, National level development banks had chosen to cut the interest rate by 0.85 percent in Magh and retain a maximum of 12 percent for individuals, 10 percent for institutions, and 13 percent for remittances in Magh. These rates have been further reduced by 0.25 percentage points. Now for the month of Falgun, the development banks, which were giving 12 percent interest on personal term deposits till Magh, will now give a maximum interest of 11.75 percent.
Likewise, most of the development banks are providing an average saving interest rates of 8%-9.25% in month of falgun.  (Note: Such saving rates higher than 7% are mainly dependent upon the type of schemes the banks are providing).",0.6877225041389465
2023-02-07,Mahalaxmi Bikas Bank provides daily supplies to Manav Sewa Ashram from its Bhatbhateni branch,https://www.sharesansar.com/newsdetail/mahalaxmi-bikas-bank-provides-daily-supplies-to-manav-sewa-ashram-from-its-bhatbhateni-branch-2023-02-07,"Mahalaxmi Bikas Bank, under its CSR initiative, has organized a range of CSR activities from its different branches.
The Bhatbhateni branch of the bank has handed over medical and food supplies and cleaning materials to Manav Sewa Ashram while Rajapur branch of the bank handed over a water filter to Amar Sahid Multiple Campus in Rajapur-4 which is expected to help more than 800 students of the college to get pure drinking water, as per the media statement.",0.27485033869743347
2023-02-01,Mahalaxmi Bikas Bank organizes range of CSR activities from its different branches,https://www.sharesansar.com/newsdetail/mahalaxmi-bikas-bank-organizes-range-of-csr-activities-from-its-different-branches-2023-02-01,"Mahalaxmi Bikas Bank has organized a range of CSR activities from its different branches across the nation.
The Hetauda branch has handed over financial support of Rs 20 thousand to Manav Sewa Ashram, the Sukedhara branch handed over tables to Tokha Oldage home, Chandrauta branch handed over sweaters to 186 students in Shree Rastriya Ma.Vi. in Shivaraj nagarpalika-5, as per the media statement.",0.6608589887619019
2023-01-29,Majority of Development Bank Reports Decline in Profitability Whereas 3 Banks Report Net Loss for Q2; Which Companies Fared the Best?,https://www.sharesansar.com/newsdetail/majority-of-development-bank-reports-decline-in-profitability-whereas-3-banks-report-net-loss-for-q2-which-companies-fared-the-best-2023-01-29,"Without a doubt, the Financial Institutions are also experiencing economic instability as a result of market swings, given the increasing interest rates, inflation, and overall worldwide recession.
Financial institutions' primary business revenue may be affected as a result of the monetary policy's higher interest rate bar, which may be advantageous for some financial institutions and detrimental for others.
In this comprehensive analysis, we will examine the financial performance of “B” class financial institution;
Development Banks of Nepal, and see which institution is maintaining a good financial position despite numerous obstacles.
So, let's dissect the performance of B-class financial institutions based on the unaudited 2nd quarterly report of 2079/80 fiscal year.
There are 16 Developments banks listed in NEPSE currently.
However, not all of the banks fall under the same category.
The development banks can be categorized into two subcategories.
National level banks, and regional level banks.
A wise investor would create a portfolio of development banks comparing their performance with the banks falling in the respective categories.
Net profit:
As per the quarterly report,
Muktinath Bikas Bank Limited (MNBBL)
has reported the highest net profit for the period amounting to Rs.
62.62 Crores.
Garima Bikas Bank Limited (GBBL)
comes in second place in terms of profit which amounts to Rs.
50.21 Crores.
The third position is secured by
Shine Resunga Development Bank Limited (SHINE)
with a net profit of Rs.
42.97 crores.
3 out of 16 development banks have reported net loss for this period.
Out of which,
Saptakoshi Development Bank Limited (SAPDBL)
has reported the highest net loss of Rs.
25.25 Crores.
On the other hand,
Jyoti Bikas Bank Limited (JBBL)
has reported highest decline in net profit by 89.90% to stand at Rs.
3.48 Crores from Rs.
34.40 Crores.
Paid up capital:
Muktinath Bikas Bank Limited (MNBBL)
has the highest paid-up capital amounting to Rs.
6.42 Arba among all the development banks.
Garima Bikas Bank Limited (GBBL)
has the second-highest paid-up capital amounting to Rs.
5.19 Arba.
On the other hand,
Narayani Development Bank Limited (NABBC)
has the lowest paid-up capital of Rs.26 Crores.
Reserve and surplus:
Reserve is the amount that is retained by the company from its profits to promote future growth.
Lumbini Bikas Bank Limited (LBBL)
has reported the highest reserve and surplus which amounts to Rs.
2.4 Arba.
LBBL is followed by
Mahalaxmi Bikas Bank Limited (MLBL)
with a reserve of Rs.
2.3 Arba.
Muktinath Bikas Bank Limited (MNBBL)
has secured the third position with a reserve of 2.2 Arba.
Whereas,
Saptakoshi Development Bank Limited (SAPDBL)
has reported lowest reserves and surplus amounting to Rs.
20 Crores.
Deposits from Customers:
In B-class institution,
Muktinath Bikas Bank Limited (MNBBL)
has topped the list with a total deposit of Rs. 1.09
Kharba.
This list is followed by
Garima Bikas Bank Limited (GBBL)
with a total deposit of Rs.
71.96 Arba.
Jyoti Bikas Bank Limited (JBBL)
has secured the third position with a total deposit of Rs.
55.80 Arba.
The overall development bank has collected a total deposit of Rs.
5.13 Kharba.
Loans and Advances to Customers:
Till Q2 2079/2080, total loans and advances of development banks stood at Rs.
4.30 Kharba.
The average loan stood at Rs.
26.94 Arba.
Muktinath Bikas Bank Limited (MNBBL)
has disbursed the highest amount of loans which amounts to Rs.
92.20 Arba.
Following the list,
Garima Bikas Bank Limited (GBBL)
has disbursed a total loan of Rs.
59.58 Arba.
Jyoti Bikas Bank Limited (JBBL)
has disbursed a loan of Rs.
48.50 Arba which puts it in third place.
Net interest income:
Net Interest Income is the core business revenue which is calculated by subtracting the cost related to the deposits from the income from loans and advances.
In terms of Net interest income,
Muktinath Bikas Bank Limited (MNBBL)
tops the list with a total of Rs.2.04 Arba.
Garima
Bikas Bank Limited (GBBL)
has the second-highest net interest income amounting to Rs.
1.15 Arba.
GBBL is followed by
Jyoti Bikas Bank Limited (JBBL)
which has reported a net interest income of Rs.
1.15 Arba.
Out of the 16 banks, 8 banks have reported above industry average net interest income.
Provisions for the period (Impairment/Reversal):
Banks have set aside a certain amount in loan loss provision and have delayed the loan repayment of several borrowers.
A total of Rs 3.11 Arba has been shown in an impairment charge for a loan and other losses.
In the national level,
Jyoti Bikas Bank Limited (JBBL)
has the highest impairment charge for a loan and other losses with Rs.
64.9 Crores.
Muktinath Bikas Bank Limited (MNBBL)
also have higher provisions amounting to Rs.
44.2 Crores.
In the regional level,
Narayani Development Bank Limited (NABBC)
has reported the lowest impairment charges for this period.
Earnings per share:
Shine Resunga Development Bank Limited (SHINE)
topped the list in terms of EPS amounting to Rs.
20.06 per share.
Muktinath Bikas Bank Limited (MNBBL)
has the second-highest EPS with Rs.
19.51 per share.
Out of 16 development banks, 9 banks have reported above industry average EPS.
Net worth per share:
The highest net worth per share is reported by
Lumbini Bikas Bank Limited (LBBL)
with Rs.
169.69 per share.
This is followed by
Mahalaxmi Bikas Bank Limited (MLBL)
with a net worth per share of Rs.
157.94 per share.
Similarly,
Kamana Sewa Bikas Bank Limited (KSBBL)
reported a net worth of Rs.
151.21 per share.
The average net worth per share comes at Rs.
127.26 per share when we factor in all the net worth per share of all the 16 banks.
P/E Ratio:
The P/E ratio tells investors what they are paying for each rupee of earnings of the firm.
The lower the ratio, the better the deal.
In terms of the P/E ratio,
Shine Resunga Development Bank Limited (SHINE)
has the lowest P/E ratio of 17.21 times.
This means that you are paying Rs.
17.21 for every Rupee of earning of Shine Resunga Development Bank Limited (SHINE).
Green Development Bank Limited
reported highest P/E of 258.66 times from the regional level.
One should always check the fundamentals of the company and if they found the bad fundamentals then there is a reason for the lower valuation.
Also the PE is calculated as per the quarter end closing price of the respective companies.
In today's date the price differs in the secondary market.
Capital Adequacy Ratio (CAR):
In terms of Capital Adequacy ratio (CAR),
Corporate Development Bank Limited (CORBL)
seems to have reported the highest CAR of 63.70%, while
Lumbini Bikas Bank Limited (LBBL)
has the lowest CAR of 11.01%.
CAR is the ratio of a bank's capital in relation to its risk weighted assets and current liabilities.
Non-Performing Loans:
Non-performing loan indicates the risk of credit provided by the bank to its clients.
Higher NPL indicates that the bank might be at risk.
In terms of NPL,
Muktinath Bikas Bank Limited (MNBBL)
has the lowest ratio with an NPL of 0.98% and in the regional level,
Saptakoshi Development Bank Limited (SAPDBL)
has reported the highest NPL of 15.90%.
Out of 16 banks, 10 banks have reported below industry average NPL for this quarter.
However, this is mainly because SAPDBL alone has massive NPL which led to increasing in average number.
One should calculate the industry average in terms of their own analysis model
.
Others:
Cost of Funds:
The term cost of funds refers to how much banks and financial institutions spend in order to acquire money to lend to their customers.
The lower the cost of funds, the better because it ultimately reduces the cost of banks.
As per reports,
Corporate Development Bank Limited (CORBL)
has the highest Cost of Funds of 11.13%, whereas
Sindu Bikas Bank Limited (SINDU)
the lowest cost of funds of 9.4%.
CD Ratio:
The CD ratio refers to the credit-deposit ratio in banking parlance.
It tells how much of the money banks have raised in the form of deposits has been deployed as loans.
Similarly,
Narayani Development Bank Limited (NABBC)
has reported highest CD ratio of 91.53%, whereas
Karnali Development
Bank Limited (KRBL)
has reported  the lowest CD ratio of 75.01%.
Base Rate and Interest Spread:
Base rate is defined as the minimum interest rate set by the NRB below which banks are not permitted to lend to their customers.
Narayani Development Bank Limited (NABBC)
reports the highest base rate of 17.02%, and
Excel Development Bank Limited (EDBL)
has the lowest base rate of 12.26%.
Similarly, the net interest rate spread is the difference between the interest rate a bank pays to depositors and the interest rate it receives from loans to consumers.
Here,
Miteri Development Bank
has the highest interest spread of 5%.
Cost of Funds, CD Ratio, Base Rates and Interest Spread:
Finally, the table below shows provides a full picture of major indicators of 16 development banks as of the second quarter of FY 2079-2080.",0.03478974103927612
2023-01-27,Mahalaxmi Bikas Bank Distributed 6.47% Cash Dividend Directly to Shareholders' Bank Accounts,https://www.sharesansar.com/newsdetail/mahalaxmi-bikas-bank-distributed-647-cash-dividend-directly-to-shareholders-bank-accounts-2023-01-27,"Mahalaxmi Bikas Bank Limited (MLBL)
has distributed 6.47% cash dividends directly to the bank accounts of its shareholders and has urged them to dematerialize their shares.
The company convened its 21st AGM for the FY 2078/79 on Poush 29, 2079. The company endorsed a 10.47% dividend for FY 2078/79. The 548th meeting of the board of directors held on Poush 01 decided to distribute the dividend of 10.47% of the Fiscal Year 2078/79. Likewise, a cash dividend of 6.47% and bonus shares of 4% were proposed from the paid-up capital of Rs. 4.01 Arba. The same cash dividend has now been distributed.
Also, the company has urged the shareholders to dematerialize their shares if they haven't updated their bank information in the Demat account are requested to do so in order to receive the dividend.
Additionally, if eligible investors had taken a loan against the shares of the company before the book closure date, they should present a No Objection Letter from their lending institution to receive the dividend.
Announcement",0.9090226292610168
2023-01-16,Mahalaxmi Bikas Bank convenes its 21st AGM; endorses 10.47% dividend to its shareholders,https://www.sharesansar.com/newsdetail/mahalaxmi-bikas-bank-convenes-its-21st-agm-endorses-1047-dividend-to-its-shareholders-2023-01-16,"Mahalaxmi Bikas Bank convened its 21
st
AGM for the FY 2078-79 on Poush 29, 2079 under the leadership of its chairman Mr. Rajesh Upadhaya.
Apart from the regular financial reports, The AGM has endorsed the board’s proposal to provide 4% bonus shares and a 6.47% cash dividend (including taxation purposes) to its shareholders from the profit it had made in the previous fiscal year, as per the media statement.",0.4752548635005951
2023-01-13,"After Commercial Banks Decision to Reduce the Interest Rates, Development Banks Also Reduces the Interest Rates for the Month of Magh",https://www.sharesansar.com/newsdetail/after-commercial-banks-decision-to-reduce-the-interest-rates-development-banks-also-reduces-the-interest-rates-for-the-month-of-magh-2023-01-13,"After Commercial Bank's Decision to Lower Interest Rates, Development banks have also decided to reduce interest rates for the month of magh.
The Development Bankers Association, the governing body for development banks, resolved during its meeting to lower the interest rate on deposits in Magh compared to Poush.
According to Pradyuman Pokharel, president of the association, ""National level development banks have chosen to cut the interest rate of 0.85 percent in Magh and retain a maximum of 12 percent for individuals, 10 percent for institutions, and 13 percent for remittances in Magh.""
The national-level development banks kept the interest rate at 12.85 percent for individuals, 10.85 percent for institutions, and 13.85 percent for remittances till the month of Poush.
On the other hand, the interest rate on fixed deposits of commercial banks would be lower starting in the upcoming month of Magh, according to the Nepal Bankers Association. Commercial Bank fixed deposit interest rates are currently 12.133 percent for individuals and 10.133 percent for institutions. The Bankers Association has consented to lower the interest rate from Magh to 11% for individuals and 9% interest rates for the institutions.",0.4414467513561249
2023-01-13,Mahalaxmi Bikas Bank inks MoU with Him Electronics; bank’s customers to receive up to 15% discount while purchasing electronic goods at Samsung Plaza across Kathmandu,https://www.sharesansar.com/newsdetail/mahalaxmi-bikas-bank-inks-mou-with-him-electronics-banks-customers-to-receive-up-to-15-discount-while-purchasing-electronic-goods-at-samsung-plaza-across-kathmandu-2023-01-12,"Mahalaxmi Bikas Bank has inked a MoU with Him Electronics of Naxhal of Kathmandu to provide a special discount for its customers.
Following the agreement, customers of the bank can avail of upto 15% discount while purchasing electronic goods from Samsung plazas located at different locations across Kathmandu, as per the media statement.
The MoU was signed between Plaza director of the company Ms. Nikita Sharma and the Marketing and Corporate Communication head of the bank Mr. Basant Bakshi amid a program, as per the media statement.",0.3664231598377228
2023-01-12,Mahalaxmi Bikas Bank provides Hira Giri memorial scholarship to student from Tribhuvan Hanuman Ma.Vi. in Birgunj,https://www.sharesansar.com/newsdetail/mahalaxmi-bikas-bank-provides-hira-giri-memorial-scholarship-to-student-from-tribhuvan-hanuman-mavi-in-birgunj-2023-01-12,"Mahalaxmi Bikas Bank has provided Hira Giri memorial scholarship to Mr. Jiban Rajbansi studying in grade 8 in Shree Tribhuvan Hanuman Ma.Vi. in Birgunj.
The scholarship was founded in the memory of founding chair of then Mahalaxmi Finance Late Hira Giri, which was handed over by BoD of the bank Mr. Sanjay Giri that worth Rs 50 thousand to the parent of the student Mr. Bhabarlal Parik amid a program, as per the media statement.",0.7563505172729492
2023-01-06,Mahalaxmi Bikas Bank signs MoU with Om Samaj Dental Hospital; bank’s customers to receive attractive discount upto 15% for its dental services,https://www.sharesansar.com/newsdetail/mahalaxmi-bikas-bank-signs-mou-with-om-samaj-dental-hospital-banks-customers-to-receive-attractive-discount-upto-15-for-its-dental-services-2023-01-06,"Mahalaxmi Bikas Bank has signed a MOU with Om Samaj Dental Hospital to provide a special discount of up to 15% on its dental services.
The benefits can be availed by customers by using bank cards and mobile banking services, as per the media statement.
The MoU was signed between the chairman of the hospital Dr. Subhash Ghimire and the Marketing and PR head of the bank Mr. Basant Bakshi amid a program, as per the media statement.
The bank currently has 103 branches serving 6 lakh plus customers, as per the media statement.",-0.4273797869682312
2023-01-01,Reminder! Last Day to Grab Dividend Proposed by These Six Companies,https://www.sharesansar.com/newsdetail/reminder-last-day-to-grab-dividend-proposed-by-these-six-companies-2023-01-01,"Today is the last day to grab dividends proposed by Nepal Doorsanchar Company Limited (NTC), Butwal Power Company Limited (BPCL), Siddhartha Insurance Limited (SIL), Himalayan Bank Limited (HBL), Nabil Bank Limited (NABIL) and Mahalaxmi Bikas Bank Limited (MLBL).
Nepal Doorsanchar Company Limited (NTC)
has called its 15th AGM on Poush 28, 2079. The AGM will be held at Rashtriya Sabha Ghriya, Bhrikutimandap, Kathmandu from 10 AM.
Among the other agendas, the AGM will endorse a cash dividend of Rs 40 per share, from the net profit of FY 2078/79. The meeting will also endorse the auditor's report with PL statements, financial reports, and cash flow reports and appoint an auditor for the fiscal year 2078/79 and 2079/80.
Butwal Power Company Limited (BPCL)
has called its 30th AGM on Poush 30, i.e. January 14. The meeting will be organized in Karki Banquet, Kathmandu, starting from 11 am that day.
Among other agendas, the AGM will endorse the dividend of 12.5 percent for the fiscal year 2078/79. The meeting of the board of directors held on Poush 7 decided to distribute 5% of the paid-up capital as bonus shares for the fiscal year 2078/79. The company is issuing bonus shares to the shareholders in order to increase the current paid-up capital from Rs. 3.24 Arba to Rs. 3.40 Arba. On the other hand, the company has also proposed a 7.5% cash dividend (including tax) for the Fiscal Year 2078/79.
Siddhartha Insurance Limited (SIL
) has called its 21st AGM on 29th Poush, 2079. The meeting will be held in the Bhrikuti Mandap, Nepal Tourism Board, Kathmandu. The AGM will commence at 11 am that day.
Among other agendas, the AGM will endorse the 9.4737% dividend for the fiscal year 2078/79. The meeting of the board of directors held on Poush 7 has proposed a 9% bonus shares and 0.4737 % cash dividend (for tax purposes) from the paid-up capital for the fiscal year 2078/79. The dividend will be distributed from the paid-up capital of Rs. 1.28 Arba. Thus, the bonus shares amounting to Rs. 11.59 crores and cash dividends amounting to Rs. 61.01 Lakh will be distributed.
Himalayan Bank Limited (HBL)
has called its 30th AGM on 28th Poush, 2079. The meeting will be held in the Hotel Soaltee, Soltimode, Kathmandu, starting at 11 am that day.
Among the other agendas, the AGM will endorse a 19.11% dividend for FY 2078/79. The 427th board of directors meeting on Poush 05 decided to distribute the dividend on the paid-up capital. 11.11% bonus shares and 8% cash dividends have been proposed.
Nabil Bank Limited (NABIL)
has called its 38th AGM on 29th Poush, 2079. The meeting will be held in the Silver Oak Banquet, Gairidhara, Kathmandu, starting at 10 AM that day.
Among the other agendas, the AGM will endorse a 30% dividend for FY 2078/79. The board of directors meeting on Mangsir 25 decided to distribute the dividend on the paid-up capital of Rs. 22.83 Arba. 18.50% bonus shares worth Rs 4.22 Arba and 11.5% cash dividend (including bonus shares tax purposes) worth Rs 2.61 Arba have been proposed.
Mahalaxmi Bikas Bank Limited (MLBL)
has called its 21st AGM on 29th Poush, 2079. The meeting will be held in Nepal Stock Compound, Lainchaur Banquet, Kathmandu, starting from 10 AM that day.
Among the other agendas, the AGM will endorse 10.47% for the Fiscal Year 2078/79. The 548th meeting of the board of directors of Mahalaxmi Bikas Bank Limited (MLBL) held on Poush 01 decided to distribute the dividend of 10.47% of the Fiscal Year 2078/79. Likewise, a Cash Dividend of 6.47% and Bonus Shares of 4% have been proposed from the paid-up capital of Rs. 4.01 Arba.
Poush 18 is the book closure date for all six companies.
Thus, shareholders maintained till today are entitled to the dividend payout and can also attend the respective AGMs.",0.8994799852371216
2022-12-28,"Mahalaxmi Bikas Bank conducts range of CSR activities; supports schools, temples, and other places of public interest",https://www.sharesansar.com/newsdetail/mahalaxmi-bikas-bank-conducts-range-of-csr-activities-supports-schools-temples-and-other-places-of-public-interest-2022-12-28,"Mahalaxmi Bikas Bank has organized a range of CSR initiatives so as to act on its commitment towards broader social good.
Tulsipur branch of the bank has handed over a laptop and printer to Nepal Sanskrit University in Beljhundi of Dang, Lalbandhi branch handed over necessary furniture to Radha Krishna Temple Bhagwat Dharmasala, Manahari branch handed over hoarding board on traffic rules awareness to Shree Rastriya Rotary Ma.Vi., as per the media statement.",0.5707885026931763
2022-12-23,21st AGM of Mahalaxmi Bikas Bank to be Conducted on Poush 29; What are the Agendas?,https://www.sharesansar.com/newsdetail/21st-agm-of-mahalaxmi-bikas-bank-to-be-conducted-on-poush-29-what-are-the-agendas-2022-12-23,"According to the decision of Board of Directors, the 21st annual general meeting of
Mahalaxmi Bikas Bank Limited (MLBL)
will be held to discuss and decide on the following proposals at the following written date, place and time, as per section 60 of the Companies Act, 2063.
Date of meeting: 29th Poush 2079 (Accordingly 13th January, 2023)
Location: Nepal Stock Compound, Lainchaur Banquet, Kathmandu
Meeting start time:  10:00 AM.
Agendas:
To discuss and approve the report of the board of directors for the financial year 2078/79.
To discuss and approve the financial statements including the balance sheet, profit and loss account and cash flow statement including the auditor's report for the financial year 2078/79.
Appointing an auditor for the financial year 2079/80.
To decide on the proposed dividend of 6.47% cash dividend and 4% bonus shares from the paid-up capital of Rs. 4.01 Arba.
Others
The book closure date is on Poush 18. Thus, shareholders maintained before that day are entitled to the dividend payout and can also attend this AGM.",0.9356223940849304
2022-12-20,Commercial Banks Accumulates Net Profit of Rs. 25.32 Arba Till Kartik End; 5 Development Banks & 2 Finance Companies In Loss,https://www.sharesansar.com/newsdetail/commercial-banks-accumulates-net-profit-of-rs-2532-arba-till-kartik-end-5-development-banks-2-finance-companies-in-loss-2022-12-20,"Nepal Rastra Bank has unveiled the recent statistics covering the net profit of commercial banks, development banks, and finance companies for up to Kartik of the current fiscal year 2079/80.
Commercial Banks
Data shows that commercial banks all together have realized a total net profit of Rs. 25 Arba and 32 crores. Out of the 26 commercial banks, Nabil Bank stands at the top position with a net profit of Rs. 2.35 Arba. Likewise, NIC Asia Bank has realized a net profit of Rs. 2 Arba and 22 crores. Meanwhile, Global IME Bank has realized a net profit of Rs. 1 Arba and 75 crores. On the contrary, Agriculture Development Bank has the least net profit of Rs. 31.8 crores.
Development Banks
Among the 16 development banks, 5 have reported net losses in the period. Muktinath Bikas Bank has realized an impressive net profit of Rs. 42.2 crores, the highest in the industry. Likewise, Garima Bikas Bank stands in the second position with a net profit of Rs. 37.2 crores.  On the opposite, data of NRB shows that Karnali, Narayani, Excel, Green and Saptakoshi Development Bank reported net losses during the period.
Finance
Out of the 16 companies, two finance company reported a net loss in the first four months, while the rest 14 are in a profit.
Manjushree Finance Company comes first on the list with a net profit of Rs. 9.7 crores. Likewise, ICFC Finance and Goodwill Finance stand in the second and third positions with a net profit of Rs. 4.8 crores and Rs. 4.7 crores respectively. However, Samriddhi Finance and Reliance Finance company have reported net losses of Rs. 9.4 Crores and Rs. 4.7 Crores respectively.",0.12499149888753891
2022-12-20,Mahalaxmi Bikas Bank signs MoU with Tesla Diagnostic Centre and Dristi Eye Care,https://www.sharesansar.com/newsdetail/mahalaxmi-bikas-bank-signs-mou-with-tesla-diagnostic-centre-and-dristi-eye-care-2022-12-20,"Mahalaxmi Bikas Bank has signed a MOU with Tesla Diagnostic   Centre Pvt Ltd and Dristi Eye Care to provide 10% and 20% discount respectively while availing health services.
The benefits can be availed by customers of the bank by using bank’s debit card and mobile banking services, as per the media statement.",-0.6528764367103577
2022-12-18,Mahalaxmi Bikas Bank Proposes to Distribute 10.47% Dividend of FY 2078/79; How Much is Bonus and Cash Dividends?,https://www.sharesansar.com/newsdetail/mahalaxmi-bikas-bank-proposes-to-distribute-1047-dividend-of-fy-207879-how-much-is-bonus-and-cash-dividends-2022-12-18,"The 548th meeting of the board of directors of
Mahalaxmi Bikas Bank Limited (MLBL)
held on Friday has decided to distribute the dividend of 10.47% of the Fiscal Year 2078/79. Likewise, a Cash Dividend of 6.47% and Bonus Shares of 4% shall be distributed after receiving approval from Nepal Rastra Bank and passing the 21st Annual General Meeting of the company.
The current paid-up capital of the company is Rs. 4.01 Arba.
Past Dividend History:",0.9217195510864258
2022-12-07,75 Listed Companies from Different Sectors Have Already Declared Dividends for Fiscal Year 2078/2079; Know Them all?,https://www.sharesansar.com/newsdetail/75-listed-companies-from-different-sectors-have-already-declared-dividends-for-fiscal-year-20782079-know-them-all-2022-12-07,"Many companies listed in NEPSE have declared the dividend (both cash and bonus) for the fiscal year 2078/79. Proposed Dividend is the dividends that are distributed among the shareholders of the company during a financial year and will be paid in the Next Year. Hence, the dividends of last FY-78/79 are distributed in this FY-79/80.
Investors do not just earn from the rise in the share price of their portfolio stocks. They also earn from the dividend and bonuses announced by the company from time to time. Hence, it becomes important for secondary market enthusiasts to know the names of stocks that are going to pay dividends in near future.
Note for Beginners:
You can buy the shares of a company after it has proposed its dividend and still be eligible to get the dividend. In other words, you do not have to invest in the company for one whole fiscal year, which is a misconception among amateur investors.
The book closure date is simply the date on which the company closes its books for the dividend. Investors can still buy the shares after that date but they won’t get the dividend. To get the dividend of the company, you must buy the shares before the book closure date and you must not sell those shares till the book closure date. For example, investors can buy the shares of a company on the last day before its book closure date and still be entitled to the dividend. The investor remains eligible even if they sell the shares at the book closure date.
Commercial Banks
As of 7th December, 2022, 15 commercial banks have already proposed the dividend for the fiscal year 2078/79. Among them, Bank of Kathmandu has proposed the highest dividend, i.e. 20.95%. Similarly, Century Commercial Bank have paid the least dividend, i.e. 5%.
However, the book closure date for dividends most of these companies have already elapsed, meaning investors won't be able to claim the dividend of these companies. Whereas, Mega Bank's book closure date is on 9th December, 2022.
On the other hand, Book closure dates for SBL, SBI, NMB, PRVU and, CCBL is yet to be announced.
Cash and bonus dividends of companies proposed by the companies listed at NEPSE in the Fiscal Year 2078-79 are as given below.
Development Banks
Similarly, 4 of the total 16 development banks listed in NEPSE have declared the dividend for the fiscal year 2078/79. The book closure dates for all of them has not announced yet. As of now, Garima Bikas Bank  has declared the highest dividend viz. 14.5%.
Finance
Out of the listed finance corporations in Nepal, Only ICFC Finance Limited has declared dividends of the F.Y-78/79. Also, the book closure date of ICFC is yet to be announced.
Manufacturing and products
Out of the five companies in manufacturing & products sector, Unilever Nepal Limited declared a massive dividend of 1215%, which is wholly cash based. Also, the book closure dates of UNL and NLO has already elapsed.
Investments
Meanwhile, out of 5 listed only 2 investment companies have declared their dividend of FY-78/79.
Hotel and Tourism
From the hotel and tourism sector, only Soaltee Hotel Limited has declared dividend of 26.3158% of FY 78/79.
Mutual Funds
15 mutual funds have also unveiled the dividend. Sanima Equity Fund proposed the highest dividend of 22% for the fiscal year. However, the book closure date of all of these funds has elapsed.
Micro-Finance
5 out of 59 microfinance companies listed in NEPSE have declared the dividend for the fiscal year 2078/79. Jalpa Samudayik paid the highest dividend of 76.84% followed by Sana Kisan Laghubitta and RMDC paying 27.3684% of the dividend each (Both bonuses as well as cash for tax purpose).
However, the book closure dates for all these microfinance is not yet announced.
Hydropower
Out of the 60 listed hydropower companies, 9 hydropower companies have declared the dividend. As of now, Ridi Power Limited has paid the highest, i.e. 42.1%.
Non-Life Insurance
7 non life insurance companies have announced dividends of Fiscal Year 2078/79. United Insurance  has the highest dividend payout scale of 21.05%, whereas the lowest remains for Everest Insurance company. Both of these sectors have recently announced the date as their book closure date. Meanwhile, 2 out of the listed insurance company are yet to disclose their book closure date.
Merchant Bank
11 merchant banks have declared their dividends comprising of both cash as well as bonus dividends. NIC Asia remains at the top position while distributing its dividends. Whereas, Kumari Capital limited declared the least dividend of 5% only. Also, the book closure dates of these merchant banks are yet to be announced.
Disclaimer:
This article is intended to keep investors updated about the dividends declared by companies till now. It can be used to compare the trend of dividend proposals among companies and sectors. However, it should be noted that the dividend amount isn't the only valuation metric, and depending on it solely may result in speculation errors. Hence, higher dividend-paying stocks may already have a higher market price (hence reducing the profitability of buying).
Additionally, it is not owning more of something that has little value. Investors in NEPSE are overly attracted to bonus shares distribution, almost as if that is all that matters. As the legendary investor Mark Cuban puts it, a small stake in watermelon is more than 100% of a grape.",0.9079110622406006
2022-12-02,Mahalaxmi Bikas Bank organizes range of CSR activities; branches across the nation make contributions towards broader social good,https://www.sharesansar.com/newsdetail/mahalaxmi-bikas-bank-organizes-range-of-csr-activities-branches-across-the-nation-make-contributions-towards-broader-social-good-2022-12-02,"Mahalaxmi Bikas Bank, through its different branches, has organized a range of CSR initiatives.
The Thapathali branch of the bank has provided 1875 set braille papers to National Association for the Welfare of Blinds so as to print braille books for the blind students linked with the association. Likewise, Newroad branch in Pokhara has provided financial support of Rs 50 thousand to Sarankot Area Development Fund for the construction of Ganesh temple.
Similarly, the Thutipipal branch has handed over outdoor play materials to Ganga Bishun Basic School in Om Satiya gaupalika-1 Rupandehi so as to construct a playground for the school students. In addition, Rukum branch has handed over the meeting table to District Police Office in Rukum west, as per the media statement.",0.3893809914588928
2022-11-16,Mahalaxmi Bikas Bank ties up with different institutions across Kathmandu; banks customers enjoy up to 25% discount while availing of their services,https://www.sharesansar.com/newsdetail/mahalaxmi-bikas-bank-ties-up-with-different-institutions-across-kathmandu-banks-customers-enjoy-up-to-25-discount-while-availing-of-their-services-2022-11-16,"Mahalaxmi Bikas Bank has inked MoU with different institutions to facilitate special discounts for its card and mobile banking customers while availing their services.
Customers of the development bank can enjoy a 15% discount at Himalayan Grill by Bajeko, 20% discount at Kundalini Ayurveda, 10% at Tsubaki Beauty Saloon, 10% at Opulence Aesthetics and 25% at Crystal Diagnostics, as per the media statement.",-0.2926914393901825
2022-11-07,Mahalaxmi Bikas Bank inks MoU with White House and Subha Shree Colleges; to provide support for academic and professional growth of students,https://www.sharesansar.com/newsdetail/mahalaxmi-bikas-bank-inks-mou-with-white-house-and-subha-shree-colleges-to-provide-support-for-academic-and-professional-growth-of-students-2022-11-07,"Mahalaxmi Bikas Bank has inked a partnership agreement with Himalayan White House International College and Subha Shree College of Management so as to work for the academic and professional growth of the students.
The MoU was signed between the principal of White House College Mr. Toyanath Paudel, the Principal of Subha Shree College Ms. Manita Oli and HR head of the bank Mr. Bishal Raj Karki following which students from these colleges will receive Internship Opportunities, Job Fair Program, Banking Awareness Program, Guest Lecture Visit from the bank, as per the media statement.",-0.7206282615661621
2022-11-07,Net Profit of Development Banks of Nepal has Decreased in Q1; Dive Into Comprehensive Analysis of Major Indicators For All 15 Development Banks In Nepal,https://www.sharesansar.com/newsdetail/net-profit-of-development-banks-of-nepal-has-decreased-in-q1-dive-into-comprehensive-analysis-of-major-indicators-for-all-15-development-banks-in-nepal-2022-11-07,"Without a doubt, the Financial Institutions are also experiencing economic instability as a result of market swings, given the increasing interest rates, inflation, and overall worldwide recession. Financial institutions' primary business revenue may be affected as a result of the monetary policy's higher interest rate bar, which may be advantageous for some financial institutions and detrimental for others. In this comprehensive analysis, we will examine the  financial performance of “B” class financial institution; Development Banks of Nepal, and see which institution is maintaining a good financial position despite numerous obstacles.
There are 16 development banks which are currently listed NEPSE. However, the Quarter first report (Q1) of
Saptakoshi Development Bank Limited (SAPDBL)
is not yet published by the company. Hence, this analysis discards SAPDBL.
So, let’s dissect the performance of B-class financial institutions based on the unaudited 1st quarterly report of 2079/80 fiscal year.
Net profit:
As per the quarterly report,
Muktinath Bikas Bank Limited (MNBBL)
has reported the highest net profit for the period amounting to Rs. 30.70 Crores.
Shine Resunga Development Bank Limited (SHINE)
comes in second place in terms of profit which amounts to Rs. 20.90 Crores.
The third position is secured by
Garima Bikas Bank Limited(GBBL)
with a net profit of Rs.
19.33
crores. In terms of growth in Net profit,
Shine Resunga Development Bank Limited (SHINE)
has obtained growth margin of 42.18% for the Q1 of FY 79/80. However, 5 out of 8 National level development bank have reported decline in net profit as compared to the relevant quarter of previous year.
Coming towards regional level,
Miteri Development Bank Limited(MDB)
has reported highest net profit of Rs. 2.56 Crores, whereas
Corporate Development Bank Limited(CORBL)
has reported highest growth in net profit of 642.45% in the Q1 of F.Y 79/80.
Paid up capital:
Muktinath Bikas Bank Limited (MNBBL)
has the highest paid-up capital amounting to Rs. 5.66 Arba among all the development banks.
Garima Bikas Bank Limited (GBBL)
has the second-highest paid-up capital amounting to Rs. 4.58 Arba.
In the national level, SADBL has the lowest paid-up capital of Rs. 3.01 Arba and NABBC has only Rs. 26 Crores paid-up capital in the regional level.
Reserve and surplus:
Reserve is the amount that is retained by the company from its profits to promote future growth.
Lumbini Bikas Bank Limited (LBBL)
has reported the highest reserve and surplus which amounts to Rs. 2.54 Arba. LBBL is followed by
Muktinath Bikas Bank Limited (MNBBL)
with a reserve of Rs. 2.42 Arba.
Mahalaxmi Bikas Bank Limited (MLBL)
has secured the third position with a reserve of 2.44 Arba.
Deposits from Customers:
In B-class institution,
Muktinath Bikas Bank Limited (MNBBL)
has topped the list with a total deposit of Rs. 1.05 Kharba. This list is followed by
Garima Bikas Bank Limited (GBBL)
with a total deposit of Rs. 68.97 Arba.
Jyoti Bikas Bank Limited (JBBL)
has secured the third position with a total deposit of Rs. 53.92 Arba.
The overall development bank has collected a total deposit of Rs. 4.90 Kharba.
Loans and advances to Customers:
Till Q1 2079/2080, total loans and advances of development banks stood at Rs. 3.93 Kharba. The average loan stood at Rs. 27.98 Arba.
Muktinath Bikas Bank Limited (MNBBL)
has disbursed the highest amount of loans which amounts to Rs. 88.03 Arba. Following the list,
Garima Bikas Bank Limited (GBBL)
has disbursed a total loan of Rs. 59.86 Arba.
Jyoti Bikas Bank Limited (JBBL)
has disbursed a loan of Rs. 48.60 Arba which puts it in third place.
Net interest income:
Net Interest Income is the core business revenue which is calculated by subtracting the cost related to the deposits from the income from loans and advances.
In terms of Net interest income,
Muktinath Bikas Bank Limited (MNBBL)
tops the list with a total of Rs.1.02 Arba.
Garima
Bikas Bank Limited (GBBL)
has the second-highest net interest income amounting to Rs. 79.62 Crores. GBBL is followed by
Jyoti Bikas Bank Limited (JBBL)
which has reported a net interest income of Rs. 59.64 Crores.
Out of the 15 banks, 8 banks have reported above industry average net interest income.
Provisions for the period (Impairment/Reversal):
Banks have set aside a certain amount in loan loss provision and have delayed the loan repayment of several borrowers. A total of Rs 1.76 Arba has been shown in an impairment charge for a loan and other losses.
In the national level,
Garima
Bikas Bank Limited (GBBL)
has the highest impairment charge for a loan and other losses with Rs 28.13 Crores. Likewise,
Green Development Bank Limited(GRDBL)
in the regional level to have impairment charges of Rs.  3.84 Crores. Also,
Shine Resunga Development Bank Limited (SHINE)
has reversal of impairment charges amounting to Rs. 4.98 Crores.
Earnings per share:
Shine Resunga Development Bank Limited (SHINE)
topped the list in terms of EPS amounting to Rs. 22.12 per share.
Muktinath Bikas Bank Limited (MNBBL)
has the second-highest EPS with Rs. 21.74 per share.
In the regional level,
Karnali
Development Bank Limited (KRBL)
reported highest EPS of Rs. 13.09 per share.
Out of 15 development banks, 7 banks have reported above industry average EPS.
Non-Performing Loan:
Non-performing loan indicates the risk of credit the bank provided to their clients. Higher NPL indicates that the bank might be at risk.
In terms of NPL,
Muktinath Bikas Bank Limited (MNBBL)
has the lowest ratio with an NPL of 0.77% and
Mahalaxmi Bikas Bank Limited (MLBL)
has reported the highest NPL of 3.62% from the national level.
Likewise, in the regional level,
Sindhu
Bikas Bank Limited (SINDU) has reported the lowest NPL of 1.13%.
Out of 15 banks, 7 banks have reported below industry average NPL for this quarter. However, this is mainly because CORBL alone has massive NPL which led to increasing in average number.
One should calculate the industry average in terms of their own analysis model
.
P/E Ratio:
P/E ratio tells investors what they are paying for each Rupee of earnings of the firm. The lower the ratio, the better the deal.
In terms of the P/E ratio,
Shine Resunga Development Bank Limited (SHINE)
has the lowest P/E ratio of 12.72 times. This means that you are paying Rs. 12.72 for every Rupee of earning of Shine Resunga Development Bank Limited (SHINE).
Kamana Sewa Bikas Bank Limited (KSBBL)
reported a P/E of 59.15 times from the national level and
Sindhu Bikas Bank Limited (SINDHU)
has reported P/E ratio of 169.72 times in the regional level.
One should always check the fundamentals of the company and if they found the bad fundamentals then there is a reason for the lower valuation. Also the PE is calculated as per the quarter end closing price of the respective companies. In today's date the price differs in the secondary market.
Net worth per share:
The highest net worth per share is reported by
Lumbini Bikas Bank Limited (LBBL)
with Rs. 174.02 per share. This is followed by
Mahalaxmi Bikas Bank Limited (MLBL)
with a net worth per share of Rs. 161.02 per share. Likewise,
Miteri Development Bank Limited (MDB)
reported a net worth of Rs. 146.07 per share making it the highest in the regional level.
The average net worth per share comes at Rs. 134.50 per share when we factor in all the net worth per share of all the 15 banks.",0.0333145335316658
2022-11-02,Mahalaxmi Bikas Bank launches 2 3 4 ko jadu scheme for its mobile banking customers; 4 lucky customers to win smartphones,https://www.sharesansar.com/newsdetail/mahalaxmi-bikas-bank-launches-2-3-4-ko-jadu-scheme-for-its-mobile-banking-customers-4-lucky-customers-to-win-smartphones-2022-11-02,"Mahalaxmi Bikas Bank has launched 2 3 4 ko jaadu campaign for its mobile banking customers so as to promote the uses of digital banking among its customers.
Under this scheme, customers using mobile banking to make digital payments for two months for at least three times will be eligible to win smartphones and four such lucky ones will receive the gift hamper. The scheme will be in place between Nov 1 to Dec 31, 2022, where only first-time mobile banking users will be eligible who will need to make a minimum Rs 100 worth of digital transactions three times with at least one mobile top-up, as per the media statement.",0.8144370317459106
2022-10-20,"SEBON Adds ""11% Mahalaxmi Debenture 2089"" in its Pipeline; Mahalaxmi Bikas Bank to Collect Rs 1 Arba from the Issue",https://www.sharesansar.com/newsdetail/sebon-adds-11-mahalaxmi-debenture-2089-in-its-pipeline-mahalaxmi-bikas-bank-to-collect-rs-1-arba-from-the-issue-2022-10-20,"Securities Board of Nepal (SEBON) has added
""11% Mahalaxmi Debenture 2089""
in its pipeline under preliminary review.
Mahalaxmi Bikas Bank Limited is bringing 10 lakh units debentures at Rs 1000 per unit into the market to raise funds worth Rs 1 Arba. The bank will be offering 11% interest per annum for a period of 10 years.
The total offered units have been divided between public and private. 4 lakh units is being offered to the general public whereas 6 lakh units are being offered for private placement.
NIC Asia Capital Limited is the issue manager of the debenture issuance. The application was sent to SEBON on Ashwin 27.",0.8977457284927368
2022-10-19,Mahalaxmi Bikas Bank provides 100% discount on locker charges to its Maha Bachat saving a/c holders,https://www.sharesansar.com/newsdetail/mahalaxmi-bikas-bank-provides-100-discount-on-locker-charges-to-its-maha-bachat-saving-ac-holders-2022-10-19,"Mahalaxmi Bikas Bank has launched Maha Bachat saving account where the account holders will receive a 100% discount on the locker charges for the first year.
The offer will be valid for the months of Kartik and Mangsir. The bank will also provide an attractive interest yield of 10% to the depositors while will provide free debit cards, mobile banking and other banking amenities, as per the media statement.",0.6466705799102783
2022-10-12,Mahalaxmi Bikas Bank organizes range of CSR activities; several branches participate for bigger social cause,https://www.sharesansar.com/newsdetail/mahalaxmi-bikas-bank-organizes-range-of-csr-activities-several-branches-participate-for-bigger-social-cause-2022-10-12,"Mahalaxmi Bikas Bank has organized a range of CSR initiatives from its several branches.
The Kamane branch has handed over furniture to Hetauda Hospital, Abukhaireni branch handed over fans to Abukhaireni Secondary Campus, Narayangad branch handed over furniture to Siwalaya temple Milantol of Bharatpur, Maitidevi branch installed CCTV cameras at Maitidevi Temple premise, as per the media statement.",0.6936094760894775
2022-09-30,ICRA Nepal assigns Issuer Rating of ICRANP-IR BB+ to Mahalaxmi Bikas Bank; rating indicates moderate risk of default regarding timely servicing of financial obligations,https://www.sharesansar.com/newsdetail/icra-nepal-assigns-issuer-rating-of-icranp-ir-bb-to-mahalaxmi-bikas-bank-rating-indicates-moderate-risk-of-default-regarding-timely-servicing-of-financial-obligations-2022-09-30,"ICRA Nepal Limited has assigned Issuer Rating of [ICRANP-IR] BB+ (Pronounced as ICRA NP Issuer Rating Double B Plus) to Mahalaxmi Bikas Bank Limited. Issuers with this rating are considered to have a moderate risk of default regarding timely servicing of financial obligations.
The Rating is only an opinion on the general creditworthiness of the rated entity and not specific to any particular debt instrument.
For the Rating categories [ICRANP-IR] AA through to [ICRANP-IR] C the sign of + (plus) or – (minus) may be appended to the Rating symbols to indicate their relative position within the Rating categories concerned. Thus, the Rating of [ICRANP-IR] BB+ is one notch higher than [ICRANP-IR] BB, while [ICRANP-IR] BB- is one notch lower than [ICRANP-IR] BB.",0.8986923694610596
2022-09-12,Mahalaxmi Bikas Bank hands over Shree Navraj Bahadur Singh scholarship to needy student from Shree Trinagar Ma.Vi. in Dhangadi,https://www.sharesansar.com/newsdetail/mahalaxmi-bikas-bank-hands-over-shree-navraj-bahadur-singh-scholarship-to-needy-student-from-shree-trinagar-mavi-in-dhangadi-2022-09-12,"Mahalaxmi Bikas Bank has handed over Shree Navraj Bahadur Singh's scholarship worth Rs 50 thousand to Mr. Hira Joshi, a student at Shree Trinagar Secondary School in Dhangadi.
The scholarship amount was handed over by Dhangadi BM of the bank Mr Jhankar Bahadur Kadayat to the respective student. The scholarship was established in the respective memory of Late Navraj Bahadur Singh, founding chairman of Malika Development Bank which was acquired by Mahalaxmi Bikas Bank, as per the media statement.
The bank currently has 103 branches serving 6 lakh customers across the nation.",0.7864735722541809
2022-08-30,Mahalaxmi Bikas Bank provides Laxman Babu scholarship to 8th grader from Nandi Ma.Vi. of Naxal; provides Rs 50 thousand to needy student for his education,https://www.sharesansar.com/newsdetail/mahalaxmi-bikas-bank-provides-laxman-babu-scholarship-to-8th-grader-from-nandi-mavi-of-naxal-provides-rs-50-thousand-to-needy-student-for-his-education-2022-08-30,"Mahalaxmi Bikas Bank, under its CSR initiative, has handed over Laxman Babu Scholarship to Mr. Santosh Kumar Mandal studying in 8
th
grade in Shree Nandi Ma.Vi. in Naxal of Kathmandu.
BoD of the bank Mr. Rajesh Babu Shrestha who is the son of Late Laxman Babu Shrestha, the former BoD of the bank handed over the scholarship amount to the student Santosh Kumar Mandal whose financial condition is not intact for his education where the bank chipped in with the financial support of Rs 50 thousand, as per the media statement.
The bank currently has 103 branches across the nation serving its 6 lakh customers.",0.7443994879722595
2022-08-26,Mahalaxmi Bikas Bank launches Mahabachat saving account with highest yield of 9% interest; also providing other attractive freebies,https://www.sharesansar.com/newsdetail/mahalaxmi-bikas-bank-launches-mahabachat-saving-account-with-highest-yield-of-9-interest-also-providing-other-attractive-freebies-2022-08-26,"Mahalaxmi Bikas Bank has launched Mahabachat saving product with industry highest interest yield of 9% return.
Customers can open this account with a minimum balance of RS 500 and can avail free ATM card and mobile banking service, as per the media statement.
The bank currently has 103 branches serving its 6 lakh customers, as per the media statement.",0.7304671406745911
2022-08-22,Mahalaxmi Bikas Bank launches Nari Samman Aviyan to celebrate upcoming Teej festival; offering range of freebies to customers opening Grihalaxmi Saving Account during Bhadra,https://www.sharesansar.com/newsdetail/mahalaxmi-bikas-bank-launches-nari-samman-aviyan-to-celebrate-upcoming-teej-festival-offering-range-of-freebies-to-customers-opening-grihalaxmi-saving-account-during-bhadra-2022-08-22,"Mahalaxmi Bikas Bank, to celebrate the upcoming festival of Teej, has started Nari Samman Aviyan wherein female customers opening Grihalaxmi saving accounts during the month of Bhadra will receive a free debit card, mobile banking service and 50% off in locker service.
The bank currently has 103 branches serving its 6 lakh customers across the nation.",0.6394198536872864
2022-08-09,Mahalaxmi Bikas Bank brings Double Bonanza FD scheme; to double your deposit amount in fastest ever 70 months,https://www.sharesansar.com/newsdetail/mahalaxmi-bikas-bank-brings-double-bonanza-fd-scheme-to-double-your-deposit-amount-in-fastest-ever-70-months-2022-08-09,"Mahalaxmi Bikas Bank has unveiled the Double Bonanza FD scheme where your deposit amount will be doubled within the fastest ever 70 months. One can open this FD account with a minimum deposit of Rs 10 thousand.
The bank currently has 103 branches serving its 6 lakh customers across the nation.",0.4620048403739929
2022-08-08,Mahalaxmi Bikas Bank and Himalayan Bank Urges Shareholders to Claim Due Dividend,https://www.sharesansar.com/newsdetail/mahalaxmi-bikas-bank-and-himalayan-bank-urges-shareholders-to-claim-due-dividend-2022-08-08,"Mahalaxmi Bikas Bank Limited (MLBL)
has published a very important notice to the shareholders of former (Malika Bikas Bank Limited, Mahalaxmi Finance Limited, Yeti Finance Limited, Siddhartha Finance Limited and Valley Finance Limited) to collect uncollected due dividend passed by various general meetings.
Investors who have not claimed the dividend yet have to contact the share registrar of this bank, Siddhartha Capital Limited located at Narayanchaur, Kathmandu or the bank's share department for more information.
Notice
Similarly,
Himalayan Bank Limited (HBL)
has also published a notice to the account holders or the nominee of the particular accounts whose account is inactive since past 10 years to contact the relevant branch of this bank with the necessary evidence and update those accounts.
Also, even after 5 years of dividend distribution some of the shareholders haven't collected the dividend from the bank yet. Investors who haven't claimed the dividend should present their share certificate and proof of identity to the company's share department to claim their dividend at Himalayan Capital Limited, Thamel, Kathmandu along with the copies of the necessary documents to receive the due dividend.
Otherwise, section 182 (10) of the Companies Act, 2063, will be implemented.
Notice",0.9286695718765259
2022-08-08,Development Banks Report 26.88% Rise In Net Profit In Q4; Dive Into Comprehensive Analysis of Major Indicators For All 16 Development Banks In Nepal,https://www.sharesansar.com/newsdetail/development-banks-report-2688-rise-in-net-profit-in-q4-dive-into-comprehensive-analysis-of-major-indicators-for-all-16-development-banks-in-nepal-2022-08-08,"Without a doubt, the Financial Institutions are also experiencing economic instability as a result of market swings, given the increasing interest rates, inflation, and overall worldwide recession. Financial institutions' primary business revenue may be affected as a result of the monetary policy's higher interest rate bar, which may be advantageous for some financial institutions and detrimental for others. During the lockdown phase a year ago, we saw the effects of dropping interest rate bars, greater provisions, and a halt in economic activity. Let's examine how the scenario for these development banks has changed this year.
There are different classes of banks in Nepal. However, we will be analyzing the financial performance of “B” class financial institution; Development Banks in this article. The data represents 16 development banks which are currently listed NEPSE. So, let’s dissect the performance of B-class financial institutions based on the unaudited 4th quarterly report of 2078/79 fiscal year.
Net profit:
As per the quarterly report,
Muktinath Bikas Bank Limited (MNBBL)
has reported the highest net profit for the period amounting to Rs. 1.37 Arba.
Garima Bikas Bank Limited (GBBL)
comes in second place in terms of profit which amounts to Rs. 1.05 Arba.
The third position is secured by
Jyoti Bikas Bank Limited (JBBL)
with a net profit of Rs.
95.19
crores. In terms of growth in Net profit,
Sindhu Bikas Bank Limited (SINDU)
has obtained huge growth margin of 113.52% for the Q4 of FY 78/79.
Paid up capital:
Muktinath Bikas Bank Limited (MNBBL)
has the highest paid-up capital amounting to Rs. 5.66 Arba among all the development banks.
Garima Bikas Bank Limited (GBBL)
has the second-highest paid-up capital amounting to Rs. 4.58 Arba.
In the national level, SADBL has the lowest paid-up capital of Rs. 3.01 Arba and NABBC has only Rs. 26 Crores paid-up capital in the regional level.
Reserve and surplus:
Reserve is the amount that is retained by the company from its profits to promote future growth.
Lumbini Bikas Bank Limited (LBBL)
has reported the highest reserve and surplus which amounts to Rs. 2.54 Arba. LBBL is followed by
Muktinath Bikas Bank Limited (MNBBL)
with a reserve of Rs. 2.44 Arba.
Mahalaxmi Bikas Bank Limited (MLBL)
has secured the third position with a reserve of 2.41 Arba.
Out of all the development banks, 8 banks have reported below industry average reserve amount.
Deposits from Customers:
In B-class institution,
Muktinath Bikas Bank Limited (MNBBL)
has topped the list with a total deposit of Rs. 1.04 Kharba. This list is followed by
Garima Bikas Bank Limited (GBBL)
with a total deposit of Rs. 68.41 Arba.
Jyoti Bikas Bank Limited (JBBL)
has secured the third position with a total deposit of Rs. 53.74 Arba.
The overall development bank has collected a total deposit of Rs. 4.85 Kharba.
Loans and advances to Customers:
Till Q4 2078/2079, total loans and advances of development banks stood at Rs. 3.84 Kharba. The average loan stood at Rs. 25.93 Arba.
Muktinath Bikas Bank Limited (MNBBL)
has disbursed the highest amount of loans which amounts to Rs. 86.90 Arba. Following the list,
Garima Bikas Bank Limited (GBBL)
has disbursed a total loan of Rs. 58.32 Arba.
Jyoti Bikas Bank Limited (JBBL)
has disbursed a loan of Rs. 48.66 Arba which puts it in third place.
Net interest income:
Net Interest Income is the core business revenue which is calculated by subtracting the cost related to the deposits from the income from loans and advances.
In terms of Net interest income,
Muktinath Bikas Bank Limited (MNBBL)
tops the list with a total of Rs.3.37 Arba.
Garima
Bikas Bank Limited (GBBL)
has the second-highest net interest income amounting to Rs. 2.61 Arba. GBBL is followed by
Kamana Sewa Bikas Bank Limited (KSBBL)
which has reported a net interest income of Rs. 1.95 Arba.
Out of 16 banks, 8 banks have reported above industry average net interest income.
Provisions for the period (Impairment/Reversal):
Banks have set aside a certain amount in loan loss provision and have delayed the loan repayment of several borrowers. A total of Rs 82.34 Crores of amount has been shown in an impairment charge for a loan and other losses.
In the national level,
Kamana Sewa Bikas Bank Limited (KSBBL)
has the highest impairment charge for a loan and other losses with Rs 29.98 Crores. Likewise,
Saptakoshi Development Bank Limited (SAPDBL)
in the regional level to have impairment charges of Rs.  4.92 Crores. Also,
Mahalaxmi Bikas Bank Limited (MLBL)
has reversal of impairment charges amounting to Rs. 8.77 Crores.
Non-Performing Loan:
Non-performing loan indicates the risk of credit the bank provided to their clients. Higher NPL indicates that the bank might be at risk.
In terms of NPL,
Muktinath Bikas Bank Limited (MNBBL)
has the lowest ratio with an NPL of 0.21%. This is followed by
Garima Bikas Bank Limited (SHINE)
with an NPL of 0.85%.
Shine Resunga Development Bank Limited (GBBL)
has the third-lowest NPL of 0.96%.
Out of 16 banks, 9 banks have reported below industry average NPL for this quarter. However, this is mainly because CORBL alone has massive NPL which led to increasing in average number.
One should calculate the industry average in terms of their own analysis model
.
Earnings per share:
Muktinath Bikas Bank Limited (MNBBL)
topped the list in terms of EPS amounting to Rs. 24.22 per share.
Mahalaxmi Bikas Bank Limited (MLBL)
has the second-highest EPS with Rs. 23.73 per share. Similarly,
Garima Bikas
Bank Limited (GBBL)
stands at the third position with an EPS of Rs. 23.07 per share.
Out of 16 development banks, 9 banks have reported above industry average EPS.
Net worth per share:
The highest net worth per share is reported by
Lumbini Bikas Bank Limited (LBBL)
with Rs. 177.19 per share. This is followed by
Mahalaxmi Bikas Bank Limited (MLBL)
with a net worth per share of Rs. 160.09 per share. Likewise,
Garima Bikas
Bank Limited (GBBL)
reported a net worth of Rs. 144.57 per share making it the third-highest.
The average net worth per share comes at Rs. 131.52 per share when we factor in all the net worth per share of all the banks.
P/E Ratio:
P/E ratio tells investors what they are paying for each Rupee of earnings of the firm. The lower the ratio, the better the deal.
In terms of the P/E ratio,
Mahalaxmi Bikas Bank Limited (MLBL)
has the lowest P/E ratio of 15.93 times. This means that you are paying Rs. 15.93 for every Rupee of earning of Mahalaxmi Bikas Bank Limited (MLBL).
Lumbini Bikas Bank Limited (LBBL)
reported a P/E of 16.58 times which could be the second-best deal. This is followed by
Garima Bikas Bank Limited (GBBL)
with a P/E of 16.77 times.
The average P/E of the industry is 30.31 times. Out of 16 banks, 10 banks have a below industry average P/E which could possibly indicate that those banks are relatively cheaper than their competitors.
However, one should always check the fundamentals of the company and if they found the bad fundamentals then there is a reason for the lower valuation.",0.5887487530708313
2022-08-08,Mahalaxmi Bikas Bank publishes incredible financial report for the previous FY; net profit touches almost 1 Arba mark,https://www.sharesansar.com/newsdetail/mahalaxmi-bikas-bank-publishes-incredible-financial-report-for-the-previous-fy-net-profit-touches-almost-1-arba-mark-2022-08-08,"Mahalaxmi Bikas Bank has registered Rs 95.19 crore in net profit for the last fiscal year which is an increase of 44.21% when compared to the previous year.
The bank has also earned a net interest income of Rs 1.89 Arba, raised deposits of Rs 45.89 Arba, disbursed loans of Rs 40.42 Arba, reduced NPL to 2.43% from earlier 2.80%, has paid up capital of Rs 4.01 Arba, EPS of Rs 23.73%, CAR of 11.94%, core capital fund of Rs 6.42 Arba, as per the media statement.
The bank currently has 103 branches serving its 6 lakh customers, as per the media statement.",-0.805375337600708
2022-08-02,Mahalaxmi Bikas Bank appoints NIC ASIA Capital as issue manager for its 1 arba worth debenture; to provide 11% interest annually to the investors,https://www.sharesansar.com/newsdetail/mahalaxmi-bikas-bank-appoints-nic-asia-capital-as-issue-manager-for-its-1-arba-worth-debenture-to-provide-11-interest-annually-to-the-investors-2022-08-02,"Mahalaxmi Bikas Bank has appointed NIC ASIA Capital as issue manager to float its Rs 1 arba worth 11% Mahalaxmi Debenture to the general public.
The bank shall be providing 11% interest to the debenture holders. Among 10 lakh unit debenture, 6 lakh units will be sold via private placement method while 4 lakh units will be sold to the general public, as per the media statement.
The Bank currently serves its 103 branches with 6 lakh plus customers across the nation.",0.8582805395126343
2022-07-01,Mahalaxmi Bikas Bank supports Shree Chetana Basic School in Nagarkot; constructs drinking water facilities for school students,https://www.sharesansar.com/newsdetail/mahalaxmi-bikas-bank-supports-shree-chetana-basic-school-in-nagarkot-constructs-drinking-water-facilities-for-school-students-2022-07-01,"Mahalaxmi Bikas Bank, under its CSR initiative, has constructed and handed over a drinking water facility to Shree Chetana Basic School located at Changunarayan-6 Nagarkot Besitol of Bhaktapur.
the newly constructed facility was handed over by Bhaktapur BM of the bank Ms Anu Shrestha to the school administration amid a program, as per the media statement.
the bank currently has 103 branches serving its 6 lakh customers, as per the media statement.",0.6942541003227234
2022-06-20,Mahalaxmi Bikas Bank inks MoU with Galaxy Speciality Clinic; bank’s customers to receive special discount while availing health services at Maharajgunj-based facility,https://www.sharesansar.com/newsdetail/mahalaxmi-bikas-bank-inks-mou-with-galaxy-speciality-clinic-banks-customers-to-receive-special-discount-while-availing-health-services-at-maharajgunj-based-facility-2022-06-20,"Mahalaxmi Bikas Bank has signed a MOU with Maharajgunj-based Galaxy Speciality Clinic to provide a special discount.
The bank currently provides its services to its 6 lakhs plus customer base from its 103 branches, as per the media statement.",-0.4827224612236023
2022-06-19,Mahalaxmi Bikas Bank signs agreement with Kaliz Garden Eco Resort; MoU to enable bank’s customers to receive special discount at Hetauda-based resort,https://www.sharesansar.com/newsdetail/mahalaxmi-bikas-bank-signs-agreement-with-kaliz-garden-eco-resort-mou-to-enable-banks-customers-to-receive-special-discount-at-hetauda-based-resort-2022-06-19,"Mahalaxmi Bikas Bank Ltd
has entered into an agreement with Kaliz Garden Eco Resort of Hetauda. The MoU was signed with the resort on Asar 3, 2079.
Following the agreement, customers of the bank using its mobile banking service will get an attractive discount for the room and food services at the hotel, as per the media statement.
The bank currently has 103 branches serving its 6 lakh customers, as per the media statement.",-0.669281542301178
2022-06-17,Mahalaxmi Bikas Bank inks MoU with Kathmandu Pathlab and Diagnostic Centre; bank’s mobanking customers to receive special discount while availing health services at the lab,https://www.sharesansar.com/newsdetail/mahalaxmi-bikas-bank-inks-mou-with-kathmandu-pathlab-and-diagnostic-centre-banks-mobanking-customers-to-receive-special-discount-while-availing-health-services-at-the-lab-2022-06-17,"Mahalaxmi Bikas Bank has signed a MOU with Kathmandu Pathlab and Diagnostic   Centre Pvt Ltd of  Maharajgunj to provide a special discount.
The benefits can be availed by customers of the bank by using its mobile banking service, as per the media statement.
The bank currently serves its customers via 103 branches, spread across the nation.",0.13339579105377197
2022-06-16,Mahalaxmi Bikas Bank signs agreement with Regal Hetauda Resort; MoU to enable bank’s customers to receive attractive discount at the resort,https://www.sharesansar.com/newsdetail/mahalaxmi-bikas-bank-signs-agreement-with-regal-hetauda-resort-mou-to-enable-banks-customers-to-receive-attractive-discount-at-the-resort-2022-06-16,"Mahalaxmi Bikas Bank Ltd
has entered into an agreement with Regal Hetauda Resort. The MoU was signed with the resort on Asar 1, 2079.
Following the agreement, customers of the bank using its cards and mobile banking service will get attractive discounts for the resort’s services, as per the media statement.
The bank currently has 103 branches serving its 6 lakh customers.",-0.6858986616134644
2022-06-14,The Interest Rates Of Banks and Financial Institutions For The Month Of Ashad Remains Unchanged,https://www.sharesansar.com/newsdetail/the-interest-rates-of-banks-and-financial-institutions-for-the-month-of-ashad-remains-unchanged-2022-06-14,"Commercial banks
have kept their interest rate profile unchanged in Ashad. The maximum interest rate on fixed deposits provided by commercial banks is 11.03%. The tenure for such fixed deposits is above three months or above six months, depending upon the banks.
Most banks had interest rates of 11.03% for tenure above three months. However, for Standard Chartered and Nepal SBI Bank, the interest rates on fixed deposits were fixed according to the time frame. For standard chartered, the interest rate was 10.3% for periods of less than three months and 11.03% for periods higher than three months. Likewise, Nepal SBI had fixed its rates as; 6.6% above three months, 8.8% above six months, 11.03% above one year, and 9.95% above two years.
Most commercial banks provide a 6.03% interest rate p.a. for depositors on savings.
In contrast, institutions were offered a maximum of 10.03% on fixed deposits.
Since Chaitra, commercial banks had constant deposit interest rates. Individual deposits receive a maximum interest rate of 11.03 percent, while institutional deposits receive a maximum interest rate of 10.03 percent. Senders of remittances are given an interest rate of 12.03 percent.
Likewise, development banks
, have also not raised the interest rates on deposits. The highest interest rate for individuals on fixed deposits is 12% and this rate for institutional depositors remains at 11%.
Similarly, most of the development banks interest rates on savings accounts for the month of Ashad is 7%.
Finance Companies
interest rates on deposits also remain constant. The highest interest rate for individuals on fixed deposits is 12.25% and the rate for institutional depositors is  11.25%.
For savings accounts, each finance company has a varied range of interest rates. While the average rate of interest on savings accounts for most finance institutions for the month of Ashad is 8% p.a., few companies are also offering greater interest rates up to 9%.",0.8962420225143433
2022-06-12,Mahalaxmi Bikas Bank signs MoU with  Om Hospital; bank’s customers to receive special discount at Pokhara-based hospital,https://www.sharesansar.com/newsdetail/mahalaxmi-bikas-bank-signs-mou-with-om-hospital-banks-customers-to-receive-special-discount-at-pokhara-based-hospital-2022-06-12,"Mahalaxmi Bikas Bank has signed a MOU with Om Hospital of Mahendrapul in Pokhara to provide a special discount on its medical services.
The benefits can be availed by customers by using the bank’s card and mobile banking service, as per the media statement.
The bank currently has 103 branches serving its 6 lakh plus customers across the nation.",-0.4706578850746155
2022-06-10,Mahalaxmi Bikas Bank partners with Annapurna Cable Car service; bank’s customers to receive 10% discount at Pokhara based cable car,https://www.sharesansar.com/newsdetail/mahalaxmi-bikas-bank-partners-with-annapurna-cable-car-service-banks-customers-to-receive-10-discount-at-pokhara-based-cable-car-2022-06-10,"Mahalaxmi Bikas Bank has inked an agreement with Annapurna Cable Car to provide a 10% discount to the customers using the bank’s card and mobile banking services while paying for the Pokhara based cable car.
The bank currently has 103 branches in its network serving 6 lakh customers across the nation.",-0.6155645251274109
2022-06-09,Mahalaxmi Bikas Bank launches Kramik Bachat deposit account for its customers; to provide interest yield of 12% with minimum balance of just Rs 1000,https://www.sharesansar.com/newsdetail/mahalaxmi-bikas-bank-launches-kramik-bachat-deposit-account-for-its-customers-to-provide-interest-yield-of-12-with-minimum-balance-of-just-rs-1000-2022-06-09,"Mahalaxmi Bikas Bank has launched Mahalaxmi Kramik Bachat saving product promising the yield of FD product in its saving product.
As per the media statement, customers can open this account with just Rs 1000 and can deposit their principle amount any time for which the bank will pay back the 12% interest quarterly, as per the media statement.
The bank currently has 103 branches serving its 6 lakhs customers, as per the media statement.",0.8722224235534668
2022-06-01,Mahalaxmi Corporate League cricket tournament concludes; ICFC Finance makes it to the top,https://www.sharesansar.com/newsdetail/mahalaxmi-corporate-league-cricket-tournament-concludes-icfc-finance-makes-it-to-the-top-2022-06-01,"Mahalaxmi Corporate league cricket tournament has come to the end where ICFC Finance secured the first position.
The tournament was organized to celebrate the 28
th
anniversary of Mahalaxmi Bikas bank where ICFC Finance defeated its competitors i.e., Prime Commercial Bank and Kamana Sewa Bikas Bank who came second and third respectively.
The closing ceremony was also attended by Deputy Governor Mr. Bam Bahadur Mishra, chairman of the bank Mr. Rajesh Upadhyay and CEO Mr. Bodh Raj Devkota, who handed over the prizes, as per the media statement.",0.5996590852737427
2022-05-27,Mahalaxmi Bikas Bank to organize corporate cricket tournament from Jestha 13; 16 different BFIs to participate,https://www.sharesansar.com/newsdetail/mahalaxmi-bikas-bank-to-organize-corporate-cricket-tournament-from-jestha-13-16-different-bfis-to-participate-2022-05-27,"Mahalaxmi Bikas Bank, amid its 28th-anniversary events, is organizing a corporate cricket league from Jestha 13 to 15, 2079.
The tournament will see participation from 16 different BFIs who will play 32 matches altogether. The winning and runner-up teams and the best performing players will receive attractive prizes from the bank, as per the media statement.",0.7450213432312012
2022-05-25,Mahalaxmi Bikas Bank organizes blood donation events at 31 branches; gathers blood from 1028 noble beings,https://www.sharesansar.com/newsdetail/mahalaxmi-bikas-bank-organizes-blood-donation-events-at-31-branches-gathers-blood-from-1028-noble-beings-2022-05-25,"Mahalaxmi Bikas Bank, under its CSR initiative to observe its 28
th
anniversary, has organized blood donation events at 31 different branches thereby collecting blood from 1028 donors.
The bank is gradually organizing other CSR related activities from all 103 branches across the nation, as per the media statement.",0.7733164429664612
2022-05-24,Mahalaxmi Bikas Bank felicitates Satya Mohan Joshi the living legend of Nepal; observes its 28th anniversary acknowledging his valuable contributions,https://www.sharesansar.com/newsdetail/mahalaxmi-bikas-bank-felicitates-satya-mohan-joshi-the-living-legend-of-nepal-observes-its-28th-anniversary-acknowledging-his-valuable-contributions-2022-05-24,"Mahalaxmi Bikas Bank, to celebrate its 28
th
anniversary, has felicitated Satya Mohan Joshi, the living history of Nepal for his valuable contribution to the field of Nepalese history and culture.
Chairman of the bank Mr. Rajesh Upadhyay has felicitated Mr. Joshi at his residence amid a program, as per the media statement.
The bank is organizing a range of CSR activities from its 103 branches across the nation amid its anniversary special event, as per the media statement.",0.4603636860847473
2022-05-23,Mahalaxmi Bikas Bank observes its 28th anniversary; organizes CSR related events at its all 103 branches,https://www.sharesansar.com/newsdetail/mahalaxmi-bikas-bank-observes-its-28th-anniversary-organizes-csr-related-events-at-its-all-103-branches-2022-05-23,"Mahalaxmi Bikas Bank has observed its 28
th
anniversary on Jestha 7, 2079.
The bank has conducted tree plantation at all its branches, blood donation events at 33 branches, and organized a rally inside Kathmandu for banking awareness, as per the media statement.
The development bank is currently serving 6 lakh customers from its 103 branches.",0.784516453742981
2022-05-09,Mahalaxmi Bikas Bank expands QR code-based payment at Maharajgunj and Naxal of Kathmandu; aims to digitize the local shops and service providers,https://www.sharesansar.com/newsdetail/mahalaxmi-bikas-bank-expands-qr-code-based-payment-at-maharajgunj-and-naxal-of-kathmandu-aims-to-digitize-the-local-shops-and-service-providers-2022-05-09,"Mahalaxmi Bikas Bank has initiated QR code-based payment system at different shops, restaurants and other service providers in Maharajgunj and Naxal of Kathmandu.
The QR codes were handed over to the concerned businesses by Maharajgunj and Naxal branches of the bank. After the new arrangement, customers can pay for their purchases at different shops in the area through their mobile banking services by scanning the bank’s QR code while the merchants can directly receive the funds right at their bank accounts, as per the media statement.
The bank currently has 103 branches across the nation serving 6 lakh customers, as per the media statement.",0.7810825705528259
2022-05-04,Mahalaxmi Bikas Bank relocates its Birtamode branch to Bhadrapur road; branch at new well-equip premise to provide more convenient service to the customers,https://www.sharesansar.com/newsdetail/mahalaxmi-bikas-bank-relocates-its-birtamode-branch-to-bhadrapur-road-branch-at-new-well-equip-premise-to-provide-more-convenient-service-to-the-customers-2022-05-04,"Mahalaxmi Bikas Bank has relocated its Birtamode branch to Bhadrapur Road from earlier Muktichowk in Birtamode of Jhapa district for the comfort of its customers.
The newly relocated facility was jointly inaugurated by the chairman of the bank Mr Rajesh Upadhyay and Jhapa FNCCI head Mr Prakash Sibakoti amid a program, as per the media statement.
The bank currently has 103 branches serving 6 lakh plus customers, as per the media statement.",-0.2548684775829315
2022-05-01,Detailed Summary Of Dividends Distributed By Sectors Listed In Nepse For FY-77/78 With Exact Dividend Figures,https://www.sharesansar.com/newsdetail/detailed-summary-of-dividends-distributed-by-sectors-listed-in-nepse-for-fy-7778-with-exact-dividend-figures-2022-05-01,"Companies listed in NEPSE have declared the dividend (both cash and bonus) for the fiscal year 2078/79. Proposed Dividend is the dividends that are distributed among the shareholders of the company during a financial year and will be paid in the Next Year. Hence, the dividends of last FY-77/78 are distributed in this FY-78/79.
Investors do not just earn from the rise in the share price of their portfolio stocks. They also earn from the dividend and bonuses announced by the company from time to time. Hence, it becomes important for secondary market enthusiasts to know the names of stocks that are going to pay dividends in near future.
Note for Beginners:
You can buy the shares of a company after it has proposed its dividend and still be eligible to get the dividend. In other words, you do not have to invest in the company for one whole fiscal year, which is a misconception among amateur investors.
The book closure date is simply the date on which the company closes its books for the dividend. Investors can still buy the shares after that date but they won’t get the dividend. To get the dividend of the company, you must buy the shares before the book closure date and you must not sell those shares till the book closure date. For example, investors can buy the shares of a company on the last day before its book closure date and still be entitled to the dividend. The investor remains eligible even if they sell the shares at the book closure date.
Commercial Banks
26 commercial banks have already proposed the dividend for the fiscal year 2077/78. Among them, Nabil Bank has proposed the highest dividend, i.e. 38%. Similarly, Nepal SBI bank and Civil Bank have paid the least dividend, i.e. 5.31% and 5.26% respectively. However, the book closure date for dividends of these companies has already elapsed, meaning investors won't be able to claim the dividend of these companies.
Cash and bonus dividends of companies proposed by the companies listed at NEPSE in the Fiscal Year 2077-78 are as given below.
S.N.
Symbol
Company
Bonus Dividend(%)
Cash Dividend(%)
Total Dividend(%)
Book Closure Date
Bonus Listing Date
1
NABIL
Nabil Bank Limited
33.6
4.4
38
2021-12-31 [Closed]
3/29/2022
2
RBBL
Rastriya Banijya Bank Limited
30
3
33
2022-01-03 [Closed]
Not Listed
3
HBL
Himalayan Bank Limited
21.38
4.62
26
2021-12-26 [Closed]
Not Announced
4
ADBL
Agricultural Development Bank Limited
20
1.0526
21.0526
2021-12-31 [Closed]
2/27/2022
5
SANIMA
Sanima Bank Limited
17
0.8947
17.8947
2021-10-24 [Closed]
1/5/2022
6
NBL
Nepal Bank Limited
14
3
17
2021-12-07 [Closed]
2/21/2022
7
PCBL
Prime Commercial Bank Limited
16
0.6313
16.6313
2021-12-08 [Closed]
2/27/2022
8
NIB
Nepal Investment Bank Limited
12.611
3.389
16
2021-11-22 [Closed]
2/15/2022
9
CZBIL
Citizens Bank International Limited
12.913
3.087
16
2021-10-08 [Closed]
12/16/2021
10
NMB
NMB Bank Limited
12.5
3.3
15.8
2021-12-22 [Closed]
3/20/2022
11
NBB
Nepal Bangladesh Bank Limited
12
3.5
15.5
2021-11-01 [Closed]
2/20/2022
12
SBL
Siddhartha Bank Limited
14.25
0.75
15
2022-01-02 [Closed]
2/27/2022
13
MBL
Machhapuchchhre Bank Limited
13.3
0.7
14
2021-10-24 [Closed]
1/20/2022
14
BOKL
Bank of Kathmandu Limited
10
4
14
2021-11-26 [Closed]
2/13/2022
15
GBIME
Global IME Bank Limited
10
3.5
13.5
2021-11-29 [Closed]
2/22/2022
16
SCB
Standard Chartered Bank Nepal Limited
10
3.06
13.06
2021-11-26 [Closed]
2/16/2022
17
PRVU
Prabhu Bank Limited
12
0.63
12.63
2021-12-19 [Closed]
2/22/2022
18
MEGA
Mega Bank Nepal Limited
10
2.07
12.07
2021-11-30 [Closed]
1/17/2022
19
LBL
Laxmi Bank Limited
8
3.5
11.5
2021-12-10 [Closed]
2/20/2022
20
EBL
Everest Bank Limited
6
4.32
10.32
2021-12-03 [Closed]
3/20/2022
21
KBL
Kumari Bank Limited
6
2.67
8.67
2021-10-25 [Closed]
1/9/2022
22
NCCB
Nepal Credit & Commerce Bank Limited
8
0.42
8.42
2021-12-27 [Closed]
2/13/2022
23
SRBL
Sunrise Bank Limited
6.65
0.35
7
2021-12-19 [Closed]
2/20/2022
24
CCBL
Century Commercial Bank Limited
5.75
0.3
6.05
2022-01-03 [Closed]
3/2/2022
25
SBI
Nepal SBI Bank Limited
3.5
1.81
5.31
2021-12-22 [Closed]
3/21/2022
26
CBL
Civil Bank Limited
5
0.26
5.26
2022-01-04 [Closed]
2/17/2022
Development Banks
Similarly, 9 of the total 16 development banks listed in NEPSE have declared the dividend for the fiscal year 2077/78. The book closure dates for all of them have already elapsed. As of now, Mahalaxmi Bikas Bank Limited (MLBL) and Kamana Sewa Bikas Bank Limited (KSBBL) has paid the highest dividend viz. 21.0526 and 19.47% respectively. Accordingly, Shangrila Development Bank Limited (SADBL) has paid the least dividend of 10.5263%.
S.N.
Symbol
Company
Bonus Dividend(%)
Cash Dividend(%)
Total Dividend(%)
Book Closure Date
Bonus Listing Date
1
MLBL
Mahalaxmi Bikas Bank Limited
20
1.0526
21.0526
2021-12-28 [Closed]
4/12/2022
2
KSBBL
Kamana Sewa Bikas Bank Limited
18.5
0.97
19.47
2021-10-27 [Closed]
1/5/2022
3
MNBBL
Muktinath Bikas Bank Limited
17.575
0.925
18.5
2021-12-01 [Closed]
2/13/2022
4
GBBL
Garima Bikas Bank Limited
16
0
16
2022-03-18 [Closed]
Not Announced
5
JBBL
Jyoti Bikash Bank Limited
11
4.5
15.5
2021-12-24 [Closed]
2/14/2022
6
MDB
Miteri Development Bank Limited
13.3
0.7
14
2021-12-29 [Closed]
2/23/2022
7
LBBL
Lumbini Bikas Bank Limited
13
0.6842
13.6842
2021-12-13 [Closed]
2/13/2022
8
SHINE
Shine Resunga Development Bank Limited
10.93
0.57
11.5
2021-12-03 [Closed]
2/17/2022
9
SADBL
Shangrila Development Bank Limited
10
0.5263
10.5263
2021-10-22 [Closed]
12/20/2021
Finance
Out of the listed finance corporations in Nepal, Manjushree Finance Limited remains at the topmost list by paying a dividend of 46%, which is then followed by Reliance Finance Limited which accumulated 15.79% as proposed dividend in the F.Y-77/78. However, the book closure date of all of the following finance sectors has already elapsed.
S.N.
Symbol
Company
Bonus Dividend(%)
Cash Dividend(%)
Total Dividend(%)
Book Closure Date
Bonus Listing Date
1
MFIL
Manjushree Finance Limited
40
6
46
2021-12-30 [Closed]
3/25/2022
2
RLFL
Reliance Finance Limited
15
0.79
15.79
2022-01-04 [Closed]
4/3/2022
3
JFL
Janaki Finance Company Limited
15
0.7895
15.7895
2022-02-07 [Closed]
Not Announced
4
ICFC
ICFC Finance Limited
10
4
14
2021-12-09 [Closed]
2/13/2022
5
MPFL
Multipurpose Finance Company Limited
13
0.68
13.68
2022-01-05 [Closed]
Not Announced
6
GFCL
Goodwill Finance Company Limited
9.1
3.9
13
2021-12-31 [Closed]
2/21/2022
7
SIFC
Shree Investment Finance Company Limited
7.7
3.3
11
2022-01-06 [Closed]
4/17/2022
8
CFCL
Central Finance Limited
7.7
3.3
11
2022-01-02 [Closed]
Not Announced
9
GMFIL
Guheswori Merchant Banking & Finance Limited
10
0.5263
10.5263
2022-01-06 [Closed]
2/23/2022
10
PFL
Pokhara Finance Limited
8.075
0.425
8.5
2022-01-05 [Closed]
3/21/2022
11
PROFL
Progressive Finance Limited
6
0.3157
6.3157
2022-01-03 [Closed]
Not Announced
Micro-Finance
46 microfinance companies listed in NEPSE have declared the dividend for the fiscal year 2077/78. Jeevan Bikas Laghubitta Bittiya Sanstha Limited (JBLB) paid the highest dividend of 73.68% followed by Mahila Laghubitta Bittiya Sanstha Limited (MLBSL) paying 50% of the dividend (Both bonuses as well as cash).
However, 2 out of the 46 microfinance companies are yet to declare their book closure; KLBSL and WNLB.
SN
Symbol
Company
Bonus Dividend(%)
Cash Dividend(%)
Total Dividend(%)
Book Closure Date
Bonus Listing Date
1
JBLB
Jeevan Bikas Laghubitta Bittiya Sanstha Limited
70
3.68
73.68
2022-03-26 [Closed]
Not Announced
2
MLBSL
Mahila Laghubitta Bittiya Sanstha Limited
47.5
2.5
50
2021-12-02 [Closed]
2/15/2022
3
NMFBS
National Microfinance Laghubitta Bittiya Sanstha Limited
40
5
45
2022-01-11 [Closed]
3/30/2022
4
FOWAD
Forward Microfinance Laghubitta Bittiya Sanstha Limited
35
7
42
2021-12-31 [Closed]
Not Announced
5
SMFBS
Swabhimaan Laghubitta Bittiya Sanstha Limited
32.3
1.7
34
2021-12-09 [Closed]
3/29/2022
6
SABSL
Sabaiko Laghubitta Bittiya Sanstha Limited
31.05
1.63
32.68
2021-12-03 [Closed]
3/27/2022
7
SMB
Support Laghubitta Bittiya Sanstha Limited
30
1.5789
31.5789
2021-12-16 [Closed]
Not Announced
8
NUBL
Nirdhan Utthan Laghubitta Bittiya Sanstha Limited
29.5
1.5526
31.0526
2021-12-28 [Closed]
Not Announced
9
CBBL
Chhimek Laghubitta Bittiya Sanstha Limited
27
3
30
2021-12-22 [Closed]
4/17/2022
10
USLB
Unnati Sahakarya Laghubitta Bittiya Sanstha Limited
30
0
30
2021-12-29 [Closed]
4/22/2022
11
ILBS
Infinity Laghubitta Bittiya Sanstha Limited
27.7
1.46
29.16
2021-12-30 [Closed]
4/12/2022
12
GILB
Global IME Laghubitta Bittiya Sanstha Limited
28
0
28
2021-11-30 [Closed]
3/31/2022
13
LLBS
Laxmi Laghubitta Bittiya Sanstha Limited
20
7.3684
27.3684
2021-11-16 [Closed]
1/9/2022
14
SDLBSL
Sadhana Laghubitta Bittiya Sanstha Limited
25
1.32
26.32
2021-10-20 [Closed]
1/20/2022
15
SKBBL
Sana Kisan Laghubitta Bittiya Sanstha Limited
25
1.3158
26.3158
2021-12-20 [Closed]
3/22/2022
16
MLBBL
Mithila Laghubitta Bittiya Sanstha Limited
25
1.3158
26.3158
2022-01-03 [Closed]
Not Announced
17
ALBSL
Asha Laghubitta Bittiya Sanstha Limited
25
1.3158
26.3158
2021-10-29 [Closed]
1/20/2022
18
JSLBB
Janautthan Samudayic Laghubitta Bittiya Sanstha Limited
25
1.3157
26.3157
2022-01-05 [Closed]
Not Announced
19
MSLB
Mahuli Laghubitta Bittiya Sanstha Limited
26
0
26
2021-12-27 [Closed]
Not Announced
20
SMFDB
Summit Laghubitta Bittiya Sanstha Limited
25.2853
0
25.2853
2021-12-30 [Closed]
Not Announced
21
SWBBL
Swabalamban Laghubitta Bittiya Sanstha Limited
19
6
25
2021-12-21 [Closed]
Not Announced
22
RMDC
RMDC Laghubitta Bittiya Sanstha Limited
20
5
25
2022-01-02 [Closed]
3/29/2022
23
SLBBL
Swarojgar Laghubitta Bittiya Sanstha Limited
25
0
25
2021-10-29 [Closed]
1/25/2022
24
SMATA
Samata Gharelu Laghubitta Bittiya Sanstha Limited
20
5
25
2021-12-10 [Closed]
Not Announced
25
KLBSL
Kisan Laghubitta Bittiya Sanstha Limited(Former NRN Laghubitta Bittiya Sanstha Limited)
25
0
25
Not Declared
Book closure yet to be done
26
NMBMF
NMB Laghubitta Bittiya Sanstha Limited
21.5
1.13
22.63
2021-12-24 [Closed]
Not Announced
27
NLBBL
Nerude Laghubitta Bittiya Sanstha Limited
21.4876
1.1309
22.6185
2021-12-12 [Closed]
Not Announced
28
VLBS
Vijaya Laghubitta Bittiya Sanstha Limited
20.031
1.054
21.085
2021-12-27 [Closed]
4/7/2022
29
DDBL
Deprosc Laghubitta Bittiya Sanstha Limited
20
1.053
21.053
2021-09-28 [Closed]
Not Announced
30
NADEP
NADEP Laghubitta Bittiya Sanstha Limited
20
1.053
21.053
2022-01-17 [Closed]
Not Announced
31
MERO
Mero Microfinance Laghubitta Bittiya Sanstha Limited
20
1.0526
21.0526
2021-11-25 [Closed]
2/15/2022
32
ACLBSL
Aarambha Chautari Laghubitta Bittiya Sanstha Limited
21
0
21
2022-03-31 [Closed]
Not Announced
33
MMFDB
Mirmire Laghubitta Bittiya Sanstha Limited
20
0
20
2022-01-03 [Closed]
Not Announced
34
CLBSL
Civil Laghubitta Bittiya Sanstha Limited
19
1
20
2021-10-31 [Closed]
2/15/2022
35
GMFBS
Ganapati Laghubitta Bittiya Sanstha Limited
19
1
20
2021-12-22 [Closed]
3/20/2022
36
AKBSL
Adhikhola Laghubitta Bittiya Sanstha Limited
19
1
20
2022-01-02 [Closed]
Not Announced
37
NSLB
Naya Sarathi Laghubitta Bittiya Sanstha Limited
19
1
20
2022-04-06 [Closed]
Not Announced
38
WOMI
Womi Laghubitta Bittiya Sanstha Limited
20
0
20
2021-12-16 [Closed]
3/21/2022
39
SLBS
Suryodaya Laghubitta Bittiya Sanstha Limited
20
0
20
2021-12-16 [Closed]
4/12/2022
40
GLBSL
Gurans Laghubitta Bittiya Sanstha Limited
16.9064
0.8894
17.796
2021-10-25 [Closed]
1/20/2022
41
MKLB
Manakamana Smart Laghubitta Bittiya Sanstha Limited
17
0
17
2021-12-19 [Closed]
4/17/2022
42
KMCDB
Kalika Laghubitta Bittiya Sanstha Limited
13
0
13
2022-01-05 [Closed]
4/18/2022
43
WNLB
Wean Nepal Laghubitta Bittiya Sanstha Limited
11
0.5
11.5
Not Declared
Book closure yet to be done
44
FMDBL
First Microfinance Laghubitta Bittiya Sanstha Limited
10
0.53
10.53
2021-11-21 [Closed]
2/22/2022
45
RSDC
RSDC Laghubitta Bittiya Sanstha Limited
10
0.5263
10.5263
2021-11-16 [Closed]
Not Announced
46
NICLBSL
NIC Asia Laghubitta Bittiya Sanstha Limited
0
5.41
5.41
2021-11-09 [Closed]
Hydropower
Out of the 40 listed hydropower companies till FY 77/78, 14 hydropower companies have declared the dividend. As of now, Ngadi Group Power Limited has paid the highest, i.e. 21.05%. The book closure date of all 14 hydropower companies has elapsed.
S.N.
Symbol
Company
Bonus Dividend(%)
Cash Dividend(%)
Total Dividend(%)
Book Closure Date
Bonus Listing Date
1
NGPL
Ngadi Group Power Limited
20
1.05
21.05
2021-09-03 [Closed]
11/19/2021
2
BPCL
Butwal Power Company Limited
10
10
20
2021-12-26 [Closed]
2/22/2022
3
NHPC
National Hydro Power Company Limited
18.525
0.975
19.5
2022-02-25 [Closed]
Not Announced
4
AKPL
Arun Kabeli Power Limited
17
0.89
17.89
2021-08-31 [Closed]
11/17/2021
5
KPCL
Kalika Power Company Limited
15
0.7895
15.7895
2022-01-03 [Closed]
Not Announced
6
CHCL
Chilime Hydro power Company Limited
7.5
7.5
15
2021-12-30 [Closed]
3/6/2022
7
RHPC
Ridi Hydropower Development Company Limited
0
12.6
12.6
2021-10-19 [Closed]
Not Announced
8
RRHP
Rairang Hydropower Development Company Limited.
0
12.6
12.6
2021-10-21 [Closed]
Not Announced
9
API
Api Power Company Limited
10.5
0.55
11.05
2021-09-03 [Closed]
11/15/2021
10
SHPC
Sanima Mai Hydropower Limited
10
0.5263
10.5263
2021-10-04 [Closed]
1/2/2022
11
SPDL
Synergy Power Development Limited
10
0.5263
10.5263
2021-08-20 [Closed]
11/3/2021
12
RURU
Ru Ru Jalbidhyut Pariyojana Limited
10
0.5263
10.5263
2021-09-23 [Closed]
1/23/2022
13
AHPC
Arun Valley Hydropower Development Company Limited
10
0.526
10.526
2021-09-27 [Closed]
1/4/2022
14
NHDL
Nepal Hydro Developer Limited
7
0.3684
7.3684
2021-12-28 [Closed]
4/3/2022
Mutual Funds
21 mutual funds have also unveiled the dividend. Global IME Samunnat Scheme 1 (GIMES1) proposed the highest (100% cash dividend) for the fiscal year. However, the book closure date of all of these funds has elapsed.
S.N.
Symbol
Company
Bonus Dividend(%)
Cash Dividend(%)
Total Dividend(%)
Book Closure Date
1
GIMES1
Global IME Samunnat Scheme 1
0
100
100
2021-12-08 [Closed]
2
NIBLPF
NIBL Pragati Fund
0
50
50
2021-08-13 [Closed]
3
NIBLSF
NIBL Sahabhagita Fund
0
50
50
2021-07-29 [Closed]
4
SFMF
Sunrise First Mutual Fund
0
50
50
2021-09-01 [Closed]
5
NEF
Nabil Equity Fund
0
40
40
2021-09-27 [Closed]
6
CMF1
Citizens Mutual Fund-1
0
40
40
2021-09-09 [Closed]
7
CMF2
Citizens Mutual Fund - 2
0
40
40
2021-09-09 [Closed]
8
LEMF
Laxmi Equity Fund
0
35
35
2021-07-30 [Closed]
9
NBF2
Nabil Balanced Fund - 2
0
35
35
2021-09-27 [Closed]
10
NIBSF1
NIBL Samriddhi Fund 1
0
35
35
2021-08-13 [Closed]
11
SAEF
Sanima Equity Fund
0
33
33
2021-09-17 [Closed]
12
SEF
Siddhartha Equity Fund
0
30
30
2021-08-16 [Closed]
13
NICGF
NIC Asia Growth Fund
0
30
30
2021-09-12 [Closed]
14
NICBF
NIC ASIA Balanced Fund
0
30
30
2021-09-12 [Closed]
15
SIGS2
Siddhartha Investment Growth Scheme-2
0
30
30
2021-08-16 [Closed]
16
NMB50
NMB 50
0
30
30
2021-09-03 [Closed]
17
LUK
Laxmi Unnati Kosh
0
25
25
2021-07-28 [Closed]
18
NMBHF1
NMB Hybrid Fund L- 1
0
20
20
2021-09-03 [Closed]
19
NADDF
NIC Asia Dynamic Debt Fund
0
10
10
2021-08-12 [Closed]
20
KEF
Kumari Equity Fund
0
5
5
2021-08-09 [Closed]
21
SLCF
Sanima Large Cap Fund
0
4
4
2021-09-17 [Closed]
Investments
Meanwhile, out of 5 listed only 3 investment companies have declared their dividend of FY-77/78.
S.N.
Symbol
Company
Bonus Dividend(%)
Cash Dividend(%)
Total Dividend(%)
Book Closure Date
Bonus Listing Date
1
HIDCL
Hydroelectricity Investment and Development Company Limited
8
0.421
8.421
2021-12-20 [Closed]
Not Declared
2
NIFRA
Nepal Infrastructure Bank Limited
8
0.42
8.42
2021-11-25 [Closed]
2/17/2022
3
NRN
NRN Infrastructure and Development Limited
5
0.26
5.26
2021-12-30 [Closed]
3/25/20i22
Merchant Bank
18 merchant banks have declared their dividends comprising of both cash as well as bonus dividends. Global IME capital remains at the top position while distributing its dividends. Whereas, Century capital market limited declared the least dividend of 10% only.
S.N.
Symbol
Company
Bonus Dividend(%)
Cash Dividend(%)
Total Dividend(%)
1
GBIMEL
Global IME Capital Limited
70
30
100
2
NICACL
NIC Asia Capital Limited
0
48
48
3
PRABHU
Prabhu Capital Limited
28.3885
17.61
45.9985
4
SIDCL
Siddhartha Capital Limited
0
40
40
5
SUCL
Sunrise Capital Limited (NCM/NIDC)
0
40
40
6
NABILINV
Nabil Investment Banking Limited
35
1.842
36.842
7
NMBCAP
NMB Capital Limited
0
30
30
8
NIBLACE
NIBL Ace Capital Limited
0
26
26
9
SANCAP
Sanima Capital Limited
0
25
25
10
CBIL
CBIL Capital Limited
0
25
25
11
NBCL
Nepal Bangladesh Capital Limited
0
19
19
12
MuktinathCap
Muktinath Capital Limited
0
18
18
13
BOKCML
BOK Capital Market Limited
0
18
18
14
MCML
Mega Capital Markets Limited
0
16
16
15
GCL
Garima Capital Limited
0
15.65
15.65
16
MCL
Machhapuchhre Capital Limited
7
6.4
13.4
17
RBBMBL
RBB Merchant Banking Limited
0
10
10
18
CCML
Century Capital Markets Limited
0
6.25
6.25
Non-Life Insurance
Out of the 20 non-life insurance in Nepal, 18 insurance companies are listed in NEPSE. Sagarmatha Insurance Company Limited has the highest dividend payout scale of 21.05%, whereas the lowest remains for Everest Insurance company. Both of these sectors have recently announced the date as their book closure date. Meanwhile, 2 out of the listed insurance company are yet to disclose their book closure date.
S.N.
Symbol
Company
Bonus Dividend(%)
Cash Dividend(%)
Total Dividend(%)
Book Closure Date
Bonus Listing Date
1
SIC
Sagarmatha Insurance Company Limited
20
1.0526
21.0526
4/29/2022
Not Announced
2
NIL
Neco Insurance Company Limited
15
0.79
15.79
2022-03-15 [Closed]
Not Announced
3
SIL
Siddhartha Insurance Limited
15
0.7895
15.7895
2022-03-31 [Closed]
Not Announced
4
PIC
Premier Insurance Company (Nepal) Limited
14.25
0.75
15
2022-01-19 [Closed]
3/2/2022
5
PRIN
Prabhu Insurance Company Limited
11
0.58
11.58
2022-03-31 [Closed]
Not Announced
6
NICL
Nepal Insurance Company Limited
11
0.5789
11.5789
Not Declared
Book closure yet to be done
7
NLG
NLG Insurance Company Limited
10
0.5263
10.5263
2022-03-20 [Closed]
Not Announced
8
LGIL
Lumbini General Insurance Limited
9.5238
0.4762
10
Not Declared
Book closure yet to be done
9
IGI
IME General Insurance Limited
7
0.37
7.37
2022-04-08 [Closed]
Not Announced
10
PICL
Prudential Insurance Company Limited
7
0.368
7.368
2022-04-07 [Closed]
Not Announced
11
HGI
Himalayan General Insurance Company Limited
6.65
0.35
7
2022-02-28 [Closed]
Not Announced
12
EIC
Everest Insurance Company Limited
6
0.3158
6.3158
2022-04-25 [Closed]
Not Announced
Others
In the same way, NTC (Nepal Doorsanchar Company Limited) also unveiled their dividend. As shown, NTC declared a dividend. However, the book closure dates for the said dividend have already elapsed.
S.N.
Symbol
Company
Bonus Dividend(%)
Cash Dividend(%)
Total Dividend(%)
Book Closure Date
Bonus Listing Date
1
NTC
Nepal Doorsanchar Company Limited
20
20
40
2022-03-25 [Closed]
Not Announced
Trading
Salt trading corporation of trading sector distributed dividend of 10.5%, consisting of both bonus as well as cash dividend for the FY 77/78.
S.N.
Symbol
Company
Bonus Dividend(%)
Cash Dividend(%)
Total Dividend(%)
Book Closure Date
Bonus Listing Date
1
STC
Salt Trading Corporation Limited
10
0.5
10.5
2022-03-29 [Closed]
Not Announced
Manufacturing and products
Out of the four companies in manufacturing & products sector, Unilever Nepal Limited declared a highest dividend of 650%, which is wholly cash based. Also, HDL and NLO are yet to declare their bonus listing dates.
S.N.
Symbol
Company
Bonus Dividend(%)
Cash Dividend(%)
Total Dividend(%)
Book Closure date
Bonus Listing Date
1
UNL
Unilever Nepal Limited
0
650
650
2021-10-11 [Closed]
2
HDL
Himalayan Distillery Limited
75
25
100
2021-12-31 [Closed]
2/13/2022
3
NLO
Nepal Lube Oil Limited
30
5
35
2021-09-21 [Closed]
2/14/2022
4
SHIVM
Shivam Cements Limited
0
29
29
2021-10-25 [Closed]
Note:
For the year 2077/78, none of the companies from two sectors viz Hotel and Tourism, and Life insurance sectors have declare their proposed dividends.
Disclaimer:
This article is intended to keep investors updated about the dividends declared by companies till now. It can be used to compare the trend of dividend proposals among companies and sectors. However, it should be noted that the dividend amount isn't the only valuation metric, and depending on it solely may result in speculation errors. Hence, higher dividend-paying stocks may already have a higher market price (hence reducing the profitability of buying).
Additionally, it is not owning more of something that has little value. Investors in NEPSE are overly attracted to bonus shares distribution, almost as if that is all that matters. As the legendary investor Mark Cuban puts it, a small stake in watermelon is more than 100% of a grape.",0.9127106666564941
2022-04-28,Mahalaxmi Bikas Bank relocates its Rajapur branch to Main Chowk,https://www.sharesansar.com/newsdetail/mahalaxmi-bikas-bank-relocates-its-rajapur-branch-to-main-chowk-2022-04-27,"Mahalaxmi Bikas Bank has relocated its Rajapur branch to Main Chowk in Rajapur nagarpalika-4.
The newly relocated branch was jointly inaugurated by the director of the bank Mr Dipak Rauniyar and the mayor of nagarpalika Mr Shiva Prasad Chaudhari amid a program on Baisakh 14, 2079.
The bank currently has 103 branches serving its 6 lakh customers, as per the media statement.",0.7055405378341675
2022-04-28,Mahalaxmi Bikas Bank signs agreement with Aagan Restaurant and Thakali Ghar; MoU to enable bank’s customers to receive special discount at the restaurant,https://www.sharesansar.com/newsdetail/mahalaxmi-bikas-bank-signs-agreement-with-aagan-restaurant-and-thakali-ghar-mou-to-enable-banks-customers-to-receive-special-discount-at-the-restaurant-2022-04-28,"Mahalaxmi Bikas Bank
has entered into an agreement with Aagan Restaurant and Thakali Ghar. The MoU was signed on Baisakh 15, 2079 between the two institutions.
Following the agreement, customers of the bank using its cards and mobile banking service will get attractive discounts while availing of different food and beverage services at the restaurant, as per the media statement.
The bank currently has 103 branches across the nation serving 6 lakh customers, as per the media statement.",-0.5619387626647949
2022-04-27,Mahalaxmi Bikas Bank relocates its Nepalgunj branch to Pushpalal Chowk,https://www.sharesansar.com/newsdetail/mahalaxmi-bikas-bank-relocates-its-nepalgunj-branch-to-pushpalal-chowk-2022-04-27,"Mahalaxmi Bikas Bank has relocated its Nepalgunj branch to Nepalgunj -2 Pushpalal Chowk from earlier Nepalgunj-12 Surkhetroad in Banke district for the comfort of its customers.
The newly relocated facility was jointly inaugurated by Nepalgunj head of Nepal Rastra Bank Ms. Niva Shrestha and BoD of the bank Mr. Deepak Rauniyar amid a program, as per the media statement.
The bank currently has 103 branches serving 6 lakh plus customers, as per the media statement.",0.35124221444129944
2022-04-25,Mahalaxmi Bikas Bank signs agreement with Eat and Drink Restaurant; MoU to enable bank’s customers to receive special discount at the restaurant,https://www.sharesansar.com/newsdetail/mahalaxmi-bikas-bank-signs-agreement-with-eat-and-drink-restaurant-mou-to-enable-banks-customers-to-receive-special-discount-at-the-restaurant-2022-04-25,"Mahalaxmi Bikas Bank
has entered into an agreement with Eat and Drink Restaurant in Kamane. The MoU was signed on Baisakh 11, 2079 between the two institutions.
Following the agreement, customers of the bank using its cards and mobile banking service will get attractive discounts while availing of different food and beverage services at the restaurant, as per the media statement.
The bank currently has 103 branches across the nation serving 6 lakh customers, as per the media statement.",-0.6085251569747925
2022-04-24,Mahalaxmi Bikas Bank hands over road dividers to Metropolitan Police in Maharajgunj; aims to support traffic management of Kathmandu,https://www.sharesansar.com/newsdetail/mahalaxmi-bikas-bank-hands-over-road-dividers-to-metropolitan-police-in-maharajgunj-aims-to-support-traffic-management-of-kathmandu-2022-04-24,"Mahalaxmi Bikas Bank, under its CSR initiative, handed over road divider to Metropolitan Police in Maharajgunj on Baisakh 9, 2079.
The support materials were handed over by Maharajgunj BM of the bank Mr. Pallab Shrestha to A.S.I. Mr. Pursottam Dhakal is expected to support in traffic management of the city, as per the media statement.
The bank currently has 103 branches serving its 6 lakh customers, as per the media statement.",0.8094136714935303
2022-04-20,Mahalaxmi Bikas Bank (MLBL) Distributes Bonus Shares to Demat Accounts,https://www.sharesansar.com/newsdetail/mahalaxmi-bikas-bank-mlbl-distributes-bonus-shares-to-demat-accounts-2022-04-20,"Mahalaxmi Bikas Bank Limited (MLBL)
has distributed 20% bonus shares directly to Demat accounts of its shareholders. The company has also urged investors to dematerialize their shares.
The 20th AGM of the company held on Falgun 13, endorsed 21.05% dividend to its shareholders for the fiscal year 2077/78. The meeting of the board of directors held on Mangsir 12 decided to distribute the dividend on the paid-up capital of Rs. 3.34 Arba. 20% bonus shares worth Rs. 66.84 crores and 1.0526% cash dividend (including tax) worth Rs. 51.83 lakhs have been proposed.
The same bonus shares are now deposited to Demat accounts. Note that the shares are already listed in NEPSE. As of writing, MLBL has an LTP of Rs. 414.
Announcement",0.9038249850273132
2022-04-19,Growth in Core Business and Other Operating Income results outstanding 76.98% growth in Net Profit of Mahalaxmi Bikas Bank in Q3,https://www.sharesansar.com/newsdetail/growth-in-core-business-and-other-operating-income-results-outstanding-7698-growth-in-net-profit-of-mahalaxmi-bikas-bank-in-q3-2022-04-19,"Mahalaxmi Bikas Bank Limited (MLBL)
has published its third-quarter report for the FY 2078/79 with a rise in net profit by 76.98%.
The bank’s profit has increased from Rs 40.36 crore in the third quarter of the fiscal year 2077/78 to Rs 69.57 crore in the third quarter of the fiscal year 2078/79. In the same quarter, the bank has Rs 45.83 crore as distributable profit after PL Appropriation and Regulatory Adjustments.
The bank’s deposits from customers have a growth rate of 8.21% (Compared to the immediate Previous Year Ending) to Rs 41.77 arba and loans and advances to customers have increased by 26.51% (Compared to the immediate Previous Year Ending) to Rs 38.08 arba till the third quarter.
The net interest income of the bank has increased by 15.64% to Rs 1.34 arba from Rs 1.16 arba in the corresponding quarter. Despite low growth in core business revenue, the net profit increased by 76.98% because the company had higher other operating income compared to the corresponding quarter of the previous year.
The bank’s paid-up capital stands at Rs 4.01 arba with Rs 2.24 arba as its reserve and surplus.
The Non-Performing Loan (NPL) has decreased to 2.89% from 4.44%.
The EPS (annualized) of the bank stands at Rs 23.74. The net worth per share stands at Rs 156.4. The company traded at a P/E ratio of 17.27 times.
Click here for Q3 report:
* Q3 2077/78 Figures are from Immediate Previous Year Ending
Financial Highlights:
Particulars (In Rs '000"")
Mahalaxmi Bikas Bank
Q3 2078/79
Q3 2077/78
Difference
Share Capital*
4,010,883
3,342,403
20.00%
Share Premium*
0
0
Retained Earnings*
487,937
567,638
-14.04%
Reserves*
1,759,611
1,596,502
10.22%
Deposits from Customers*
41,779,591
38,609,250
8.21%
Loans & Advances to customers*
38,086,853
30,106,374
26.51%
Net Interest Income
1,349,850
1,167,299
15.64%
Impairment Charge/(Reversal)
1,580
273,248
-99.42%
Personnel Expenses
456,579
363,198
25.71%
Operating Profit
1,009,818
560,242
80.25%
Profit/(Loss) for the Year
714,285
403,605
76.98%
Total Comprehensive Income
695,787
403,605
72.39%
Distributable Profit/ (Loss) after P/L Appropriation and Regulatory Adjustments
458,305
Capital Adequacy Ratio (CAR)
12.46
13.03
-4.37%
NPL
2.89
4.44
-34.91%
Credit to Deposit Ratio (CD Ratio)
89.98
91.98
-2.17%
Cost of Fund (%)
8.2
5.61
46.17%
Interest Rate Spread (%)
4.11
4.8
-14.38%
Base Rate (%)
10.25
7.98
28.45%
EPS (In Rs.)
23.74
16.10
47.48%
Net Worth per Share (In Rs.)
156.04
164.75
-5.29%
Qtr End PE Ratio (times)
17.27
-
-
Qtr End Market Price
410
-
-",-0.7300490736961365
2022-04-16,Mahalaxmi Bikas Bank hands over dustbins to Shree Laxmi Aadarsa Youth Club in Pokhara; fulfills its CSR towards clean environment,https://www.sharesansar.com/newsdetail/mahalaxmi-bikas-bank-hands-over-dustbins-to-shree-laxmi-aadarsa-youth-club-in-pokhara-fulfills-its-csr-towards-clean-environment-2022-04-16,"Mahalaxmi Bikas Bank, under its CSR initiative, has handed over dustbins to Shree Laxmi Aadarsha Youth club of Pokhara 27 and 30, Jyamirkuna- Shishuwa.
Shishuwa BM of the bank Mr. Bimal Bastola has handed over 10 set dustbins to chairman of the club Mr.  Nirvan Dewan amid a program, as per the media statement.
The bank currently has 103 branches serving its 6 lakh customers, as per the media statement.",0.694251537322998
2022-04-13,"66,84,805.45 Bonus Shares of Mahalaxmi Bikas Bank (MLBL) Listed in NEPSE",https://www.sharesansar.com/newsdetail/668480545-bonus-shares-of-mahalaxmi-bikas-bank-mlbl-listed-in-nepse-2022-04-13,"66,84,805.45 unit bonus shares of
Mahalaxmi Bikas Bank Limited (MLBL)
have been listed in NEPSE.
The 20th AGM of the company held on 25th Poush, 2078 endorsed a 21.0526% dividend for the fiscal year 2077/78. The meeting of the board of directors held on Mangsir 12 decided to distribute the dividend on the paid-up capital of Rs. 3.34 Arba. 20% bonus shares worth Rs 66.84 crores and 1.0526% cash dividend (including tax) worth Rs 51.83 lakhs were proposed.
Poush 13 was the book closure date. Thus, shareholders maintained before that day are entitled to the dividend payout.
As of writing, MLBL has an LTP of Rs. 403.",0.9014853835105896
2022-04-12,Mahalaxmi Bikas Bank provides water tanks and whiteboards to the community school in Dhadeldhura,https://www.sharesansar.com/newsdetail/mahalaxmi-bikas-bank-provides-water-tanks-and-whiteboards-to-the-community-school-in-dhadeldhura-2022-04-12,"Mahalaxmi Bikas Bank, under its CSR initiative, has provided a water tank and whiteboard to Shree Sahashreeling Ma. Vi. in Ajayameru Gaupalika in Dadeldhura.
The support items were handed over amid a program that was also attended by ward 2 head Mr. Shivaraj Bhatta, SMC head Mr. Hari Krishna Pal, school headteacher  Mr. Ranbahadur Ayer, as per the media statement.
The bank currently has 103 branches across the nation serving its 6 lakh plus customers.",-0.10100269317626953
2022-04-10,Mahalaxmi Bikas Bank relocates its Parasi branch to CDO road from former Sunwol road,https://www.sharesansar.com/newsdetail/mahalaxmi-bikas-bank-relocates-its-parasi-branch-to-cdo-road-from-former-sunwol-road-2022-04-10,"Mahalaxmi Bikas Bank has relocated its Parasi branch from then Sunwol road to CDO road in Ramgram nagarpalika-5.
The newly relocated branch was jointly inaugurated by director of the bank Mr. Rahul Agrawal and former Home Minister Mr. Devendra Raj Kandel amid a program on Chaitra 25, 2078.
The bank currently has 103 branches serving its 6 lakh customers, as per the media statement.",0.6918956637382507
2022-04-07,Mahalaxmi Bikas Bank signs MoU with Himal Dental Hospital and Institute of Dental Science; bank’s customers to receive attractive discount for dental services,https://www.sharesansar.com/newsdetail/mahalaxmi-bikas-bank-signs-mou-with-himal-dental-hospital-and-institute-of-dental-science-banks-customers-to-receive-attractive-discount-for-dental-services-2022-04-07,"Mahalaxmi Bikas Bank has signed a MOU with Himal Dental Hospital and Institute of Dental Sciences to provide special discount in its dental services.
The benefits can be availed by customers by using bank’s card and mobile banking service, as per the media statement.
The bank currently has 103 branches serving 6 lakh customers, as per the media statement.",-0.46601104736328125
2022-04-07,Mahalaxmi Bikas Bank provides Physiotherapy machine to Nepal Baal Sangathan in Naxal,https://www.sharesansar.com/newsdetail/mahalaxmi-bikas-bank-provides-physiotherapy-machine-to-nepal-baal-sangathan-in-naxal-aims-to-provide-quality-health-service-to-needy-children-2022-04-06,"Muktinath Bikas Bank has inked an agreement with Daraz to provide special discount to bank’s customers while shopping with Daraz during the upcoming new year 2079 where the scheme will begin from Chaitra 28.
Following the agreement, debit card users of the bank will receive 10% discount or upto Rs 1000 while making prepayment for their purchases from Daraz, as per the media statement.",-0.44168031215667725
2022-04-06,Mahalaxmi Bikas Bank signs agreement with The Destination Lounge and Bar,https://www.sharesansar.com/newsdetail/mahalaxmi-bikas-bank-signs-agreement-with-the-destination-lounge-and-bar-mou-to-enable-banks-customers-to-receive-attractive-discount-for-hospitality-services-at-hetauda-based-lounge-2022-04-05,"Mahalaxmi Bikas Bank
has entered into an agreement with The Destination Lounge and Bar of Hetauda to facilitate for a special discount.
Following the agreement, card and MoBanking customers of the Bank will get attractive discount for food and beverage services and other hospitality services, as per the media statement.
The bank currently has 103 branches serving its 6 lakh customers across the nation, as per the media statement.",-0.7318373918533325
2022-04-04,Mahalaxmi Bikas Bank signs agreement with Shrestha Tailoring; MoU to enable bank’s customers to receive attractive discount at the tailoring centre,https://www.sharesansar.com/newsdetail/mahalaxmi-bikas-bank-signs-agreement-with-shrestha-tailoring-mou-to-enable-banks-customers-to-receive-attractive-discount-at-the-tailoring-centre-2022-04-04,"Mahalaxmi Bikas Bank
has entered into an agreement with Shrestha Tailoring that provides shirting and suiting services.
Following the agreement, customers using Debit cards and MoBanking service of the Bank will get attractive discount while availing different services at the tailoring centre, as per the media statement.
The bank currently has 103 branches serving its 6 lakh customers, as per the media statement.",-0.5886938571929932
2022-04-03,Mahalaxmi Bikas Bank brings out calendar for new year 2079; CEO Mr. Bodh Raj Devkota reveals the latest publication,https://www.sharesansar.com/newsdetail/mahalaxmi-bikas-bank-brings-out-calendar-for-new-year-2079-ceo-mr-bodh-raj-devkota-reveals-the-latest-publication-2022-04-03,"Mahalaxmi Bikas Bank has unveiled its calendar for the new year 2079. The new calendar was unveiled by CEO of the bank Mr. Bodh Raj Devkota.
The bank has used the theme of agro independence for prosperous nation for its new calendar, as per the media statement.
The bank currently has its presence with 103 branches serving 6 lakh customers, as per the media statement.",0.7950728535652161
2022-03-30,Mahalaxmi Bikas Bank supports Siddharthanagar nagarpalika in Rupandehi;; provides dustbins for the cleanliness of the locality,https://www.sharesansar.com/newsdetail/mahalaxmi-bikas-bank-supports-siddharthanagar-nagarpalika-in-rupandehi-provides-dustbins-for-the-cleanliness-of-the-locality-2022-03-30,"Mahalaxmi Bikas Bank, under its CSR initiative, has handed over dustbins to Siddharthanagar nagarpalika so as to promote cleanliness around the area.
The support amount was handed over to the nagarpalika by Bhairahawa BM of the bank Mr. Gautam Gupta amid a program, as per the media statement.
The development bank currently provides its services via 103 branches to 6 lakh plus customers across the nation, as per the media statement.",0.754326581954956
2022-03-27,Mahalaxmi Bikas Bank signs agreement with Auricle Events,https://www.sharesansar.com/newsdetail/mahalaxmi-bikas-bank-signs-agreement-with-auricle-events-2022-03-27,"Mahalaxmi Bikas Bank
has entered into an agreement with Oracle Events of Maharajgunj in Kathmandu.
Following the agreement, customers using Debit cards and MoBanking service of the Bank will get attractive discounts while availing of different food services at the café, as per the media statement.
The bank currently has 103 branches in its network serving its 6 lakh plus customers, as per the media statement.",-0.7016289234161377
2022-03-23,Mahalaxmi Bikas Bank constructs rest house for Jalpa Ma.Vi. in Bajhang,https://www.sharesansar.com/newsdetail/mahalaxmi-bikas-bank-constructs-rest-house-for-jalpa-mavi-in-bajhang-2022-03-23,"Mahalaxmi Bikas Bank, under its CSR initiative, has constructed and handed over rest house to Bajhang Ma.Vi. located in Bajhang.
The support was handed over by Bajhang BM of the bank Mr.Him Bohora to the headmaster of the school Mr. Uttam Bahadur Malla amid a program, as per the media statement.
The development bank currently provides its services via 103 branches to 6 lakh plus customers across the nation, as per the media statement.",0.7809893488883972
2022-03-22,Mahalaxmi Bikas Bank provides water tank and dust bins to Shree Suryachandra Technical School in Sanfebagar,https://www.sharesansar.com/newsdetail/mahalaxmi-bikas-bank-provides-water-tank-and-dust-bins-to-shree-suryachandra-technical-school-in-sanfebagar-2022-03-22,"Mahalaxmi Bikas Bank, under its CSR initiative, has handed over 100 l water tank and dust bins to Shree Suryachandra Technical School located in Sanfebagar.
The support items were handed over by Sanfebagar BM of the bank Mr. Punit Sah amid a program, as per the media statement.
The development bank currently provides its services via 103 branches to 6 lakh plus customers across the nation, as per the media statement.",0.7463485598564148
2022-03-16,Mahalaxmi Bikas Bank provides sports gear to Bhumeshwor Ma.Vi. in Patan of Baitadi,https://www.sharesansar.com/newsdetail/mahalaxmi-bikas-bank-provides-sports-gear-to-bhumeshwor-mavi-in-patan-of-baitadi-2022-03-16,"Mahalaxmi Bikas Bank, under its CSR initiative, has handed over sports gear to Bhumeswor Ma.Vi. located in Patan -4 Baitadi.
The support items were handed over by Patan BM of the bank Mr. Bijay Sah amid a program, as per the media statement.
The development bank currently provides its services via 103 branches to 6 lakh plus customers across the nation, as per the media statement.",0.8132346868515015
2022-03-15,Mahalaxmi Bikas Bank supports construction of water tank and sports materials to Nandi Ma.Vi. in Kathmandu,https://www.sharesansar.com/newsdetail/mahalaxmi-bikas-bank-supports-construction-of-water-tank-and-sports-materials-to-nandi-mavi-in-kathmandu-2022-03-15,"Mahalaxmi Bikas Bank, under its CSR initiative, has handed over financial support of Rs 50 thousand for the purchase of water tank and sports materials to Nandi Ma.Vi. located at Naxal, Kathmandu.
The support amount was handed over to the school by BM of the bank’s Durbarmarg branch Mr. Prakash Ghimire amid a program, as per the media statement.
The development bank currently provides its services via 103 branches to 6 lakh plus customers across the nation, as per the media statement.",0.6466707587242126
2022-03-14,Mahalaxmi Bikas Bank signs agreement with Retro Hotel and Spa,https://www.sharesansar.com/newsdetail/mahalaxmi-bikas-bank-signs-agreement-with-retro-hotel-and-spa-2022-03-14,"Mahalaxmi Bikas Bank Ltd
has entered into an agreement with Retro Hotel and Spa. The MoU was signed with the hotel on Falgun 29, 2078.
Following the agreement, customers of the bank using its cards and MoBanking service will get attractive discounts for food, beverage, spa, and accommodation service at the hotel, as per the media statement.
The bank currently has 103 branches serving its 6 lakh customers across the nation, as per the media statement.",-0.638549268245697
2022-03-13,Mahalaxmi Bikas Bank provides 170 flowerpots to Mahakali Multiple Campus in Belauri,https://www.sharesansar.com/newsdetail/mahalaxmi-bikas-bank-provides-170-flowerpots-to-mahakali-multiple-campus-in-belauri-2022-03-13,"Mahalaxmi Bikas Bank, under its CSR initiative, has handed over 170 flowerpots to Mahakali Multiple Campus via its Belauri branch.
The support items were handed over by Belauri BM of the bank Mr. Ram Bahadur B.K. amid a program, as per the media statement.
The development bank currently provides its services via 103 branches to 6 lakh plus customers across the nation, as per the media statement.",0.7835314273834229
2022-03-11,Mahalaxmi Bikas Bank supports construction of science lab at Shree Ambika Ma.Vi. in Hemja of Pokhara,https://www.sharesansar.com/newsdetail/mahalaxmi-bikas-bank-supports-construction-of-science-lab-at-shree-ambika-mavi-in-hemja-of-pokhara-2022-03-11,"Mahalaxmi Bikas Bank, under its CSR initiative, has handed over science lab instruments to Shree Ambika Ma.Vi. located at Pokhara-19, Hemja of Kaski.
The support materials were handed over to the chairman of the School Management Committee Mr. Subash Bhandari amid a program, as per the media statement.
The development bank currently provides its services via 103 branches to 6 lakh plus customers across the nation, as per the media statement.",0.8133069276809692
2022-03-10,Mahalaxmi Bikas Bank supports students of Nepal Rastriya Basic School in Surkhet,https://www.sharesansar.com/newsdetail/mahalaxmi-bikas-bank-supports-students-of-nepal-rastriya-basic-school-in-surkhet-2022-03-10,"Mahalaxmi Bikas Bank, under its CSR initiative, has handed over school bags to needy students of Nepal Rastriya Basic School located at Barahatal Gaupalika-2, Doka of Surkhet.
The development bank currently provides its services via 103 branches to 6 lakh plus customers across the nation, as per the media statement.",0.6800817251205444
2022-03-09,Mahalaxmi Bikas Bank supports Area Police Office Pakadi with electric water filtration plant,https://www.sharesansar.com/newsdetail/mahalaxmi-bikas-bank-supports-area-police-office-pakadi-with-electric-water-filtration-plant-2022-03-08,"Mahalaxmi Bikas Bank, under its CSR initiative, has handed over an electric water filtration plant to Area Police Office, Pakadi.
The support material was handed over by Pakadi BM of the bank Mr. Dipeswor Aryal to the concerned authority, as per the media statement.
The development bank currently provides its services via 103 branches to 6 lakh plus customers across the nation, as per the media statement.",0.7776883840560913
2022-03-07,Mahalaxmi Bikas Bank signs agreement with VIP Club and Lounge Bar,https://www.sharesansar.com/newsdetail/mahalaxmi-bikas-bank-signs-agreement-with-vip-club-and-lounge-bar-2022-03-07,"Mahalaxmi Bikas Bank
has entered into an agreement with VIP Club and Lounge Bar. The MoU was signed with the club on Falgun 22, 2078 between the two institutions.
Following the agreement, customers of the bank using its cards and mobile banking service will get attractive discounts while availing of different hospitality services including the food and beverage services, as per the media statement.
The bank currently has 103 branches serving 6 lakh customers across the nation, as per the media statement.",-0.6770305037498474
2022-03-04,Mahalaxmi Bikas Bank organizes support camp at Shiva temple in Pokhara Lakeside; provides fruits and water to thousands of pilgrims during Shivaratri,https://www.sharesansar.com/newsdetail/mahalaxmi-bikas-bank-organizes-support-camp-at-shiva-temple-in-pokhara-lakeside-provides-fruits-and-water-to-thousands-of-pilgrims-during-shivaratri-2022-03-04,"Mahalaxmi Bikas Bank, under its CSR initiative, has organized a support camp at Kedareswor temple located at Pokhara-6 in Kaski district on the occasion of the Mahashivaratri festival where the bank has provided drinking water, tea, and fruits to thousands of pilgrims who visited the Shiva temple.
The bank currently has 103 branches serving its 6 lakh plus customers, as per the media statement.",0.6302621960639954
2022-03-02,Mahalaxmi Bikas Bank hands over 155 chairs to Nepal Manav Dharma Sewa Samitee; aims to provide comfort to the visitors of Pashupati temple,https://www.sharesansar.com/newsdetail/mahalaxmi-bikas-bank-hands-over-155-chairs-to-nepal-manav-dharma-sewa-samitee-aims-to-provide-comfort-to-the-visitors-of-pashupati-temple-2022-03-01,"Mahalaxmi Bikas Bank, under its CSR initiative, has provided 155 chairs to Nepal Manav Dharma Sewa Samiti in Gausala of Kathmandu amid the advent of Maha Shivaratri festival.
The support materials were handed over to the chair of the organization Mahatma Chameli Baiji through a joint initiation from the Putalisadak and Chabahil branches of the bank, as per the media statement.
The bank currently has 103 branches serving its 6 lakh plus customers, as per the media statement.",0.6518242359161377
2022-03-02,Mahalaxmi Bikas Bank's new chairman Mr. Rajesh Upadhaya receives oath from NRB DY. Governor; 5 new BoDs also receive their oath,https://www.sharesansar.com/newsdetail/mahalaxmi-bikas-banks-new-chairman-mr-rajesh-upadhaya-receives-oath-from-nrb-dy-governor-5-new-bods-also-receive-their-oath-2022-03-02,"Mr. Rajesh Upadhayay, who was unanimously elected as chairman of Mahalaxmi Bikas Bank from the 418
th
board meet of the bank held on Falgun 13, 2078 following the election of 20
th
AGM has received his oath of secrecy and designation from DY. Governor of Nepal Rastra Bank Ms. Neelum Dhungana Timsina.
The newly elected directors of the development bank are Mr. Sanjay Giri, Mr. Dipak Kumar Rauniyar, Mr. Shyam Sundar Rungat Mr. Rahul Agrawal and Mr. Rupendra Paudel also received their oath from the chairman Mr. Upadhya, as per the media statement.",0.9077167510986328
2022-02-27,Mahalaxmi Bikas Bank finally convenes its 20th AGM; endorses 21.05% dividend to its shareholders with election of new board,https://www.sharesansar.com/newsdetail/mahalaxmi-bikas-bank-finally-convenes-its-20th-agm-endorses-2105-dividend-to-its-shareholders-with-election-of-new-board-2022-02-27,"Mahalaxmi Bikas Bank has finally convened its 20
th
AGM for the FY 2077-78 on Falgun 13, 2078 under the leadership of its chairman Mr. Rajesh Upadhyay.
Apart from the regular financial reports, The AGM has endorsed the board’s proposal to provide 20% bonus shares and 1.0526% cash dividend for taxation purposes to its shareholders from the profit it had made in the previous fiscal year.
The AGM has also elected Mr. Rajesh Upadhya, Mr. Sanjay Giri, and Mr. Dipak Kumar Rauniyar as directors from the promoter group while Mr. Shyam Sundar Rungat, Mr. Rahul Agrawal, and Mr. Rupendra Paudel as directors from the public shareholder group, while the new board has reappointed Mr. Rajesh Upadhya as the chairman of the bank for a new term, as per the media statement.
Earlier, the AGM of the bank couldn’t take place because of less participation of its shareholders and because of the stay order of the high court.",0.8607466816902161
2022-02-18,"Mahalaxmi Bikas Bank (MLBL) Reschedules AGM, Company to Endorse 21.0526% Dividend and Elect BOD",https://www.sharesansar.com/newsdetail/mahalaxmi-bikas-bank-mlbl-reschedules-agm-company-to-endorse-210526-and-elect-bod-2022-02-18,"Mahalaxmi Bikas Bank Limited (MLBL)
has rescheduled its 20th AGM date. The AGM will now be held on 13th Falgun, 2078, in Nepal Pragya Pratisthan, Kamaladi, Kathmandu, starting at 11 am that day.
The company had previously called its 20th AGM on 25th Poush, 2078 in Tribhuvan Army Officers Club, Tundikhel, Kathmandu. The meeting was postponed since it was not attended by the minimum required number of attendees.
The AGM was then rescheduled to be held on Magh 03. However, a legal writ filed by the promoters had led the High Court, Patan to issue an interim order to postpone the meeting.
Among other agendas, the AGM will endorse a 21.0526% dividend for the fiscal year 2077/78. The meeting of the board of directors held on Mangsir 12 decided to distribute the dividend on the paid-up capital of Rs. 3.34 Arba. 20% bonus shares worth Rs 66.84 crores and 1.0526% cash dividend (including tax) worth Rs 51.83 lakhs have been proposed.
The AGM will also elect 3 board members from the promoters and 3 from the public shareholders.
There is also an agenda to endorse the decision of raising the company's existing authorized capital from Rs. 4 Arba to Rs. 8 Arba.
Poush 13 was the book closure date. Thus, shareholders maintained before that day are entitled to the dividend payout and can also attend this AGM.
AGM Notice with clarification of legal procession",0.9102271795272827
2022-02-18,Mahalaxmi Bikas Bank Hasuliya Branch provides furniture support to Kailali FNCCI,https://www.sharesansar.com/newsdetail/mahalaxmi-bikas-bank-hasuliya-branch-provides-furniture-support-to-kailali-fncci-2022-02-18,"Mahalaxmi Bikas Bank Hasuliya branch, under its CSR initiative, has handed over furniture support Kailali FNCCI chapter.
The support materials were handed over by the Hasuliya branch incharge Mr. Jaguram Dagaura to Kailali FNCCI head, Mr. Nepalu Chaudhari, amid a program, as per the media statement.
The bank currently serves its 6 lakh plus customers from its 103 branches spread across the nation.",0.5778820514678955
2022-02-17,Mahalaxmi Bikas Bank unveils Mahalaxmi Bachat Briddhi Saving account; to provide 8.55% interest for your hard-earned money,https://www.sharesansar.com/newsdetail/mahalaxmi-bikas-bank-unveils-mahalaxmi-bachat-briddhi-saving-account-to-provide-855-interest-for-your-hard-earned-money-2022-02-17,"Mahalaxmi Bikas Bank has unveiled the Mahalaxmi Bachat Briddhi Saving account which would provide an attractive interest rate of 8.55% with a minimum balance of Rs 51.
The interest is payable on a monthly basis while the depositor will also enjoy Rs 5 lakh worth accidental insurance coverage, free ABBS, free mobile banking service, free Visa Debit card, free online banking, 50% discount in annual locker charge, free meroshare, C-ASBA, and Demat account, as per the media statement.
Interested customers from all 103 branches can open this account and get the highest return for their savings, as per the media statement.",0.7772310376167297
2022-02-15,Mahalaxmi Bikas Bank signs agreement with Hotel Diyalo Foodland and Party Palace,https://www.sharesansar.com/newsdetail/mahalaxmi-bikas-bank-signs-agreement-with-hotel-diyalo-foodland-and-party-palace-2022-02-15,"Mahalaxmi Bikas Bank Ltd
has entered into an agreement with Hotel Diyalo Foodland and Party Palace. The MoU was signed with the hotel on Falgun 2, 2078 between the two institutions.
Following the agreement, customers of the bank using its cards and MoBanking service at the hotel will get attractive discounts while availing of different hospitality services including the food and beverage services at the hotel, as per the media statement.
The bank currently has 103 branches serving its 6 lakh plus customers, as per the media statement.",-0.6110653281211853
2022-02-11,Mahalaxmi Bikas Bank signs agreement with Heavenly Spa; MoU to enable bank’s customers to receive special discount,https://www.sharesansar.com/newsdetail/mahalaxmi-bikas-bank-signs-agreement-with-heavenly-spa-mou-to-enable-banks-customers-to-receive-special-discount-2022-02-11,"Mahalaxmi Bikas Bank Ltd
has entered into an agreement with heavenly Spa. The MoU was signed with the spa service provider on Magh 27, 2078.
Following the agreement, customers of the bank using its Debit cards, and mobile banking service will get attractive discounts while availing of different services at the spa center, as per the media statement.
The bank currently has 103 branches serving six lakh customers across the nation.",-0.6958944797515869
2022-01-30,How Did Development Bank Perform Amid Liquidity Crunch In Second Quarter? A Detailed Study Of The Major Indicators,https://www.sharesansar.com/newsdetail/development-bank-comparative-q2-2022-01-28,"It is without a doubt that Financial Institutions are facing a difficult time with the liquidity to provide extended loans. Due to the monetary policy lowering the interest rate bar for financial institutions, their core business revenue might be hampered. We observed the effect of lowering the interest rate bar in the previous quarter. However, we have been seen most of the financial institutions have been able to cope with the current liquidity issues with various strategies in their arsenal.
There are different classes of banks in Nepal. However, we will be analyzing the financial performance of “B” class financial institution; Development Banks in this article. There are currently 16 listed development banks in NEPSE.
Out of 16 development banks, 8 banks belong to National level banks and the rest of the 8 banks belong to the regional level bank. However, Saptakoshi Development Bank Limited (SAPDBL) has not reported its Q2 report to date.
So, let’s dissect the performance of B-class financial institutions.
Net Profit:
As per the quarterly report,
Muktinath Bikas Bank Limited (MNBBL)
has reported the highest net profit for the period amounting to Rs. 60.24 crores.
Garima Bikas Bank Limited (GBBL)
comes in second place in terms of profit which amounts to Rs. 49.3 crores. The third position is secured by
Mahalaxmi Bikas Bank Limited (MLBL)
with a net profit of Rs. 45.63 crores.
Out of 15 banks, 2 banks reported negative net profit whereas 8 banks reported a decline in net profit compared to the corresponding quarter of the previous year.
Paid-Up Capital:
Muktinath Bikas Bank Limited (MNBBL)
has the highest paid-up capital amounting to Rs. 5.66 Arba among all the development banks.
Jyoti Bikas Bank Limited (JBBL)
has the second-highest paid-up capital amounting to Rs. 4.27 Arba.
Reserve and Surplus:
Reserve is the amount that is retained by the company from its profits to promote future growth.
Mahalaxmi Bikas Bank Limited (MLBL)
has reported the highest reserve and surplus which amounts to Rs. 2.62 Arba.
MLBL
is followed by
Lumbini
Bikas Bank Limited (LBBL)
with a reserve of Rs. 2.25 Arba.
Garima Bank Limited (GBBL)
has secured the third position with a reserve of 2.13 Arba.
*Reserve and Surplus include
Share Premium, Retained Earnings, and Reserve.
Deposit from customers:
In B-class institution,
Muktinath Bikas Bank Limited (MNBBL)
has topped the list with a total deposit of Rs. 99.35 Arba. This list is followed by
Garima Bikas Bank Limited (GBBL)
with a total deposit of Rs. 65.75 Arba.
Jyoti Bikas Bank Limited (JBBL)
has secured the third position with a total deposit of Rs. 48.25 Arba.
The overall development bank has collected a total deposit of Rs. 4.40 Kharba.
Loans and Advances:
Till Q2 2078/2079, total loans and advances of development banks stood at Rs. 4.00 Kharba.
Muktinath Bikas Bank Limited (MNBBL)
has disbursed the highest amount of loans which amounts to Rs. 87.05 Arba. Following the list,
Garima Bikas Bank Limited (GBBL)
has disbursed a total loan of Rs. 58.71 Arba.
Jyoti Bikas Bank Limited (JBBL)
has disbursed a loan of Rs. 47.74 Arba which puts it in third place.
Net Interest Income:
Net Interest Income is the core business revenue which is calculated by subtracting the cost related to the deposits from the income from loans and advances.
In terms of Net interest income,
Muktinath Bikas Bank Limited (MNBBL)
tops the list with a total of Rs. 1.53 Arba.
Garima Bikas Bank Limited (GBBL)
has the second-highest net interest income amounting to Rs. 1.17 Arba. GBBL is followed by
Jyoti Bikas Bank Limited (JBBL)
which has reported a net interest income of Rs. 91.85 crores.
Total Comprehensive Income:
In terms of total comprehensive income,
Muktinath Bikas Bank Limited (MNBBL)
reported the highest total comprehensive income which amounts to Rs. 59.27 crores. MNBBL is followed by
Mahalaxmi Bikas Bank Limited (MLBL)
with a total comprehensive income of Rs. 45.63 crores.
Garima Bikas Bank Limited (GBBL)
has reported the third-highest total income which amounts to Rs. 43.61 crores.
Key Ratios:
Earnings per share:
Mahalaxmi Bikas Bank Limited (MLBL)
topped the list in terms of annualized EPS amounting to Rs. 27.30 per share.
Garima Bikas Bank Limited (MLBL)
has the second-highest annualized EPS with Rs. 24.97 per share. Similarly,
Kamana Sewa Bikas
Bank Limited (KSBBL)
stands at the third position with an EPS of Rs. 21.87 per share.
Net worth per share:
The highest net worth per share is reported by
Mahalaxmi Bikas Bank Limited (MLBL)
with Rs. 178.4 per share. This is followed by
Lumbini Bikas Bank Limited (LBBL)
with a net worth per share of Rs. 168.68 per share. Likewise,
Garima Bank Limited (GBBL)
reported a net worth of Rs. 154.14 per share making it the third-highest.
Price to Earnings per share (Quarter End):
P/E ratio tells investors what they are paying for each Rupee of earnings of the firm. The lower the ratio, the better the deal.
In terms of the P/E ratio,
Mahalaxmi Bikas Bank Limited (MLBL)
has the lowest P/E ratio of 19.59 times. This means that you are paying Rs. 19.59 for every Rupee of earning of Mahalaxmi Bikas Bank Limited.
Shangrila Development Bank Limited (SADBL)
reported a P/E of 23.98 times which could be the second-best deal. This is followed by
Garima Bikas Bank Limited (GBBL)
with a P/E of 24.13 times.
However, one should always check the fundamentals of the company and if they found the bad fundamentals then there is a reason for the lower valuation.
(Investors are requested to factor in the current market price while calculating the PE ratio)
Non-Performing Loan:
Non-performing loan indicates the risk of credit the bank provided to their clients. Higher NPL indicates that the bank might be at risk.
In terms of NPL,
Muktinath Development Bank Limited (MNBBL)
has the lowest ratio with an NPL of 0.26%. This is followed by
Garima Bikas Bank Limited (GBBL)
with an NPL of 0.96%.
Out of 8 banks National Level Bank, 4 banks have NPL lower than average. And out of 7 Regional Level Bank, 4 banks reported NPL lower than the industry average.
One should calculate the industry average in terms of their own analysis model
.
NOTE: Investors should always look at the trend of NPL rather than just a one-quarter figure. Increasing NPL suggests that the banks are losing focus on loan underwriting.
Capital Adequacy Ratio:
In terms of the Capital Adequacy ratio (CAR),
Corporate Development Bank Limited (CORBL)
has the highest CAR of 103.89%. This is followed by
Narayani Development Bank Limited (NABBC)
with a CAR of 30.90%.
Finally, the table below shows provides a full picture of major indicators of 15 development banks as of the second quarter of FY 2078-2079.",0.0971250981092453
2022-01-27,Mahalaxmi Bikas Bank and Bhatbhateni Money Transfer join hands for remittance service; remittance transfer now to become convenient to all branches of development bank,https://www.sharesansar.com/newsdetail/mahalaxmi-bikas-bank-and-bhatbhateni-money-transfer-join-hands-for-remittance-service-remittance-transfer-now-to-become-convenient-to-all-branches-of-development-bank-2022-01-27,"Mahalaxmi Bikas Bank and Bhatbhateni Money Transfer have entered into a remittance agreement under which Nepalese in different countries can send back their remittance amount to their relatives through the wide branch network of the bank that are spread all across the nation.
The agreement regarding the same was signed between CEO of the bank Mr. Bodhraj Devkota and the CEO of the remittance service provider Mr. Rajan Kumar Amatte amid a program.
The development bank currently has 103 branches serving 6 lakh plus customers in all seven provinces of the nation.",-0.47687745094299316
2022-01-26,Mahalaxmi Bikas Bank conducts plantation event at Tinchuli of Kathmandu,https://www.sharesansar.com/newsdetail/mahalaxmi-bikas-bank-conducts-plantation-event-at-tinchuli-of-kathmandu-2022-01-26,"Mahalaxmi Bikas bank, under its CSR initiative, has conducted a tree plantation event at Tinchuli of Kathmandu-6 on Magh 11, 2078.
The development bank currently has 103 branches serving its 6 lakh plus customers across the nation, as per the media statement.",0.8298194408416748
2022-01-25,Mahalaxmi Bikas Bank provides vending machine with sanitary pads to Sankhamul Basic School,https://www.sharesansar.com/newsdetail/mahalaxmi-bikas-bank-provides-vending-machine-with-sanitary-pads-to-sankhamul-basic-school-2022-01-25,"Mahalaxmi Bikas Bank, under its CSR initiative, has provided a vending machine with sanitary pads to Sankhamul Basic School located at Sankhamul of Kathmandu.
The vending machine was handed over by Sankhamul BM of the bank Mr. Punya Shrestha to the school amid a program, as per the media statement.
The bank currently has 103 branches and serves more than 6 lakh customers.",0.8002590537071228
2022-01-21,What Fueled The Bottom Line Of Mahalaxmi Bikas Bank Limited In Q2?,https://www.sharesansar.com/newsdetail/what-fueled-the-bottom-line-of-mahalaxmi-bikas-bank-limited-in-q2-2022-01-21,"Mahalaxmi Bikas Bank Limited (MLBL)
has published its second-quarter report for the FY 2078/79 with a rise in net profit by 31.55%.
The bank’s profit has increased from Rs 34.68 crore in the second quarter of the fiscal year 2077/78 to Rs 45.62 crore in the second quarter of the fiscal year 2078/79. In the same quarter, the bank has Rs 27.50 crore as distributable profit after PL Appropriation and Regulatory Adjustments.
The bank’s deposits from customers have a growth rate of 4.82% to Rs 40.47 arba and loans and advances to customers have increased by 12.18% to Rs 33.77 arba till the second quarter.
The net interest income of the bank has increased by 1.65% to Rs 68.04 crores from Rs 84.84 crores of the corresponding quarter. Despite stagnant core business revenue, the net profit increased by 31.55% because the company had higher other operating income compared to the corresponding quarter of the previous year.
The bank’s paid-up capital stands at Rs 3.34 arba with Rs 2.62 arba as its reserve and surplus.
The Non-Performing Loan (NPL) has decreased to 2.89% from 4.79%.
The EPS of the bank stands at Rs 27.30. The net worth per share stands at Rs 178.4. The company traded at a P/E ratio of 19.60 times.
Click here for the Q2 report
Financial Highlights:
Particulars
Mahalaxmi Bikas Bank Limited
Q2, 2078/2079
Q2, 2077/2078
Difference
Paid-Up Capital
3,342,402.73
3,342,402.73
-
Reserve & Surplus
2,620,433.36
2,164,140.55
21.08%
Deposit from Customers
40,470,365.11
38,609,249.97
4.82%
Loans & Advances
33,772,637.39
30,106,374.36
12.18%
Net Interest Income
862,434.84
848,441.92
1.65%
Impairment Charge/(Reversal) for loans
-35,626.95
128,156.11
-
Operating Profit
680,451.77
481,369.70
41.36%
Net Profit
456,292.81
346,871.25
31.55%
Capital Adequacy (%)
13.27%
14.38%
-
NPL (%)
2.89%
4.79%
-
Cost of fund (%)
7.13%
6.01%
-
EPS (Rs.)
27.30
20.76
-
Net worth per share (Rs.)
178.40
164.75
-
Qtr end PE ratio (Times)
19.60
-
-
Qtr End Market Price
535.1
-
-",-0.3039454221725464
2022-01-20,Mahalaxmi Bikas Bank Provides Educational Resources Via Satdobato Branch,https://www.sharesansar.com/newsdetail/mahalaxmi-bikas-bank-provides-educational-resources-via-satdobato-branch-2022-01-19,"Embracing the slogan of ""Sabal Bank, Safal Sahakarya"", Mahalaxmi Development Bank Limited has been providing financial services for the last 27 years. The company has been operating the ""One Branch, One Social Responsibility Program"" with the objective of contributing to society socially and economically through corporate social responsibility.
Continuing the same work, the Satdobato branch of this bank has provided various basic educational materials and necessary equipment for drinking water to the students of Shree Choina Bina Guru Ganesh Adharbhut Bidhyalaya, Lalitpur ward no. 14, Lohachowk.
The materials have been handed over during a special program organized at the school. Speaking on the occasion, the headmaster of the school Bhim Prasad Gelal, and the chairman of the school board of directors Dinesh Achhami expressed gratitude to the bank for the assistance and said that this kind of assistance would help in the development of the school and children's educational level.
Stating that children are the basis of nation-building, Mr. Prasanna Subedi, Branch Manager of Satdobato informed that the Bank has always been committed to the educational growth of children. The bank has stated that it will continue to operate various programs of social and economic transformation under the social responsibility program in the coming days as well.
The Bank has provided financial services to around 600,000 customers through a total of 103 branches including 5 in Province No. 1, 15 in Province No. 2, 37 in Bagmati Province, 9 in Gandaki Province, 18 in Lumbini Province, 2 in Karnali Province, and 17 in Far Western Province.
With the intention to make financial transactions more secure, comfortable, and reliable during the overseas travel of the customers, the bank has already issued VISA EMV chip-based travel Card, eCommerce cards, and Dollar cards. Mahalaxmi Development Bank is the leading and only development bank to issue Chip-based travel cards, eCommerce cards, and Dollar cards.
The bank has made a heartfelt appeal to everyone to stay safe by transacting through digital banking as much as possible and minimizing the risk of Covid-19.",0.5093828439712524
2022-01-16,Mahalaxmi Bikas Bank signs Remittance agreement with Modern Remittance; to make remittance flow from several nations easier and more convenient,https://www.sharesansar.com/newsdetail/mahalaxmi-bikas-bank-signs-remittance-agreement-with-modern-remittance-to-make-remittance-flow-from-several-nations-easier-and-more-convenient-2022-01-16,"Mahalaxmi Bikas Bank and Modern Remittance have entered into a remittance agreement. Following the agreement, ex-pat Nepalese living in different parts of the globe can now disburse the remittance amount back with more ease to Nepal, and remittance thus sent can now be received from all 103 banking points of the bank spread across the nation, as per the media statement.
The MoU was signed between CEO of the bank Mr. Bodhraj Devkota and CEO of the remittance company Mr. Sadhu Ram Khadka amid a program.
The bank currently has 103 branches across the nation serving its 6 lakh plus customers, as per the media statement.",-0.6108850240707397
2022-01-14,Mahalaxmi Bikas Bank extends helping hands to Naya Nepal Samaj Kendra; provides food support to Baneswor based orphanage,https://www.sharesansar.com/newsdetail/mahalaxmi-bikas-bank-extends-helping-hands-to-naya-nepal-samaj-kendra-provides-food-support-to-baneswor-based-orphanage-2022-01-14,"Mahalaxmi Bikas Bank, under its CSR initiative, has handed over food support to Naya Nepal Samaj Kendra located at New Baneswor of Kathmandu where 40 needy children are currently being sheltered.
The support items were handed over by Baneshwor BM of the bank Mr. Bikas Rawal to the head of the center Mr. Krishna Bahadur Gurung amid a program, as per the media statement.
The development bank currently has 103 branches in its network serving more than 6 lakh customers.",0.3532523512840271
2022-01-10,"Mahalaxmi Bikas Bank (MLBL) Reschedules AGM, High Court Issues Interim Order to Halt BOD Election",https://www.sharesansar.com/newsdetail/mahalaxmi-bikas-bank-mlbl-reschedules-agm-high-court-issues-interim-order-to-halt-bod-election-2022-01-10,"Mahalaxmi Bikas Bank Limited (MLBL)
has rescheduled its 20th AGM date. The AGM will now be held on 3rd Magh, 2078, in the company's head office in Durbarmarg, Kathmandu, starting at 10 am that day.
The company had previously called its 20th AGM on 25th Poush, 2078 in Tribhuvan Army Officers Club, Tundikhel, Kathmandu. The meeting was postponed since it was not attended by the minimum required number of attendees.
Among other agendas, the AGM will endorse a 21.0526% dividend for the fiscal year 2077/78. The meeting of the board of directors held on Mangsir 12 decided to distribute the dividend on the paid-up capital of Rs. 3.34 Arba. 20% bonus shares worth Rs 66.84 crores and 1.0526% cash dividend (including tax) worth Rs 51.83 lakhs have been proposed.
The AGM was supposed to also elect 3 board members from the promoters and 3 from the public shareholders. However, the High Court Patan, in response to a writ filed, has issued an interim order for the time being to halt the election. The writ was filed by shareholders Giriraj Pokhrel and Pramod Shrestha. The court has given 15 days to the bank to submit a written response.
There is also an agenda to endorse the decision of raising the company's existing authorized capital from Rs. 4 Arba to Rs. 8 Arba.
Poush 13 was the book closure date. Thus, shareholders maintained before that day are entitled to the dividend payout and can also attend this AGM.
AGM notice with annual financial highlights
Rescheduling Notice
Clarification of the legal issue",0.83295738697052
2022-01-07,Mahalaxmi Bikas Bank signs Remittance agreement with Easylink Remittance; to make remittance flow from several nations easier and more convenient,https://www.sharesansar.com/newsdetail/mahalaxmi-bikas-bank-signs-remittance-agreement-with-easylink-remittance-to-make-remittance-flow-from-several-nations-easier-and-more-convenient-2022-01-07,"Mahalaxmi Bikas Bank and Easylink Remittance have entered into a remittance agreement. Following the agreement, ex-pat Nepalese living in different parts of the globe can now disburse the remittance amount back with more ease to Nepal, and remittance thus sent can now be received from all banking points of the bank including its remit agents spread across the nation, as per the media statement.
The MoU was signed between the CEO of the bank Mr. Bodh Raj Devkota and CEO of the remittance company Mr. Dol Prasad Aryal amid a program, as per the media statement.
The bank currently has 103 branches serving around 6 lakh customers across the nation.",-0.6246981620788574
2022-01-06,Mahalaxmi Bikas Bank hands over tree guards to Bansgadhi nagarpalika of Bardiya; makes contribution to protect vegetation alongside Mahendra Highway,https://www.sharesansar.com/newsdetail/mahalaxmi-bikas-bank-hands-over-tree-guards-to-bansgadhi-nagarpalika-of-bardiya-makes-contribution-to-protect-vegetation-alongside-mahendra-highway-2022-01-06,"Mahalaxmi Bikas Bank, under its CSR initiative, has provided 10 set tree guards to Basgadhi Nagarpalika for the protection of the trees around the national highway in Bardiya district.
The event was also attended by the Executive Officer of the nagarpalika Mr. Dhan Bahadur Chand, General Secretary of Basgadhi FNCCI Mr. Yugpati Paudel, among others.
The development bank currently has 103 branches across the nation serving around 6 lakh customers, as per the media statement.",0.625175952911377
2021-12-29,Mahalaxmi Bikas Bank takes free health camp to locals of Mahendranagar; 250 plus individuals receive free treatment and medical facilities,https://www.sharesansar.com/newsdetail/mahalaxmi-bikas-bank-takes-free-health-camp-to-locals-of-mahendranagar-250-plus-individuals-receive-free-treatment-and-medical-facilities-2021-12-29,"Mahalaxmi Bikas Bank, through its Mahendranagar branch, has organized a free health camp at the premise of Janajyoti Basic School.
The bank has provided free health check-up service to 250 individuals who also received free medical support, as per the media statement.
The bank currently has 103 branches serving its 6 lakh customers, as per the media statement.",0.7097471356391907
2021-12-27,Reminder: Last Day to Grab Dividend of These 3 Companies,https://www.sharesansar.com/newsdetail/reminder-last-day-to-grab-dividend-of-these-3-companies-2021-12-26,"Nepal Hydro Developer Limited (NHDL)
called its 15th AGM on Poush 28. The meeting will be held in the company's registered office in Dillibazar, Kathmandu, starting at 3 pm that day.
Among other agendas, the meeting will endorse a 7.3684% dividend for the fiscal year 2077/78. The 69th meeting of the board of directors held on Poush 01 decided to distribute the dividend on the paid-up capital of Rs. 29.9 crores. 7% bonus shares worth slightly over Rs 2.09 crores and 0.3684% cash dividend (including tax) worth Rs 11.01 lakhs have been proposed.
For the dividend and the AGM, Poush 13 is the book closure date. Thus, shareholders maintained till today are entitled to the dividend payout and can also attend the AGM.
Similarly,
Nirdhan Utthan Laghubitta Bittiya Sanstha Limited (NUBL)
has called its 23rd AGM on 25th Poush, 2078. The meeting will be held in the company's central office in Naxal, Kathmandu, starting at 1 pm that day.
Among other agendas, the AGM will endorse a 31.0526% dividend for the fiscal year 2077/78. The 281st meeting of the board of directors held on Mangsir 09 decided to distribute the dividend on the paid-up capital of Rs. 1.69 Arba. 29.5% bonus shares worth Rs. 50 crores and 1.5526% cash dividend (for tax purposes) worth slightly over Rs. 52.63 crores have been proposed.
Furthermore, the AGM will elect/ appoint board members from the promoters and public shareholders. There is also an agenda to endorse the decision of raising the company's existing authorized capital from Rs. 2.5 Arba to Rs. 3 Arba.
Poush 13 is the book closure date. Thus, shareholders maintained till today are entitled to the dividend payout and can also attend this AGM.
Mahalaxmi Bikas Bank Limited (MLBL)
has also called its 20th AGM on 25th Poush, 2078. The meeting will be held in Tribhuvan Army Officers Club, Tundikhel, Kathmandu, starting at 11 am that day.
Among other agendas, the AGM will endorse a 21.0526% dividend for the fiscal year 2077/78. The meeting of the board of directors held on Mangsir 12 decided to distribute the dividend on the paid-up capital of Rs. 3.34 Arba. 20% bonus shares worth Rs 66.84 crores and 1.0526% cash dividend (including tax) worth Rs 51.83 lakhs have been proposed.
Furthermore, the AGM will also elect 3 board members from the promoters and 3 from the public shareholders. There is also an agenda to endorse the decision of raising the company's existing authorized capital from Rs. 4 Arba to Rs. 8 Arba.
Poush 13 is the book closure date. Thus, shareholders maintained till today are entitled to the dividend payout and can also attend this AGM.",0.9089987874031067
2021-12-20,"Mahalaxmi Bikas Bank (MLBL) Calls AGM to Endorse 21.0526% Dividend, Elect BOD, and Raise Authorized Capital",https://www.sharesansar.com/newsdetail/mahalaxmi-bikas-bank-mlbl-calls-agm-to-endorse-210526-dividend-elect-bod-and-raise-authorized-capital-2021-12-20,"Mahalaxmi Bikas Bank Limited (MLBL)
has called its 20th AGM on 25th Poush, 2078. The meeting will be held in Tribhuvan Army Officers Club, Tundikhel, Kathmandu, starting at 11 am that day.
Among other agendas, the AGM will endorse a 21.0526% dividend for the fiscal year 2077/78. The meeting of the board of directors held on Mangsir 12 decided to distribute the dividend on the paid-up capital of Rs. 3.34 Arba. 20% bonus shares worth Rs 66.84 crores and 1.0526% cash dividend (including tax) worth Rs 51.83 lakhs have been proposed.
Furthermore, the AGM will also elect 3 board members from the promoters and 3 from the public shareholders. There is also an agenda to endorse the decision of raising the company's existing authorized capital from Rs. 4 Arba to Rs. 8 Arba.
Poush 13 is the book closure date. Thus, shareholders maintained before that day are entitled to the dividend payout and can also attend this AGM.
AGM notice with annual financial highlights",0.9050104022026062
2021-12-15,Mahalaxmi Bikas Bank organizes free health camp at Sukedhaara of Kathmandu; 100 service seekers receive free COVID antigen and other diagnostic services,https://www.sharesansar.com/newsdetail/mahalaxmi-bikas-bank-organizes-free-health-camp-at-sukedhaara-of-kathmandu-100-service-seekers-receive-free-covid-antigen-and-other-diagnostic-services-2021-12-15,"Mahalaxmi Bikas Bank, under its CSR initiative, has organized a free health camp coordinated by the bank’s Sukedhara branch in Kathmandu.
100 plus service seekers have received free COVID antigen, diabetes, and blood pressure testing facilities at the health camp, as per the media statement.
The bank currently has its presence via 103 branches serving its 6 lakh plus customers, as per the media statement.",0.6904462575912476
2021-12-13,Mahalaxmi Bikas Bank provides water tanks to public toilets in Tokha Nagarpalika,https://www.sharesansar.com/newsdetail/mahalaxmi-bikas-bank-provides-water-tanks-to-public-toilets-in-tokha-nagarpalika-2021-12-13,"Mahalaxmi Bikas Bank, under its CSR initiative, has handed over 2 water tanks of 2000 l each to a public toilet located at Tokha-11, Kathmandu.
The support was handed over by Gongabu BM of the bank Mr. Chetraj Pandey to ward chair Mr. Uttam Adhikari amid a program, as per the media statement.
The bank currently has its presence via 103 branches serving more than 6 lakh customers across the nation, as per the media statement.",0.512090802192688
2021-12-10,Mahalaxmi Bikas Bank signs agreement with Life care Health Centre; MoU to enable bank’s customers to receive special discount at clinic,https://www.sharesansar.com/newsdetail/mahalaxmi-bikas-bank-signs-agreement-with-life-care-health-centre-mou-to-enable-banks-customers-to-receive-special-discount-at-clinic-2021-12-10,"Mahalaxmi Bikas Bank Ltd
has entered into an agreement with Lifecare Health Centre. The MoU was signed with the clinic on Mangsir 23, 2078.
Following the agreement, card and MoBanking users of the Bank shall get attractive discounts while availing medical services from the clinic, as per the media statement.
The bank currently provides its services to its 6 lakh plus strong customers from its 103 branches spread across all seven provinces.",-0.591118335723877
2021-12-08,Mahalaxmi Bikas Bank hands over dustbins to Ganesh Area Development Committee in Hetauda 11,https://www.sharesansar.com/newsdetail/mahalaxmi-bikas-bank-hands-over-dustbins-to-ganesh-area-development-committee-in-hetauda-11-2021-12-08,"Mahalaxmi Bikas Bank Kamane branch, under its CSR initiative, has handed over 20 big dustbins to Ganesh Area Development Committee located in Hetauda-11.
The dustbins were handed over by Kamane BM of the bank Mr. Roshan Singh Sen Gupta and Acting chair of Hetauda-11 Mr. Ramchandra Neupane to the chair of the committee Mr. Tara Kapraula amid a program.
The bank currently serves its 6 lakh plus customers from its 103 branches spread across the nation.",0.868847668170929
2021-11-29,Mahalaxmi Bikas Bank (MLBL) Proposes 21.0526% Dividend for FY 2077/78,https://www.sharesansar.com/newsdetail/mahalaxmi-bikas-bank-mlbl-proposes-210526-dividend-for-fy-207778-2021-11-29,"Mahalaxmi Bikas Bank Limited (MLBL)
has proposed a 21.0526% dividend for the fiscal year 2077/78.
The meeting of the board of directors held on Mangsir 12 decided to distribute the dividend on the paid-up capital of Rs. 3.34 Arba. 20% bonus shares worth Rs 66.84 crores and 1.0526% cash dividend (including tax) worth Rs 51.83 lakhs have been proposed.
The dividend will be distributed only after approval by the central bank and endorsement by the company's upcoming AGM. The ordinary shares of the company closed at Rs. 1,165.
Dividend History:",0.9047145247459412
2021-11-12,Mahalaxmi Bikas Bank Urges Shareholders of Previously Acquired Companies to Collect Due Dividend,https://www.sharesansar.com/newsdetail/mahalaxmi-bikas-bank-urges-shareholders-of-previously-acquired-companies-to-collect-due-dividend-2021-11-12,"Mahalaxmi Bikas Bank Limited
has published a notice to the shareholders of acquired companies to claim the uncollected due dividend.
The company acquired Malika Bikas Bank Limited, Mahalaxmi Finance Limited, Yeti Finance Limited, Siddhartha Finance Limited, and Valley Finance Limited at different points in the past. Some shareholders of these former companies have yet to claim the dividend distributed in various AGMs.
Shareholders should present their proof of share ownership at the share registrar, Siddhartha Capital, Naxal within a month to claim their dividend.
Notice",0.9213458895683289
2021-11-11,Development Bank's Performance In First Quarter Summarized; How Did Each Bank Perform?,https://www.sharesansar.com/newsdetail/development-bank-comparative-q1-78-79-2021-11-09,"It is without a doubt that the Financial Institutions are facing a difficult time as the economic activities are halted for an extended period of time. Due to the monetary policy lowering the interest rate bar for financial institutions, their core business revenue might be hampered. We observed the effect of lowering the interest rate bar in the previous quarter. However, some financial institutions have somehow managed to improve profitability at this time.
There are different classes of banks in Nepal. However, we will be analyzing the financial performance of “B” class financial institution; Development Banks in this article. There are currently 16 listed development banks in NEPSE.
Out of 16 development banks, 8 banks belong to National level banks and the rest of the 8 banks belong to the regional level bank.
So, let’s dissect the performance of B-class financial institutions.
Net Profit:
As per the quarterly report,
Muktinath Bikas Bank Limited (MNBBL)
has reported the highest net profit for the period amounting to Rs. 34.56 crores.
Mahalaxmi Bikas Bank Limited (MLBL)
comes in second place in terms of profit which amounts to Rs. 23.05 crores. The third position is secured by
Jyoti Bikas Bank Limited (JBBL)
with a net profit of Rs. 21.79 crores.
Out of 16 banks, 3 banks reported negative net profit whereas 5 banks reported a decline in net profit compared to the corresponding quarter of the previous year.
Paid-Up Capital:
Muktinath Bikas Bank Limited (MNBBL)
has the highest paid-up capital amounting to Rs. 4.81 Arba among all the development banks.
Jyoti Bikas Bank Limited (JBBL)
has the second-highest paid-up capital amounting to Rs. 3.84 Arba.
Reserve and Surplus:
Reserve is the amount that is retained by the company from its profits to promote future growth.
Lumbini Bikas Bank Limited (LBBL)
has reported the highest reserve and surplus which amounts to Rs. 2.53 Arba. LBBL is followed by
Mahalaxmi Bikas Bank Limited (MLBL)
with a reserve of Rs. 2.39 Arba.
Muktinath Bikas Bank Limited (MNBBL)
has secured the third position with a reserve of 2.31 Arba.
Out of all the development banks, 9 banks have reported below industry average reserve amount.
*Reserve and Surplus include
Share Premium, Retained Earnings, and Reserve.
Deposit from customers:
In B-class institution,
Muktinath Bikas Bank Limited (MNBBL)
has topped the list with a total deposit of Rs. 97.17 Arba. This list is followed by
Garima Bikas Bank Limited (GBBL)
with a total deposit of Rs. 64.72 Arba.
Jyoti Bikas Bank Limited (JBBL)
has secured the third position with a total deposit of Rs. 48.82 Arba.
The overall development bank has collected a total deposit of Rs. 4.48 Kharba.
Loans and Advances:
Till Q1 2078/2079, total loans and advances of development banks stood at Rs. 3.93 Kharba.
Muktinath Bikas Bank Limited (MNBBL)
has disbursed the highest amount of loans which amounts to Rs. 85.04 Arba. Following the list,
Garima Bikas Bank Limited (GBBL)
has disbursed a total loan of Rs. 55.99 Arba.
Jyoti Bikas Bank Limited (JBBL)
has disbursed a loan of Rs. 47.56 Arba which puts it in third place.
Net Interest Income:
Net Interest Income is the core business revenue which is calculated by subtracting the cost related to the deposits from the income from loans and advances.
In terms of Net interest income,
Muktinath Bikas Bank Limited (MNBBL)
tops the list with a total of Rs. 83.77 crores.
Garima Bikas Bank Limited (GBBL)
has the second-highest net interest income amounting to Rs. 56.42 crores. GBBL is followed by
Jyoti Bikas Bank Limited (JBBL)
which has reported a net interest income of Rs. 50.41 crores.
Total Comprehensive Income:
In terms of total comprehensive income,
Muktinath Bikas Bank Limited (MNBBL)
reported the highest total comprehensive income which amounts to Rs. 31.99 crores. MNBBL is followed by
Mahalaxmi Bikas Bank Limited (MLBL)
with a total comprehensive income of Rs. 23.05 crores.
Jyoti Bikas Bank Limited (JBBL)
has reported the third-highest total income which amounts to Rs. 17.04 crores.
Key Ratios:
Earnings per share:
Lumbini Bikas Bank Limited (LBBL)
topped the list in terms of annualized EPS amounting to Rs. 29.34 per share.
Muktinath Bikas Bank Limited (MNBBL)
has the second-highest annualized EPS with Rs. 28.73 per share. Similarly,
Mahalaxmi Bikas
Bank Limited (MLBL)
stands at the third position with an EPS of Rs. 27.59 per share.
Net worth per share:
The highest net worth per share is reported by
Lumbini Bikas Bank Limited (LBBL)
with Rs. 187.05 per share. This is followed by
Mahalaxmi Bikas Bank Limited (MLBL)
with a net worth per share of Rs. 171.65 per share. Likewise,
Kamana Sewa Bank Limited (KSBBL)
reported a net worth of Rs. 151.83 per share making it the third-highest.
Price to Earnings per share (Quarter End):
P/E ratio tells investors what they are paying for each Rupee of earnings of the firm. The lower the ratio, the better the deal.
In terms of the P/E ratio,
Lumbini Bikas Bank Limited (LBBL)
has the lowest P/E ratio of 17.62 times. This means that you are paying Rs.17.62 for every Rupee of earning of Lumbini Bikas Bank Limited.
Mahalaxmi Bikas Bank Limited (MLBL)
reported a P/E of 21.13 times which could be the second-best deal. This is followed by
Jyoti Bikas Bank Limited (JBBL)
with a P/E of 21.66 times.
However, one should always check the fundamentals of the company and if they found the bad fundamentals then there is a reason for the lower valuation.
(Investors are requested to factor in the current market price while calculating the PE ratio)
Non-Performing Loan:
Non-performing loan indicates the risk of credit the bank provided to their clients. Higher NPL indicates that the bank might be at risk.
In terms of NPL,
Muktinath Development Bank Limited (MNBBL)
has the lowest ratio with an NPL of 0.23%. This is followed by
Jyoti Bikas Bank Limited (JBBL)
with an NPL of 0.68%.
Out of 8 banks National Level Bank, 5 banks have NPL lower than average. And out of 8 Regional Level Bank, 5 banks reported NPL lower than the industry average.
One should calculate the industry average in terms of their own analysis model
.
NOTE: Investors should always look at the trend of NPL rather than just a one-quarter figure. Increasing NPL suggests that the banks are losing focus on loan underwriting.
Capital Adequacy Ratio:
In terms of the Capital Adequacy ratio (CAR),
Corporate Development Bank Limited (CORBL)
has the highest CAR of 93.68%. This is followed by
Narayani Development Bank Limited (NABBC)
with a CAR of 42.40%.
Finally, the table below shows provides a full picture of major indicators of 16 development banks as of the first quarter of FY 2078-2079.
When we observe the numbers reported by all the development banks in this quarter, it is obvious that the banks are somewhat past the previous situation and are convinced that they have to adapt to the new normal and create a strategy that fits the current situation. This can be seen by the reported numbers as well since most of the companies have been able to perform well despite the effects after the second wave of COVID-19. However, it is important for investors to factor in the current situation and see how the banks have been creating strategies to sustain their business and move forward.",0.22902199625968933
2021-11-03,Mahalaxmi Bikas Bank revamps its mobile banking service; customers can now enjoy Ecash and E-voucher services to save their time and energy,https://www.sharesansar.com/newsdetail/mahalaxmi-bikas-bank-revamps-its-mobile-banking-service-customers-can-now-enjoy-ecash-and-e-voucher-services-to-save-their-time-and-energy-2021-11-03,"Mahalaxmi Bikas Bank has revamped its existing mobile banking system into Omnichannel system with BankXP service.
Following the new revision, customers will now be able to use the banking services both in app. and web version where customers not having their bank accounts at MLBL can also receive money from the bank’s customers using Ecash service. Likewise, Evoucher service will now enable the customers to avoid the long arduous physical queues while submitting their physical vouchers to the bank,as per the media statement.
The development bank currently has 103 branches across the nation serving around 6 lakh customers, as per the media statement.",0.47179779410362244
2021-10-01,Last Day to Bid for Promoter Shares Auction of Prudential Insurance Company,https://www.sharesansar.com/newsdetail/last-day-to-bid-for-promoter-shares-auction-of-prudential-insurance-company-2021-09-30,"Mahalaxmi Bikas Bank Limited has been auctioning the promoter shares of
Prudential Insurance Company Limited.
The auction opened from 1st Ashoj and will conclude today, i.e. on 15th Ashoj, 2078.
Individuals and institutions are all eligible to bid for the auction. 70,669 units promoter shares of Prudential Insurance Company Limited are being auctioned.
Rs. 501 is the minimum bid rate and 100 is the minimum bid quantity. Bidders can bid for the entirety of the shares. However, they are required to abide by Nepal Rastra Bank's rule to not exceed the specified quantity of shares per entity.
Siddhartha Capital has been appointed the auction manager. Bids will be opened at the premises of the auction manager on Ashoj 17, starting at 3: 30 pm that day.
Auction Notice",0.928351640701294
2021-09-17,Promoter Shares of Prudential Insurance Company in Auction From Today,https://www.sharesansar.com/newsdetail/promoter-shares-of-prudential-insurance-company-in-auction-from-today-2021-09-17,"Mahalaxmi Bikas Bank Limited is auctioning the promoter shares of
Prudential Insurance Company Limited.
The auction will open from 1st Ashoj and will close on 15th Ashoj, 2078.
Individuals and institutions are all eligible to bid for the auction. 70,669 units promoter shares of Prudential Insurance Company Limited are being auctioned.
Rs. 501 is the minimum bid rate and 100 is the minimum bid quantity. Bidders can bid for the entirety of the shares. However, they are required to abide by Nepal Rastra Bank's rule to not exceed the specified quantity of shares per entity.
Siddhartha Capital has been appointed the auction manager. Bids will be opened at the premises of the auction manager on Ashoj 17, starting at 3: 30 pm that day.
Auction Notice",0.9292856454849243
2021-09-07,Mahalaxmi Bikas Bank inks agreement with NEA; to facilitate inconvenient payment of monthly electricity tariff via its branch network and MoBanking platform,https://www.sharesansar.com/newsdetail/mahalaxmi-bikas-bank-inks-agreement-with-nea-to-facilitate-inconvenient-payment-of-monthly-electricity-tariff-via-its-branch-network-and-mobanking-platform-2021-09-07,"Mahalaxmi Bikas Bank has inked an agreement with the Nepal Electricity Authority to facilitate in payment of the regular electricity bills of the customers via the banking channel.
The agreement was signed between Deputy ED of Distribution and Customer Relations Directorate of NEA Mr. Manoj Silwal and CEO of Mahalaxmi Bikas Bank Mr. Bodhraj Devkota amid a program.
With the latest agreement, anyone can make payment of their monthly electricity tariff via the bank’s all the branches and mobile banking service without any additional charge in case the monthly tariff totals to Rs 500 or less while with an additional charge of Rs 5 in case the charge is between Rs 501 to Rs 5 lakh, as per the media statement.",0.24976631999015808
2021-09-06,Mahalaxmi Bikas Bank tries to clear the air about its recent controversy with one of its loan clients,https://www.sharesansar.com/newsdetail/mahalaxmi-bikas-bank-tries-to-clear-the-air-about-its-recent-controversy-with-one-of-its-loan-clients-2021-09-06,"Mahalaxmi Bikas Bank has issued a media statement to clarify the recent controversy as highlighted by a few media outlets about its reported conflict with one of its female borrowers from Lalitpur.
The development bank has claimed that the entire confusion surfaced due to some misunderstandings about the terms and conditions of the loan procedure where its client had earlier received a gold loan from the bank. The bank has clarified that the borrower has cleared all her outstanding dues on Bhadra 18, 2078 and the bank has also unfrozen her security deposit on the very date itself.
The development bank has also urged all the media to verify with the proper channel and source before reporting about the sensitive banking issue and has reiterated its position to providing quality service to its customers, as highlighted in the media statement issued by the bank.",0.1702117621898651
2021-09-02,Mahalaxmi Bikas Bank inks MoU with Samyak Diagnostic Lab; bank’s customers and employees to receive 10% discount while availing health services at the lab,https://www.sharesansar.com/newsdetail/mahalaxmi-bikas-bank-inks-mou-with-samyak-diagnostic-lab-banks-customers-and-employees-to-receive-10-discount-while-availing-health-services-at-the-lab-2021-09-02,"Mahalaxmi Bikas Bank has signed an MOU with Samyak Diagnostic Lab Pvt Ltd to provide a 10% discount.
The benefits can be availed by customers of the bank by using its card service, as per the media statement.
The bank currently serves its customers via 103 branches, spread across the nation.",0.29153475165367126
2021-08-24,Mahalaxmi Bikas Bank inks MoU with Sipradi Trading; buyers of Tata Motors’ commercial vehicles to receive convenient credit facility up to 70% of vehicle cost,https://www.sharesansar.com/newsdetail/mahalaxmi-bikas-bank-inks-mou-with-sipradi-trading-buyers-of-tata-motors-commercial-vehicles-to-receive-convenient-credit-facility-up-to-70-of-vehicle-cost-2021-08-23,"Mahalaxmi Bikas Bank and Sipradi Trading have entered into an agreement so as to provide credit facilities for the purchase of Tata vehicles.
Following the agreement, entrepreneurs planning to purchase Tata commercial vehicle can receive an attractive vehicle loan up to 70% of the vehicle cost for a max of 5 years following the recommendation from Sipradi Trading, as per the media statement.
The bank currently serves its customers via 103 branches, which would all disburse the above-mentioned credit, as per the media statement.",0.6244872808456421
2021-08-22,Performance Of Development Bank in Fourth Quarter Summarized; A Look At Major Metrics,https://www.sharesansar.com/newsdetail/development-bank-comparative-draft-2021-08-22,"It is without a doubt that the Financial Institutions are facing a difficult time as the economic activities are halted for an extended period of time. Due to the monetary policy lowering the interest rate bar for financial institutions, their core business revenue might be hampered. We observed the effect of lowering interest rate bar, higher provision, economic activity halt due to lockdown in the previous quarter. However, some financial institutions have somehow managed to improve profitability at this time.
There are different classes of banks in Nepal. However, we will be analyzing the financial performance of “B” class financial institution; Development Banks in this article. There are currently 17 listed development banks in NEPSE. So, let’s dissect the performance of B-class financial institutions.
Net Profit:
As per the quarterly report,
Muktinath Bikas Bank Limited (MNBBL)
has reported the highest net profit for the period amounting to Rs. 1.15 Arba.
Garima Bikas Bank Limited (GBBL)
comes in second place in terms of profit which amounts to Rs. 82.53 crores. The third position is secured by
Jyoti Bikas Bank Limited (JBBL)
with a net profit of Rs. 74.17 crores.
Out of 17 banks, 1 bank reported negative net profit whereas 3 banks reported a decline in net profit compared to the corresponding quarter of the previous year.
Distributable profit:
When we observe the distributable profit,
Muktinath Bikas Bank Limited (MNBBL)
topped the list with Rs. 86.05 crores of profit.
Garima Bikas Bank Limited (GBBL)
has secured the second position with Rs. 60.57 crores as distributable profit. The third position is secured by
Jyoti Bikas Bank Limited (JBBL)
with a distributable profit of Rs. 60.30 crores.
Out of 17 Development Banks, 9 banks have reported their net profit below the industry average.
Note: Those companies whose distributable profit is mentioned zero, some of them have not published this figure in their published report.
Paid-Up Capital:
Muktinath Bikas Bank Limited (MNBBL)
has the highest paid-up capital amounting to Rs. 4.81 Arba among all the development banks.
Jyoti Bikas Bank Limited (JBBL)
has the second-highest paid-up capital amounting to Rs. 3.84 Arba.
Reserve and Surplus:
Reserve is the amount that is retained by the company from its profits to promote future growth.
Lumbini Bikas Bank Limited (LBBL)
has reported the highest reserve and surplus which amounts to Rs. 2.38 Arba. LBBL is followed by
Mahalaxmi Bikas Bank Limited (MLBL)
with a reserve of Rs. 2.16 Arba.
Muktinath Bikas Bank Limited (MNBBL)
has secured the third position with a reserve of 1.99 Arba.
Out of all the development banks, 9 banks have reported below industry average reserve amount.
*Reserve and Surplus include
Share Premium, Retained Earnings, and Reserve.
Deposit from customers:
In B-class institution,
Muktinath Bikas Bank Limited (MNBBL)
has topped the list with a total deposit of Rs. 86.9 Arba. This list is followed by
Garima Bikas Bank Limited (GBBL)
with a total deposit of Rs. 63.9 Arba.
Jyoti Bikas Bank Limited (JBBL)
has secured the third position with a total deposit of Rs. 49.56 Arba.
The overall development bank has collected a total deposit of Rs. 4.26 Kharba.
Loans and Advances:
Till Q4 2077/2078, total loans and advances of development banks stood at Rs. 3.53 Kharba. The average loan stood at Rs. 20.8 Arba.
Muktinath Bikas Bank Limited (MNBBL)
has disbursed the highest amount of loans which amounts to Rs. 72.9 Arba. Following the list,
Garima Bikas Bank Limited (GBBL)
has disbursed a total loan of Rs. 51.81 Arba.
Jyoti Bikas Bank Limited (JBBL)
has disbursed a loan of Rs. 43.09 Arba which puts it in third place.
Net Interest Income:
Net Interest Income is the core business revenue which is calculated by subtracting the cost related to the deposits from the income from loans and advances.
In terms of Net interest income,
Muktinath Bikas Bank Limited (MNBBL)
tops the list with a total of Rs. 2.7 Arba.
Garima Bikas Bank Limited (GBBL)
has the second-highest net interest income amounting to Rs. 1.93 Arba. GBBL is followed by
Mahalaxmi Bikas Bank Limited (MLBL)
which has reported a net interest income of Rs. 1.56 Arba.
Out of 17 banks, 8 banks have reported above industry average net interest income.
Total Comprehensive Income:
In terms of total comprehensive income,
Muktinath Bikas Bank Limited (MNBBL)
reported the highest total comprehensive income which amounts to Rs. 1.17 Arba. MNBBL is followed by
Garima Bikas Bank Limited (GBBL)
with a total comprehensive income of Rs. 97.02 crores.
Lumbini Bikas Bank Limited (LBBL)
has reported the third-highest total income which amounts to Rs. 93.32 crores.
Key Ratios:
Earnings per share:
Kamana Sewa Bikas Bank Limited (KSBBL)
topped the list in terms of EPS amounting to Rs. 26.4 per share.
Muktinath Bikas Bank Limited (MNBBL)
has the second-highest EPS with Rs. 23.92 per share. Similarly,
Garima Bikas
Bank Limited (GBBL)
stands at the third position with an EPS of Rs. 22.45 per share.
Out of 17 commercial banks, 10 banks have reported above industry average EPS.
Net worth per share:
The highest net worth per share is reported by
Lumbini Bikas Bank Limited (LBBL)
with Rs. 182.20 per share. This is followed by
Mahalaxmi Bikas Bank Limited (MLBL)
with a net worth per share of Rs. 164.75 per share. Likewise,
Excel Development Bank Limited (EDBL)
reported a net worth of Rs. 161.87 per share making it the third-highest.
The average net worth per share comes at Rs. 137.93 per share when we factor in all the net worth per share of all the banks.
Price to Earnings per share (Quarter End):
P/E ratio tells investors what they are paying for each Rupee of earnings of the firm. The lower the ratio, the better the deal.
In terms of the P/E ratio,
Mahalaxmi Bikas Bank Limited (MLBL)
has the lowest P/E ratio of 20.29 times. This means that you are paying Rs. 20.29 for every Rupee of earning of Mahalaxmi Bikas Bank Limited.
Kamana Sewa Bikas Bank Limited (KSBBL)
reported a P/E of 21.97 times which could be the second-best deal. This is followed by
Garima Bikas Bank Limited (GBBL)
with a P/E of 24.23 times.
The average P/E of the industry is 79.08 times. The industry PE for this quarter is very high which is because the PE ratio of CORBL and GRDBL is higher than most of the banks i.e. above 100 times.
However, one should always check the fundamentals of the company and if they found the bad fundamentals then there is a reason for the lower valuation.
(Investors are requested to factor in the current market price while calculating the PE ratio)
Non-Performing Loan:
Non-performing loan indicates the risk of credit the bank provided to their clients. Higher NPL indicates that the bank might be at risk.
In terms of NPL,
Miteri Development Bank Limited (MDB)
has the lowest ratio with an NPL of 0.14%. This is followed by
Muktinath Bikas Bank Limited (MNBBL)
with an NPL of 0.25%.
Garima Bikas Bank Limited (GBBL)
has the third-lowest NPL of 0.72%.
Out of 17 banks, 5 banks have reported below industry average NPL for this quarter. However, this is mainly because NABBC alone has massive NPL which led to an increase in average number.
One should calculate the industry average in terms of their own analysis model
.
NOTE: Investors should always look at the trend of NPL rather than just a one-quarter figure. Increasing NPL suggests that the banks are losing focus on loan underwriting.
Capital Adequacy Ratio:
In terms of Capital Adequacy ratio (CAR),
Corporate Development Bank Limited (CORBL)
has the highest CAR of 74.59%. This is followed by
Narayani Development Bank Limited (NABBC)
with a CAR of 62.30%.
Base Rate and Interest Rate:
Finally, the table below shows provides a full picture with major indicators of 17 development banks as of the fourth quarter of FY 2077-2078.
When we observe the numbers reported by all the development banks in this quarter, it is obvious that the banks are somewhat past the previous situation and are convinced that they have to adapt to the new normal and create a strategy that fits the current situation. This can be seen by the reported numbers as well since most of the companies have been able to perform well despite the second wave of COVID-19. However, it is important for investors to factor in the current situation and see how the banks have been creating strategies to sustain their business and move forward.",0.18804189562797546
2021-08-17,Mahalaxmi Bikas Bank signs MoU with Kantipur Hospital; bank’s customers to receive up to 15% discount and free ambulance service at the hospital,https://www.sharesansar.com/newsdetail/mahalaxmi-bikas-bank-signs-mou-with-kantipur-hospital-banks-customers-to-receive-up-to-15-discount-and-free-ambulance-service-at-the-hospital-2021-08-17,"Mahalaxmi Bikas Bank has signed an MOU with Kantipur Hospital to provide up to a 15% discount on its medical services as well as free ambulance service.
The benefits can be availed by customers by using MLBL debit card and mobile banking service, as per the media statement.
The understanding for the same was signed by Mr. Himalaya Bikram Malla Thakuri, ED of the hospital, and Mr. Bikash Rawal, Baneshwor BM of the bank on Shrawan 32, 2078.
The bank currently serves its customers via its 103 branches in its network.",-0.001684635877609253
2021-08-15,eSewa Money Transfer partners with Mahalaxmi Bikas Bank; to offer more convenient remittance service directly to 103 branches of the bank,https://www.sharesansar.com/newsdetail/esewa-money-transfer-partners-with-mahalaxmi-bikas-bank-to-offer-more-convenient-remittance-service-directly-to-103-branches-of-the-bank-2021-08-15,"eSewa Money Transfer, one of the emerging remittance companies of Nepal and a subsidiary of F1soft International, has partnered with Mahalaxmi Bikas Bank to provide remittance services. This agreement allows Nepalese migrants residing in different parts of the world to easily send money back home to Nepal.
The MoU was signed between the CEO of eSewa Money Transfer Mr. Ajesh Koirala and CEO of the bank Mr. Bodh Raj Devkota, as per the media statement.
With the agreement into effect, the sender can easily send cash remittance to Nepal and the beneficiaries in Nepal can receive the remittance from 103 branches of the bank along with eSewa Money Transfer’s 8000+ payout locations spread across Nepal and also have the option to load the money directly in their eSewa wallet.",0.3995942175388336
2021-08-12,Mahalaxmi Bikas Bank signs agreement with Hotel Sambala; MoU to enable bank’s debit card users to receive attractive 15% discount for hotel’s services,https://www.sharesansar.com/newsdetail/mahalaxmi-bikas-bank-signs-agreement-with-hotel-sambala-mou-to-enable-banks-debit-card-users-to-receive-attractive-15-discount-for-hotels-services-2021-08-12,"Mahalaxmi Bikas Bank
has entered into an agreement with Hotel Sambala of Kathmandu to facilitate a special discount.
Following the agreement, customers using Debit cards of the Bank will get an attractive 15% discount while availing of different services at the hotel, as per the media statement.
The agreement was signed between the Operation Director of the hotel Mr. Rabin Manandhar and Maharajgunj BM of the bank Mr. Ballab Shrestha amid a program.
The bank currently has 103 branches under its network.",-0.5999672412872314
2021-08-08,"4,98,019.06 Promoter Shares of Mahalaxmi Bikas Bank Limited (MLBL) Converted; What's the New Shareholding Ratio?",https://www.sharesansar.com/newsdetail/49801906-promoter-shares-of-mahalaxmi-bikas-bank-limited-mlbl-converted-whats-the-new-shareholding-ratio-2021-08-08,"4,98,019.06 units promoter shares of
Mahalaxmi Bikas Bank Limited (MLBL)
are now converted to ordinary shares. With this, the new shareholding ratio of the company has now become 51: 49.
The bank’s profit has increased from Rs 42.85 crore in the fourth quarter of the fiscal year 2076/77 to Rs 73.29 crore in the fourth quarter of the fiscal year 2077/78. The net interest income of the bank has increased by 1.50% to Rs 1.56 Arba from Rs 1.54 Arba of the corresponding quarter.
The bank’s paid-up capital stands at Rs 3.34 Arba with Rs 2.16 Arba as its reserve and surplus. The EPS of the bank stands at Rs 21.93. The net worth per share stands at Rs 164.75. The company traded at a P/E ratio of 20.29 times.
As of writing, the company's LTP stands at Rs. 518.",-0.859167754650116
2021-08-03,NMB Bank and Mahalaxmi Bikas Bank Urge Shareholders to Collect Due Dividend,https://www.sharesansar.com/newsdetail/nmb-bank-and-mahalaxmi-bikas-bank-urge-shareholders-to-collect-due-dividend-2021-08-03,"Mahalaxmi Bikas Bank Limited
(former Malika Bikas Bank, Mahalaxmi Finance, Yeti Finance, Siddhartha Finance, Valley Finance) has published a notice to collect unclaimed due dividends to its shareholders.
The company still has unclaimed dividends distributed by various AGMs of the former companies in its books. As such, investors should consult with the share registrar Siddhartha Capital to claim the dividend. The share registrar requires a share ownership document and proof of identity to release the dividend. Investors who fail to claim their dividend will have the sum deposited to the Investors' Protection Fund.
NMB Bank Limited
has also published a notice to the shareholders of former Kanchan Development Bank Limited regarding uncollected due dividends. This includes the dividend distributed from FY 2069/70. NMB Capital is the share registrar.",0.9181545376777649
2021-08-03,Mahalaxmi Bikas Bank signs MoU with Siddharthanagar City Hospital; bank’s customers to receive up to 10% discount while availing all medical services,https://www.sharesansar.com/newsdetail/mahalaxmi-bikas-bank-signs-mou-with-siddharthanagar-city-hospital-banks-customers-to-receive-up-to-10-discount-while-availing-all-medical-services-2021-08-03,"Mahalaxmi Bikas Bank has signed an MOU with Siddharthanagar Hospital to provide up to a 10% discount on its medical services.
The benefits can be availed by customers by using MLBL debit card and mobile banking service, as per the media statement.
The understanding for the same was signed by Mr. Arjun Paudel, MD of the hospital, and Mr. Bodraj Devkota, CEO of the bank on Shrawan 18, 2078.
The bank currently serves its customers via its 103 branches in its network.",-0.07471990585327148
2021-08-01,Mahalaxmi Bikas Bank inks agreement with MAW Vridhi Commercial vehicles; customers of Foton vehicle can now avail vehicle loan of up to 80% of its cost for 8 years,https://www.sharesansar.com/newsdetail/mahalaxmi-bikas-bank-inks-agreement-with-maw-vridhi-commercial-vehicles-customers-of-foton-vehicle-can-now-avail-vehicle-loan-of-up-to-80-of-its-cost-for-8-years-2021-08-01,"Mahalaxmi Bikas Bank has inked an agreement with MAW Vridhi Commercial Vehicles to enable the customers to purchase different commercial vehicles with convenient EMI facilities.
With this agreement, customers can avail of vehicle loans up to 80% of the cost of Foton vehicles for the period of up to 8 years, as per the media statement.
This loan service can be availed from all 103 branches of the bank spread all across the nation, as per the media statement.",0.5042998790740967
2021-07-21,Despite slow business growth Mahalaxmi Bikas Bank able to increase profit by 71.02% in Q4; has 16% (approx.) dividend distribution capacity from FY 2077/78 earnings,https://www.sharesansar.com/newsdetail/despite-slow-business-growth-mahalaxmi-bikas-bank-able-to-increase-profit-by-7102-in-q4-has-16-approx-dividend-distribution-capacity-from-fy-207778-earnings-2021-07-21,"Mahalaxmi Bikas Bank Limited (MLBL)
has published its fourth-quarter report for the FY 2077/78 with a rise in net profit by 71.02%.
The bank’s profit has increased from Rs 42.85 crore in the fourth quarter of the fiscal year 2076/77 to Rs 73.29 crore in the fourth quarter of the fiscal year 2077/78. In the same quarter, the bank has Rs 56.38 crore as distributable profit after PL Appropriation and Regulatory Adjustments.
This means Mahalaxmi Bikas can distribute around 16% (approx.) dividends from the earnings of FY 2077/78
if other regulatory requirements are not required.
The bank’s deposits from customers have a growth rate of 4.41% to Rs 38.60 arba and loans and advances to customers have increased by 2.27% to Rs 30.10 arba till the fourth quarter.
The net interest income of the bank has increased by 1.50% to Rs 1.56 arba from Rs 1.54 arba of the corresponding quarter.
The bank’s paid-up capital stands at Rs 3.34 arba with Rs 2.16 arba as its reserve and surplus.
The Non-Performing Loan (NPL) has increased to 3.32% from 2.8%.
The EPS of the bank stands at Rs 21.93. The net worth per share stands at Rs 164.75. The company traded at a P/E ratio of 20.29 times.
Click here for Q4 report:
Financial Highlights:
Particulars (In Rs '000"")
Mahalaxmi Bikas Bank
Q4 2077/78
Q4 2076/77
Difference
Share Capital
3,342,403
3,072,061
8.80%
Share Premium
0
0
Retained Earnings
567,638
288,352
96.86%
Reserves
1,596,502
1,427,442
11.84%
Deposits from Customers
38,609,250
36,977,169
4.41%
Loans & Advances to customers
30,106,374
29,438,119
2.27%
Net Interest Income
1,567,327
1,544,167
1.50%
Other Operating Income
164,989
33,894
386.78%
Impairment Charge/(Reversal)
230,939
281,045
-17.83%
Personnel Expenses
554,585
549,436
0.94%
Operating Profit
1,023,454
609,947
67.79%
Profit/(Loss) for the Year
732,916
428,565
71.02%
Total Comprehensive Income
732,916
428,565
71.02%
Distributable Profit/ (Loss) after P/L Appropriation and Regulatory Adjustments
563,856
Capital Adequacy Ratio (CAR)
13.67
13.41
1.94%
NPL
3.32
2.8
18.57%
CCD (as per NRB Directives)
79.67
73.5
8.39%
Cost of Fund (%)
5.44
7.52
-27.66%
Interest Rate Spread (%)
4.53
4.35
4.14%
Base Rate (%)
7.28
9.95
-26.83%
EPS (In Rs.)
21.93
13.95
57.18%
Net Worth per Share (In Rs.)
164.75
155.85
5.71%
Qtr End PE Ratio (times)
20.29
-
-
Qtr End Market Price
445
-
-",-0.8507229089736938
2021-07-15,Mahalaxmi Bikas Bank fulfills its social responsibility towards female health and education,https://www.sharesansar.com/newsdetail/mahalaxmi-bikas-bank-fulfills-its-social-responsibility-towards-female-health-and-education-2021-07-15,"Mahalaxmi Bikas Bank, under its CSR initiative, has handed over financial support of Rs 1.75 lakh to Belaiya Ma.Vi. located at Siddharthanagar Nagarpalika-1 of Rupandehi district for the construction of female-friendly washrooms at the school.
The support amount was handed over by Bhairahawa BM of the bank Mr. Gautam Gupta to the chair of Bhairahawa Rotary Mr. Chakramani Acharya amid a program.",-0.3579976558685303
2021-07-12,8.8% Bonus Shares of Mahalaxmi Bikas Bank (MLBL) Now Listed in NEPSE,https://www.sharesansar.com/newsdetail/88-bonus-shares-of-mahalaxmi-bikas-bank-mlbl-now-listed-in-nepse-2021-07-12,"27,03,413.96 units bonus shares of
Mahalaxmi Bikas Bank Limited (MLBL)
are now listed in NEPSE.
Mahalaxmi Bikas Bank convened its 19th AGM for the FY 2076-77 under the leadership of its chairman on Chaitra 13, 2077. The AGM endorsed the board’s proposal to provide 8.80% bonus shares and 0.46% cash dividends to shareholders. The same bonus shares are now listed in NEPSE.
As of writing, MLBL has an LTP of Rs. 450. Mahalaxmi Bikas Bank Limited has posted a net profit of Rs 403.60 million in the 3rd quarter of the fiscal year 2077/78.",0.8904692530632019
2021-07-05,Mahalaxmi Bikas Bank welcomes Ms. Ambika Shrestha as new independent BoD; Ms. Shrestha brings banking and non-banking experience of several decades to her new role,https://www.sharesansar.com/newsdetail/mahalaxmi-bikas-bank-welcomes-ms-ambika-shrestha-as-new-independent-bod-ms-shrestha-brings-banking-and-non-banking-experience-of-several-decades-to-her-new-role-2021-07-05,"Mahalaxmi Bikas Bank, through its 490
th
board meet, held on Ashad 18, 2078, has appointed Ms. Ambika Shrestha as the independent BoD of the bank.
Ms. Shrestha has 25 plus years of banking experience with several BFIs of the nation and has also worked as a financial consultant for several agencies with her postgraduate degree in Finance Management, as per the media statement.",0.6410098671913147
2021-06-24,Mahalaxmi Bikas Bank begins missed call banking service; customers to get call back from bank’s representatives for banking information following their simple missed call,https://www.sharesansar.com/newsdetail/mahalaxmi-bikas-bank-begins-missed-call-banking-service-customers-to-get-call-back-from-banks-representatives-for-banking-information-following-their-simple-missed-call-2021-06-24,"Mahalaxmi Bikas Bank has launched missed call banking service with an aim to enable its customers to receive information on a wide range of banking services right from their home.
Customers can give missed calls to 9847387524 followings which representatives of the bank will call them back to address their queries on the different subject matters, as per the media statement.",0.889062762260437
2021-06-23,Last Day to Bid for Promoter Shares of Asian Life Insurance,https://www.sharesansar.com/newsdetail/last-day-to-bid-for-promoter-shares-of-asian-life-insurance-2021-06-22,"Mahalaxmi Bikas Bank Limited
has been auctioning the promoter shares of
Asian Life Insurance Company Limited.
The auction opened on 3rd Ashar and will close today, i.e. on 9th Ashar, 2078.
Individuals, institutions, and existing promoters are all eligible to bid for the auction.
1,66,757 promoter shares of Asian Life Insurance Company Limited are auctioned. Rs. 628 is the minimum bid rate for the auction. While the minimum bid quantity for shares is 100 units, there is no upper limit for both shares. Although bidders can bid for the entirety of the issue, they are required to abide by Nepal Rastra Bank's rule to not exceed the specified quantity of shares per entity.
Siddhartha Capital has been appointed the auction manager. Bids will be opened at the premises of the auction manager on Ashar 10, starting at 3 pm that day.
Auction notice",0.9278135895729065
2021-06-17,Mahalaxmi Bikas Bank Auctioning Promoter Shares of Asian Life Insurance from Today,https://www.sharesansar.com/newsdetail/mahalaxmi-bikas-bank-auctioning-promoter-shares-of-asian-life-insurance-from-today-2021-06-17,"Mahalaxmi Bikas Bank Limited
is auctioning the promoter shares of
Asian Life Insurance Company Limited.
The auction will open today, i.e. 3rd Ashar and close on 9th Ashar, 2078.
Individuals, institutions, and existing promoters are all eligible to bid for the auction.
1,66,757 promoter shares of Asian Life Insurance Company Limited will be auctioned. Rs. 628 is the minimum bid rate for the auction. While the minimum bid quantity for shares is 100 units, there is no upper limit for both shares. Although bidders can bid for the entirety of the issue, they are required to abide by Nepal Rastra Bank's rule to not exceed the specified quantity of shares per entity.
Siddhartha Capital has been appointed the auction manager. Bids will be opened at the premises of the auction manager on Ashar 10, starting at 3 pm that day.
Auction notice",0.9286637902259827
2021-06-16,Mahalaxmi Bikas Bank Auctioning Promoter Shares of Asian Life Insurance,https://www.sharesansar.com/newsdetail/mahalaxmi-bikas-bank-auctioning-promoter-shares-of-asian-life-insurance-2021-06-16,"Mahalaxmi Bikas Bank Limited
is auctioning the promoter shares of
Asian Life Insurance Company Limited.
The auction will open on 3rd Ashar and close on 9th Ashar, 2078.
Individuals, institutions, and existing promoters are all eligible to bid for the auction.
1,66,757 promoter shares of Asian Life Insurance Company Limited will be auctioned. Rs. 628 is the minimum bid rate for the auction. While the minimum bid quantity for shares is 100 units, there is no upper limit for both shares. Although bidders can bid for the entirety of the issue, they are required to abide by Nepal Rastra Bank's rule to not exceed the specified quantity of shares per entity.
Siddhartha Capital has been appointed the auction manager. Bids will be opened at the premises of the auction manager on Ashar 10, starting at 3 pm that day.
Auction notice",0.926960825920105
2021-06-03,Mahalaxmi Bikas Bank provides masks and sanitizers to locals of Baseni in Bharatpur,https://www.sharesansar.com/newsdetail/mahalaxmi-bikas-bank-provides-masks-and-sanitizers-to-locals-of-baseni-in-bharatpur-2021-06-03,"Mahalaxmi Bikas Bank, under its CSR initiative, has handed over masks, sanitizers, and other materials to the locals of Bharatpur-11 Baseni of Chitwan.
The support items were handed over by Narayangad BM of the bank Mr. Birendra Chaudhari to ward member Mr. Chintamani Lamsal and head of Ganesh Sthan Toll Committee Mr. Ganesh Kumar Shrestha amid a program.",0.7824954390525818
2021-05-25,Mahalaxmi Bikas Bank launches Baivab saving account with 5.50% interest yield; customers to enjoy free internet and mobile banking with demat and meroshare for the first year,https://www.sharesansar.com/newsdetail/mahalaxmi-bikas-bank-launches-baivab-saving-account-with-550-interest-yield-customers-to-enjoy-free-internet-and-mobile-banking-with-demat-and-meroshare-for-the-first-year-2021-05-25,"Mahalaxmi Bikas Bank, continuing its anniversary special schemes, has launched a Baivab Saving account with a 5.50% annual interest return.
The bank will provide internet banking, mobile banking, demat and meroshare services free of cost for the first year of their operation and will also provide a 50% discount while availing locker service, as per the media statement.",0.6201223731040955
2021-05-23,Mahalaxmi Bikas Bank launches new scheme to promote use of smart banking service; to provide Rs 100 as bonus to first-time users of its mobile banking service,https://www.sharesansar.com/newsdetail/mahalaxmi-bikas-bank-launches-new-scheme-to-promote-use-of-smart-banking-service-to-provide-rs-100-as-bonus-to-first-time-users-of-its-mobile-banking-service-2021-05-23,"Mahalaxmi Bikas Bank, under its 27
th
anniversary, has launched the ""Mahalaxmi Smart Saathma, Banking Aafnai Haatma"" scheme to promote the use of digital banking practices among its customers.
Under this scheme, The bank will be providing Rs 100 as a bonus to its customers who install and begin using the bank’s mobile banking service for the very first time, as per the media statement.",-0.26040029525756836
2021-05-13,Mahalaxmi Bikas Bank provides support materials to Bhim Hospital and Siddharthanagar Nagarpalika isolation center; helps local institutions fighting with COVID second wave,https://www.sharesansar.com/newsdetail/mahalaxmi-bikas-bank-provides-support-materials-to-bhim-hospital-and-siddharthanagar-nagarpalika-isolation-center-helps-local-institutions-fighting-with-covid-second-wave-2021-05-13,"Mahalaxmi Bikas Bank, under its CSR initiative, has provided health equipment to Bhim Hospital of Bhairahawa and the isolation center of Siddharthanagar Nagarpalika.
The support items were handed over by BM of the bank Mr. Gautam Gupta to the emergency depart head of Bhim Hospital Ms. Sabita Sharma during a program.
The bank currently provides its services via its 103 branches",0.7453192472457886
2021-05-09,Promoter Shares of Asian Life Insurance (ALICL) in Auction from Today,https://www.sharesansar.com/newsdetail/promoter-shares-of-asian-life-insurance-alicl-in-auction-from-today-2021-05-09,"Mahalaxmi Bikas Bank Limited
is auctioning the promoter shares of
Asian Life Insurance Company Limited (ALICL)
from today.
1,66,757 promoter shares of Asian Life Insurance Company Limited will be auctioned from 26th Baisakh to 9th Jestha, 2078. Existing promoters, the general public, and institutions can all bid for the auction.
Rs. 698 is the minimum bid rate. While the minimum bid quantity for shares is 1000 units, there is no upper limit for the shares. Although bidders can bid for the entirety of the issue, they are required to abide by Nepal Rastra Bank's rule to not exceed the specified quantity of shares per entity.
Siddhartha Capital has been appointed the auction manager. Bids will be opened on Jestha 10 in the premises of the auction manager starting at 3 pm.
Auction notice",0.9274920225143433
2021-05-05,Mahalaxmi Bikas Bank Auctioning Promoter Shares of Asian Life Insurance (ALICL),https://www.sharesansar.com/newsdetail/mahalaxmi-bikas-bank-auctioning-promoter-shares-of-asian-life-insurance-alicl-2021-05-05,"Mahalaxmi Bikas Bank Limited
is auctioning the promoter shares of
Asian Life Insurance Company Limited (ALICL).
1,66,757 promoter shares of Asian Life Insurance Company Limited will be auctioned from 26th Baisakh to 9th Jestha, 2078. Existing promoters, the general public, and institutions can all bid for the auction.
Rs. 698 is the minimum bid rate. While the minimum bid quantity for shares is 1000 units, there is no upper limit for both shares. Although bidders can bid for the entirety of the issue, they are required to abide by Nepal Rastra Bank's rule to not exceed the specified quantity of shares per entity.
Siddhartha Capital has been appointed the auction manager. Bids will be opened on Jestha 10 in the premises of the auction manager starting at 3 pm.
Auction notice",0.9268704652786255
2021-05-03,How did development banks perform in third-quarter? Dive into comprehensive analysis of major indicators,https://www.sharesansar.com/newsdetail/development-bank-comparative-not-completed-dont-post-yet-2021-05-02,"It is without a doubt that the Financial Institutions are facing a difficult time as the economic activities are halted for an extended period of time. Due to the monetary policy lowering the interest rate bar for financial institutions, their core business revenue might be hampered. We observed the effect of lowering interest rate bar, higher provision, economic activity halt due to lockdown in the previous quarter. However, some financial institutions have somehow managed to improve profitability at this time.
There are different classes of banks in Nepal. However, we will be analyzing the financial performance of “B” class financial institution; Development Banks in this article. There are currently 17 listed development banks in NEPSE out of which only 16 development bank data are presented here. So, let’s dissect the performance of B-class financial institutions.
(NOTE:
Karnali Development Bank Limited (KRBL)
is yet to publish the third-quarter report. Whereas, Sahara development bank is in acquisition process by Garima Bikas Bank Limited)
Net Profit:
As per the quarterly report,
Muktinath Bikas Bank Limited (MNBBL)
has reported the highest net profit for the period amounting to Rs. 1.00 Arba.
Garima Bikas Bank Limited (GBBL)
comes in second place in terms of profit which amounts to Rs. 67.82 crores. The third position is secured by
Jyoti Bikas Bank Limited (JBBL)
with a net profit of Rs.
60.25 crores.
Out of 16 banks, 1 bank reported negative net profit whereas 5 banks reported a decline in net profit compared to the corresponding quarter of the previous year.
Distributable profit:
When we observe the distributable profit,
Muktinath Bikas Bank Limited (MNBBL)
topped the list with Rs. 82.87 crores of profit.
Garima Bikas Bank Limited (GBBL)
has secured the second position with Rs. 49.02 crores as distributable profit. The third position is secured by
Jyoti Bikas Bank Limited (JBBL)
with a distributable profit of Rs. 43.31 crores.
Out of 16 Development Banks, 8 banks have reported their net profit below the industry average.
Note: Those companies whose distributable profit is mentioned zero, have not published this figure in their published report.
Paid-Up Capital:
Muktinath Bikas Bank Limited (MNBBL)
has the highest paid-up capital amounting to Rs. 4.81 Arba among all the development banks.
Jyoti Bikas Bank Limited (JBBL)
has the second-highest paid-up capital amounting to Rs. 3.84 Arba.
Note: Out of the total mentioned Rs 41 crore paid up capital of CORBL, Rs 21 crore is call in advance of 150% right share called by the company.
Reserve and Surplus:
Reserve is the amount that is retained by the company from its profits to promote future growth.
Lumbini Bikas Bank Limited (LBBL)
has reported the highest reserve and surplus which amounts to Rs. 1.90 Arba. LBBL is followed by
Muktinath Bikas Bank Limited (MNBBL)
with a reserve of Rs. 1.84 Arba.
Mahalaxmi Bikas Bank Limited (MLBL)
has secured the third position with a reserve of 1.83 Arba.
Out of all the development banks, 8 banks have reported below industry average reserve amount.
Deposit from customers:
In B-class institution,
Muktinath Bikas Bank Limited (MNBBL)
has topped the list with a total deposit of Rs. 79.90 Arba. This list is followed by
Garima Bikas Bank Limited (GBBL)
with a total deposit of Rs. 59.20 Arba.
Jyoti Bikas Bank Limited (JBBL)
has secured the third position with a total deposit of Rs. 45.31 Arba.
The overall development bank has collected a total deposit of Rs. 3.95 Kharba.
Loans and Advances:
Till Q3 2077/2078, total loans and advances of development banks stood at Rs. 3.35 Kharba. The average loan stood at Rs. 21 Arba.
Muktinath Bikas Bank Limited (MNBBL)
has disbursed the highest amount of loans which amounts to Rs. 68.57 Arba. Following the list,
Garima Bikas Bank Limited (GBBL)
has disbursed a total loan of Rs. 50.29 Arba.
Jyoti Bikas Bank Limited (JBBL)
has disbursed a loan of Rs. 39.53 Arba which puts it in third place.
Net Interest Income:
Net Interest Income is the core business revenue which is calculated by subtracting the cost related to the deposits from the income from loans and advances.
In terms of Net interest income,
Muktinath Bikas Bank Limited (MNBBL)
tops the list with a total of Rs. 1.89 Arba.
Garima
Bikas Bank Limited (GBBL)
has the second-highest net interest income amounting to Rs. 1.35 Arba. GBBL is followed by
Mahalaxmi Bikas Bank Limited (MLBL)
which has reported a net interest income of Rs. 1.16 Arba.
Out of 16 banks, 8 banks have reported above industry average net interest income.
Total Comprehensive Income:
In terms of total comprehensive income,
Muktinath Bikas Bank Limited (MNBBL)
reported the highest total comprehensive income which amounts to Rs. 1.02 crores. MNBBL is followed by
Garima Bikas Bank Limited (GBBL)
with a total comprehensive income of Rs. 78.30 crores.
Jyoti Bikas Bank Limited (JBBL)
has reported the third-highest total income which amounts to Rs. 62.99 crores.
Key Ratios:
Annualized Earnings per share:
Kamana Sewa Bikas Bank Limited (KSBBL)
topped the list in terms of EPS amounting to Rs. 29.47 per share.
Muktinath Bikas Bank Limited (MNBBL)
has the second-highest EPS with Rs. 27.87 per share. Similarly,
Garima Bikas
Bank Limited (GBBL)
stands at the third position with an EPS of Rs. 24.60 per share.
Out of 16 commercial banks, 10 banks have reported above industry average EPS.
Net worth per share:
The highest net worth per share is reported by
Lumbini Bikas Bank Limited (LBBL)
with Rs. 165.67 per share. This is followed by
Excel Development Bank Limited (EDBL)
with a net worth per share of Rs. 157.96 per share. Likewise,
Mahalaxmi Bikas Bank Limited (MLBL)
reported a net worth of Rs. 154.90 per share making it the third-highest.
The average net worth per share comes at Rs. 132.49 per share when we factor in all the net worth per share of all the banks.
Price to Earnings per share (Quarter End):
P/E ratio tells investors what they are paying for each Rupee of earnings of the firm. The lower the ratio, the better the deal.
In terms of the P/E ratio,
Kamana Sewa Bikas Bank Limited (KSBBL)
has the lowest P/E ratio of 11.94 times. This means that you are paying Rs. 11.94 for every Rupee of earning of Kamana Sewa Bikas Bank Limited.
Jyoti Bikas Bank Limited (JBBL)
reported a P/E of 12.73 times which could be the second-best deal. This is followed by
Shangrila Development Bank Limited (SADBL)
with a P/E of 13.17 times.
The average P/E of the industry is 29.79 times. Out of 16 banks, 13 banks have a below industry average P/E which could possibly indicate that those banks are relatively cheaper than their competitors.
However, one should always check the fundamentals of the company and if they found the bad fundamentals then there is a reason for the lower valuation.
(Investors are requested to factor in the current market price while calculating the PE ratio)
Non-Performing Loan:
Non-performing loan indicates the risk of credit the bank provided to their clients. Higher NPL indicates that the bank might be at risk.
In terms of NPL,
Muktinath Bikas Bank Limited (MNBBL)
has the lowest ratio with an NPL of 0.21%. This is followed by
Miteri Development Bank Limited (MDB)
with an NPL of 0.31%.
Garima Bikas Bank Limited (GBBL)
has the third-lowest NPL of 0.58%.
Out of 16 banks, 13 banks have reported below industry average NPL for this quarter. However, this is mainly because NABBC alone has massive NPL which led to increasing in average number.
One should calculate the industry average in terms of their own analysis model
.
NOTE: Investors should always look at the trend of NPL rather than just a one-quarter figure. Increasing NPL suggests that the banks are losing focus on loan underwriting.
Capital Adequacy Ratio:
In terms of Capital Adequacy ratio (CAR),
Muktinath Bikas Bank Limited (MNBBL)
has the lowest CAR of 11.14%. This is followed by
Garima Bikas Bank Limited (GBBL)
with a CAR of 11.63%.
Finally, the table below shows provides a full picture with major indicators of 16 development banks as of the third quarter of FY 2077-2078.
When we observe the numbers reported by all the development banks in this quarter, it is obvious that the banks are somewhat past the previous situation and are convinced that they have to adapt to the new normal and create a strategy that fits the current situation. This can be seen by the reported numbers as well since most of the companies have been able to perform well despite the second wave of COVID-19. However, it is important for investors to factor in the current situation and see how the banks have been creating strategies to sustain their business and move forward.",0.07265733182430267
2021-04-30,Mahalaxmi Bikas Bank designates its banking staffs to remotely address different banking issues during ongoing lockdown; makes public contact persons and their contact details,https://www.sharesansar.com/newsdetail/mahalaxmi-bikas-bank-designates-its-banking-staffs-to-remotely-address-different-banking-issues-during-ongoing-lockdown-makes-public-contact-persons-and-their-contact-details-2021-04-30,"Mahalaxmi Bikas Bank has come up with contact persons to provide convenient banking services to its clients who shall be coordinating with all 103 branches even during the ongoing prohibitory orders brought in by COVID second wave.
The bank has urged all its valued clients to make use of digital banking channels as much as possible during the current situation of emergency. However, the bank has make public the list of people and their contact details who would be addressing the different banking-related issues and coordinating with different branches for convenient banking service.",0.7975961565971375
2021-04-26,Mahalaxmi Bikas Bank fulfills CSR initiative towards social peace and safety; distributes 100 fluorescent jackets to Tanahun police,https://www.sharesansar.com/newsdetail/mahalaxmi-bikas-bank-fulfills-csr-initiative-towards-social-peace-and-safety-distributes-100-fluorescent-jackets-to-tanahun-police-2021-04-26,"Mahalaxmi Bikas Bank, under its CSR initiative, has provided 100 set fluorescent jackets to Tanahun police amid a program at Damauli.
The support items were handed over by Damauli BM of the bank Mr. Sudeep Neupane to SP of Nepal Police Mr. Arun Paudel, as per the media statement.
The bank currently serves its wide customer base from 103 branches spread nationwide, as per the media statement.",0.5026472806930542
2021-04-20,"Mahalaxmi Bikas Bank Q3: net profit remain stagnant, deposits and loans both decline and NPL rises to 4.44%",https://www.sharesansar.com/newsdetail/mahalaxmi-bikas-bank-q3-net-profit-remain-stagnant-deposits-and-loans-both-decline-and-npl-rises-to-444-2021-04-20,"Mahalaxmi Bikas Bank Limited (MLBL)
has published its third-quarter report for the FY 2077/78 with a meager rise in net profit by 1.57%.
The development bank’s profit has increased from Rs 39.73 crore in the third quarter of the fiscal year 2076/77 to Rs 40.36 crore in the third quarter of the fiscal year 2077/78. In the same quarter, the bank has Rs 25.76 crore as distributable profit after PL Appropriation and Regulatory Adjustments.
The bank’s deposit from customers has declined by 1.38% (compared to the immediate previous year ending) to Rs 36.46 arba and loans and advances to customers also has declined by 1.14% (compared to the immediate previous year ending) to Rs 29.10 arba in the third quarter. The bank's net interest income (core revenue) has decreased by 2.64% to Rs 1.16 arba from Rs 1.19 arba of the corresponding quarter.
The banks have earned Rs 1.80 crore as non-operating income.
The bank’s paid-up capital stands at Rs 3.34 arba with Rs 1.83 arba as its reserve and surplus.
The Non-Performing Loan (NPL) has increased to 4.44% from 3.78%.
In the third quarter, the annualized EPS of the bank stands at Rs 16.10. The net worth per share stands at Rs 154.90 and the qtr end PE ratio stands at 19.25 times.
Click here for the Q3 report:
Financial Highlights:
*
Figure is of Immediate Previous Year Ending
Particulars (In Rs '000"")
Mahalaxmi Bikas Bank
Q3 2077/78
Q3 2076/77
Difference
Share Capital*
3,342,403
3,072,061
8.80%
Share Premium*
0
0
Retained Earnings*
261,445
288,352
-9.33%
Reserves*
1,573,385
1,427,442
10.22%
Deposits from Customers*
36,467,759
36,977,169
-1.38%
Loans & Advances to customers*
29,101,939
29,438,119
-1.14%
Net Interest Income
1,167,299
1,198,944
-2.64%
Impairment Charge/(Reversal)
273,248
181,819
0.00%
Personnel Expenses
363,198
395,543
-8.18%
Operating Profit
560,242
563,877
-0.64%
Non_Operating Income
18,085
2,300
686.29%
Profit/(Loss) for the Year
403,605
397,365
1.57%
Total Comprehensive Income
403,605
397,365
1.57%
Distributable Profit/ (Loss) after P/L Appropriation and Regulatory Adjustments
257,662
Capital Adequacy Ratio (CAR)
13.03
11.77
10.71%
NPL
4.44
3.78
17.46%
CCD (as per NRB Directives)
81.3
74.37
9.32%
Cost of Fund (%)
5.61
8.31
-32.49%
Interest Rate Spread (%)
4.8
5.37
-10.61%
Base Rate (%)
7.98
11.04
-27.72%
Annualized EPS (In Rs.)
16.10
17.25
-6.64%
Net Worth per Share (In Rs.)
154.90
155.85
-0.61%
Qtr End PE Ratio (times)
19.25
-
-
Qtr End Market Price
310
-
-",0.014757941477000713
2021-04-08,Mahalaxmi Bikas Bank fulfills its prior commitment of insurance claim; provides Rs 6.07 lakh to nominees of deceased account holders in Palung of Makwanpur,https://www.sharesansar.com/newsdetail/mahalaxmi-bikas-bank-fulfills-its-prior-commitment-of-insurance-claim-provides-rs-607-lakh-to-nominees-of-deceased-account-holders-in-palung-of-makwanpur-2021-04-08,"Mahalaxmi Bikas Bank has handed over the agro insurance claim from its Palung branch that amounts to Rs 5.25 lakh to Ms. Kalpana Gharti, a nominee of its deceased account holder Late Bishnu Magar and Rs 82.5 thousand to Mr. Rabin Balami, a nominee of deceased account holder Late Degu Maya Balami.
The insurance claim amount was handed over by the Assistant CEO of the bank Mr. Jalaj Kumar Adhikari and Deputy Director Mr. Junash Sharma, and BM of the bank Ms. Sangita Bajracharya by visiting the homes of the nominees, as per the media statement.",0.8763847947120667
2021-03-29,Mahalaxmi Bikas Bank convenes its 19th AGM; endorses proposal of 8.80% bonus shares and 0.46% cash dividend to shareholders,https://www.sharesansar.com/newsdetail/mahalaxmi-bikas-bank-convenes-its-19th-agm-endorses-proposal-of-880-bonus-shares-and-046-cash-dividend-to-shareholders-2021-03-29,"Mahalaxmi Bikas Bank has virtually convened its 19
th
AGM for the FY 2076-77 under the leadership of its chairman on Chaitra 13, 2077.
The AGM has endorsed the board’s proposal to provide 8.80% bonus shares and 0.46% cash dividend to the shareholders. The AGM also authorized the board to carry out mergers/ acquisitions, as per the media statement.
The bank currently has 103 branches, and 34 ATM booths serving more than 5 lakh customers, as per the media statement.",0.7026159167289734
2021-03-15,Don't Forget: Your Last Chance to Grab Dividends of NHDL and MLBL,https://www.sharesansar.com/newsdetail/dont-forget-your-last-chance-to-grab-dividends-of-nhdl-and-mlbl-2021-03-14,"Today is the last day to grab the dividend of
Nepal Hydro Developer Limited (NHDL).
The company has called its 12th, 13th, and 14th AGM on 17th Chaitra, 2077. The AGM will be held in the company's registered office in Dillibazar, Kathmandu, starting at 3 pm.
Among other agendas, the AGM will endorse the 15.07895% dividend for the fiscal year 2076/77. The 60th meeting of the board of directors held on Falgun 20 has decided to distribute 15% bonus shares and 0.7895% cash dividend for the fiscal year. Since the paid-up capital of the company is Rs. 26,00,00,000, the bonus shares are worth Rs. 3,90,00,000 and the cash dividend is worth Rs. 20,52,632.
Note that the company had proposed 4% bonus shares for the fiscal year 2074/75. This was decided way back on Poush 09, 2075. However, the company could not conduct an AGM for that year and the book closure was never declared for that dividend. Thus, the amount to be distributed as the 4% bonus shares is now included in the 15% bonus shares proposal made for the fiscal year 2076/77.
The book closure date is declared tomorrow, i.e. Chaitra 03. Thus, investors maintained till today are entitled to the dividend payout and can also attend the AGM.
Furthermore, today is also the last day to grab the dividend of
Mahalaxmi Bikas Bank Limited (MLBL).
The company has called its 19th AGM on Chaitra 13, 2077. Among other proposals, the AGM will endorse the company's proposed dividend for the fiscal year 2076/77: 8.80% bonus shares and 0.46% cash dividend (for taxation purposes).
The book closure date is declared tomorrow, i.e. Chaitra 03. Thus, investors maintained till today are entitled to the dividend payout and can also attend the AGM.",0.9243428707122803
2021-03-15,Mahalaxmi Bikas Bank provides Mahalaxmi Literature prize 2077 to Dr. Navraj Lamsal; also felicitates his literary talent with cash prize of 51K,https://www.sharesansar.com/newsdetail/mahalaxmi-bikas-bank-provides-mahalaxmi-literature-prize-2077-to-dr-navraj-lamsal-also-felicitates-his-literary-talent-with-cash-prize-of-51k-2021-03-15,"Mahalaxmi Bikas Bank has handed over its annual Mahalaxmi Literature Award to Dr. Navraj Lamsal on Chaitra 29, 2077.
Deputy CEO of the bank Mr. Jalaj Kumar Adhikari handed over the cash prize worth Rs 51 thousand along with the prize to Dr. Lamsal amid a program, as per the media statement.",0.7278212308883667
2021-03-07,NRB approves 9.46% dividend of Mahalaxmi Bikas Bank; to distribute dividend after getting approved from upcoming AGM,https://www.sharesansar.com/newsdetail/nrb-approves-946-dividend-of-mahalaxmi-bikas-bank-to-distribute-dividend-after-getting-approved-from-upcoming-agm-2021-03-07,"Mahalaxmi Bikas Bank, through its 478
th
board meeting held on Falgun 2077, has decided to provide 8.80% bonus shares and 0.46% cash dividend for taxation purposes.
The bank will organize a virtual AGM on Chaitra 13, 2077 following which the dividend will be distributed, as per the media statement.
The bank currently has 103 branches and 34 ATM outlets in its network serving more than 5 lakh customers.",0.8126984238624573
2021-03-05,Mahalaxmi Bikas Bank provides school uniforms to 270 students of Shree Durga Ma.Vi in Rupandehi,https://www.sharesansar.com/newsdetail/mahalaxmi-bikas-bank-provides-school-uniforms-to-270-students-of-shree-durga-mavi-in-rupandehi-2021-03-05,"Mahalaxmi Bikas Bank, under its CSR initiative, has handed over clothing support to 270 students of Shree Durga Ma.Vi. located at Siddharthanagar Nagarpalika-4 Dogahara of Rupandehi district on Falgun 17, 2077.
The support items were handed over by ward chair Mr. Mukti Yadav and BoD of the bank Mr. Rahul Yadav amid a program.",0.4378087818622589
2021-02-19,Mahalaxmi Bikas Bank provides financial support of Rs 5 lakh to Bal Sarathi children home of Jayabageswori; makes contribution towards ongoing construction of school building,https://www.sharesansar.com/newsdetail/mahalaxmi-bikas-bank-provides-financial-support-of-rs-5-lakh-to-bal-sarathi-children-home-of-jayabageswori-makes-contribution-towards-ongoing-construction-of-school-building-2021-02-19,"Mahalaxmi Bikas Bank, under its CSR initiative, has provided financial support of Rs 5 lakh to a children home “Bal Sarathi” located in Kathmandu-8 Jayabageswori with an aim to support the ongoing construction of the school building.
The support amount was handed over by Marketing head of the bank Mr. Dipanjali Khakurel to chairman of Balsarathi Ms. Asmita Sumargi amid a program on Falgun 6, 2077.
The development bank currently provides its services via its 103 branches, as per the media statement.",0.08884954452514648
2021-02-15,Mahalaxmi Bikas Bank promotes Mr. Dipesh Lamsal as Senior Deputy CEO; also hands over the responsibility of Acting CEO,https://www.sharesansar.com/newsdetail/mahalaxmi-bikas-bank-promotes-mr-dipesh-lamsal-as-senior-deputy-ceo-also-hands-over-the-responsibility-of-acting-ceo-2021-02-15,"Mahalaxmi Bikas Bank, through its 475
th
board meet held on Magh 29, 2077, has promoted Mr. Dipesh Lamsal to the position of Senior DY. CEO and also handed over the responsibility of Acting CEO.
Mr. Lamsal has worked with different commercial and development banks for the last twenty-five years, as per the media statement.",0.7439647316932678
2021-02-08,Summarized in 5 Minutes: Performance of Development Banks in Second Quarter; A Look at Major Metrics,https://www.sharesansar.com/newsdetail/development-bank-comparative-q2-77-78-2021-02-07,"There is no doubt that the whole world has faced a serious economic downturn in global pandemic. In Nepal most of the industries have been seriously hit because of the lockdown as they were closed for more than 3 months. Financial Institutions is no exception in this difficult time as the economic activities were halted for extended period of time. Due to the monetary policy lowering the interest rate bar for financial institutions, their interest income declined leading to lower profitability. However, some financial institutions have somehow managed to improve the profitability in this time.
There are different classes of banks in Nepal. However, we will be analyzing the financial performance of “B” class financial institution; Development Banks in this article. There are currently 18 listed development banks in NEPSE out of which only 16 development bank data is presented here. So, let’s dissect the performance of B-class financial institution.
(NOTE:
Sahara Bikas Bank Limited (SHBL)
and
Tinau Mission Development Bank Limited (TMDBL)
have not published their Q2 report yet because they are in merger process which is why they are not mentioned in this current article)
Net Profit:
As per the quarterly report,
Muktinath Bikas Bank Limited (MNBBL)
has reported the highest net profit for the period amounting to Rs. 61.55 crores.
Garima Bikas Bank Limited (GBBL)
comes at the second place in terms of profit which amounts to Rs. 39.35 crores. Third position is secured by
Kamana Sewa
Bikas Bank Limited (KSBBL)
39.00 crores.
Out of 16 banks, 1 bank reported negative net profit whereas 6 banks reported decline in net profit compared to corresponding quarter of previous year.
Distributable profit:
When we observe the distributable profit,
Muktinath Bikas Bank Limited (MNBBL)
topped the list with Rs. 52.55 crores of profit.
Kamana Sewa Bikas Bank Limited (KSBBL)
has secured the second position with Rs. 27.19 crores as distributable profit. The third position is secured by
Garima Bikas Bank Limited (GBBL)
with a distributable profit of Rs. 25.23 crores.
Out of 16 Development Banks, 10 banks has reported their net profit below industry average.
Paid-Up Capital:
Muktinath Bikas Bank Limited (MNBBL)
has the highest paid-up capital amounting to Rs. 4.81 Arba among all the development banks.
Jyoti Bikas Bank Limited (JBBL)
has second highest paid-up capital amounting to Rs. 3.49 Arba.
Reserve and Surplus:
Reserve is the amount which is retained by the company from its profits to promote future growth.
Mahalaxmi Bikas Bank Limited (MLBL)
has reported the highest reserve and surplus which amounts to Rs. 2.10 Arba. MLBL is followed by
Lumbini
Bikas Bank Limited (LBBL)
with a reserve of Rs. 1.86 Arba.
Garima
Bikas Bank Limited (GBBL)
has secured third position with a reserve of 1.55 Arba.
Out of all the development banks, 9 banks have reported below industry average reserve amount.
Deposit from customers:
During the pandemic, people did not have much expenses to bear which increased their disposable income. Those income were directly, deposited into the bank which has led to increased liquidity.
In this B-class institution,
Muktinath Bikas Bank Limited (MNBBL)
has topped the list with a total deposit of Rs. 74.87 Arba. This list is followed by
Garima Bikas Bank Limited (GBBL)
with a total deposit of Rs. 53.05 Arba.
Jyoti Bikas Bank Limietd (JBBL)
has secured third position with a total deposit of Rs. 44.75 Arba.
The overall development bank has collected a total deposit of Rs. 3.76 Kharba.
Loans and Advances:
Till Q2 2077/2078, total loans and advances of development banks stood at Rs. 3.00 Kharba. The average loan stood at Rs. 20.04 Arba.
Muktinath Bikas Bank Limited (MNBBL)
has the disbursed the highest amount of loans which amounts to Rs. 58.27 Arba. Following the list,
Garima Bikas Bank Limited (GBBL)
has disbursed a total loan of Rs. 44.16 Arba.
Jyoti Bikas Bank Limited (JBBL)
has disbursed a loan of Rs. 34.49 Arba which puts it in the third place.
Net Interest Income:
Net Interest Income is the core business revenue which is calculated by subtracting the cost related to the deposits from the income from loans and advances.
In terms of Net interest income,
Muktinath Bikas Bank Limited (MNBBL)
tops the list with a total of Rs. 1.16 Arba.
Mahalaxmi Bikas Bank Limited (MLBL)
has the second highest net interest income amounting to Rs. 84.84 crores. MLBL is followed by
Garima Bikas Bank Limited (KSBBL)
which has reported a net interest income of Rs. 84.26 crores.
Out of 16 banks, 8 banks have reported above industry average net interest income.
Total Comprehensive Income:
In terms of total comprehensive income,
Muktinath Bikas Bank Limited (MNBBL)
reported the highest total comprehensive income which amounts to Rs. 64.28 crores. MNBBL is followed by
Garima
Bikas Bank Limited (GBBL)
with a total comprehensive income of Rs. 44.88 crores.
Kamana Sewa
Bikas Bank Limited (KSBBL)
has reported the third highest total income which amounts to Rs. 39.42 crores.
Key Ratios:
Annualized Earnings per share:
Kamana Sewa Bikas Bank Limited (KSBBL)
topped he list in terms of EPS amounting to Rs. 30.71 per share.
Muktinath Bikas
Bank Limited (MNBBL)
has the second highest EPS with Rs. 25.59 per share. Similarly,
Excel Development Bank Limited (EDBL)
stands at the third position with an EPS of Rs. 24.49 per share.
Out of 16 commercial bank, 9 banks have reported above industry average EPS.
Net worth per share:
The highest net worth per share is reported by
Mahalaxmi Bikas Bank Limited (MLBL)
with Rs. 168.37 per share. This is followed by
Lumbini Bikas Bank Limited (LBBL)
with net worth per share of Rs. 164.01 per share. Likewise,
Corporate Development Bank Limited (CORBL)
reported net worth of Rs. 153.87 per share making it the third highest.
The average net worth per share comes at Rs. 135.20 per share when we factor in all the net worth per share of al the banks.
Price to Earnings per share (Quarter End):
P/E ratio tells investors what they are paying for each Rupee of earnings of the firm. The lower the ratio, the better the deal.
In terms of P/E ratio,
Kamana Sewa Bikas Bank Limited (KSBBL)
has the lowest P/E ratio of 7.98 times. This means that you are paying Rs. 7 for every Rupee of earning of Kamana Sewa Bikas Bank Limited.
Mahalaxmi Bikas Bank Limited (MLBL)
reported a P/E of 12.13 times which could be the second-best deal. This is followed by
Jyoti Bikas
Bank Limited (JBBL)
with a P/E of 12.81 times.
The average P/E of the industry is 28.40 times. Out of 16 banks, 12 banks have a below industry average P/E which could possibly indicate that those banks are relatively cheaper than their competitors.
However, one should always check the fundamentals of the company and if they found the bad fundamentals then there is a reason for lower valuation.
(Investors are requested to factor in the current market price while calculating the PE ratio)
Non-Performing Loan:
Non-performing loan indicates the risk of credit the bank provided to their clients. Higher NPL indicates that the bank might be at risk.
In terms of NPL,
Muktinath Bikas Bank Limited (MNBBL)
has the lowest ratio with NPL of 0.30%. This is followed by
Miteri Development Bank Limited (MDB)
with NPL of 0.48%.
Jyoti Bikas Bank Limited (JBBL)
has the third lowest NPL of 0.68%.
Out of 16 banks, 15 banks have reported below industry average NPL for this quarter. However, this is mainly because NABBC alone has massive NPL which led to increase in average number. One should calculate industry average in terms of thier own analysis model.
NOTE: Investors should always look at the trend of NPL rather than just one quarter figure. Increasing NPL suggests that the banks are losing focus on loan underwriting.
Capital Adequacy Ratio:
In terms of Capital Adequacy ratio (CAR),
Corporate Development Bank Limited (CORBL)
has the highest CAR of 84.45%. This is followed by
Green Development Bank Limited (GRDBL)
with CAR of 36.51%.
Finally, the table below shows provides a full picture with major indicators of 17 development banks as of the fist quarter of FY 2077-2078.",0.0306018628180027
2021-02-03,Mahalaxmi Bikas Bank (MLBL) Proposes 9.26% Dividend for FY 2076/77; How Much in Bonus Shares and Cash?,https://www.sharesansar.com/newsdetail/mahalaxmi-bikas-bank-mlbl-proposes-926-dividend-for-fy-207677-how-much-in-bonus-shares-and-cash-2021-02-03,"Mahalaxmi Bikas Bank Limited (MLBL)
has proposed the dividend for the fiscal year 2076/77.
The meeting of the board of directors held on Magh 20 has proposed a 9.26% dividend from the paid-up capital maintained as of Ashad's end, 2077. The paid-up capital as of Ashad's end, 2077 was Rs. 3,07,20,61,328. The company has proposed 9% bonus shares and a 0.26% cash dividend for tax purposes.
Note that the dividend will only be distributed after approval by Nepal Rastra Bank and endorsement by the company's upcoming 19th AGM.
As of writing, the LTP of the company stands at Rs. 288.
Dividend History",0.9134026765823364
2021-01-31,Mahalaxmi Bikas Bank felicitates recent Mt. K2 summiteers from Nepal; provides cash reward to mountaineers for creating history for Nepal and Nepalese,https://www.sharesansar.com/newsdetail/mahalaxmi-bikas-bank-felicitates-recent-mt-k2-summiteers-from-nepal-provides-cash-reward-to-mountaineers-for-creating-history-for-nepal-and-nepalese-2021-01-31,"Mahalaxmi Bikas Bank has felicitated Nepalese mountaineers team who recently scaled Mt. K2 of Pakistan, which is the second highest peak in the world and known as the killer peak.
The team of Nepalese mountaineers successfully scaled up the summit on Magh 3, 2077 thereby setting up the world record of achieving this feat during winter for the very first time.
Chairman of the bank Mr. Rajesh Upadhya has provided a cash reward of Rs 5 lakh to the Mt. K2 mountaineering team for hoisting the national flag of Nepal at the Mt. K2’s summit thereby creating the history for Nepal and Nepalese, as per the media statement.",-0.17070457339286804
2021-01-28,Despite decline in business volume Mahalaxmi Bikas Bank reported increment in major profitabilty indicators in Q2; Look at the major highlights,https://www.sharesansar.com/newsdetail/despite-decline-in-business-volume-mahalaxmi-bikas-bank-reported-increment-in-major-profitabilty-indicators-in-q2-look-at-the-major-highlights-2021-01-28,"Mahalaxmi Bikas Bank Limited (MLBL)
's net profit increased by 13.70% in the second quarter of the fiscal year 2077/2078. The profit increased to Rs. 34.68 crores in this quarter from Rs. 30.50 crores in the corresponding quarter of previous year.
Its net interest income increased to Rs. 84.84 Crores till Q2 from Rs. 80.00 Crores in the corresponding quarter previous year. The bank has collected deposits of Rs. 36.43 Arba while it has mobilized loans and advances of Rs. 28.89 Arba till Q2.
Mahalaxmi Bikas Bank has a paid-up capital of Rs. 3.07 Arba and reserve of Rs. 2.10 Arba.
Its non-performing loan (NPL) stood at 4.79% in Q2 2077/2078.
The Earnings per Share (annualized) increased to Rs. 22.58 and net worth per share stands at Rs. 168.37. Its P/E ratio stands at 12.13 times.
Click here for Q2 report
Major Highlights:
Particulars
Mahalaxmi Bikas Bank Limited
Q2, 2077/2078
Q2, 2076/2077
Difference
Paid-Up Capital
3,072,061.33
3,072,061.33
-
Reserve & Surplus
2,100,389.21
1,744,331.53
20.41%
Deposit from Customers
36,430,436.54
36,977,169.03
-1.48%
Loans & Advances
28,892,688.30
29,492,133.95
-2.03%
Net Interest Income
848,441.92
800,041.26
6.05%
Impairment Charge/(Reversal) for loans
128,156.11
60,833.56
-
Operating Profit
481,369.70
427,084.95
12.71%
Net Profit
346,874.25
305,079.45
13.70%
Capital Adequacy (%)
14.34%
12.54%
-
NPL (%)
4.79%
2.76%
-
Cost of fund (%)
6.01%
8.44%
-
EPS (Rs.)
22.58
19.86
-
Net worth per share (Rs.)
168.37
156.78
-
Qtr end PE ratio (Times)
12.13
-
-
Qtr End Market Price
274
-
-",0.49450454115867615
2021-01-19,Mahalaxmi Bikas Bank (MLBL) to Convert Promoter Shares; What Will Be the New Shareholding Ratio?,https://www.sharesansar.com/newsdetail/mahalaxmi-bikas-bank-mlbl-to-convert-promoter-shares-what-will-be-the-new-shareholding-ratio-2021-01-19,"Mahalaxmi Bikas Bank Limited (MLBL)
has decided to convert a portion of its promoter shares.
The promoter: public shareholding ratio maintained as of now is 52.49: 47.51. The development bank has now decided to convert a portion of the promoter shares and convert the shareholding ratio to 51: 49. This was decided by the meeting of the board of directors held on Poush 15 earlier this year.
Promoters unwilling to convert the portion of their promoter shares can submit a self-declaration demanding to not have their shares converted. If such a declaration isn't received within 35 days from the date of this notice, it will be understood that the promoter has no objection to the company's decision.
The self-declaration demanding non-conversion can be submitted to the company's central office in Durbarmarg, Kathmandu.",0.9128516912460327
2020-12-27,Mahalaxmi Bikas Bank reassures to bring all culprits of its recent Kumaripati branch Gold loan scam into legal net; urges media outlets not to cover unverified news and influence ongoing CIB investigation,https://www.sharesansar.com/newsdetail/mahalaxmi-bikas-bank-reassures-to-bring-all-culprits-of-its-recent-kumaripati-branch-gold-loan-scam-into-legal-net-urges-media-outlets-not-to-cover-unverified-news-and-influence-ongoing-cib-investigation-2020-12-27,"Mahalaxmi Bikash Bank has issued a media statement to update on the issue of recently reported gold loan fraud that reportedly took place under the collusion between its former gold tester at Kumaripati branch and the borrowers with criminal intent.
The development bank has urged the media publications not to indulge in propaganda based news coverage about the issue which could hamper the ongoing investigation, has assured all the related parties that the bank is mindful to protect all its depositors, and claims that justice would be served.
The bank has informed that it has already reached out to the Nepal Police and Central Investigation Beuro for the timely and judicious investigation of the crime and to compensate its lost asset from the culprits, as stated in the media statement.",0.46898186206817627
2020-12-17,Mahalaxmi Bikas Bank slashes interest rate for 1250 borrowers to 5%; aims to provide some respite to MSME sector hit hard by economic crises after COVID infection,https://www.sharesansar.com/newsdetail/mahalaxmi-bikas-bank-slashes-interest-rate-for-1250-borrowers-to-5-aims-to-provide-some-respite-to-msme-sector-hit-hard-by-economic-crises-after-covid-infection-2020-12-17,"Mahalaxmi Bikash Bank, under its commitment towards micro, small, and cottage industries, has slashed the interest rate of 1250 MSME borrowers to 5% so as to provide them some relief amid the economic crises brought around by COVID.
The development bank currently provides is services to its more than 5 lakh customers from its 103 branches, as per the media statement.",-0.08247536420822144
2020-12-13,Mahalaxmi Bikash Bank launches Corporate Pay Service; more corporate customers can now make digital payment and transactions conveniently right from their comfort zone,https://www.sharesansar.com/newsdetail/mahalaxmi-bikash-bank-launches-corporate-pay-service-more-corporate-customers-can-now-make-digital-payment-and-transactions-conveniently-right-from-their-comfort-zone-2020-12-13,"Mahalaxmi Bikash Bank has launched a Corporate Pay service for its corporate customers under which they can make a convenient digital transaction from their corporate accounts.
The agreement regarding the same was signed between Acting CEO of the bank Mr. Sagar Sharma and CEO of Nepal Clearing House Mr. Nilesh Man Singh Pradhan amid a program.
After the corporate customers get linked to this service, they will be able to transfer funds, make payments for different fees and government taxes without visiting the bank branch, as per the media statement.",0.22442230582237244
2020-12-03,Mahalaxmi Bikash Bank Launches Visa Contactless card; customers can now make payment without any physical contacts,https://www.sharesansar.com/newsdetail/mahalaxmi-bikash-bank-launches-visa-contactless-card-customers-can-now-make-payment-without-any-physical-contacts-2020-12-03,"Mahalaxmi Bikash Bank has launched Contactless (NFC – Near Field Communication) based payment.
Contactless is ""Tap and Pay"" – a very convenient way of payment, as the customer can use their card in a contactless-enabled POS terminal without inserting cards.
The bank currently serves its 5 lakh plus customers from its 103 branches spread all across the nation.",0.7153180241584778
2020-11-23,How did Development Banks perform in the first quarter amidst the pandemic? Which companies fared the best?,https://www.sharesansar.com/newsdetail/development-bank-q1-comparative-2020-11-23,"There is no doubt that the whole world has faced a serious economic downturn in a global pandemic. In Nepal, most of the industries have been seriously hit because of the lockdown as they were closed for more than 3 months. Financial Institutions are no exception in this difficult time as the economic activities were halted for an extended period of time. From the last quarter, we have seen the banks allocating the increased amounts of gross profits in provisions to make sure the bank won’t have to face serious problems if the loans are not cleared by their clients.
There are different classes of banks in Nepal. However, we will be analyzing the financial performance of “B” class financial institution; Development Bank in this article. There are currently 17 development banks to date. So, let’s dissect the performance of B-class financial institutions.
Net Profit:
As per the quarterly report,
Muktinath Bikas Bank Limited (MNBBL)
has reported the highest net profit for the period amounting to Rs. 29.41 crores.
Kamana Sewa Bikas Bank Limited (KSBBL)
comes in second place in terms of profit which amounts to Rs. 20.01 crores. The third position is secured by
Mahalaxmi Bikas Bank Limited (MLBL)
15.97 crores. 6
Out of 17 banks, 3 banks reported negative net profit whereas 6 banks reported a decline in net profit.
Distributable profit:
When we observe the distributable profit,
Muktinath Bikas Bank Limited (MNBBL)
topped the list with Rs. 15.21 crores of profit.
Kamana Sewa Bikas Bank Limited (KSBBL)
has secured the second position with Rs. 7.43 crores as distributable profit. The third position is secured by Jyoti Bikas Bank Limited (JBBL) with a distributable profit of Rs. 4.35 crores.
We can see that the banks have set aside most of their profits to reinvest rather than distribute dividends which are one way to promote growth in the future.
Out of 17 Development Banks, 5 banks have reported negative distributable profit.
Paid-Up Capital:
Muktinath Bikas Bank Limited (MNBBL)
has the highest paid-up capital amounting to Rs. 4.32 Arba among all the development banks.
Jyoti Bikas Bank Limited (JBBL)
has the second-highest paid-up capital amounting to Rs. 3.49 Arba.
Reserve and Surplus:
Reserve is the amount that is retained by the company from its profits to promote future growth.
Mahalaxmi Bikas Bank Limited (MLBL)
has reported the highest reserve and surplus which amounts to Rs. 1.91 Arba. MLBL is followed by
Muktinath Bikas Bank Limited (MNBBL)
with a reserve of Rs. 1.76 Arba.
Lumbini Bikas Bank Limited (LBBL)
has secured the third position with a reserve of 1.65 Arba.
Out of all the development banks, 10 banks have reported below industry average reserve amount.
Deposit from customers:
In this B-class institution,
Muktinath Bikas Bank Limited (MNBBL)
has topped the list with a total deposit of Rs. 63.84 Arba. This list is followed by
Garima Bikas Bank Limited (GBBL)
with a total deposit of Rs. 48.62 Arba.
Jyoti Bikas Bank Limited (JBBL)
has secured the third position with a total deposit of Rs. 40.41 Arba.
The overall development bank has collected a total deposit of Rs. 3.63 Kharba.
Loans and Advances:
Till Q1 2077/2078, total loans and advances of development banks stood at Rs. 2.91 Kharba. The average loan stood at Rs. 17.13 Arba.
Muktinath Bikas Bank Limited (MNBBL)
has disbursed the highest amount of loans which amounts to Rs. 51.99 Arba. Following the list,
Garima Bikas Bank Limited (GBBL)
has disbursed a total loan of Rs. 38.76 Arba.
Jyoti Bikas Bank Limited (JBBL)
has disbursed a loan of Rs. 31.29 Arba which puts it in third place.
Net Interest Income:
Net Interest Income is the core business revenue which is calculated by subtracting the cost related to the deposits from the income from loans and advances.
In terms of Net interest income,
Muktinath Bikas Bank Limited (MNBBL)
tops the list with a total of Rs. 59.06 crores.
Mahalaxmi Bikas Bank Limited (MLBL)
has the second-highest net interest income amounting to Rs. 42.57 crores. MLBL is followed by Kamana Sewa Bikas Bank Limited (KSBBL) which has reported a net interest income of Rs. 38.15 crores.
Out of 17 banks, 8 banks have reported above industry average net interest income.
Total Comprehensive Income:
In terms of total comprehensive income,
Muktinath Bikas Bank Limited (MNBBL)
reported the highest total comprehensive income which amounts to Rs. 21.98 crores. MNBBL is followed by
Kamana Sewa Bikas Bank Limited (KSBBL)
with a total comprehensive income of Rs. 21.76 crores.
Mahalaxmi Bikas Bank Limited (MLBL)
has reported the third-highest total income which amounts to Rs. 15.97 crores.
Key Ratios:
Annualized Earnings per share:
Kamana Sewa Bikas Bank Limited (KSBBL)
topped the list in terms of EPS amounting to Rs. 31.51 per share.
Excel Development Bank Limited (EDBL)
has the second-highest EPS with Rs. 27.83 per share. Similarly,
Muktinath Bikas Bank Limited (MNBBL)
stands at the third position with an EPS of Rs. 27.21 per share.
Out of 17 commercial banks, 3 banks have reported negative EPS and 9 banks have reported above industry average EPS.
Net worth per share:
The highest net worth per share is reported by
Mahalaxmi Bikas Bank Limited (MLBL)
with Rs. 162.28 per share. This is followed by
Lumbini Bikas Bank Limited (LBBL)
with a net worth per share of Rs. 160.98 per share. Likewise,
Sahara Bikas Bank Limited (SHBL)
reported a net worth of Rs. 155.48 per share making it the third-highest.
The average net worth per share comes at Rs. 133.46 when we factor in all the net worth per share of all the banks.
Price to Earnings per share:
P/E ratio tells investors what they are paying for each Rupee of earnings of the firm. The lower the ratio, the better the deal.
In terms of the P/E ratio,
Kamana Sewa Bikas Bank Limited (KSBBL)
has the lowest P/E ratio of 7.08 times. This means that you are paying Rs. 7 for every Rupee of earning of Kamana Sewa Bikas Bank Limited.
Mahalaxmi Bikas Bank Limited (MLBL)
reported a P/E of 10.86 times which could be the second-best deal. This is followed by
Excel Development Bank Limited (EDBL)
with a P/E of 11.07 times.
The average P/E of the industry is 22.60 times. Out of 17 banks, 8 banks have a below industry average P/E which could possibly indicate that those banks are relatively cheaper than their competitors.
However, one should always check the fundamentals of the company and if they found the bad fundamentals then there is a reason for the lower valuation.
Non-Performing Loan:
A non-performing loan indicates the risk of credit the bank provided to their clients. Higher NPL indicates that the bank might be at risk.
In terms of NPL,
Muktinath Bikas Bank Limited (MNBBL)
has the lowest ratio with an NPL of 0.12%. This is followed by
Miteri Development Bank Limited (MDB)
with an NPL of 0.22%.
Jyoti Bikas Bank Limited (JBBL)
has the third-lowest NPL of 0.65%.
Out of 17 banks, 7 banks have reported below industry average NPL for this quarter.
NOTE: Investors should always look at the trend of NPL rather than just a one-quarter figure. Increasing NPL suggests that the banks are losing focus on loan underwriting.
Capital Adequacy Ratio:
In terms of Capital Adequacy ratio (CAR),
Corporate Development Bank Limited (CORBL)
has the highest CAR of 55.48%. This is followed by
Green Development Bank Limited (GRDBL)
with CAR of 37.94%.
Finally, the table below shows provides a full picture with major indicators of 17 development banks as of the first quarter of FY 2077-2078.
Wrapping Up
Pertaining to difficult times, development banks certainly faced a lot of challenges to smoothen operations and remain profitable. Nevertheless, looking at the financials, the downfalls have been minimal than anticipated.
The medical community worldwide is hopeful of eradicating (or at least confining) the Covid-19 pandemic, thanks to increasing success in vaccine trials. With this, the world economy may not go as bad as it already did. If Nepal follows suit, things are bright for the overall economy.",0.12333802878856659
2020-11-19,Mahalaxmi Bikash Bank reconstructs and hands over Mahalaxmi Swastik Garden to locals; aims to preserve aesthetic of temple and maintain its greenery,https://www.sharesansar.com/newsdetail/mahalaxmi-bikash-bank-reconstructs-and-hands-over-mahalaxmi-swastik-garden-to-locals-aims-to-preserve-aesthetic-of-temple-and-maintain-its-greenery-2020-11-19,"Mahalaxmi Bikash Bank, under its CSR initiative, has reconstructed and handed over Mahalaxmi Swastik Garden to the management committee of the garden located at Lalitpur-5 Mahalaxmisthan. The event was organized on Kartik 29, 2077 in an auspicious occasion of Laxmi Puja.
The reconstructed garden was handed over by Lalitpur Mayor Mr. Chiribabu Maharjan to the head of garden management committee Mr. Aatma Ram Koirala amid a program which was also attended by bank’s chair Mr. Rajesh Upadhya, as per the media statement.",0.7560031414031982
2020-11-13,Mahalaxmi Bikas Bank reports increase in Net Profit by 49.50% in Q1; Annualized EPS stands at Rs. 20.80,https://www.sharesansar.com/newsdetail/mahalaxmi-bikas-bank-reports-increase-in-net-profit-in-q1-annualized-eps-at-rs-2080-2020-11-13,"Mahalaxmi Bikas Bank Limited (MLBL)
has posted an increase in net profit of 49.50% in the first quarter of the fiscal year 2077/78. The net profit rose to Rs. 15.97 crores from Rs. 10.68 crores of the corresponding quarter of the previous year.
The loans and advances for the quarter stood at Rs. 28.80 Arba from Rs. 29.49 Arba of the corresponding quarter of the previous year. The deposit decreased to Rs. 35.34 Arba in this quarter.
As per the quarterly report published today,
the distributable profit of the company is Rs. (9.91) crores after regulatory requirements.
The Net Interest income (Core business revenue) for the company increased by 5.90% to Rs. 42.57 crores. The operating profit for the company increased by 51.80% which is mainly due to lower impairments in the quarter.
Lumbini has a paid-up capital of Rs. 3.07 Arba and reserve of Rs. 1.91 Arba.
Its Non-Performing loan (NPL) stood at 2.36% in this quarter. Its annualized Earnings per Share stands at Rs. 20.80 and net worth per share stands at Rs. 162.28. The company traded at a P/B multiple of 1.39 times.
Click here for the Q1 report
Financial Highlights:
Particulars
Mahalaxmi Bikas Bank Limited
Q1, 2077/2078
Q1, 2076/2077
Difference
Paid-Up Capital
3,072,061.33
3,072,061.33
-
Share Premium
0.00
0.00
-
Retained Earnings
231,548.84
204,605.41
-
Reserves
1,681,707.93
1,539,726.11
9.22%
Deposits from Customers
35,342,255.05
36,977,169.03
-4.42%
Loans & Advances to Customers
28,802,262.13
29,492,133.95
-2.34%
Net Interest Income
425,774.69
402,050.56
5.90%
Fee and Commission Income
38,300.05
47,669.91
-19.66%
Impairment Charge/ (Reversal)
25,949.03
79,803.50
-
Personnel Expenses
160,452.27
155,728.74
3.03%
Operating Profit
228,258.39
150,372.12
51.80%
Non-Operating Income
0.00
2,320.50
-
Profit/ (Loss) for the period
159,780.87
106,876.47
49.50%
Distributable Profit/(Loss) after P/L appropriation and Regulatory Adjustments
-99,195.86
-
-
Capital Adequacy Ratio (CAR) (%)
13.51%
14.81%
-
Non-Performing Loan (NPL)
2.36%
2.85%
-
CCD (as per NRB Directive)
74.74%
75.15%
-
Cost of Fund (%)
6.45%
8.44%
-
Base Rate (%)
8.94%
11.47%
-
Annualized EPS (Rs.)
20.80
13.92
49.50%
Net Worth per share (Rs.)
162.28
156.78
3.51%
Qtr End PE Ratio (Rs.)
10.86
-
-
Qtr End Market Price
226
-
-
Price to Book (PB Ratio)
1.39
-
-",0.6231943368911743
2020-11-10,Mahalaxmi Bikas Bank signs MoU with SRL Diagnostic; bank’s customers and employees to receive 15% discount while availing lab services,https://www.sharesansar.com/newsdetail/mahalaxmi-bikas-bank-signs-mou-with-srl-diagnostic-banks-customers-and-employees-to-receive-15-discount-while-availing-lab-services-2020-11-10,"Mahalaxmi Bikas Bank has signed an MOU with SRL Diagnostic  Pvt Ltd to provide 15% discount in Pathology services.
The benefits can be availed by customers and employees of the bank by using MLBL debit card, as per the media statement.
The understanding for the same was signed by Mr. Pallab Shrestha, Maharajgunj BM of the bank and Mr. Ajay Yadav, DY marketing head, SRl Diagnostic Pvt Ltd.
The bank currently serves its customers via its 102 branches in its network.",-0.23019784688949585
2020-10-14,Mahalaxmi Bikash Bank to provide additional Interest Rebate as festival offer; borrowers to receive a 10% rebate in total interest amount for the month of Ashoj,https://www.sharesansar.com/newsdetail/mahalaxmi-bikash-bank-to-provide-additional-interest-rebate-as-festival-offer-borrowers-to-receive-a-10-rebate-in-total-interest-amount-for-the-month-of-ashoj-2020-10-14,"Keeping in mind the fact that economic activities of the nation continue to be disrupted, Mahalaxmi Bikash Bank has decided to provide a rebate of 10% on the total interest rate for the month of Ashoj 2077 to all of its loan customers who clear their dues by the stipulated time.
The bank has also wished a very happy festivities to all its customers, as per the media statement.
The national-level development bank currently provides services to its 5 lakh customers via 102 branches and 34 ATM outlets",0.796729564666748
2020-09-27,Mahalaxmi Bikash Bank expands with a new branch at Golbazar of Siraha; banking access to benefit locals around the southern town of Nepal,https://www.sharesansar.com/newsdetail/mahalaxmi-bikash-bank-expands-with-a-new-branch-at-golbazar-of-siraha-banking-access-to-benefit-locals-around-the-southern-town-of-nepal-2020-09-27,"Mahalaxmi Bikash Bank has brought into operation its new branch in Golbazar Nagarpalika-4 Golbazar of Siraha district on Ashoj 9, 2077.
The development bank currently provides its service via its 103 branches to more than 5 lakh customers, as per the media statement.",-0.4236965477466583
2020-09-23,Mahalaxmi Bikash Bank to provide additional Interest Rebate; borrowers to receive a 10% rebate in total interest amount for the month of Ashoj,https://www.sharesansar.com/newsdetail/mahalaxmi-bikash-bank-to-provide-additional-interest-rebate-borrowers-to-receive-a-10-rebate-in-total-interest-amount-for-the-month-of-ashoj-2020-09-23,"Keeping in mind the fact that economic activities of the nation continue to be disrupted, Mahalaxmi Bikash Bank has decided to provide a rebate of 10% on the total interest rate for the month of Ashoj 2077 to all of its loan customers who clear their dues by the stipulated time.
The national-level development bank currently provides services to its 5 lakh customers via 102 branches and 34 ATM outlets",0.8375452756881714
2020-09-07,Mahalaxmi Bikas Bank signs MoU with Central Diagnostic Lab; bank’s customers and employees to receive up to 25% discount while availing COVID test and other lab services,https://www.sharesansar.com/newsdetail/mahalaxmi-bikas-bank-signs-mou-with-central-diagnostic-lab-banks-customers-and-employees-to-receive-up-to-25-discount-while-availing-covid-test-and-other-lab-services-2020-09-07,"Mahalaxmi Bikas Bank has signed an MOU with Central Diagnostic  Lab Pvt Ltd to provide up to 25% discount in Pathology services including COVID test services.
The benefits can be availed by customers by using MLBL debit cards and mobile banking services, by the employees and their families. Customers will receive a 15% discount for the COVID test and a 25% discount for general pathology services, as per the media statement.
The understanding for the same was signed by Mr. Sagar Sharma, Acting CEO of the bank, and Mr. Umesh Prashad  Gupta, CEO, Central Diagnostic Lab Pvt Ltd.
The bank currently serves its customers via its 102 branches in its network.",0.2550659477710724
2020-09-03,"Mahalaxmi Bikas Bank to facilitate for quality health services at Doctor on Call; bank’s card users, employees and board members also to receive upto 30% discount",https://www.sharesansar.com/newsdetail/mahalaxmi-bikas-bank-to-facilitate-for-quality-health-services-at-doctor-on-call-banks-card-users-employees-and-board-members-also-to-receive-upto-30-discount-2020-09-03,"Mahalaxmi Bikas Bank has inked an understanding of cooperation with Doctors on Call to provide up to 30% discount while availing quality health services by its customers.
The agreement for the same was signed between BM of Kumaripati branch of the bank Mr. Anish Singh Sijapati and MD of the company Dr. Suman Neupane amid a program on Bhadra 14, 2077.
Under the agreement, Debit card users, employees, and board members of the bank will now receive a 15% to 30% discount while availing all sorts of health services from Doctor on Call, as per the media statement.
The development bank currently has 102 branches under its network.",-0.5144844055175781
2020-08-24,Look at comparison of major indicators of development banks based on fourth quarter report; Muktinath Bikas Bank maintains lead on majority of indicators,https://www.sharesansar.com/newsdetail/look-at-comparison-of-major-indicators-of-development-banks-based-on-fourth-quarter-report-muktinath-bikas-bank-maintains-lead-on-majority-of-indicators-2020-08-24,,0.760877251625061
2020-07-26,Mahalaxmi Bikash Bank brings SME and housing loan in 9.99% interest; 100% of cost to be available as housing loan for 30 years,https://www.sharesansar.com/newsdetail/mahalaxmi-bikash-bank-brings-sme-and-housing-loan-in-999-interest-100-of-cost-to-be-available-as-housing-loan-for-30-years,"Mahalaxmi Bikash Bank has launched its new SME and housing loan schemes with just 9.99% interest targeting the small and medium businesses that are mulling to set up new business or to expand their existing one and who are targeting to construct or purchase a new house.
In housing loan scheme, the bank will provide a loan of 100% of the cost for maximum of 30 years, will provide free accidental insurance, as per the media statement.
The bank provides its services to its 5 lakh plus customers from its 102 branches, as per the media statement.",0.8328936696052551
2020-07-21,Mahalaxmi Bikas Bank welcomes new CEO; elevates Mr. Sagar Sharma as Acting CEO,https://www.sharesansar.com/newsdetail/mahalaxmi-bikas-bank-welcomes-new-ceo-elevates-mr-sagar-sharma-as-acting-ceo,"Mahalaxmi Bikash Bank has elevated Mr. Sagar Sharma as its Acting CEO from his existing role of Senior DY CEO on Shrawan 2, 2077.
Acting CEO Mr. Sharma has received his oath amid a program where he expressed his commitment to work for further development of a bank, as per the media statement.",-0.6520206928253174
2020-07-03,Mahalaxmi Bikas Bank reaches out to 50 needy families in Pokhara; contributes Rs 50K in association wit Pokhara ward 9,https://www.sharesansar.com/newsdetail/mahalaxmi-bikas-bank-reaches-out-to-50-needy-families-in-pokhara-contributes-rs-50k-in-association-wit-pokhara-ward-9,"Mahalaxmi Bikas Bank has reached out to 50 needy families in Pokhara with the necessary support. The New Road branch of the bank in collaboration with Pokhara 9 has supported 50 needy families affected by the prolonged lockdown, as per the media statement.
New Road branch BM of the bank Mr. Ganesh Acharya handed over financial support of  Rs 50K to ward chair Mr.Ram Raj Lamichane for the purpose of support distribution on Asad 16, 2077, as per the media statement
The development bank currently has 102 branches under its network conducting one or other CSR related activities, as stated in the statement.",0.4901334345340729
2020-06-24,Mahalaxmi Bikas Bank makes a contribution to the construction of drinking water facilities; community schools in Hetauda and Chitwan receive financial support,https://www.sharesansar.com/newsdetail/mahalaxmi-bikas-bank-makes-a-contribution-to-the-construction-of-drinking-water-facilities-community-schools-in-hetauda-and-chitwan-receive-financial-support,"Mahalaxmi Bikas Bank,  through its Hetauda and Taadi branches, has provided financial support to the community schools for the construction of drinking water facilities in the schools.
The Hetauda branch of the bank provided the financial support of Rs 1.50 lakh to Shree Bhairab Basic School located at Hetauda -11 whereas the Taadi branch provided the support of Rs 1.65 lakh to Rastriya Ma.Vi. located in Ikshya Kamana Gaupalika-7.
Hetauda BM of the bank Mr. Shambhu Prasad Parajuli has handed over the financial support of Rs 1.50 lakh to the chairman of Rotary Club of Hetauda Mr. Indra Prashad Nepal whereas Taadi BM of the bank Mr. Shyam Babu Timalsina handed over Rs 1.65 lakh to the chairman of Rotary Club of Narayani Mr. Suresh Asesh Bhandari for the same purpose.
The development bank has its presence via 102 branches and 35 ATM booths.",0.6296238899230957
2020-06-15,Mahalaxmi Bikas Bank makes contribution for construction of female friendly washrooms; community schools in Bhairahawa and Bharatpur receive Rs 1.50 lakh,https://www.sharesansar.com/newsdetail/mahalaxmi-bikas-bank-makes-contribution-for-construction-of-female-friendly-washrooms-community-schools-in-bhairahawa-and-bharatpur-receive-rs-150-lakh,"Mahalaxmi Bikas Bank,  through its Bhairahawa and Narayangad branches, has provided financial support to the community schools for the construction of female friendly washrooms in the schools.
The Bhairahawa branch provided the financial support to Bhanu Ma.Vi. located at Siddharthanagar Nagarpalika -9 whereas the Narayangad branch provided the support to Jakhatimai Rastriya Basic School located in Bharatpur-11.
BoD of the bank Mr. Rahul Kumar Agrawal has handed over the financial support of Rs 1.5 lakh to chairman of Rotary Club of Lumbini Siddharthanagar Mr. Thakur Kumar Shrestha whereas Narayangad BM of the bank Mr. Biren Kumar Chaudhahri handed over Rs 1.5 lakh to chairman of Rotary Club of Bharatpur Mr. Suresh Sen Thakuri for the same purpose.
The development bank has its presence via 102 branches and 35 ATN boothsh.",0.7089375853538513
2020-06-02,Mahalaxmi Bikas Bank begins online account opening service; customers no longer need to take Covid risk merely for opening bank account,https://www.sharesansar.com/newsdetail/mahalaxmi-bikas-bank-begins-online-account-opening-service-customers-no-longer-need-to-take-covid-risk-merely-for-opening-bank-account,"Mahalaxmi Bikas Bank has launched a new service to facilitate online account opening for its customers during the ongoing Covid infection threat.
Customers willing to open Mahalaxmi online account with the bank can do it simply by visiting
www.mahalaxmibank.com.np
Without visiting any of the branches where the account details will be provided in the email addresses of the customers, as per the media statement.
The bank currently has 102 branches under its network.",0.7978400588035583
2020-05-19,Mahalaxmi Bikas Bank gets its 800 plus employees insured against Covid-19’s possible infection; to provide insurance fund to infected employees,https://www.sharesansar.com/newsdetail/mahalaxmi-bikas-bank-gets-its-800-plus-employees-insured-against-covid-19s-possible-infection-to-provide-insurance-fund-to-infected-employees,"Mahalaxmi Bikas Bank has got all of its employees insured with an aim to provide an insurance coverage against the ongoing threat of Covid-19.
The bank hopes to motivate its employees to discharge their duties with efficiency and fearlessness after this insurance where the infected employees would get insurance claim from the insurance company, as per the media statement.
The development bank has 102 branches, 35 ATM booths and more than 800  employees in its network.",0.4801434278488159
2020-05-18,Muktinath Bikas Bank leads among the development bank in the third quarter! Find out how development banks have performed amidst the pandemic!,https://www.sharesansar.com/newsdetail/muktinath-bikas-bank-leads-among-the-development-bank-in-the-third-quarter-find-out-how-development-banks-have-performed-amidst-the-pandemic,"Development Banks are class ‘B’ BFI’s approved by the NRB to carry out banking business around the country. These development banks are classified into national level, operating in 4-10 districts and regional level based in 1-3 districts, it is currently functioning in. As per the regulation of the NRB minimum paid up capital requirement for national level development banks is Rs.2.50 Arba while that of regional level is Rs.50 Crore. Similarly, minimum threshold for development banks operating in 4-10 districts is Rs.1.20 Arba.
As banks have been on a spree to merge and reduce the number of BFIs in the country, some commercial banks have acquired development banks while two or more development banks have merged as well. NMB Bank and Prime Commercial Bank successfully merged with Om Development Bank and Kankai Bikas Bank Limited as well as Kailash Bank Limited respectively. Similarly, Purnima Bikas Bank and Bhargava Bikas Bank merged with Shine Resunga Development Bank to upgrade to National Level Development Bank and Nepal Community Development Bank has started joint transaction after merger with Tinau Mission Bikas Bank. Gandaki Bikas Bank is on the verge to be acquired by Mega Bank Limited. Whereas, Deva Bikas Bank Limited has also signed a MoU to be acquired by Kumari Bank Limited. NMB Bank Limited is in process to acquire Kanchan Development Bank Limited. Similarly, Citizens Bank International, soon will finish acquiring Sahayogi Bikas Bank Limited.
The remaining development banks have been compared on the basis of major indicators from the third quarter report. The development banks have been segregated into two categories, national level and regional level
Note: Karnali Development Bank is yet to publish their Q3 report, hence, it is not incorporated in the analysis.
Deposits and Loans
In terms of both loans and deposits, Muktinath Bikas Bank leads the industry with both loans and deposits above Rs.45 Arba. The deposits till the end of third quarter stood at Rs.50.94 Arba while the loan worth Rs.47.57 Arba was provided. Among regional banks, Tinau Mission Development Bank stood ahead with deposits of Rs.14.81 Arba and loans of Rs.12.25 Arba.
Net Interest Income
The net interest income is the main source of income for the banks. It is calculated by deducting interest paid on deposits from interest received on borrowings. MLBL has posted the highest net interest income of Rs.1.19 Arba by the end of the third quarter. TMDBL stood ahead in among regional level development banks with Rs.48.17 Crore as net interest income. Corporate Development Bank posted the lowest net interest income in the industry at Rs.2.47 Crore.
Net Profits
MNBBL also posted the highest profit in the industry at Rs.67.60 Crore till the third quarter of FY 76/77. TMDBL has a profit of Rs 16.79 crores. The lowest profit in the industry was posted by Sahara Bikas Bank at Rs.1.30 Crore each.
EPS, Net Worth per Share and PE Ratio
The earnings per share has been annualized and PE ratio derived on the basis of annualized EPS. Among national development banks, highest EPS was posted by SHINE at Rs.22.20 followed by Lumbini Bikas Bank at Rs.21.48. Among regional banks, Sahayogi Bikas Bank has an EPS of Rs 24.14 followed by Miteri Development Bank worth Rs 23.23.
Sahayogi Vikas Bank posted the highest net worth per share at Rs.167.53 followed by Excel Development Bank at Rs.163.92. The lowest net worth per share stood at Rs.107.58 posted by Green Development Bank.
The lowest PE ratio in the industry stood at 8.16 times posted by Sahayogi Vikas Bank while the highest stood at 26.50 times posted by Sindhu Bikas Bank, both regional level development banks. The PE ratio of national level development bank varied between 8.29 times (LBBL) and 15.72 times (DBBL) by the end of the third quarter.
In a nutshell:",0.8689834475517273
2020-05-13,Mahalaxmi Bikas Bank provides loan rebate scheme for its borrowers; already transferred 10% interest rebate to respective accounts,https://www.sharesansar.com/newsdetail/mahalaxmi-bikas-bank-provides-loan-rebate-scheme-for-its-borrowers-already-transferred-10-interest-rebate-to-respective-accounts,"Mahalaxmi Bikas Bank has launched a relief package for its borrowers with a view to ease their financial burden brought about by the ongoing Covid 19 impact.
The Bank has provided a rebate of 10% on total interest payments until the interest amount of Chaitra end which has already been deposited in respective accounts, as per the media statement.
The bank currently provides its services to its strong customer base from its 102 branches, and 35 ATM terminals under its network.",-0.5629534125328064
2020-04-09,Mahalaxmi Bikas Bank commits towards national campaign to fight Coronavirus; decides to provide Rs 50 lakh to all 3 units of governments,https://www.sharesansar.com/newsdetail/mahalaxmi-bikas-bank-commits-towards-national-campaign-to-fight-coronavirus-decides-to-provide-rs-50-lakh-to-all-3-units-of-governments,"Mahalaxmi Bikas Bank, under its CSR initiative, has decided to provide Rs 12 lakh to federal government, Rs 4 lakh each to all seven provinces and remaining Rs 10 lakh to different local governments of Nepal to fight ongoing Coronavirus threat. The bank will make available the support amount via  the different Coronavirus response funds established by different tiers of governments in the nation.
The bank has also urged its customers and all Nepalese to be in home quarantine and  make use of the digital banking channel as much as possible, as per the media statement.",-0.29012587666511536
2020-04-03,Mahalaxmi Bikas Bank extends helping hands to poor families affected by Corona lockdown in Kathmandu; teams up with Nepal Police to provide food items worth Rs 4 lakh,https://www.sharesansar.com/newsdetail/mahalaxmi-bikas-bank-extends-helping-hands-to-poor-families-affected-by-corona-lockdown-in-kathmandu-teams-up-with-nepal-police-to-provide-food-items-worth-rs-4-lakh,"Mahalaxmi Bikas Bank, under its CSR initiative, has initiated to provide food items to the daily wage earners and poor families living in Kathmandu this difficult time of Corona infection. The bank has initiated the latest distribution work in an association with Nepal Police.
CEO of the bank Mr. Krishna Raj Lamichhane has handed over the support materials to DIG of Nepal Police Mr. Biswo Raj Pokhrel amid a program.",0.0566176176071167
2020-03-15,Mahalaxmi Bikas Bank provides digital information board to Metropolitan Police Crime Branch of Teku; hopes to circulate necessary message about police to general public,https://www.sharesansar.com/newsdetail/mahalaxmi-bikas-bank-provides-digital-information-board-to-metropolitan-police-crime-branch-of-teku-hopes-to-circulate-necessary-message-about-police-to-general-public,"Mahalaxmi Bikas Bank has installed an information board at Metropolitan Police Crime Division in Teku of Kathmandu on Chaitra 2, 2076.
The digital board was handed over amid a program by CEO of the bank Mr. Krishna Raj Lamichhane to SSP of the police division Mr. Sahakul Bahadur Thapa.
The bank hopes that the visitors around the police range will receive all the necessary information about the crime branch from the information board under bank’s support, as per the media statement.
The development bank currently has 102 branches under its network.",0.7705998420715332
2020-03-12,4.57 Lakh units of Mahalaxmi Bikas Bank Promoter Shares converted to ordinary shares; NEPSE publishes a notice,https://www.sharesansar.com/newsdetail/457-lakh-units-of-mahalaxmi-bikas-bank-promoter-shares-converted-to-ordinary-shares-nepse-publishes-a-notice,"Nepal Stock Exchange Limited (NEPSE) has published a notice regarding conversion of promoter shares of Mahalaxmi Bikas Bank Limited (MLBL).
As per the notice, 457,737.14 units Promoter shares of Mahalaxmi Bikas Bank Limited (MLBL) has been converted into Public Share, making the Promoter/Public share ratio of the company 52.49:47.51.
The converted shares can now be freely traded in the secondary market.",0.9084511995315552
2020-02-24,"As the market takes upward stride, where does the PE ratio of listed companies stand? Find out the latest PE ratio of all sectors and all companies",https://www.sharesansar.com/newsdetail/as-the-market-takes-upward-stride-where-does-the-pe-ratio-of-listed-companies-stand-find-out-the-latest-pe-ratio-of-all-sectors-and-all-companies-2020-02-24,"The secondary market of Nepal is striding upwards with the NEPSE index rising along with the share prices of many listed companies. This rise in prices has a significant impact on the price to earnings ratio of the companies relative to the ratio that was posted in the second quarter report of the companies.
The article below shows the PE ratio of all listed companies categorized based on the sector. The prices are taken as of Falgun 11, 2076 (Yesterday). Similarly, the annualized EPS is taken from the second-quarter report and has been adjusted for any dividend that has been declared and approved by the company.
Commercial Bank
The industry average PE ratio of commercial banks stands at 14.86 times as of yesterday. The table below shows the PE ratio of each bank individually.
Development Bank
The industry average PE ratio of the Development Bank Sector is higher than that of commercial banks at 16.80 times. The table below shows the list of development banks and their latest PE ratio:
The above table only includes 23 development banks as the majority are under the merger and acquisition process due to which their transaction has been halted in NEPSE. Likewise, KRBL is the only development bank that hasn't published its Q2 report yet.
Finance Companies
Similarly, the average PE ratio of finance companies stands at 15.96 times. Two of the companies, PROFL and SFCL, have negative EPS and therefore doesn't have PE ratio.
Likewise, four finance companies' trading has been halted in NEPSE as they are undergoing mergers and acquisitions.
Hotels
The Hotel sector reports a higher PE ratio than the above sectors. It has an industry average PE ratio of 35.81 times.
Hydropower Companies
Out of the 32 listed Hydropower Companies, 2 haven't published Q2 while the rest have. Among the 30, nine companies have failed to report net profit till the second quarter of 2076/77.
The industry average PE ratio stands at 15.36 times as shown in the table below.
Life Insurance Companies
The industry average PE ratio of life insurance companies stands at 76.04 times with average annualized EPS of Rs 13.30 only.
Among the 7 life insurance companies, LICN and NLIC have the highest price despite average EPS. This shows that the demand for shares of these companies is higher relative to others.
Manufacturing and processing companies
In the case of the manufacturing sector, the industry average may not be very accurate. BNL was last traded on Ashwin 23, 2076 and therefore has been included. Similarly, NLO and SRS haven't published their financial report in order to know about their EPS and finally, UNL is traded very infrequently. It was last traded on Falgun 06, 2076 at Rs 17,849.
The remaining three - BNT, HDL, and SHIVM - have reported an average PE ratio of 24.28 times as shown below.
Microfinance Companies
The industry average PE ratio of the microfinance sector stands at 58.41 times. It includes 38 companies, while the other 12 companies have been excluded.
The table below shows the list of companies that are undergoing mergers and acquisitions and therefore aren't being traded in NEPSE.
Non-life Insurance Companies
The fifteen listed non-life insurance companies report an industry average PE Ratio of 44.12 times. The table below shows the list of companies, their price as on Falgun 11, 2076, their adjusted annualized EPS and the PE ratio.
Others
The other sector has a total of four companies under it. Among them, NFD (Nepal Film Development) is inactive. The remaining three make up an industry average PE ratio of 30.85 times with average EPS of Rs 39.98.
Trading
In the case of the trading sector, both the companies i.e. BBC and STC haven't published their financial reports and therefore don't have the latest PE ratio.
Overall
The table below shows the industry average annualized EPS and PE ratio of all sectors. The insurance companies and microfinance companies have the highest price in comparison to the earnings.",0.2999306619167328
2020-02-16,Look at comparison of major indicators of development banks based on second quarter report; Muktinath Bikas Bank maintains lead,https://www.sharesansar.com/newsdetail/look-at-comparison-of-major-indicators-of-development-banks-based-on-second-quarter-report-muktinath-bikas-bank-maintains-lead,"Development Banks are class ‘B’ BFI’s approved by the NRB to carry out banking business around the country. These development banks are classified into national level, operating in 4-10 districts and regional level based in 1-3 districts it is currently functioning in. As per the regulation of the NRB minimum paid up capital requirement for national level development banks is Rs.2.50 Arba while that of regional level is Rs.50 Crore. Similarly, minimum threshold for development banks operating in 4-10 districts is Rs.1.20 Arba.
As banks have been on a spree to merge and reduce the number of BFIs in the country, some commercial banks have acquired development banks while two or more development banks have merged as well. NMB Bank and Prime Commercial Bank successfully merged with Om Development Bank and Kankai Bikas Bank Limited respectively. Similarly, Purnima Bikas Bank and Bhargava Bikas Bank merged with Shine Resunga Development Bank to upgrade to National Level Development Bank and Nepal Community Development Bank has started joint transaction after merger with Tinau Mission Bikas Bank. Apart from those undergoing merger, Karnali Development Bank has not published second quarter report and Sahara Bikas Bank’s report had some errors.
The remaining development banks have been compared on the basis of major indicators from the second quarter report. The development banks have been segregated into two categories, national level (red colored cells) and regional level (purple colored cells).
Deposits and Loans
In terms of both loans and deposits, Muktinath Bikas Bank leads the industry with both loans and deposits above Rs.40 Arba. The deposits till the end of second quarter stood at Rs.48.23 Arba while the loan worth Rs.45.20 Arba were provided. Among regional banks, Tinau Mission Development Bank stood ahead with deposits of Rs.14.17 Arba and loans of Rs.12.31 Arba.
Net Interest Income
The net interest income is the main source of income for the banks. It is calculated by deducting interest paid on deposits from interest received on borrowings. MNBBL has posted the highest net interest income of Rs.1.09 Arba by the end of the second quarter. TMDBL stood ahead in among regional level development banks with Rs.33.21 Crore as net interest income. Corporate Development Bank posted the lowest net interest income in the industry at Rs.1.91 Crore.
Net Profits
MNBBL also posted the highest profit in the industry at Rs.47.25 Crore till the second quarter of FY 76/77. Only seven development banks posted net profit below Rs.10 Crore. The lowest profit in the industry was posted by Green Development Bank and Sindhu Bikas Bank at Rs.1.04 Crore each.
EPS, Net Worth per Share and PE Ratio
The earnings per share has been annualized and PE ratio derived on the basis of annualized EPS. Highest EPS was posted by EDBL at Rs.29.71 followed by Miteri Development Bank at Rs.28.55. Two banks with lowest EPS in the industry were Green Development Bank and Sindhu Bikas Bank.
EDBL posted the highest net worth per share at Rs.167.68 followed by Sahayogi Bikas Bank at Rs.160.68. The lowest net worth per share stood at Rs.106.31 posted by Green Development Bank.
The lowest PE ratio in the industry stood at 8.25 times posted by Corporate Development Bank while the highest stood at 30.72 times posted by Sindhu Bikas Bank, both regional level development banks. The PE ratio of national level development bank varied between 14.10 times (MNBBL) and 9.51 times (KBBL) by the end of the second quarter.",0.8853296041488647
2020-02-13,Mahalaxmi Bikas Bank distributes 8% bonus shares directly to demat accounts of shareholders; urges dematerialization of holdings,https://www.sharesansar.com/newsdetail/mahalaxmi-bikas-bank-distributes-8-bonus-shares-directly-to-demat-accounts-of-shareholders-urges-dematerialization-of-holdings,"Mahalaxmi Bikas Bank Limited (MLBL) is distributing the bonus shares for FY 75/76 directly to the demat accounts of the shareholders.
The 18
th
AGM of the development bank had endorsed distribution of 8% bonus shares out of the profits of FY 75/76 for the shareholders. The proposed bonus share has already been distributed directly to the demat accounts of the shareholders as per the notice published.
For this purpose, the company has urged its shareholders to dematerialize their holdings. For further information, share registrar Siddhartha Capital Limited can be contacted.",0.9112256765365601
2020-02-10,Mahalaxmi Bikas Bank fulfills its social responsibilities; hands over financial support of Rs 2.5 lakh to Sugandha Thalassemia  Project in Biratnagar,https://www.sharesansar.com/newsdetail/mahalaxmi-bikas-bank-fulfills-its-social-responsibilities-hands-over-financial-support-of-rs-25-lakh-to-sugandha-thalassemia-project-in-biratnagar,"Mahalaxmi Bikas Bank, under its CSR initiative, has provided financial support of Rs 2.50 lakh to Sugandha Thalassemia Project in Biratnagar.
The support amount was handed over by Biratnagar BM of the bank Mr. Bharat Khatiwada to the organization on Magh 25, 2076 with a presence of State Minister of Industries Moti Lal Dugar.
The bank currently serves its 5 lakh customers through its 102 branches and 35 ATM booths, as per the media statement.",0.7248371243476868
2020-02-09,Bonus shares of two development banks listed on NEPSE; more than 6 Million units made tradeable,https://www.sharesansar.com/newsdetail/bonus-shares-of-two-development-banks-listed-on-nepse-more-than-6-million-units-made-tradeable,"Nepal Stock Exchange Limited (NEPSE) has published notice regarding the listing of bonus shares of two development banks, Mahalaxmi Bikas Bank Limited (MLBL) and Kailash Bikas Bank Limited (KBBL).
As per the notice, 2,275,600.98 Units Bonus Shares of Mahalaxmi Bikas Bank Limited (MLBL) has been listed on the stock exchange. MLBL had issued 8% bonus shares out of the profits of FY 75/76 for the shareholders.
Similarly, 4,033,018 Units Bonus Shares of Kailash Bikas Bank Limited (KBBL) has been listed on the stock exchange. KBBL had issued 16% bonus shares out of the profits of FY 75/76 for the shareholders.
A total of 6,308,618.98 units of shares have been made tradable in the secondary market.",0.8906973004341125
2020-02-06,Mahalaxmi Bikas Bank earns Rs 30.50 crore till Q2 2076/77; Annualized EPS at Rs 19.86,https://www.sharesansar.com/newsdetail/mahalaxmi-bikas-bank-earns-rs-3050-crore-till-q2-207677-annualized-eps-at-rs-1986,"Mahalaxmi Bikas Bank Limited (MLBL)
has published a Q2 report of the fiscal year 2076/77. The bank has reported a net profit of Rs 30.50 crore in Q2 2076/77. The net profit of the company has increased by 54.36% compared to Rs 19.76 crore in the Q2 of 2075/76 FY.
The National level development bank has collected deposits of Rs 35.07 arba and has floated loans of Rs 29.18 arba in the Q2 of 2076/77.
The net interest income of the company has increased from Rs 62.58 crore to Rs 80 in Q2 2076/77.
The development banks' Paid-Up stand at Rs 3.07 arba with reserves of Rs 1.40 arba. The bank's NPL has decreased from 4.41% to 2.76% by the end of the second quarter.
The annualized EPS stands at Rs 19.86 and net worth per share at Rs 152.76.
Second Quarter Report",-0.4867924749851227
2020-02-03,Mahalaxmi Bikas Bank waives off admin charges for punctual debtors under self-employment loan scheme of Nepal government; aims to motivate more debtors to stay punctual,https://www.sharesansar.com/newsdetail/mahalaxmi-bikas-bank-waives-off-admin-charges-for-punctual-debtors-under-self-employment-loan-scheme-of-nepal-government-aims-to-motivate-more-debtors-to-stay-punctual,"Mahalaxmi Bikas Bank has waived off the administrative fee for its debtors who received loans under the self-employment program of the Nepal government and those who regularly pay back their installment to the bank. The bank aims that the latest scheme will benefit more than 60 debtors during this fiscal year while more and more such punctual debtors will be motivated in coming days, as per the media statement.
The development bank currently has its presence via its 102 branches and 35 ATM booths located throughout the nation, as per the media statement.",0.6893714070320129
2020-01-31,Mahalaxmi Bikas Bank extends helping hands to Sukraraj Tropical Hospital in Teku of Kathmandu; hands over Queue Management Equipment,https://www.sharesansar.com/newsdetail/mahalaxmi-bikas-bank-extends-helping-hands-to-sukraraj-tropical-hospital-in-teku-of-kathmandu-hands-over-queue-management-equipment,"Mahalaxmi Bikas Bank, under its CSR initiative, has installed a Queue Management Equipment at Sukraraj Tropical Hospital located in Teku of Kathmandu.
The newly installed facility was inaugurated by State Minister for Health Mr. Navaraj Rawal amid a program to mark the 66
th
anniversary of the hospital.
The bank aims to prevent the gathering of large number of people at a single spot with the newly installed equipment so that it could also help in preventing the transfer of different communicable diseases among the crowd, as per the media statement.
The development bank currently has its presence via its 102 branches located throughout the nation, as per the media statement.",0.37861672043800354
2020-01-27,Rastra Bank brings Mahalaxmi Bikas bank under its RTGS platform; development joins the platform to make its payment system more reliable and convenient,https://www.sharesansar.com/newsdetail/rastra-bank-brings-mahalaxmi-bikas-bank-under-its-rtgs-platform-development-joins-the-platform-to-make-its-payment-system-more-reliable-and-convenient,"Nepal Rastra Bank has entered into RTGS agreement with Mahalaxmi Bikas Bank. The agreement was signed between ED of NRB Mr. Rewati Prasad Nepal and CEO of Mahalaxmi Bank Mr. Krishna Raj Lamichanne.
Following the agreement, customers can experience a greater level of comfort and convenience during their fund transfers, as per the media statement.
Mahalaxmi Bikas Bank has its presence through 102 branches in several parts of the nation, as per the media statement.",-0.578981339931488
2020-01-24,Mahalaxmi Bikas Bank collaborates with Chirayu National Hospital; to provide upto 20% discount for its customers,https://www.sharesansar.com/newsdetail/mahalaxmi-bikas-bank-collaborates-with-chirayu-national-hospital-to-provide-upto-20-discount-for-its-customers,"Mahalaxmi Bikas Bank has partnered with Chirayu National Hospital of Basundhara, Kathmandu under an agreement to provide upto 20% discount to the bank’s card holders, employees and their family members and the shareholders availing various services at the hospital.
The agreement regarding the same was signed between marketing of the bank Mr. Prakash Ghimire and Director of the hospital Mr. Chandeshwor Baidhya amid a program on Magh 9, 2075.
The bank currently provides its services from 102 branches located throughout the nation.",-0.46918511390686035
2020-01-20,Mahalaxmi Bikas Bank and Esewa Fonepay sign MoU,https://www.sharesansar.com/newsdetail/mahalaxmi-bikas-bank-and-esewa-fonepay-sign-mou,"Mahalaxmi Bikas Bank and Esewa Fonepay have inked an agreement of mutual cooperation on Magh 5, 2076. Under the agreement, customers can open bank accounts in Mahalaxmi Bank from all the agents of Esewa Fonepay spread throughout the nation.
Customers who opt to open Mahalaxmi Bank account from these agents will also receive free mobile banking service, Debit card and /dollar card, as per the media statement.
The agreement for the same was signed between CEO of the development bank Mr. Krishna Raj Lamichhane and CEO of Esewa Fonepay Mr. Subhas Sapkota amid a program.",-0.432961106300354
2020-01-10,Mahalaxmi Bikas Bank provides financial support of Rs 1.5 lakh to Achham based Baidyanath Ved Vidyashram; aims to support in quality living of students at rural school,https://www.sharesansar.com/newsdetail/mahalaxmi-bikas-bank-provides-financial-support-of-rs-15-lakh-to-achham-based-baidyanath-ved-vidyashram-aims-to-support-in-quality-living-of-students-at-rural-school,"Mahalaxmi Bikas Bank, under its CSR initiative, has handed over a financial support of Rs 1.5 lakh to Baidyanath Ved Vidyashram in Achham district.
The support amount was handed over amid a program on Poush 24, 2076 by CEO of the bank Mr. Krishna Raj Lamichhane to the founder of the school, former Nepal Police IGP Mr. Moti Lal Bohora.
The support amount will be used to promote quality living of the students in a rural school with good food and residence, as per the media statement.",0.5301985740661621
2019-12-31,Mahalaxmi Bikas Bank reaches out to community schools in Kathmandu; hands over sports materials and disability accessible furniture’s,https://www.sharesansar.com/newsdetail/mahalaxmi-bikas-bank-reaches-out-to-community-schools-in-kathmandu-hands-over-sports-materials-and-disability-accessible-furnitures,"Mahalaxmi Bikas Bank, under its CSR initiative, has handed over sports items like basketball court, TT materials etc to Shree Nandi Ma.Vi. located at Kathmandu-1 Naxal. The support items were handed over by Durbarmarg branch of the bank on Poush 13, 2076.
Similarly, the bank’s Tinchuli branch has also provided accessible furniture materials to Navajiban Special Education Secondary School located at Kathmandu-7, as per the media statement.",0.6991975903511047
2019-12-26,Mahalaxmi Bikas Bank stands by people with vision disability; hands over 100 white cane to Blind Help Center Nepal to distribute among needy children and adults,https://www.sharesansar.com/newsdetail/mahalaxmi-bikas-bank-stands-by-people-with-vision-disability-hands-over-100-white-cane-to-blind-help-center-nepal-to-distribute-among-needy-children-and-adults,"Mahalaxmi Bikas Bank through its Thapathali branch has handed over 100 white cane to Blind Help Center Nepal for the easy mobility of blind and visually impaired children and youths living in different parts of the nation.
The receiving organization will help in distributing the donated white canes to all the  needy people with vision disability, as per the media statement.",0.696533203125
2019-12-23,Mahalaxmi Bikas Bank launches new housing loan scheme with fixed rate of interest; customers can receive upto 90% of their investment as loan from bank for maximum 25 years,https://www.sharesansar.com/newsdetail/mahalaxmi-bikas-bank-launches-new-housing-loan-scheme-with-fixed-rate-of-interest-customers-can-receive-upto-90-of-their-investment-as-loan-from-bank-for-maximum-25-years,"Mahalaxmi Bikas Bank has launched its new housing loan in the market. under the scheme, customers can avail loan facility of upto 90% of the investment for the construction of a house while upto 70% of the total cost while purchasing a new house.
The loan scheme also guarantees a fixed rate of interest in order to shield the customers from possible fluctuation in the interest rate during the loan repayment period. Customers can also receive free accidental insurance policy under this scheme, as per the media statement.
The bank currently has 102 branches and 35 ATM booths under its network.",0.8425310850143433
2019-12-16,Mahalaxmi Bikas Bank provides range of support to Manavsewa Ashram of Samakhusi,https://www.sharesansar.com/newsdetail/mahalaxmi-bikas-bank-provides-range-of-support-to-manavsewa-ashram-of-samakhusi,"Mahalaxmi Bikas Bank, under its CSR initiative, has provided range of material supports like water dispenser, dustbin, and other sanitation items to Manavsewa Ashram located at Samakhusi of Kathmandu.
The bank also provided to food support to the inhabitants of the Ashram on the morning of Mangsir 27, 2076, as per the media statement.",0.301241397857666
2019-12-13,Mahalaxmi Bikas Bank makes contribution for clean drinking water at Gumba in Nijgad and Shiva Mandir in Baneshwor; hands over water tank for welfare of pilgrims,https://www.sharesansar.com/newsdetail/mahalaxmi-bikas-bank-makes-contribution-for-clean-drinking-water-at-gumba-in-nijgad-and-shiva-mandir-in-baneshwor-hands-over-water-tank-for-welfare-of-pilgrims,"Mahalaxmi Bikas Bank, under its CSR initiative, has constructed water tanks in two different places. The bank constructed and handed over the water tank to Palyul Samteling Gumba located at Nijgad Na.Pa- 10 (Lal) of Bara that was handed over to Gumba Management committee chair Mr. Bhim Bahadur Bolan.
The bank also handed over drinking water tank to Kuseshwor Mahadev Temple located at Baneswor of Kathmandu which was handed to head of Kuseshwor Mahadev Management Committee Mr. Sudarshan Koirala, as per the media statement.
The bank aims to provide clean drinking water to the pilgrims who visit the gumba and temple premise and the residents of those religious cites, as per the statement.",0.8115383386611938
2019-12-09,Mahalaxmi Bikas Bank now AT Sanobharyang of Kathmandu with 102nd branch; providing services to 500K plus customers all over Nepal,https://www.sharesansar.com/newsdetail/mahalaxmi-bikas-bank-now-at-sanobharyang-of-kathmandu-with-102nd-branch-providing-services-to-500k-plus-customers-all-over-nepal,"Mahalaxmi Bikas Bank has brought into operation its new branch at Sanobharyang, near the religious site of Swyambu on Mangsir 23, 2076. The latest facility was inaugurated by chair of Kathmandu-15 Mr. Iswor Man Dangol and BoD of the bank Mr. Rupendra Paudel amid a program that was also attended by CEO of the bank Mr. Krishna Raj Lamichhane, among others.
The bank currently provides its services to more than 5 lakh customers from its 102 branches and 35 ATM terminals.",0.4682028591632843
2019-12-06,Do you remember Bhotekoshi Rafting guide Sonam Tamang? Mahalaxmi Bank felicitates this young guide with cash prize who saved dozens of people at Sukute Beach bus accident,https://www.sharesansar.com/newsdetail/do-you-remember-bhotekoshi-rafting-guide-sonam-tamang-mahalaxmi-bank-felicitates-this-young-guide-with-cash-prize-who-saved-dozens-of-people-at-sukute-beach-bus-accident,"Mahalaxmi Bikas Bank, with an aim to promote helping attitude among Nepalese youths, has felicitated rafting guide Mr. Sonam Tamang  with cash prize of Rs 15K for his courageous effort to save lives of several travelers when the bus they were travelling recently met with an accident at Bhotekoshi river near Sukute beach in Sindhupalchowk.
The ill-fated bus met with an accident on Kartik 17, 2076 when it was travelling to Kathmandu via Sukute beach.",0.7218895554542542
2019-12-03,Mahalaxmi Bikas Bank receives felicitation from SAFA for its exemplary financial report,https://www.sharesansar.com/newsdetail/mahalaxmi-bikas-bank-receives-felicitation-from-safa-for-its-exemplary-financial-report,"Mahalaxmi Bikas Bank has received Best Financial Reporting Award 2018 from South Asian Federation of Accounts (SAFA).
The bank received the SAFA award for its financial report and the certificate of Merit for its emphasis for corporate governance amid a award function held at Dhaka of Bangladesh on Mangsir 14, 2076 where the bank’s CEO Mr. Krishna Raj Lamichhane received the award.",-0.7386879324913025
2019-11-29,Mahalaxmi Bikas Bank urges shareholders to update Demat account; Cash dividend to be directly distributed through bank account,https://www.sharesansar.com/newsdetail/mahalaxmi-bikas-bank-urges-shareholders-to-update-demat-account-cash-dividend-to-be-directly-distributed-through-bank-account,"Mahalaxmi Bikas Bank Limited (MLBL)
is distributing 9.89% cash dividend directly to bank accounts to its shareholders.
Siddhartha Capital Limited is the RTA of MLBL.
The 18th AGM of the bank held on Kartik 29, 2076 has passed 9.8947% cash dividend from the accumulated profit till FY 2075/76. Therefore, publishing a notice today, the bank in urging all its shareholders to update their demat account and bank account information in the BOID. Similarly, the shareholders who haven't dematerialized the shares yet are requested to open a Demat account and update all necessary information.
Announcement",0.8985873460769653
2019-11-29,Mahalaxmi Bikas Bank extends helping hands for quality school education and traffic rule awareness,https://www.sharesansar.com/newsdetail/mahalaxmi-bikas-bank-extends-helping-hands-for-quality-school-education-and-traffic-rule-awareness,"Mahalaxmi Bikas Bank, under its CSR initiative, has handed over school bags and stationary  items to school students of Shree Dhotara Basic School located in Indrawati Gaupalika-12 Bhimtar.
The event was also attended by Dr. Uttam Upadhya, staff members of the bank, students, teachers and SMC members of the school.
Likewise, the Masuriya branch of the bank has handed over public awareness raising message boards to SP of Sudhurpaschim Traffic Office Mr. Lokendra Shrestha and chief of traffic post in Masuriya Mr. Chakra Bahadur Malla. The handover event was also attended by chairman of Gauriganga nagarpalika Mr. Bhim Bahadur Deuwa, SP of Sudhurpashim Traffic Police Mr. Lokendra Shrestha, staff members of the bank among others, as per the statement.",0.8155248165130615
2019-11-26,How have development banks performed in the first quarter of FY 76/77? One bank leads in almost all major indicators,https://www.sharesansar.com/newsdetail/how-have-development-banks-performed-in-the-first-quarter-of-fy-7677-one-bank-leads-in-almost-all-major-indicators,"Development Banks are class ‘B’ BFI’s approved by the NRB to carry out banking business around the country. These development banks are classified into national level, operating in 4-10 districts and regional level based in 1-3 districts it is currently functioning in. As per the regulation of the NRB minimum paid up capital requirement for national level development banks is Rs.2.50 Arba while that of regional level is Rs.50 Crore. Similarly, minimum threshold for development banks operating in 4-10 districts is Rs.1.20 Arba.
As banks have been on a spree to merge and reduce the number of BFIs in the country, some commercial banks have acquired development banks while two or more development banks have merged as well. NMB Bank and Prime Commercial Bank trading resumed recently after successful merger with Om Development Bank and Kankai Bikas Bank Limited. Similarly, Purnima Bikas Bank and Bhargava Bikas Bank merged with Shine Resunga Development Bank to upgrade to National Level Development Bank and Nepal Community Development Bank received letter of intent to merge with Tinau Mission Bikas Bank. Apart from those undergoing merger, only Karnali Development Bank has not published first quarter report.
The remaining development banks have been compared on the basis of major indicators from the first quarter report. The development banks have been segregated into two categories, national level (blue colored cells) and regional level (purple colored cells).
Deposits and Loans
In terms of both loans and deposits, Muktinath Bikas Bank leads the industry with both loans and deposits above Rs.40 Arba. The deposits till the end of first quarter stood at Rs.44.35 Arba while the loan worth Rs.41.26 Arba were provided. Among regional banks, Tinau Mission Bikas Bank stood ahead with deposits of Rs.10.67 Arba and loans of Rs.8.78 Arba.
Net Interest Income
The net interest income is the main source of income for the banks. It is calculated by deducting interest paid on deposits from interest received on borrowings. MNBBL has posted the highest net interest income of Rs.52.36 Crore by the end of the first quarter. EDBL stood ahead in among regional level development banks with Rs.11.32 Crore as net interest income. Sahara Bikas Bank posted the lowest net interest income in the industry at Rs.1 Crore.
Net Profits
While MNBBL also posted the highest profit in the industry at Rs.22.87 Crore, some regional level banks have performed better than Kamana Sewa Bikas Bank in the first quarter of FY 76/77. Only seven development banks were able to post net profit above Rs.10 Crore, similarly, four regional level development banks posted profits below Rs.1 Crore. The lowest profit in the industry was posted by Sahara Bikas Bank.
EPS, Net Worth per Share and PE Ratio
The earnings per share has been annualized and PE ratio derived on the basis of annualized EPS. Highest EPS was posted by MNBBL at Rs.29.86 followed by Excel Development Bank at Rs.28.19. Two banks with lowest EPS in the industry were Kamana Sewa Bikas Bank and Green Development Bank.
EDBL posted the highest net worth per share at Rs.257.62 followed by Lumbini Bikas bank at Rs.165.41. While GRDBL’s report was silent about the net worth per share and the PE Ratio, the lowest net worth per share stood at Rs.106.56 posted by Corporate Development Bank.
The lowest PE ratio in the industry stood at 8.60 times posted by Garima Bikas Bank while the highest stood at 47.95 times posted by Kamana Sewa Bikas Bank, both national level development banks. The PE ratio of regional level development bank varied between 10.14 times and 38.16 times by the end of the first quarter.",0.8422684669494629
2019-11-25,Mahalaxmi Bikas Bank provides materials to supplement playground for students of Lilaram Ma.Vi in Rupandehi; also conducts financial literacy event at Nepalgunj,https://www.sharesansar.com/newsdetail/mahalaxmi-bikas-bank-provides-materials-to-supplement-playground-for-students-of-lilaram-mavi-in-rupandehi-also-conducts-financial-literacy-event-at-nepalgunj,"Mahalaxmi Bikas Bank, through its Bhairawa branch, has provided students playing materials to Shree Lilaram Ma.Vi. located at Siddharthanagar Nagarpalika-8 Narayanpath of Rupandehi on Mangsir 6, 2076.
The support hand over event was also attended by chairman of ward 8 Mr. Rajan Jung Rana among the students and teachers, SMC members, employees of the bank. The bank also conducted a financial literacy event at the same school on a same day, as per the media statement.
The bank has also conducted financial literacy event at Mahendra Namuna Ma.Vi located at Nepalgunj-6 on the same day where the bank has encouraged the students to build saving habit and delivered sessions on several banking issues, as per the statement.",0.7575438022613525
2019-11-17,Performance of 7 national level development banks for Q1 of 2076/77; Kailash Bikas Bank reports highest annualized EPS,https://www.sharesansar.com/newsdetail/performance-of-7-national-level-development-banks-for-q1-of-207677-kailash-bikas-bank-reports-highest-annualized-eps,"Jyoti Bikas Bank Limited (JBBL)
's net profit increased by a whopping 69.44 percent in the first quarter of the fiscal year 2076/77.
As per the unaudited financial report for the first quarter published, the development bank has stated that its net profit has risen from Rs 6.33 crore in the corresponding quarter to Rs 10.74 crore till Q1 of the current fiscal year.
Its net interest income increased to Rs 36.96 crore till Q1 from Rs 20.98 crore in the corresponding quarter previous year. The bank has collected deposits of Rs 30.72 arba while it has mobilized loans and advances of Rs 26.18 arba till Q1. The deposit and loan amount stood at Rs 29.23 arba and Rs 25.58 arba respectively in the previous quarter i.e. Q4 of 2075/76.
Jyoti Bikas Bank has a paid-up capital of Rs 3.10 arba and reserve of Rs 31.77 crore.
Its non-performing loan (NPL) has increased to 0.83% in Q1 2076/77.
Its Earnings per Share (annualized) remains at Rs 17.81 and net worth per share stands at Rs 131.08. Its P/E ratio stands at 8.93 times.
First Quarter Report
Shangrila Development Bank Limited (SADBL)
has earned Rs 5.48 crore in the first quarter of the fiscal year 2076/77. In the previous year's corresponding quarter, the net profit figure was Rs 3.34 crore.
Publishing the unaudited financial report today, its net interest income rose to Rs 27.26 crore from Rs 24.55 crore in the corresponding quarter of the previous fiscal year.
The development bank has collected deposits of Rs 20.14 arba in the Q1 up from Rs 19.41 arba in the previous quarter. Likewise, it has extended loans and advances of Rs 19.10 arba in Q1.
The development bank’s paid-up capital stands at Rs 2.60 arba with Rs 57.46 crore as a reserve.
The non-performing loans of the development bank decreased from 2.4% to 0.94% by the end of the first quarter.
SADBL’s earning per share (EPS) stand at Rs 8.41 and its net worth per share at Rs 130.02. The PE Ratio at the end of the first quarter stands at 16.52 times.
First Quarter Report
Gandaki Bikas Bank Limited (GDBL)
has reported a decrease in its net profit by 15.39% in the first quarter of the current fiscal year 2076/77.
As per the report published today, the development bank has stated that its net profit decreased to Rs 8.69 crore in Q1 from Rs 10.27 crore reported in the corresponding quarter of the previous fiscal year 2075/76.
It has collected deposits of Rs 28.01 arba and floated loans of Rs 25.82 arba till Q1 of the FY 2076/77.
It’s paid-up capital remains at Rs 2.75 arba and has a reserve of Rs 86.14 crore.
The development bank’s non-performing loan (NPL) stands at 1.1% in Q1 which was 0.46% in the corresponding quarter.
Its annualized Earning Per Share (EPS) stands at Rs 12.65, net worth per share at Rs 148.76 and P/E ratio at 15.89 times.
First Quarter Report
Lumbini Bikas Bank Limited (LBBL)
has published its first-quarter report for FY 2076/77 as per NFRS with 3.04% growth in net profit.
LBBL’s profit has increased from Rs 11.63 crore in the first quarter of the fiscal year 2075/76 to Rs 11.99 crore in the first quarter of the fiscal year 2076/77.
The bank’s deposit from customers increased to Rs 23.12 arba and also loans and advances to customers rises to Rs 21.83 arba till the first quarter. The net interest income (core business income) of the development bank has increased Rs 30.69 crore from Rs 23.50 crore of the corresponding quarter.
In the same quarter, the bank has Rs 1.73 crore as distributable profit after Regulatory Adjustments and PL appropriations which can be utilized in distributing dividends to its shareholders.
The bank’s paid-up capital stands at Rs 2.58 arba with Rs 1.17 arba as its reserve and surplus. The Non-Performing Loan (NPL) of the bank stands at 2% which was 2.86% in the corresponding quarter.
In the first quarter, the annualized EPS of the development bank stands at Rs 18.55. The net worth per share stands at Rs 165.41 and PE ratio stands at 9.33 times.
First Quarter Report
Kailash Bikas Bank Limited (KBBL)
has reported an increase in net profit by 3.41% in the first quarter of the fiscal year 2076/77.
As per the report published in the newspaper, the development bank has stated that its net profit increased to Rs 17.05 crore in Q1 from Rs 16.48 crore reported in the corresponding quarter of the previous fiscal year 2075/76.
It has collected deposits of Rs 27.83 arba and floated loans of Rs 27.22 arba in Q1 of the fiscal year 2076/77.
It’s paid-up capital remains at Rs 2.52 arba and reserve at Rs 80.52 crore.
The development bank’s non-performing loan (NPL) increased to 0.31% from 0.30%.
The annualized EPS of KBBL stands at Rs 26.55 and Net worth per share stands at Rs 156.67. Its P/E ratio stands at 8.96 times.
First Quarter Report
Mahalaxmi Bikas Bank Limited (MLBL)
has published a Q1 report of the fiscal year 2076/77. The bank has reported a net profit of Rs 10.68 crore in Q1 2076/77. The net profit of the company has increased by 1.12% compared to Rs 10.52 crore in the Q1 of 2075/76 FY.
The National level development bank has collected deposits of Rs 33.56 arba and has floated loans of Rs 27.53 arba in the Q1 of 2076/77.
The net interest income of the company has increased from Rs 25.18 crore to Rs 40.30 in Q1 2076/77.
The development banks' Paid-Up stand at Rs 3.07 arba with reserves of Rs 1.34 arba. The bank's NPL has decreased from 3.39% to 2.85% by the end of the first quarter.
The annualized EPS stands at Rs 13.92 and net worth per share at Rs 145.75.
First Quarter Report
Kamana Sewa Bikas Bank Limited (KSBBL)
has posted 568.73% percent rise in net profit in the first quarter of the fiscal year 2076/77. Its net profit has increased to Rs 1.86 crore from Rs 27.88 lakh in the corresponding quarter of the fiscal year 2075/76.
According to the unaudited financial report published by the development bank, Kamana Sewa Bikas Bank’s net interest income has risen to Rs 25.15 crore in Q1 as compared to Rs 14.04 crore in the corresponding quarter. It’s paid-up capital stands at Rs 2.54 arba.
Deposits collection reached Rs 25.48 arba till Q1 from Rs 22.97 arba in the previous quarter Q4 of 2075/76.
Likewise, it has extended loans and advances of Rs 21.96 arba till Q1 of FY 2076/77 whereas in the same period last year the figure stood at Rs 20.23 arba.
Its non-performing loan has decreased to 1.61 percent in Q1 from 1.71 percent in the previous year report.
KSBBL’s annualized earning per share (EPS) stand at Rs 2.94 and net worth per share at 133.81.
First Quarter Report",-0.8180829882621765
2019-11-16,Mahalaxmi Bikas Bank convenes 18th AGM; endorses 9.89% cash dividend and 8% bonus shares to shareholders,https://www.sharesansar.com/newsdetail/mahalaxmi-bikas-bank-convenes-18th-agm-endorses-989-cash-dividend-and-8-bonus-shares-to-shareholders,"Mahalaxmi Bikas Bank Limited has convened its 18
th
AGM on Kartik 29, 2076 thereby endorsing 9.89% cash dividend and 8% bonus shares to its shareholders.
The bank currently provides its services to more than 5 lakh customers from its 102 branches and 35 branches.",0.704145610332489
2019-11-11,Mahalaxmi Bikas Bank constructs water purification station for clean and safe drinking water at Hari Dil Bhumi Ma.Vi of Surkhet; takes financial literacy to plus 2 students of Bajrabarahi School,https://www.sharesansar.com/newsdetail/mahalaxmi-bikas-bank-constructs-water-purification-station-for-clean-and-safe-drinking-water-at-hari-dil-bhumi-mavi-of-surkhet-takes-financial-literacy-to-plus-2-students-of-bajrabarahi-school,"Mahalaxmi Bank, under its CSR initiative, has installed drinking water purification machine at Shree Hari Dil Bhumi Ma.Vi located at Birendra Nagarpalika-3 of Surkhet and handed over to the school administration of Kartik 24, 2076. The bank hopes to reduce student absenteeism due to different illness because of impure drinking water and aims to supply clean drinking water throughout the year with the latest installation, as per the media statement.
Similarly, the bank also conducted financial literacy program on the same day at Bajrabarahi School locate at Palung in order to encourage the plus level students to develop saving habit. The bank disseminated information on several banking and financial aspects like money management, saving accounts, banking services and so on, as per the media statement.",0.22614508867263794
2019-11-10,Mahalaxmi Bikas Bank signed an agreement with S.B Solution to automate and digitization of the internal loan process  through Loan Management System Software,https://www.sharesansar.com/newsdetail/mahalaxmi-bikas-bank-signed-an-agreement-with-sb-solution-to-automate-and-digitization-of-the-internal-loan-process-through-loan-management-system-software,"Mahalaxmi Bikas Bank Ltd. has signed an agreement with S.B Solutions Pvt. Ltd. to automate and digitization of the internal loan process  through Loan Management System Software.
Mr.
Raghunath Koirala
, Head- GSD of Mahalaxmi Bikas Bank Ltd and
Mr
.
Bipul Dhakal
, Chairman of S.B Solutions signed the agreement on behalf of their respective organizations.
With the introduction of the Loan Management System, bank will able to automate and digitized their internal  loan and approval process of loan files,  Which will be beneficial and advantage to approve and analysis the details of customer loan files in effective manner.  Bank also will soon introduce the  Online Loan Eligibility service which will benefits the customers and clients to avail the Online Loan Eligibility Check and Apply for any loan products through online portal offered by Mahalaxmi Bikas Bank Ltd.
Mahalaxmi Bikas Bank Ltd received the operating License from Nepal Rastra Bank to function as an ""B"" Class Finance Company Limited and has achieved the triumph to establish itself as a Strong & Reliable Development Bank in Nepal. Mahalaxmi Bikas Bank Ltd has a customer base of around 1+ Lakh and 100+ Branches spread all over the country.
S.B Solutions Pvt. Ltd is providing Digitization & Automation Banking products and process such as Loan Approving System, Online Loan Eligibility, Online A/C Opening, Document Management System, Vendor's Management System, Memo Management, Budget Management and Mobile Application , Etc. Since established in 2016, the company has been working on various Automation & Digitization product and Process. Currently more then 10+ Financials Institute and Corporate Houses as a client in National and International Levels.",-0.18790572881698608
2019-11-10,Mahalaxmi Bikas Bank undertakes its CSR activities to Budhanilkantha temple; supplies drinking water and juice for visitors and dust bins to temple management,https://www.sharesansar.com/newsdetail/mahalaxmi-bikas-bank-undertakes-its-csr-activities-to-budhanilkantha-temple-supplies-drinking-water-and-juice-for-visitors-and-dust-bins-to-temple-management,"Mahalaxmi Bikas Bank, through its Sukedhara branch, has provided clean drinking water and juice to the visitors at Budhanilkantha temple and dust bins for the cleanliness of the temple premise on Kartik 22, 2076 during an occasion of Haribodhani Ekadashi.
The bank showed its presence from 7 am in the morning till 5 pm in the evening distributing water and juice to the visitors. The dust bins were handed over to the head priest of the temple, as per the media statement.",0.9058266282081604
2019-11-05,Last day to grab shares of Mahalaxmi Bikas Bank and Mero Microfinance for 17.89% and 31.58% dividend respectively; Book Closure tomorrow,https://www.sharesansar.com/newsdetail/last-day-to-grab-shares-of-mahalaxmi-bikas-bank-and-mero-microfinance-for-1789-and-3158-dividend-respectively-book-closure-tomorrow,"Mahalaxmi Bikas Bank (MLBL)
will be convening its 18th Annual General Meeting (AGM) on Kartik 29, 2076 (November 15, 2019) at All in one mart, Crown Banquet, Min Bhawan, Kathmandu from 10 AM onwards.
The major agenda of the AGM is to approve 17.89% dividend worth Rs 50.89 crore. The dividend has been broken down as follows:
Bonus Shares:
8% worth Rs 22.75 crore
Cash Dividend:
9.89% worth Rs 28.14 crore (Including tax amount)
Total Dividend:
17.89% worth Rs 50.89 crore
Similarly,
Mero Microfinance Laghubitta Bittiya Sanstha Limited (MERO)
will be convening its 7th AGM on Kartik 29, 2076 (November 15, 2019) at Hotel Water Tower, Nuwakot from 11 AM onwards.
The AGM will endorse the decision to distribute 30% bonus shares worth Rs.19.73 Crore and 1.58% cash dividend (for tax purpose) worth Rs.1.03 Crore to the shareholders out of profits of FY 75/76.
Tomorrow is the book closure of MLBL and MERO, so if you want to attend the AGM and claim dividend, today is the last day to grab its shares from the market.",0.8967348337173462
2019-11-04,Another feather in the hat of Mahalaxmi Bikas Bank; bank to receive SAFA Best Annual Financial Report 2018 award from South Asian Federation of Accountants,https://www.sharesansar.com/newsdetail/another-feather-in-the-hat-of-mahalaxmi-bikas-bank-bank-to-receive-safa-best-annual-financial-report-2018-award-from-south-asian-federation-of-accountants,"Mahalaxmi Bikas Bank has received SAFA Best Annual Financial Report award for the year 2018 from South Asian Federation of Accountants. The award is presented to the financial institutions of South Asia region for their best annual reports that promote transparency, accountability and good governance. The bank will receive the award at an event that will be organized on Nov 30 at Dhaka of Bangladesh.
The bank had earlier won Best Financial Reporting Award 2018 from Nepal Charter Accountant Association for its best performance in the area of financial reporting.",-0.569120466709137
2019-11-03,Know the financial performance of Development Banks till 2nd month of FY 2076/77; Muktinath Bikas Bank has highest deposits and loans,https://www.sharesansar.com/newsdetail/know-the-financial-performance-of-development-banks-till-2nd-month-of-fy-207677-muktinath-bikas-bank-has-highest-deposits-and-loans,"Nepal Rastra Bank (NRB) has published the cumulative financial of Development Banks till the first two month of the new fiscal year 76/77. Development Banks are recognized as Class ‘B’ financial institutions by NRB. The report displays all financials of development banks till the month of Bhadra. (
All the data are taken from NRB monthly reports)
DEPOSITS
On comparing the banks in terms of deposits collected, Muktinath Bikas Bank (MNBBL) tops the list with deposits worth Rs.46.98 Arba followed by Garima Bikas Bank (GBBL) with deposits worth Rs.33.91 Arba till the month of Bhadra. 13 development banks posted deposits more than Rs.10 Arba.
Narayani Development Bank (NABBC) posted the lowest amount of deposits worth Rs.2.57 Crore. The second last on the list was Corporate Development Bank (CORBL) with deposits worth Rs.22.37 Crore till Bhadra end. Including the two mentioned, four development banks have deposits below Rs.1 Arba.
LOANS AND ADVANCES
After lending loans and advances worth Rs.40.13 Arba, MNBBL stands at top among the development bank industry. GBBL trails behind with loans and advances worth Rs.29.55 Arba. In total 12 banks have lent more than Rs.10 Arba.
Similar to deposits, NABBC and CORBL remain at the bottom of the list with loans worth Rs.1.04 Crore and Rs.35.87 Crore. A total of four banks have lending below Rs.1 Arba till Bhadra end.
NET PROFITS
Only six development banks managed to report a net profit till Bhadra end while the rest of the banks have reported a loss. Deva Bikas Bank (DBBL) has the highest profit in the industry at Rs.4.41 Crore followed by MNBBL at Rs.3.33 Crore. NABBC posted the lowest profit at Rs.30 Thousand.
Lumbini Bikas Bank (LBBL) managed to report the highest loss at Rs.20.99 Crore followed by Gandaki Bikas Bank (GDBL) with net loss of Rs.19.40 Crore. Sahara Bikas Bank (SHBL) has the lowest loss in the industry at Rs.19 Lakhs.
NET INTEREST INCOME
From the report published by NRB, the interest expenses of each development bank was deducted from their respective interest income to derive the net interest income in the review period.
MNBBL and DBBL have the highest net interest income of Rs.16.77 Crore and Rs.13.74 Crore respectively. Apart from the two, only 11 development banks have positive net interest income, Salapa Development Bank with the lowest at Rs.80 Thousand.
The remaining 15 development banks reported a negative net interest income till the end of Bhadra. GDBL and LBBL have the highest negative net interest income worth Rs.15.10 Crore and Rs.14.98 Crore respectively.",0.1588505059480667
2019-10-25,"Mahalaxmi Bikas Bank to convene AGM on Kartik 29, 2076; Major agenda to approve 17.89% dividend",https://www.sharesansar.com/newsdetail/mahalaxmi-bikas-bank-to-convene-agm-on-kartik-29-2076-major-agenda-to-approve-1789-dividend,"Mahalaxmi Bikas Bank (MLBL)
will be convening its 18th Annual General Meeting (AGM) on Kartik 29, 2076 (November 15, 2019) at All in one mart, Crown Banquet, Min Bhawan, Kathmandu from 10 AM onwards.
The 440th Board Meeting held on Kartik 07, 2076 has decided on following agendas to be discussed in the AGM:
Approval of 17.89% dividend worth Rs 50.89 crore. The dividend has been broken down as follows:
Bonus Shares: 8% worth Rs 22.75 crore
Cash Dividend: 9.89% worth Rs 28.14 crore (Including tax amount)
Total: 17.89% worth Rs 50.89 crore
Approval of Annual Report to be presented by the Board for FY 2075/76 along with financial statements of the year.
Appointment of auditor for the year and fixation of remuneration for the same.
Changing the promoter:ordinary shareholding ratio from 53.98:46.2 to 52.49:47.51.
The book closure date for the purpose of AGM and dividend distribution has been set on kartik 20, 2076. Therefore, shareholders maintained on Kartik 19, 2076 will be eligible to participate in AGM and claim dividend.
Announcement",0.9219003915786743
2019-10-10,Mahalaxmi Bikas Bank proposes 17.89% dividend for the FY 2075/76; Dividend yield is 8.35%,https://www.sharesansar.com/newsdetail/mahalaxmi-bikas-bank-proposes-1789-dividend-for-the-fy-207576-dividend-yield-is-835,"Mahalaxmi Bikas Bank Limited (MLBL)
has proposed 17.89% dividend for its shareholders for the FY 2075/76.
In the Board Meeting held on Ashwin 16, 2076, the development bank has decided to propose 17.89% dividend worth Rs 50.89 crore. The dividend has been broken down as follows:
Paid-up capital till Ashad end 2075/76: Rs 2.84 arba
Bonus Shares: 8% worth Rs 22.75 crore
Cash Dividend: 9.89% worth Rs 28.14 crore  (Including tax amount)
Total: 17.89% worth Rs 50.89 crore
The proposal is subject to approval from Nepal Rastra Bank and the upcoming 18th Annual general meeting of the company. After the adjustment of 8% bonus shares, MLBL's capital will reach Rs 3.06 arba.
MLBL's last trading price on NEPSE is Rs 214 and its dividend yield is Rs 8.35%.
The dividend history of MLBL is as follows:",0.9154224991798401
2019-10-03,Mahalaxmi Bikas Bank expands at 2 more locations of Pokhara; Lakeside and Bijaypur receive bank’s services via latest branches,https://www.sharesansar.com/newsdetail/mahalaxmi-bikas-bank-expands-at-2-more-locations-of-pokhara-lakeside-and-bijaypur-receive-banks-services-via-latest-branches,"Mahalaxmi Bikas Bank has brought into operation its new branches at Pokhara-6 Lakeside and Pokhara-26 Bijaypur, the two more tourist locations on Aswin 15, 2076.
The bank currently provides its services to more than 5  lakh customers from its 102 branches and 35 ATM terminals.",0.39651960134506226
2019-09-30,Mahalaxmi Bikas Bank expands at Jhamsikhel of Lalitpur with new branch,https://www.sharesansar.com/newsdetail/mahalaxmi-bikas-bank-expands-at-jhamsikhel-of-lalitpur-with-new-branch,"Mahalaxmi Bikas Bank has brought into operation its new branch at Jhamsikhel the heart of Lalitpur on Aswin 12, 2076. The latest facility was inaugurated by Mayor of Lalitpur Mr. Chiribabu Maharjan amid a program that was also attended by chairman of the bank Mr. Rajesh Upadhya, SSP of Nepal Police mr. Tek Prasad Rai, CEO Mr. Krishna Raj Lamichhane.
The bank currently provides its services to more than 5 lakh customers from its 100 branches and 35 ATM terminals.",0.524560809135437
2019-09-29,Mahalaxmi Bikas Bank expands at Thamel of Kathmandu with new branch,https://www.sharesansar.com/newsdetail/mahalaxmi-bikas-bank-expands-at-thamel-of-kathmandu-with-new-branch,"Mahalaxmi Bikas Bank has brought into operation its new branch at Thamel the heart of Kathmandu on Aswin 10, 2076. The latest facility was inaugurated by DY Governor of NRB Mr. Shivaraj Shrestha amid a program that was also attended by CEO of the bank Mr. Krishna Raj Lamichhane, BoD of the bank Mr. Arjun Prasad Sharma.
The bank currently provides its services to more than 5 lakh customers from its 100 branches and 35 ATM terminals.",0.49883967638015747
2019-09-16,Mahalaxmi Bikas Bank scores a century in its branch count; expands at Koteshwor of Kathmandu with 100th branch,https://www.sharesansar.com/newsdetail/mahalaxmi-bikas-bank-scores-a-century-in-its-branch-count-expands-at-koteshwor-of-kathmandu-with-100th-branch,"Mahalaxmi Bikas Bank has brought into operation its new branch at Koteswor the transit and business hub of Kathmandu on Bhadra 30, 2076. The latest facility was inaugurated by ED of Rastra Bank Development Bank supervision unit Mr. Rishikesh Bhatt amid a program which was also attended by bank’s BoD Mr. Rajesh Kumar Rauniyar, CEO Mr. Krishna Raj Lamichhane, among others.
The bank currently provides its services to more than 5 lakh customers from its 100 branches and 35 ATM terminals.",-0.22842341661453247
2019-09-02,Nepal Cancer Hospital agrees to provide upto 10% discount to card users and employees of Mahalaxmi Bikas Bank,https://www.sharesansar.com/newsdetail/nepal-cancer-hospital-agrees-to-provide-upto-10-discount-to-card-users-and-employees-of-mahalaxmi-bikas-bank,"Mahalaxmi Bikas Bank, with an aim to provide affordable health care facilities to its customers, has signed an agreement with Nepal Cancer Hospital on Bhadra 16, 2076. After the deal, the Debit card holders as well as employees of the bank, their family members and promoter shareholders will receive upto 10% discount while availing different services in the hospital.
The agreement was signed between Executive Chairman of the hospital Dr. Sudip Shrestha and CEO of the bank Mr. Krishna Raj Lamichhane amid a program.
The bank is currently providing banking services from its 99 branches at different places of the nation.",-0.5735342502593994
2019-08-29,Find out how development banks performed this quarter!,https://www.sharesansar.com/newsdetail/find-out-how-development-banks-performed-this-quarter,"There are 27 development level banks. However, not all of these fall in the same category. The development banks can be categorized within three sub categories: National level development banks, development banks operating in 4 to 10 districts and development banks operating in 1 to 3 districts. A wise investor would create a portfolio of development banks comparing their performance with the other banks falling in the respective categories.
This article will deal with two of the categories: national level and banks operating in 1 to 3 districts and compare the banks within their respective category.
The analysis is based on the old format of quarterly reports instead of NFRS standard.
Currently, among national level development banks, Kailash Bikas Bank is in acquisition process by Prime Commercial Bank Limited (PCBL) and Om Development Bank Limited (ODBL) by NMB Bank Limited (NMB). Post the acquisition, the number of national level development banks will decrease from 11 to 9. In case of regional level development banks, Sahayogi Vikas is in acquisition by Citizens International bank Limited, Purnima and Bhargav by Shine Resunga Development Bank, Kankai by Prime Commercial bank, Tinau Mission and NCDB are in merger and Sahara Bikas Bank by Deva Bikas Bank Limited. Post all these, besides Shine Resunga, which has been operating in 4 to 10 districts, there will be only 9 regional level development banks. Those 9 are EDBL, MDB, KRBL, Tinnau Mission, GRDBL, CORBL, SINDU, Saptakoshi and Kanchan Development Bank.
Net profit:
National level:
As per the net profit of fourth quarter of 2075/76,
Muktinath Bikas Bank Limited (MNBBL)
is in the lead with a profit of Rs 80.70 crores. Similarly,
Mahalaxmi Bikas Bank Limited (MLBL)
has the second highest net profit of Rs 66.37 crores in the same quarter. In the third position,
Kailash Bikas Bank Limited (KBBL)
has the net profit of Rs 61.64 crores.
Development banks operating in 1 to 3 districts:
As per the net profit of fourth quarter of 2075/76,
Tinau Mission Development Bank (TMDBL)
is in the lead with a profit of Rs 17.21 crore. Similarly,
Excel Development Bank Limited (EDBL)
has the second highest net profit of Rs 16.43 crore in the same quarter..
Paid up capital:
The central bank of the country has directed these development “B” categorized banks to meet the paid up capital requirement. NRB has directed development banks of national level to meet the paid up capital of at least 2.50 arba, development banks operating in 4 to 10 districts to meet the paid up capital of at least 1.2 arba and development banks operating in 1 to 3 districts a paid up capital of 50 crores.
National level:
Among the eleven national level banks, Lumbini Bikas Bank Limited (LBBL) is yet to meet the paid up capital requirement. LBBL has recently endorsed 17.07% bonus share from its FY 2074/75 profit, after which its paid up capital has increased to Rs 258.69 crore but it was not included in the Q4 report published of the bank. The bank with highest paid up capital are Deva
Bikas Bank Limited (DBBL)
with 3.17 arba,
Jyoti Bikas Bank Limited (JBBL)
with Rs 3.10 arba capital and
Muktinath Bikas Bank Limited (MNBBL)
with Rs 3.06 arba.
Development banks operating in 1 to 3 districts:
Tinau Mission Development Bank (TMDBL)
has the highest paid up capital of Rs 114.42 crores followed by
Excel Development Bank Limited (EDBL)
with Rs 69.27 crores.
Reserve and surplus:
National level:
In terms of reserves and surplus,
Lumbini Bikas Bank Limited (LBBL)
has maintained its lead with a reserve and surplus of Rs 1.63 arba.
Mahalaxmi Bikas Bank Limited (MLBL)
has maintained second position with Rs 1.42 arba reserve and surplus fund.
Om Development Bank Limited (ODBL)
has a reserve of Rs 1.33 arba.
Development banks operating in 1 to 3 districts:
Excel Development Bank (EDBL
) has maintained its lead even in reserve and surplus of Rs 31.02 crore.
Tinau Mission Development Bank (TMDBL)
has maintained second position with Rs 30.70 crore reserve and surplus fund. Investors are requested to note down the bank with negative reserve and surplus is
Corporate Development Bank Limited (CORBL)
having a negative reserve of Rs 0.28 crores.
Deposit collection:
National Level:
As of the fourth quarter of FY 2075/76,
Muktinath Bikas Bank Limited (MNBBL)
stands on top with total deposits worth Rs 46.12 arba. Similarly, the bank is followed
Garima Bikas Bank Limited (GBBL)
and
Mahalaxmi Bikas Bank Limited (MLBL)
with the collected deposit of Rs 33.13 arba and Rs 32.55 arba respectively.
Development banks operating in 1 to 3 districts:
Tinau Mission Development Bank (TMDBL)
has established itself in the top list in deposit collection as well. It has a deposit worth Rs 10.60 arba. Similarly, the bank is followed by Excel Development Bank (EDBL) and Kanchan Development Bank Limited (KADBL) with the collected deposit of Rs 7.43 arba and Rs 5.92 arba respectively.
Corporate Development Bank Limited (CORBL)
has the lowest deposit collection of Rs.18.86 crore only.
Loans and advances:
National Level:
As shown in the figure, the top position in loans and advances is occupied by
Muktinath Bikas Bank (MNBBL)
with credit disbursement worth Rs 37.71 arba.
Garima Bikas Bank (GBBL)
has a loan and advances portfolio of Rs. 28.59 arba.
Kailash Bikas Bank Limited (KBBL)
has the loan portfolio of Rs 27.78 arba.
Development banks operating in 1 to 3 districts:
As shown in the figures, the top positions in loans and advances are consistent with top position in deposit. The top three positions are occupied by
Tinau Mission Development Bank (TMDBL)
,
Excel Development bank (EDBL)
and
Kanchan Development Bank Limited (KADBL)
with credit disbursement worth Rs 8.91 arba, 6.40 arba and 4.79 arba.
Net interest income:
National level:
One of the major sources of revenue for banks is its interest income.
Muktinath Bikas Bank Limited (MNBBL)
has the highest net interest income of Rs 1.81 arba. It is followed by
Mahalaxmi Bikas Bank Limited (MLBL)
and
Kailash Bikas Bank Limited (KBBL)
with net interest income of Rs 1.42 arba and Rs 1.40 arba respectively.
Development banks operating in 1 to 3 districts:
The top three positions are occupied by
Tinau Mission Development Bank (TMDBL),
Excel Development bank (EDBL)
and
Miteri Development Bank Limited (MDB)
with net interest income of Rs 44.38 crores, Rs 38.11 crores and Rs  27.85 crores respectively.
Major indicators:
Earnings per share:
National level:
Earnings per share is presumed to be one of the key factors while undertaking investment decision.
Lumbini Bikas Bank Limited (LBBL) with an unmet paid up capital
becomes the bank to serve investors with highest EPS of Rs 26.69 per share. Muktinath Bikas Bank (MNBBL) has an EPS of Rs 26.33 and
Kailash Bikas Bank Limited (KBBL)
has an EPS of Rs 24.46 per share.
Development banks operating in 1 to 3 districts:
The top positions are occupied by
Miteri Development Bank Limited (MDB) and
Sahayogi Vikas Bank (SBBLJ)
have an EPS of Rs 25.12.
Net worth per share:
The highest net worth per share among these development banks is Rs 174.06
of Lumbini Bikas Bank Limited (LBBL)
which has an unmet paid up capital.
Om Development Bank (ODBL)
has the second highest net worth per share as of Q4 of FY 2075/76 i.e. Rs 153.09.
Kailash Bikas Bank Limited (KBBL)
has the third highest net worth of Rs 150.74 per share.
Development banks operating in 1 to 3 districts:
The highest net worth per share among these development banks is Rs 150.38 of
Sahayogi Bikas Bank Limited (SBBLJ)
.
Excel Development Bank Limited (EDBL)
has the second highest net worth per share as of Q4 of FY 2075/76 i.e. Rs 144.79.
P/E Ratio:
National level:
Given that Lumbini Bikas Bank Limited (LBBL) has not met the paid up capital, it has lowest P/E ratio i.e. 6.63 times. Among the banks whose paid up capital is met, Mahalaxmi Bikas Bank Limited (MLBL) has least P/E ratio which stands at 8.91 times. Similarly, bank with the next least P/E ratio is Om Development Bank Limited (ODBL) i.e. 9.00 times. Since, the general rule of thumb in finance suggest, a P/E ratio below 15 is an adequate price, the national level development banks with P/E ratio below 15 are being traded in the market at a cheaper price than expected.
Development banks operating in 1 to 3 districts:
The development bank (operating in 1 to 3 districts) with the lowest P/E ratio as of is Corporate Development Bank Limited (CORBL) i.e. 4.60 times followed by Sahayogi Vikas Bank Limited (SBBLJ) with P/E ratio of 7.84 times.
A full picture:
How would you like these banks to perform in the upcoming fiscal year? Which is your choice of investment? Please feel free to drop a comment.",0.5585004091262817
2019-08-26,Mahalaxmi Bikas Bank makes commitment towards greener and cleaner cities; conducts tree plantation event in Kathmandu and Tulsipur utilizing Saturday,https://www.sharesansar.com/newsdetail/mahalaxmi-bikas-bank-makes-commitment-towards-greener-and-cleaner-cities-conducts-tree-plantation-event-in-kathmandu-and-tulsipur-utilizing-saturday,"Mahalaxmi Bikas Bank, under its CSR initiative, has conducted tree plantation programs on Bhadra 7, 2075 from its Maharajgunj and Tulsipur branch.
The Maharajgunj branch has planted new saplings along the road stretch from Kathmandu-3 Maharajgunj to Neuro Hospital where the event was formally inaugurated by head of the respective ward office Mr. Deepak K.C. and CEO of the bank Mr. Krishna Raj Lamichhane.
Similarly, the Tulsipur branch conducted similar plantation event at Tulsipur-8 Dudhina of Dang where its two branches collaborated to plant several species of saplings around the area, as per the media statement.",0.5417189598083496
2019-08-15,Mahalaxmi Bikas Bank reports a profit of Rs 80.75 crores; Reserves at Rs 1.74 arba,https://www.sharesansar.com/newsdetail/mahalaxmi-bikas-bank-reports-a-profit-of-rs-8075-crores-reserves-at-rs-174-arba,"Mahalaxmi Bikas Bank Limited (MLBL)
has published a Q4 report of the fiscal year 2075/76. The bank has reported a net profit of Rs 80.75 crore in Q4 2075/76. The net profit of the company has increased by 78.61% compared to Rs 45.21 crore in the Q4 of 2074/75 FY.
The National level development bank has collected deposits of Rs 30.59 arba and has floated loans of Rs 26.75 arba in the Q4 of 2075/76.
The net interest income of the company has increased by 41.28%, from Rs 1.24 arba to Rs 1.76 arba in Q4 2075/76.
The development banks' Paid-Up stand at Rs 2.84 arba with reserves of Rs 1.74 arba. The bank's NPL has decreased from 3.88% to 2.54% by the end of the fourth quarter.
The annualized EPS stands at Rs 28.28 and net worth per share at Rs 163.10.",-0.6628228425979614
2019-08-05,Mahalaxmi Bikas Bank to change shareholding ratio from 53.98:46.02 to 51:49; promoter shares worth Rs.8 Crore to be converted to ordinary shares,https://www.sharesansar.com/newsdetail/mahalaxmi-bikas-bank-to-change-shareholding-ratio-from-53984602-to-5149-promoter-shares-worth-rs8-crore-to-be-converted-to-ordinary-shares,"The 433
rd
BOD meeting of Mahalaxmi Bikas Bank Limited (MLBL) has decided to change the promoter public shareholding ratio.
The promoter public shareholding ratio which is currently at 53.98:46.02, will be changed to 51:49 through conversion of promoter shares. Promoter shareholders who do not want their shareholding converted are required to submit a written application at the central office (Durbarmarg) of the bank within a period of 35 days of publishing the notice.
The paid up capital of the company as of the end of third quarter of last FY stands at Rs.2.84 Arba out of which Rs.1.53 Arba is held by promoter shareholders and Rs.1.31 Arba by ordinary shareholders. After the change of shareholding ratio, Rs.1.45 Arba will be held by promoter shareholders and Rs.1.39 Arba by ordinary shareholders.",0.9274097084999084
2019-08-05,Mahalaxmi Bikas Bank expands at Thamel of Kathmandu with 98th branch,https://www.sharesansar.com/newsdetail/mahalaxmi-bikas-bank-expands-at-thamel-of-kathmandu-with-98th-branch,"Mahalaxmi Bikas Bank has brought into operation its new branch at Thamel the heart of Kathmandu on Shrawan 20, 2076.
The bank currently provides its services to more than 5 lakh customers from its 98 branches and 35 ATM terminals.",0.4677949547767639
2019-07-24,Mahalaxmi Bikas Bank receives Best Presented Annual Report Award 2018 from ICAN; receives felicitation among development bank group,https://www.sharesansar.com/newsdetail/mahalaxmi-bikas-bank-receives-best-presented-annual-report-award-2018-from-ican-receives-felicitation-among-development-bank-group,"The Chartered Accountant Institute of Nepal ICAN has felicitated Mahalaxmi Bikas Bank with the best Presented Annual Report Award 2018 amid a program on Shrawan 7, 2076. The award was presented by Honorary Finance Minister Dr. Yuba Raj Khatiwada to CEO of the bank Mr. Krishna Raj Lamichhane.
The association of charter accountants of Nepal has felicitated the bank for its transparency in presenting its financial reports based on the NFRS practice of the NRB thereby proving its responsibility and credibility towards all its stakeholders, as per the media statement.",-0.686380922794342
2019-07-23,Mahalaxmi Bikas Bank extends helping hands to Prithivi Chandra hospital located in Ramgram of Nawalparasi,https://www.sharesansar.com/newsdetail/mahalaxmi-bikas-bank-extends-helping-hands-to-prithivi-chandra-hospital-located-in-ramgram-of-nawalparasi,"Mahalaxmi Bikas Bank, under its CSR initiative, has installed and handed over water dispenser, water purifier and water motor to Prithivi Chandra Hospital located in Ramgram of Nawalparasi.
The support items were handed over by Parasi branch of the bank on Asad 31, 2076 with an aim to provide more services to the patients who visit the hospital for different medical reasons. The bank also distributed fruits to the patients in the hospital, as per the media statement.",0.49055689573287964
2019-07-15,Mahalaxmi Bikas Bank organizes free health camp at Sukhedhara of Kathmandu; more than 300 local folks receive range of health benefits,https://www.sharesansar.com/newsdetail/mahalaxmi-bikas-bank-organizes-free-health-camp-at-sukhedhara-of-kathmandu-more-than-300-local-folks-receive-range-of-health-benefits,"Mahalaxmi Bikas Bank, under its CSR initiative, has conducted a free health camp through its Sukhedhara branch with a technical support from Om Hospital.
The bank also handed over necessary medicines to the needy people and provided range of health services to more than 300 people, as per the media statement.",0.5298653841018677
2019-07-10,"Mahalaxmi Bikas Bank signs agreement with Dhumbarai based HAMS Hospital; MoU to enable bank’s customers, employees and family members to receive 10% discount at the hospital",https://www.sharesansar.com/newsdetail/mahalaxmi-bikas-bank-signs-agreement-with-dhumbarai-based-hams-hospital-mou-to-enable-banks-customers-employees-and-family-members-to-receive-10-discount-at-the-hospital,"Mahalaxmi Bikas Bank Ltd
has entered into an agreement with Dhumbarai based HAMS Hospital. The MoU was signed with the Hospital on Asad 24, 2076 between Director of the bank Mr. Prakash Ghimire and chairman of the hospital Mr. RS Bhandari.
Now the customers and employees including their family members of the Bank shall get attractive discount of 10% while availing medical services from the hospital and discount of 5% while purchasing medicines from the HAMS Pharmacy.
The bank currently provides its services to its customers from its 96 branches spread across the nation.",-0.39435335993766785
2019-06-14,Mahalaxmi Bikas Bank expands at Kawasoti of Nawalpur with 96th branch,https://www.sharesansar.com/newsdetail/mahalaxmi-bikas-bank-expands-at-kawasoti-of-nawalpur-with-96th-branch,"Mahalaxmi Bikas Bank has brought into operation its new branch at Kawasoti Nagarpalika-8 Kawasoti of Nawalpur district on Jestha 30, 2076. The latest facility was inaugurated amid a program by Mayor of the nagarpalika Ms. Chandrakumari Pun and was also attended by bank’s Deputy CEO Mr. Dipesh Lamsal among others.
The bank currently provides its services to more than 4.50 lakh customers from its 96 branches and 35 ATM terminals.",0.5667454600334167
2019-06-03,Mahalaxmi Bikas Bank expands at Jhamsikhel of Lalitpur and Sankhamul of Kathmandu taking its branch count to 95 so far,https://www.sharesansar.com/newsdetail/mahalaxmi-bikas-bank-expands-at-jhamsikhel-of-lalitpur-and-sankhamul-of-kathmandu-taking-its-branch-count-to-95-so-far,"Mahalaxmi Bikas Bank has brought into operation two more branches at Lalitpur-3 Jhamsikhel on Jestha 15 and at Kathmandu-10 Sankhamul on Jestha 19, 2076.
Following the latest expansion, the bank’s branch count reaches to 95 branches so far, as per the media statement.",0.42964428663253784
2019-05-22,Mahalaxmi Bikas Bank now 25 years better; celebrates Silver Jubilee by recognizing contribution of cultural stalwartHon. Satya Mohan Joshi,https://www.sharesansar.com/newsdetail/mahalaxmi-bikas-bank-now-25-years-better-celebrates-silver-jubilee-by-recognizing-contribution-of-cultural-stalwarthon-satya-mohan-joshi,"Mahalaxmi Bikas Bank has conducted a range of events at its different branches to commemorate its 25
th
anniversary on Jestha 7, 2076. The main branch of the bank located at Durbarmarg of Kathmandu has conducted a walkathon event around the core city area of Kathmandu which was attended by most of the employees of the bank from the bank’s Kathmandu valley branches.
More importantly, the bank at its head office has felicitated famous cultural studies giant of Nepal Hon. Satya Mohan Joshi amid a separate event which was also attended by chairman of the bank  Mr. Rajesh Upadhya, board members Mr. Rupendra Paudel, Mr. Rajesh Rauniyar, among others. Chairman Mr. Upadhya handed over the certificate of appreciation and cheque amount of Rs 1 lakh to Mr. Joshi as a recognition to his contribution towards documentation of Nepalese culture.",0.07346677780151367
2019-05-17,Which development bank leads this quarter? Find out more about national level development banks,https://www.sharesansar.com/newsdetail/which-development-bank-leads-this-quarter-find-out-more-about-national-level-development-banks,"There are 30 development level banks. However, not all of these fall in the same category. The development banks can be categorized within three sub categories: National level development banks, development banks operating in 4 to 10 districts and development banks operating in 1 to 3 districts. A wise investor would create a portfolio of development banks comparing their performance with the other banks falling in the respective categories.
Om Development Bank Limited is in the process of merger with NMB Development bank Limited. Jyoti Bikas Bank Limited has completed its merger with Hamro Bikas Bank Limited. Deva Bikas Bank Limited is in the process of acquisition of Western Development Bank Limited. Shine Resunga Development Bank has recently signed a MoU to acquire Purnima Bikas Bank Limited and Bhargav Bikas Bank Limited. Also, Tinau Bikas Bank Limited and Mission Development Bank are in the merger process since 18
th
March, 2019. Whereas, Saptakoshi BIkas Bank Limited and Kabeli Bikas Bank Limited are in the merger process too since 17
th
January, 2019. Once all the mentioned mergers and acquisition happens easily, then as per current scenario there will be 11 National Level Development Bank including Shine Resunga Development Bank Limited and 12 Regional Level Development Bank in the operation. However, many more merger and acquisition may happen anytime in the future, which may again decrease the total number of B class financial institutions.
This article will deal with national level and compare the banks within their respective category.
Net profit:
As per the net profit of third quarter of 2075/76,
Muktinath Bikas Bank Limited (MNBBL)
is in the lead with a profit of Rs 60.21 crores. Similarly,
Garima Bikas Bank Limited (GBBL)
has the second highest net profit of Rs 42.38 crores in the same quarter. In the third position,
Kailash Bikas Bank Limited (KBBL)
has the net profit of Rs 39.61 crores. The bank with the least net profit is
Kamana Sewa Bikash Bank Limited (KSBBL)
whose net profit amounts to Rs 21.21 crores.
The industry average net profit of national level development bank stands at Rs 35.23 crores. Five of these banks have net profit above industry average whereas six of them have below average.
Paid up capital:
The central bank of the country has directed these development “B” categorized banks to meet the paid up capital requirement. NRB has directed development banks of national level to meet the paid up capital of at least 2.50 arba.
Among the eleven national level banks, Lumbini Bikas Bank Limited (LBBL) is yet to meet the paid up capital requirement. The company has proposed to distribute 17.35% bonus shares to its shareholders for the fiscal year 2074/75 but yet the book closure and AGM remains to be announced. Upon the adjustment of the dividend the development bank can meet up its minimum paid up capital requirement easily.
The bank with highest paid up capital are
Jyoti Bikash Bank Limited (JBBL)
with Rs 3.10 arba,
Muktinath Bikas Bank Limited (MNBBL)
with 3.06 arba and
Mahalaxmi Bikas Bank Limited (MLBL)
with Rs 2.84 arba capital.
The paid up capital of Deva Bikas Bank Limited (DBBL) might change after acquiring Western Development Bank Limited and Sahara Bikas Bank Limited.
Reserve and surplus:
In terms of reserves and surplus,
Lumbini Bikas Bank Limited (LBBL)
has maintained its lead with a reserve and surplus of Rs 1.47 arba.
Mahalaxmi Bikas Bank Limited (MLBL)
has maintained second position with Rs 1.29 arba reserve and surplus fund.
Om Development Bank (ODBL)
has a reserve of Rs 1.15 arba. The bank with least reserve and surplus is
Shangrila Development Bank Limited (SADBL)
having a reserve of Rs 58 crores.
The industry average in reserve and surplus for national level development banks is Rs 99 crores.
Deposit collection:
All the banks except Lumbini Bikas Bank have the same range of paid up capital which is equal or above Rs 2.50 arba. So, the national level development banks are going through a severe competition with each other in order to attract the deposit clients. As of the third quarter of FY 2075/76,
Muktinath Bikas Bank Limited (MNBBL)
stands on top with total deposits worth Rs 41.80 arba. Similarly, the bank is followed
Mahalaxmi Bikas Bank Limited (MLBL)
and
Garima Bikas Bank Limited (GBBL)
with the collected deposit of Rs 30.49 arba and Rs 30.36 arba respectively.
Deva Bikas Bank (DBBL)
has the lowest deposit collection of Rs. 17.93 arba only.
The average deposit collected by national development banking industry stands at Rs 26.76 arba. The effect of liquidity crisis is seen among these banks as well since six of the banks have their deposit above industry average.
Loans and advances:
With paid up capital of almost same ranges, competition among development banks implies even in bringing the loan clients. As shown in the figure, the top position in loans and advances is occupied by
Muktinath Bikas Bank (MNBBL)
with credit disbursement worth Rs 36.45 arba.
Kailash Bikas Bank Limited (KBBL)
has a loan and advances portfolio of Rs. 26.54 arba.
Mahalaxmi Bikas Bank (MLBL)
has the loan portfolio of Rs 26.36 arba. Similarly on the other end of the rope, stands
Deva Bikas Bikas Bank (DBBL)
with the lowest loan and advances portfolio of Rs. 16.94 arba.
The industry average loan portfolio of national level development banks stands at Rs 23.78 arba. Six of the national level development banks have their loan portfolio above industry average whereas remaining has below average.
Net interest income:
One of the major sources of revenue for banks is its interest income.
Muktinath Bikas Bank Limited (MNBBL)
has the highest net interest income of Rs 129.12 crores. It is followed by
Mahalaxmi Bikas Bank Limited (MLBL)
and
Garima Bikas Bank Limited (GBBL)
with net interest income of Rs 100.27 crores and Rs 99.09 crores respectively. The industry average in this category stands at Rs 84.56 crores.
Major indicators:
Earnings per share (Annualized):
Earnings per share are presumed to be one of the key factors while undertaking investment decision.
Muktinath Bikas Bank (MNBBL)
becomes the bank to serve investors with highest annualized EPS of Rs 26.19 per share.
Kailash Bikas Bank Limited (KBBL)
stands in the second position with annualized EPS of Rs 20.95 per share.
Lumbini Bikas Bank Limited (LBBL)
has an EPS of Rs 20.73.
Kamana Sewa
Bikas Bank (KSBBL)
stays at the bottom with an earning of Rs. 11.30 per share.
Net worth per share:
The highest net worth per share among these development banks is Rs 166.32
of
Lumbini Bikas Bank Limited (LBBL)
which has an unmet paid up capital.
Om Development BankLimited (ODBL)
has the second highest net worth per share as of Q3 of FY 2075/76 i.e. Rs 145.77.
Jyoti Bikash Bank Limited (JBBL)
has the least net worth of Rs 120.46 per share.
The average net worth of national level development banking industry stands at Rs 137.79 where five banks have net worth above average.
P/E Ratio:
Given that Lumbini Bikas Bank Limited (LBBL) has not met the paid up capital, it has lowest P/E ratio i.e. 9.55 times. Among the banks whose paid up capital is met, Om Development Bank Limited (GBBL) has least P/E ratio which stands at 10.70 times. Similarly, bank with the next least P/E ratio is Kailash Bikas Bank Limited (KBBL) i.e. 11.03 times. Since, the general rule of thumb in finance suggest, a P/E ratio below 15 is an adequate price, the national level development banks with P/E ratio below 15 are being traded in the market at a cheaper price than expected.
A full picture:
How would you like these banks to perform in the upcoming fiscal year? Which is your choice of investment? Please feel free to drop a comment.",0.9002768993377686
2019-05-17,Mahalaxmi Bikas Bank expands at Maitidevi of Kathmandu with one more branch,https://www.sharesansar.com/newsdetail/mahalaxmi-bikas-bank-expands-at-maitidevi-of-kathmandu-with-one-more-branch,"Mahalaxmi Bikas Bank has brought into operation its latest branch at Kathmandu-30 Maitidevi on Jestha 2, 2076. The new banking facility was inaugurated by Deputy Governor of Nepal Rastra Bank Mr. Chintamani Shivakoti and chairman of the bank Mr. Rajesh Upadhaya amid a program which was also attended by ward chair of Maitidevi Mr. Dal Bahadur Karki, BoD of the bank Mr. Rupendra Paudel, CEO Mr. Krishna Raj Lamichhhane among others.
The bank provides its services to 4 lakh customers from its 93 branches and 35 ATM terminals.",0.3443739414215088
2019-05-15,Mahalaxmi Bikas Bank adds two new branches at Dhakdhai and Thutipipal of Rohini and Om Satiya Gaupalika respectively; 93 branches under bank network so far,https://www.sharesansar.com/newsdetail/mahalaxmi-bikas-bank-adds-two-new-branches-at-dhakdhai-and-thutipipal-of-rohini-and-om-satiya-gaupalika-respectively-93-branches-under-bank-network-so-far,"Mahalaxmi Bikas Bank has brought into operation two new branches at Rohini Gaupalika-3 Dhakdhai and at Om Satiya Gaupalika-1 Thutipipal. The latest facilities were inaugurated by chairmans of respective gaupalikas Mr. Sanjay Kumar Yadav and Mr. Hira Kewat Rawal amid separate events on Baisakh 30 and 31, 2076. The inaugural event was also attended by Deputy CEO Mr. Dipesh Lamsal, among other people from several walks of life.
The bank currently has its presence through 93 branches and 35 ATM terminals and provides services to around 4.5 lakh customers.",0.6418646574020386
2019-05-13,"Kailash Bikas Bank, Mahalaxmi Bikas Bank and Deva Bikas Bank publish third quarter report; see the major highlights",https://www.sharesansar.com/newsdetail/kailash-bikas-bank-mahalaxmi-bikas-bank-and-deva-bikas-bank-publish-third-quarter-report-see-the-major-highlights,"Kailash Bikas Bank Limited (KBBL)
has reported increase in net profit by 1.33% in the third quarter of the fiscal year 2075/76.
As per the report published in newspaper, the development bank has stated that its net profit increased to Rs 39.61 crore in Q3 from Rs 39.09 crore reported in the corresponding quarter of the previous fiscal year 2074/75.
It has collected deposits of Rs 29.48 arba and floated loans of Rs 26.54 arba in Q3 of the current fiscal year.
It’s paid up capital remains at Rs 2.52 arba and reserve has increased to Rs 1.05 arba.
The development bank’s non-performing loan (NPL) decreased to 0.35% from 0.46%.
The annualized EPS of KBBL stands at Rs 21.17 and Net worth per share stands at Rs 141.99. Its annualized P/E ratio stands at 10.11 times.
Similarly,
Mahalaxmi Bikas Bank Limited (MLBL)
has published a Q3 report of the fiscal year 2075/76. The bank has reported a net profit of Rs 38.79 crore in Q3 2075/76. The net profit of the company has increased by 15.14% compared to Rs 33.69 crore in the Q3 of 2074/75 FY.
The National level development bank has collected deposits of Rs 30.49 arba and has floated loans of Rs 26.35 arba in the Q3 2075/76.
Deposits and Loan & advances of the company have increased by 21.42% and 21.77% respectively, compared to the corresponding quarter of the last fiscal year.
The net interest income of the company has increased by 39.47%, from Rs 71.89 crore to Rs 1 arba in Q3 2075/76.
The development banks' Paid-Up stand at Rs 2.84 arba with reserved of Rs 1.28 arba. The bank's NPL has decreased from 3.97% to 3.85% by the end of the third quarter.
The annualized EPS stands at Rs 18.18 and net worth per share at Rs 145.23.
Also,
Deva Bikas Bank Limited (DBBL)
has reported an increase of 26.15% in the net profit in the third quarter of the current FY 2075/76.
According to the unaudited financial report published by the National level development bank today, its net profit has reached to Rs 25.52 crore in the third quarter, from Rs 20.23 crore in the corresponding quarter of the last fiscal year 2074/75.
DBBL’s net interest income has risen to Rs 61.58 crore in the third quarter as compared to Rs 48.21 crore in the corresponding quarter. Its deposits collection reached Rs 17.92 arba in Q3 from Rs 13.95 arba in the corresponding period last year.
Likewise, it has extended loans and advances of Rs 16.94 arba in Q3 whereas in the same period last year, the figure stood at Rs 12.63 arba.
Annualized Earning per share (EPS) of DBBL stands at Rs 13.43 and net worth per share is at Rs 128.14. The company posted PE Ratio of 9.53 times.
Its paid up capital and reserves remain at Rs 2.53 arba and Rs 73.32 crore respectively.",-0.0818270742893219
2019-04-22,Mahalaxmi Bikas Bank expanding with steady pace; adds 93rd branch in Koteshwor of Kathmandu,https://www.sharesansar.com/newsdetail/mahalaxmi-bikas-bank-expanding-with-steady-pace-adds-93rd-branch-in-koteshwor-of-kathmandu,"Mahalaxmi Bikas Bank has brought into operation its 93
rd
branch at Kathmandu-32 Koteshwor on Baisakh 9, 2076.
The national level development bank aims to contribute towards the national economy by providing easy credit facilities and providing good returns to its customers in all the branches, as per the media statement.",-0.7402992248535156
2019-04-03,Mahalaxmi Bikas Bank provides support of Rs 1 lakh to storm affected individuals in Bara and Parsa,https://www.sharesansar.com/newsdetail/mahalaxmi-bikas-bank-provides-support-of-rs-1-lakh-to-storm-affected-individuals-in-bara-and-parsa,"Mahalaxmi Bikas Bank, through its Birgunj, Kalaiya and Prashuni branches, has provided relief materials to the victims of deadly storm that struck central Nepal on Sunday.
The development bank has provided Rs 1 lakh worth of food items, clean drinking water and other materials of daily necessity to the affected locals of Bara and Parsa. The bank has also committed to provide more support in coming days, as per the media statement.",-0.5053801536560059
2019-03-24,Mahalaxmi Bikas Bank enters into bancassurance deal  with Everest Insurance,https://www.sharesansar.com/newsdetail/mahalaxmi-bikas-bank-enters-into-bancassurance-deal-with-everest-insurance,"Mahalaxmi Bikas Bank has entered into bancassurance with Everest Insurance Company. The agreement for the same was signed between CEO of the development bank Mr. Krishna Raj Lamichane and CEO of the insurance company Mr. Kamal Gautam amid a program. Following the agreement, customers of the development bank can now avail all the non-life insurance services and policies offered by the insurance company from all its branches.",0.370659202337265
2019-03-18,Mahalaxmi Bikas Bank conducts cleanliness and banking awareness campaign in Durbarmarg,https://www.sharesansar.com/newsdetail/mahalaxmi-bikas-bank-conducts-cleanliness-and-banking-awareness-campaign-in-durbarmarg,"Mahalaxmi Bikas Bank, under its CSR initiative, has conducted cleanliness and banking awareness related program through its Durbar Marg branch on Chaitra 2, 2075. The event was also attended by chairman of Kathmandu-1 Mr. Bharat Lal Shrestha, chief of Durbarmarg Police Mr. Binod Ghimire, people representing various professions and walks of life, as mentioned in the media statement.",0.7915526628494263
2019-02-21,Two Mahalaxmis join hands; Mahalaxmi Bikas Bank to facilitate insurance business of Mahalaxmi Life Insurance Company under bancassurance agreement,https://www.sharesansar.com/newsdetail/two-mahalaxmis-join-hands-mahalaxmi-bikas-bank-to-facilitate-insurance-business-of-mahalaxmi-life-insurance-company-under-bancassurance-agreement,"Mahalaxmi Bikas Bank has signed an agreement of Bancassurance with Mahalaxmi Life Insurance Company on Falgun 7, 2075. The agreement was signed between CEO of the development bank Mr. Krishna Raj Lamichhane and CEO of the insurance Mr. Ramesh Kumar Bhattarai amidst a function. With this agreement, the customers of the development bank can avail all the services of the life insurance company from all its branches.",-0.5474905371665955
2019-02-14,Do you have shares of Development Banks? Find out how national level and regional level development banks performed this quarter. Muktinath and Excel in the lead,https://www.sharesansar.com/newsdetail/do-you-have-shares-of-development-banks-find-out-how-national-level-and-regional-level-development-banks-performed-this-quarter-muktinath-and-excel-in-the-lead,"A good form of comparison is the one where comparison is done among the entities in the same category. There are 30 development level banks. However, not all of these fall in the same category. The development banks can be categorized within three sub categories: National level development banks, development banks operating in 4 to 10 districts and development banks operating in 1 to 3 districts. A wise investor would create a portfolio of development banks comparing their performance with the other banks falling in the respective categories.
This article will deal with two of the categories: national level and banks operating in 1 to 3 districts and compare the banks within their respective category.
Net profit:
National level:
As per the net profit of second quarter of 2075/76,
Muktinath Bikas Bank Limited (MNBBL)
is in the lead with a profit of Rs 40.48 crores. Similarly,
Garima Bikas Bank Limited (GBBL)
has the second highest net profit of Rs 27.95 crores in the same quarter. In the third position,
Kailash Bikas Bank Limited (KBBL)
has the net profit of Rs 27.47 crores. The bank with the least net profit is
Deva Bikas Bank (DBBL)
whose net profit amounts to Rs 13.30 crores.
The industry average net profit of national level development bank stands at Rs 22.96 crore. Six of these banks have net profit above industry average whereas five of them have below average. The national development banking industry made a net profit of Rs 2.52 arba in the second quarter.
Development banks operating in 1 to 3 districts:
As per the net profit of second quarter of 2075/76,
Excel Development Bank Limited (EDBL)
is in the lead with a profit of Rs 8.25 crore. Similarly,
Corporate Development Bank Limited (CORBL)
has the second highest net profit of Rs 6.46 crore in the same quarter. The bank with the least net profit is
Karnali Bikas Bank (KRBL)
whose net profit amounts to Rs 49 lakhs.
The industry average calculated among regional level development banks in terms of net profit is Rs 3.37 crores.
Paid up capital:
The central bank of the country has directed these development “B” categorized banks to meet the paid up capital requirement. NRB has directed development banks of national level to meet the paid up capital of at least 2.50 arba, development banks operating in 4 to 10 districts to meet the paid up capital of at least 1.2 arba and development banks operating in 1 to 3 districts a paid up capital of 50 crores.
National level:
Among the eleven national level banks, Lumbini Bikas Bank Limited (LBBL) is yet to meet the paid up capital requirement. The bank with highest paid up capital are
Muktinath Bikas Bank Limited (MNBBL)
with 3.06 arba,
Mahalaxmi Bikas Bank Limited (MLBL)
with Rs 2.84 arba capital and
Garima Bikas Bank Limited (GBBL)
with Rs 2.79 arba.
As for Lumbini Bikas Bank Limited (LBBL), the bank has paid up capital of Rs 2.18 arba paid up capital. LBBL has proposed 17.25% bonus shares for FY 2074/75 in order to meet the paid up capital requirement. The paid up capital structure of Jyoti Bikas Bank Limited (JBBL) might change after acquiring Hamro Bikas Bank Limited. Similarly, the paid up capital of Deva Bikas Bank Limited (DBBL) might also change after acquiring Western Development Bank Limited and Sahara Bikas Bank Limited.
Development banks operating in 1 to 3 districts:
Banks such as Corporate Development Bank Limited (CORBL) and Kabeli Bikas Bank Limited (KEBL) are yet to meet the paid up capital of Rs 50 crores. Kabeli Bikas Bank Limited (KEBL) is in the process of merger with Saptakoshi Bikas Bank Limited (SKDBL). In addition to this, Corporate Development Bank Limited (CORBL) was released from crisis ridden status by NRB last year.
Excel Development Bank Limited (EDBL)
has the highest paid up capital of Rs 69.27 crores followed by
Mission Development Bank Limited (MIDBL)
with Rs 57.64 crores. These regional level banks operating in 3 to 10 districts are also required to choose there are of operation within a single province as per the directive of NRB.
Reserve and surplus:
National level:
In terms of reserves and surplus,
Lumbini Bikas Bank Limited (LBBL)
has maintained its lead with a reserve and surplus of Rs 1.36 arba.
Kamana Sewa Bikas Bank Limited (KSBBL)
has maintained second position with Rs 1.05 arba reserve and surplus fund.
Mahalaxmi Bikas Bank Limited (MLBL)
has a reserve of Rs 1.05 arba. The bank with least reserve and surplus is
Jyoti Bikas Bank Limited (JBBL)
having a reserve of Rs 46 crores.
The industry average in reserve and surplus for national level development banks is Rs 87 crores.
Development banks operating in 1 to 3 districts:
Excel Development Bank (EDBL
) has maintained its lead even in reserve and surplus of Rs 34.58 crore.
Sahayogi Vikas Bank Limited (SBBLJ)
has maintained second position with Rs 26.53 crore reserve and surplus fund. Investors are requested to note down the bank with negative reserve and surplus is
Corporate Development Bank Limited (CORBL)
having a negative reserve of Rs 3.05 crores.
The industry average of reserve and surplus within this category is Rs 10.67 crores. Only six of the banks have been able to maintain a reserve above industry average.
Deposit collection:
National Level:
In the banking sector, the deposit collection will play a major role in the upcoming days. All the banks except Lumbini Bikas Bank have the same range of paid up capital which is equal or above Rs 2.50 arba. So, the national level development banks will go through a severe competition with each other in order to attract the deposit clients. As of the second quarter of FY 2075/76,
Muktinath Bikas Bank Limited (MNBBL)
stands on top with total deposits worth Rs 38.14 arba. Similarly, the bank is followed
Mahalaxmi Bikas Bank Limited (MLBL)
and
Garima Bikas Bank Limited (GBBL)
with the collected deposit of Rs 28.90 arba and Rs 26.98 arba respectively.
Deva Bikas Bank (DBBL)
has the lowest deposit collection of Rs. 17.11 arba only.
The average deposit collected by national development banking industry stands at Rs 24.59 arba. The effect of liquidity crisis is seen among these banks as well since six of the banks have their deposit below industry average.
Development banks operating in 1 to 3 districts:
Excel Development Bank (EDBL)
has established itself in the top list in deposit collection as well. It has a deposit worth Rs 6.11 arba. Similarly, the bank is followed by
Tinau Bikas Bank Limited (TNBL)
and
Mission Development Bank Limited (MIDBL)
with the collected deposit of Rs 5.17 arba and Rs 4.79 arba respectively.
Corporate Development Bank Limited (CORBL)
has the lowest deposit collection of Rs.11.90 crore only. The position is consistent with the first quarter of the same fiscal year.
Theaverage deposit collected by development banks operating in 1 to 3 districts is Rs 2.99 arba.
Loans and advances:
National Level:
With paid up capital of almost same ranges, competition among development banks implies even in bringing the loan clients. As shown in the figure, the top position in loans and advances is occupied by
Muktinath Bikas Bank (MNBBL)
with credit disbursement worth Rs 32.98 arba.
Mahalaxmi Bikas Bank (MLBL)
has a loan and advances portfolio of Rs. 25.36 arba.
Kailash Bikas Bank Limited (KBBL)
has the loan portfolio of Rs 23.55 arba. Similarly on the other end of the rope, stands Deva Bikas Bikas Bank (DBBL) with the lowest loan and advances portfolio of Rs. 15.70 arba.
The industry average loan portfolio of national level development banks stands at Rs 21.85 arba. Five of the national level development banks have their loan portfolio above industry average whereas remaining has below average.
Development banks operating in 1 to 3 districts:
As shown in the figures, the top positions in loans and advances are consistent with top position in deposit. The top three positions are occupied by
Excel Development bank (EDBL),
Tinau Development Bank (TNBL)
and
Mission Development Bank Limited (MIDBL)
with credit disbursement worth Rs 5.40 arba, 4.41 arba and 4.12 arba.
Net interest income:
National level:
One of the major sources of revenue for banks is its interest income.
Muktinath Bikas Bank Limited (MNBBL)
has the highest net interest income of Rs 85.88 crores. It is followed by
Garima Bikas Bank Limited (GBBL)
and
Mahalaxmi Bikas Bank Limited (MLBL)
with net interest income of Rs 64.99 crores and Rs 62.58 crores respectively. The industry average in this category stands at Rs 54.31 crores.
Development banks operating in 1 to 3 districts:
The top three positions are occupied by
Excel Development bank (EDBL),
Kanchan Development Bank (KADBL)
and
Sahayogi Vikas Bank Limited (SBBLJ)
with net interest income of Rs 18.72 crores, Rs 11.11 crores and Rs 10.34 crores respectively.
Major indicators:
Earnings per share (Annualized):
National level:
An earnings per share is presumed to be one of the key factors while undertaking investment decision.
Muktinath Bikas Bank (MNBBL)
becomes the bank to serve investors with highest annualized EPS of Rs 26.42 per share.
Kailash Bikas Bank Limited (KBBL)
stands in the second position with annualized EPS of Rs 21.79 per share.
Lumbini Bikas Bank Limited (LBBL)
has an EPS of Rs 21.57.
Deva Bikas Bank (DBBL)
stays at the bottom with an earning of Rs. 10.50 per share.
Development banks operating in 1 to 3 districts:
The top positions are occupied by
Corporate Development Bank Limited (CORBL),
which has an unmet paid up capital requirement, with EPS of Rs 35.67.
Excel Development Bank (EDBL)
with an annualized EPS of Rs 23.83 per share.
Net worth per share:
The highest net worth per share among these development banks is Rs 162.34
of Lumbini Bikas Bank Limited (LBBL)
which has an unmet paid up capital.
Kamana Sewa Bikas Bank (KSBBL)
has the second highest net worth per share as of Q2 of FY 2075/76 i.e. Rs 142.09.
Jyoti Bikas Bank Limited (JBBL)
has the least net worth of Rs 117.64 per share.
The average net worth of national level development banking industry stands at Rs 133.74 where five banks have net worth above average.
Development banks operating in 1 to 3 districts:
The highest net worth per share among these development banks is Rs 152.05 of
Sahayogi Bikas Bank Limited (SBBLJ)
.
Excel Development Bank Limited (EDBL)
has the second highest net worth per share as of Q2 of FY 2075/76 i.e. Rs 149.92. The industry average net worth per share in this category is Rs 120.02.
P/E Ratio:
National level:
Given that Lumbini Bikas Bank Limited (LBBL) has not met the paid up capital, it has lowest P/E ratio i.e. 8.02 times. Among the banks whose paid up capital is met, Garima Bikas Bank Limited (GBBL) has least P/E ratio which stands at 9.08 times. Similarly, bank with the next least P/E ratio is Gandaki Bikas Bank Limited (GDBL) i.e. 9.28 times. Since, the general rule of thumb in finance suggest, a P/E ratio below 15 is an adequate price, the national level development banks with P/E ratio below 15 are being traded in the market at a cheaper price than expected.
Development banks operating in 1 to 3 districts:
The development bank (operating in 1 to 3 districts) with the lowest P/E ratio as of is Corporate Development Bank Limited (CORBL) i.e. 2.64 times followed by Tinau Development Bank Limited (TNBL) with P/E ratio of 9.07 times.
Click here to see the performance of Development bank operating in 4 to 10 district (SHINE)
A full picture:
How would you like these banks to perform in the upcoming fiscal year? Which is your choice of investment? Please feel free to drop a comment.
Click here to see the comparative analysis of commercial banks",0.9038159251213074
2019-02-12,Mahalaxmi Bikas Bank reported a negative growth in Net Profit in Q2; EPS & net worth stands at  Rs 13.9 & Rs 137 respectively,https://www.sharesansar.com/newsdetail/mahalaxmi-bikas-bank-reported-a-negative-growth-in-net-profit-in-q2-eps-net-worth-stands-at-rs-139-rs-137-respectively,"Mahalaxmi Bikas Bank Limited (MLBL) has published a Q2 report of the fiscal year 2075/76. The bank has reported a net profit of Rs 19.76 crore in Q2 2075/76. The net profit of the company has decreased by 3.79% compared to Rs 20.54 crore in the Q2 of 2074/75 FY.
The National level development bank has collected deposits of Rs 28.89 arba and has floated loans of Rs 25.36 arba in the Q2 2075/76.
Deposits and Loan & advances of the company have increased by 21.8% and 14.99% respectively, compared to the corresponding quarter of the last fiscal year.
The net interest income of the company has increased by 37.75%, from Rs 45.43 crore to Rs 62.58 crore in Q2 2075/76.
Similarly, an operating profit has increased massively by 443.19% to Rs 20.68 crore in the reviewed period. However,  ""write back from provision Losses,"" was low which led negative growth in profit in this quarter.
The development banks' Paid-Up stand at Rs 2.84 arba with reserved of Rs 1.05 arba. The bank's NPL has increased by 34.04% to 4.41% in Q2 of 2075/76.
Major Highlights of Q2 75/76;
Particulars (In Rs '000)
MLBL
Q2 2075/76
Q2 2074/75
Difference
Paid Up Capital
2,844,501
2,633,797
8.00%
Reserve & Surplus
1,050,999
1,305,083
-19.47%
Deposits
28,897,690
25,129,714
14.99%
Borrowings
66,209
Loans & Advances
25,364,868
20,824,436
21.80%
Net Interest Income
625,830
454,334
37.75%
Provision for possible losses
205,420
254,527
-19.29%
Operating Profit
206,845
38,080
443.19%
Write Back of Provisional for Possible losses
57,000
286,841
-80.13%
Net Profit
197,646
205,440
-3.79%
NPL to total loan (%)
4.41
3.29
34.04%
Annualized EPS (In Rs.)
13.90
15.60
-10.92%
Net Worth per Share (In Rs.)
136.95
149.55
-8.43%
P/E Ratio (In times)
12.02
The EPS and net worth of share stand at Rs 13.9 and Rs 136.95 respectively. The company has reported a P/E ratio of 12.02 times in the mentioned period.",0.011813059449195862
2019-01-28,NEPSE lists 40.99 lakh unit bonus shares of Citizen Investment Trust and Mahalaxmi Bikas Bank,https://www.sharesansar.com/newsdetail/nepse-lists-4099-lakh-unit-bonus-shares-of-citizen-investment-trust-and-mahalaxmi-bikas-bank,"Nepal Stock Exchange has listed 19,92,289.66 unit bonus shares of
Citizen Investment Trust (CIT)
.
The company had distributed 22.06% bonus shares for the FY 2073/74. The shareholders holding the bonus shares of CIT can now trade the shares in the secondary market.
Similarly, NEPSE has also listed 21,07,037.96 unit bonus shares of
Mahalaxmi Bikas Bank Limited
(MLBL)
.
The development bank had  distributed 8% bonus shares for the FY 2074/75. Shareholders of the bank holding the bonus shares can also trade the shares in the secondary market.",0.9212632775306702
2019-01-22,Let's see the branch and ATM count of national level development banks,https://www.sharesansar.com/newsdetail/lets-see-the-branch-and-atm-count-of-national-level-development-banks,"Currently, there are 11 national level development banks in Nepal. The ‘B’ class financial institutions have been providing banking services in various areas of the country. The services of the banks are being relayed through the well-managed branch count.
S. No
Name
No. of branches
No of ATM
1
Muktinath Bikas Bank Limited
102
20
2
Mahalaxmi Bikas Bank Limited
89
35
3
Jyoti Bikas Bank Limited
84
17
4
Kailash Bikas Bank Limited
82
31
5
Shangrila Development Bank Limited
77
23
6
Gandaki Bikas Bank Limited
77
19
7
Garima Bikas Bank Limited
66
15
8
Lumbini Bikas Bank Limited
66
13
9
Kamana Sewa Bikas Bank Limited
62
17
10
Om Development Bank Limited
53
19
11
Deva Bikas Bank Limited
52
11
Muktinath Bikas Bank tops among the development banks in the branch count as it has 102 branches in operation. However, this also includes rural banking centers of the bank. Out of the 11 national level development banks, Om Development Bank is on the process of being merged with Prime Commercial Bank. So, Deva Bikas Bank hold the least number of branches i.e 52 branches.
In case of ATM locations, Mahalaxmi Bikas Bank has 35 ATMs which is the highest among the national level development banks. Deva Bikas Bank has only 11 ATM locations under operation.
National Level development banks form an integral part in the banking structure of the country. These banks have been focusing on the expansion of the branches throughout the country. The recent directive issued by Nepal Rastra Bank also hints towards the expansion and strengthening of the national level development banks.",0.7792370319366455
2019-01-21,"14 development banks yet to convene AGM; Post proposed M&A, the number to come down to 26 from 32",https://www.sharesansar.com/newsdetail/14-development-banks-yet-to-convene-agm-post-proposed-ma-the-number-to-come-down-to-26-from-32,"Globalization and increased sophistication in the business today has made Corporate Governance more crucial and urgent than ever. The most highlighted elements of Corporate Governance are Transparency, Accountability and Fairness.
Thus, to uphold the sanctity of Corporate Governance, all the public limited companies are required to submit their financial reports to the concerned Government department so that the stakeholders can access it.
Similarly, in case of Listed Companies, they are required to publish the financial report every quarter and conduct the Annual General Meeting (AGM) within the second quarter end of next Fiscal Year (FY). There are repercussions if the companies fail to do so but despite that, some companies have failed to meet the requirement set.
Conducting AGM is necessary because it is the avenue that bridges the relationship between the shareholders and the management. This is the opportunity where the Shareholders get the chance to participate in important decisions of their company. Similarly, AGM is also necessary to approve any dividend that has been endorsed by the Board of Directors.
Development Banks, the ""Class B"" financial institutions of Nepal, are regulated by the Nepal Rastra Bank (NRB). Currently, there are 31 listed development banks in Nepal Stock Exchange (NEPSE), among which 11 are national level and the remaining 20 are regional level development banks. The AGM and Dividend status of each of them for the last fiscal year is listed below:
As you can see in the table above, except Corporate Development Bank (CORBL) all others have conducted their AGM for FY 2073/74. CORBL hasn’t conducted any AGM since FY 2069/70.
Similarly, for the FY 2074/75, fourteen development banks haven't conducted their AGM. Among these 14 banks, 7 banks have endorsed the dividend for shareholders and is subject to approval from AGM. Since all the 14 companies have passed the 6 months deadline for conducting AGM, they'll be facing penalties or fines.
In addition to that, after the minimum paid-up capital requirement was increased many banks are moving for Merger and Acquisition as shown in the table above. Thus, after all the M&A are finalized, there will be 10 National level Development Banks and 16 Regional level development banks.",0.777788519859314
2019-01-21,Mahalaxmi Bikas Bank to facilitate insurance business of Sagarmatha Insurance Company under bancassurance agreement,https://www.sharesansar.com/newsdetail/mahalaxmi-bikas-bank-to-facilitate-insurance-business-of-sagarmatha-insurance-company-under-bancassurance-agreement,"Mahalaxmi Bikas Bank has signed an agreement of Bancassurance with Sagarmatha Insurance Company on Magh 6, 2075.
The agreement was signed between CEO of the development bank Mr. Krishna Raj Lamichhane and CEO of the insurance Mr. Chanki Chettri amidst a function. With this agreement, the customers of the development bank can avail all the services of the non-life insurance company from all its branches.",-0.5308959484100342
2019-01-03,Mahalaxmi Bikas Bank extends helping hands to number of educational institutions under CSR activities,https://www.sharesansar.com/newsdetail/mahalaxmi-bikas-bank-extends-helping-hands-to-number-of-educational-institutions-under-csr-activities,"Mahalaxmi Bikas Bank has conducted number of CSR related activities from its several branches by providing support items to several educational institutions.
The development bank, on Poush 17 2075 has provided 2 sets of computers, 200 woolen caps and a water dispenser to Shree Bahira Secondary School located in Siddhartha nagar of Rupandehi district. the event was attended by member of PA Mr. Santosh Pandey, BoD of the bank Mr. Rahul Agrawal and chairman of SMC Mr. Khimlal Puri among others.
The Khurkhure branch of the bank also provided 105 set woolen sweaters to students from Shree Rastriya Primary School located in Rapti Nagarpalika-10, Chitwan on Mangsir 22, 2075. Likewise, the Mangalsen branch provided cash scholarship worth Rs 33 thousand to 11 needy students of Acham Multiple Campus on Poush 3, 2075.",0.522702693939209
2018-12-21,Mahalaxmi Bikas Bank launches chip based Dollar card; to facilitate easy and safe transaction during international travel,https://www.sharesansar.com/newsdetail/mahalaxmi-bikas-bank-launches-chip-based-dollar-card-to-facilitate-easy-and-safe-transaction-during-international-travel,"Mahalaxmi Bikas bank has launched its all-new chip based Mahalaxmi Dollar card into the market on Poush 5, 2075.
The bank expects that customers willing to travel abroad can receive good benefit during their travel, as mentioned in the media statement.",-0.5461470484733582
2018-12-16,Mahalaxmi Bikas Bank aggressive in branch expansion; adds 4 branches  into its branch grid in just 2 days taking its count to 89 branches,https://www.sharesansar.com/newsdetail/mahalaxmi-bikas-bank-aggressive-in-branch-expansion-adds-4-branches-into-its-branch-grid-in-just-2-days-taking-its-count-to-89-branches,"Mahalaxmi Bikas Bank has brought into operation 4 new branches in just couple days i.e. on Mangsir 27 and 28, 2075. The bank added 2 new branches on Mangsir 27
th
at Omsatiya Gaupalika-1, Tutipipal and Rohini Gaupalika-3, Dhakdhai of Rupandehi district.
Similarly, the bank also brought into operation two more branches on Mangsir 28 at Kathmandu-7, Chabahil and at Janakpur-4 of Dhanusha district.
The development bank also inaugurated its new branch at Rupani Gaupalika-1 of Saptari district on Mangsir 24, 2075 which was attended by chairman of the Gaupalika Mr. Hariram Yadhav.
The national level development bank has 89 branches so far under its ever-widening branch network.",0.26906996965408325
2018-11-19,Lumbini General Insurance under bancassurance pact with Mahalaxmi Bikas Bank; bank’s assets and customers‘ insurance under LGIL’s liability,https://www.sharesansar.com/newsdetail/lumbini-general-insurance-under-bancassurance-pact-with-mahalaxmi-bikas-bank-banks-assets-and-customers-insurance-under-lgils-liability,"Lumbini General Insurance has signed a MoU of bancassurance with Mahalaxmi Bikas Bank following which the insurance company will take over the insurance responsibility of all the assets and customers of the development bank.
The agreement was signed between CEO of the insurance company Mr. N.B. Pradhan and CEO of the bank Mr. Krishna Raj Lamichhane amid a program. The MoU signing event was also attended by Deputy CEO of the insurance Mr. B.K. Shrestha, Marketing Manager Mr. Tirtha Raj Puri, Senior Deputy CEO of the bank Mr. Sagar Sharma and Senior Marketing Manager Mr. Prakash Ghimire.",0.7423279285430908
2018-11-18,National development banks touch the mark of 2 kharba in deposit and loan portfolio; Muktinath Bikas Bank leads in six out of ten indicators,https://www.sharesansar.com/newsdetail/national-development-banks-touch-the-mark-of-2-kharba-in-deposit-and-loan-portfolio-muktinath-bikas-bank-leads-in-six-out-of-ten-indicators,"Highlights:
Muktinath Bikas Bank Limited leads among the national level development banks
The overall deposit collection exceeds loan portfolio of national level development banking industry by 1.13 times
The overall industry marks a net profit of Rs 90.29 crores in the first quarter
There are 11 National level B categorized development banks in the country. In the previous fiscal year, the number of national level development banks remained inconsistent throughout the year. Banks such as Tourism Development Bank Limited, NIDC Development Bank Limited, Kamana Bikas Bank, Sewa Bikas Bank, Mahalaxmi Bikas Bank, Yeti Development Bank, Gandaki iks Bank, Fewa Bikas Bank, Lumbini Bikas Bank, Vibor Society Development Bank, Om Development Bank, etc either went into merger or acquisition or initiated a joint transaction.
All these banks have published their first quarter financial reports and thus, the article provides an analysis on their financial status.
The listed national level development banks are:
Net profit:
As per the net profit of first quarter of 2075/76, Muktinath Bikas Bank Limited (MNBBL) is in the lead with a profit of Rs 20.04 crores. Similarly, Kailash Bikas Bank Limited (KBBL) has the second highest net profit of Rs 11.58 crores in the same quarter. In the third position, Mahalaxmi Bikas Bank Limited (MLBL) has the net profit of Rs 10.56 crores. The bank with the least net profit is Kamana Sewa Bikas Bank (KSBBL) whose net profit amounts to Rs 28 lakhs.
The industry average net profit of national level development bank stands at Rs 8.21 crore. Six of these banks have net profit above industry average whereas five of them have below average. The national development banking industry made a net profit of Rs 90.29 crores in the first quarter.
(Please download and study the image in case of difficulty upon studying).
Paid up capital:
The central bank of the country has directed these national level “B” categorized banks to meet the paid up capital requirement of at least 2.50 arba. Among the eleven national level banks, Lumbini Bikas Bank Limited (LBBL) is yet to meet the paid up capital requirement. The bank with highest paid up capital are Mahalaxmi Bikas Bank Limited (MLBL) with Rs 2.84 arba capital, Garima Bikas Bank Limited (GBBL) with Rs 2.79 arba paid up capital and Gandaki Bikas Bank Limited (GDBL) with Rs 2.75 arba paid up capital.
As for Lumbini Bikas Bank Limited (LBBL), the bank has paid up capital of Rs 2.17 arba paid up capital. The bank issued auction of an amount worth Rs 3.62 crores for promoter shares. After adjustment of 10% right shares, it will reach to Rs 2.21 arba. To meet the capital requirement of Rs 2.50 arba, it should further hike its capital by Rs 29 crores (around 13%).Thus, investors are in an expectation of bonus shares from the bank. The paid up capital structure of Jyoti Bikas Bank Limited (JBBL) might change after acquiring Hamro Bikas Bank Limited. Similarly, the paid up capital of Deva Bikas Bank Limited (DBBL) might also change after acquiring Western Development Bank Limited and Sahara Bikas Bank Limited.
(Please download and study the image in case of difficulty upon studying).
Reserve and surplus:
As each and every development bank adopted different paid up strategy, the impact is seen in the reserve and surplus fund of these banks. In terms of reserves and surplus, Lumbini Bikas Bank Limited (LBBL) has maintained its lead with a reserve and surplus of Rs 1.23 arba. Kailash Bikas Bank Limited (KBBL) has maintained second position with Rs 1.21 arba reserve and surplus fund. Muktinath Bikas Bank Limited (MNBBL) has a reserve of Rs 1.15 arba. The bank with least reserve and surplus is Jyoti Bikas Bank Limited (JBBL) having a reserve of Rs 35 crores.
The industry average for reserve and surplus is Rs 84 crores.
(Please download and study the image in case of difficulty upon studying).
Deposit collection:
In the banking sector, the deposit collection will play a major role in the upcoming days. All the banks except Lumbini Bikas Bank have the same range of paid up capital which is equal or above Rs 2.50 arba. So, the national level development banks will go through a severe competition with each other in order to attract the deposit clients. As of the first quarter of FY 2075/76, Muktinath Bikas Bank Limited (MNBBL) stands on top with total deposits worth Rs 33.26 arba. Similarly, the bank is followed Mahalaxmi Bikas Bank Limited (MLBL) and Kailash Bikas Bank Limited (KBBL) with the collected deposit of Rs 26.69 arba and Rs 24.26 arba respectively. Deva Bikas Bank (DBBL) has the lowest deposit collection of Rs. 15.84 arba only.
The average deposit collected by national development banking industry stands at Rs 22.20 arba. The effect of liquidity crisis is seen among these banks as well since six of the banks have their deposit below industry average.
(Please download and study the image in case of difficulty upon studying).
Loans and advances:
With paid up capital of almost same ranges, competition among development banks implies even in bringing the loan clients. As shown in the figure, the top position in loans and advances is occupied by Muktinath Bikas Bank (MNBBL) with credit disbursement worth Rs 28.25 arba. Mahalaxmi Bikas Bank (MLBL) has a loan and advances portfolio of Rs. 22.84 arba. Gandaki Bikas Bank Limited (GDBL) has the loan portfolio of Rs 21.24 arba. Similarly on the other end of the rope, stands Kamana Sewa Bikas Bank (KSBBL) with the lowest loan and advances portfolio of Rs. 14.18 arba.
The industry average loan portfolio of national level development banks stands at Rs 19.59 arba. Six of the national level development banks have their loan portfolio above industry average whereas remining have below average. While the deposits of the overall national level development banking industry lies at Rs 2.44 kharba, the overall industry’s loan portfolio is at Rs 2.15 kharba.
(Please download and study the image in case of difficulty upon studying).
Net interest income:
One of the major source of revenue for banks is its interest income. Muktinath Bikas Bank Limited (MNBBL) has the highest net interest income of Rs 42.58 crores. It is followed by Garima Bikas Bank Limited (GBBL) and Kailash Bikas Bank Limited (KBBL) with net interest income of Rs 30.03 crores and Rs 26.70 crores respectively. The industry average stands at Rs 23.88 crores.
(Please download and study the image in case of difficulty upon studying).
Major indicators:
Earnings per share (Annualized):
Earnings per share is presumed to be one of the key factors while undertaking investment decision. Muktinath Bikas Bank (MNBBL) becomes the bank to serve investors with highest annualized EPS of Rs 30.93 per share. Kailash Bikas Bank Limited (KBBL) stands in the second position with annualized EPS of Rs 18.38 per share. Gandaki Bikas Bank Limited (GDBL) has an EPS of Rs 14.95. Kamana Sewa Bikas Bank (KSBBL) stays at the bottom with an earning of Rs. 0.45 per share.
(Please download and study the image in case of difficulty upon studying).
P/E Ratio:
Given that Lumbini Bikas Bank Limited (LBBL) has not met the paid up capital, it has lowest P/E ratio as of 15
th
November, 2018 i.e. 11.19 times. Among the banks whose paid up capital are met, Mahalaxmi Bikas Bank Limited (MLBL) has least P/E ratio which stands at 12.12 times. Similarly, bank with the next least P/E ratio is Muktinath Bikas Bank limited (MNBBL) i.e. 13.06 times. The P/E ratio of all the national level development banks except three (DBBL, SADBL and KSBBL) are below 15. Since, the general rule of thumb in finance suggest, a P/E ratio below 15 is an adequate price, the national level development banks with P/E ratio below 15 are being traded in the market at a far cheaper price than expected.
(Please download and study the image in case of difficulty upon studying).
Net worth per share:
The highest net worth per share among these development banks is Rs 156.46 of Lumbini Bikas Bank Limited (LBBL) which has an unmet paid up capital. Kailash Bikas Bank (KBBL) has the second highest net worth per share as of Q1 of FY 2075/76 i.e. Rs 147.87. Jyoti Bikas Bank Limited (JBBL) has the least net worth of Rs 113.51 per share.
The average net worth of national level development banking industry stands at Rs 133.13 where six banks have net worth above average.
(Please download and study the image in case of difficulty upon studying).
Market price:
As of the Last Traded Price (LTP) on 15
th
November, 2018, Muktinath Bikas Bank Limited (MNBBL) has the highest LTP of Rs 404. It is further followed by Kailash Bikas Bank (KBBL) with a market price of Rs 243. Mahalaxmi Bikas Bank Limited (MLBL) has the market price of Rs 180. Deva Bikas Bank Limited (DBBL) has the least market price of Rs 132.
(Please download and study the image in case of difficulty upon studying).
A full picture:
Finally the table below provides a full picture with major indicators of the 11 national development banks as of the first quarter of FY 2075/76:
(Please download and study the image in case of difficulty upon studying).
From the table above, we can see that Muktinath Bikas Bank (MNBBL) has been able to occupy the top space for 6 indicators out of 10. However, this doesn’t capture the entire picture as there are numerous exogenous factors that must be kept on mind before making any investment decision.
The other issue that needs to come into the light is the fact that Development banks’ paid up capital has been hiked to Rs 2.5 arba, but on the same picture their area of operation is still restricted. Even the monetary policy did not address new provisions for the development banks. Do you think this scenario needs rectification, or do you believe the current area of operations should be enough for the national level development bank? How would you like these banks to perform in the upcoming fiscal year? Which is your choice of investment? Please feel free to drop a comment.",0.8791522979736328
2018-11-14,Mahalaxmi Bikas Bank provides cash support to reward three best essay writers in province wise essay contest; joins hands with province 1 police office to curve violence against women,https://www.sharesansar.com/newsdetail/mahalaxmi-bikas-bank-provides-cash-support-to-reward-three-best-essay-writers-in-province-wise-essay-contest-joins-hands-with-province-1-police-office-to-curve-violence-against-women,"Mahalaxmi Bikas Bank, under its CSR initiative, has provided cash support to reward the best three writers in the essay competition that was organized by Province 1 Police Office Biratnagar on Kartik 25, 2075 to mark an occasion of 63
rd
police day.
The provincial police office had organized province wide essay competition for the ninth, tenth, eleventh and twelfth graders of the province with a title “Growing cases of VAW, ways to mitigate them and citizens role towards their prevention” with an aim to sensitize the citizens about the growing cases of violences against women.
The bank has extended its support to reward the best three writers who are Ms. Monika Karki, Ms. Bipana Baraili and Ms. Samikshya Adhikari who were respectively rewarded with cash prize of Rs 20K, 15K and 10K.
The program was also attended by CM of province 1 Mr. Sherdhan Rai who handed over the cash prizes.",-0.13562771677970886
2018-11-14,"See the major highlights of GDBL, MLBL and SADBL based on the Q1 report",https://www.sharesansar.com/newsdetail/see-the-major-highlights-of-gdbl-mlbl-and-sadbl-based-on-the-q1-report,"Gandaki Bikas Bank Limited (GDBL)
has reported increase in net profit by 90.66% in the first quarter of the current fiscal year 2075/76.
As per the report published in newspaper, the development bank has stated that its net profit increased to Rs 10.27 crore in Q1 from Rs 5.39 crore reported in the corresponding quarter of the previous fiscal year 2074/75.
It has collected deposits of Rs 23.72 arba and floated loans of Rs 21.24 arba in Q1 of the FY 2075/76.
It’s paid up capital remains at Rs 2.75 arba and has reserve of Rs 1.11 arba.
The development bank’s non-performing loan (NPL) stayed at 0.46%..
Its Earning Per Share (EPS) now stands at Rs 14.95, net worth per share at Rs 140.63 and P/E ratio at 13.51 times.
Major Highlights:
Particulars (In Rs '000)
GDBL
Q1 2075/76
Q1 2074/75
Difference
Paid Up Capital
2,750,000
1,843,926
49.14%
Reserve & Surplus
1,117,433
988,342
13.06%
Deposits
23,721,916
19,344,295
22.63%
Borrowings
350
-
-
Loans & Advances
21,243,366
16,558,992
28.29%
Net Interest Income
233,681
200,579
16.50%
Provision for possible losses
14,712
62,697
-76.53%
Operating Profit
153,035
84,053
82.07%
Net Profit
102,788
53,913
90.66%
NPL (%)
0.46
1.4
-67.14%
Annualized EPS (In Rs.)
14.95
11.70
27.84%
Net Worth per Share (In Rs.)
140.63
153.60
-8.44%
P/E Ratio (In times)
13.51
-
Mahalaxmi Bikas Bank Limited (MLBL)
has registered a profit rise of 87.46 percent in the first quarter of the fiscal year 2075/76.
According to the unaudited financial report published by the national level development bank today, its net profit has surged to Rs 10.56 crore in first quarter, up from Rs 5.63 crore in the corresponding quarter of the last fiscal year 2074/75.
Mahalaxmi Bikas Bank’s deposit base has increased by 6.12% in this period. It now has deposits of Rs 26.68 arba with floated loans worth Rs 22.83 arba. In the same period of FY 2074/75, the figures stood at only Rs 25.14 arba and Rs 20.12 arba respectively. With this, it has been able to increase its net interest income by 42.82% to Rs 24.67 crore.
Its non-performing loan has decreased to 3.39 percent in Q1 from 3.55 percent in the previous year report.
Annualized Earnings per share (EPS) of MLBL now stands at Rs 14.85, net worth per share at Rs 136.96, and the P/E ratio as of the end of Q1 at 11.71 times.
Currently, its paid up capital remains at Rs 2.84 arba with reserve of Rs 1.05 arba.
Major Highlights:
Particulars (In Rs '000)
MLBL
Q1 2075/76
Q1 2074/75
Difference
Paid Up Capital
2,844,501
2,633,797
8.00%
Reserve & Surplus
1,051,420
1,098,231
-4.26%
Deposits
26,686,226
25,146,450
6.12%
Borrowings
650,000
-
-
Loans & Advances
22,835,655
20,125,095
13.47%
Net Interest Income
246,711
172,747
42.82%
Provision for possible losses
100,249
96,785
3.58%
Operating Profit
18,502
(24,589)
-
Net Profit
105,621
56,343
87.46%
NPL (%)
3.39
3.55
-4.51%
Annualized EPS (In Rs.)
14.85
8.56
73.57%
Net Worth per Share (In Rs.)
136.96
141.70
-3.34%
P/E Ratio (In times)
11.71
-
Shangrila Development Bank Limited (SADBL)
has earned Rs 1.92 crore in the first quarter of the fiscal year 2075/76. The bank has posted decline in profit by 53.02% percent in the first quarter. In the previous year corresponding quarter, the net profit figure was Rs 4.10 crore.
Publishing the unaudited financial report today, its net interest income rose to Rs 19.96 crore from Rs 14.62 crore in corresponding quarter of the previous fiscal year.
The development bank has collected deposits of Rs 16.74 arba in the Q1 up from Rs 13.80 arba in the corresponding quarter. Likewise, it has extended loans and advances of Rs 15.06 arba in Q1 whereas in the same period last year the figure stood at Rs 12.08 arba.
SADBL’s Earning per Share (EPS) stand at Rs 3.08 and its net worth per share at Rs. 125.55.
Major Highlights:
Particulars (In Rs '000)
SADBL
Q1 2075/76
Q1 2074/75
Difference
Paid Up Capital
2,506,385
1,358,475
84.50%
Reserve & Surplus
640,499
617,968
3.65%
Deposits
16,747,247
13,804,472
21.32%
Borrowings
403,700
-
-
Loans & Advances
15,062,225
12,082,106
24.67%
Net Interest Income
199,624
146,243
36.50%
Provision for possible losses
90,758
30,095
201.57%
Operating Profit
30,336
64,552
-53.01%
Net Profit
19,292
41,066
-53.02%
NPL (%)
2.4
0.98
144.90%
Annualized EPS (In Rs.)
3.08
12.09
-74.54%
Net Worth per Share (In Rs.)
125.55
145.49
-13.70%",0.10562768578529358
2018-11-02,Payments via cards to become  safer with Mahalaxmi Bikas Bank; bank issuing chip based Visa Debit cards,https://www.sharesansar.com/newsdetail/payments-via-cards-to-become-safer-with-mahalaxmi-bikas-bank-bank-issuing-chip-based-visa-debit-cards,"Mahalaxmi Bikas Bank has brought into operation its new chip based Visa Debit Card to ensure greater security while using the cards while making purchases. The development bank is also mulling to shift all the cards based on traditional system that are currently being used to the chip based cards in a near future.
In addition, the bank is also looking forward to begin the service of Dollar Debit card in a near future following which its customers can make safe and convenient transaction in any part of the world, as stated in the media statement issued by the development bank.",-0.13574060797691345
2018-10-28,"Upto 10% discount at Grande International Hospital for customers, employees and their family members of Mahalaxmi Bikas Bank",https://www.sharesansar.com/newsdetail/upto-10-discount-at-grande-international-hospital-for-customers-employees-and-their-family-members-of-mahalaxmi-bikas-bank,"Mahalaxmi Bikas Bank has entered into an agreement with Grande International Hospital with an aim to provide affordable health services to its customers and stakeholders.
Following the agreement, customers of the bank and their family members using Debit card of the development bank will now avail 7.5% discount at the hospital whereas employees and their family members will receive 10% discount while availing the hospital services.
The national level development bank is providing banking services from its 83 branches located at different places of the nation.",0.3476874828338623
2018-10-26,Mahalaxmi Bikas Bank in full swing into expansion effort; 83 branches so far with 4 new inaugurations on a single day,https://www.sharesansar.com/newsdetail/mahalaxmi-bikas-bank-in-full-swing-into-expansion-effort-83-branches-so-far-with-4-new-inaugurations-on-a-single-day,"Mahalaxmi Bikas Bank, in its ongoing expansion bid, has reached a new milestone by opening 4 new branches at 4 different locations on a single day on Kartik 9, 2075.
The development bank has begun operation at Birendranagar Municipality-6, Surkhet, Kohalpur Municipality-10, Banke, Lahan Municipality-1, Siraha and at Kawaswoti Municipality-8, Nawalpur.
MLBL, One of the leading development banks, is currently providing range of banking services to its more than 4.90 lakh valued customers through its 83 branches and 35 ATM outlets located at different parts of the nation.",-0.43136075139045715
2018-10-21,Mahalaxmi Bikas Bank provides cash support as scholarship to rural student from Kalikot,https://www.sharesansar.com/newsdetail/mahalaxmi-bikas-bank-provides-cash-support-as-scholarship-to-rural-student-from-kalikot,"Mahalaxmi Bikas Bank, under its CSR initiative, has provided scholarship amount to Ms. Prasansa Dhakal who is from Tilagufa-9, Kalikot. Ms. Dhakal is currently studying in grade 11 at Binayak Sudha Niketan Secondary School of Minbhawan, Kathmandu.
The development bank handed over the support amount of Rs 50,000 to Ms. Dhakal at an event organized at Rastriya Nach Ghar, Jamal on Ashoj 23, 2075. The event was also attended by former Minister for Foreign Affairs Mr. Prakash Saran Mahat among others.",0.5800596475601196
2018-10-15,Relationship between the dividends and stock performance: Is it good to add high dividend paying company in your portfolio? Decide from the detailed analysis,https://www.sharesansar.com/newsdetail/relationship-between-the-dividends-and-stock-performance-is-it-good-to-add-high-dividend-paying-company-in-your-portfolio-decide-from-the-detailed-analysis,"~Krishna Khatiwada
In Nepal, the practice of dividend distribution is prominent and investors' gets fascinated by the company that provides high dividends as well as issue right shares on regular basis. We often hear a suggestion that ""the company ""A"" provides low dividend instead go with the company ""B"" that has a high dividend paying prospect"". Are these suggestion worth applying for?
We have research on the relationship of
Compound Annual Growth Rate
(CAGR) with the bonus share, cash dividend, total dividend, regularity of dividend, type of dividend, total right issue and the total float of shares and cash altogether of the development bank sector, since 2012.
The company that has distributed the highest dividend in the considered period is Excel Development Bank.
EDBL
: The Excel development Bank has distributed 166.12% bonus share and 8.73% cash dividend making it 174.85% in total. If we had invested in Excel development bank in 2012, then we would have earned 38.17% of annual return from it. Our investment would have grown by more than 4 times in the period of six years including the investment for the right shares. EDBL has regular dividend paying history.
MNBBL:
Muktinath Bikas Bank had provided 143% bonus share and 12.18% cash dividend since 2012, making 155.18% in total. If we had invested in MNBBL in 2012 then our investment would have grown by more than 6 times with 62.44% CAGR. MNBBL has not skipped any dividend payment during the said period.
The table below shows the dividend distribution by the development bank since 2012, in descending order of total dividend.
SBBLJ
: Sahayogi Vikash Bank Limited stood at 3
rd
position in dividend distribution from development bank sector. It has distributed a total of 147.63% dividend including 122% bonus share and 25.63% cash dividend. CAGR of SBBLJ in past 5 years is 29%.
MDB
: The Miteri Development Bank stand at a 4
th
position when it comes to paying a dividend to its shareholders. Miteri has distributed 136% bonus share and 11% cash. If we had invested in Miteri Development Bank in 2012, then our investment would have grown by 52% annually.
The lowest dividend-paying companies are KSBBL and SKDBL.
Analysis Based on CAGR.
The table below shows the investment year, type of dividends, CAGR, etc. Arranged in the descending order of CAGR value.
(The pink color cell represents the highest value of the title, while the green cell represents the lowest value of the title)
Sahara Bikas Bank(SHBL)
has outperformed all the stocks from the development bank sector with the CAGR of 116%. The company was listed in NEPSE in the year 2014 and if we had invested Rs 1 lakh in this stock in the year 2014 then we would have made Rs 21.7 lakhs by now. However, the company has a record of irregular dividend distribution. The company has not distributed dividends from the profit of 2073/2074 and 2069/2070. The company had issued the humongous right share of 400%. The Deva Bikash Bank (DBBL) is in the process to acquire SHBL.
The second best performer from the development bank sector is
Mount Makalu Development bank limited (MMDBL)
, interestingly the company was listed in NEPSE on 2014 as well. If we had invested 1 lakhs in MMDBL in 2014, then we would have made Rs 12.7 lakhs by now with a CAGR of 89%. The company had distributed dividends only two times out of four years of its operation in NEPSE. The company had distributed dividends from the profit of 2072/73 and 2071/72. The company had issued 110% right share in the last 4 years.
The highest dividend paying company,
EDBL
stands at 10
th
position out of 29 companies in the list, with the CAGR of 38%.
The top two performer stocks from the development bank are listed in the superlative period of the NEPSE.
The worst performer from the development banks are the stocks that have listed in the year 2017. So we exclude them from the discussion as during that time market was strongly bearish.
We have calculated the Correlation of the CAGR with, Total Bonus, Total Cash, Total Dividends, Total Right share and sum of total right issue and dividends. The result is shown below.
The correlation between the CAGR and other quantity is below 50% which means the relationship is not strong but interestingly the correlation of cash dividend is negative.
Further, we have rectified our list to the stocks that are available in 2012.
We have noticed quite interesting things from the list below.
The best performer is
MNBBL
with CAGR of 62%, it has a good dividend paying history and has not skipped dividends in past 5 years.
We can see from the table that only three companies have irregular dividend paying history (
BHBL
,
KEBL
, and
KRBL
). The KEBL stands at 13
th
position when it comes to dividend distribution with a total of 80%, additionally, it had issued a 136% right shares. Interestingly it has distributed only bonus shares. Despite the relatively weak dividend history, KEBL is the 4
th
best performer from the development bank sector since 2012.
SADBL had given the highest cash dividend of 35% and has a regular record of dividend distribution, however, SADBL is the worst performer with the CAGR of 7.71%. The company has also issued the decent amount of right shares of 105%.
The three worst performer from the development bank sector has the good dividend and right shares history.
The highest and lowest issuer of right and dividends altogether is
KRBL
and
KBBL
. Interestingly, KRBL listed in no 14 and KBBl is in no 15 which shows that both companies performance is similar, despite the huge difference in their issues.
We have calculated the Correlation.
The table above shows that there is no correlation between the right issue and CAGR. The correlation between the total bonuses is above 50 that shows the moderate relationship. Correlation between the cash dividend and CAGR is negative that shows the investors are distracted by the cash dividend.
Now we will check the performance of non-dividend paying development banks.
The banks that never paid dividends are:
Corporate development bank limited (
CORBL
): The stock was available in 2012 and the annual CAGR of the company is -3.16%.
Green Development Bank (
GRDBL
): The stock was available in 2016 and the CAGR of the company is -24.18%.
Lumbini Bikash Bank(
LLBL
): The stock was available in 2017 and the CAGR of the company is -6.63%.
The amount of data we have used here is not enough but still, we can draw some conclusion
The bonus share is relatively attractive to the investor.
In recent time, there is a charm of right share issue among the investors.
Cash dividend paying companies' are not attractive.
We have not got any concrete relationship between these parameters but staying away from the non-dividend paying company could be a good choice and selecting a decent bonus paying stocks could be a better choice. However, we must not include or exclude stocks from our portfolio just based on the dividend distribution number.",0.8686956763267517
2018-10-14,Mahalaxmi Bikas Bank concludes 17th AGM; 7% cash dividend and 8% bonus endorsed for shareholders,https://www.sharesansar.com/newsdetail/mahalaxmi-bikas-bank-concludes-17th-agm-7-cash-dividend-and-8-bonus-endorsed-for-shareholders,"Mahalaxmi Bikas Bank has successfully concluded its 17
th
Annual General Meeting (AGM) on Ashoj 26, 2075. The AGM has endorsed 7% cash dividend and 8% bonus shares from the profit of Fiscal year 2074/75. Similarly, the AGM also discussed and finalized the appointment of auditor and the remuneration for the same.
Mahalaxmi Bikas bank is currently serving its customers from a network of 77 branches and 35 ATMs.",0.8153181672096252
2018-10-10,Mahalaxmi Bikas Bank becoming bigger and better; adds 4 more branches taking the branch count to 79,https://www.sharesansar.com/newsdetail/mahalaxmi-bikas-bank-becoming-bigger-and-better-adds-4-more-branches-taking-the-branch-count-to-79,"Mahalaxmi Bikas Bank, keeping in pace with its counterparts, has expanded its services through 4 more branches at different locations. The development bank on Ashoj 17, 2075 took banking services to Damak Municipality-6, Damak Bazar of Jhapa, at Ruppani Gaupalika-1, Rupani of Saptari on Ashoj 21.
The bank has also decided to expand at Kailali Gaupalika-1, Hasuliya of Kailali and at Prasuni Gaupalika-2, Prasuni of Bara from Ashoj 28, 2075.
The national level development bank is currently providing banking services to its 4.90 lakh strong customer base through 77 branches and 35 ATM outlets so far.",-0.7477500438690186
2018-09-21,Mahalaxmi Bikas Bank announces 17th AGM with 15% dividend; AGM to be convened on Ashoj 26,https://www.sharesansar.com/newsdetail/mahalaxmi-bikas-bank-announces-17th-agm-with-15-dividend-agm-to-be-convened-on-ashoj-26,"Mahalaxmi Bikas Bank Limited (MLBL) will convening its 17
th
AGM on Ashoj 26, 2075. The AGM will be convened in the All in One Banquet, MinBhawan, Kathmandu at 11:00 AM.
The main agendas of the meeting include:
To approve the distribution of 8% bonus shares for the FY 2074/75 worth Rs 21.07 crore
To make necessary amendments in the MoA and regulations to increase the paid-up capital of the development bank
To provide authority to the directors to make the decisions regarding merger or acquisition of the bank
Other agendas of the AGM include endorsement of audited financial statement for the FY 2074/75, Distribution of 7% cash dividend worth Rs 18.43 crore and appointment of statutory auditor for the FY 2075/76.
For the purpose of the upcoming AGM, the shareholders register book will remain closed from Ashoj 14 till Ashoj 26, 2075 i.e. the shareholders holding the shares of the company till Ashoj 13, 2075 will be eligible to participate in the upcoming AGM.",0.9192837476730347
2018-09-05,Attractive discounts at Blue Cross Hospital for customers and employees of Mahalaxmi Bikas Bank,https://www.sharesansar.com/newsdetail/attractive-discounts-at-blue-cross-hospital-for-customers-and-employees-of-mahalaxmi-bikas-bank,"With an aim to provide affordable health services to its customers and employees, Mahalaxmi Bikas Bank has entered into an agreement with Blue Cross Hospital Pvt Ltd following which customers of the bank will receive 10% discount, 12% for its employees and 10% for their family members while availing different health services of the hospital.
The agreement for the same was signed between CEO of the bank Mr. Krishna Raj Lamichhane and member secretary of the hospital Mr. Rajat Shrestha amid a program on Bhadra 12, 2075.",-0.6107894778251648
2018-08-28,Mahalaxmi Bikas Bank announces 15% dividend for its shareholders; Paid-up capital to reach Rs 2.84 arba after 8% bonus shares,https://www.sharesansar.com/newsdetail/mahalaxmi-bikas-bank-announces-15-dividend-for-its-shareholders-paid-up-capital-to-reach-rs-284-arba-after-8-bonus-shares,"Mahalaxmi Bikas Bank Limited (MLBL) has announced 15% dividend for its shareholders from the net profit of FY 2074/75.
As per the notice published in NEPSE, the development bank has announced 7% cash dividend and 8% bonus shares for its shareholders.
The decision taken by the meeting of BoD of the development bank is subject to approval from Nepal Rastra Bank and Annual General Meeting of the bank.
Its paid-up capital will reach Rs 2.84 arba from the current capital of Rs 2.63 arba after the adjustment of 8% bonus shares.",-0.5281649231910706
2018-08-23,Mahalaxmi Bikas Bank expands in Mid-Baneshwor,https://www.sharesansar.com/newsdetail/mahalaxmi-bikas-bank-expands-in-mid-baneshwor,"Mahalaxmi Bikas Bank has inaugurated a new branch in Mid-Baneshwor of Kathmandu.
Deputy Governor, Mr Shivaraj Shrestha had inaugurated the new branch amidst a function.
CEO fo the development bank, Mr Krishnaraj Lamichhane had expressed his gratitude for all guests, businessmen and the locals for their presence in the programme.
He further said that the bank will continue its services for the customers and will be focusing on the expansion to increase its reach.",-0.7026515007019043
2018-08-13,Machhapuchchhre and Mahalaxmi Bank new members in connectIPS e-Payment System; integrated banking payment system rapidly gathering momentum,https://www.sharesansar.com/newsdetail/machhapuchchhre-and-mahalaxmi-bank-new-members-in-connectips-e-payment-system-integrated-banking-payment-system-rapidly-gathering-momentum,"Machhapuchchhre Bank Ltd. and Mahalaxmi Bikas Bank Ltd have also been enrolled in the
connect
IPS e-Payment System from today. With this, the customers of Machhapuchchhre Bank and Mahalaxmi Bikas Bank will be able to initiate online payment transactions up to NRs 100,000 per transaction through the
connect
IPS system.
connect
IPS is a standardized single payments platform introduced by NCHL, a company promoted by Nepal Rastra Bank and Banks & Financial Institutions. The bank customers can enroll and link their bank accounts(s) with one-time verification from their respective banks, after which they can use the payment services including fund transfer, online payments and biller payments. All such transactions are processed directly from the bank accounts and does not require any intermediary.
The service is now available for the customers from
www.connectips.com
for tax revenue payment to Government of Nepal from one of the tax offices and for online fund transfers, which is in process of being extended for other payment services.
connect
IPS e-Payment System has already been subscribed by 32 banks and financial institutions among which 22 are already in operations.",0.8477675318717957
2018-07-31,National level development banks far cheaper than expected; Grab your shares looking at the year-end comparative analysis; Muktinath Bikas Bank makes it to the top,https://www.sharesansar.com/newsdetail/national-level-development-banks-far-cheaper-than-expected-grab-your-shares-looking-at-the-year-end-comparative-analysis-muktinath-bikas-bank-makes-it-to-the-top,"Among the 37 listed development banks (B-categorized), there are 11 National level development banks in the country. The number of national level development banks remained inconsistent throughout the year. Banks such as Tourism Development Bank Limited merged with MEGA Bank Limited while NIDC Development Bank Limited merged with Rastriya Banijaya Bank Limited. Banks also went through merger and acquisition. Some of the few examples among many are: Kamana Bikas Bank and Sewa Bikas Bank went through a merger, Mahalaxmi Bikas Bank and Yeti Development Bank started a joint transaction, Gandaki and Fewa Bikas Bank also came together, Lumbini Bikas Bank further went into merger with Vibor Society Development Bank and Lumbini Finance and Leasing Company Limited, Om Development Bank started a joint transaction with Manasalu Development Bank, Jyoti Bikas Bank started joint transaction with Raptibheri bank and is in the process of acquiring Hamro Bikas Bank, and Deva Bikas Bank is in the process to acquire Western Development Bank.
All these banks have published their fourth quarter financial reports and thus, the article provides an analysis on their financial status.
The listed national level development banks are:
Net profit:
As per the net profit of fourth quarter of 2074/75, Muktinath Bikas Bank Limited (MNBBL) is in the lead with a profit of Rs 57.55 crore. Similarly, Mahalaxmi Development Bank Limited (MLBL), has the second highest net profit of Rs 56.11 crore in the same quarter. In the third position, Kailash Bikas Bank Limited (KBBL) has the net profit of Rs 55.32 crores. The bank with the least net profit is Deva Bikas Bank (DBBL) whose net profit amounts to Rs 27.54 crore.
(Please download and study the image in case of difficulty upon studying).
Paid up capital:
The central bank of the country has directed these national level “B” categorized banks to meet the paid up capital requirement of at least 2.50 arba. All the eleven national level banks except Lumbini Bikas Bank Limited (LBBL), has met the paid up capital requirement. The bank with highest paid up capital are  Gandaki Bikas bank (GDBL) with Rs 2.75 arba capital, Mahalaxmi Bikas Bank Limited (MLBL) with Rs 2.63 arba paid up capital and Jyoti Bikas Bank Limited (JBBL) with Rs 2.59 arba paid up capital.
As for Lumbini Bikas Bank Limited (LBBL), the bank has paid up capital of Rs 2.17 arba paid up capital. The bank had issued auction with an amount of Rs 3.62 crores for promoter shares. Once the auction process is completed, LBBL will have a paid up worth Rs 2.21 arba. Its paid up capital will still be short by 13%. Thus, investors are in an expectation of bonus shares from the bank. The paid up capital structure of Jyoti Bikas bank Limited (JBBL) might change after acquiring Hamro Bikas Bank Limited. Similarly, the paid up capital of Deva Bikas Bank Limited (DBBL) might also change after acquiring Western Development Bank Limited.
(Please download and study the image in case of difficulty upon studying).
Reserve and surplus:
As each and every development bank adopted different paid up strategy, the impact is seen in the reserve and surplus fund of these banks. In terms of reserves and surplus, Mahalaxmi Bikas Bank Limited (MLBL) has maintained its lead with a reserve and surplus of Rs 1.43 arba. Lumbini Bikas Bank Limited (LBBL) has maintained second position with Rs 1.15 arba reserve and surplus fund. However, this reserve will be decreased if the bonus share is issued by the bank. The bank with least reserve and surplus is Deva Bikas Bank Limited (DBBL) having a reserve of Rs 48 crores.
(Please download and study the image in case of difficulty upon studying).
Deposit collection:
In the banking sector, the deposit collection will play a major role in the upcoming days. All the banks except Lumbini Bikas Bank has the same range of paid up capital which is equal or above Rs 2.50 arba. So, the national level development banks will go through a severe competition with each other in order to attract the deposit clients. As of the fourth quarter of FY 2074/75, Muktinath Bikas Bank Limited (MNBBL) stands on top with total deposits worth Rs 30.35 arba. Similarly, the bank is followed Mahalaxmi Bikas Bank Limited (MLBL) and Gandaki Bikas Bank Limited (GDBL) with the collected deposit of Rs 27.28 arba and Rs 23.52 arba respectively. Deva Bikas Bank (DBBL) has the lowest deposit collection of Rs. 15.70 arba only.
(Please download and study the image in case of difficulty upon studying).
Loans and advances:
With paid up capital of almost same ranges, competition among development banks implies even in bringing the loan clients. As shown in the figure, the top position in loans and advances is occupied by Muktinath Bikas Bank (MNBBL) with credit disbursement worth Rs 25.26 arba. Mahalaxmi Bikas Bank (MLBL) has a loan and advances portfolio of Rs. 21.66 arba. Kailash Bikas Bank Limited (KBBL) has the loan portfolio of Rs 20.13 arba. Similarly on the other end of the rope, stands Kamana Sewa Bikas Bank (KSBBL) with the lowest loan and advances portfolio of Rs. 13.44 arba.
(Please download and study the image in case of difficulty upon studying).
Major indicators:
Earning per share (Annualized):
With the increment in the paid-up capital requirement, the EPS were expected to fall. However, some national level development banks have managed to maintain their EPS better than others. Muktinath Bikas Bank (MNBBL) becomes the bank to serve investors with highest annualized EPS of Rs 22.20 per share. Kailash Bikas Bank Limited (KBBL) stands in the second position with annualized EPS of Rs 21.95 per share. Deva Bikas Bank (DBBL) stays at the bottom with an earning of Rs. 10.87 per share.
(Please download and study the image in case of difficulty upon studying).
P/E Ratio:
Given that Lumbini Bikas Bank Limited (LBBL) has not met the paid up capital, it has lowest P/E ratio as of 31
st
July, 2018 i.e. 7.74 times. Among the banks whose paid up capital are met, Mahalaxmi Bikas Bank has least P/E ratio which stands at 8.59 times. Similarly, bank with the highest P/E ratio is Muktinath Bikas Bank limited (MNBBL) i.e. 17.07 times. The P/E ratio of all the national level development banks are below 15 times. Since, the general rule of thumb in finance suggest, a P/E ratio below 15 is an adequate price, the banks are far cheaper than expected.
(Please download and study the image in case of difficulty upon studying).
Net worth per share:
The highest net worth per share among these development banks is Rs 154.30 of Mahalaxmi Bikas Bank (MLBL). Lumbini Bikas Bank (LBBL) with an unmet paid up capital has the second highest net worth per share as of Q4 of FY 2074/75 i.e. Rs 152.85. Deva Bikas Bank Limited (DBBL) has the least net worth of Rs 118.99 per share.
(Please download and study the image in case of difficulty upon studying).
Market price:
As of the Last Traded Price (LTP) on 31
st
July, 2018, Muktinath Bikas Bank Limited (MNBBL) has the highest LTP of Rs 379. It is further followed by Kailash Bikas Bank (KBBL) with a market price of Rs 219. Gandaki Bikas Bank Limited (GDBL) has the market price of Rs 193. Deva Bikas Bank Limited (DBBL) has the least market price of Rs 129.
(Please download and study the image in case of difficulty upon studying).
A full picture:
Finally the table below provides a full picture with major indicators of the 11 national development banks as of the fourth quarter of FY 2074/75:
(Please download and study the image in case of difficulty upon studying).
From the table above, we can see that Muktinath Bikas Bank (MNBBL) has been able to occupy the top space for 5 indicators out of 9. However, this doesn’t capture the entire picture as there are numerous exogenous factors that must be kept on mind before making any investment decision.
The other issue that needs to come into the light is the fact that Development banks’ paid up capital has been hiked to Rs 2.5 arba, but on the same picture their area of operation is still restricted. They aren’t still eligible for bringing in the foreign funds like the commercial banks are allowed to, they can’t open Letter of Credit (LC) and so on. The recent monetary policy did not address these provisions for the development banks. Do you think this scenario needs rectification, or do you believe the current area of operations should be enough for the national level development bank? How would you like these banks to perform in the upcoming fiscal year? Which is your choice of investment? Please feel free to drop a comment.",0.8961489796638489
2018-07-26,Mahalaxmi Bikas Bank reports net profit of Rs 56.11 crore; EPS & Net Worth per share at Rs 21.31 & Rs 154.30 respectively,https://www.sharesansar.com/newsdetail/mahalaxmi-bikas-bank-reports-net-profit-of-rs-5611-crore-eps-net-worth-per-share-at-rs-2131-rs-15430-respectively,"Mahalaxmi Bikas Bank Limited (MLBL)
has
registered a profit rise of 26.31 percent
in the fourth quarter of the fiscal year 2074/75.
According to the unaudited financial report published by the national level development bank today, its net profit has surged to Rs 56.11 crore in last quarter, up from Rs 44.42 crore in the corresponding quarter of the last fiscal year 2073/74. However, the operating profit has decreased to Rs 10.07crore from Rs 12.87 crore as compared to the corresponding quarter of last fiscal year.
Mahalaxmi Bikas Bank’s deposit base has increased by 8.51% in this period. It now has deposits of Rs 27.27 arba with floated loans worth Rs 21.65 arba. In the same period of FY 2073/74, the figures stood at only Rs 25.13 arba and Rs 20.72 arba respectively. With this, it has been able to increase its net interest income by 37.89% to Rs 1.07 arba.
Its non-performing loan has increased to 3.88 percent in Q4 from 3.63 percent in the previous year report.
Annualized Earnings per share (EPS) of MLBL now stands at Rs 21.31, net worth per share at Rs 154.30, and the P/E ratio as of the end of Q4 at 8.02 times.
Currently, its paid up capital remains at Rs 2.63 arba with reserve of Rs 1.43 arba.
Major Highlights:
Particulars (In Rs '000)
MLBL
Q4 2074/75
Q4 2073/74
Difference
Paid Up Capital
2,633,797
2,633,797
0.00%
Reserve & Surplus
1,430,225
1,091,604
31.02%
Deposits
27,276,844
25,136,613
8.51%
Borrowings
-
-
-
Loans & Advances
21,659,523
20,722,437
4.52%
Net Interest Income
1,075,366
779,891
37.89%
Provision for possible losses
605,330
505,581
19.73%
Operating Profit
100,741
128,747
-21.75%
Net Profit
561,136
444,246
26.31%
NPL (%)
3.88
3.63
6.89%
Annualized EPS (In Rs.)
21.31
16.87
26.31%
Net Worth per Share (In Rs.)
154.30
141.45
9.09%
P/E Ratio (In times)
8.02
-",-0.8287258744239807
2018-05-25,"After Mahalaxmi, Muktinath joins bandwagon of Garima Remit; strong presence with combined branch network of 3 banks",https://www.sharesansar.com/newsdetail/after-mahalaxmi-muktinath-joins-bandwagon-of-garima-remit-strong-presence-with-combined-branch-network-of-3-banks,"Muktinath Bikas Bank and Mahalaxmi Bikas Bank both have joined bandwagon of Garima Bikas Bank’s remittance product Garima Remit.
The agreement for the same has already been signed between Deputy MD of Garima Bank Mr. Madav Prashad Upadhya and Deputy CEO of Mahalaxmi Bank Mr. Dhurba Raj Tiwari on Jestha 8, 2075. Deputy MD Upadhya has also signed similar agreement with Deputy CEO of Muktinath Bikas Bank Mr. Tilbahadur Gurung on jestha 9, 2075 making Muktinath Bank a new member of the bandwagon.
Following the agreement, customers can now send and receive money through 78 different branches of Muktinath Bank, 71 branches of Mahalaxmi Bank apart from the branches of Garima Bank.",0.2999879717826843
2018-05-22,Mahalaxmi Bikas Bank distributes 9% cash dividend directly in bank account of shareholders; urges shareholders to dematerialize their shares,https://www.sharesansar.com/newsdetail/mahalaxmi-bikas-bank-distributes-9-cash-dividend-directly-in-bank-account-of-shareholders-urges-shareholders-to-dematerialize-their-shares,"Mahalaxmi Bikas Bank Limited (MLBL)has published a notice regarding the distribution of Cash Dividend for its shareholders.
The bank had announced 9% cash dividend from the net profit of FY 2073/74 which has already been deposited in the respective bank accounts of the shareholders. MLBL has urged the remaining shareholders to receive
cash dividend warrants from Siddhartha Capital
from Jestha 9, 2075.
The bank has also urged the shareholders to dematerialize their shares.
MLBL has earned Rs 33.69 crore and its current paid-up capital stands at Rs 2.63 arba in the third quarter of the current FY 2074/75.",0.8400381803512573
2018-05-06,Major indicators of National Level Development Banks in one page; Muktinath Bikas Bank leading in 5 indicators,https://www.sharesansar.com/newsdetail/major-indicators-of-national-level-development-banks-in-one-page-muktinath-bikas-bank-leading-in-5-indicators,"Among the 37 listed development banks (B-categorized), there are 11 National level development banks in the country. Two banks, Tourism Development Bank Limited merged with MEGA Bank Limited and NIDC Development Bank Limited merged with Rastriya Banijaya Bank Limited. All these banks have published their third quarter financial reports and thus, the article provides an analysis on their financial status.
The listed national level development banks are:
The further analysis has discarded NIDC and Tourism Development Bank for the convenience of the readers. NIDC has successfully merged with Rastriya Banijya Bank (RBB) and their joint transaction started from Baisakh 19
th
, 2075. Similarly, the joint transaction of Tourism Development Bank (TDBL) with Mega Bank will start from 30
th
Baisakh, 2075.
Net profit:
As per the net profit of third quarter of 2074/75, Muktinath Bikas Bank Limited (MNBBL) is in the lead with a profit of Rs 42.76 crore. Similarly, Kailash Bikas Bank (KBBL) has the second highest net profit of Rs 39.09 crore in the same quarter. The bank with the least net profit is Lumbini Bikas Bank (LBBL) whose net profit amounts to Rs 18.44 crore.
(Please download and study the image in case of difficulty upon studying).
Paid up capital:
The central bank of the country has directed these national level “B” categorized banks to meet the paid up capital requirement of at least 2.50 arba. Six of the banks namely, Mahalaxmi Development Bank Limited (MLBL), Jyoti Bikas Bank Limited (JBBL), Om Development Bank Limited (ODBL), Muktinath Bikas Bank Limited (MNBBL), Garima Bikas Bank Limited (GBBL) and Kailash Bikas Bank Limited (KBBL) have already met the paid up capital requirement. Mahalaxmi Bikas Bank Limited has the highest paid up capital of Rs 2.63 arba. Similarly banks such as Kamana Sewa Bikas Bank Limited (KSBBL), Lumbini Bikas Bank Limited (LBBL), Gandaki Bikas Bank Limited (GDBL), Deva Bikas Bank Limited (DBBL) and ShangriLa Development Bank Limited (SADBL) are yet to meet the paid up capital requirement. Among these banks, Dev Bikas Bank (DBBL) has the least paid up capital worth Rs 1.63 arba.
(Please download and study the image in case of difficulty upon studying).
However, these are the figures are the amount represented on the balance sheet of National Level Developments mentioned above in their Q3 report. There are other activities going on outside the report through which we can see that they have or have not met the requirement. Each of them is discussed separately below:
GDBL:
As per the figure above, its paid-up capital stands at Rs 2.30 arba. However, it has announced 19.3% Bonus shares after the adjustment of which, its paid-up capital will reach Rs. 2.74 arba. Thus, after bonus distribution it will have the highest paid-up capital among all national level development banks.
DBBL:
The paid-up capital of DBBL stands at Rs. 1.63 arba in the books. They have issued 40% right shares after with the paid-up capital will reach Rs 2.28 arba. Similarly, they have announced 17.1% bonus shares but the issue is still subject to approval form AGM and SEBON. Another important issue related to DBBL is its ongoing merger with Sahara Bikas Bank. Before the merger was announced, Sahara Bikas Bank had announced 250% right shares, which the SEBON is making sure will be issued and distributed. Thus post-merger DBBL will easily meet the requirement even if the swap is done at even 75%.
SADBL:
The previous paid-up capital of SADBL was Rs. 1.35 arba and after the 80% right shares the current figure in book states Rs. 2.35 arba, which actually should have been Rs 2.44 arba. So we can see that the entire right issue hasn’t been capitalized. In addition, SADBL has also announces 2.5% bonus shares and 9.3% cash dividend. So post the adjustment from remaining right issue and bonus distribution, the requirement will be met.
LBBL:
As per the books, its paid-up capital stands at Rs 2.15 arba. However they still have to capitalize the 10% right shares that has already been issued. Even after the adjustment, LBBL won’t be reaching the requirement so approx. 20% bonus can be expected to cover up short Rs 30 crore capital to meet Rs 2.5 arba.
KSBBL:
As per the figure above, its paid-up capital stands at Rs 2.06 arba. It has issued 15% right shares, which wasn’t fully subscribed. The auction is soon to be finalized. Nonetheless, post adjustment its paid-up capital will reach Rs. 2.37 arba. So even after the auction, KSBBL will need to distribute approx. 6% bonus shares to meet the requirement.
Reserve and surplus:
With the changes in paid up capital, the reserves and surplus of the banks are likely to be affected. In terms of reserves and surplus, Gandaki Bikas bank (GDBL) is maintaining its lead with a reserve and surplus of Rs 129.84 crore. Mahalaxmi Bikas Bank Limited (MLBL) has maintained second position with Rs 119.15 crore reserve and surplus fund. The bank with least reserve and surplus is Jyoti Bikas Bank Limited (JBBL) having a reserve of Rs 42.39 crores.
(Please download and study the image in case of difficulty upon studying).
Deposit collection:
The national level development banks are going through a severe competition with each other. The banks have been trying their best to attract the deposit clients. As of the third quarter of FY 2074/75, Mahalaxmi Bikas Bank stands on top with total deposits worth Rs 25.10 arba. Similarly, the bank is followed by Muktinath Bikas Bank Limited (MNBBL) and Gandaki Bikas Bank Limited (GDBL) with the collected deposit of Rs 24.55 arba and Rs 20.43 arba respectively. Deve Bikas Bank (DBBL) has the lowest deposit collection of Rs. 13.95 arba only.
(Please download and study the image in case of difficulty upon studying).
Loans and advances:
As shown by the figures, the top position in loans and advances is occupied by Muktinath Bikas Bank (MNBBL) with credit disbursement worth Rs 21.99 arba. Keeping a close pace, Mahalaxmi Bikas Bank has a loan and advances portfolio of Rs. 21.65 arba. Similarly on the other end of the rope, stands Deva Bikas Bank (DBBL) with the lowest loan and advances portfolio of Rs. 12.62 arba.
(Please download and study the image in case of difficulty upon studying).
Major indicators:
Earning per share (Annualized):
With the increment in the paid-up capital requirement, the EPS were expected to fall. However, some banks have managed to maintain their EPS better than others. The top position, yet again is occupied by Muktinath Bikas Bank (MNBBL) with an annualized EPS of Rs 22 per share. Similarly, among the banks who haven’t met the capital requirement, Lumbini Bikas Bank (LBBL) stays at the bottom with an earning of Rs. 11.44 per share.
(Please download and study the image in case of difficulty upon studying).
P/E Ratio:
The bank with the lowest P/E ratio as of 12
th
April, 2018 is Deva Bikas Bank (DBBL) with the ratio of 8.66 times. Similarly, bank with the highest P/E ratio is Muktinath Bikas Bank limited (MNBBL) i.e. 18 times.
(Please download and study the image in case of difficulty upon studying).
Net worth per share:
The highest net worth per share among these development banks is Rs 156.33 of Gandaki Bikas Bank Limited (GDBL). Kamana Sewa Bikas Bank (KSBBL) has the second highest net worth per share as of Q3 of FY 2074/75 i.e. Rs 151.38. Jyoti Bikas Bank Limited has the least net worth of Rs 116.35 per share.
(Please download and study the image in case of difficulty upon studying).
Market price:
As of the Last Traded Price (LTP) on 12
th
April, 2018, Muktinath Bikas Bank limited has the highest LTP of Rs 396. It is further followed by Gandaki Bikas Bank (GDBL) with a market price of Rs 235. Jyoti Bikas Bank Limited (JBBL) and Deva Bikas Bank Limited (DBBL) has the least market price of Rs 143.
(Please download and study the image in case of difficulty upon studying).
A full picture:
Finally the table below provides a full picture with major indicators of the 11 national development banks as of the third quarter of FY 2074/75:
(Please download and study the image in case of difficulty upon studying).
From the table above, we can see that Muktinath Bikas Bank (MNBBL) has been able to occupy the top space for 5 indicators out of 9. However, this doesn’t capture the entire picture as there are numerous exogenous factors that must be kept on mind before making any investment decision.
The other issue that needs to come into the light is the fact that Development banks’ paid up capital has been hiked to Rs 2.5 arba, but on the same picture their area of operation is still restricted. They aren’t still eligible for bringing in the foreign funds like the commercial banks are allowed to, they can’t open Letter of Credit (LC) and so on. Do you think this scenario needs rectification, or do you believe the current area of operations should be enough for the national level development bank? Please feel free to drop a comment.",0.890631914138794
2018-05-04,Mahalaxmi Bikas Bank to conduct its 16th AGM today; company to issue 9% cash dividend,https://www.sharesansar.com/newsdetail/mahalaxmi-bikas-bank-to-conduct-its-16th-agm-today-company-to-issue-9-cash-dividend,"Mahalaxmi Bikas Bank Limited (MLBL) is conducting its 16th Annual General Meeting (AGM) today i.e. Baisakh 21, 2075. The AGM is being held at All in one Mart, Crown Banquet, Minbhawan. The book closure date for the general meeting was set on Baisakh 7, 2075 i.e. the shareholders holding shares of Mahalaxmi Bikas Bank till Baisakh 6, 2075 is eligible for participating in the AGM and for receiving the proposed cash dividend of 9%.
Mahalaxmi Bikas Bank has earned net profit of Rs 33.69 crore till the end of third quarter of FY 2074/75. Its paid-up capital currently stands at Rs 2.63 arba.",0.9309006333351135
2018-04-29,Mahalaxmi Bikas Bank registers rise in the profit of 55.15% in the third quarter; EPS stands at Rs 17.06,https://www.sharesansar.com/newsdetail/mahalaxmi-bikas-bank-registers-rise-in-the-profit-of-5515-in-the-third-quarter-eps-stands-at-rs-1706,"Mahalaxmi Bikas Bank Limited (MLBL) has registered a decent net profit growth of 55.15 % in the third quarter of the current FY 2074/75.
According to the unaudited report published by the development bank today, its net profit has increased to Rs 33.69 crore in third quarter from Rs 21.71 crore in the corresponding quarter of the previous fiscal year.
It has a paid up capital of Rs 2.63 arba with a reserve of Rs 1.09 arba.
The bank also collected deposits of Rs 25.11 arba in Q3, up from Rs 12.30 arba in the corresponding period last year. Likewise, it has extended loans and advances of Rs 21.64 arba in Q3 whereas in the same period last year, the figure stood at Rs 10.41 arba.
MLBL’s annualized Earnings per Share (EPS) stands at Rs 17.06 per share. Its net worth per share stands at Rs 145.24.
Major Highlights:
Particulars (In Rs '000)
MLBL
Q3 2074/75
Q3 2073/74
Difference
Paid Up Capital
2,633,797
1,386,233
90.00%
Reserve & Surplus
1,191,464
226,298
426.50%
Deposits
25,111,151
12,301,597
104.13%
Borrowings
-
-
-
Loans & Advances
21,647,122
10,411,832
107.91%
Net Interest Income
718,913
368,123
95.29%
Provision for possible losses
305,937
171,454
78.44%
Operating Profit
171,015
107,963
58.40%
Net Profit
336,902
217,144
55.15%
NPL (%)
3.97
3.83
3.66%
Annualized EPS (In Rs.)
17.06
20.89
-18.34%
Net Worth per Share (In Rs.)
145.24
116.32
24.86%",-0.4233075678348541
2018-04-19,Last day to get 9% cash dividend of Mahalaxmi Bikas Bank,https://www.sharesansar.com/newsdetail/last-day-to-get-9-cash-dividend-of-mahalaxmi-bikas-bank,"Today is the last day to clinch dividend of Mahalaxmi Bikas Bank Limited (MLBL).
The board meeting of the company has announced cash dividend of 9% for its shareholders worth Rs 23,70,41,770 from the profit of FY 2073/74.
The book closure date for the general meeting has been set on Baisakh 07, 2075 i.e. the shareholders holding shares of Mahalaxmi Bikas Bank till Baisakh 6, 2075 (i.e. today) will be eligible for participating in the AGM.
It will be convening 16
th
Annual General Meeting (AGM) on Baisakh 21, 2075. The AGM is going to be held at All in one Mart, Crown Banquet, Minbhawan.
The development bank has reported a net profit of Rs 20.54 crore in the second quarter of the current fiscal year. Currently,
It's paid-up capital remains at Rs 2.63 arba and has reserve of Rs 1.305 arba.
Its LTP stood at Rs 195 as of last trading day.",0.9264007806777954
2018-04-11,Mahalaxmi Bikas Bank announces 16th AGM on Baisakh 21; company to issue 9% cash dividend,https://www.sharesansar.com/newsdetail/mahalaxmi-bikas-bank-announces-16th-agm-on-baisakh-21-company-to-issue-9-cash-dividend,"Mahalaxmi Bikas Bank Limited has announced its 16th AGM date and notified about the book closure for the same.
The AGM of the company will be held at All in one Mart, Crown Banquet, Minbhawan on Baisakh 21, 2075. The book closure date for the general meeting has been set on Baisakh 07, 2075 i.e. the shareholders holding shares of Mahalaxmi Bikas Bank till Baisakh 6, 2075 will be eligible for participating in the AGM.
The board meeting of the company has announced cash dividend of 9% for its shareholders worth Rs 23,70,41,770 from the profit of FY 2073/74.
See the
Notice.",0.9291597604751587
2018-03-27,Know the paid up capital of development banks working area-wise! Have the Development Banks met their minimum capital requirement yet? Which banks have the highest capital?,https://www.sharesansar.com/newsdetail/know-the-paid-up-capital-of-development-banks-working-area-wise-have-the-development-banks-met-their-minimum-capital-requirement-yet-which-banks-have-the-highest-capital,"Ruchi Rayamajhi
As of Poush 2074, there are total 36 Development Banks in Nepal. Among them, 13 are of national level, 1 Development Bank is with a working area of 4-10 districts and 22 are with a working area of 1-3 districts out of which 2 banks are operating in a single district. According to the Monetary Policy 2072/73 unveiled by NRB, the minimum paid-up capital requirement for national level development banks is Rs 2.5 arba. Similarly, 4-10 district level Development Banks are required to hike their capital to Rs 1.2 arba and 1-3 district level Development Banks need to hike their capital to Rs 50 crore and by the end of FY 2074. Earlier the minimum paid up requirement for national level, 4-10 district level and 1-3 district level Development Bank was Rs 64 crore, Rs 20-30 crore and Rs 10-30 crore, respectively.
MINIMUM CAPITAL REQUIREMENT OF DEVELOPMENT BANKS
Category
Earlier
By the end of FY 2073/74
Changes required to be made
Development Banks (National Level)
Rs 64 crore
Rs 2.5 arba
290.625%
Development Banks (4-10 districts)
Rs 20-30 crore
Rs 1.2 arba
300-500%
Development Banks (1-3 districts)
Rs 10-30 crore
Rs 50 crore
66.67-400%
As per the latest second quarterly report of Fiscal Year 2074/75, only 5 national level development banks has been able to maintain its capital above Rs 2.5 arba. Shine Resunga Development Bank Limited, the only bank operating in 4-10 districts, has also maintained its capital above the minimum requirement.  And only 6 banks with a working area of 1-3 districts have been able to maintain the minimum required capital. However, Nepal Rastra Bank (NRB) has extended deadline for Class ‘B’ and ‘C’ financial institutions operating in a single district to meet the requirement of minimum paid-up capital within Poush 2076. Mahalaxmi Bikas Bank Limited (MLBL) has the highest paid-up capital of Rs 2.63 arba out of all the national level development banks. It has already met the minimum requirement of paid-up capital. Similarly, Shine Resunga Bikas Bank Limited (SHINE), the only development bank with a working area of 4-10 districts, has a paid-up capital of Rs 1.37 arba and has met the minimum capital requirement set by Nepal Rastra Bank. Likewise, Excel Development Bank Limited (EDBL) has the highest paid up capital of Rs 69.26 crore out of all 1-3 district level development banks. It has also met the requirement of paid up capital of Rs 50 crore set by the monetary policy of 2015/16. Given below is the list of development banks in Nepal along with their working areas and paid-up capital as per the latest quarterly report (i.e. Q2 Report of FY 2074/75):
*
NIDC Development Bank Ltd. is in the process of merger with Rastriya Banijya Bank.
*    Narayani Development Bank Ltd. has been declared crisis-ridden bank. So, its latest paid-up capital is not available.
*    Corporate Development Bank Ltd. has been recently released from crisis-ridden bank. So, its latest paid-up capital is not available.
*    Kabeli Bikas Bank Ltd. is in the process of acquiring Mount Makalu Development Bank Ltd. So, their latest paid-up capital is not available.
*    Tourism Development Bank Ltd. is currently in the process of merger with Mega Bank Ltd.
*    Sahara Bikas Bank Ltd. in the process of being acquired by Deva Bikas Bank Ltd. However, the given paid-up capital is as per the second quarter of FY 2074/75.
*    Salapa Bikash Bank Ltd and Green Development Bank Ltd. second quarter reports for FY 2074/75 are not available. Also, Salapa Bikas Bank has not issued its IPO yet.
Two of the national level development banks as well as some of the development banks working in 1-3 district areas are in the process of merger and acquisition. Hence, the total number of development banks after the on-going merger and acquisition will be 11 national level development banks, 1 development bank with working area of 4-10 districts, 18 development banks with working area of 1-3 districts out of which only 1 development bank will be operating in 1 district. Out of the 5 development banks currently working with the working area of 1 district, Kabeli Bikas Bank Limited is in the process of acquiring Mount Makalu Bikas Bank Limited; Sahara Bikas Bank Limited is being acquired by Deva Bikas Bank Limited and Hamro Bikas Bank Limited has expanded its working areas. That leaves only Salapa Bikas Bank Limited which is operating in a single district, i.e. Khotang will be the only remaining development bank with a single district working area. Most of the banks are issuing right shares and bonus shares and thus, the most of the banks will meet their minimum capital will be met in the upcoming quarter of the on-going fiscal year 2074/75. See the financial analysis of the national level development banks
here
.",0.7799715995788574
2018-02-20,Make your investment portfolio better: See the full picture of national level development banks; Kailas Bikas Bank leads in terms of net profit while Mahalaxmi Bikas Bank leads among four major indicators,https://www.sharesansar.com/newsdetail/make-your-investment-portfolio-better-see-the-full-picture-of-national-level-development-banks-kailas-bikas-bank-leads-in-terms-of-net-profit-while-mahalaxmi-bikas-bank-leads-among-four-major-indica,"Dheerusha Tiwari
Among the 37 listed development banks (B-categorized), there are 11 National level development banks in the country. Two banks such as Tourism Development Bank Limited merged with MEGA Bank Limited and NIDC Development Bank Limited merged with Rastriya Banijaya Bank Limited. All these banks have published their second quarter financial reports and thus, the article provides an analysis on their financial status.

The listed national level development banks are:
The further analysis has discarded NIDC and Tourism Development Bank for the convenience of the readers.
Net profit:
As per the net profit of second quarter of 2074/75, Kailash Bikas Bank Limited (KBBL) is in the lead with a profit of Rs 26.61 crore. Similarly, Muktinath Bikas Bank Limited (MNBBL) has the second highest net profit of Rs 26.44 crore in the same quarter. It is further followed by Mahalaxmi Development Bank Limited (MLBL) with a profit of Rs 20.54 crore. The bank with the least net profit is Kamana Sewa Bikas bank Limited (KSBBL) whose net profit amounts to Rs 13.60 crore.
(Please download and study the image in case of difficulty upon studying).
Paid up capital:
The central bank of the country has directed these national level “B” categorized banks to meet the paid up capital requirement of at least 2.50 arba. Five of the banks namely, Mahalaxmi Development Bank Limited (MLBL), Jyoti Bikas Bank Limited (JBBL), Muktinath Bikas Bank Limited (MNBL), Garima Bikas Bank Limited (GBBL) and Kailash Bikas Bank Limited (KBBL) have already met the paid up capital requirement. Mahalaxmi Bikas Bank Limited has the highest paid up capital of Rs 2.63 arba. Similarly banks such as Om Development Bank Limited (ODBL), Kamana Sewa Bikas Bank Limited (KSBBL), Lumbini Bikas Bank Limited (LBBL), Gandaki Bikas Bank Limited (GDBL), Deva Bikas Bank Limited (DBBL) and ShangriLa Development Bank Limited (SADBL) are yet to meet the paid up capital requirement. Among these banks, SADBL has the leas paid up capital worth Rs 1.36 arba.
(Please download and study the image in case of difficulty upon studying).
Reserve and surplus:
With the changes in paid up capital, the reserves and surplus of the banks are likely to be affected. In terms of reserves and surplus, Mahalaxmi Bikas bank is again maintaining its lead with a reserve of Rs 1.31 arba. Gandaki Bikas Bank Limited has maintained second position with Rs 1.14 arba reserve fund. The bank is further followed by Lumbini Bikas Bank Limited (LBBL) with Rs 1.01 arba in reserves. The bank with least reserve and surplus is Jyoti Bikas Bank Limited having a reserve of Rs 34 crores.
(Please download and study the image in case of difficulty upon studying).
Deposit collection:
The national level development banks are going through a severe competition with each other. The banks have been trying their best to attract the deposit clients. As of the second quarter of FY 2074/75, Mahalaxmi Bikas Bank Limited has left behind all the other ten banks even in terms of deposits. The bank has collected deposits worth Rs 25.13 arba. Similarly, the bank is followed by Muktinath Bikas Bank Limited (MNBBL) and Gandaki Bikas Bank Limited (GDBL) with the collected deposit of Rs 21.74 arba and Rs 19.92 arba respectively. Jyoti Bikas Bank Limited and Deva Bikas Bank Limited have observed to be in the least position in terms of deposit with collected amount being Rs 13.46 arba and Rs 13.51 arba respectively.
(Please download and study the image in case of difficulty upon studying).
Loans and advances:
As similar to other financial indicators except net profit, MahaLaxmi Bikas Bank Limited (MLBL) has maintained top position by floating Rs 20.82 arba as credit. As similar to the scenario of deposit, Muktinath Bikas Bank Limited (MNBBL) and Gandaki Bikas Bank Limited (GDBL) has maintained second and third position even in terms of loans and advances. MNBBL has floated a total of Rs 19.33 arba in loans while GDBL has floated Rs 17.56 arba in loans. Deva Bikas Bank Limited (DBBL) has the least loan portfolio of Rs 11.89 arba.
(Please download and study the image in case of difficulty upon studying).
Major indicators:
(Please download and study the image in case of difficulty upon studying).
The development banks such as ShangriLa Development Bank Limited (SADBL) and Gandaki Bikas Bank Limited (GDBL) which have not met the paid up capital requirement are seen in the leading position in terms of EPS. SADBL has an EPS of Rs 23.58 while GDBL has an EPS of Rs 22.18 respectively. Similarly, among the banks that have met the paid up capital requirement, Kailash Bikas Bank Limited (KBBL) has the highest EPS of Rs 21.11, Muktinath Bikas Bank Limited (MNBBL) has an EPS of Rs 20.40.
(Please download and study the image in case of difficulty upon studying).
The bank with the lowest P/E ratio as of 19
th
February, 2018 is ShangriLa Development Bank Limited with 7.97 times. Similarly, bank with the highest P/E ratio is Muktinath Bikas Bank limited (MNBBL) i.e. 21.57. times.
(Please download and study the image in case of difficulty upon studying).
The highest net worth per share among these development banks is Rs 161.73 of Gandaki Bikas Bank Limited (GDBL). Shangrila Development Bank Limited has the second highest net worth per share as of Q2 of FY 2074/75 i.e. Rs 153.89. The bank is further followed by Lumbini Bikas Bank Limited (LBBL) with the net worth of Rs 150.30 per share. Jyoti Bikas Bank Limited has the least net worth of Rs 113.26 per share.
(Please download and study the image in case of difficulty upon studying).
As of the LTP of 19
th
February, 2018, Muktinath Bikas Bank limited has the highest LTP of Rs 440. It is further followed by KBBL with a price of Rs 240. Similarly, GDBL stands at third position with a market price of Rs 240. Jyoti Bikas Bank Limited has the least market price of Rs 160.

The market price has already been adjusted to the right share that these banks are providing. For example, Like KBBL, LBBL, SADBL, GDBL have already floated or in the process to issue right share. All these four bank’s book closure has adjusted in the market price but adjusted paid up capital has not been shown in their balance sheet.

The details of capital plan of these banks along with the upcoming, ongoing and approved right share and bonus share has been attached below:
Om Development Bank Limited (ODBL) will be convening its 11
th
Annual General Meeting (AGM) on Falgun 25, 2074 at Hotel Mount Kailash resort, Lakeside, Pokhara at 10:00 AM. The book closure date for the AGM has been set from Falgun 14 to Falgun 25, 2074. Thus, only those shareholders holding their shares till Falgun 13, 2074 i.e. one day ahead of the book closure date are eligible to participate in the AGM.
A full picture:
Finally the table below provides a full picture with major indicators of the 13 national development) banks (including the merged banks) as of the second quarter of FY 2074/75:
(Please download and study the image in case of difficulty upon studying).
Given the analysis, what opinions do you have on the development banks? Do you think the commercial banks and development banks have the same charm in the stock market? Although MLBL has a leading position among several indicators while KBBL is leading in terms of net profit, yet MNBBL has the highest market price. What say do you have on this? Please feel free to provide your observation of stock market.
(Disclaimer:  Any kind of information that is provided in the article should not be used as a sole advice or recommendation by investors in order to design their investment portfolio. So, before taking steps for any kind of the information, the investors are required to base their judgment on their own financial analysis, appropriateness of the information and seek independent financial advice. The information of the company has been taken from the authorized sources such as website of the company, NEPSE, financial reports and press releases of the companies so, any changes not updated in these may differ in the analysis.)",0.8959336280822754
2018-01-29,"Jyoti Bikas Bank, Mahalaxmi Bikas Bank and Shangrila Development Bank report profit increment of 5.22%, 42.57% and 23.53%; Tourism Development Bank’s profit decline by 22.83%",https://www.sharesansar.com/newsdetail/jyoti-bikas-bank-mahalaxmi-bikas-bank-and-shangrila-development-bank-report-profit-increment-of-5-22-42-57-and-23-53-tourism-development-banks-profit-decline-by-22-83,"Jyoti Bikas Bank Limited (JBBL)
has posted increase in profit of 5.22 percent for the fiscal year 2074/75.

According to the unaudited financial report published by the bank today, its net profit has increased to Rs 14.25 crore in the second quarter from Rs 13.54 crore in the corresponding quarter of the previous fiscal year 2073/74.

JBBL’s net interest income has increased to Rs 34.15 crore in Q2 from Rs 22.59 crore in the corresponding quarter of the previous fiscal year.

The bank collected Rs 13.45 arba in Q2 from Rs 9.12 arba in the corresponding period last year as deposits.

Likewise, it has extended loans and advances of Rs 12.43 arba in Q2 whereas in the same period last year the figure stood at Rs 8.01 arba.

Its non-performing loan has increased to 1.42 percent from 1.19 percent of last year.

Jyoti Bikas Bank’s annualized earning per share (EPS) stands at Rs 10.99, net worth per share at Rs 113.26 and the P/E ratio at Rs 14.29 times.

Its paid-up capital remains at Rs 2.59 arba and has reserve of Rs 34.403 crore.
Major Highlights:
Particulars (In Rs '000)
JBBL
Q2 2074/75
Q2 2073/74
Difference
Paid Up Capital
2,593,609
1,101,941
135.37%
Reserve & Surplus
344,037
282,868
21.62%
Deposits
13,458,299
9,129,062
47.42%
Borrowings
465,000
-
-
Loans & Advances
12,430,872
8,017,620
55.04%
Net Interest Income
341,564
225,916
51.19%
Provision for possible losses
42,206
19,179
120.06%
Operating Profit
219,494
148,216
48.09%
Net Profit
142,508
135,432
5.22%
NPL (%)
1.42
1.19
19.33%
Annualized EPS (In Rs.)
10.99
24.58
-55.29%
Net Worth per Share (In Rs.)
113.26
125.67
-9.87%
P/E Ratio (In times)
14.29
11.39
-
Likewise, Mahalaxmi Bikas Bank Limited (MBBL)
has posted significant increase in profit of 42.57 percent for the fiscal year 2074/75.

According to the unaudited financial report published by the bank today, its net profit has increased to Rs 20.54 crore in the second quarter from Rs 14.41 crore in the corresponding quarter of the previous fiscal year 2073/74.

MBBL’s net interest income has increased outstandingly by 89.67% to Rs 45.43 crore in Q2 from Rs 23.95 crore in the corresponding quarter of the previous fiscal year.

The bank collected an outstanding amount of Rs 25.12 arba in Q2 from Rs 12.06 arba in the corresponding period last year as deposits.

Likewise, it has extended loans and advances of Rs 20.82 arba in Q2 whereas in the same period last year the figure stood at Rs 10.08 arba.

Its non-performing loan has decreased to 3.39 percent from 3.78 percent of last year.

Mahalaxmi Bikas Bank’s annualized earning per share (EPS) stands at Rs 15.60, net worth per share at Rs 149.55.

Its paid-up capital remains at Rs 2.63 arba and has reserve of Rs 1.305 arba.
Major Highlights:
Particulars (In Rs '000)
MBBL
Q2 2074/75
Q2 2073/74
Difference
Paid Up Capital
2,633,797
1,386,233
90.00%
Reserve & Surplus
1,305,083
242,567
438.03%
Deposits
25,129,714
12,060,900
108.36%
Borrowings
-
-
-
Loans & Advances
20,824,436
10,089,506
106.40%
Net Interest Income
454,334
239,535
89.67%
Provision for possible losses
254,527
70,038
263.41%
Operating Profit
38,080
113,168
-66.35%
Net Profit
205,440
144,101
42.57%
NPL (%)
3.39
3.78
-10.32%
Annualized EPS (In Rs.)
15.60
20.79
-24.96%
Net Worth per Share (In Rs.)
149.55
117.50
27.28%
Similarly, Shangrila Development Bank (SADBL)
has posted profit increment of 23.53 percent for the second quarter of the fiscal year 2074/75.

According to the unaudited financial report published by the development bank today, its net profit has increased to Rs 16.01 crore in the second quarter up from Rs 12.96 crore in the corresponding quarter of the previous fiscal year 2073/74.

Shangrila Development Bank’s net interest income has also increased to Rs 35.61 crore in Q2, up from Rs 33.11 crore in the corresponding quarter of the previous fiscal year.

The bank’s deposits collection reached Rs 14.07 arba in Q2 from Rs 12.04 arba in the corresponding period last year.

Likewise, it has extended loans and advances of Rs 12.96 arba in Q2 whereas in the same period last year the figure stood at Rs 10.57 arba.

Its non-performing loan has increased to 0.85 percent in Q2 from 0.68 percent last year.

Shangrila Development Bank annualized earning per share (EPS) stand at Rs 23.58, net worth per share at Rs 153.89.

Its paid up capital remains at Rs 1.35 arba and has reserve of Rs 73.21 crore. It has currently floated 80% right share which ends in Magh 21. After 80% right issue, its paid up capital will reach Rs 2.44 arba from existing capital of Rs 1.35 arba. As per NRB’s monetary policy, SADBL should increase its paid up capital to a minimum of Rs 2.50 arba by the end of FY 2073/74. After the issuance of 80% right share, the bank should issue a further Rs 6 crore capital increment.
Major Highlights:
Particulars (In Rs '000)
SADBL
Q2 2074/75
Q2 2073/74
Difference
Paid Up Capital
1,358,475
1,073,456
26.55%
Reserve & Surplus
732,122
617,968
18.47%
Deposits
14,707,817
12,048,509
22.07%
Borrowings
-
-
-
Loans & Advances
12,966,351
10,570,697
22.66%
Net Interest Income
356,117
331,175
7.53%
Provision for possible losses
21,951
52,331
-58.05%
Operating Profit
251,711
199,903
25.92%
Net Profit
160,182
129,673
23.53%
NPL (%)
0.85
0.68
25.00%
Annualized EPS (In Rs.)
23.58
24.16
-2.39%
Net Worth per Share (In Rs.)
153.89
157.57
-2.33%
However, Tourism Development Bank Limited (TDBL)
has posted decrease in profit of 22.83 percent for the fiscal year 2074/75.

According to the unaudited financial report published by the bank today, its net profit has decreased to Rs 11.29 crore in the second quarter from Rs 14.63 crore in the corresponding quarter of the previous fiscal year 2073/74.

Its net interest income has increased to Rs 30.58 crore in Q2 from Rs 26.84 crore in the corresponding quarter of the previous fiscal year.

The bank collected Rs 13.10 arba in Q2 from Rs 10.74 arba in the corresponding period last year as deposits.

Likewise, it has extended loans and advances of Rs 11.54 arba in Q2 whereas in the same period last year the figure stood at Rs 9.24 arba.

Its borrowing has significantly decreased by 76.27% to Rs 14.00 crore in Q2 of current fiscal year from Rs 59.00 crore in the corresponding quarter of last fiscal year.

Its non-performing loan has increased to 2.13 percent from 1.3 percent of last year.

Tourism Development Bank’s annualized earning per share (EPS) stands at Rs 11.24, net worth per share at Rs 132.29 and the P/E ratio at 38.00 times.

Its paid-up capital remains at Rs 2.01 arba and has reserve of Rs 64.91 crore. It is currently in the process of merging with Mega Bank Limited.
Major Highlights:
Particulars (In Rs '000)
TDBL
Q2 2074/75
Q2 2073/74
Difference
Paid Up Capital
2,010,620
919,771
118.60%
Reserve & Surplus
649,158
486,902
33.32%
Deposits
13,100,917
10,741,384
21.97%
Borrowings
140,000
590,000
-76.27%
Loans & Advances
11,545,653
9,241,797
24.93%
Net Interest Income
305,869
268,474
13.93%
Provision for possible losses
87,279
49,520
76.25%
Operating Profit
152,951
188,194
-18.73%
Net Profit
112,955
146,381
-22.83%
NPL (%)
2.13
1.3
63.85%
Annualized EPS (In Rs.)
11.24
31.83
-64.70%
Net Worth per Share (In Rs.)
132.29
152.94
-13.50%
Price Earning Ratio
38.00
13.51
181.27%",-0.6860506534576416
2018-01-14,Mahalaxmi Bikas Bank proposes 9% cash dividend; paid up capital stands Rs 2.63 billion,https://www.sharesansar.com/newsdetail/mahalaxmi-bikas-bank-proposes-9-cash-dividend,"Mahalaxmi Bikas Bank Limited (MLBL) has announced 9% dividend to its shareholders.

As per the notice published in NEPSE, the board meeting of the company held on 28 Poush, 2074 has announced 9% cash dividend from the net profit it had earned in the FY 2073/74.

The decision is subjected to the approval from concerned authority and upcoming AGM.

Its current paid up capital stands at Rs 2.63 arba. It had earned Rs 5.63 crore in the first quarter of the FY 2074/75. Its earnings per share (EPS) stand at Rs 8.56 and net worth per share is at Rs 141.70.",0.8620839715003967
2017-11-12,Mahalaxmi Bikas Bank appoints Krishna Raj Lamichhane as new CEO,https://www.sharesansar.com/newsdetail/mahalaxmi-bikas-bank-appoints-krishna-raj-lamichhane-as-new-ceo,"Mahalaxmi Bikas Bank Limited (MLBL) has appointed Mr. Krishna Raj Lamichhane as the Chief Executive Officer (CEO) of the bank. He has been appointed as the new CEO after former CEO Mr. Ramesh Kumar Bhattarai resigned from his post.

As per the notice published in Nepal Stock Exchange today, the BOD meeting held on Kartik 25, 2074 has appointed Mr. Lamichhane as CEO of the company for next four years.
Mr. Lamichhane has 30 years of banking experience. He has started his banking career from Nepal Bank as Chief Manager in Account Department. Earlier, he used to work as CEO in Kailash Bikas Bank Limited. Mr Lamichane has successfully completed his 2 year tenure of CEO in Kailash Bikas Bank.",0.847362756729126
2017-11-09,Mahalaxmi Bikas Bank net profit decrease by 14.93% to  Rs 5.63 crore; EPS & Net worth stands at Rs 8.56 & Rs 141.70 respectively,https://www.sharesansar.com/newsdetail/mahalaxmi-bikas-bank-net-profit-decrease-by-14-93-to-rs-5-63-crore-eps-net-worth-stands-at-rs-8-56-rs-141-70-respectively,"Mahalaxmi Bikas Bank Limited (MLBL) has registered a net profit growth fall of 14.93 % in the first quarter of the current FY 2074/75.

According to the unaudited report published by the development bank today, its net profit has decreased to Rs 5.63 crore in first quarter from Rs 6.62 crore in the corresponding quarter of the previous fiscal year.

It has a paid up capital of Rs 2.63 arba with a reserve of Rs 1.09 arba.

The bank also collected deposits of Rs 25.14 arba in Q1, up from Rs 10.82 arba in the corresponding period last year. Likewise, it has extended loans and advances of Rs 20.12 arba in Q1 whereas in the same period last year, the figure stood at Rs 9.12 arba.

MLBL’s annualized Earnings per Share (EPS) has decreased to Rs 8.56 per share. Its net worth per share stands at Rs 141.70.
Major Highlights:
Particulars (In Rs '000)
Mahalaxmi Bikas Bank
Q1 2074/75
Q1 2073/74
Difference
Paid Up Capital
2,633,797
1,386,233
90.00%
Reserve & Surplus
1,098,231
115,216
853.19%
Deposits
25,146,450
10,824,479
132.31%
Borrowings
-
-
#DIV/0!
Loans & Advances
20,125,095
9,124,148
120.57%
Net Interest Income
172,747
117,638
46.85%
Provision for possible losses
96,786
34,988
176.63%
Operating Profit
(24,589)
47,801
-151.44%
Net Profit
56,343
66,228
-14.93%
NPL (%)
3.55
4.29
-17.25%
Annualized EPS (In Rs.)
8.56
19.11
-55.22%
Net Worth per Share (In Rs.)
141.70
108.31
30.82%
P/E Ratio (In times)
-
-
-
Click here to see announcement:",0.03437291458249092
2017-08-11,Green Development Bank’s demoralized reserves of Rs 70.35 lakh; Mahalaxmi Bikas Bank successfully maintain EPS at Rs 26.92,https://www.sharesansar.com/newsdetail/green-development-banks-demoralized-reserves-of-rs-70-35-lakh-mahalaxmi-bikas-bank-successfully-maintain-eps-at-rs-26-92,"Green Development Bank Limited (GRDBL) has stated excellent profit growth of 163.76 percent in the fourth quarter (Q4) of the current fiscal year 2073/74 but amount of profit earned by the bank is comparatively low with respect to its capital.

Publishing the unaudited financial report for the fourth quarter today, the development bank stated that its net profit rose to Rs 30.57 lakh in the current fiscal year 2073/74, up from Rs 11.59 lakh in the corresponding period of the previous fiscal year 2072/73.

Its net interest income has risen from Rs 2.01 crore in corresponding quarter to Rs 1.12 crore in the current quarter.

GRDBL’s paid up capital remains at Rs. 10 crore with negative reserve of Rs 70.35 lakh in Q4.

GRDBL’s annualized earning per share (EPS) stands at Rs 3.06, net worth per share at Rs 92.97 and the P/E ratio at 204.90 times.

Moreover, GRDBL is seeking approval from SEBON for issuing 400% right shares. But investors should be conscious whether is it good to invest in such companies which has negative reserve, low earning per share and P/E ratio. So, one should not fall in the greed for 400% right shares. After issuance of 400% right shares, its paid up capital will reach Rs 50 crore.

Major Highlights:
Indicators (Rs in ""000"")
FY 2073/74 Q4
FY 2072/73 Q4
Growth (%)
Paid Up Capital
100,000
100,000
-
Reserve and Surplus
(7,035)
(8,334)
(15.59)
Deposits
478,200
338,450
41.29
Loans and Advances
361,715
307,749
17.54
Net Interest Income
20,147
11,298
78.32
Provision
6,498
2,657
144.56
Write Back
4,596
302
1,421.85
Operating Profit
(1,539)
857
(279.58)
Net Profit
3,057
1,159
163.76
Capital Adequacy Ratio (%)
2,041.00
25.52
7,897.65
NPL (%)
1.58
0.88
79.55
Cost of Funds (%)
8.01
6.55
22.29
CD Ratio (as per NRB) (%)
64.43
72.61
(11.27)
EPS (Annualized)
3.06
1.16
163.76
Net Worth Per Share
92.97
91.67
1.42
P/E Ratio
204.90
-
Mahalaxmi Bikas Bank Limited (MLBL) has soared its net profit with growth of 95.37 percent for fourth quarter (Q4) in the last FY 2073/2074.

According to the published unaudited financial report, the development bank lifted its net profit from Rs 36.29 crore in Q4 of the FY 2073/2074 to Rs 70.91 crore in Q4 of the FY 2073/2074.

The net interest income of the development bank has grown by 228.92 percent to Rs 1,24 arba from Rs 37.93 crore in Q4 of corresponding previous fiscal year 2072/2073.

MLBL has paid up capital of Rs 2.63 arba with growth of 90 percent compare with previous fiscal year 2072/7073 and reserve of Rs 1.07 arba with astonishing growth of 2084.58 percent.

The development bank has collected deposits of Rs 25.13 arba in Q4, up from Rs 10.86 arba in the corresponding quarter. Likewise, its extended loans and advances have risen to Rs 20.71 arba in Q4 whereas in the previous fiscal year it was Rs 8.76 arba.

Its non-performing loan (NPL) is down to 3.63 percent in Q4 from 4.17 percent in the previous fiscal year, while capital adequacy ratio (CAR) is up by 21.93 percent to 14.62 percent compare to previous fiscal year.

MLBL’s earring per share (EPS) is slightly up from Rs 26.18 to Rs 26.92 in the corresponding quarter. Its net worth per share is at Rs 140.70 with growth of 35.89 percent and the CD ratio at 71.84 percent.

Mahalaxmi Bikas Bank Limited and Yeti Development Bank Limited have received final merger approval from NRB to commence its joint transaction from Asadh 18, 2074 in the name of Mahalaxmi Bikas Bank Limited.

Major Highlights:
Indicators (Rs in ""000"")
FY 2073/74 Q4
FY 2072/73 Q4
Growth (%)
Paid Up Capital
2,633,797
1,386,233
90.00
Reserve and Surplus
1,071,929
49,068
2,084.58
Deposits
25,136,613
10,861,293
131.43
Loans and Advances
20,718,816
8,768,662
136.28
Net Interest Income
1,247,776
379,359
228.92
Provision
380,649
177,924
113.94
Write Back
556,442
423,654
31.34
Operating Profit
527,971
91,843
474.86
Net Profit
709,145
362,969
95.37
Capital Adequacy Ratio (%)
14.62
11.99
21.93
NPL (%)
3.63
4.17
(12.95)
Cost of Funds (%)
7.00
5.09
37.52
CD Ratio (as per NRB) (%)
71.84
71.34
0.70
Base Rate (%)
11.38
9.90
14.95
EPS (Annualized)
26.92
26.18
2.83
Networth Per Share
140.70
103.54
35.89",-0.3672912120819092
2017-07-04,"RSDC Laghubitta, Prabhu Insurance, Jyoti Bikas Bank & 3 other companies list 1.96 crore units bonus & right shares in NEPSE",https://www.sharesansar.com/newsdetail/rsdc-laghubitta-prabhu-insurance-jyoti-bikas-bank-3-other-companies-list-1-96-crore-units-bonus-right-shares-in-nepse,"18,447,536.81 units right shares and 12,13,416 units bonus shares of 6 companies have been listed in Nepal Stock Exchange (NEPSE) today. Now, shareholders having these shares can sell the shares after receiving them in their demat accounts.
Listing of bonus shares of RSDC Laghubitta Bittiya Sanstha Ltd.
1,50,000 units Bonus Shares of RSDC Laghubitta Bittiya Sanstha Ltd. has been listed. The microfinance company has listed 15% bonus share for FY 2072/73.
Listing of rights shares of Garima Bikas Bank Ltd.
87,30,378 units Rights Shares of Garima Bikas Bank Ltd. has been listed. The bank has listed 70% right shares (excluding unclaimed right shares which are being auctioned) floated from Baisakh 14 to Jestha 17, 2074.
Listing of bonus shares of Mahalaxmi Bikas Bank Ltd.
9,13,416 units Bonus Shares of Mahalaxmi Bikas Bank Ltd. has been listed. The bank has listed 7.90% bonus share for FY 2072/73.
Listing of rights shares of Prabhu Insurance Ltd.
19,25,078.81 units Rights Shares of Prabhu Insurance Ltd. has been listed. This includes all right shares (including auctioned shares) issued in the ratio 2:1 from Chaitra 30, 2073 to Jestha 2, 2074.
Listing of bonus and rights shares of Nagbeli Laghubitta Bikas Bank Ltd.
1,50,000 units Bonus Shares and 1,26,417 units Rights shares of Nagbeli Laghubiita Bikas Bank Ltd. has been listed. This listing includes 60% bonus share for FY 2072/73 and 2:1 right shares that were floated to its shareholders from Mangsir 20 to Magh 10, 2073.
Listing of rights shares of Jyoti Bikas Bank Ltd.
76,65,663 units Rights Shares of Jyoti Bikas Bank Ltd. has been listed. This includes all subscribed right shares issued by the bank in the ratio 1:1 from Baisakh 28 to Jestha 31, 2074. This does not include the unclaimed right shares that are being auctioned from tomorrow.",0.9287433624267578
2017-06-30,Gandaki & Fewa Bikas Bank joint transaction to start from Asadh 21 as Gandaki Bikas Bank; Mahalaxmi & Yeti Dev. Bank joint transaction from Asadh 18,https://www.sharesansar.com/newsdetail/gandaki-fewa-bikas-bank-joint-transaction-to-start-from-asadh-21-as-gandaki-bikas-bank-mahalaxmi-yeti-dev-bank-joint-transaction-from-asadh-18,"Nepal Rastra Bank had given final approval for the merger of Fewa Bikas Bank Limited and Gandaki Bikas Bank Limited on Jestha 29, 2074. The joint transaction of both development banks will start Asadh 21, 2074.

The merged entity will be named as Gandaki Bikas Bank Limited and will start the integrated business. The merged entity will publish combined quarterly report from the upcoming quarter after their joint operation.

Gandaki and Fewa Bikas Bank had gone under merger with a share swap ratio of 1:1.

The transaction of both banks will remain closed on Asadh 20, 2074 for the process of system integration to start joint operation.

Everything related to banking services such as ATM services, Internet Banking, Mobile banking, etc. will be closed on Asadh 20, 2074.

After the merger, the registrar office of the bank will be in Lekhnath-4, Pokhara.

The paid up capital of Gandaki Bikas Bank stands at Rs64.39 crore. It had earned net profit of Rs 13.39 crore in the third quarter of the fiscal year 2073/74.

The paid up capital of Fewa Bikas Bank stands at Rs 1.19 arba. The bank had earned net profit of Rs27.31 crore in the third  quarter of the fiscal year 2073/74.

Likewise, Mahalaxmi Bikas Bank Limited and Yeti Development Bank Limited have received final merger approval from NRB to commence its joint transaction from  Asadh 18, 2074 in the name of Mahalaxmi Bikas Bank Limited.

The share swap ratio for the merger of both banks was  fixed at 1:1.

Mahalaxmi Bikas Bank has earned net profit of Rs 22.04 crore in the third quarter of the fiscal year 2073/74 as per unaudited report. Its paid up capital stand at Rs 1.15 arba. Similarly, Yeti Development Bank earned net profit of Rs 21.71 crore in the third quarter of the fiscal year 2073/74. |Its paid up capital stand at Rs 1.38 arba.

Mahalaxmi Bikas Bank has proposed 8% bonus share from the profits it earned in FY 2072/73 and Yeti Development Bank’s 50% right share is in SEBON pipeline.",0.8965738415718079
2017-06-13,NRB provides LOI to Deva Bikas Bank for acquiring Sajha Bikas Bank; other 9 BFIs given final approval for merger/acquisition,https://www.sharesansar.com/newsdetail/nrb-provides-loi-to-deva-bikas-bank-for-acquiring-sajha-bikas-bank-other-9-bfis-given-final-approval-for-mergeracquisition,"Nepal Rastra Bank has provided Letter of Intent (LOI) to Deva Bikas Bank Limited for the acquisition of Sajha Bikas Bank Limited. This approval has opened the way for both the banks to take their acquisition-related agendas to be endorsed through their SGMs.

Likewise, NRB has also provided final approval to 9 other Banks and Financial Institutions (BFIs) for their mergers and acquisitions. Nepal Investment Bank has received approval for acquiring Ace Development Bank and Civil Bank has received approval for acquiring Unique Finance and Hama Merchant Finance. Similarly, Yeti Development Bank has received final approval for merger with Mahalaxmi Bikas Bank while Vibor Society Development Bank has received approval to merge with Lumbini Finance and Leasing Company. The BFIs have planned to start joint operation within the end of Ashad 2074.",-0.34026390314102173
2017-04-13,Yeti Dev Bank & Mahalaxmi Bikas Bank separate AGM on Baisakh 22; to endorse merger with each other; Mahalaxmi to endorse 7.90% bonus,https://www.sharesansar.com/newsdetail/yeti-dev-bank-mahalaxmi-bikas-bank-separate-agm-on-baisakh-22-to-endorse-merger-with-each-other-mahalaxmi-to-endorse-7-90-bonus,"Yeti Development Bank Limited (YETI)
is going to conduct its 15
th
Annual General Meeting (AGM) on Baisakh 22, 2074. The AGM is going to be held at All in One Mart, Crown Banquet, Minbhawan, Kathmandu at 10:00 AM.

The main agendas of the AGM are:
To cancel the issuance of 50% right share as endorsed by its earlier AGM
To endorse the share swap ratio of 1:1 for the merger of Yeti Dev Bank and Mahalaxmi Bikas Bank as recommended by the BOD
To name the merged entity as “Mahalaxmi Bikas Bank Limited”
To endorse the final agreement and Scheme of Arrangement for the merger
To amend the Article of Association (AOA) and Memorandum of Association (MOA) as per instructions received from the regulatory authorities
To collect applications for public issues (FPO/IPO) under ASBA system and provide services as depository participant
To authorize BOD for merger/acquisition with other BFIs
Other agendas of the AGM include financial highlights of the FY 2072/73 and appointment of auditor.

YETI’s trading has been suspended in NEPSE since Chaitra 2, 2073 following the merger. The register of their shareholders will remain closed from Baisakh 8 to Baisakh 22, 2074 for the purpose of this AGM. Only those shareholders holding shares traded till Chaitra 1, 2073 and registered till Baisakh 7, 2074 are eligible for participation in the AGM.

YETI has earned net profit of Rs 14.41 crore in the second quarter of the fiscal year 2073/74.

Likewise,
Mahalaxmi Bikas Bank Limited (MLBL)
is also convening its 17
th
AGM on the same day (Baisakh 22, 2074). The AGM is being held at Hotel Yellow Pagoda, Kantipath, Kathmandu at 4:00 PM.

The main agendas of the AGM are:
To endorse 7.90% bonus shares from the profits it earned in FY 2072/73
To endorse the share swap ratio of 1:1 for the merger of Yeti Dev Bank and Mahalaxmi Bikas Bank as recommended by the BOD
To name the merged entity as “Mahalaxmi Bikas Bank Limited” with its registered office at Durbarmarga, Ward no. 1, Kathmandu.
To endorse the final agreement and Scheme of Arrangement for the merger
To amend the Article of Association (AOA) and Memorandum of Association (MOA) as per instructions received from the regulatory authorities
To authorize BOD for merger/acquisition with other BFIs
MLBL’s trading has been suspended in NEPSE since Chaitra 2, 2073 following the merger. The register of their shareholders will remain closed from Baisakh 7 to Baisakh 21, 2074 for the purpose of this AGM. Only those shareholders holding shares traded till Chaitra 1, 2073 and registered till Baisakh 6, 2074 are eligible for the bonus shares and for participation in the AGM.

It has earned net profit of Rs 12.87 crore in second quarter of ongoing fiscal year 2073/74.",0.8098933100700378
2017-04-03,NRB provides LOI for merger of Mahalaxmi & Yeti Development Bank,https://www.sharesansar.com/newsdetail/nrb-provides-loi-for-merger-of-mahalaxmi-yeti-development-bank,"Nepal Rastra Bank (NRB) has provided Letter of Intent (LOI) for merger between Mahalaxmi Bikas Bank Limited (MLBL) and Yeti Development Bank Limited (YETI) on Chaitra 20, 2073.

After the merger, the name of the merged entity will be Mahalaxmi Bikas Bank Limited and will start joint operations as a class “B” development bank with a paid up capital of Rs 2.63 arba.

The merged entity will have a deposit base of Rs 23.84 arba with disbursed loans of Rs 19.97 arba. Likewise, the number of branches will reach 65 with more than 3.45 lakh customers—making it the largest development bank in the country.",0.6639165878295898
2017-03-14,Yeti Development Bank & Mahalaxmi Bikas Bank to merge; share swap likely to be 1:1,https://www.sharesansar.com/newsdetail/yeti-development-bank-mahalaxmi-bikas-bank-to-merge-share-swap-likely-to-be-11,"Yeti Development Bank Limited (YETI) and Mahalaxmi Bikas Bank Limited (MLBL) are going to sign an agreement for merger today. After the merger, it will be the largest national level development bank in Nepal in terms of paid up capital.

Earlier, Mahalaxmi Bikas Bank was rumored to be acquired by Sunrise Bank Limited.

As per an official of Yeti Development Bank, the share swap ratio for the merger will most likely be fixed at 1:1. As such, the paid up capital of the merged entity will reach Rs 2.62 arba. “Both development banks will sign a Memorandum of Understanding (MOU) today. The name of the merged entity has not been fixed and will be decided after a BOD meeting”, said the official.

Mahalaxmi Bikas Bank Limited was formed after merger of Mahalaxmi Finance, Malika Bikas Bank and Siddhartha Finance on September 9, 2016. Likewise, Manakamana Development Bank, Yeti Finance and Valley Finance had merged to form Yeti Development Bank Limited on July 15, 2013.

Mahalaxmi Bikas Bank has proposed 8% bonus share from the profits it earned in FY 2072/73 and Yeti Development Bank's 50% right share is in SEBON pipeline.",0.836470901966095
2017-02-05,Mahalaxmi Bikas Bank reports 158% rise in net profit; EPS at Rs 22.26,https://www.sharesansar.com/newsdetail/mahalaxmi-bikas-bank-reports-158-rise-in-net-profit-eps-at-rs-22-26,"Mahalaxmi Bikas Bank Limited (MLBL) has registered a net profit growth of 158.20% in the second quarter of the current FY 2073/74.

According to the
unaudited financial report
published by the development bank today, its net profit has increased to Rs 12.87 crore in second quarter, up from Rs 4.98 crore in the corresponding quarter of the previous fiscal year.

MLBL’s net interest income has risen to Rs 30.98 crore in Q2 as compared to Rs. 8.90 crore in the corresponding quarter of the last fiscal year.

As of Q2, it has a paid up capital of Rs 1.15 arba with a reserve of Rs 70.27 crore.

The bank also collected deposits of Rs. 11.78 arba in Q2, up from Rs 3.58 arba in the corresponding period last year. Likewise, it has extended loans and advances of Rs. 9.88 arba in Q2 whereas in the same period last year, the figure stood at Rs. 2.80 arba.

MLBL’s annualized Earnings per Share (EPS) has increased to Rs 22.26 per share. It is a national level development bank and needs to meet the capital of Rs. 2.50 arba by the end of this fiscal year. It will further need to increase its capital by 117%. Its trading was
recently resumed after merger
with Siddhartha Finance, Malika Bikas Bank and Mahalaxmi Finance.",-0.8967936038970947
2017-01-12,Mahalaxmi Bikas Bank publishes capital plan; right issue worth Rs 95 crore and 15% bonus pending,https://www.sharesansar.com/newsdetail/mahalaxmi-bikas-bank-publishes-capital-plan-right-issue-worth-rs-95-crore-and-15-bonus-pending,"Mahalaxmi Bikas Bank Limited (MLBL) has published its capital plan. Nepal Rastra Bank, through its directive last year, had directed all national level development banks to hike their paid up capital to Rs 250 crore by the end of FY 2073/74. The development bank proposes to exercise below mentioned options to raise its paid up capital to Rs 250 crore within the stipulated time frame of Ashad 2074.

In the current FY 2072/73, the company will distribute 8% bonus share to its shareholders. After this, the company plans to raise Rs 95 crore from merger or right issue.

After right share distribution, the company will issue further 15% bonus share to hike its paid up capital to around Rs 252.85 crore.
Mahalaxmi Finance Limited, Siddhartha Finance Limited and Malika Bikas Bank Limited have merged to form a national level development bank  with the name of “Mahalaxmi Bikas Bank Limited”. Their joint transaction was started from Bhadra 19, 2073, and
trading in NEPSE started from Poush 25, 2073
.

MLBL has earned Rs. 2.04 crore in the first quarter of the current FY 2073/74 as per its unaudited report.",0.09119057655334473
2017-01-09,Trading in Mahalaxmi Bikas Bank starts after merger,https://www.sharesansar.com/newsdetail/trading-in-mahalaxmi-bikas-bank-starts-after-merger,"Trading in Mahalaxmi Bikas Bank Limited has been started in NEPSE from today (Poush 25, 2073). As per the notice published in NEPSE today, trading has been resumed after its successful merger between Mahalaxmi Finance Limited, Malika Bikas Bank Limited, and Siddhartha Finance Limited.

The merged entity “Mahalaxmi Bikas Bank Limited” had started joint operations since September 9, 2016 as a national level development bank.",0.9013762474060059
2016-11-24,Mahalaxmi Bikas Bank & Nepal Clearing House signs pact for Interbank Payment System,https://www.sharesansar.com/newsdetail/mahalaxmi-bikas-bank-nepal-clearing-house-signs-pact-for-interbank-payment-system,"Mahalaxmi Bikas Bank Limited and Nepal Clearing House Limited have signed an agreement for Interbank Payment system (NCHL-IPS) on Mangsir 6, 2073.

Nepal Clearing House Limited’s CEO Nilesh Man Singh Pradhan and Ramesh Kumar Bhandari, CEO of Mahalaxmi Bikas Bank signed the pact. With this agreement, Nepal Clearing House Limited will provide NHCL-IPS system for Interbank Payment Service.

Banks affiliated with NHCL-IPS can self-conduct services of its customers related to Direct Credit and Direct Debit. Bank and financial institutions can provide service related to activities like Customer’s Cash Placement, Dividend Payment, IPO Refund, Bill Payment, Premium Payment, Allowance Payment and Remittance Services. Customers can be provided international standard services through the system. Transactions through the system are more transparent and huge transactions can be easily done along with minimal risk.

NCHL-IPS has 65 bank and financial institutions as Direct member and 3 Remit company and 1 Merchant Banking Company has been agreed as Indirect Member. After this agreement, 70 members have been registered under NCHL-IPS system.

NCHL currently has over 108 member banks and financial institutions with 2,804 branches within its network for clearing cheque and has been providing providing services from Bhadra 1, 2073 from 58 member BFIs.

NCHL has set its objectives to establish and operate multiple national payment systems in Nepal. It will be signing similar NCHL-ECC subscription agreements with other banks and financial institutions in upcoming days as well.",0.6947916150093079
2016-10-19,Triveni Bikas Bank to issue 50% (41 lakh units) right share from Kartik 23; Paid up capital to reach Rs 1.23 arba,https://www.sharesansar.com/newsdetail/triveni-bikas-bank-to-issue-50-41-lakh-units-right-share-from-kartik-23-paid-up-capital-to-reach-rs-1-23-arba,"Triveni Bikas Bank Limited (TBBL) will be issuing 2:1 (50%) right shares to its existing shareholders from Kartik 23, 2073.

According to the notice published by the development bank today, the rights issue will remain open for 35 days before closing on Mangsir 27, 2073.

Triveni Bikas Bank will be issuing a total of 41, 00,076.42 unit right shares at the face value of Rs 100.

The book closure date for 50% right issue has been set for Kartik 1, 2073 for one day. Only the shares registered one trading day ahead of the book closure date i.e. Ashoj 30, 2073 are eligible for the right shares.

Ace Capital Limited is assigned as the issue manager for the right issue.

Interested shareholders can collect the application forms from Ace Capital Limited, Laldurbar, Kathmandu, all branch offices of Triveni Bikas Bank and Ace Development Bank and also from Mahakali Bikas Bank Limited, Mahendranagar and Dhandagi.

After the adjustment of the rights shares, the development bank total paid-up capital will reach to Rs 1.23 arba from existing Rs 82 crore. The development bank has authorized capital of Rs 2.50 arba. Its public-promoter share structure stands at 51:49 ratio.

Its last trade price (LTP) stood at Rs 354 as on October 18, 2016.

TBBL had earned net profit of Rs. 19.25 crore in the fourth quarter of the last fiscal year.",0.9153242707252502
2016-10-18,Mahalaxmi Bikas Bank awarded ‘Best Enterprise’ & ‘Manager of the Year’,https://www.sharesansar.com/newsdetail/mahalaxmi-finance-awarded-best-enterprise-manager-of-the-year,"Europe Business Assembly, a reputed organization of UK has awarded Mahalaxmi Bikas Bank Limited for ‘Best Enterprises’ and Mr Ramesh Kumar Bhattarai, Chief Executive Officer (CEO) of Mahalaxmi Bikas Bank for ‘Manager of the Year’ award. The awarded was provided in European Award program organized at Cannes, France on October 7, 2016.

Altogether 36 companies from Asia, Europe, Africa and Middle East took part in the program.

The  company had undergone merger process with Malika Bikas Bank and Siddhartha Finance. The merged entity had started its operation as Mahalaxmi Bikas Bank, a national level development bank from Bhadra 2073.

After merger, the merged entity has paid up capital of Rs 1.15 arba. Similarly, it has collected deposits of Rs 11.55 arba and loan and advances of Rs 9.36 arba.",0.4871041774749756
2016-09-04,Mahalaxmi Bikas Bank starts joint transaction from today after successful merger,https://www.sharesansar.com/newsdetail/mahalaxmi-bikas-bank-starts-joint-transaction-from-today-after-successful-merger,"Mahalaxmi Finance Limited, Siddhartha Finance Limited and Malika Bikas Bank Limited has merged together forming Mahalaxmi Bikas Bank Limited. The joint transaction of trio financial institution starts from today ( Bhadra 19, 2073).

As per the press release published today, Dr. Chiranjibi Nepal, Governor of Nepal Rastra Bank inaugurated the development bank today amid a program.

Mahalaxmi Development Bank has now paid up capital of Rs 1.15 arba, deposits of Rs 11.94 arba and has extended loan and advances of Rs 9.54 arba.

The total number of the newly formed development bank has reached to 40, with 11 ATM counters.

The development bank has formed 8 member Board of Director (BOD) committee. Babulal Agrawal has been elected as the chairman and Ramesh Kumar Bhattarai has been elected as the Chief Executing Officer (CEO).",0.6150580048561096
