Date,Headline,Link,Full Content,Sentiment_Score
2023-04-21,NRB Takes Action Against These 8 Commercial Banks for Violating NRB Guidelines,https://www.sharesansar.com/newsdetail/nrb-takes-action-against-these-8-commercial-banks-for-violating-nrb-guidelines-2023-04-21,"NRB takes action against these eight commercial Banks for violating NRB Guidelines.
Nepal Credit and Commerce Bank – Now Kumari Bank Limited:
Contrary to the integrated method for concessional loans, NCC granted more than one concessional loan to the same group, failed to provide enough loan loss coverage in some loans, and altered the premium rate in some loans in violation of NRB directives. A violation was discovered, and the Chief Executive Officer was notified in accordance with section 100's sub-section (2) (a) of the Nepal Rastra Bank Act of 2058.
When disbursing subsidized loans, Kumari Bank did not verify the loans' justifications, paid more interest on some fixed deposits than the published interest rate, failed to include sufficient loan loss provisions and risk weighting in some loans, and otherwise violated the NRB's instructions.
As the Chief Executive Officer approved the loan beyond his authority, Mr. Amritcharan Shrestha, the then Chief Executive Officer of Nepal Credit and Commerce Bank Limited, has been fined Rs. Five lakh.
Rastriya Banijya Bank
– Under scrutiny, it was found that the bank was involved in a money laundering transaction and has been charged penalty worth Rs. 10 Lakh.
Century Commercial Bank: Now Prabhu Bank
– For not maintaining the required ratio of loans and deposits i.e CD Ratio worth Rs. 2.84 Crores for the month of Shrawan and Bhadra.
Nepal Bank Limited
: For not maintaining the required ratio of loans and deposits i.e CD Ratio worth Rs. 1.85 Crores for the month of Shrawan.
Nabil Bank
: For not maintaining the required ratio of loans and deposits i.e CD Ratio worth Rs. 6.46 Crores for the month of Shrawan, Bhadra and Ashoj.
Global IME Bank Limited:
For not maintaining the required ratio of loans and deposits i.e CD Ratio worth Rs. 4.42 Crores for the month of Bhadra and Ashoj.
Agriculture Development Bank:
For not maintaining the required ratio of loans and deposits i.e CD Ratio worth Rs. 69.58 Lakhs for the month of Bhadra.
Himalayan Bank Limited:
For not maintaining the required ratio of loans and deposits i.e CD Ratio worth Rs. 71.72 Lakhs for the month of Bhadra.
Your browser does not support pdfs,
click here to download the file.",0.18975549936294556
2023-02-09,"2,755,253 Promoter Shares of Kumari Bank (Former Nepal Credit and Commerce Bank) in Auction from Today",https://www.sharesansar.com/newsdetail/2755253-promoter-shares-of-kumari-bank-former-nepal-credit-and-commerce-bank-in-auction-from-today-2023-02-09,"Kumari Bank Limited (Former Nepal Credit and Commerce Bank Limited)
is selling its 27,55,253 units promoter share in an auction from today i.e. 26th Magh to 11th Falgun, 2079.
27,55,253 units of promoter shares will be auctioned. Individual investors, companies, and institutions are all eligible to bid in an auction. Rs. 138 is the minimum bid rate. The minimum bid quantity for promoters’ shares is 1000 units. Although bidders can bid for the entirety of the issue, they are required to abide by the Nepal Rastra Bank's rule to not exceed the specified quantity of shares per entity.
Sunrise Capital Limited is the auction manager. Bids will open at the premises of the auction manager on Falgun 14 starting at 11 am that day.
Auction Notice",0.9296576380729675
2023-01-19,26.22 Crores Shares of Kumari Bank and 2 Crores Shares of Sanima GIC Insurance Now Listed in NEPSE,https://www.sharesansar.com/newsdetail/2622-crores-shares-of-kumari-bank-and-2-crores-shares-of-sanima-gic-insurance-now-listed-in-nepse-2023-01-19,"26,22,58,613.57 shares of
Kumari Bank Limited (KBL)
have been listed in NEPSE.
Kumari Bank Limited (KBL) and Nepal Credit and Commerce Bank Limited (NCC) have completed all the merger-related processes and have begun joint transactions as Kumari Bank Limited from Poush 17, 2079. The company had signed a merger deal at a swap ratio of 1:1. Thus, the additional shares after the merger are now listed in NEPSE. NCC's total listed shares were 111,396,784 units whereas KBL had 147,111,834 unit shares listed in NEPSE.
The Open Price Range is set as Rs. 189.56 for the first transactions of the company.
Similarly, 2,00,00,000 shares of
Sanima GIC Insurance Limited
have been listed in NEPSE.
Sanima General Insurance Limited (SGI) and General Insurance Company Nepal Limited (GIC) started their joint operation under the name ""Sanima GIC Insurance"" on 7th Kartik, 2079. The Memorandum of Understanding (MoU) agreement had been signed between the two companies on 29th Ashad, 2079 with a swap ratio of 1: 1. Thus, the additional shares after the merger are now listed in NEPSE. SGI and GIC's total listed shares were 10,000,000 units each.
The Open Price Range is set as Rs. 367.50 for the first transactions of the company.",0.9247470498085022
2023-01-02,Kumari Bank begins joint transaction after successful acquisition of NCC Bank; revamped institution to have 306 branches and 26.23 Arba worth paid up capital,https://www.sharesansar.com/newsdetail/kumari-bank-begins-joint-transaction-after-successful-acquisition-of-ncc-bank-revamped-institution-to-have-306-branches-and-2623-arba-worth-paid-up-capital-2023-01-02,"Kumari Bank Limited (KBL) and Nepal Credit and Commerce Bank Limited (NCC) have begun joint transactions as Kumari Bank Limited from Poush 17, 2079 which was marked by a joint inaugural event kickstarted by the chairman of then Kumari Bank Mr. Amir Pratap JB Rana and his counterpart at then NCC Bank Mr. Upendra Keshari Neupane.
The revamped institution will now have Rs 26.23 Arba in paid up value, Rs 3.02 Kharba in deposit figure, Rs 2.80 Kharba in loan portfolio, as per the media statement.
The bank will now provide its services from its 306 branches, 47 extension counters, 62 branchless banking units and 345 ATM outlets across the nation.",0.7401484847068787
2022-12-29,"Due to Final Merger Procedure, Share Trading of Kumari Bank & Nepal Credit and Commerce Bank Shall be Halted for 15 Days from Poush 17",https://www.sharesansar.com/newsdetail/due-to-final-merger-procedure-share-trading-of-kumari-bank-nepal-credit-and-commerce-bank-shall-be-halted-for-15-days-from-poush-17-2022-12-29,"According to the decision of the meeting held on Poush 13, the share trading of ""Kumari Bank Limited"" will be halted to for 15 days from the date of commencement of integrated financial transactions.
In the respective extraordinary general meetings conducted on Mangsir 28 of Kumari Bank Limited and Nepal Credit and Commerce Bank Limited, the companies passed a special resolution proposing the merger of Kumari Bank Limited and Nepal Credit and Commerce Bank Limited.
In accordance with the letter from Nepal Rastra Bank and the Office of the Registrar of Companies, the merger has also gained final permission.
""Kumari Bank Limited"" has been chosen as the new name, and integrated transactions will start taking place on Poush 17 (January 1st, 2023).
As per the guidelines for amalgamation and acquisition of companies that have registered securities issued by the Securities Board (SEBON), the share trading of the company shall be suspended for 15 (fifteen) days from the date of commencement of the integrated financial transactions of both institutions for the purpose of matching the shares of the target institution, re-registration of securities, dematerialization and listing of securities.",0.7317086458206177
2022-12-27,Final Agreement for Merger Between Kumari Bank and Nepal Credit & Commerce Completed; Integrated Transaction to Start from Poush  17,https://www.sharesansar.com/newsdetail/final-agreement-for-merger-between-kumari-bank-and-nepal-credit-commerce-completed-integrated-transaction-to-start-from-poush-17-2022-12-27,"Final approval in relation to merger of Kumari Bank Limited (KBL) and Nepal Credit & Commerce Bank Limited (NCCB) has been completed. The company had signed merger deal at a swap ratio of 1:1.
In their respective extraordinary general meetings conducted on Mangsir 28, Kumari Bank Limited and Nepal Credit and Commerce Bank Limited, a ""Class A"" Licensed Bank, passed a special resolution proposing the merger of Kumari Bank Limited and Nepal Credit and Commerce Bank Limited.
In accordance with the letter from Nepal Rastra Bank and the Office of the Registrar of Companies, the merger has also gained final permission.
""Kumari Bank Limited"" has been chosen as the new name, and integrated transactions will start taking place on Poush 17 (January 1st, 2023).
Additionally, it is known that upon the merger, the bank's registered (central) office will be situated where Kumari Bank Limited's registered (central) office currently stands.
Additionally, Kumari Bank and Nepal Credit and Commerce Bank will halt all banking services for Poush 15 and Poush 16 in order to migrate data in preparation for the start of the joint business of the two institutions on Poush 17.
Following the integrated transaction, Kumari Bank Limited's total paid-up capital will be Rs 26.22 Arba. The current paid-up capital of KBL is Rs 14.71 Arba, while NCCB's paid-up capital is currently Rs 11.51 Arba.
On the 910th meeting of the board of directors, (NCCB) proposed a 11% dividend for the fiscal year 2078/79. Whereas, (KBL) approved 12.50% cash dividend from its 22nd AGM held on Kartik 21, 2079.",0.883041262626648
2022-12-27,"10,39,504 Promoter Shares of Nepal Credit & Commerce Bank in Auction from Today",https://www.sharesansar.com/newsdetail/1039504-promoter-shares-of-nepal-credit-commerce-bank-in-auction-from-today-2022-12-27,"The existing promoters of
Nepal Credit & Commerce Bank Limited (NCCB)
are auctioning 10,39,504 units of shares to promoter shareholders from today i.e 12th Poush, 2079
10,39,504 units of promoter shares of NCCB is being auctioned. Only existing promoters are eligible to bid for the auction within 35 days from the date of publication of this notice, i.e. 12th Poush. The shareholders should submit their bids at the central office of the bank located at Bagbazar, Kathmandu.
If no bids are received from the existing founder shareholders within the mentioned date, then the shares will be later auctioned to the general public.
NCCB and Kumari Bank Limited (KBL) signed a Memorandum of Understanding (MoU) for the merger at a swap ratio of 1:1. The total paid-up capital of NCCB after the adjustment of 3.3663% bonus shares  for FY 2078/79 stands Rs. 11.5 Arba, whereas KBL endorsed 12.50% cash dividend (including tax) from its paid-up capital of Rs. 14.71 Arba. The total paid up capital after the joint transaction will be Rs 26.22 arba of the company.
Auction Notice",0.9010224342346191
2022-12-22,37.50 Lakh Unit Bonus Shares of Nepal Credit & Commerce Bank Listed in NEPSE,https://www.sharesansar.com/newsdetail/3750-lakh-unit-bonus-shares-of-nepal-credit-commerce-bank-listed-in-nepse-2022-12-22,"37,50,000 unit bonus shares of
Nepal Credit & Commerce Bank Limited (NCCB)
have been listed in NEPSE.
The bank convened its 25th AGM for the FY 2078/79 on 2nd Mangsir. The 910th board of directors meeting on Ashwin 29 decided to distribute the dividend on the paid-up capital of Rs. 11.13 Arba. 3.3663% bonus shares worth Rs. 37.50 Crores and 7.6337% cash dividend worth Rs. 85.03 Crores were proposed.
The same bonus shares are now listed. NCCB share price closed at Rs. 178.50 yesterday.",0.9024761915206909
2022-12-13,Commercial Banks Decides to Maintain the Same Deposit Interest Rate During the Month of Poush as Well,https://www.sharesansar.com/newsdetail/commercial-banks-decides-to-maintain-the-same-deposit-interest-rate-during-the-month-of-poush-as-well-2022-12-13,"Commercial banks will maintain the same deposit interest rate during the month of Poush as well.
The Bankers' Association meeting on Tuesday morning decided that there is no need to raise or lower interest rates because the economic indicators are stable, according to Sunil KC, vice president of the Bankers' Association.
Prior to Bhadra, the interest rate on individual term deposits was 11.03 percent, on institutional term deposits it was 9.03 percent, and on savings, it ranged from a minimum of 6.03 to a maximum of 8.03 to 9.03 percent.
Banks in Ashoj maintained interest rates on term deposits at 12.133 percent for individuals, 10.133 percent for institutions, and 13.133 percent for remittances. Some banks have offered remittance interest rates as high as 15%. The same interest rates has been fixed for this month as well.
The finance minister's committee, which was established to lower interest rates, has advocated letting the market set interest rates. Despite the committee's lack of recommendations for an urgent interest rate reduction, bankers have decided to maintain the current rate. As per reports, the banks have not discussed reducing the interest rate as the liquidity has not yet reached a comfortable level with the banks.",0.7148497700691223
2022-11-30,Nepal Credit and Commerce Bank Distributing 7.6337% Cash Dividend Directly to Respective Bank Accounts of Shareholders,https://www.sharesansar.com/newsdetail/nepal-credit-and-commerce-bank-distributing-76337-cash-dividend-directly-to-respective-bank-accounts-of-shareholders-2022-11-30,"Nepal Credit and Commerce Bank Limited (NCCB)
is distributing 7.6337% cash dividend directly to bank accounts of its shareholders from 6th Mangsir.
The bank convened its 25th AGM for the FY 2078/79 on 2nd Mangsir. The 910th meeting of the board of directors held on Ashwin 29 decided to distribute the dividend on the paid-up capital of Rs. 11.13 arba. 3.3663% bonus shares worth Rs. 37.50 Crores and 7.6337% cash dividend worth Rs. 85.03 Crores were proposed. The same cash dividend is now being deposited.
Therefore, shareholders who haven't yet dematerialized their shares or haven't updated their bank information in Demat account are requested to do so in order to receive the dividend.
Also, if eligible investors had taken a loan against the shares of the company before the book closure date, they should present a No Objection Letter from their lending institution in order to receive the dividend.
Notice",0.9229793548583984
2022-11-28,Share Trading of Siddhartha Insurance Limited (SIL) and Nepal Credit & Commerce Bank (NCCB) has been Released,https://www.sharesansar.com/newsdetail/share-trading-of-siddhartha-insurance-limited-sil-and-nepal-credit-commerce-bank-nccb-has-been-released-2022-11-28,"The share trading of Siddhartha Insurance Limited (SIL) and Nepal Credit & Commerce Bank (NCCB) shareholders, excluding the basic shareholders, is released under Section 13 (1) of the Merger and Acquisition Guideline, 2079.
The secondary market trading of securities for SIL had been halted from July 11 as SLI is merging with by Premier Insurance Company Nepal (PICL). As of writing, Siddhartha Insurance LTP is at Rs 543.70.
Siddhartha Insurance Company and Premier Insurance Company Nepal have inked a merger agreement in a share swap ratio of 1:1.
In the similar vein, NCCB and Kumari Bank Limited (KBL) signed a Memorandum of Understanding (MoU) for the merger at a swap ratio of 1:1. The LTP of NCCB as of 25 September, 2022 is Rs. 184.
Securities Board (SEBON), enforcing a directive on listed companies engaging in mergers and acquisitions passed a requirement that share transactions shall be halted for a maximum of 15 working days after the combined entity commences a joint business transaction. The board has granted the post-unification period of time due to the procedures of re-registration, reconciliation, dematerialization, and listing of the shares.
The company currently has to halt share transactions once the unification process has begun. In order to prevent any out-of-the-ordinary clearing and settlement of share trading for listed companies that were engaged in merger or acquisition activity, SEBON maintained the rule. Following SEBON's announcement, Nepal Stock Exchange has begun resuming trading of numerous companies whose shares had previously been suspended during a merger or acquisition process.",0.596370279788971
2022-11-28,"Due to Higher Spread Rates, NIC Asia Bank is Most Affected by the First Quarter Monetary Policy; What is the Status of Other BFI's?",https://www.sharesansar.com/newsdetail/due-to-higher-spread-rates-nic-asia-bank-is-most-affected-by-the-first-quarter-monetary-policy-what-is-the-status-of-other-bfis-2022-11-28,"The fiscal year 2079/80 first quarterly review of monetary policy has been released by Nepal Rastra Bank (NRB). Through this monetary policy, the central bank has implemented a number of changes, particularly in the banking sector where the spread rate of banks and financial institutions has fallen.
The Central Bank decreased the spread rate by 0.4 percentage points in the first quarter while assessing the monetary policy for the fiscal year 2079/2080.
The spread rate is the difference between the interest rates on deposits and loans. Banks have to consider the weighted average of the interest rates on deposits and loans while calculating the spread rate.
Interest rate spread is used not only to cover the cost of operating expenses and required reserves but also reflects the prevalence of market power and compensates for the quality of loans.
The companies having higher spread rates can lower their spread rates by reducing the loan interest rate and the premium rate that banks and other financial institutions charge when establishing the loan interest rate.
Commercial Banks
NIC Asia Bank has the highest spread rate of 4.39%, whereas Nepal Bank Limited has the lowest spread rate of 3.66%.
Similarly, 11 commercial banks—NBL, CCBL, NMB, CZBIL, NCCB, SCB, NIB, ADBL, SANIMA, SBL, and PRVU—maintained spread rates below 4%.
Other banks such as SBI, NABIL, MEGA, LBL, SRBL, KBL, HBL, GBIME, EBL, MBL, RBB, BOKL, PCBL, CBL, and NICA, have spread rates that are more than 4%. These banks are now impacted by the higher spread rates, in accordance with the first monetary policy, and are required to keep the spread rates below 4% starting in the forthcoming quarters.
Development Banks
As per the first quarterly review of monetary policy, the interest rate differential between development banks has also decreased from 5 percent to 4.6 percent.
In terms of Development Banks, Muktinath Bikas Bank (MNBBL) has the highest spread rate of 4.99% whereas Green Development Bank Limited (GRDBL) has the lower spread rate of 4.04%.
Among the 15 Development banks in Nepal, 9 Development Banks have maintained the interest spread rates below 4.6%.
Finance Companies
Similar to the Development banks, the interest rate differential between finance companies has also decreased from 5 percent to 4.6 percent.
Here, 12 financial institutions have been affected by the monetary policy review and are required to lower their spread rates from upcoming quarters.
On the other hand, RLFL, JFL, and BFC has spread rates below 4.6%.",0.16276773810386658
2022-11-25,Kumari Bank and Nepal Credit and Commerce Bank Calls SGM on 25th Mangsir to Endorse Share Swap Ratio for Merger,https://www.sharesansar.com/newsdetail/kumari-bank-and-nepal-credit-and-commerce-bank-calls-sgm-on-25th-mangsir-to-endorse-share-swap-ratio-for-merger-2022-11-25,"Kumari Bank Limited (KBL)
and
Nepal Credit and Commerce Bank Limited (NCCB)
has called its SGM on 25th Mangsir, 2078 respectively. The meeting of KBL will be held in its central office located at Naxal, Kathmandu whereas the meeting of NCCB will be held in Anmol Banquet, Sankhamul, Kathmandu. Both the meetings will start from 1 PM that day.
Among other agendas, both the AGM will pass a resolution regarding evaluating Due Diligence Audit and endorse share swap ratio of 1: 1 for the merger between Kumari Bank and Nepal Credit and Commerce Bank, and sign the final agreement for merger. As the bank's authorized capital, paid-up capital and issue capital will increase after the completion of merger, to pass the resolution to amend Section 5 (a), 5 (b) and 5 (c) of Articles of Association accordingly.
Furthermore, this SGM will endorse providing full authority to the board of directors to amend various merger-related proceedings accordingly if any instructions are received from the regulatory bodies.
Mangsir 15 is the book closure date for both the banks. Thus, the shareholders maintained before that day are eligible to attend the SGM.
SGM Notice of KBL
SGM Notice of NCCB",0.8987429141998291
2022-11-22,Swap Ratio of Nepal Credit and Commerce Bank (NCCB) and Kumari Bank (KBL) Fixed at 1:1,https://www.sharesansar.com/newsdetail/swap-ratio-of-nepal-credit-and-commerce-bank-nccb-and-kumari-bank-kbl-fixed-at-11-2022-11-22,"Two pioneer commercial banks of Nepal, Nepal Credit and Commerce Bank Limited (NCCB) and Kumari Bank Limited (KBL) recently signed a Memorandum of Understanding (MoU) for the merger.
Nepal Stock Exchange has hereby notified that pursuant to the Merger and Acquisition of Banks and Financial Institutions, the swap ratio of Kumari Bank Limited and Nepal Credit and Commerce Bank Limited has been determined to be 1:1.
Based on the evaluation report given by the appraiser appointed to evaluate the assets, liabilities, and transactions of both banks by the joint merger committee established on the basis of the memorandum of understanding for the purpose of merger, a 1:1 Share Swap Ratio has been maintained the by both institutions.
Following the integrated transaction, Kumari Bank Limited's total paid-up capital will be Rs 25.84 Arba. The current paid-up capital of KBL is Rs 14.71 Arba, while NCCB's paid-up capital is currently Rs 11.13 Arba.
On the 910th meeting of the board of directors, (NCCB) proposed a 11% dividend for the fiscal year 2078/79. Whereas, (KBL) approved 12.50% cash dividend from its 22nd AGM held on Kartik 21, 2079.",0.8811939358711243
2022-11-15,Interest Rates of Commercial banks to Remain Unchanged for the Month of Mangsir,https://www.sharesansar.com/newsdetail/interest-rates-of-commercial-banks-to-remain-unchanged-for-the-month-of-mangsir-2022-11-15,"Commercial banks will maintain the same deposit interest rate during the month of Mangsir.
The Bankers' Association meeting on Tuesday morning decided that there is no need to raise or lower interest rates because the economic indicators are stable, according to Sunil KC, vice president of the Bankers' Association.
Prior to Bhadra, the interest rate on individual term deposits was 11.03 percent, on institutional term deposits it was 9.03 percent, and on savings, it ranged from a minimum of 6.03 to a maximum of 8.03 to 9.03 percent.
Banks in Ashoj maintained interest rates on term deposits at 12.133 percent for individuals, 10.133 percent for institutions, and 13.133 percent for remittances. Some banks have offered remittance interest rates as high as 15%.
The finance minister's committee, which was established to lower interest rates, has advocated letting the market set interest rates. Despite the committee's lack of recommendations for an urgent interest rate reduction, bankers have decided to maintain the current rate. As per reports, the banks have not discussed reducing the interest rate as the liquidity has not yet reached a comfortable level with the banks.",0.7105873227119446
2022-10-31,Profitability Figures of Commercial Banks Painted a Greener Picture in First Quarter; A Summarized Snapshot of the  Important Fundamentals of all 26 Banks Individually,https://www.sharesansar.com/newsdetail/profitability-figures-of-commercial-banks-painted-a-greener-picture-in-first-quarter-a-summarized-snapshot-of-the-important-fundamentals-of-all-26-banks-individually-2022-10-31,"All 26 commercial banks have unveiled their first quarter report of the current fiscal year 2079/80.
Despite many speculations in the market as to how the bank's profitability will play out in the quarters to come because of the Lower Credit Expansion, Liquidity Shortage, Higher Treasury Bill rates, and inflation rates, Banks have reported slight improved profitability indicators yet in this quarter.
Keeping all the speculation aside, in this article, we will be focusing mainly on the profitability and business volume indicators of commercial banks as of Q1 of Fiscal year 2079/80 and doing a comparative analysis. So, let's dive into the numbers.
Note: Out of the 26 commercial banks in Nepal, Himalayan Bank signed MoU to acquire Civil Bank at a swap ratio of 100:81, Similarly Prabhu Bank is in the process to acquire Century Commercial Bank at a swap ratio of 1:1. In the same vein, Nepal Investment Bank and Mega Bank signed merger agreement at a Swap Ratio -100:90, Global IME and Bank of Kathmandu signed merged deal with each other at a swap ratio of 1:1, Also, Kumari Bank and NCC Bank signed merger deal at 1:1 ratio.
Upon the joint transaction of above mentioned all commercial banks, the total number of A class banks would reduce to 22 from present 26 in Nepal. And the listed number of commercial banks would be 21. (RBBL is not listed on NEPSE)
Net profit:
The Commercial Banks' total net profit rises by 5.94% in FY 2079/80 from Rs 17.71 Arba in the last fiscal year to Rs 18.76 Arba in this fiscal year.
As per the net profit of the first quarter of FY 2079/80,
NIC Asia Bank Limited
(NICA)
is in the lead with a net profit of Rs. 1.76 Arba with a growth of 48.79% as compared to the same quarter of last fiscal year. Similarly,
Nabil
Bank Limited (NABIL)
also reported net profit of Rs. 1.57 Arba with a growth of 41.30%, hence it stands in the second position to accumulate higher profits for the first quarter. In the third position,
Rastriya Banijya Bank Limited (RBBL)
has a net profit of Rs 1.25 Arba.
Likewise, 12 commercial banks have reported decline in net profit as compared to the corresponding quarter of the last fiscal year. Out of which,
Sunrise Bank Limited (SRBL)
reported highest decline in net profit by 61.50%, to stand at Rs. 17 Crores. In the same vein,
Kumari Bank Limited (KBL)
net profit rose by 85.07% in the first quarter of F.Y 2079/80.
The industry average of net profit of the 26 commercial banks stands at Rs 72 Crores, the same for the previous year first quarter was Rs.68 Crores.
Profit for the period:
Distributable Profit:
As per the distributable profit of the first quarter of 2079/80,
Everest Bank Limited (EBL)
is in the lead with a profit of Rs 85 Crores. Similarly,
Standard Chartered Bank Nepal Limited (SCB)
has the second-highest distributable profit of Rs 49 Crores in the same quarter. In the third position,
Sanima Bank Limited(SANIMA)
has a distributable profit of Rs.53 Crores, with Rs.4.68 distributable profit per share for the period.
Out of the 26 commercial banks, 12 banks have reported negative distributable profit for the first quarter.
Agricultural Development Bank Limited (ADBL)
has the negative distributable profit of Rs. 82 Crores with the profit per share standing at Rs. -6.18.
*Distributable Profit includes ongoing fiscal year earnings only.
Paid-up capital:
Paid-up capital refers to the amount of money that commercial banks have received from their shareholders through the exchange of shares in the primary market.
The bank with the highest paid-up capital is
Global IME Bank Limited (GBIME)
with Rs 23.80 Arba capital and
Nabil
Bank Limited (NABIL)
with Rs. 22.83 Arba paid-up capital.
*ADBL Capital includes Rs 5.43 Arba
irredeemable non-cumulative preference shares.
Reserve and surplus:
With an industry average of Rs 10.63 Arba, 8 banks stand above the average benchmark of Rs 10.03 Arba in their reserve fund. The total reserve and surplus of all commercial banks are at Rs 2.76 Kharba.
In terms of reserves and surplus,
Nabil Bank Limited (NABIL)
has maintained its lead with a reserve and surplus of Rs 30.43 Arba,
Nepal Bank Limited (NBL)
has maintained the second position with Rs 21.69 Arba reserve and surplus fund and
Rastriya Banijya Bank (RBBL)
is in the third position with a reserve and surplus of Rs 19.79 Arba
*
Reserve and Surplus amounts include the amount of Share Premium, Retained Earnings, and Reserve.
Deposits from Customers:
On an average, commercial banks have collected Rs 1.72 Kharba as a deposit. Only 10 banks are above the average deposit collection.
As of the first quarter of FY 2079/80,
Nabil Bank Limited (NABIL)
stands on top with total deposits worth Rs 3.34 Kharba,
NIC Asia Bank Limited (NICA)
has the second-highest deposits of Rs 3.04 Kharba. Similarly, the bank is followed by
Global IME Bank Limited (GBIME)
with the collected deposit of Rs 2.79 kharba respectively.
Civil Bank Nepal Limited (CBL)
has the lowest deposit collection of Rs. 92.60 Arba.
Loans and advances to Customers:
The top position in loans and advances is occupied by
Nabil Bank Limited (NABIL)
with credit disbursement worth Rs 3.05 kharba.
Global IME Bank Limited (GBIME)
has a loan and advances portfolio of Rs. 2.61 kharba.
NIC Asia Bank Limited
(NICA)
has a loan portfolio of Rs 2.59 kharba. Similarly on the other end of the rope,
Standard Chartered Bank Nepal Limited (SCB)
has the lowest loan and advances portfolio of Rs. 79.22 Arba.
The industry average loan disbursed is Rs 1.55 Kharba. 9 commercial banks have a loan portfolio above Rs 1.53 Kharba.
Net Interest Income:
Net interest income is the net earnings of commercial banks through their core business of collecting deposits and lending loans. The bank with the highest net interest income is
Nabil Bank Limited (NABIL)
with an income of Rs 3.68 Arba followed by
NIC Asia Bank Limited (NICA)
with an income of Rs 3.41 Arba and
Global IME Bank Limited (GBIME)
with an income of Rs 3.20 Arba.
Provisions for the period (Impairment/Reversal):
Banks have set aside a certain amount in loan loss provision and have delayed the loan repayment of several borrowers. A total of Rs 9.47 Arba of amount has been shown in an impairment charge for a loan and other losses.
Nabil Bank Limited (NABIL)
has the highest impairment charge for a loan and other losses with Rs 99 Crores followed by
Siddhartha Bank Limited (SBL)
with a total of Rs. 89 crores. In the same vein,
NIC Asia Bank Limited (NICA)
has the lowest impairment charge for a loan and other losses with Rs. 13 Crores.
12 Commercial banks have reported above average i.e more than Rs. 36 crores impairment charge for a loan and other losses for this quarter.
* - Reversal and + Provision
Major indicators:
Earnings per share:
NIC Asia Bank Limited (NICA)
becomes the bank to serve investors with the highest annualized EPS of Rs 60.77 per share.
Everest Bank Limited (EBL)
has the second-highest EPS of Rs 36.43 per share.
Rastriya Banijya Bank Limited (RBBL)
is in the third position with annualized EPS of Rs 35.77 per share.
Agricultural Development Bank Limited (ADBL)
stays at the bottom with an earning of Rs. 4.23 per share.
The average EPS of 26 commercial banks stands at Rs 21.35. Only 9 commercial banks provide EPS higher than that of the industry average.
Net worth per share:
The highest net worth per share among these commercial banks is Rs 258.65 which belongs to
Agricultural Development Bank Limited (ADBL)
. Nepal Bank Limited (NBL)
is in the second position with Rs 250.55.
Everest Bank Limited (EBL)
has the third-highest net worth per share as of Q1 of FY 2079/80 i.e. Rs 247.32.
Century Commercial Bank Limited (CCBL)
has the least net worth of Rs 130.52 per share.
The industry average net worth stands around Rs 179.12 per share. 9 companies have a net worth more than the industry average.
P/E Ratio:
Kumari
Bank Limited (KBL)
has the least PE ratio of 6.83 times. It is followed by
Prabhu
Bank Limited (PRVU)
with a PE ratio of 9.33 times. 18 commercial banks have a P/E ratio lower than the industry average of 16.99 times.
(The PE ratios are not the recent ratios but rather the ratios for quarter-end. Please look at the current market price to calculate the recent P/E ratio)
Non-Performing Loan:
In today’s context, the concern of investors simply does not rest upon which bank has more loans. The nature of the loan portfolio equally matters.
Everest Bank Limited (EBL)
reported the lowest NPL of 0.33% in terms of asset quality. EBL is followed by
Nepal SBI Bank Limited (SBI)
with an NPL of 0.36%.
Sunrise Bank Limited (SRBL)
has reported the highest NPL of 2.94%, followed by
Citizens Bank International Limited (CZBIL)
with an
NPL of 2.89%.
Capital Adequacy Ratio (CAR):
In terms of Capital Adequacy ratio (CAR),
Agricultural Development Bank Limited (ADBL)
seems to have reported the highest CAR of 16.03%. This is followed by
Civil Bank Nepal Limited (CBL)
with a CAR of 16%.
Others:
Cost of Funds:
The term cost of funds refers to how much banks and financial institutions spend in order to acquire money to lend to their customers. The lower the cost of funds, the better because it ultimately reduces the cost of banks. As per reports,
Civil Bank Limited (CBL)
has the highest Cost of Funds of 9.25%, whereas
Rastriya Banijya Bank Limited (RBBL)
the lowest cost of funds of 6.51%.
CD Ratio:
The CD ratio refers to the credit-deposit ratio in banking parlance. It tells how much of the money banks have raised in the form of deposits has been deployed as loans. Likewise,
Global IME Bank Limited (GBIME)
has reported highest CD ratio of 90.59%, whereas
Standard Chartered Bank Nepal Limited (SCB)
has the lowest CD ratio of 83.98%.
Base Rate and Interest Spread:
Base rate is defined as the minimum interest rate set by the NRB below which Commercial banks are not permitted to lend to their customers.
Citizens Bank International Limited (CZBIL)
reports highest base rate of 11.14%, and
Rastriya Banijya Bank Limited (RBBL)
has lowest base rate of 8.85%.
Similarly, the net interest rate spread is the difference between the interest rate a bank pays to depositors and the interest rate it receives from loans to consumers. Here,
NIC Asia Bank Limited (NICA)
has the highest interest spread of 4.39%, whereas
Nepal Bank Limited (NBL)
has the lowest interest spread of 3.66% for the first quarter of FY 2079/80.
Cost of Funds, CD Ratio, Base Rates and Interest Spread:
Finally, the table below shows provides a full picture of major indicators of 26 commercial banks as of the first quarter of FY 2079-2080.",0.16292649507522583
2022-10-23,Nepal Credit & Commerce Bank Unveils Book Closure Date for its 11% Dividend; Calls AGM on Mangsir 02,https://www.sharesansar.com/newsdetail/nepal-credit-commerce-bank-unveils-book-closure-date-for-its-11-dividend-calls-agm-on-mangsir-02-2022-10-23,"Nepal Credit & Commerce Bank Limited (NCCB)
has called its 25th AGM on 2nd Mangsir, 2079. The meeting will be held in Nepal Pragya Pratisthan, Kamladi, Kathmandu, starting at 10 am that day.
Among the other agendas, the AGM will endorse the 11% dividend for the fiscal year 2078/79. The 910th meeting of the board of directors held on Ashwin 29 decided to distribute the dividend on the paid-up capital of Rs. 11.13 arba. 3.3663% bonus shares and 7.6337% cash dividend have been proposed. Thus, the bonus shares are worth Rs. 37.50 Crores and the cash dividend is worth Rs. 85.03 Crores. The cash dividend has been proposed for the tax amount on bonus shares.
Kartik 15 is the book closure date. Thus, shareholders maintained till that day are entitled to the dividend payout and can also attend the AGM.",0.913838267326355
2022-10-19,The Base Rate of Banks Have Increased in Recent Month; Check Out the Current Base Rates of 26 Commercial Banks of Nepal,https://www.sharesansar.com/newsdetail/the-base-rate-of-banks-have-increased-in-recent-month-check-out-the-current-base-rates-of-26-commercial-banks-of-nepal-2022-10-19,"The base rate of the banks has raised as of Bhadra's end, 2079 BS. The increase in base rate has also caused the interest rates on bank loans and advances to rise.
Base Rate (BR), as the name suggests, is the basic or the minimum rate of lending as per the guidelines of the Nepal Rastra Bank. No commercial bank is allowed to offer loans to the borrowers at a rate that is lower than the base rate. This bottom-line-rate system is measure adopted by NRB to increase the clarity and transparency of the lending process in Nepal. A credit risk premium along with the base rate is what that makes the actual pricing of a loan.
Simply, If a central bank increases the base rate,
commercial banks will increase their interest rates and borrowing becomes more expensive
. If the base rate falls, commercial banks will decrease their interest rates and spending is likely to increase.
Currently, BR is used as the benchmark for the interest rate of financial products in every commercial banks of Nepal. NRB has set this standard interest rate system and mandated it for all the banks in Nepal without any exception. Unless the Government asks for a change, banks are no way allowed to provide loans at an interest rate below their pre-fixed base rate.
Here, we've used the base rates from each of Nepal's 26 commercial banks as of Bhadra 2079. However, the base rates for three banks—Nabil, Prime Commercial, and Global IME Banks are based on Ashad 2079.
As per reports, Rastriya Banijya Bank (RBB), one of the 26 banks, has the lowest base rate of 8.20 percent as of Bhadra. Whereas, Civil Bank had the highest base rate 11.15%.
Note: The company whose name has a star (*) next to it is referenced in terms of the base rates as of Ashad 2079.
Base Rates
S.N.
Symbol
Company
2079
2078
1
NMB
NMB Bank Limited
10.20%
7.02%
2
SBL
Siddhartha Bank Limited
9.85%
6.88%
3
NCCB
Nepal Credit & Commerce Bank Limited
10.52%
7.90%
4
KBL
Kumari Bank Limited
10.87%
8.07%
5
LBL
Laxmi Bank Limited
10.31%
7.07%
6
MBL
Machhapuchchhre Bank Limited
10.36%
6.89%
7
EBL
Everest Bank Limited
9.25%
5.98%
8
SBI
Nepal SBI Bank Limited
10.06%
7.39%
9
HBL
Himalayan Bank Limited
10.36%
6.74%
10
SCB
Standard Chartered Bank Nepal Limited
8.45%
4.98%
11
NIB
Nepal Investment Bank Limited
9.13%
5.74%
12
NABIL
Nabil Bank Limited *
8.77%
5.86%
13
CZBIL
Citizens Bank International Limited
10.78%
7.93%
14
PCBL
Prime Commercial Bank Limited*
9.99%
7.21%
15
SRBL
Sunrise Bank Limited
10.81%
7.22%
16
ADBL
Agricultural Development Bank Limited
9.27%
7.02%
17
SANIMA
Sanima Bank Limited
10.04%
6.53%
18
MEGA
Mega Bank Nepal Limited
10.46%
6.80%
19
CBL
Civil Bank Limited
11.15%
8.04%
20
CCBL
Century Commercial Bank Limited
10.75%
7.65%
21
NBL
Nepal Bank Limited
8.91%
5.96%
22
GBIME
Global IME Bank Limited *
9.40%
10.33%
23
NICA
NIC Asia Bank Limited
10.33%
6.89%
24
PRVU
Prabhu Bank Limited
9.62%
7.50%
25
BOKL
Bank of Kathmandu Limited
10.28%
7.34%
26
RBB
Rastriya Banijya Bank Limited
8.20%
5.50%",0.903040885925293
2022-10-17,Interest Rates of Banks and Financial Institutions Remains Unchanged for Kartik,https://www.sharesansar.com/newsdetail/interest-rates-of-banks-and-financial-institutions-remains-unchanged-for-kartik-2022-10-17,"The interest rate that was kept in Ashoj has been maintained in Kartik month as well.
The bank announced today when releasing the interest rate for Kartik that they are keeping the interest rate constant. Banks had already defied the six-month consensus in Ashoj by raising interest rates by an average of 10%.
Banks in Ashoj maintained interest rates on term deposits at 12.133 percent for individuals, 10.133 percent for institutions, and 13.133 percent for remittances. Some banks have offered remittance interest rates as high as 15%.
The finance minister's committee, which was established to lower interest rates, has advocated letting the market set interest rates. Despite the committee's lack of recommendations for an urgent interest rate reduction, bankers have decided to maintain the current rate.",0.71620774269104
2022-10-16,Nepal Credit & Commerce Bank (NCCB) Proposes 11% Dividend for FY 2078/79,https://www.sharesansar.com/newsdetail/nepal-credit-commerce-bank-nccb-proposes-11-dividend-for-fy-207879-2022-10-16,"Nepal Credit & Commerce Bank Limited (NCCB)
has proposed a 11% dividend for the fiscal year 2078/79.
The 910th meeting of the board of directors held on Ashwin 29 decided to distribute the dividend on the paid-up capital of Rs. 11,13,96,78,014.
3.3663% bonus shares and 7.6337% cash dividend have been proposed. Thus, the bonus shares are worth Rs. 37.50 Crores and the cash dividend is worth Rs. 85.03 Crores. The cash dividend has been proposed for the tax amount on bonus shares.
The proposal is subject to approval from Nepal Rastra Bank and its upcoming Annual General Meeting.
Dividend History:",0.9077284932136536
2022-10-13,Committee of Nepal Bankers Association has Determined that Raising Kartik's Interest Rates is not Reasonable,https://www.sharesansar.com/newsdetail/committee-of-nepal-bankers-association-has-determined-that-raising-kartiks-interest-rates-is-not-reasonable-2022-10-13,"The Working Committee of Nepal Bankers Association (NBA) has determined that raising Kartik's deposit interest is not reasonable. Banks raised Ashwin's interest rate from 11.03 percent to 12.133 percent. In Ashwin, the interest rate was raised after remaining constant for six months.
After the increase in interest, people from theFederation of Nepalese Chambers of Commerce & Industry to the Nepal Chamber of Commerce protested. After all-around protests by businessmen, Finance Minister Janardan Sharma formed a committee to study how interest can be reduced.
A report outlining the committee's recommendations to lower interest has already been submitted.
It should not be increased right away, the Bankers' Association conference on Wednesday decided after widespread objections. But no choice has been taken regarding what to do next.
The union is in ""virtual"" talks with the CEOs of each of the 26 banks. Every banker is free to raise or lower interest, according to a member of the group. However, it is acknowledged that maintaining the same interest will benefit everyone.
Since there has been no rise in deposits despite the interest rate increase, banks have insisted on maintaining a stable interest rate. As the deposit interest increases, the cost increases, and the base rate increases.
The interest paid on the loan rises in tandem with the base rate. As a result, the economy costs more money and there is more bad debt since older borrowers have a harder time making their payments.",0.18167272210121155
2022-09-27,"Due to the Merger Process, Trading of Securities for Kumari Bank and NCC Bank is Halted from Today",https://www.sharesansar.com/newsdetail/due-to-the-merger-process-trading-of-securities-for-kumari-bank-and-ncc-bank-is-halted-from-today-2022-09-27,"Two pioneer commercial banks of Nepal, Nepal Credit and Commerce Bank Limited (NCCB) and Kumari Bank Limited (KBL) recently signed a Memorandum of Understanding (MoU) for the merger.
Nepal Stock Exchange has hereby notified that pursuant to the Merger and Acquisition of Banks and Financial Institutions (Regulation 61 of 2073), the shares of Kumari Bank Limited and Nepal Credit and Commerce Bank Limited have been halted from today, Ashwin 11.
Following the integrated transaction, Kumari Bank Limited's total paid-up capital will be Rs 25.84 Arba. The current paid-up capital of KBL is Rs 14.71 Arba, while NCCB's paid-up capital is currently Rs 11.13 Arba.
As of September 25, 2022, NCCB and KBL's last trading prices were Rs. 184 and Rs. 186, respectively.",0.4913567006587982
2022-09-26,NCC Bank and Kumari Bank Sign Agreement to Merge At a Swap Ratio of 1:1,https://www.sharesansar.com/newsdetail/ncc-bank-and-kumari-bank-sign-agreement-to-merge-at-a-swap-ratio-of-11-2022-09-26,"Nepal Credit and Commerce Bank Limited (NCCB) and Kumari Bank Limited (KBL) are set to merge into one entity.
In front of the directors of both banks, an initial MoU was signed on Monday during a meeting of the joint merger committee of the two banks. The two banks have decided on a 1:1 share swap ratio.
As per the initial agreement, Ramesh Raj Aryal will be the Chief Executive Officer of the bank, while Ram Chandra Khanal of Kumari Bank will be the Senior Deputy Chief Executive Officer. After the merger, the name of the bank will be Kumari Bank.
While KBL's paid-up capital is Rs 14.71 Arba, NCCB's paid-up capital is currently Rs 11.13 Arba.
Following the integrated transaction, Kumari Bank Limited's total paid-up capital will be Rs 25.84 Arba.
There are 195 ATMs in total at Kumari Bank, compared to 156 in NCC Bank. After the merger, the combined company will have 351 ATMs overall.
In addition to the extension counter, there will be 355 branches. As of September 25, 2022, NCCB and KBL's last trading prices were Rs. 184 and Rs. 186, respectively.
Just last fiscal year- 78/79, out of the total 27 commercial banks in Nepal, Nabil Bank acquired Nepal Bangladesh Bank and likewise, Himalayan Bank acquired Civil Bank and Prabhu Bank acquired Century Commercial Bank Limited. In the same vein, Nepal Investment Bank and Mega Bank merged and Global IME and Bank of Kathmandu merged with each other.
Now with the merger of NCCB and KBL, the total number of commercial banks in Nepal is reduced to 21.",0.6139529347419739
2022-09-23,Prisoner’s Dilemma: In Present Context With Increment of Interest Rates by Financial Institutions,https://www.sharesansar.com/newsdetail/prisoners-dilemma-in-present-context-with-increment-of-interest-rates-by-financial-institutions-2022-09-23,"Prisoner’s Dilemma: In present context with increment of interest rates by Financial Institutions.
Let’s assume that the police arrested two suspects for a crime. Both suspects are held in different location or cells and they cannot communicate with each other in any form. During interrogation, the police officer offers both suspects the opportunity to either remain silent or blame the other suspect. Please remember the suspects cannot communicate with each other hence they are unaware of what the other would do i.e. whether remain silent or put the blame on the other person.
What is interesting is the payoff or say the charges one has face in different scenarios as offered by the police personnel. If both suspects remain silent, they both will serve only one year in prison. If they both blame each other, they both will serve three years in prison. If one of the suspects blames another and the other remains silent, the suspect who remained silent would serve five years in prison, while another suspect would be set free.
Scenario
Suspect “A”
Suspect “B”
Outcome
1
Silent
Silent
Both get 1 year in prison
2
Silent
Blame “A”
Suspect “A” gets 5 years and Suspect “B” is set free
3
Blame “B”
Silent
Suspect “A” is set free and Suspect “B” gets 5 years
4
Blame “B”
Blame “A”
Both get 3 years in prison
The payoff below shows the possible payoffs for the 4 different scenarios:
Prisoner’s Dilemma Explained
In such situations, both suspects do not know the decision chosen by another suspect. Therefore, the most rational decision from the perspective of self-interest is to blame the other suspect.
For example, suspect A is afraid of remaining silent because in such a case, he can receive five years in prison if suspect B blames him. If suspect A chooses to blame suspect B, he can be set free if suspect B remains silent. However, that is not likely, because suspect B is using the same rationale and he is also going to blame suspect A.
If the suspects could collude, ideally both would remain silent as the decision of remaining silent by both suspects provides the more optimal payoff, it is not a rational option because both parties behave in their self-interest and are unaware of what the other would do. The decision of blaming another suspect is a rational decision from that perspective and it provides Nash equilibrium despite the worse payoff
In the context of present Banking
:
Agreement by Bankers: As long as NBA brokered arrangement between bankers, its similar to suspects colluding or coming to an agreement. This would result in Suspects remaining silent as that is the best payoff and the interest rates remained at a prescribed level for a prolonged period as suggested by NBA to bankers.
Current situation where Banks were free to determine their rates and no agreement reached through NBA, there was a situation created similar to Prisoner’s Dilemma which can be evaluated considering an example of two banks and how their individual decision could impact them and the other bank.
Scenario
Bank “A” Rates
Bank “B” Rates
Outcome
1
Constant
Constant
No movement of funds between Banks.
2
Constant
Increase
Funds would flow from Bank “A” to Bank “B” creating crises in Bank “A”
3
Increase
Constant
Funds would flow from Bank “B” to Bank “A” creating crises in Bank “B”
4
Increase
Increase
No movement of funds between Banks if rates of both the banks are the same but interest rates in the system increases.
Conclusion - Since the Banks are unsure what the other Banks would do in scenario where there is no “Gentlemen Agreement” the most plausible decision would be to increase the rates to achieve Nash equilibrium.
-  Mandip Luitel",0.7854889631271362
2022-09-21,Most Banks Alter Their Interest Rates; Individuals Deposit Interest Rates Increased By 3 Digits After the Decimal Point,https://www.sharesansar.com/newsdetail/most-banks-alter-their-interest-rates-individuals-deposit-interest-rates-increased-by-3-digits-after-the-decimal-point-2022-09-21,"Most banks alter their interest rates and individuals deposit interest rates increased by 3 Digits after the decimal point, making it 12.133 percent.
On Ashoj 1, all banks reported an interest rate of 12.13 percent for fixed deposits, but some banks used a clever strategy and published the interest rate with three digits after the decimal point, keeping the interest rate at 12.133 percent. As a result, there was a small increase in the interest rate on institutional deposits.
The deposits in other banks started to flow out as the interest rates altered. For the past few days, there has been a disagreement among the bankers. The bank that published the interest rate with three digits after the decimal point was given time to adjust the interest rate.
However, the said banks did not adjust the interest rates, and other banks have also started advertising interest rates with three digits added after the decimal. As a result, more than half of the banks published new interest rates on Wednesday.
On Wednesday, banks like Standard Chartered, Prabhu, Laxmi, Mega, and Civil also revised their interest rates and published new interest rates, keeping the rate to three digits after the decimal point.
According to a Rastra Bank official, the harmful competition has ended as a result of certain banks' recent interest rate revisions, which brought them into in line with those of other competitor banks.",0.534334659576416
2022-08-23,What Does the Future Hold For  ATMs in Nepal as the Country Quickly Transitions to a Cashless Economy?,https://www.sharesansar.com/newsdetail/what-does-the-future-hold-for-atms-in-nepal-as-the-country-quickly-transitions-to-a-cashless-economy-2022-08-23,"An ATM stands for automatic teller machine. An ATM is an electronic banking outlet that allows customers to complete basic transactions without the aid of a branch representative or teller. Anyone with a credit or debit card can access their card at most ATMs, either in Nepal or abroad. An atm card is a payment card or dedicated payment card issued by a financial institution which enables a customer to access their financial account via its and other ATMs and to make approved point of purchase retail transactions.
How do card transactions work?
Mr. Mohan has a Sanima bank Visa network debit card. He wants cash at the time, so he finds a Sanima bank’s atm near him. He goes there and inserts the card. As soon as he inserts the card, a computer inside the machine reads the card details and sends a request to the card company, in our case, Visa. Visa sends this request to the bank to verify the card. Now your visa requests your authentication PIN. As you insert your PIN, Visa authenticates your PIN and opens your withdrawal window. You put in some amount. Again, Visa requests from the bank that the account have that much balance in it. If you have, then it will get you the money, otherwise not. This process is almost similar to that for credit cards also.
(Fun fact: the sound of money counting from an ATM machine is only the sound of the built-in speaker, not the sound of actual cash counting.)
How much does it cost?
It may vary from provider to provider. Banks usually pay up to 1% on debit cards and 1% to 3% on credit cards. Some amount is also levied for new card issuance, so the bank charges us 300-500 per year. Most of the amount, in this case, is sent to the specific network company, which is also an economic cost for the country because banks have to pay the provider in dollars.
Is the ATM card of the future or of the past?
In the long run, we will not ask this question because new technology is replacing this card technology. The new technology is QR Code Payment and Virtual Cards. QR Code technology has been growing rapidly in Nepal, India, China, and other countries in recent years. This technology is provided through mobile applications (Apps). These apps are keen to replace physical ATM card formats with QR codes and virtual cards. Esewa (Nepal), Phonepe (India), and Wechat (China) are major examples of mobile and web applications used for QR Payments.
As you know, esewa is South Asia’s first payment app company, which revolutionized the payment environment in Nepal. But after demonetization in India and the development of UPI (unified payment interface) by NPCI (National Payment Corporation of India), digital payment evolved at a very fast rate, so Nepal also adopted this new wave and then ConnectIps by NCHL, Fonepay by F1soft, and Khalti by Janaki Tech, etc. emerged in the Nepali payment market, evolving and making payments easy. Nepal now has almost 50–60% of its transactions digitalized, including digital clearing of cheques and ATM cash withdrawals, and it is increasing.
(Fun fact: Nepal launched its first payment app in 2009, while India followed suit in 2010.)
Payment via QR Code, The Future:
""QR code"" stands for ""Quick response code."" The QR Code can be the universal payment code that helps us to remove the card and its cost.
(This can also help to protect the environment from pollution.)
Things that should be done to make QR Payment a Universal Payment Code:
Interoperability:
Every application and network should be connected with each other which helps us to make payment in any QR present with merchant. In case of Nepal, there are many operators and provider but they are not connected so that we have to install different app for payment which demotivate user to use scan and pay and user pay with cash. International and national operator are interconnected then international payment can be done easily and for Nepal it is very beneficial for Freelancers and social media influencers who receive money in foreign currency but cannot receive their money in their bank account directly. This network can help them to receive that money in their mobile directly. Which also indirectly help country to gets forex. Tourist can pay easily through there app and Nepalese can pay in foreign land so that they should not get cash in hand. This idea can boost economy as Nepal has huge potential of Business process outsourcing and payment received by these person and company will be from white channel which help govt to get data and information of these transaction and earn some revenue from it.
Acceptance In ATM machine:
Atm card majorly used for cash withdrawal in Nepal. For simple cash withdrawal every ATM if accept QR scan Facility then there is no need to use Card for cash withdrawal. And if every network is connected and majorly vendor accept QR scan then there is no need to withdrawal cash.
Credit Facility:
BNPL (Buy Now Pay Later) is emerging market in world which is rapidly growing in different developed countries. It can be a replacement of credit card. These payment operators can tie up with banks and financial institutions to give user this facility so that bank decrease its Credit card issue. Nepal has only 2-3 lakh credit card user, this number can be increase drastically by use of this facility. But one should be careful while giving credit facility, should be given to eligible users.
Acceptability in Government Offices:
Every government office or every office where any financial transaction is involved should be digitize. This will improve the use of digital medium for payment and encourage for digital economy which make least cash involved and that helps to control corruption. Government should discourage use of cash also.
Digital economy is one of the options to develop country by reducing corruption, restrain excess printing of cash, fast economy, record of every transaction etc. in this world of technology everything is going digital so there is some risk involved such as cyber scam, online fraud etc. we have to be careful.
Conclusion: ATM card is going to be past in some years at least in this part of world.
-Aashish Bhattarai
Semi-Qualified CA, Blogger, Investor",0.894823431968689
2022-08-07,Amid Liquidity Crunch And Low Credit Expansion Commercial Banks Reports Satisfactory Profit Growth In FY 78/79; A Summarised Snapshot of the Most Important Fundamentals,https://www.sharesansar.com/newsdetail/amid-liquidity-crunch-and-low-credit-expansion-commercial-banks-reports-satisfactory-profit-growth-in-fy-7879-a-summarised-snapshot-of-the-most-important-fundamentals-2022-08-07,"Despite many speculations in the market as to how the bank's profitability will play out in the quarters to come because of the Lower Credit Expansion, Liquidity Shortage, Higher Treasury Bill rates, and inflation rates, Banks have reported improved profitability indicators yet in this quarter.
Keeping all the speculation aside, in this article, we will be focusing mainly on the profitability and business volume indicators of commercial banks as of Q4 of Fiscal year 2078/79 and doing a comparative analysis. So, let's dive into the numbers.
Profit for the period:
The Commercial Banks' net profit rises by 23.09% in FY 2078/79 from Rs 60.77 Arba in the last fiscal year to Rs 74.80 Arba in this fiscal year.
As per the net profit of the fourth quarter of FY 2078/79,
Rastriya Banijya Bank (RBBL)
is in the lead with a net profit of Rs. 5.21 Arba with a growth of 37.38% as compared to the same quarter of last fiscal year. Similarly,
Global IME Bank Limited (GBIME)
also reported the same profit (
Less than RBB by a few lakhs
), however, it reported a growth of 25%, hence it stands in the second position to accumulate higher profits for the fourth quarter. In the third position,
Nabil
Bank Limited (NABIL)
has a net profit of Rs 4.97 Arba. Nabil Bank recently acquired
Nepal Bangladesh Bank Limited
. Likewise, the bank with the least net profit is
Century Commercial Bank Limited (CCBL)
whose net profit amounts to Rs 1.36 Arba. The bank was recently acquired by
Prabhu Bank Limited (
the
Acquisition process is in the process
).
The industry average of net profit of the 26 commercial banks stands at Rs 2.88 Arba.
All commercial banks except 3 banks i.e
Agriculture Development Bank, Himalayan Bank Limited,
and
Sanima Bank Limited
have declined their net profit this year compared to the same quarter of last fiscal year.
Profit for the period:
Distributable Profit:
As per the distributable profit of the fourth quarter of 2078/79,
Nabil Bank Limited (NABIL)
is in the lead with a profit of Rs 9.12 Arba. Similarly,
Agricultural Development Bank Limited
(ADBL)
has the second-highest net profit of Rs 3.91 Arba in the same quarter. In the third position,
Everest
Bank Limited (EBL)
has a net profit of Rs.3.90  Arba.
Century Commercial Bank Limited (CCBL)
has reported the lowest distributable profit among all the banks at Rs. 0.91 Arba.
Similarly,
Everest Bank Limited (EBL)
has the highest distributable profit per share of Rs 41.15, and
Nabil Bank Limited (NABIL)
has the second highest distributable profit per share of Rs 39.94.
*Distributable Profit includes last year's retained earnings.
* Nabil Bank Distributable Profit includes capital adjustment reserve from Business Combination.
Paid-up capital:
Paid-up capital refers to the amount of money that commercial banks have received from their shareholders through the exchange of shares in the primary market.
The bank with the highest paid-up capital is
Global IME Bank Limited (GBIME)
with Rs 23.80 Arba capital and
Nabil
Bank Limited (NABIL)
with Rs. 22.83 Arba paid-up capital.
*ADBL Capital includes Rs 5.43 Arba
irredeemable non-cumulative preference shares.
Reserve and surplus:
With an industry average of Rs 10.03 Arba, 8 banks stand above the average benchmark of Rs 10.03 Arba in their reserve fund. The total reserve and surplus of all commercial banks are at Rs 2.60 Kharba.
In terms of reserves and surplus,
Nabil Bank Limited (NABIL)
has maintained its lead with a reserve and surplus of Rs 29.75 Arba,
Nepal Bank Limited (NBL)
has maintained the second position with Rs 21.38 Arba reserve and surplus fund and
Rastriya Banijya Bank (RBBL)
is in the third position with a reserve and surplus of Rs 18.54 Arba
*
Reserve and Surplus amounts include the amount of Share Premium, Retained Earnings, and Reserve.
Deposits from Customers:
On an average, commercial banks have collected Rs 1.71 Kharba as a deposit. Only 11 banks are above the average deposit collection.
As of the fourth quarter of FY 2078/79,
Nabil Bank Limited (NABIL)
stands on top with total deposits worth Rs 3.26 Kharba,
NIC Asia Bank Limited (NICA)
has the second-highest deposits of Rs 2.89 Kharba. Similarly, the bank is followed by
Global IME Bank Limited (GBIME)
with the collected deposit of Rs 2.77 kharba respectively.
Standard Chartered Bank Nepal Limited (SCB)
has the lowest deposit collection of Rs. 93.72 Arba.
Loans and advances to Customers:
The top position in loans and advances is occupied by
Nabil Bank Limited (NABIL)
with credit disbursement worth Rs 3.01 kharba.
Global IME Bank Limited (GBIME)
has a loan and advances portfolio of Rs. 2.58 kharba.
NIC Asia Bank Limited
(NICA)
has a loan portfolio of Rs 2.52 kharba. Similarly on the other end of the rope,
Standard Chartered Bank Nepal Limited (SCB)
has the lowest loan and advances portfolio of Rs. 79.17 Arba.
The industry average loan disbursed is Rs 1.53 Kharba. 9 commercial banks have a loan portfolio above Rs 1.53 Kharba.
Net Interest Income:
Net interest income is the net earnings of commercial banks through their core business of collecting deposits and lending loans. The bank with the highest net interest income is
NIC Asia Bank Limited (NICA)
with an income of Rs 11.77 Arba followed by
Global IME Bank Limited (GBIME)
with an income of Rs 10.74 Arba and
Rastriya Banijya Bank (RBBL)
with an income of Rs 9.67 Arba.
Provisions for the period (Impairment/Reversal):
Banks have set aside a certain amount in loan loss provision and have delayed the loan repayment of several borrowers. A total of Rs 4.28 Arba of amount has been shown in an impairment charge for a loan and other losses.
Nepal Investment Bank Limited (NIBL)
has the highest impairment charge for a loan and other losses with Rs 1.62 Arba followed by
Rastriya Banijya Bank Limited (RBBL)
with a total of Rs. 69 crores.
* - Reversal and + Provision
Major indicators:
Earnings per share:
NIC Asia Bank Limited (NICA)
becomes the bank to serve investors with the highest annualized EPS of Rs 39.13 per share.
Rastriya Banijya Bank (RBBL)
has the second-highest EPS of Rs 34.90 per share.
Everest Bank Limited (EBL)
is in the third position with annualized EPS of Rs 26.89 per share.
Laxmi Bank Limited (LBL)
stays at the bottom with an earning of Rs. 13.88 per share.
The average EPS of 26 commercial banks stands at Rs 21.05. 11 commercial banks still provide EPS higher than that of the industry average.
Net worth per share:
The highest net worth per share among these commercial banks is Rs 248.42 which belongs to
Nepal Bank Limited (NBL). Everest Bank Limited (EBL)
is in the second position with Rs 239.71.
Nabil Bank Limited (NABIL)
has the third-highest net worth per share as of Q4 of FY 2078/79 i.e. Rs 230.30.
Century Commercial Bank Limited (CCBL)
has the least net worth of Rs 127.64 per share.
The industry average net worth stands around Rs 173.03 per share. 10 companies have a net worth more than the industry average.
P/E Ratio:
Sunrise Bank Limited (SRBL)
has the least PE ratio of 9.74 times. It is followed by
Kumari
Bank Limited (KBL)
with a PE ratio of 9.91 times. 18 commercial banks have a P/E ratio lower than the industry average of 14.45 times.
(The PE ratios are not the recent ratios but rather the ratios for quarter-end. Please look at the current market price to calculate the recent P/E ratio)
Non-Performing Loan:
In today’s context, the concern of investors simply does not rest upon which bank has more loans. The nature of the loan portfolio equally matters.
Nepal SBI Bank Limited (SBI)
reported the lowest NPL of 0.15% in terms of asset quality. SBI
is followed by
Everest Bank Limited (EBL)
with an NPL of 0.24%.
Rastriya Banijya Bank (RBBL)
has reported the highest NPL of 2%. Since RBB is not tradeable,
Nepal credit & Commerce Bank Limited (NCCB)
seems to have the highest NPL of 1.93%.
Capital Adequacy Ratio (CAR):
In terms of Capital Adequacy ratio (CAR),
Agricultural Development Bank Limited (ADBL)
seems to have reported the highest CAR of 16.34%. This is followed by
Civil Bank Nepal Limited (CBL)
with a CAR of 16.05%.",0.0195572879165411
2022-08-03,"NRB Has Amended and Added Various Facilities To the 'A', 'B' and 'C' Category Banks and Financial Institutions; List of Major Highlights of NRB Circular",https://www.sharesansar.com/newsdetail/nrb-has-amended-and-added-various-facilities-to-the-a-b-and-c-category-banks-and-financial-institutions-list-of-major-highlights-of-nrb-circular-2022-08-03,"Nepal Rastra Bank Act, 2058 has been amended/added as per the attached table in the integrated directive issued to the ""A"", ""B"" and ""C"" category banks and financial institutions licensed by the central bank.
MAJOR HIGHLIGHTS:
Amended Integrated Instructions issued to licenses A, B and C category Banks and Financial Institutions, 2079
Existing Rules
Amended/Additional Rules
The interest rate (bank rate) of the loans provided by this bank to the licensed institutions in accordance with the existing law has been fixed at 7 percent.
The interest rate (bank rate) of the loans provided by this bank to the licensed institutions in accordance with the existing law has been changed to 8.5 percent.
Fixed liquidity facility rate as upper limit of interest rate corridor at 7 percent, deposit collection rate as lower limit at 4 percent and repo rate as policy rate at 5.5 percent.
Fixed liquidity facility rate as upper limit of interest rate corridor at 8 percent, deposit collection rate as lower limit at 5.5 percent and repo rate as policy rate at 7 percent.
Lending against shares shall attract risk weight of 150%
Lending against shares (above Rs. 2.5 million) shall attract risk weight of 150%
Was not applicable
Lending against bonds shall attract risk weight of 100 %.
Was not applicable
Lending against shares (upto Rs. 2.5 million) shall attract risk weight of 100%
The maximum interest rate offered on institutional term deposits (including cash deposits) should be at least 1 percentage point lower than the maximum interest rate offered on term deposits for general public.
If the maximum interest rate offered on institutional term deposits (including cash) is higher than the maximum interest rate offered on term deposits for general public, It should be reduced by at least 2 percentage points.
Commercial banks have to maintain Countercyclical Buffer as stipulated in Capital Adequacy Framework 2015. It has been postponed until 2078/79.
Commercial Banks from 2080/81, the countercyclical buffer as stipulated in the capital Adequacy Framework 2015 should be maintained.
Among the removal of loans provided by licensed banks and financial institutions, in the case of loans granted to areas heavily and moderately affected by the Covid-19, the impact on the borrower's project or business and the financial condition of the borrower, in accordance with the borrower's written action plan, in the event that the loan may be repaid in future industrial business operations. And if the financial institution is satisfied, at the request of the related borrower, the loan can be rescheduled and/or restructured subject to the following conditions by collecting 10 percent of the interest to be paid by the borrower for one time.
The said clause has been removed
Banks and financial institutions who have not opened a specific purpose overdraft, mortgage loan, property loan, personal term loan, loan provided on the mortgage of shares, including loans for personal purposes of any title, can only transfer up to 50 lakhs (per customer). When disbursing such a loan with a house/land mortgage, the ratio between the loan and the Fair Market Value of the mortgage security (Loan to Value Ratio) should be maintained at a maximum of 40 percent within Kathmandu Valley and at a maximum of 50 percent in case of other places.
Banks and financial institutions who have not opened a fixed purpose overdraft, mortgage loan, property loan, personal term loan, loan provided on the security of shares, etc, up to Rs 50 lakh per customer can be disbursed for personal purpose loans. While providing such new loan with respect to real estate mortgage, loan addition or loan renewal, the ratio between the loan and the Fair Market Value of the mortgage security (Loan to Value Ratio) should be maintained at a maximum of 30 percent within Kathmandu Valley and at a maximum of 40 percent in case of other places.
Single obligor limit of margin nature of share mortgage loan from a licensed institution is maximum Rs. 4 crores and from all licensed institutions a maximum of Rs. 12 crore has been fixed.
Flow from any one or all licensed institutions to share securities = Maximum Single Obligor Limit of margin nature of loans (Single Obligor Limit) Total Rs. 12 crore has been fixed.
Banks and financial institutions providing such loans should only grant/renew loans after making sure that the said limit is not exceeded while granting or renewing loans.
Also, Banks and financial institutions should establish a 100% loan loss provision in case of granting or renewing loans beyond the specified limit.
Institutions of ""A"", ""B"" and ""C"" categories licensed by this bank shall keep 3 % of the total deposit liability in this bank as mandatory balance. A minimum of 70 % of the mandatory cash balance to be maintained in accordance with this provision must be kept in this bank on a daily basis.
Institutions of ""A"", ""B"" and ""C"" categories licensed by this bank must keep 4% of the total deposit liability in this bank as a mandatory cash balance from 2079/05/12. A minimum of 70% of the mandatory cash balance to be maintained in accordance with this provision must be kept in this bank on a daily basis.
Licensed ""A"" category banks must maintain 10 percent of total domestic deposits, ""B"" category development banks must maintain 8 percent and ""C"" category financial companies must maintain 7 percent statutory liquidity ratio.
From Poush 2079, Licensed ""A"" category banks must maintain 12 percent of total domestic deposits, ""B"" category development banks must maintain 10 percent and ""C"" category financial companies must maintain 10 percent statutory liquidity ratio.
Interest rate given on deposit can be changed only monthly. The information regarding the interest rate applicable to deposits for the next month should be published before the beginning of the Nepali month.
Interest rate given on deposit can be changed only monthly. The information regarding the interest rate applicable to deposits (local and foreign currency) for the coming month should be published before the beginning of the Nepali month. However, if there is a change in the bank rate and policy rate set by Nepal Rastra Bank, the interest rate can be changed immediately and published.
Additionally, through the monetary policy of the current financial year, Governor Maha Prasad Adhikari amended the existing 4/12 provision for margin loans. To implement the revised system, the Central Bank has issued a unified guideline on Wednesday.
Now you can take a loan of more than four crore rupees from any bank and financial institution by keeping shares as collateral. However, it has been stipulated that the total loan taken by the debtor from various banks by keeping the shares as mortgage should not exceed 12 crore in total.
Now borrowers do not have to go to three banks to get a loan of 12 million by putting shares as collateral. They will be able to take a loan of up to 12 crore rupees from a single bank. However, the share mortgage loan cannot be more than 12 crore rupees.
Along with the single customer loan limit, the Rastra Bank has also reduced the risk burden to 100 percent for margin loans of less than 25 lakh rupees through monetary policy. According to the previous arrangement, risk weightage ratio was 150 percent of the resulting loans.
Likewise, Nepal Rastra Bank has said that the counter cyclical buffer will be applied according to the capital education framework 2015. On Wednesday, Rastra Bank issued integrated instructions to banks and financial institutions of categories A, B and C and said that the Capital Adequacy Framework will be implemented in accordance with the provisions made in 2015.
Similarly, Private banks will get more benefits if they participate in the process of merger, merger and acquisition and make an integrated transaction by the end of Poush. NRB has amended the Integrated Directive 2078 and made such provision. According to central Bank, if they participate in the process of merger, merger and acquisition and do integrated business before the end of Poush, they will get 5 different facilities for one more year.
Your browser does not support pdfs,
click here to download the file.",0.7975225448608398
2022-07-31,"Auction Open From Today; Re-Auctioning of 26,31,136 unit Promoter Shares of NCCB to the General Public",https://www.sharesansar.com/newsdetail/auction-open-from-today-re-auctioning-of-2631136-unit-promoter-shares-of-nccb-to-the-general-public-2022-07-31,"The existing promoters of
Nepal Credit & Commerce Bank Limited (NCCB)
are re-auctioning 26,31,136 unit promoter shares to the general public from today i.e 15th Shrawan and will conclude on 22nd Shrawan, 2079.
26,31,136 unit promoter shares will be auctioned. The company had auctioned 26,33,136 unit promoter shares from Ashad 29 to Shrawan 11. Since only 2000 units were sold in the auction, therefore the company is re-auctioning the remaining shares to the general public from today.
Rs. 131 is the minimum bid rate for the auction. While the minimum bid quantity for shares is 1000 units, there is no upper limit for both shares. Although bidders can bid for the entirety of the issue, they are required to abide by Nepal Rastra Bank's rule to not exceed the specified quantity of shares per entity. Individuals, institutions, and companies are all eligible to bid for the auction.
Sunrise Capital Limited is appointed the auction manager. Bids will open at the premises of auction manager on Shrawan 23, starting from 11 am that day. As of writing, the LTP of NCCB is Rs. 207.20.
Auction Notice",0.9333516359329224
2022-07-27,"Reminder: Last Day of Auction of NCCB's 26,33,136 Unit Promoter Shares",https://www.sharesansar.com/newsdetail/reminder-last-day-of-auction-of-nccbs-2633136-unit-promoter-shares-2022-07-27,"Nepal Credit & Commerce Bank Limited (NCCB)
is closing the auction of 26,33,136 promoter shares to the general public today. The auction opened on 29th Ashad and is closing today i.e 11th Shrawan, 2079.
26,33,136 unit promoter shares are being auctioned. The general public, companies, and institutions are all eligible to bid in the auction. Rs. 131 is the minimum bid rate for the auction. While the minimum bid quantity is 1000 units, there is no upper limit. Although bidders can bid for the entirety of the issue, they are required to abide by Nepal Rastra Bank's rule to not exceed the specified quantity of shares per entity.
Sunrise Capital Limited is appointed the auction manager. Bids will open at the premises of auction manager on Shrawan 12, starting from 11 am that day.
Click here for Auction Notice:",0.9291085004806519
2022-07-25,Rise in Core Business Income Results Excellent 51.98% Rises in Net Profit of NCC Bank; Distributable Profit Stands at Rs 1.47 Arba in Q4,https://www.sharesansar.com/newsdetail/rise-in-core-business-income-results-excellent-5198-rises-in-net-profit-of-ncc-bank-distributable-profit-stands-at-rs-147-arba-in-q4-2022-07-25,"Nepal Credit and Commerce Bank Limited (NCCB)
has published its fourth-quarter report for the FY 2078/2079 with an impressive increment in Net Profit by 51.98%. The bank's net profit has increased from Rs. 1.33 Arba in the fourth quarter of FY 2077/2078 to Rs. 2.02 Arba in the fourth quarter of FY 2078/2079.
In the same quarter, the bank has Rs 1.47 arba as distributable profit after PL Appropriation and Regulatory Adjustments. This amount can be used for distributing dividends.
The bank’s deposits from customers increased by 26.16% to Rs. 1.34 kharba whereas loans and advances to customers increased by 28.13% to Rs. 1.21 kharba by the fourth quarter. The bank's Net Interest Income (core business income) has increased by 31.93% to Rs. 4.15 Arba compared to the corresponding quarter of the previous year.
The bank’s paid-up capital stands at Rs. 11.13 Arba with Rs. 5.32 Arba in Reserve and surplus. The Non-performing loan (NPL) slightly rises to 1.93%.
The earnings per share (EPS) of the Bank stood at Rs. 18.15 and Net worth per share stood at Rs. 147.79. The company traded at a P/E multiple of 11.62 times.
The Capital Adequacy Ratio (CAR) of the bank stands at 12.12%, whereas, the Cost of Fund rises to 7.45, and Base Rate is at 9.2%.
Click Here for Q4 Report:
Major Highlights:
Particulars (In Rs '000"")
NCC Bank
Q4 2078/79
Q4 2077/78
Difference
Share Capital
11,139,678
10,314,517
8.00%
Share Premium
0
0
Retained Earnings
1,474,287
868,858
69.68%
Reserves
3,849,622
3,460,913
11.23%
Deposits from Customers
134,576,015
106,667,153
26.16%
Loans & Advances to customers
121,190,450
94,582,168
28.13%
Net Interest Income
4,155,652
3,149,886
31.93%
Impairment Charge/(Reversal)
431,676
313,351
37.76%
Personnel Expenses
1,616,549
1,555,067
3.95%
Operating Profit
2,672,129
1,920,026
39.17%
Profit/(Loss) for the Year
2,022,223
1,330,626
51.98%
Total Comprehensive Income
1,871,266
1,540,005
21.51%
Distributable Profit/ (Loss) after P/L Appropriation and Regulatory Adjustments
1,474,287
Capital Adequacy Ratio (CAR)
12.12
13.75
-11.85%
NPL
1.93
1.76
9.66%
CD (as per NRB Directives)
86.58
78.14
10.80%
Cost of Fund (%)
7.4
5.62
31.67%
Interest Rate Spread (%)
4.06
3.76
7.98%
Base Rate (%)
9.2
7.57
21.53%
EPS (In Rs.)
18.15
12.90
40.72%
Net Worth per Share (In Rs.)
147.79
141.98
4.10%
Qtr End PE Ratio (times)
11.62
-
-
Qtr End Market Price
210.9
-
-",-0.1012435257434845
2022-07-24,NCC Bank Brings NCC Praphulla FD Scheme with Return as Big as 10 Times Your Deposit; to Provide Varying Returns to Savings of Individual and Institutional Clients,https://www.sharesansar.com/newsdetail/ncc-bank-brings-ncc-praphulla-fd-scheme-with-return-as-big-as-10-times-your-deposit-to-provide-varying-returns-to-savings-of-individual-and-institutional-clients-2022-07-24,"Nepal Credit and Commerce Bank has launched NCC Praphulla FD scheme where the depositors will receive up to ten times the deposit amount once the FD gets matured.
Individual investors will receive two times the deposit amount in 6 years, 4 months, and 25 days while ten times the deposit in 21 years, 6 months, and 28 days. on the other hand, institutional investors will get double their deposit in 7 years, 1 month, and 12 days while ten times in 24 years, 11 months, and 2 days.
The bank currently has 156 branches, 15 extension counters, and 133 ATM outlets under its network.",0.7917556166648865
2022-07-13,These Two Companies Are Auctioning Their Promoter Shares From Today,https://www.sharesansar.com/newsdetail/these-two-companies-are-auctioning-their-promoter-shares-from-today-2022-07-13,"The existing promoters of Nepal Credit & Commerce Bank Limited and Citizens Bank International Limited are auctioning 26,33,136 unit and 2,65,999 unit promoter shares respectively to the general public from today i.e 29th Ashad and will conclude on Shrawan 11, 2079.
Nepal Credit & Commerce Bank Limited (NCCB)
is auctioning 26,33,136 unit promoter shares. Rs. 131 is the minimum bid rate for the auction. While the minimum bid quantity for shares is 1000 units, there is no upper limit for both shares. Although bidders can bid for the entirety of the issue, they are required to abide by Nepal Rastra Bank's rule to not exceed the specified quantity of shares per entity. Individuals, institutions, and companies are all eligible to bid for the auction.
Sunrise Capital Limited is appointed the auction manager. Bids will open at the premises of auction manager on Shrawan 12, starting from 11 am that day. As of writing, the LTP of NCCB is Rs. 201.
Auction Notice
Similarly, The existing promoter of
Citizens Bank International Limited (CZBIL)
is auctioning 2,65,999 unit promoter shares from today.
Rs. 152 is the minimum bid rate for the auction. While the minimum bid quantity for shares is 1000 units, there is no upper limit for both shares. Although bidders can bid for the entirety of the issue, they are required to abide by Nepal Rastra Bank's rule to not exceed the specified quantity of shares per entity. Individuals, institutions, and companies are all eligible to bid for the auction.
Sunrise Capital Limited is appointed the auction manager. Bids will open at the premises of auction manager on Shrawan 12, starting from 2 pm that day. As of writing, the LTP of CZBIL is Rs. 200.
Auction Notice",0.9082242250442505
2022-07-04,Nepal Credit and Commerce Bank Urges its Investors to Renew Their Demat Account,https://www.sharesansar.com/newsdetail/nepal-credit-and-commerce-bank-urges-its-investors-to-renew-their-demat-account-2022-07-04,"Nepal Credit and Commerce Bank Limited (NCCB)
has urged all its demat account holding clients to renew their demat accounts within the end of Ashad, 2079.
The institution has kept Asadh end as the last date to pay this renewal fee. The institutions will freeze Demat accounts on Shrawan 01 of investors who fail to pay the annual fee within the specified date. The investors can visit nearest branches of the Nepal Credit and Commerce Bank Limited. The beneficiary name and account number should be clearly mentioned while paying.
Investors can also pay via online payment portals like eSewa, Khalti, Connect IPS, Prabhu Pay and IME Pay.
Notice",0.9053467512130737
2022-06-21,"Reminder: Last Day of Auction of Nepal Credit & Commerce Bank's 8,80,000 Promoter Shares",https://www.sharesansar.com/newsdetail/reminder-last-day-of-auction-of-nepal-credit-commerce-banks-880000-promoter-shares-2022-06-21,"Nepal Credit & Commerce Bank Limited (NCCB)
is closing the auction of its 8,80,000 units promoter shares to its shareholders today.
Sunrise Capital is auctioning the promoter shares of Nepal Credit & Commerce Bank Limited (NCCB). The auction opened on 24th Jestha and will close today i.e 7th Ashad, 2079
Existing promoters, individuals, and institutions are all eligible to bid for the auction.
8,80,000 units promoter share are being auctioned. Rs. 141 is the minimum bid rate for the auction. While the minimum bid quantity for shares is 1000 units, there is no upper limit for both shares. Although bidders can bid for the entirety of the issue, they are required to abide by Nepal Rastra Bank's rule to not exceed the specified quantity of shares per entity.
Sunrise Capital is the auction manager. Bids will be opened at the premises of the auction manager, Kamalpokhari, Kathmandu on 8th Ashad, starting at 1 pm that day.
Notice",0.9305017590522766
2022-06-15,"26,34,136 Promoter Shares of Nepal Credit & Commerce Bank in Auction From Today",https://www.sharesansar.com/newsdetail/2634136-promoter-shares-of-nepal-credit-commerce-bank-in-auction-from-today-2022-06-15,"The existing promoter of
Nepal Credit & Commerce Bank Limited (NCCB)
is auctioning the company's promoter shares. 26,34,136 shares are being auctioned from today, i.e. 1st Ashad to 15th Ashad, 2079.
The existing promoters, general public, and institutions are all eligible to bid for the auction.
Rs. 142 is the minimum bid rate for the auction. The minimum bid quantity for promoters’ shares is 1,000 units. Although bidders can bid for the entirety of the issue, they are required to abide by Nepal Rastra Bank's rule to not exceed the specified quantity of shares per entity.
Sunrise Capital is the auction manager. Bids will be opened at the premises of the auction manager, Kamalpokhari, Kathmandu on 16th Ashad, starting at 11 am that day.
Auction Notice",0.9301958680152893
2022-06-12,Commercial Banks Have Agreed Not To Raise Interest Rates On Deposits,https://www.sharesansar.com/newsdetail/commercial-banks-have-agreed-not-to-raise-interest-rates-on-deposits-2022-06-12,"Even in Ashad, commercial banks have decided to keep deposit interest rates constant.
Since Magh, commercial banks have not hiked deposit interest rates. Individual deposits receives a maximum interest rate of 11.03 percent, while institutional deposits receives a maximum interest rate of 10.03 percent. Senders of remittances are given an interest rate of 12.03 percent.
Commercial banks have agreed to maintain a constant interest rate in the expectation of increased deposits as Ashad's expenses rise, and the right decision regarding the interest rates will be taken only once the national monetary policy is finalized.
The CEOs of commercial banks have agreed to keep the interest rate unchanged even in Ashad, according to Anil Kumar Upadhyay, president of the Nepal Bankers' Association. ""The union's working committee will make an official resolution tomorrow to maintain the interest rate stable and to keep the interest rate constant even in Shrawan,"" he said.",0.7837982177734375
2022-06-12,"Commercial Banks Profit Rs. 58 Arba Till Baishakh of This Fiscal Year, 3 Development Banks and 2 Finance Companies In Loss",https://www.sharesansar.com/newsdetail/commercial-banks-profit-rs-58-arba-till-baishakh-of-this-fiscal-year-3-development-banks-and-2-finance-companies-in-loss-2022-06-12,"Nepal Rastra Bank has unveiled the recent statistics covering the net profit of commercial banks, development banks, and finance companies for up to Baishakh of the current fiscal year 2078/79.
Commercial Banks
Data shows that commercial banks together have realized a total net profit of Rs. 58 Arba and 33 crores. Out of the 27 commercial banks, Global IME Bank stands at the top position with a net profit of Rs. 4 Arba and 31 crores. Likewise, NIC Asia Bank has realized a net profit of Rs. 4 Arba and 11 crores. Meanwhile, Nabil Bank has realized a net profit of Rs. 3 Arba and 82 Crores. On the contrary, Laxmi Bank has the least net profit of Rs. 92 crores.
Commercial Bank
Net Profit
(Rs. Million)
Global
4310.77
NIC
4113.13
NABIL
3826.23
RBB
3464.27
Prime
3157.18
NMB
2974.11
NIBL
2844.99
NBL
2562.67
SBL
2440.49
Mega
2286.59
Kumari
2083.81
ADBNL
2028.55
EBL
1902.05
SCBNL
1820.43
Citizen
1798.44
Sanima
1793.56
NCC
1730.83
MBL
1688.54
HBL
1678.84
Sunrise
1502.67
Prabhu
1490.39
NSBI
1408.19
NBBL
1248.62
Century
1150.25
BOK
1052.06
CBL
1051.47
Laxmi
928.79
Total
58337.92
Development Banks
Similarly, in the ten months of the current fiscal year 2078/79, development banks have succeeded to make a total net profit of Rs. 5 Arba and 77 crores. 3 of the 17 development bank have realized net losses during this period. Whereas, Muktinath Bikas Bank has realized an impressive net profit of Rs. 1 Arba and 14 crores, the highest in the industry. Likewise, Garima Bikas Bank stands in the second position with a net profit of Rs. 87.9 crores. Mahalaxmi Bikas Bank, with a net profit of Rs. 80 crores, stands in the third position.
Development Bank
Net Profit
Net Loss
(Rs. Million)
(Rs. Million)
Mukti
1147.49
Garima
879.18
Mahalaxmi
800.17
Jyoti
602.79
Kamana
582.8
LumbiniDB
567.1
Shine
548.84
Shangrila
444.41
Miteri
115.91
Excel
30.34
Sindhu
26.49
GreenDB
11.55
Salapa
9.03
Corporate
8.56
Narayani
5.59
Karnali
41.35
Saptakoshi
73.32
Total
5774.66
120.26
On the opposite, data from NRB shows that Salapa and Corporate development banks reported the least profit of Rs. 90 Lakhs and Rs. 85.6 Lakhs respectively. However, 3 development banks, viz, Karnali, Narayani, and Saptakoshi Development Bank reported net losses during the period.
Finance Companies
Finance companies have made a total net profit of Rs. 1.01 Arba. Out of the 17 companies, two finance company reported a net loss in the first ten months, while the rest 15 are in a profit.
Best Finance Company comes first on the list with a net profit of Rs. 15.2 crores. Likewise, ICFC Finance and Manju Finance stand in the second and third positions with a net profit of Rs. 13.8 crores and Rs. 12.6 crores respectively. However, Multi and Samriddhi finance company have reported net losses of Rs. 32.9 lakhs and Rs. 92.2 lakhs respectively.
Finance Bank
Net Profit
Net Loss
(Rs. Million)
(Rs. Million)
Best FC
152.51
ICFC
138.67
Manju
126.09
Goodwill
118.24
GURKHAFC
80.92
Shree
80.01
Janaki
59.83
Pokhara
56.39
GMBFL
49.6
Central
49.03
Reliance
41.91
NFL
26.28
Progressive
13.75
NSML
10.68
CMerchant
6.89
Samriddhi
9.22
Multi
3.29
Total
1010.8
12.51",0.41281893849372864
2022-06-07,Comparative Analysis of Commercial Banks: How Much Has P/E Ratio Declined Since The All-Time High?,https://www.sharesansar.com/newsdetail/comparative-analysis-of-commercial-banks-how-much-has-pe-ratio-declined-since-the-all-time-high-2022-06-07,"Another day, another falls in the stock market. These sharp declines have become the norm. When all of the sub-indices close in the red, traders and investors aren't surprised.
This is in sharp contrast to the market's status last year. In August 2021, the NEPSE had risen to almost 3200 points. Since then, it hasn't gotten any higher. Instead, 'volatile' is the perfect word to describe the market.
Whenever the bulls take the market up, the bears bring it back down again. This is how the market has been moving over the last nine months. Now the bears are in control. In market speak, we say there has been a change in sentiment. Some are even talking about a full-fledged bear market.
More so, NEPSE has lost 10% In the last 8 trading days and today (7th June, 22) the index closed at 2,020.23 with a loss of 2.21%. Here we try to analyze the companies in the banking sector whose P/E ratio has been affected most due to the market fluctuations.
PE ratio shows the sum of money you are ready to pay for each rupee worth of the earnings of the company. With the ongoing bearish trend, the investors in the secondary market are inquisitive about various indicators such as EPS, market price, and P/E ratio of the commercial banks.
Usually, a higher P/E ratio denotes the stock is being overvalued while a lower P/E ratio denotes the undervaluation of the company’s stocks. The higher P/E ratio also means the company’s management, operation and structure deserve a better premium in the market. The lower P/E ratio further shows a company has scope for growth in comparison to its competitors.
The ranking of these banks as per the third-quarter report of the fiscal year 2078/79 in terms of the P/E ratio is provided below. Rastra Banijaya Bank(RBB) is not listed in NEPSE, therefore the analysis discards RBB. Also, Nepal Bangladesh Bank (NBB) is not considered in this analysis since its trading is halted owing to its ongoing merger procedure with Nabil Bank Limited (NABIL).
*LTP – As of 7
th
June 2022
S.N
Banks
LTP (Rs)
EPS  (Rs)
PE  (Times)
52-week high (Rs)
52-week low(Rs)
1
NCCB
203.00
17.81
11.40
407.00
202.00
2
MBL
246.20
20.17
12.21
455.00
246.00
3
KBL
201.50
16.34
12.33
413.00
200.00
4
GBIME
259.20
20.88
12.41
510.00
259.00
5
SRBL
210.10
16.83
12.48
418.20
208.80
6
PRVU
233.00
18.39
12.67
525.00
232.50
7
NMB
258.10
19.35
13.34
517.00
258.10
8
MEGA
225.00
16.66
13.51
405.00
220.10
9
PCBL
265.00
19.45
13.62
540.00
259.00
10
CCBL
196.90
14.17
13.90
324.00
195.20
11
NBL
287.60
20.30
14.17
575.00
286.20
12
CZBIL
217.00
14.93
14.53
444.00
217.00
13
SANIMA
280.50
18.75
14.96
564.90
280.00
14
CBL
200.00
13.28
15.06
316.00
200.00
15
SBL
335.50
22.23
15.09
605.00
329.00
16
NIB
274.10
18.04
15.19
405.00
274.00
17
SBI
293.70
17.64
16.65
453.90
288.30
18
NICA
708.90
41.56
17.06
1,085.00
700.00
19
SCB
401.00
23.03
17.41
640.00
400.20
20
ADBL
328.90
16.79
19.59
620.00
322.60
21
BOKL
215.50
10.93
19.72
433.20
215.00
22
EBL
451.00
21.36
21.11
811.00
451.00
23
LBL
211.80
9.91
21.37
447.00
211.10
24
HBL
323.10
14.31
22.58
390.80
323.10
25
NABIL
831.50
24.16
34.42
1,740.00
830.00
SUM
7658.1
467.27
406.78202
14045
7608.2
Avg
306.324
18.6908
16.271281
561.8
304.328
Nepal Credit And Commercial Bank Limited (NCCB) has the least P/E ratio of 11.40 among all commercial banks. It is further followed by Machapuchre Bank Limited (MBL) with a PE ratio of 12.21. Himalayan Bank Limited (HBL) whose trading has resumed from yesterday is seen with a P/E ratio of 22.58.
Companies that grow faster than average typically, have higher P/Es, such as Nabil bank in this case, whose PE ratio stands at 34.42 times. A higher P/E ratio shows that investors are willing to pay a higher share price today because of growth expectations in the future. The average industry P/E ratio is 16.27 times (as of 7
th
June, 22).
Company
PE Ratio -18.08.21 (Times)
PE Ratio - 07.06.22 (Times)
ADBL
19.41
19.59
BOKL
25.16
19.72
CBL
44.36
15.06
CCBL
34.80
13.90
CZBIL
32.65
14.53
EBL
37.10
21.11
GBIME
25.39
12.41
HBL
17.25
22.58
KBL
26.84
12.33
LBL
27.83
21.37
MBL
24.04
12.21
MEGA
24.37
13.51
NABIL
45.94
34.42
NBL
23.25
14.17
NCCB
29.38
11.40
NIB
20.48
15.19
NICA
35.40
17.06
NMB
28.39
13.34
PCBL
25.79
13.62
PRVU
26.71
12.67
SANIMA
22.88
14.96
SBI
39.72
16.65
SBL
22.15
15.09
SCB
35.54
17.41
SRBL
24.12
12.48
Industry Avg
28.76
16.27
Likewise, if we compare the average industry P/E ratio of 18
th
Aug, 21 and 7
th
June, 22 the average industry P/E ratio has declined significantly. The average Industry P.E ratio as of 18
th
Aug, 21 was 28.76 times.
Going through all the analysis, we can say that the market is irrational at times, but this could be a potential moment opportunity for the investors who are looking for value as warren buffet has quoted ‘Be fearful when others are greedy, be greedy when others are fearful’",0.2998286485671997
2022-06-07,"8,80,000 Promoter Shares of Nepal Credit & Commerce Bank in Auction From Today",https://www.sharesansar.com/newsdetail/880000-promoter-shares-of-nepal-credit-commerce-bank-in-auction-from-today-2022-06-07,"The existing promoter of
Nepal Credit & Commerce Bank Limited (NCCB)
is auctioning the company's promoter shares. 8,80,000 shares are being auctioned from today, i.e. 24th Jestha to 7th Ashad, 2079.
The existing promoters, general public, and institutions are all eligible to bid for the auction.
Rs. 141 is the minimum bid rate for the auction. The minimum bid quantity for promoters’ shares is 1,000 units. Although bidders can bid for the entirety of the issue, they are required to abide by Nepal Rastra Bank's rule to not exceed the specified quantity of shares per entity.
Sunrise Capital is the auction manager. Bids will be opened at the premises of the auction manager, Kamalpokhari, Kathmandu on 8th Ashad, starting at 1 pm that day.
Auction Notice",0.9293238520622253
2022-06-06,Commercial Banks' Overall Market Capitalization Has Dropped By 32% Since The All Time High,https://www.sharesansar.com/newsdetail/commercial-banks-overall-market-capitalization-has-dropped-by-32-since-the-all-time-high-2022-06-06,"The fall of over a thousand points on the indicator, which had climbed as high as 3200 on 18 August, 2021, has had a negative influence on most companies' values. Commercial bank stocks have also suffered as a result of this. As the index has set a target of 3,200, the value of emerging commercial banks has been steadily dropping along with the declining market rhythm.
The share price of commercial banks, which account for the majority of market capitalization, has dropped by more than half since its peak. As a result, majority of the bank shares are presently trading for less than Rs 300 each.
On the basis of declining prices alone, investors who have bought at the highest price point of commercial banks have lost an average of 32%. The stock prices of 26* publicly traded commercial banks have dropped significantly since their peak.
NEPSE INDEX 18th Aug, 21
NEPSE INDEX 6th June, 22
Difference (%)
Commercial Banks  Index-18 Aug,21
Commercial Banks Index-6 June, 22
Difference (%)
Market Capitalization @18 Auy, 21
Market Capitalization @6th June, 22
Difference
3,198.60
2,065.82
-35.41%
2,100.25
1,428.46
-32%
4,468,505 Millions
2,941,141 Millions
-34.18%
*Since Nepal Investment Bank (NIB) and Himalayan Bank Limited (HBL) trading was halted during the all-time high, the figure of 18
th
August 2021 for these bank are considered to be Rs. 460 per share and Rs. 484 per share as of May 13, 2021.
*Owing to its merger with Nabil Bank, the last transaction price (LTP) of NBB (Nepal Bangladesh Bank) is considered to be on Jan 13, 2022.
*Out of 27 commercial banks, Rastriya Banjiya Bank (RBB) is not Tradeable.
Commercial banks occupy the highest market capitalization. However, the market's decreasing trend cannot be sustained solely by the appeal of one subgroup. Furthermore, a drop in the stock price of the company with the highest share of the overall market capitalization instantly puts the index under pressure.
Commercial banks alone account for nearly 38% of overall market value, according to the latest estimates. Nabil Bank is responsible for 5% of the entire market capitalization. Due to their large capital, commercial banks are also considered low-risk businesses. Price activity shows that these stocks stay away from unexpected fluctuations.
Some investors who consider risk weighting only look at large-cap stocks like commercial banks. High-cap commercial bank stocks have a low level of volatility. Modest cap stocks have a tendency to react to every market change due to their small capitalization.
""The amount of market capitalization is in Rs Arba""
S.N.
Symbol
Company
18th August 21
(Rs)
6th June, 22
(Rs)
Difference
% of Difference
Share Capital of 18th Aug,21
Market Capitalization at 18th Aug,21
Share Capital of 6th June,22
Market Capitalization at 6th June, 22
Difference(Rs)
Difference(%)
Weightage
1
KBL
Kumari Bank Limited
387
204
-183
-47%
138,784,752.83
53.70
147,111,838.00
30.01
(23.69)
-44%
1%
2
PRVU
Prabhu Bank Limited
473.5
240
-233.5
-49%
113,470,573.21
53.72
127,087,042.00
30.50
(23.22)
-43%
1%
3
LBL
Laxmi Bank Limited
401
214
-187
-47%
106,956,896.30
42.88
115,513,448.00
24.71
(18.16)
-42%
1%
4
PCBL
Prime Commercial Bank Limited
521.9
267
-254.9
-49%
160,830,372.41
83.93
186,563,232.00
49.81
(34.12)
-41%
2%
5
NBL
Nepal Bank Limited
564
294.8
-269.2
-48%
126,367,592.98
71.27
144,059,056.00
42.46
(28.80)
-40%
1%
6
CZBIL
Citizens Bank International Limited
415
221
-194
-47%
125,769,168.30
52.19
142,009,741.00
31.38
(20.81)
-40%
1%
7
GBIME
Global IME Bank Limited
484.4
267
-217.4
-45%
216,325,030.00
104.78
237,957,533.00
63.53
(41.25)
-39%
2%
8
BOKL
Bank of Kathmandu Limited
400
222
-178
-45%
96,581,747.27
38.63
106,239,922.00
23.58
(15.04)
-39%
1%
9
SRBL
Sunrise Bank Limited
382
220
-162
-42%
94,879,444.91
36.24
101,188,928.00
22.26
(13.98)
-39%
1%
10
NMB
NMB Bank Limited
474.9
264
-210.9
-44%
163,259,616.00
77.53
183,667,068.00
48.48
(29.04)
-37%
2%
11
NCCB
Nepal Credit & Commerce Bank Limited
361.9
210
-151.9
-42%
103,145,170.37
37.32
111,396,784.00
23.39
(13.93)
-37%
1%
12
SANIMA
Sanima Bank Limited
538
289.9
-248.1
-46%
96,815,193.16
52.08
113,273,776.00
32.83
(19.24)
-37%
1%
13
EBL
Everest Bank Limited
759
464
-295
-39%
88,937,169.81
67.50
94,273,400.00
43.74
(23.76)
-35%
2%
14
MEGA
Mega Bank Nepal Limited
382.9
229
-153.9
-40%
146,549,643.64
56.11
161,204,608.00
36.91
(19.19)
-34%
1%
15
MBL
Machhapuchchhre Bank Limited
433
258
-175
-40%
90,530,944.40
39.19
102,571,560.00
26.46
(12.73)
-32%
1%
16
ADBL
Agricultural Development Bank Limited
595
343
-252
-42%
109,899,293.33
65.39
131,879,152.00
45.23
(20.15)
-31%
2%
17
SBL
Siddhartha Bank Limited
573
347
-226
-39%
109,622,995.19
62.81
125,244,272.00
43.45
(19.35)
-31%
2%
18
NIB
Nepal Investment Bank Limited
460
287
-173
-38%
162,573,294.79
74.78
183,075,413.00
52.54
(22.24)
-30%
2%
19
NICA
NIC Asia Bank Limited
995
727
-268
-27%
115,640,054.00
115.06
115,640,054.00
84.07
(30.99)
-27%
3%
20
CCBL
Century Commercial Bank Limited
288.8
200
-88.8
-31%
90,344,299.76
26.09
95,539,097.00
19.10
(6.98)
-27%
1%
21
CBL
Civil Bank Limited
287
204.2
-82.8
-29%
86,436,608.57
24.80
90,758,439.00
18.53
(6.27)
-25%
1%
22
NABIL
Nabil Bank Limited
1,495.00
846
-649
-43%
138,444,512.72
206.97
184,961,869.00
156.47
(50.49)
-24%
5%
23
SBI
Nepal SBI Bank Limited
402
295.9
-106.1
-26%
94,935,775.85
38.16
98,258,528.00
29.07
(9.08)
-24%
1%
24
SCB
Standard Chartered Bank Nepal Limited
581
412
-169
-29%
85,722,306.36
49.80
94,294,537.00
38.84
(10.95)
-22%
1%
25
HBL
Himalayan Bank Limited
484
358.9
-125.1
-26%
106,844,008.07
51.71
129,687,257.00
46.54
(5.16)
-10%
2%
26
NBB
Nepal Bangladesh Bank Limited
495
399
-96
-19%
90,048,214.29
44.57
100,854,000.00
40.24
(4.33)
-10%
1%
AVERAGE
524.40
318.64
39%
117,681,333.79
62.58
131,704,252.08
42.47
(20.11)
-32%
SUM
13,634.30
8,284.70
3,059,714,678.54
1,627.33
3,424,310,554.00
1,104.25
(523.08)
38%
As it falls under the regulatory scope of Nepal Rastra Bank, investments made in commercial banks are held by the shareholders for a long time. However, due to the declining market momentum, the size of investments in commercial banks has been shrinking.
Investors who purchased Kumari Bank shares at Rs 387 have already lost 44 percent of their overall investment. Although the return in the form of bonus (6% for last year) has given the investors some relief, the bank's share price has not escaped the pressure of price adjustment.
Despite the growth in the number of shares, commercial banks' overall market capitalization has dropped by around 32 percent. Due to all these factors, the NEPSE index has also declined by 35 percent since the all time high.",0.02077268250286579
2022-06-01,"Six Promoters of NCC Bank Auctioning 1,92,626 Units Promoter Shares",https://www.sharesansar.com/newsdetail/six-promoters-of-ncc-bank-auctioning-192626-units-promoter-shares-2022-06-01,"Six promoters of
Nepal Credit & Commerce Bank Limited (NCCB)
are auctioning a portion of the commercial bank's promoter shares.
The promoters are willing to sell a total of 1,92,626 promoter shares. The auction is first open to existing promoters for 35 days from the day of the official notice i.e Jestha 18 (today). If not bought by existing promoters, the public and other institutions/ companies will then be eligible to bid for the shares.
NCCB has a total of 5,68,12,359 promoter shares, amounting to 51% of the company's shareholding.
Notice",0.9209406971931458
2022-06-01,52-Week High/Low Analysis; Is This The Best Time To Buy Shares?,https://www.sharesansar.com/newsdetail/52-week-highlow-analysis-is-this-the-best-time-to-buy-shares-2022-06-01,"What is a 52-week high/low indicator?
The 52-week high/low is a price indicator that represents the highest and lowest price at which a security has traded over the course of a year.
The 52-week high/low is calculated using the security's daily closing price.
Traders can use the 52-week high as a resistance level and the 52-week low as a support level to help them make trading decisions.
Why is this period an excellent moment to invest in the stock market?
The secondary market continues to decline. Although many expected the market to rise slightly after the budget for the coming fiscal year, it has not been able to lift the morale of investors. Investors have been frustrated by the lack of a big and transformative program for the stock market in the budget. But the market doesn't always fall that way. The declining market is also an opportunity to invest.
The market also gives investors a golden opportunity to buy from time to time. Some analysts say that it is time to start buying now that the market has come down a lot. An analysis of facts that we found there seems to have created a very good buying opportunity in the market like the opinion of analysts.
Sector-wise Analysis of 52 weeks High & Low
Our analysis of the company's 52-week highs and lows shows that the time has come to enter the market. The table shows the 52-week high share price and the lowest share price of all sectors of NEPSE, as well as the 180-day Volume, Weighted Average Price(VWAP).
Looking at the table, it is seen that the 52-week high price of many companies has dropped by an average of 60 percent. For some, prices seem to have dropped by as much as 70 percent.
*
The Volume Weighted Average Price (VWAP)
is the average price of a stock divided by the total trading volume. The VWAP is a formula for calculating a stock's average price over time. The VWAP makes it easier for investors to compare a stock's current price to a benchmark, making it easier to decide when to enter and quit the market. The VWAP can also help investors decide whether to take an active or passive strategy to stock and execute the right move at the right moment. For our analysis, we have taken a period of 180-days VWAP.
Let's look at the 52-week highs and lows of listed companies in various sectors and the statistics confirming the buying opportunities given to them by the market.
*LTP - Last Transaction Price as of 31st May, 2022
*Price- All prices are mentioned in rupees.
COMMERCIAL BANKS
Company
LTP
180D VWAP
52 Wk
% Below
52 Wk
% Above
High
52 Wk H
Low
52 Wk L
NABIL
875
1,161.76
1,740.00
49.71
865
1.15
NICA
752.7
809.78
1,085.00
30.62
701
7.37
EBL
480
560.58
811
40.81
475
1.05
HBL
484
-
749
35.38
452
7.07
SCB
420
476.23
640
34.37
418
0.47
ADBL
352
425.1
620
43.22
348.1
1.12
SBL
366
430.72
605
39.5
366
-
NBL
298
351.82
575
48.17
296.1
0.64
SANIMA
292.9
345.89
564.9
48.15
290
1
PCBL
274
337.34
540
49.25
271.2
1.03
PRVU
248
313.38
525
52.76
242
2.47
NMB
272
334.26
517
47.38
271
0.36
NBB
399
385.87
515
22.52
278
43.52
GBIME
288
324.03
510
43.52
275
4.72
NIB
331
347.31
460
28.04
331
-
MBL
267.7
311.3
455
41.16
264
1.4
SBI
307
369.6
453.9
32.36
300
2.33
LBL
221
280.08
447
50.55
220.1
0.4
CZBIL
231.2
281.09
444
47.92
228
1.4
BOKL
230
272.92
433.2
46.9
227.9
0.92
SRBL
229
274.36
418.2
45.24
225.5
1.55
KBL
209
250.15
413
49.39
208.8
0.09
NCCB
219
263.16
407
46.19
215.6
1.57
MEGA
233
275.65
405
42.46
220.1
5.86
CCBL
205
240.97
324
36.72
200
2.5
CBL
208.1
244.49
316
34.14
204.1
1.95
Average
-
-
-
41.79
-
3.83
When we look at the 52-week high/low data for NMB, we can see that the RSI (Relative Strength Index) is almost at 30, and the prices in the 52-week low are dropping rapidly, implying that now is the good time for investors to acquire NMB shares if they plan to hold them for a long period.
*
The Relative Strength Index (RSI)
is a momentum oscillator that measures the speed and change of price movements. The RSI oscillates between zero and 100. Traditionally the RSI is considered overbought when above 70 and oversold when below 30.
DEVELOPMENT BANK
Company
LTP
180D VWAP
52 Wk
% Below
52 Wk
% Above
High
52 Wk H
Low
52 Wk L
NABBC
373
542.96
1,251.10
70.18
333
12.01
EDBL
367
498.5
1,195.00
69.28
360
1.94
CORBL
344
645.39
1,155.00
70.21
340
1.17
MLBL
374
506.92
883
57.64
343
9.03
MDB
389
518.32
873.2
55.45
385
1.03
KSBBL
374.1
497.51
866.9
56.84
374
0.02
MNBBL
447
515.96
850
47.41
430
3.95
LBBL
373.9
489.26
774
51.69
370
1.05
GBBL
390
541.46
750
48
385
1.29
SHINE
318.5
404.36
655
51.37
315.1
1.07
JBBL
319
423.45
649.9
50.91
318
0.31
SINDU
294
390
618
52.42
286
2.79
KRBL
276
417.01
607
54.53
270
2.22
SADBL
320
391.37
595
46.21
294
8.84
SAPDBL
235
342.33
540
56.48
230
2.17
GRDBL
243
353.21
537.9
54.82
241.9
0.45
Average
-
-
-
55.84
-
3.08
If a stock breaches its 52-week high and continues upward, this could indicate to investors that there must be some factors that have generated enough momentum to carry the price above its previous 52-week range. This momentum will continue to push the price in the same direction, making this a good time to buy.
As can be seen in the case of NABBC, the LTP as of May 31st is Rs. 373, but it is Rs. 1251.10 during the 52-week High. This means that buying equities while they are in a bear market is usually a good idea.
FINANCE
Company
LTP
180D VWAP
52 Wk
% Below
52 Wk
% Above
High
52 Wk H
Low
52 Wk L
GUFL
402.9
751.3
1,500.00
73.14
396
1.74
MFIL
449.9
786.16
1,456.00
69.1
430
4.62
ICFC
428
654.46
1,176.80
63.63
407
5.15
GFCL
429
628.1
1,010.00
57.52
425
0.94
PFL
367.5
525.25
920
60.05
355
3.52
JFL
383
591.21
836
54.18
339
12.97
CFCL
289
449.26
814.9
64.53
286
1.04
RLFL
298
470.03
814
63.39
295.1
0.98
NFS
296
595.86
806
63.27
290
2.06
GMFIL
282.3
442.57
773
63.47
282.3
-
SIFC
328
438.77
741
55.73
315.2
4.06
SFCL
235
418.04
720
67.36
233.9
0.47
MPFL
246
406.14
696
64.65
244.5
0.61
BFC
380.2
480.17
630
39.65
300
26.73
PROFL
255.8
369.34
574
55.43
255
0.31
Average
-
-
-
61.01
-
4.66
When we look at GUFL (Gurkhas Finance Ltd), we can see that the stock is nearing its 52-week low, and given the current situation, it won't be long before the stock crosses the 52-week low percentage of 1.74.
MICRO FINANCE
Company
LTP
180D VWAP
52 Wk
% Below
52 Wk
% Above
High
52 Wk H
Low
52 Wk L
MLBSL
3,400.00
3,662.77
5,749.00
40.85
3,029.00
12.24
JBLB
2,844.00
4,458.68
5,516.90
48.44
890
219.55
JSLBB
1,917.00
2,468.11
4,022.80
52.34
1,881.00
1.91
NMFBS
1,916.00
2,823.19
3,925.90
51.19
1,911.00
0.26
NESDO
2,262.00
2,595.30
3,312.50
31.71
747.7
202.52
FOWAD
2,335.10
2,373.65
3,311.00
29.47
2,000.00
16.75
GILB
1,270.00
1,586.80
3,191.00
60.2
1,245.00
2
SMB
1,479.80
1,939.65
2,900.00
48.97
1,479.80
-
SMFBS
1,520.00
1,927.85
2,865.00
46.94
1,500.50
1.29
JALPA
2,195.00
2,185.94
2,693.40
18.5
318.6
588.95
USLB
1,116.00
1,596.66
2,547.00
56.18
1,103.00
1.17
LLBS
1,259.70
1,502.84
2,528.00
50.17
1,205.00
4.53
MLBBL
1,223.00
1,675.15
2,499.00
51.06
1,223.00
-
MSLB
1,162.00
1,565.19
2,496.00
53.44
1,160.00
0.17
MKLB
926
1,395.54
2,310.00
59.91
296.7
212.09
SABSL
1,127.00
1,378.58
2,306.20
51.13
1,041.00
8.26
GLBSL
1,075.00
1,310.82
2,210.00
51.35
1,017.00
5.7
MLBS
1,165.00
1,439.64
2,189.10
46.78
397.5
193.08
SKBBL
1,090.00
1,295.35
2,184.00
50.09
1,075.00
1.39
ILBS
956.1
1,374.59
2,140.00
55.32
945
1.17
ALBSL
1,265.80
1,503.35
2,101.20
39.75
1,176.00
7.63
MMFDB
1,085.00
1,353.68
2,095.00
48.21
1,085.00
-
SWBBL
1,030.00
1,277.19
2,090.00
50.71
1,030.00
-
WNLB
1,080.00
1,589.72
2,090.00
48.32
831
29.96
CBBL
1,009.10
1,271.07
2,065.20
51.13
988
2.13
VLBS
988
1,308.67
2,036.00
51.47
967
2.17
DDBL
990.3
1,209.75
2,000.00
50.48
990
0.03
SWMF
809
912.97
2,000.00
59.55
804
0.62
SDLBSL
1,042.50
1,286.84
1,997.00
47.79
1,026.00
1.6
NSLB
871
1,310.09
1,987.90
56.18
864.4
0.76
GMFBS
1,027.00
1,263.51
1,972.00
47.92
975.1
5.32
SMFDB
940
1,210.43
1,938.00
51.49
940
-
RULB
966
1,412.79
1,931.70
49.99
502
92.43
NUBL
1,014.00
1,279.33
1,895.00
46.49
1,002.00
1.19
ACLBSL
874
1,357.97
1,870.00
53.26
850
2.82
NLBBL
950
1,154.95
1,845.00
48.5
901.8
5.34
MERO
866
1,096.15
1,820.00
52.41
865
0.11
KLBSL
1,220.00
1,511.71
1,818.00
32.89
1,072.00
13.8
CLBSL
771
1,011.23
1,811.00
57.42
770
0.12
RMDC
823.9
1,184.95
1,800.00
54.22
813.4
1.29
SMATA
828
1,137.48
1,785.00
53.61
828
-
SLBSL
1,497.90
1,304.93
1,785.00
16.08
951.6
57.4
NICLBSL
891.1
1,143.32
1,780.00
49.93
889
0.23
KMCDB
1,147.00
1,274.18
1,715.00
33.11
1,015.00
13
SLBBL
845
1,058.58
1,685.00
49.85
840.1
0.58
NMBMF
775
1,073.64
1,657.00
53.22
771.1
0.5
GBLBS
790
965.21
1,437.00
45.02
788
0.25
FMDBL
654
823.77
1,365.00
52.08
644
1.55
RSDC
563
741.19
1,194.40
52.86
557
1.07
NADEP
1,039.00
-
1,083.00
4.06
480
116.45
AKBSL
465
-
497
6.43
263
76.8
Average
-
-
-
46.44
-
42.40
Similarly, SMB (Support Microfinance Bittiya Sanstha Ltd) hit an all-time 52-week low yesterday, making this a strong long-term investment if purchased now while the market is still down.
NON LIFE INSURANCE
Company
LTP
180D VWAP
52 Wk
% Below
52 Wk
% Above
High
52 Wk H
Low
52 Wk L
RBCL
14,821.00
17,227.38
24,370.00
39.18
13,907.00
6.57
SICL
1,027.00
1,689.05
2,300.00
55.34
1,020.00
0.68
NIL
740
1,146.84
1,785.00
58.54
713
3.78
SIC
846.6
1,304.14
1,735.00
51.2
830
2
NLG
561
864.6
1,422.00
60.54
561
-
IGI
449
972.89
1,390.00
67.69
440
2.04
PIC
650
969.09
1,372.00
52.62
620
4.83
NICL
505
821.33
1,294.00
60.97
505
-
SIL
629
938.23
1,230.00
48.86
598.8
5.04
PRIN
502
807.44
1,162.00
56.79
500
0.4
HGI
520
707.32
982
47.04
520
-
PICL
398.8
682.17
980
59.3
394
1.21
AIL
495
703.66
976
49.28
495
-
LGIL
463
722.8
975
52.51
456
1.53
UIC
418.5
665.15
890
52.97
404.3
3.51
EIC
500
653.27
885
43.5
494
1.21
SGI
440
604.83
880
50
439
0.22
GIC
454
604.22
820
44.63
451
0.66
Average
-
-
-
52.83
-
2.41
LIFE INSURANCE
Company
LTP
180D VWAP
52 Wk
% Below
52 Wk
% Above
High
52 Wk H
Low
52 Wk L
LICN
1,426.00
1,982.04
2,755.00
48.23
1,281.00
11.31
NLIC
832
1,331.45
2,200.00
62.18
825
0.84
ALICL
590
1,015.73
1,559.00
62.15
584.1
1.01
NLICL
623.9
997.12
1,346.00
53.64
615
1.44
PLIC
569
715.29
1,133.00
49.77
569
-
SLICL
450
699.14
1,091.00
58.75
446
0.89
ULI
521
667.12
940.1
44.58
342
52.33
GLICL
485
629.46
901
46.17
460
5.43
JLI
405
630.01
866
53.23
389
4.11
PLI
439
580.26
861
49.01
402
9.2
RLI
384
542.97
795
51.69
376
2.12
SLI
389.9
552.02
787.8
50.5
309
26.18
Average
-
-
-
52.49
-
10.44
HYDROPOWER
Company
LTP
180D VWAP
52 Wk
% Below
52 Wk
% Above
High
52 Wk H
Low
52 Wk L
RURU
834
1,011.08
1,849.20
54.89
831.1
0.34
MEN
915
1,130.68
1,530.00
40.19
765
19.6
NGPL
580
653.53
1,397.00
58.48
351
65.24
RADHI
593
646.04
1,340.00
55.74
490.2
20.97
UMRH
765
779.39
1,150.00
33.47
434
76.26
RHPC
838
-
1,118.00
25.04
132
534.84
UPPER
490
659.42
962.5
49.09
481
1.87
AKPL
451.3
527.03
882.4
48.85
377.3
19.61
KPCL
398.7
510.49
878.9
54.63
394
1.19
SPC
457.7
615.59
845.5
45.86
296.3
54.47
NHDL
393
498.58
840
53.21
356.6
10.2
TPC
427
598.34
825
48.24
254.2
67.97
SPDL
352.6
456.77
823.9
57.2
323.4
9.02
SAHAS
515.9
623.89
789.4
34.64
405.3
27.28
CHCL
424
498.55
785
45.98
415
2.16
AHPC
397.9
501.21
785
49.31
349.2
13.94
BARUN
463
502.39
763.4
39.35
345.6
33.96
HPPL
361
461.3
749.1
51.8
360.7
0.08
BNHC
420
623.35
744
43.54
246.7
70.24
RRHP
563.1
-
739
23.8
213
164.36
MKJC
480
578.03
733.9
34.59
186.5
157.37
MHNL
310.8
452.94
720
56.83
295
5.35
CHL
296
453.22
715
58.6
284.3
4.11
BPCL
351
430.57
703
50.07
348
0.86
HURJA
265
422.59
685.4
61.33
261
1.53
SHPC
348
422.12
675
48.44
343
1.45
API
283
475.87
670
57.76
273
3.66
GLH
369.8
452.62
657
43.71
339
9.08
SHEL
303
450.76
650
53.38
295
2.71
UMHL
260
384.88
646.6
59.78
250
4
PPCL
317
447.5
642
50.62
303.2
4.55
UPCL
241
345.2
635
62.04
218.7
10.19
RHPL
295
384.09
613
51.87
288
2.43
UNHPL
230.1
330.45
612
62.4
215
7.02
NYADI
336.2
460.64
566
40.6
282.3
19.09
KKHC
224
303.76
556.2
59.72
218.8
2.37
GHL
223
328.31
555.9
59.88
209
6.69
SJCL
288.3
379
550
47.58
285.2
1.08
SSHL
265
347.59
533
50.28
247
7.28
NHPC
259
375.49
530.9
51.21
223
16.14
LEC
260
368.54
530
50.94
260
-
JOSHI
221
314.47
507
56.41
200
10.5
MBJC
272
418.6
505
46.13
100
172
AKJCL
222
296.68
502
55.77
209
6.22
DHPL
221.2
307.8
485.2
54.41
211.7
4.48
PMHPL
232
349.23
484
52.06
227.5
1.97
HDHPC
220
319.32
478.9
54.06
208
5.76
Average
-
-
-
49.87
-
36.12
MUTUAL FUNDS
Company
LTP
180D VWAP
52 Wk
% Below
52 Wk
% Above
High
52 Wk H
Low
52 Wk L
NMBSF1
-
-
-
-
-
-
GIMES1
10.86
13.4
25.09
56.71
9.9
9.69
NIBLPF
10.77
10.54
20.68
47.92
9.3
15.8
SAEF
12.62
13.34
20.19
37.49
11.99
5.25
SFMF
11.65
11.87
20
41.75
10.21
14.1
LEMF
10.06
10.28
19.34
47.98
9.16
9.82
NMB50
12.7
12.68
18.47
31.23
10.72
18.47
NICGF
11.67
11.79
18.12
35.59
10.43
11.88
NIBSF1
12.41
12.09
17.71
29.92
11.25
10.31
NEF
10.18
10.75
17.49
41.79
9.83
3.56
SEF
10.63
10.88
17.04
37.61
10.01
6.19
NICBF
10.42
10.89
17
38.7
9.92
5.04
NBF2
10.51
11.01
17
38.17
10
5.1
CMF2
9.25
10.09
16.87
45.16
9.04
2.32
SIGS2
10.62
11.16
16.87
37.04
10.15
4.63
NMBHF1
11.5
11.65
16.25
29.23
10.54
9.1
CMF1
9.19
9.65
16.01
42.59
8.91
3.14
LUK
9.7
10.1
16
39.37
9.31
4.18
KEF
9
9.17
11.65
22.74
8.67
3.8
NIBSF2
8.28
9.11
11.53
28.18
8.2
0.97
SLCF
8.95
9.03
11.4
21.49
8.14
9.95
SBCF
8.2
8.67
11.29
27.36
7.95
3.14
PSF
8.62
9.22
11.22
23.17
8.45
2.01
RMF1
8.13
8.92
10.3
21.06
7.95
2.26
MMF1
8.04
8.89
10.28
21.78
7.81
2.94
NICSF
8.37
8.95
10.1
17.12
8.21
1.94
NBF3
8.64
9.34
10.08
14.28
8.33
3.72
Average
-
-
-
33.67
-
6.51
HOTEL AND TOURISM
Company
LTP
180D VWAP
52 Wk
% Below
52 Wk
% Above
High
52 Wk H
Low
52 Wk L
CGH
1,125.00
1,384.03
1,935.00
41.86
1,112.00
1.16
OHL
472.5
497.08
761
37.91
430
9.88
TRH
338.6
367.73
468
27.64
323.5
4.66
SHL
207
223.42
321
35.51
187
10.69
Average
-
-
-
35.73
-
6.60
MANUFACTURING AND PROCESSING
Company
LTP
180D VWAP
52 Wk
% Below
52 Wk
% Above
High
52 Wk H
Low
52 Wk L
UNL
18,611.90
18,992.00
21,200.00
12.2
18,050.00
3.11
BNT
13,400.00
14,269.77
17,670.00
24.16
9,750.00
37.43
HDL
3,330.00
4,673.46
7,938.00
58.04
3,325.00
0.15
BNL
1,941.90
1,941.90
1,941.90
-
1,830.00
6.11
SHIVM
815
1,256.71
1,910.00
57.32
804.9
1.25
NLO
252.7
252.63
316
20.03
243
3.99
Average
-
-
-
34.35
-
8.67
INVESTMENT
Company
LTP
180D VWAP
52 Wk
% Below
52 Wk
% Above
High
52 Wk H
Low
52 Wk L
CIT
2,564.00
3,052.52
4,560.00
43.77
2,525.00
1.54
ENL
715
1,025.79
1,481.90
51.75
287.1
149.04
CHDC
715
905.43
1,415.00
49.46
416
71.87
NRN
511
696.63
990
48.38
500
2.2
NIFRA
272.9
349.33
599
54.44
268.5
1.63
HIDCL
227
307.4
595
61.84
225.5
0.66
Average
-
-
-
51.61
-
37.82
TRADING
Company
LTP
180D VWAP
52 Wk
% Below
52 Wk
% Above
High
52 Wk H
Low
52 Wk L
STC
3,507.00
5,674.25
11,499.00
69.5
3,450.00
1.65
BBC
3,600.00
4,695.76
8,124.30
55.68
3,588.00
0.33
Average
-
-
-
62.59
-
0.99
OTHERS
Company
LTP
180D VWAP
52 Wk
% Below
52 Wk
% Above
High
52 Wk H
Low
52 Wk L
NRIC
815
1,186.68
2,010.00
59.45
812
0.36
NTC
927.8
1,437.52
1,799.90
48.45
905
2.51
Average
-
-
-
53.95
-
1.44",0.3814393877983093
2022-05-08,NCC Bank organizes financial literacy event at Chautara of Sindhupalchowk; makes 100 plus locals aware of different banking practices,https://www.sharesansar.com/newsdetail/ncc-bank-organizes-financial-literacy-event-at-chautara-of-sindhupalchowk-makes-100-plus-locals-aware-of-different-banking-practices-2022-05-08,"Nepal Credit and Commerce Bank has organized a financial literacy event at Siddi Ganesh Ma.Vi. located at Chautara Sangachowkgadhi-7 Sano Sirubari of Sindhupalchowk on Baisakh 25, 2079.
The literacy event was facilitated by Chautara BM of the bank Mr. Sampurna Giri, and Marketing Officer Mr. Bibek Rajkarnikar, as per the media statement. The event saw the participation of 100 plus people from every walk of life who learnt about the different facets of banking and the financial sector.
The bank currently has 139 branches, 14 extension counters and 114 ATM outlets.",0.711647093296051
2022-05-03,Do All Commercial Banks Maintain Minimum CAR and Core Capital (Tier-I) Prescribed by Nepal Rastra Bank?,https://www.sharesansar.com/newsdetail/do-all-commercial-banks-maintain-minimum-car-and-core-capital-tier-i-prescribed-by-nepal-rastra-bank-2022-05-03,"Capital Adequacy Ratio (CAR) refers to the statutory minimum reserve of capital that the BFI's must maintain. Thus, all the banks and financial institutions must maintain the minimum level of capital as per the NRB directives.
It also refers to the measure of bank capital, which is expressed in the percentage of the risk-weighted asset. The capital of the bank can be divided into two headings: Tier I (Core) Capital and Tier II (Supplementary) Capital.
Tier 1 Capital:
Fully paid up, no fixed servicing or dividend cost, freely available to absorb the loss, high degree of permanence. Includes
common equity capital
,
additional tier 1 capital
Tier 2 Capital:
includes reserves that have been passed through the profit and loss account and all other capital instruments eligible and acceptable for capital purposes. Eg: general loan loss provision, revaluation reserve, exchange equalization reserve, redeemable preference share, and so on. The amount of tier-2 capital shall not exceed tier 1 capital.
Total Capital
: Sum of Tier I and Tier 2 capital
Capital Conservation Buffer (CCB):
It is a capital buffer of 2.5% of an institution's total exposures that need to be met with an additional amount of Common Equity Tier 1 capital. The capital conservation buffer is intended to ensure that firms build up buffers of capital outside any periods of stress and is designed to avoid breaches of minimum capital requirements.
Countercyclical Buffer (CCyB):
It is a surcharge on the banks’ common equity Tier 1 capital designed to counter the pro-cyclicality of the financial system. The supervisory authority may establish a positive CCyB rate if the aggregate domestic credit growth is excessive. Once the credit growth has returned to normal or the banks suffer losses, the CCyB rate can be decreased to as far as zero. The CCB, therefore, provides banks with an additional capital buffer for difficult times. It ranges from 0 to 2.5%. At present, CCyB stands at 2% in Nepal.
However, the provision of a countercyclical buffer set by Capital Adequacy Framework, 2015 is suspended by NRB through its directive till the fiscal year 2078/79.
In Nepal, unlike BASEL III recommendation, NRB has increased the Minimum Total Capital Ratio (MTC) to 8.5% from 8% of total risk-weighted assets (RWA), thus increasing the total capital adequacy ratio to 11% from 10.5%.  Nepal adopted Basel III from the year July 2015 in a phased manner. The table below shows the capital ratios after the full implementation of Basel III in Nepalese commercial banks.
Regulatory Capital
As % of RWA
i)
Minimum Common Equity Tier 1 Ratio
4.5
ii)
Capital Conservation Buffer ( Comprised of Common Equity)
2.5
iii)
Minimum Common Equity Tier 1 Ratio plus Capital Conservation Buffer [(i)+(ii)]
7
iv)
Minimum Tier 1 Capital Ratio
6
v)
Minimum Total Capital Ratio ( MTC)
8.5
vi)
Minimum Total Capital Ratio plus Capital Conservation Buffer
11
vii)
Counter-Cyclical Buffer ( Comprised of Common Equity)*
2
Total Capital Adequacy Ratio
13
Notes:
Additional Tier 1 capital can be admitted maximum at 1.5% of RWAs.
If a bank has complied with the minimum Common Equity Tier 1 and Tier 1 capital ratios, then the excess Additional Tier 1 capital can be admitted for compliance with the minimum capital to risk-weighted assets (CRAR) of 8.5% of RWAs.
In addition to the minimum Common Equity Tier 1 capital of 4.5% of RWAs, banks are also required to maintain a capital conservation buffer (CCB) of 2.5% of RWAs in the form of Common Equity Tier 1 capital.
From 2019 July, banks have to maintain a countercyclical buffer between 0-2.5% (rate as per discretion of NRB) of its RWAs. NRB will decide rates depending on the extent of the buildup of system-wide risk.
*Provision of a countercyclical buffer set by Capital Adequacy Framework, 2015 is suspended by NRB through its directive till the fiscal year 2078/79.
Core Capital (Tier-I),  Supplementary Capital (Tier-II), Capital Adequacy Ratio as of Chaitra end 2078:
According to the latest reports published by banks, all 27 banks have maintained the required minimum Capital Adequacy Ratio of 11% mandated by Nepal Rastra Bank. Standard Chartered Bank (SCB) has the highest CAR of 15.90% whereas Himalayan Bank Limited (HBL) has the lowest CAR of 11.61%.
Also, all the banks have maintained the required minimum Core capital (Tier-1) of 8.5% set by Nepal Rastra Bank. NIC Asia Bank and Prabhu Bank have the lowest Core Capital of 8.54% and 8.70% respectively.
Global IME Bank Limited (GBIME) has the highest total risk-weighted exposure of Rs 3.08 Kharba.",0.6806700229644775
2022-05-01,Detailed Summary Of Dividends Distributed By Sectors Listed In Nepse For FY-77/78 With Exact Dividend Figures,https://www.sharesansar.com/newsdetail/detailed-summary-of-dividends-distributed-by-sectors-listed-in-nepse-for-fy-7778-with-exact-dividend-figures-2022-05-01,"Companies listed in NEPSE have declared the dividend (both cash and bonus) for the fiscal year 2078/79. Proposed Dividend is the dividends that are distributed among the shareholders of the company during a financial year and will be paid in the Next Year. Hence, the dividends of last FY-77/78 are distributed in this FY-78/79.
Investors do not just earn from the rise in the share price of their portfolio stocks. They also earn from the dividend and bonuses announced by the company from time to time. Hence, it becomes important for secondary market enthusiasts to know the names of stocks that are going to pay dividends in near future.
Note for Beginners:
You can buy the shares of a company after it has proposed its dividend and still be eligible to get the dividend. In other words, you do not have to invest in the company for one whole fiscal year, which is a misconception among amateur investors.
The book closure date is simply the date on which the company closes its books for the dividend. Investors can still buy the shares after that date but they won’t get the dividend. To get the dividend of the company, you must buy the shares before the book closure date and you must not sell those shares till the book closure date. For example, investors can buy the shares of a company on the last day before its book closure date and still be entitled to the dividend. The investor remains eligible even if they sell the shares at the book closure date.
Commercial Banks
26 commercial banks have already proposed the dividend for the fiscal year 2077/78. Among them, Nabil Bank has proposed the highest dividend, i.e. 38%. Similarly, Nepal SBI bank and Civil Bank have paid the least dividend, i.e. 5.31% and 5.26% respectively. However, the book closure date for dividends of these companies has already elapsed, meaning investors won't be able to claim the dividend of these companies.
Cash and bonus dividends of companies proposed by the companies listed at NEPSE in the Fiscal Year 2077-78 are as given below.
S.N.
Symbol
Company
Bonus Dividend(%)
Cash Dividend(%)
Total Dividend(%)
Book Closure Date
Bonus Listing Date
1
NABIL
Nabil Bank Limited
33.6
4.4
38
2021-12-31 [Closed]
3/29/2022
2
RBBL
Rastriya Banijya Bank Limited
30
3
33
2022-01-03 [Closed]
Not Listed
3
HBL
Himalayan Bank Limited
21.38
4.62
26
2021-12-26 [Closed]
Not Announced
4
ADBL
Agricultural Development Bank Limited
20
1.0526
21.0526
2021-12-31 [Closed]
2/27/2022
5
SANIMA
Sanima Bank Limited
17
0.8947
17.8947
2021-10-24 [Closed]
1/5/2022
6
NBL
Nepal Bank Limited
14
3
17
2021-12-07 [Closed]
2/21/2022
7
PCBL
Prime Commercial Bank Limited
16
0.6313
16.6313
2021-12-08 [Closed]
2/27/2022
8
NIB
Nepal Investment Bank Limited
12.611
3.389
16
2021-11-22 [Closed]
2/15/2022
9
CZBIL
Citizens Bank International Limited
12.913
3.087
16
2021-10-08 [Closed]
12/16/2021
10
NMB
NMB Bank Limited
12.5
3.3
15.8
2021-12-22 [Closed]
3/20/2022
11
NBB
Nepal Bangladesh Bank Limited
12
3.5
15.5
2021-11-01 [Closed]
2/20/2022
12
SBL
Siddhartha Bank Limited
14.25
0.75
15
2022-01-02 [Closed]
2/27/2022
13
MBL
Machhapuchchhre Bank Limited
13.3
0.7
14
2021-10-24 [Closed]
1/20/2022
14
BOKL
Bank of Kathmandu Limited
10
4
14
2021-11-26 [Closed]
2/13/2022
15
GBIME
Global IME Bank Limited
10
3.5
13.5
2021-11-29 [Closed]
2/22/2022
16
SCB
Standard Chartered Bank Nepal Limited
10
3.06
13.06
2021-11-26 [Closed]
2/16/2022
17
PRVU
Prabhu Bank Limited
12
0.63
12.63
2021-12-19 [Closed]
2/22/2022
18
MEGA
Mega Bank Nepal Limited
10
2.07
12.07
2021-11-30 [Closed]
1/17/2022
19
LBL
Laxmi Bank Limited
8
3.5
11.5
2021-12-10 [Closed]
2/20/2022
20
EBL
Everest Bank Limited
6
4.32
10.32
2021-12-03 [Closed]
3/20/2022
21
KBL
Kumari Bank Limited
6
2.67
8.67
2021-10-25 [Closed]
1/9/2022
22
NCCB
Nepal Credit & Commerce Bank Limited
8
0.42
8.42
2021-12-27 [Closed]
2/13/2022
23
SRBL
Sunrise Bank Limited
6.65
0.35
7
2021-12-19 [Closed]
2/20/2022
24
CCBL
Century Commercial Bank Limited
5.75
0.3
6.05
2022-01-03 [Closed]
3/2/2022
25
SBI
Nepal SBI Bank Limited
3.5
1.81
5.31
2021-12-22 [Closed]
3/21/2022
26
CBL
Civil Bank Limited
5
0.26
5.26
2022-01-04 [Closed]
2/17/2022
Development Banks
Similarly, 9 of the total 16 development banks listed in NEPSE have declared the dividend for the fiscal year 2077/78. The book closure dates for all of them have already elapsed. As of now, Mahalaxmi Bikas Bank Limited (MLBL) and Kamana Sewa Bikas Bank Limited (KSBBL) has paid the highest dividend viz. 21.0526 and 19.47% respectively. Accordingly, Shangrila Development Bank Limited (SADBL) has paid the least dividend of 10.5263%.
S.N.
Symbol
Company
Bonus Dividend(%)
Cash Dividend(%)
Total Dividend(%)
Book Closure Date
Bonus Listing Date
1
MLBL
Mahalaxmi Bikas Bank Limited
20
1.0526
21.0526
2021-12-28 [Closed]
4/12/2022
2
KSBBL
Kamana Sewa Bikas Bank Limited
18.5
0.97
19.47
2021-10-27 [Closed]
1/5/2022
3
MNBBL
Muktinath Bikas Bank Limited
17.575
0.925
18.5
2021-12-01 [Closed]
2/13/2022
4
GBBL
Garima Bikas Bank Limited
16
0
16
2022-03-18 [Closed]
Not Announced
5
JBBL
Jyoti Bikash Bank Limited
11
4.5
15.5
2021-12-24 [Closed]
2/14/2022
6
MDB
Miteri Development Bank Limited
13.3
0.7
14
2021-12-29 [Closed]
2/23/2022
7
LBBL
Lumbini Bikas Bank Limited
13
0.6842
13.6842
2021-12-13 [Closed]
2/13/2022
8
SHINE
Shine Resunga Development Bank Limited
10.93
0.57
11.5
2021-12-03 [Closed]
2/17/2022
9
SADBL
Shangrila Development Bank Limited
10
0.5263
10.5263
2021-10-22 [Closed]
12/20/2021
Finance
Out of the listed finance corporations in Nepal, Manjushree Finance Limited remains at the topmost list by paying a dividend of 46%, which is then followed by Reliance Finance Limited which accumulated 15.79% as proposed dividend in the F.Y-77/78. However, the book closure date of all of the following finance sectors has already elapsed.
S.N.
Symbol
Company
Bonus Dividend(%)
Cash Dividend(%)
Total Dividend(%)
Book Closure Date
Bonus Listing Date
1
MFIL
Manjushree Finance Limited
40
6
46
2021-12-30 [Closed]
3/25/2022
2
RLFL
Reliance Finance Limited
15
0.79
15.79
2022-01-04 [Closed]
4/3/2022
3
JFL
Janaki Finance Company Limited
15
0.7895
15.7895
2022-02-07 [Closed]
Not Announced
4
ICFC
ICFC Finance Limited
10
4
14
2021-12-09 [Closed]
2/13/2022
5
MPFL
Multipurpose Finance Company Limited
13
0.68
13.68
2022-01-05 [Closed]
Not Announced
6
GFCL
Goodwill Finance Company Limited
9.1
3.9
13
2021-12-31 [Closed]
2/21/2022
7
SIFC
Shree Investment Finance Company Limited
7.7
3.3
11
2022-01-06 [Closed]
4/17/2022
8
CFCL
Central Finance Limited
7.7
3.3
11
2022-01-02 [Closed]
Not Announced
9
GMFIL
Guheswori Merchant Banking & Finance Limited
10
0.5263
10.5263
2022-01-06 [Closed]
2/23/2022
10
PFL
Pokhara Finance Limited
8.075
0.425
8.5
2022-01-05 [Closed]
3/21/2022
11
PROFL
Progressive Finance Limited
6
0.3157
6.3157
2022-01-03 [Closed]
Not Announced
Micro-Finance
46 microfinance companies listed in NEPSE have declared the dividend for the fiscal year 2077/78. Jeevan Bikas Laghubitta Bittiya Sanstha Limited (JBLB) paid the highest dividend of 73.68% followed by Mahila Laghubitta Bittiya Sanstha Limited (MLBSL) paying 50% of the dividend (Both bonuses as well as cash).
However, 2 out of the 46 microfinance companies are yet to declare their book closure; KLBSL and WNLB.
SN
Symbol
Company
Bonus Dividend(%)
Cash Dividend(%)
Total Dividend(%)
Book Closure Date
Bonus Listing Date
1
JBLB
Jeevan Bikas Laghubitta Bittiya Sanstha Limited
70
3.68
73.68
2022-03-26 [Closed]
Not Announced
2
MLBSL
Mahila Laghubitta Bittiya Sanstha Limited
47.5
2.5
50
2021-12-02 [Closed]
2/15/2022
3
NMFBS
National Microfinance Laghubitta Bittiya Sanstha Limited
40
5
45
2022-01-11 [Closed]
3/30/2022
4
FOWAD
Forward Microfinance Laghubitta Bittiya Sanstha Limited
35
7
42
2021-12-31 [Closed]
Not Announced
5
SMFBS
Swabhimaan Laghubitta Bittiya Sanstha Limited
32.3
1.7
34
2021-12-09 [Closed]
3/29/2022
6
SABSL
Sabaiko Laghubitta Bittiya Sanstha Limited
31.05
1.63
32.68
2021-12-03 [Closed]
3/27/2022
7
SMB
Support Laghubitta Bittiya Sanstha Limited
30
1.5789
31.5789
2021-12-16 [Closed]
Not Announced
8
NUBL
Nirdhan Utthan Laghubitta Bittiya Sanstha Limited
29.5
1.5526
31.0526
2021-12-28 [Closed]
Not Announced
9
CBBL
Chhimek Laghubitta Bittiya Sanstha Limited
27
3
30
2021-12-22 [Closed]
4/17/2022
10
USLB
Unnati Sahakarya Laghubitta Bittiya Sanstha Limited
30
0
30
2021-12-29 [Closed]
4/22/2022
11
ILBS
Infinity Laghubitta Bittiya Sanstha Limited
27.7
1.46
29.16
2021-12-30 [Closed]
4/12/2022
12
GILB
Global IME Laghubitta Bittiya Sanstha Limited
28
0
28
2021-11-30 [Closed]
3/31/2022
13
LLBS
Laxmi Laghubitta Bittiya Sanstha Limited
20
7.3684
27.3684
2021-11-16 [Closed]
1/9/2022
14
SDLBSL
Sadhana Laghubitta Bittiya Sanstha Limited
25
1.32
26.32
2021-10-20 [Closed]
1/20/2022
15
SKBBL
Sana Kisan Laghubitta Bittiya Sanstha Limited
25
1.3158
26.3158
2021-12-20 [Closed]
3/22/2022
16
MLBBL
Mithila Laghubitta Bittiya Sanstha Limited
25
1.3158
26.3158
2022-01-03 [Closed]
Not Announced
17
ALBSL
Asha Laghubitta Bittiya Sanstha Limited
25
1.3158
26.3158
2021-10-29 [Closed]
1/20/2022
18
JSLBB
Janautthan Samudayic Laghubitta Bittiya Sanstha Limited
25
1.3157
26.3157
2022-01-05 [Closed]
Not Announced
19
MSLB
Mahuli Laghubitta Bittiya Sanstha Limited
26
0
26
2021-12-27 [Closed]
Not Announced
20
SMFDB
Summit Laghubitta Bittiya Sanstha Limited
25.2853
0
25.2853
2021-12-30 [Closed]
Not Announced
21
SWBBL
Swabalamban Laghubitta Bittiya Sanstha Limited
19
6
25
2021-12-21 [Closed]
Not Announced
22
RMDC
RMDC Laghubitta Bittiya Sanstha Limited
20
5
25
2022-01-02 [Closed]
3/29/2022
23
SLBBL
Swarojgar Laghubitta Bittiya Sanstha Limited
25
0
25
2021-10-29 [Closed]
1/25/2022
24
SMATA
Samata Gharelu Laghubitta Bittiya Sanstha Limited
20
5
25
2021-12-10 [Closed]
Not Announced
25
KLBSL
Kisan Laghubitta Bittiya Sanstha Limited(Former NRN Laghubitta Bittiya Sanstha Limited)
25
0
25
Not Declared
Book closure yet to be done
26
NMBMF
NMB Laghubitta Bittiya Sanstha Limited
21.5
1.13
22.63
2021-12-24 [Closed]
Not Announced
27
NLBBL
Nerude Laghubitta Bittiya Sanstha Limited
21.4876
1.1309
22.6185
2021-12-12 [Closed]
Not Announced
28
VLBS
Vijaya Laghubitta Bittiya Sanstha Limited
20.031
1.054
21.085
2021-12-27 [Closed]
4/7/2022
29
DDBL
Deprosc Laghubitta Bittiya Sanstha Limited
20
1.053
21.053
2021-09-28 [Closed]
Not Announced
30
NADEP
NADEP Laghubitta Bittiya Sanstha Limited
20
1.053
21.053
2022-01-17 [Closed]
Not Announced
31
MERO
Mero Microfinance Laghubitta Bittiya Sanstha Limited
20
1.0526
21.0526
2021-11-25 [Closed]
2/15/2022
32
ACLBSL
Aarambha Chautari Laghubitta Bittiya Sanstha Limited
21
0
21
2022-03-31 [Closed]
Not Announced
33
MMFDB
Mirmire Laghubitta Bittiya Sanstha Limited
20
0
20
2022-01-03 [Closed]
Not Announced
34
CLBSL
Civil Laghubitta Bittiya Sanstha Limited
19
1
20
2021-10-31 [Closed]
2/15/2022
35
GMFBS
Ganapati Laghubitta Bittiya Sanstha Limited
19
1
20
2021-12-22 [Closed]
3/20/2022
36
AKBSL
Adhikhola Laghubitta Bittiya Sanstha Limited
19
1
20
2022-01-02 [Closed]
Not Announced
37
NSLB
Naya Sarathi Laghubitta Bittiya Sanstha Limited
19
1
20
2022-04-06 [Closed]
Not Announced
38
WOMI
Womi Laghubitta Bittiya Sanstha Limited
20
0
20
2021-12-16 [Closed]
3/21/2022
39
SLBS
Suryodaya Laghubitta Bittiya Sanstha Limited
20
0
20
2021-12-16 [Closed]
4/12/2022
40
GLBSL
Gurans Laghubitta Bittiya Sanstha Limited
16.9064
0.8894
17.796
2021-10-25 [Closed]
1/20/2022
41
MKLB
Manakamana Smart Laghubitta Bittiya Sanstha Limited
17
0
17
2021-12-19 [Closed]
4/17/2022
42
KMCDB
Kalika Laghubitta Bittiya Sanstha Limited
13
0
13
2022-01-05 [Closed]
4/18/2022
43
WNLB
Wean Nepal Laghubitta Bittiya Sanstha Limited
11
0.5
11.5
Not Declared
Book closure yet to be done
44
FMDBL
First Microfinance Laghubitta Bittiya Sanstha Limited
10
0.53
10.53
2021-11-21 [Closed]
2/22/2022
45
RSDC
RSDC Laghubitta Bittiya Sanstha Limited
10
0.5263
10.5263
2021-11-16 [Closed]
Not Announced
46
NICLBSL
NIC Asia Laghubitta Bittiya Sanstha Limited
0
5.41
5.41
2021-11-09 [Closed]
Hydropower
Out of the 40 listed hydropower companies till FY 77/78, 14 hydropower companies have declared the dividend. As of now, Ngadi Group Power Limited has paid the highest, i.e. 21.05%. The book closure date of all 14 hydropower companies has elapsed.
S.N.
Symbol
Company
Bonus Dividend(%)
Cash Dividend(%)
Total Dividend(%)
Book Closure Date
Bonus Listing Date
1
NGPL
Ngadi Group Power Limited
20
1.05
21.05
2021-09-03 [Closed]
11/19/2021
2
BPCL
Butwal Power Company Limited
10
10
20
2021-12-26 [Closed]
2/22/2022
3
NHPC
National Hydro Power Company Limited
18.525
0.975
19.5
2022-02-25 [Closed]
Not Announced
4
AKPL
Arun Kabeli Power Limited
17
0.89
17.89
2021-08-31 [Closed]
11/17/2021
5
KPCL
Kalika Power Company Limited
15
0.7895
15.7895
2022-01-03 [Closed]
Not Announced
6
CHCL
Chilime Hydro power Company Limited
7.5
7.5
15
2021-12-30 [Closed]
3/6/2022
7
RHPC
Ridi Hydropower Development Company Limited
0
12.6
12.6
2021-10-19 [Closed]
Not Announced
8
RRHP
Rairang Hydropower Development Company Limited.
0
12.6
12.6
2021-10-21 [Closed]
Not Announced
9
API
Api Power Company Limited
10.5
0.55
11.05
2021-09-03 [Closed]
11/15/2021
10
SHPC
Sanima Mai Hydropower Limited
10
0.5263
10.5263
2021-10-04 [Closed]
1/2/2022
11
SPDL
Synergy Power Development Limited
10
0.5263
10.5263
2021-08-20 [Closed]
11/3/2021
12
RURU
Ru Ru Jalbidhyut Pariyojana Limited
10
0.5263
10.5263
2021-09-23 [Closed]
1/23/2022
13
AHPC
Arun Valley Hydropower Development Company Limited
10
0.526
10.526
2021-09-27 [Closed]
1/4/2022
14
NHDL
Nepal Hydro Developer Limited
7
0.3684
7.3684
2021-12-28 [Closed]
4/3/2022
Mutual Funds
21 mutual funds have also unveiled the dividend. Global IME Samunnat Scheme 1 (GIMES1) proposed the highest (100% cash dividend) for the fiscal year. However, the book closure date of all of these funds has elapsed.
S.N.
Symbol
Company
Bonus Dividend(%)
Cash Dividend(%)
Total Dividend(%)
Book Closure Date
1
GIMES1
Global IME Samunnat Scheme 1
0
100
100
2021-12-08 [Closed]
2
NIBLPF
NIBL Pragati Fund
0
50
50
2021-08-13 [Closed]
3
NIBLSF
NIBL Sahabhagita Fund
0
50
50
2021-07-29 [Closed]
4
SFMF
Sunrise First Mutual Fund
0
50
50
2021-09-01 [Closed]
5
NEF
Nabil Equity Fund
0
40
40
2021-09-27 [Closed]
6
CMF1
Citizens Mutual Fund-1
0
40
40
2021-09-09 [Closed]
7
CMF2
Citizens Mutual Fund - 2
0
40
40
2021-09-09 [Closed]
8
LEMF
Laxmi Equity Fund
0
35
35
2021-07-30 [Closed]
9
NBF2
Nabil Balanced Fund - 2
0
35
35
2021-09-27 [Closed]
10
NIBSF1
NIBL Samriddhi Fund 1
0
35
35
2021-08-13 [Closed]
11
SAEF
Sanima Equity Fund
0
33
33
2021-09-17 [Closed]
12
SEF
Siddhartha Equity Fund
0
30
30
2021-08-16 [Closed]
13
NICGF
NIC Asia Growth Fund
0
30
30
2021-09-12 [Closed]
14
NICBF
NIC ASIA Balanced Fund
0
30
30
2021-09-12 [Closed]
15
SIGS2
Siddhartha Investment Growth Scheme-2
0
30
30
2021-08-16 [Closed]
16
NMB50
NMB 50
0
30
30
2021-09-03 [Closed]
17
LUK
Laxmi Unnati Kosh
0
25
25
2021-07-28 [Closed]
18
NMBHF1
NMB Hybrid Fund L- 1
0
20
20
2021-09-03 [Closed]
19
NADDF
NIC Asia Dynamic Debt Fund
0
10
10
2021-08-12 [Closed]
20
KEF
Kumari Equity Fund
0
5
5
2021-08-09 [Closed]
21
SLCF
Sanima Large Cap Fund
0
4
4
2021-09-17 [Closed]
Investments
Meanwhile, out of 5 listed only 3 investment companies have declared their dividend of FY-77/78.
S.N.
Symbol
Company
Bonus Dividend(%)
Cash Dividend(%)
Total Dividend(%)
Book Closure Date
Bonus Listing Date
1
HIDCL
Hydroelectricity Investment and Development Company Limited
8
0.421
8.421
2021-12-20 [Closed]
Not Declared
2
NIFRA
Nepal Infrastructure Bank Limited
8
0.42
8.42
2021-11-25 [Closed]
2/17/2022
3
NRN
NRN Infrastructure and Development Limited
5
0.26
5.26
2021-12-30 [Closed]
3/25/20i22
Merchant Bank
18 merchant banks have declared their dividends comprising of both cash as well as bonus dividends. Global IME capital remains at the top position while distributing its dividends. Whereas, Century capital market limited declared the least dividend of 10% only.
S.N.
Symbol
Company
Bonus Dividend(%)
Cash Dividend(%)
Total Dividend(%)
1
GBIMEL
Global IME Capital Limited
70
30
100
2
NICACL
NIC Asia Capital Limited
0
48
48
3
PRABHU
Prabhu Capital Limited
28.3885
17.61
45.9985
4
SIDCL
Siddhartha Capital Limited
0
40
40
5
SUCL
Sunrise Capital Limited (NCM/NIDC)
0
40
40
6
NABILINV
Nabil Investment Banking Limited
35
1.842
36.842
7
NMBCAP
NMB Capital Limited
0
30
30
8
NIBLACE
NIBL Ace Capital Limited
0
26
26
9
SANCAP
Sanima Capital Limited
0
25
25
10
CBIL
CBIL Capital Limited
0
25
25
11
NBCL
Nepal Bangladesh Capital Limited
0
19
19
12
MuktinathCap
Muktinath Capital Limited
0
18
18
13
BOKCML
BOK Capital Market Limited
0
18
18
14
MCML
Mega Capital Markets Limited
0
16
16
15
GCL
Garima Capital Limited
0
15.65
15.65
16
MCL
Machhapuchhre Capital Limited
7
6.4
13.4
17
RBBMBL
RBB Merchant Banking Limited
0
10
10
18
CCML
Century Capital Markets Limited
0
6.25
6.25
Non-Life Insurance
Out of the 20 non-life insurance in Nepal, 18 insurance companies are listed in NEPSE. Sagarmatha Insurance Company Limited has the highest dividend payout scale of 21.05%, whereas the lowest remains for Everest Insurance company. Both of these sectors have recently announced the date as their book closure date. Meanwhile, 2 out of the listed insurance company are yet to disclose their book closure date.
S.N.
Symbol
Company
Bonus Dividend(%)
Cash Dividend(%)
Total Dividend(%)
Book Closure Date
Bonus Listing Date
1
SIC
Sagarmatha Insurance Company Limited
20
1.0526
21.0526
4/29/2022
Not Announced
2
NIL
Neco Insurance Company Limited
15
0.79
15.79
2022-03-15 [Closed]
Not Announced
3
SIL
Siddhartha Insurance Limited
15
0.7895
15.7895
2022-03-31 [Closed]
Not Announced
4
PIC
Premier Insurance Company (Nepal) Limited
14.25
0.75
15
2022-01-19 [Closed]
3/2/2022
5
PRIN
Prabhu Insurance Company Limited
11
0.58
11.58
2022-03-31 [Closed]
Not Announced
6
NICL
Nepal Insurance Company Limited
11
0.5789
11.5789
Not Declared
Book closure yet to be done
7
NLG
NLG Insurance Company Limited
10
0.5263
10.5263
2022-03-20 [Closed]
Not Announced
8
LGIL
Lumbini General Insurance Limited
9.5238
0.4762
10
Not Declared
Book closure yet to be done
9
IGI
IME General Insurance Limited
7
0.37
7.37
2022-04-08 [Closed]
Not Announced
10
PICL
Prudential Insurance Company Limited
7
0.368
7.368
2022-04-07 [Closed]
Not Announced
11
HGI
Himalayan General Insurance Company Limited
6.65
0.35
7
2022-02-28 [Closed]
Not Announced
12
EIC
Everest Insurance Company Limited
6
0.3158
6.3158
2022-04-25 [Closed]
Not Announced
Others
In the same way, NTC (Nepal Doorsanchar Company Limited) also unveiled their dividend. As shown, NTC declared a dividend. However, the book closure dates for the said dividend have already elapsed.
S.N.
Symbol
Company
Bonus Dividend(%)
Cash Dividend(%)
Total Dividend(%)
Book Closure Date
Bonus Listing Date
1
NTC
Nepal Doorsanchar Company Limited
20
20
40
2022-03-25 [Closed]
Not Announced
Trading
Salt trading corporation of trading sector distributed dividend of 10.5%, consisting of both bonus as well as cash dividend for the FY 77/78.
S.N.
Symbol
Company
Bonus Dividend(%)
Cash Dividend(%)
Total Dividend(%)
Book Closure Date
Bonus Listing Date
1
STC
Salt Trading Corporation Limited
10
0.5
10.5
2022-03-29 [Closed]
Not Announced
Manufacturing and products
Out of the four companies in manufacturing & products sector, Unilever Nepal Limited declared a highest dividend of 650%, which is wholly cash based. Also, HDL and NLO are yet to declare their bonus listing dates.
S.N.
Symbol
Company
Bonus Dividend(%)
Cash Dividend(%)
Total Dividend(%)
Book Closure date
Bonus Listing Date
1
UNL
Unilever Nepal Limited
0
650
650
2021-10-11 [Closed]
2
HDL
Himalayan Distillery Limited
75
25
100
2021-12-31 [Closed]
2/13/2022
3
NLO
Nepal Lube Oil Limited
30
5
35
2021-09-21 [Closed]
2/14/2022
4
SHIVM
Shivam Cements Limited
0
29
29
2021-10-25 [Closed]
Note:
For the year 2077/78, none of the companies from two sectors viz Hotel and Tourism, and Life insurance sectors have declare their proposed dividends.
Disclaimer:
This article is intended to keep investors updated about the dividends declared by companies till now. It can be used to compare the trend of dividend proposals among companies and sectors. However, it should be noted that the dividend amount isn't the only valuation metric, and depending on it solely may result in speculation errors. Hence, higher dividend-paying stocks may already have a higher market price (hence reducing the profitability of buying).
Additionally, it is not owning more of something that has little value. Investors in NEPSE are overly attracted to bonus shares distribution, almost as if that is all that matters. As the legendary investor Mark Cuban puts it, a small stake in watermelon is more than 100% of a grape.",0.9127106666564941
2022-04-26,Commercial Banks See Decrement in Total Deposit by Rs. 10B and Lending By Rs. 1B in Second Week of Baisakh,https://www.sharesansar.com/newsdetail/total-deposit-in-commercial-banks-at-rs-4367b-in-second-week-of-baisakh-lending-at-rs-4194b-2022-04-26,"The report on the trend of deposit and lending in the nation's commercial banks has been unveiled. This is the data reported as of the end of the second week of Baisakh 2079, i.e. till Baisakh 09.
The total deposit figure has decreased by Rs. 10 billion in the second week. The total deposit figure is at Rs. 4367 billion. Rs. 4259 billion worth of deposit is in local currency while the rest Rs. 108 billion is in foreign currency.
Meanwhile, the total lending has also decreased by Rs. 1 billion, and the total figure is at Rs. 4194 billion. Rs. 4153 billion worth of lending has been forwarded in local currency while Rs. 41 billion is in foreign currency.",0.0814896821975708
2022-04-24,Thriving During Liquidity Crisis In Nepal; A Quick Look At The Third Quarter Performance Of Commercial Bank's,https://www.sharesansar.com/newsdetail/commercial-bank-limited-comparative-q3-78-79-2022-04-22,"From the low-interest rate environment affecting the overall banking industry to the liquidity crisis in the economy, we have seen all of the commercial banks go through a lot after the COVID-19. However, the banks have shown optimal efficiency of the available resources to thrive in the market.
There has been much more speculation in the market as to how the business volume and profitability will playout for the overall banking industry. Now that the bank has released their third quarterly earnings, we will carry out a detailed comparative analysis in this article. So, let's dive into the numbers.
Profit for the period:
As per the net profit of the unaudited third quarter of FY 2078/79,
Global IME Bank Limited (GBIME)
is in the lead with a net profit of Rs 3.73 Arba. Similarly,
NIC Asia Bank Limited (NICA)
has the second-highest net profit of Rs 3.60 Arba in the same quarter. In the third position,
Nabil Bank Limited (NABIL)
has a net profit of Rs 3.35 Arba. The bank with the least net profit is
Laxmi Bank Limited (LBL)
whose net profit amounts to Rs 586 crores.
The industry average net profit of the 27 commercial banks is Rs 1.89 Arba.
Out of 27 commercial banks, 12 banks have reported a decline in their Net Profit.
The total net profit for the year is Rs 50.98 Arba whereas that for the last year of the same quarter was Rs 50.73 Arba.
Paid-up capital:
Paid-up capital refers to the amount of money that commercial banks have received from their shareholders through the exchange of shares in the primary market.
The bank with the highest paid-up capital is
Global IME Bank Limited (GBIME)
with Rs 23.79 Arba capital and
Prime Commercial Bank Limited (PCBL)
with Rs 18.65 Arba paid-up capital.
Reserve and surplus:
With an industry average of Rs 8.61 Arba, 9 banks stand above the average benchmark in their reserve fund. The total reserve and surplus of all commercial banks are at Rs 2.32 Kharba.
In terms of reserves and surplus,
Nepal Bank Limited (NBL)
has maintained its lead with a reserve and surplus of Rs 20.25 Arba.
Rastriya Banijaya Bank (RBB)
has maintained the second position with Rs 17.93 Arba reserve and surplus fund.
Nabil Bank Limited (NABIL)
is in the third position with a reserve and surplus of Rs 16.70 Arba.
*
Reserve and Surplus amounts include the amount of Share Premium, Retained Earnings and Reserve.
Deposits from Customers:
On average, commercial banks have collected Rs 1.60 kharba as a deposit. In total 13 banks are above the average deposit collection.
As of the third quarter of FY 2078/79,
NIC Asia Bank Limited (NICA)
stands on top with total deposits worth Rs 2.96 kharba,
Global IME Bank (GBIME)
has the
second-highest
deposits of Rs 2.69 kharba. Similarly, the bank is followed by
Rastriya Banijaya Bank Limited (RBB)
with the collected deposit of Rs 2.45 kharba respectively.
Nepal Bangladesh Bank Limited (NBB)
has the lowest deposit collection of Rs. 82 Arba.
Loans and advances to Customers:
The top position in loans and advances is occupied by
Global IME Bank Limited (GBIME)
with credit disbursement worth Rs 2.60 kharba.
NIC Asia Bank Limited (NICA)
has a loan and advances portfolio of Rs. 2.57 kharba.
Nabil Bank Limited (NABIL)
has a loan portfolio of Rs 2.21 kharba. Similarly on the other end of the rope,
Nepal Bangladesh Bank Limited (NBB)
has the lowest loan and advances portfolio of Rs. 76 Arba.
The industry average loan disbursed is Rs 1.48 Kharba. 12 commercial banks have a loan portfolio above Rs 1.48 Kharba.
Net interest income:
Net interest income is the net earnings of commercial banks through their core business of collecting deposits and lending loans. The bank with the highest net interest income is
NIC Asia Bank Limited (NICA)
with an income of Rs 8.26 Arba followed by
Global IME Bank Limited (GBIME)
with an income of Rs 7.44 Arba and
Nabil Bank Limited (NABIL)
with an income of Rs 6.59 Arba.
The industry average net interest income stands at Rs 4.08 Arba. 11 out of 27 commercial banks are above the industry average in terms of net interest income.
Provisions for the period (Impairment/Reversal):
With the increasing interest rate, the banks have piled up the provisions to hedge against the possible losses.
Out of 27 commercial banks, 15 commercial banks have reported provisions above the industry average.
* - Reversal and + Provision
Distributable Profit:
*Distributable Profit includes last year's retained earnings.
Major indicators:
Earnings per share:
NIC Asia Bank Limited (NICA)
becomes the bank to serve investors with the highest annualized EPS of Rs 41.56 per share.
Rastriya Banijya Bank Limited (RBB)
has the second-highest EPS of Rs 25.03 per share.
Nabil Bank Limited (NABIL)
is in the third position with annualized EPS of Rs 24.16 per share.
Laxmi Bank Limited (LBL)
stays at the bottom with an earning of Rs. 9.91 per share.
The average EPS of 27 commercial banks stands at Rs 18.78. 11 commercial banks still provide EPS higher than that of the industry average.
Net worth per share:
The highest net worth per share among these commercial banks is Rs 240.6 which belongs to
Nepal Bank Limited (NBL)
.
Rastriya Banijya Bank Limited (RBB)
is in the second position with Rs 228.62.
Everest Bank Limited (EBL)
has the third-highest net worth per share as of Q3 of FY 2078/79 i.e. Rs 225.32.
Century Commercial Bank Limited (CCBL)
has the least net worth of Rs 124.16 per share.
The industry average net worth stands around Rs 165.34 per share. 10 companies have a net worth more than the industry average.
P/E ratio:
Nepal Credit & Commerce Bank Limited (NCCB)
has the least PE ratio of 12.86 times. It is followed by
Machhapuchhre Bank Limited (MBL)
with a PE ratio of 13.44 times. 20 commercial banks have a P/E ratio lower than the industry average of 19.91 times.
(The PE ratios are not the recent ratios, rather the ratios for the quarter-end. Please look at the current market price to calculate the recent P/E ratio)
Non-Performing Loan:
In today’s context, the concern of investors simply does not rest upon which bank has more loans. The nature of the loan portfolio equally matters.
Nepal SBI Bank Limited (SBI)
reported the lowest NPL of 0.14% in terms of asset quality.
SBI
is followed by
Everest Bank Limited (EBL)
with an NPL of 0.26%.
Rastriya Banijya Bank Limited (RBBL)
has reported the highest NPL of 3.07%. Since RBB is not tradeable,
Agricultural Development Bank Limited (ADBL)
seems to have the highest NPL of 2.32%.
Capital Adequacy Ratio
In terms of the Capital Adequacy ratio (CAR),
Standard Chartered Bank Nepal Limited (SCB)
seems to have reported the highest CAR of 15.90%. This is followed by
Agricultural Development Bank Limited (ADBL)
with a CAR of 15.85%.
Finally, the table below provides a full picture with major indicators of the 27 commercial banks as of the third quarter of FY 2078/79:",0.48969170451164246
2022-04-21,"Total Deposit in Commercial Banks at Rs. 4377B in First Week of Baisakh, Lending at Rs. 4195B",https://www.sharesansar.com/newsdetail/total-deposit-in-commercial-banks-at-rs-4377b-in-first-week-of-baisakh-lending-at-rs-4195b-2022-04-21,"The report on the trend of deposit and lending in the nation's commercial banks has been unveiled. This is the data reported as of the end of the first week of Baisakh, 2079, i.e. till Baisakh 02. The average CD ratio of the industry was 90.77%.
The total deposit figure has fallen by Rs. 12 billion in the first week. The total deposit figure is Rs. 4377 billion. Rs. 4265 billion worth of deposit is in local currency while the rest Rs. 112 billion is in foreign currency.
Meanwhile, the total lending has also gone down by Rs. 2 billion, and the total figure is at Rs. 4195 billion. Rs. 4153 billion worth of lending has been forwarded in local currency while Rs. 42 billion is in foreign currency.",0.029148481786251068
2022-04-21,"What is the latest base rate, Credit-Deposit Ratio and, Credit Adequacy Ratio of commercial banks? How Will It Impact The Market?",https://www.sharesansar.com/newsdetail/what-is-the-latest-base-rate-credit-deposit-ratio-and-credit-adequacy-ratio-of-commercial-banks-how-will-it-impact-the-market-2022-04-21,"The base rate published by the commercial banks refers to the minimum rate below which they are not allowed to lend to the borrowers. The BFIs usually add a premium to the base rate in order to determine the base rate. The base rate includes:
Cost of funds
Cost of liquidity (CRR and SLR)
Cost of operation
The industry average spread rate stands at 3.64% and the industry average base rate stands at 9.18% by the end of the third quarter of FY 78/79, whereas the same for FY 77/78 was 3.75% and 6.96% respectively. Compared to the average base rate of the previous quarter, the average base rate has considerably increased. The premium on base rate for margin lending could vary between 0% and 5% depending on the bank and the customer.
Out of 27 commercial banks, 15 Banks have base rates that are greater/equal to the average base rate.
Sunrise Bank
Leads the position by having the highest base rate of 10.11 followed by
Mega Bank
and
Civil Bank
. Whereas,
Ratriya Banijya Bank
and
Standard Chartered Bank
have the lowest base rate notwithstanding the fact that it is still high as compared to the Q3 of last year. The percentage of increase in base rates of the said bank is 24.76% and 29.40% respectively.
The list of the latest base rate for each commercial bank is as follows:
Similarly, Capital Adequacy Ratio (CAR), also known as the Capital to Risk (Weighted) Assets Ratio (CAR), is the ratio of a bank’s capital to its risk.  In terms of CAR,
Standard Chartered Bank Nepal Limited (SCB)
seems to have reported the highest CAR of 15.9%. This is followed by
Agriculture Development Bank Ltd (ADBL)
with a CAR of 15.85%.
Likewise, Credit-Deposit Ratio (CD-Ratio) is the financial indicator that indicates how much a bank lends out of the deposits it has mobilized. Also, a very low CD Ratio indicates that banks are not making full use of their resources. Commercial banks have to maintain a CD ratio of a Maximum of 90 or below 90. However, most of the bank’s CD ratio is above 90. NRB has instructed commercial banks to bring down CD ratio below 90 from coming Ashad, 2079.
As of the third quarter of FY 2078/79,
Prime Commercial Bank
stands on top with a 99.62 CD Ratio, which is an increment of 17.38% since the last FY’s Q3.",0.8420043587684631
2022-04-19,"In 8-months of FY, Highest Credit From Commercial Banks Went to Wholesale and Retail",https://www.sharesansar.com/newsdetail/in-8-months-of-fy-highest-credit-from-commercial-banks-went-to-wholesale-and-retail-2022-04-19,"For any economy to be vibrant and prosperous, Banks and Financial Institutions (BFIs) play a crucial role. The primary objective of such institutions is to bridge the suppliers of capital to those who can utilize it productively.
With this objective in mind, banks collect deposits from consumers who have excess funds and disburse collected funds as loans to consumers who are seeking capital. Even during this operation, BFIs are obliged to stick with credit guidelines set by Nepal Rastra Bank (NRB). NRB, being the central, regulating bank in the country formulates guidelines to reduce regional economic imbalance and ensure overall economic growth.
According to the latest information provided by the Nepal Rastra Bank (NRB), the following is the sector-wise breakdown of the amount of loan forwarded by each commercial bank in different sectors. This is the data reported till the first eight months of the current fiscal year 2078/79.
Commercial Banks have deployed Rs.47.01 Kharba on different sectors till Falgun end FY 78/79. They have extended maximum loans under the wholesaler and Retailers sector i.e. Rs. 9.59 Kharba by the end of Falgun. The maximum concentration of credit is under Wholesaler and Retailers, Consumption Loans, and Agriculture, Forestry & Beverage related Production sectors i.e. 20.41%, 17.67%, and 15.83 % respectively.
Sector wise
Advances (Millions)
Percentage
Wholesaler & Retailer
959,482
20.41
Consumption Loans
830,724
17.67
Agriculture, Forestry & Beverage Production Related
744,220
15.83
Others
447,692
9.52
Finance, Insurance and Real Estate
367,342
7.81
Agricultural and Forest Related
326,185
6.94
Electricity, Gas and Water
228,984
4.87
Construction
206,810
4.40
Other Services
194,686
4.14
Hotel or Restaurant
194,118
4.13
Transport, Communication, and Public Utilities
103,595
2.20
Metal Products, Machinery & Electronic Equipment & Assemblage
74,620
1.59
Fishery Related
12,535
0.27
Mining Related
8,757
0.19
Local Government
1,345
0.03
Total
4,701,093",0.9145817756652832
2022-04-18,"Commercial Banks Profit Rs. 46 Arba Till Falgun of FY, 3 Development Banks and 2 Finance Companies in Loss",https://www.sharesansar.com/newsdetail/profit-loss-bfi-2022-04-18,"Nepal Rastra Bank has unveiled the recent statistics covering the net profit of commercial banks, development banks, and finance companies for up to Falgun of the current fiscal year 2078/79.
Commercial Banks
Data shows that commercial banks together have realized a total net profit of Rs. 46 Arba and 86 crores. Out of the 27 commercial banks, Global IME Bank stands at the top position with a net profit of Rs. 3 Arba and 46 crores. Likewise, NIC Asia Bank has realized a net profit of Rs. 3 Arba and 29 crores. Meanwhile, Nabil Bank has realized a net profit of Rs. 3.04 Arba. On the contrary, Civil Bank has the least net profit of Rs. 73 crores.
Commercial Bank
Net Profit
(Rs. Million)
Global
3,462.46
NIC
3,295.46
NABIL
3,041.84
RBB
2,655.11
Prime
2,567.01
NMB
2,221.03
NIBL
2,159.01
SBL
2,042.40
NBL
2,002.44
ADBNL
1,805.34
Mega
1,686.53
Prabhu
1,662.63
Kumari
1,482.54
Citizen
1,455.56
Sanima
1,418.96
NCC
1,398.28
SCBNL
1,398.13
MBL
1,364.21
HBL
1,292.98
EBL
1,221.38
Laxmi
1,155.90
NSBI
1,143.05
Sunrise
1,130.64
BOK
1,106.79
NBBL
1,032.90
Century
926.74
CBL
736.12
Development Banks
Similarly, in the eight months of the current fiscal year 2078/79, development banks have succeeded to make a total net profit of Rs. 4 Arba and 32 crores. 3 of the 17 development bank have realized net losses during this period. Whereas,  Muktinath Bikas Bank has realized an impressive net profit of Rs. 82.44 crores, the highest in the industry. Likewise, Garima Bikas Bank stands in the second position with a net profit of Rs. 66.20 crores. Mahalaxmi Bikas Bank, with a net profit of Rs. 47.34 crores, stands in the third position.
On the opposite, data from NRB shows that Corporate and Green Development Bank reported the least profit of Rs. 60 Lakhs and Rs. 1 Crore respectively. However, 3 development banks, viz, Karnali, Narayani, and Saptakoshi Development Bank reported net losses during the period.
Development Bank
Net Profit
(Rs. Million)
Net Loss
(Rs. Million)
Mukti
824.48
-
Garima
662.06
-
Mahalaxmi
473.48
Jyoti
466.49
-
Shine
459.84
-
Kamana
449.23
-
LumbiniDB
435.35
-
Shangrila
346.42
-
Miteri
86.75
-
Excel
60.28
-
Sindhu
31.67
-
Salapa
13.54
GreenDB
10.61
-
Corporate
6.04
-
Narayani
-
14.25
Karnali
-
15.46
Saptakoshi
-
25.03
Finance
Finance companies have made a total net profit of Rs. 81.70 crores. Out of the 17 companies, two finance company reported a net loss in the first eight months, while the rest 15 are in a profit.
Best Finance Company comes first on the list with a net profit of Rs. 13.31 crores. Likewise, ICFC Finance and Goodwill Finance stand in the second and third positions with a net profit of Rs. 12.60 crores and Rs. 9.4 crores respectively. However, Multi and C Merchant finance company have reported net losses of Rs. 21.80 lakhs and Rs. 54.2 lakhs respectively.
Finance Bank
Net Profit
(Rs. Million)
Net Loss
(Rs. Million)
Best FC
133.12
-
ICFC
126.04
-
Goodwill
94.28
-
Manju
82.03
Shree
64.91
-
Janaki
60.11
-
GURKHAFC
57.29
-
GMBFL
50.21
-
Central
48.86
-
Reliance
38.18
NFL
27.44
-
Pokhara
26.58
-
NSML
7.69
-
Progressive
2.31
-
Samriddhi
0.72
-
CMerchant
-
5.42
Multi
2.18",0.6108980178833008
2022-04-14,NCC Bank to provide QR codes to barbers and hair dressers across the nation; organizes financial literacy event for 700 plus hairstylists,https://www.sharesansar.com/newsdetail/ncc-bank-to-provide-qr-codes-to-barbers-and-hair-dressers-across-the-nation-organizes-financial-literacy-event-for-700-plus-hairstylists-2022-04-14,"Nepal Credit and Commerce Bank has inked an agreement with Nepal National Naai Association to provide QR codes to the barbers and hairdressers associated with the Naai association across the nation.
The MoU was signed between Deputy MD of the bank Mr. Mukunda Subedi and chairman of the association Mr. Paltan Thakur amid a program, as per the media statement.
The bank also provided financial literacy to 700 plus barbers and hairdressers who showed up in the 4
th
national convention of the barbers where the bank educated them about the different banking products and benefits of digital banking, as per the media statement.
The bank currently serves its customers via its 137 branches, 13 extension counters and 114 ATM outlets in its network.",-0.132278174161911
2022-04-12,"Deposit Collection Up Rs. 3 Billion in Fourth Week of Chaitra, Lending Up Rs. 2 Billion",https://www.sharesansar.com/newsdetail/deposit-collection-up-rs-3-billion-in-fourth-week-of-chaitra-lending-up-rs-2-billion-2022-04-12,"The report on the trend of deposit and lending in the nation's commercial banks has been unveiled. This is the data reported as of the end of the fourth week of Chaitra, 2078, i.e. till Chaitra 25. The Average CD ratio of the industry is 91.22%.
The total deposit figure has risen by Rs. 3 billion in the third week. The total deposit figure is Rs. 4,334 billion. Rs. 4,221 billion worth of deposit is in local currency while the rest Rs. 113 billion is in foreign currency.
Meanwhile, the total lending has also gone up by Rs. 2 billion, and the total figure is at Rs. 4,177 billion. Rs. 4,134 billion worth of lending has been forwarded in local currency while Rs. 44 billion is in foreign currency.",0.5773056745529175
2022-04-11,"Commercial Banks Keep Interest Rates Unchanged for Baisakh, LC Prohibited for Non-Essential Import",https://www.sharesansar.com/newsdetail/commercial-banks-keep-interest-rates-unchanged-for-baisakh-2022-04-11,"Commercial Banks have agreed to keep interest rates unaltered for the month of Baisakh.
A meeting of the Nepal Bankers’ Association, the umbrella association of the commercial banks in Nepal, held on Sunday decided to retain the currently maintained interest rates for the upcoming month of Baisakh.
Commercial Banks had raised their interest rates for the month of Falgun after keeping their interest rate profile unchanged in Magh. The rates were not changed for Chaitra. With the new agreement between the banks, the month of Baisakh will also not witness any changes in the interest rates of commercial banks.
Thus, most commercial banks provide a 6.03% interest rate p.a. for depositors on savings. Meanwhile, individuals will get a maximum interest payment of 11.03% p.a. on fixed deposits. On the other hand, institutions will get a 10.03% interest payment p.a. on fixed deposits.
Furthermore, it was also decided in the meeting that commercial banks will not allow opening of Letter of Credit (LC) for non-essential imports.
In an emergency meeting previously held with the CEOs of 27 commercial banks, Nepal Rastra Bank had strongly instructed the banks not to open letters of credit (LC) for the purpose of importing non-essential items. The central bank gave strict instructions as a brute force way to combat the deficit in the balance of payments.
The balance of payments of a country, also known as the balance of international payments, is the difference between all money flowing into the country in a particular period of time and the outflow of money to the rest of the world.
Meanwhile, the letter of credit, or ""credit letter,"" is a letter from a bank guaranteeing that a buyer's payment to a seller will be received on time. LCs are integral to establishing trust among cross-border traders, and they ensure an international transaction happens.",0.8681013584136963
2022-04-10,NCC Bank partners with Daraz to provide discount for bank’s card customers; to provide flat discount of upto 15% during this new year,https://www.sharesansar.com/newsdetail/ncc-bank-partners-with-daraz-to-provide-discount-for-banks-card-customers-to-provide-flat-discount-of-upto-15-during-this-new-year-2022-04-10,"Nepal Credit and Commerce Bank has inked an agreement with Daraz to provide special discount to bank’s card customers while shopping with Daraz during the upcoming new year 2079 where the scheme will begin from Chaitra 28.
The agreement was signed between Deputy ND of the bank Mr. Mukunda Subedi and Digital Payment Partner head of Daraz Mr. Arun Phuyal amid a program.
Following the agreement, debit card users of the bank will receive 10% discount or upto Rs 1000 and credit card users will receive 15% or upto Rs 1500 while making prepayment for their purchases from Daraz, as per the media statement.
The bank currently has 137 branches, 13 extension counters, and 114 ATM outlets under its network.",0.3817552328109741
2022-04-07,"Six Promoters of NCC Bank Auctioning 26,63,066 Promoter Shares",https://www.sharesansar.com/newsdetail/ncc-bank-auctioning-2663066-promoter-shares-2022-04-07,"Six promoters of
Nepal Credit & Commerce Bank Limited (NCCB)
are auctioning a portion of the commercial bank's promoter shares.
The promoters are willing to auction away a total of 26,63,066 promoter shares. The auction is first open to existing promoters for 35 days from the day of the official notice. If not bought by existing promoters, the public and other institutions/ companies will then be eligible to bid for the shares.
NCCB has a total of 5,68,12,359 promoter shares, amounting to 51% of the company's shareholding.
Notice",0.9268933534622192
2022-04-06,"Deposit Collection Chokes in Chaitra's Third Week, Lending Up Rs. 5B",https://www.sharesansar.com/newsdetail/deposit-lending-2022-04-06,"The report on the trend of deposit and lending in the nation's commercial banks has been unveiled. This is the data reported as of the end of the third week of Chaitra, 2078, i.e. till Chaitra 18. The average CD ratio of the industry for the month of the week was 91.20%.
The total deposit figure has risen by Rs. 1 billion in the second week. The total deposit figure is Rs. 4,331 billion. Rs. 4,228 billion worth of deposit is in local currency while the rest Rs. 102 billion is in foreign currency.
Meanwhile, the total lending has also gone up by Rs. 5 billion, and the total figure is at Rs. 4,175 billion. Rs. 4,130 billion worth of lending has been forwarded in local currency while Rs. 46 billion is in foreign currency.",0.5423653721809387
2022-04-05,"Non-Essential Imports Prohibited to Ease Liquidity Crunch, Banks to Constrict Credit Flow",https://www.sharesansar.com/newsdetail/non-essential-imports-prohibited-to-ease-liquidity-crunch-banks-to-constrict-credit-flow-2022-04-05,"Nepal Rastra Bank has strongly instructed commercial banks not to open letters of credit (LC) for the purpose of importing non-essential items.
The central bank gave such strict instructions in an emergency meeting held with the CEOs of 27 commercial banks.
The central bank gave strict instructions as a brute force way to combat the deficit in the balance of payments. The balance of payments of a country, also known as the balance of international payments, is the difference between all money flowing into the country in a particular period of time and the outflow of money to the rest of the world.
The letter of credit, or ""credit letter,"" is a letter from a bank guaranteeing that a buyer's payment to a seller will be received on time. LCs are integral to establishing trust among cross-border traders, and they ensure an international transaction happens.
The central bank has also instructed commercial banks to maintain their CD ratio. The CD ratio refers to the credit-deposit ratio of a bank. The higher the CD ratio, the higher the received deposits in banks have been forwarded as loans, hence the lower is the available liquidity. Commercial banks have also been instructed to slow down lending and eventually bring it to a halt until the liquidity scenario improves.",0.651929497718811
2022-03-28,Total Deposit and Lending in Commercial Banks Rise Rs. 2B Each in Second Week of Chaitra,https://www.sharesansar.com/newsdetail/total-deposit-and-lending-in-commercial-banks-rise-rs-2b-each-in-second-week-of-chaitra-2022-03-28,"The report on the trend of deposit and lending in the nation's commercial banks has been unveiled. This is the data reported as of the end of the second week of Chaitra, 2078, i.e. till Chaitra 11. The average CD ratio of the industry for the month of the week was 91.13%.
The total deposit figure has risen by Rs. 2 billion in the second week. The total deposit figure is at Rs. 4,330 billion. Rs. 4,228 billion worth of deposit is in local currency while the rest Rs. 102 billion is in foreign currency.
Meanwhile, the total lending has also gone up by Rs. 2 billion, and the total figure is at Rs. 4,170 billion. Rs. 4,122 billion worth of lending has been forwarded in local currency while Rs. 47 billion is in foreign currency.",0.6411234736442566
2022-03-18,"Hopeful Growth in Deposit in Last Week of Falgun, Lending Also Rises",https://www.sharesansar.com/newsdetail/hopeful-growth-in-deposit-in-last-week-of-falgun-lending-also-rises-2022-03-18,"The report on the trend of deposit and lending in the nation's commercial banks has been unveiled. This is the data reported as of the end of the final week of Falgun, 2078. The average CD ratio of the industry for the month of Falgun was 90.99%.
The total deposit figure has risen by Rs. 7 billion in the final week. The total deposit figure is at Rs. 4,333 billion. Rs. 4,236 billion worth of deposit is in local currency while the rest Rs. 96 billion is in foreign currency.
Meanwhile, the total lending has also gone up by Rs. 3 billion, and the total figure is at Rs. 4,172 billion. Rs. 4,120 billion worth of lending has been forwarded in local currency while Rs. 52 billion is in foreign currency.",0.6132339239120483
2022-03-14,"Deposit Rose Minimally in Fourth Week of Falgun, Lending Down Rs. 1B",https://www.sharesansar.com/newsdetail/deposit-rose-minimally-in-fourth-week-of-falgun-lending-down-rs-1b-2022-03-14,"The report on the trend of deposit and lending in the nation's commercial banks has been unveiled. This is the data reported as of Falgun 27, i.e. the end of the fourth week of Falgun, 2078.
The total deposit figure has risen by Rs. 2 billion in the fourth week. The deposit figure had seen a higher than usual growth in the third week of Falgun compared to the previous weeks. The total deposit figure is at Rs. 4,326 billion. Rs. 4,230 billion worth of deposit is in local currency while the rest Rs. 95 billion is in foreign currency.
Meanwhile, the total lending has also gone down by Rs. 1 billion, and the total figure is at Rs. 4,169 billion. Rs. 4,117 billion worth of lending has been forwarded in local currency while Rs. 52 billion is in foreign currency.
The CD ratio of the week is 91.08%.",0.030972670763731003
2022-03-14,"Commercial Banks Forwarded Rs. 11.84 Arba Loan in Magh, Most of it Went to Wholesale and Retail",https://www.sharesansar.com/newsdetail/commercial-banks-forwarded-rs-1184-arba-loan-in-magh-most-of-it-went-to-wholesale-and-retail-2022-03-14,"The central bank has published the data regarding loans and advances disbursed by commercial banks till the first seven months of the current fiscal year 2078/79.
According to Nepal Rastra Bank's report, commercial banks have deployed Rs. 41.55 Kharba on different sectors till Magh end FY 78/79. This figure was Rs. 41.43 Kharba till Poush. Commercial banks have disbursed loans worth only Rs. 11.84 Arba in the month of Magh due to the ongoing liquidity shortage in the economy.
It is apparent that commercial banks have extended the majority of lending towards the Wholesaler and Retailers sector, i.e. Rs. 8.69 Kharba by the end of Magh. The maximum concentration of credit is under Wholesaler and Retailers, Consumption Loans, and Agriculture, Forestry & Beverage related production sectors: 21.30%, 17.94%, and 17.79% respectively.",0.8159781694412231
2022-03-14,"Commercial Banks Profit Rs. 40.24 Arba in First Seven Months of FY, 3 Development Banks and 2 Finance Companies in Loss",https://www.sharesansar.com/newsdetail/profitability-2022-03-13,"Nepal Rastra Bank has unveiled the recent statistics covering the net profit of commercial banks, development banks, and finance companies for up to Magh of the current fiscal year 2078/79.
Commercial Banks
Data shows that commercial banks all together have realized a total net profit of Rs. 40 Arba and 24 crores. Out of the 27 commercial banks, Global IME Bank stands at the top position with a net profit of Rs. 3 Arba and 3 crores. Likewise, NIC Asia Bank has realized a net profit of Rs. 2 Arba and 85 crores. Meanwhile, Nabil Bank has realized a net profit of Rs. 2 Arba and 62 crores. On the contrary, Civil Bank has the least net profit of Rs. 61 crores.
Commercial Bank
Net profit (in million)
Global
3,030.68
NIC
2,859.38
NABIL
2,620.11
RBB
2,282.98
Prime
2,162.53
NMB
1,945.79
NIBL
1,886.29
SBL
1,797.91
NBL
1,684.13
ADBNL
1491.82
Mega
1,485.77
Prabhu
1,455.20
Citizen
1414.88
Sanima
1244.79
SCBNL
1244.56
Kumari
1215.18
MBL
1159.5
NCC
1101.76
HBL
1026.1
EBL
1001.71
NSBI
956.52
Laxmi
954.95
Sunrise
944.02
NBBL
942.08
BOK
899.19
Century
822.08
CBL
617.68
Total
40,247.59
Development Banks
Similarly, in the first seven months of the current fiscal year 2078/79, development banks have succeeded to make a total net profit of Rs. 3 Arba and 88 crores. Among the 17 development banks, 3 have reported net losses in the period. Muktinath Bikas Bank has realized an impressive net profit of Rs. 69.78 crores, the highest in the industry. Likewise, Garima Bikas Bank stands in the second position with a net profit of Rs. 56.65 crores. Mahalaxmi Bikas Bank, with a net profit of Rs. 52.83 crores, stands in the third position. On the opposite, data of NRB shows that Karnali, Narayani, and Saptakoshi Development Bank reported net losses during the period.
Development Bank
Net profit (in millions)
Net loss (in millions)
Mukti
697.85
-
Garima
566.5
-
Mahalaxmi
528.34
-
Jyoti
412.84
-
Lumbini
401.23
-
Shine
400.87
-
Kamana
400.57
-
Shangrila
301.23
-
Miteri
75.4
-
Excel
41.71
-
Sindhu
29.41
-
Salapa
15.03
-
GreenDB
7.16
-
Corporate
4.7
-
Narayani
-
9.39
Karnali
-
15.73
Saptakoshi
-
29.04
Total
3882.84
54.16
Finance
Finance companies have made a net profit of Rs. 77.64 crores. Out of the 17 companies, two finance companies have reported a net loss in the first seven months, while the rest 15 are in a profit. Best Finance Company comes first on the list with a net profit of Rs. 13.04 crores. Likewise, ICFC Finance and Goodwill Finance stand in the second and third positions with a net profit of Rs. 10.17 crores and Rs. 8.61 crores respectively. Samriddhi Finance and Capital Merchant finance have reported net losses of Rs. 19.16 lakhs and Rs. 4.48 lakhs respectively.
Finance
Net Profit (in million)
Net Loss (in million)
BestFC
130.41
-
ICFC
101.76
-
Goodwill
86.17
-
Manju
83.87
-
Shree
56.82
-
GURKHAFC
54.39
-
Janaki
48.56
-
Central
42.25
-
GMBFL
41.5
-
Pokhara
35.22
-
Reliance
34.78
-
NFL
32.66
-
Progressive
16.1
-
NSML
7.4
-
Multi
4.59
-
CMerchant
-
4.48
Samriddhi
-
19.16
Total
776.48
23.64",0.6254895925521851
2022-03-14,"Banks Keep Interest Rates Unchanged for Chaitra, Finance Companies Raise Theirs",https://www.sharesansar.com/newsdetail/banks-keep-interest-rates-unchanged-for-chaitra-finance-companies-raise-theirs-2022-03-14,"Commercial Banks and Development Banks have kept interest rates unchanged for the month of Chaitra while Finance Companies have increased their rates.
Commercial Banks had raised their interest rates for the month of Falgun after keeping their interest rate profile unchanged in Magh.
Most commercial banks provided a 6.03% interest rate p.a. for depositors on savings in Falgun. Meanwhile, individuals got a maximum interest payment of 11.03% p.a. on fixed deposits. On the other hand, institutions got a 10.03% interest payment p.a. on fixed deposits.
Development Banks had also raised the interest rates on deposits in Falgun compared to the previous months. Regional level development banks had increased the interest rates on fixed deposits to 11.65% and national level development banks to 11.55%. This was the rate for individual depositors. The rate for institutional depositors was less by one percentage point. Nonetheless, Sindhu Bikas Bank had provided 11.81% on fixed deposits for individuals and 10.81% for institutions. It seems that these rates haven't been altered for Chaitra.
Finance Companies had also raised the interest rates on deposits in Falgun. The highest interest rate for individuals on fixed deposits was 11.71%. This rate was 10.71% for institutional depositors. For the month of Chaitra, however, finance companies have raised the maximum interest on fixed deposits to 12.25% for individuals. Nonetheless, most finance companies have 12.15% as the highest rate. Meanwhile, the highest rate on fixed deposits for institutions is 11.25%.",0.6896311044692993
2022-03-09,"Weekly Deposit Figure Sees Noticeable Increment After Long, Lending Also Sees Modest Gain",https://www.sharesansar.com/newsdetail/weekly-deposit-figure-sees-noticeable-increment-after-long-lending-also-sees-modest-gain-2022-03-09,"The report on the trend of deposit and lending in the nation's commercial banks has been unveiled. This is the data reported as of the third week of Falgun, 2078.
The total deposit figure has seen a higher than usual growth in the third week of Falgun compared to the previous weeks. The total deposit figure is at Rs. 4,324 billion, up by Rs. 11 billion compared to the second week's figure. Rs. 4,231 billion worth of deposit is in local currency while the rest Rs. 93 billion is in foreign currency.
Meanwhile, the total lending has also gone up by Rs. 5 billion, and the total figure is at Rs. 4,170 billion. Rs. 4,113 billion worth of lending has been forwarded in local currency while Rs. 57 billion is in foreign currency.
The CD ratio of the week is 90.76%.",-0.5977263450622559
2022-03-07,NCC Bank signs MoU with Narayani Community Hospital; bank’s customers to receive 10% discount at Bharatpur based hospital,https://www.sharesansar.com/newsdetail/ncc-bank-signs-mou-with-narayani-community-hospital-banks-customers-to-receive-10-discount-at-bharatpur-based-hospital-2022-03-07,"Nepal Credit and Commerce Bank has signed an MOU with Narayani Community Hospital to provide a 10% discount on its medical services.
The benefits can be availed by customers by using NCC Bank’s debit card and mobile banking service, as per the media statement.
The bank currently serves its customers via its 137 branches, 13 extension counters, and 114 ATM outlets in its network.",0.055058687925338745
2022-02-28,"Deposit Collection Rose Rs. 1B in Second Week of Falgun, Lending Up Rs. 6B",https://www.sharesansar.com/newsdetail/deposit-collection-rose-rs-1b-in-first-week-of-falgun-lending-up-rs-6b-2022-02-28,"The report on the trend of deposit and lending in the nation's commercial banks has been unveiled. This is the data reported as of the second week of Falgun, 2078.
The total deposit remained fairly the same in the second week of Falgun compared to the first week, and the figure is at Rs. 4,313 billion, up by Rs. 1 billion. Rs. 4,219 billion worth of deposit is in local currency while the rest Rs. 94 billion is in foreign currency.
Meanwhile, the total lending has gone up by Rs. 6 billion, and the total figure is at Rs. 4,165 billion. Rs. 4,101 billion worth of lending has been forwarded in local currency while Rs. 64 billion is in foreign currency.
The average CD of the banks for the period is 90.80%.
Related:
Amidst Liquidity Crunch, Commercial Banks Are Forwarding Loans to These Sectors",0.4970417022705078
2022-02-27,NCC Bank signs MoU with Soaltee Enterprises; bank’s card and MoBanking customers to receive 10% discount at Soaltee’s different properties,https://www.sharesansar.com/newsdetail/ncc-bank-signs-mou-with-soaltee-enterprises-banks-card-and-mobanking-customers-to-receive-10-discount-at-soaltees-different-properties-2022-02-27,"Nepal Credit and Commerce Bank has signed an MOU with Soaltee Enterprises to provide up to a 10% discount on its food and beverage services.
The benefits can be availed by customers by using the bank’s card and mobile banking service where the customers will receive a 10% discount at Soaltee Hotel, Kathmandu, Soaltee Westend Premier Nepalgunj, and other associated Soaltee properties, as per the media statement.
The bank currently has 137 branches, 13 extension counters, and 114 ATM outlets across the nation.",-0.4260806143283844
2022-02-27,NCC Bank signs MoU with Sumeru City Hospital; bank’s card and MoBanking customers to receive up to 10% discount at the hospital,https://www.sharesansar.com/newsdetail/ncc-bank-signs-mou-with-sumeru-city-hospital-banks-card-and-mobanking-customers-to-receive-up-to-10-discount-at-the-hospital-2022-02-27,"Nepal Credit and Commerce Bank has signed an MOU with Sumeru City Hospital in Lalitpur to provide up to a 10% discount on its medical services.
The benefits can be availed by customers by using the bank’s card and mobile banking service where the customers will receive a 10% discount, as per the media statement.
The bank has also signed a similar agreement with Sumeru Optical Pulchowk and Kriti Optical Baisepati following which card and MoBanking customers of the bank shall receive up to 30% discount at the eye clinics, as per the media statement.
The bank currently has 137 branches, 13 extension counters, and 114 ATM outlets across the nation.",-0.1528269350528717
2022-02-24,"Central Bank Imposes Risk Weight on Share Loan and Various Other Loans, Regulation Tightened for Promoters to Buy Promoter Shares of Other BFIs",https://www.sharesansar.com/newsdetail/central-bank-imposes-risk-weight-on-share-loan-and-various-other-loans-regulation-tightened-for-promoters-to-buy-promoter-shares-of-other-bfis-2022-02-24,"Nepal Rastra Bank has increased the risk weight of various types of loans forwarded by banks and financial institutions, including on share loans.
Effective from Ashar, 2079, personal Overdraft Loans shall attract a risk weight of 150%. Meanwhile, Personal Hire purchase/ Personal Auto loans shall attract a risk weight of 150%. There was no such requirement before.
Furthermore, Real Estate loans for land acquisition and development and lending against shares shall also attract a risk weight of 150%. Previously, lending against securities (bonds and shares) attracted a risk weight of 100%.
Trust Receipt Loans for Trading Firms will now attract a risk weight of 120%.
The central bank has also tightened the requirement for promoters of banks and financial institutions to buy promoter shares of other BFIs. According to the added requirement, promoters who own 1% or more of promoter shareholding in a BFI must receive the central bank's approval to buy promoter shares of any other BFI.",0.5140209197998047
2022-02-21,"Deposit Collection Rose Rs. 1B in First Week of Falgun, Lending Up Rs. 4B",https://www.sharesansar.com/newsdetail/deposit-collection-rose-rs-1b-in-first-week-of-falgun-lending-up-rs-4b-2022-02-21,"The report on the trend of deposit and lending in the nation's commercial banks has been unveiled. This is the data reported as of the first week of Falgun, 2078.
The total deposit remained fairly the same in the first week of Falgun compared to Magh's final week, and the figure is at Rs. 4,312 billion, up by Rs. 1 billion. Rs. 4,220 billion worth of deposit is in local currency while the rest Rs. 92 billion is in foreign currency.
Meanwhile, the total lending has gone up by Rs. 4 billion, and the total figure is at Rs. 4,159 billion. Rs. 4,086 billion worth of lending has been forwarded in local currency while Rs. 73 billion is in foreign currency.",0.5519900321960449
2022-02-16,"Deposit Collection Choked in Fourth Week of Magh, Lending Up Rs. 6B",https://www.sharesansar.com/newsdetail/deposit-collection-choked-in-fourth-week-of-magh-lending-up-rs-6b-2022-02-16,"The report on the trend of deposit and lending in the nation's commercial banks has been unveiled. This is the data reported as of Magh end, 2078.
The total deposit remained the same in the fourth week of Magh, and the figure is at Rs. 4,311 billion. In the third week, this figure had gone up by Rs. 3 billion from the week before that. Rs. 4,217 billion worth of deposit is in local currency while the rest Rs. 94 billion is in foreign currency.
Meanwhile, the total lending has gone up by Rs. 6 billion, and the total figure is at Rs. 4,155 billion. Rs. 4,073 billion worth of lending has been forwarded in local currency while Rs. 82 billion is in foreign currency.",0.5882186889648438
2022-02-13,Bonus Shares of These Companies Are Finally Listed in NEPSE for Trading,https://www.sharesansar.com/newsdetail/bonus-shares-of-these-companies-are-finally-listed-in-nepse-for-trading-2022-02-13,"37,78,389.61 units bonus shares of
Lumbini Bikas Bank Limited (LBBL)
have been listed in NEPSE.
Lumbini Bikas Bank convened its 14th AGM for the FY 2077-78 under the leadership of its chairman Mr. Dashrath Risal on Poush 9, 2078. Apart from the regular financial reports, the AGM endorsed the board’s proposal to provide 13% bonus shares and 0.68% cash dividend to its shareholders from the profit it had made in the fiscal year 2077/2078.
The same bonus shares are now listed. As of writing, LBBL has an LTP of Rs. 488.30.
Similarly, 96,58,176.4290 units bonus shares of
Bank of Kathmandu Limited (BOKL)
have been listed in NEPSE.
Bank of Kathmandu convened its 27th AGM for the FY 2077-78 under the leadership of its chairman Mr. Prakash Shrestha on Mangsir 29, 2078. Apart from the regular financial reports, the AGM endorsed the board’s proposal to provide 10% bonus shares and 4% cash dividend to its shareholders from the profit it had made in the fiscal year 2077/2078.
The same bonus shares are now listed. As of writing, BOKL has an LTP of Rs. 279.
65,07,767.81 units bonus shares of
Himalayan Distillery Limited (HDL)
have also been listed in NEPSE.
The company proposed a 100% dividend for the fiscal year 2077/78. The meeting of the board of directors held on Poush 06 decided to distribute the dividend on the paid-up capital: 75% bonus shares and 25% cash dividend (including tax) were proposed.
The same bonus shares are now listed. As of writing, HDL has an LTP of Rs. 4,418.
10,28,494 units bonus shares of
ICFC Finance Limited (ICFC)
have also been listed in NEPSE.
The company convened its 18th AGM under the leadership of its chairman on Poush 5, 2078. The AGM endorsed the decision to provide 10% bonus shares and 4% cash dividends to its shareholders.
As of writing, ICFC has an LTP of Rs. 672.
In the same way, 84,56,300.53 units bonus shares of
Muktinath Bikas Bank Limited (MNBBL)
have been listed in NEPSE.
Muktinath Bikas Bank conducted its 15th AGM for the FY 2077-78 under the leadership of its chairman Mr. Bharat Raj Dhakal on Mangsir 25, 2078. Apart from the regular financial reports, the AGM endorsed the board’s proposal to provide an 18.50% dividend including 17.575% bonus shares and remaining as cash dividends to its shareholders.
As of writing, MNBBL has an LTP of Rs. 522.
82,51,613.34 units bonus shares of
Nepal Credit & Commerce Bank Limited (NCCB)
have also been listed in NEPSE.
Nepal Credit and Commerce Bank convened its 24th AGM for the FY 2077-78 under the leadership of its chairman Mr. Upendra Kesari Neupane on Poush 29, 2078. Apart from the regular financial reports, the AGM endorsed the board’s proposal to provide 8% bonus shares and 0.42% cash dividend for taxation purposes to its shareholders from the profit it had made in the fiscal year 2077/2078.
The same bonus shares are now listed. As of writing, NCCB has an LTP of Rs. 262.",0.9012619853019714
2022-02-13,Banks and Financial Institutions Raise Interest Rates for Falgun,https://www.sharesansar.com/newsdetail/banks-and-financial-institutions-raise-interest-rates-for-falgun-2022-02-13,"Banks and Financial Institutions have unveiled the interest rates profile for the month of Falgun.
Nepal Rastra Bank had previously taken measures to limit a sudden hike in interest rate. The central bank believed this would minimize the impact on borrowers and businesses that would otherwise be hurt by the rise in interest payment expenses.
However, the liquidity scenario worsened despite the central bank's measures. The national banking economy had very little liquidity, which strangled credit flow. As such, the central bank has now instructed banks to raise the interest rates in order to attract more deposits and ease up the liquidity crisis.
Commercial Banks have raised their highest interest offering on deposits by one percentage point.
Interest Rates Profile in Previous Months
Commercial banks had kept their interest rate profile unchanged in Magh. The maximum interest rate on fixed deposits provided by commercial banks was 10.05%, with Standard Chartered Bank as an exception. SCB had only offered 9.5% as its maximum interest rate on fixed deposits.
In contrast, institutions were offered a maximum of 9.05% on fixed deposits.
Banks had maintained a maximum rate of 10.05% already in the month of Mangsir and Poush.
Meanwhile, development banks had kept 10.35% as the maximum interest rate on fixed deposits (individuals) for the month of Magh. In the month of Poush, the maximum rate was 10.25%. In the month of Magh, institutions were offered not more than 9.35% p.a. In the month of Poush, the maximum rate was 9.25% for institutions.
In contrast, the interest rate on fixed deposits given by finance companies in Magh was capped at 10.65% for individuals. In the month of Magh, institutions were offered not more than 9.65% p.a. In the month of Poush, the maximum rate was 10.35% for individuals and 9.35% for institutions.
Interest Rates Profile Now (Falgun)
Commercial Banks have raised their interest rates profile for the month of Falgun.
Most commercial banks provide a 6.03% interest rate p.a. for depositors on savings. Meanwhile, individuals will get a maximum interest payment of 11.03% p.a. on fixed deposits.
On the other hand, institutions will get a 10.03% interest payment p.a. on fixed deposits.
Development Banks have also raised the interest rates on deposits. Regional level development banks have increased the interest rates on fixed deposits to 11.65% and national level development banks to 11.55%. This is the rate for individual depositors. The rate for institutional depositors is less by one percentage point. Nonetheless, Sindhu Bikas Bank provides 11.81% on fixed deposits for individuals and 10.81% for institutions.
Finance Companies have also raised the interest rates on deposits. The highest interest rate for individuals on fixed deposits is 11.71%. This rate is 10.71% for institutional depositors.",0.596750020980835
2022-02-07,Commercial Banks Report Higher Deposit Collection Than Lending in Third Week of Magh,https://www.sharesansar.com/newsdetail/commercial-banks-report-higher-deposit-collection-than-lending-in-third-week-of-magh-2022-02-07,"The elaborate report on the trend of deposit and lending in the nation's commercial banks has been unveiled. This is the data reported as of Magh 21, 2078, i.e. the last working day of the third week. The CD ratio as of this date is 90.60%.
The total deposit went up by Rs. 3 billion in the third week of Magh, and the figure is at Rs. 4,311 billion. In the second week, this figure had gone down by Rs. 3 billion from the week before that. Rs. 4,215 billion worth of deposit is in local currency while the rest Rs. 96 billion is in foreign currency.
Meanwhile, the total lending has gone up by Rs. 1 billion, and the total figure is at Rs. 4,149 billion. Rs. 4,061 billion worth of lending has been forwarded in local currency while Rs. 88 billion is in foreign currency.",0.17773079872131348
2022-02-03,"In Relation to Anti-Money Laundering and Anti-Terrorism Efforts, Central Bank Tightens Surveillance on Monetary Transactions",https://www.sharesansar.com/newsdetail/in-relation-to-anti-money-laundering-and-anti-terrorism-efforts-central-bank-tightens-surveillance-on-monetary-transactions-2022-02-03,"Nepal Rastra Bank has instructed commercial banks to submit detailed information on all financial transactions greater than Rs. 7,00,000 carried out by the banks' customers. This applies to financial transactions that took place in the first six months of this fiscal year, i.e. from Shrawan 01 to Poush 30.
The Money Laundering Surveillance Unit forwarded the instruction in relation to its anti-money laundering and anti-terrorism efforts. For each transaction worth Rs. 7 lakhs or higher, commercial banks are required to submit the details of the transactions.
The report should include the name of the account holder, account number, exact date, and monetary amount of transaction, among other details. Commercial banks have also been given a sub-heading to mention any additional remark if necessary.",0.9085356593132019
2022-01-26,How Did Commercial Bank Perform During Q2? A Detailed Analysis Of Major Fundamental Indicators,https://www.sharesansar.com/newsdetail/commercial-bank-comparative-q2-78-79-2022-01-26,"Despite many speculations in the market as to how the bank's profitability will play out in the quarters to come because of the low-interest-rate environment and bad loans that might occur, banks have reported improved profitability indicators yet in this quarter.
In this article, we will be focusing mainly on the profitability and business volume indicators of commercial banks and do a comparative analysis. So, let's dive into the numbers.
Profit for the period:
As per the net profit of the unaudited second quarter of FY 2078/79,
Global IME
Bank Limited (GBIME)
is in the lead with a net profit of Rs 2.66 Arba. Similarly,
NIC Asia Bank Limited (NICA)
has the second-highest net profit of Rs 2.40 Arba in the same quarter. In the third position,
Nabil Bank Limited (NABIL)
has a net profit of Rs 2.18 Arba. The bank with the least net profit is
Civil Bank Limited (CBL)
whose net profit amounts to Rs 50 crores.
The industry average net profit of the 27 commercial banks is Rs 1.26 Arba.
All commercial banks except 6 have increased net profit this year compared to the same quarter of last fiscal year.
The total net profit for the year is Rs 34.13 Arba whereas that for the last year of the same quarter was Rs 31.05 Arba.
Paid-up capital:
Paid-up capital refers to the amount of money that commercial banks have received from their shareholders through the exchange of shares in the primary market.
The bank with the highest paid-up capital is
Global IME Bank Limited (GBIME)
with Rs 23.79 Arba capital and
Prime Commercial Bank Limited (PCBL)
with Rs 18.65 Arba paid-up capital.
* ADBL capital includes 5.43 Arba irredeemable noncumulative preference shares.
Reserve and surplus:
With an industry average of Rs 8.10 Arba, 9 banks stand above the average benchmark in their reserve fund. The total reserve and surplus of all commercial banks are at Rs 2.18 Kharba.
In terms of reserves and surplus,
Nepal Bank Limited (NBL)
has maintained its lead with a reserve and surplus of Rs 19.89 Arba.
Rastriya Banijaya Bank (RBB)
has maintained the second position with Rs 17.23 Arba reserve and surplus fund.
Nabil Bank Limited (NABIL)
is in the third position with a reserve and surplus of Rs 15.58 Arba.
Deposits from Customers:
On average, commercial banks have collected Rs 1.57 kharba as a deposit. In total 14 banks are above the average deposit collection.
As of the second quarter of FY 2078/79,
NIC Asia Bank Limited (NICA)
stands on top with total deposits worth Rs 2.94 kharba,
Global IME Bank (GBIME)
has the
second-highest
deposits of Rs 2.71 kharba. Similarly, the bank is followed by
Rastriya Banijaya Bank Limited (RBB)
with the collected deposit of Rs 2.42 kharba respectively.
Nepal Bangladesh Bank Limited (NBB)
has the lowest deposit collection of Rs. 80 Arba.
Loans and advances to Customers:
The top position in loans and advances is occupied by
NIC Asia Bank Limited (NICA)
with credit disbursement worth Rs 2.61 kharba.
Global IME Bank Limited (GBIME)
has a loan and advances portfolio of Rs. 2.56 kharba.
Nabil Bank Limited (NABIL)
has a loan portfolio of Rs 2.15 kharba. Similarly on the other end of the rope,
Nepal Bangladesh Bank Limited (NBB)
has the lowest loan and advances portfolio of Rs. 74 Arba.
The industry average loan disbursed is Rs 1.46 Kharba. 12 commercial banks have a loan portfolio above Rs 1.46 Kharba.
Net interest income:
Net interest income is the net earnings of commercial banks through their core business of collecting deposits and lending loans. The bank with the highest net interest income is
NIC Asia Bank Limited (NICA)
with an income of Rs 5.24 Arba followed by
Global IME Bank Limited (GBIME)
with an income of Rs 4.80 Arba and
Rastriya Banijaya Bank (RBB)
with an income of Rs 4.52 Arba.
The industry average net interest income stands at Rs 2.58 Arba. 12 out of 27 commercial banks are above the industry average in terms of net interest income.
Total comprehensive income:
Global IME Bank Limited (GBIME)
has the highest comprehensive income of Rs 2.55 Arba.
NIC Asia Bank Limited (NICA)
has the second-highest comprehensive income of Rs 2.21 Arba.
Rastriya Banijya Bank Limited  (RBB)
has the third-highest comprehensive income of Rs 1.77 Arba.
Major indicators:
Earnings per share:
NIC Asia Bank Limited (NICA)
becomes the bank to serve investors with the highest annualized EPS of Rs 41.54 per share.
Rastriya Banijya Bank Limited (RBB)
has the second-highest EPS of Rs 27.54 per share.
Siddhartha Bank Limited (SBL)
is in the third position with annualized EPS of Rs 25.19 per share.
Himalayan Bank Limited (HBL)
stays at the bottom with an earning of Rs. 11.47 per share.
The average EPS of 27 commercial banks stands at Rs 18.89. 11 commercial banks still provide EPS higher than that of the industry average.
Net worth per share:
The highest net worth per share among these commercial banks is Rs 238.12 which belongs to
Nepal Bank Limited (NBL)
.
Rastriya Banijya Bank Limited (RBB)
is in the second position with Rs 223.61.
Everest Bank Limited (EBL)
has the third-highest net worth per share as of Q2 of FY 2078/79 i.e. Rs 220.18.
Century Commercial Bank Limited (CCBL)
has the least net worth of Rs 121.19 per share.
The industry average net worth stands around Rs 161.39 per share. 10 companies have a net worth more than the industry average.
P/E ratio:
Global IME Bank Limited (GBIME)
has the least PE ratio of 14.56 times. It is followed by
Century Commercial Bank Limited (CCBL)
with a PE ratio of 16.78 times. 19 commercial banks have a P/E ratio lower than the industry average of 21.93 times.
(The PE ratios are not the recent ratios rather the ratios for the quarter-end. Please look at the current market price to calculate the recent P/E ratio)
Non-Performing Loan:
In today’s context, the concern of investors simply does not rest upon which bank has more loans. The nature of the loan portfolio equally matters.
Nepal SBI Bank Limited (SBI)
reported the lowest NPL of 0.14% in terms of asset quality.
SBI
is followed by
Everest Bank Limited (EBL)
with an NPL of 0.26%.
Rastriya Banijya Bank Limited (RBBL)
has reported the highest NPL of 3.06%. Since RBB is not tradeable,
Agricultural Development Bank Limited (ADBL)
seems to have the highest NPL of 2.08%.
Capital Adequacy Ratio
In terms of the Capital Adequacy ratio (CAR),
Agricultural Development Bank Limited (ADBL)
seems to have reported the highest CAR of 16.30%. This is followed by
Standard Chartered Bank Nepal Limited (SCB)
with a CAR of 15.95%.
Finally, the table below provides a full picture with major indicators of the 27 commercial banks as of the second quarter of FY 2078/79:",0.7628018856048584
2022-01-26,"Lending Comes to An Almost Halt in Magh, Deposit Down Rs. 17 Billion",https://www.sharesansar.com/newsdetail/lending-comes-to-an-almost-halt-in-second-week-of-magh-deposit-down-rs-17-billion-2022-01-26,"The elaborate report on the trend of deposit and lending in the nation's commercial banks has been unveiled. This is the data reported as of Magh 07, 2078, i.e. the last working day of the first working week of Magh. The average CD ratio as of this date is 90.43%.
The total deposit went down by Rs. 13 billion in the second week of Magh, and the figure is at Rs. 4,311 billion. In the last week of Poush, this figure had gone up by Rs. 17 billion from the week before that. Rs. 4,210 billion worth of deposit is in local currency while the rest Rs. 101 billion is in foreign currency.
Meanwhile, the total lending has gone up by Rs. 1 billion, and the total figure is at Rs. 4,144 billion. Rs. 4,055 billion worth of lending has been forwarded in local currency while Rs. 99 billion is in foreign currency.",0.05368012562394142
2022-01-21,Use This Ratio In Your Arsenal While Analyzing Banks,https://www.sharesansar.com/newsdetail/use-this-ratio-in-your-arsenal-while-analyzing-banks-2022-01-20,"Article by Prajwal Shrestha, Sharesansar Financial Analyst
A quick question.
What ratios do you as an investor assess to identify the financial health of any bank?
As an investor, we cannot rely on the ratios we are using to assess the financial health of the manufacturing sector, Hotel, Hydropower, etc. to analyze the banking sector. For one, the banking sector runs on a different business model which makes the financial statements quite unique from other sectors’ financial statements. But let me be clear, once an investor is aware of how the banks run their operations, it will be easier to assess their financial statements.
So, how can one analyze a bank?
Rather than diving into all the ratios at once, we will break it down into segments and learn about each one in different articles.
So, to start off, we will be discussing the CASA ratio which is one of the important ratios to assess the operational efficiency of any bank.
What is CASA Ratio?
Some of us might be new to this word but it’s just the Current Account and Savings Account. Generally, a Current account is opened by a company whereas a Savings account is opened by an individual.
So, what does the CASA ratio really represent?
It represents the ratio of the Current account and Savings account in relation to the total deposit a bank has in its books.
Why is CASA Ratio Important?
Higher the concentration of the Current Account and Savings Account in a total deposit lower the cost of funds for the bank. This means that the bank is getting deposits at a lower cost which allows their Net Interest Income (NII) to expand because they are paying less interest on their deposit.
So, the higher the CASA ratio, the better the core business margin (Net Interest Margin). This leads to better operating efficiency and higher profitability.
We will be discussing Net Interest Margin (NIM) in the upcoming article.
How is it calculated?
The calculation of the CASA ratio is pretty straightforward.
How do we interpret the data?
Let’s suppose Bank A has a Current account deposit of Rs. 15 and a Savings Account deposit of Rs. 20 from the total deposit of Rs. 100. To quickly calculate it, we add CA and SA and divide it by the total deposit.
In this case, we get 35% which indicates that Bank A has 35% Current Account and Savings Account while the rest 65% is covered by Fixed and Call deposits.
CASA ratio of Commercial Bank till Manghsir
Now that we know what the CASA ratio is and how to interpret it, let's look at the real-time CASA ratios of all the commercial banks. As per the monthly report of Manghsir, 2078 published by Nepal Rastra Bank (NRB), Sharesansar calculated the CASA ratio of each of the commercial Banks to see how the banks have been attracting deposits and how they have been maintaining their CASA deposits.
What do these ratios represent?
While analyzing the CASA Ratio of individual banks, we see that most of the company’s ratio has declined compared to the earlier month (Kartik, 2078).
In terms of the average figure, during the month of Manghsir, 2078, 10 companies have reported their CASA ratio above an average of 38.66%.
We can see that the average figure for the industry has declined by 1.33% in Manghsir, 2078 from Kartik 2078. The banks have been increasing their interest rate to attract long-term deposits in the market for the last few months since the demand for loans was higher while the banks were facing a crisis. This competition might have affected the CASA deposit of most of the banks.
In terms of the highest CASA ratio, Rastriya Banijya Bank (RBB) has reported 74.18%. On the flip side, Civil Bank Limited (CBL) has reported a CASA ratio of 21.87%.
Is higher always better?
Unlike Fixed deposits, Current Accounts and Savings Accounts are short-term deposits, meaning customer can withdraw their savings as per their need. This affects the ability of the bank to provide long-term loans to the borrowers. So, too much of the CASA deposit might hinder the goal of the bank to finance long-term projects.
Prajwal Shrestha is a financial analyst at sharesansar covering weekly analysis, quarterly analysis, and fundamental analysis of companies. He dedicates most of his time reading annual reports of publicly traded companies and turns the data into information. If you have any queries, you can reach him via
LinkedIn
or
e-mail
.",0.858927845954895
2022-01-19,"All Commercial Banks Profitable in First 5 Months of FY, Development Banks Report Total Net Profit of Rs. 2.43 Arba",https://www.sharesansar.com/newsdetail/all-commercial-banks-profitable-in-first-5-months-of-fy-development-banks-report-total-net-profit-of-rs-243-arba-2022-01-19,"Nepal Rastra Bank has unveiled the recent statistics covering the net profit of commercial banks, development banks, and finance companies for up to Mangshir of the current fiscal year 2078/79.
Commercial Banks
Data shows that commercial banks all together have realized a total net profit of Rs. 28 Arba and 20 crores. Out of the 27 commercial banks, NIC Asia stands at the top position with a net profit of Rs. 2 Arba. Likewise, Global IME Bank has realized a net profit of Rs. 1 Arba and 96 crores. Meanwhile, Nabil Bank has realized a net profit of Rs. 1 Arba and 89 crores. On the contrary, Century Commercial Bank has the least net profit of Rs. 40 crores.
Commercial Bank
Net profit (in million Rs.)
NIC
2,004.09
Global
1,960.82
NABIL
1,894.28
RBB
1,887.05
Prime
1,500.42
Prabhu
1,376.52
NMB
1,367.54
SBL
1,338.05
NIBL
1,331.73
Mega
1,263.07
NBL
1,035.82
Citizen
996.01
SCBNL
903.12
MBL
879.78
Kumari
869.03
Sanima
864.15
Laxmi
788.17
EBL
759.28
NCC
755.6
Sunrise
703.78
NSBI
659.52
ADBNL
650.64
HBL
561.02
NBBL
546.66
BOK
495.95
CBL
411.18
Century
402.55
Total
28,205.83
Development Banks
Similarly, in the first five months of the current fiscal year 2078/79, development banks have succeeded to make a total net profit of Rs. 2 Arba and 43 crores. Among the 17 development banks, 5 have reported net losses in the period. Muktinath Bikas Bank has realized an impressive net profit of Rs. 46.12 crores, the highest in the industry. Likewise, Garima Bikas Bank stands in the second position with a net profit of Rs. 34.33 crores. Jyoti Bikas Bank, with a net profit of Rs. 33.94 crores, stands in the third position. On the opposite, data of NRB shows that Narayani, Corporate, Sindhu, Salapa, and Saptakoshi Development Bank reported net losses during the period.
Development Bank
Net profit (in millions Rs.)
Muktinath
461.22
Garima
343.3
Jyoti
339.43
Mahalaxmi
316.64
Kamana
304.19
Shine
276.57
LumbiniDB
247.97
Shangrila
140.78
Miteri
43.15
Excel
29.87
Karnali
29.76
GreenDB
8.83
Narayani
-4.42
Corporate
-0.52
Sindhu
-0.92
Salapa
-1.92
Saptakoshi
-100.68
Total
2433.25
Finance
Finance companies have made a net profit of Rs. 54.6 crores. Out of the 17 companies, two finance companies have reported a net loss in the first five months, while the rest 15 are in a profit. Best Finance Company comes first on the list with a net profit of Rs. 12.1 crores. Likewise, Goodwill Finance and ICFC Finance stand in the second and third position with a net profit of Rs. 7.754 crores and Rs. 7.734 crores respectively. Samriddhi Finance and Capital Merchant finance have reported net losses of Rs. 10.46 lakhs and Rs. 35.10 lakhs respectively.
Finance
Net Profit (in million Rs.)
BestFC
121.55
Goodwill
77.54
ICFC
77.34
Manju
53.65
Janaki
46.23
Shree
44.45
GURKHAFC
32.33
Central
30.91
Reliance
22.06
GMBFL
13.62
Pokhara
11.36
NFL
8.52
Multi
5.78
NSML
5.04
Progressive
0.63
Samriddhi
-1.46
CMerchant
-3.51
Total
546.04",0.3360106647014618
2022-01-17,"Deposit Collection Rose Rs. 17 B in Last Week of Poush, Lending Rose Twice As Much",https://www.sharesansar.com/newsdetail/deposit-collection-rose-rs-17-b-in-last-week-of-poush-lending-rose-twice-as-much-2022-01-17,"The elaborate report on the trend of deposit and lending in the nation's commercial banks has been unveiled. This is the data reported as of Poush 30, 2078, i.e. the last working day of the month's last week.
The total deposit went up by Rs. 17 billion in the fifth week of Poush, and the figure is at Rs. 4,324 billion. In the fourth week, this figure had gone up by Rs. 58 billion from the week before that. Rs. 4,227 billion worth of deposit is in local currency while the rest Rs. 97 billion is in foreign currency.
Meanwhile, the total lending has gone up by Rs. 35 billion, and the total figure is at Rs. 4,143 billion. Rs. 4,037 billion worth of lending has been forwarded in local currency while Rs. 106 billion is in foreign currency.",0.44224685430526733
2022-01-14,NCC Bank concludes its 24th AGM; endorses proposal of 8.42% dividend to its shareholders,https://www.sharesansar.com/newsdetail/ncc-bank-concludes-its-24th-agm-endorses-proposal-of-842-dividend-to-its-shareholders-2022-01-14,"Nepal Credit and Commerce Bank has convened its 24
th
AGM for the FY 2077-78 under the leadership of its chairman Mr. Upendra Kesari Neupane on Poush 29, 2078.
Apart from the regular financial reports, The AGM has endorsed the board’s proposal to provide 8% bonus shares and 0.42% cash dividend for taxation purposes to its shareholders from the profit it had made in the previous fiscal year. After the bonus shares, the new paid-up capital of the bank will reach Rs 11.13 arba
The bank had raised deposits of Rs 110.80 arba, disbursed loans of Rs 98.32 arba, earned a net profit of Rs 1.33 arba after bonus and tax adjustment during the review period, as per the media statement.
The bank currently provides its services to its customers from its 137 branches, 12 extension counters, 114 ATM outlets under its network.",-0.12469404935836792
2022-01-14,"Commercial Banks Keep Interest Rate Stable for Magh, Development Banks and Finance Companies Raise Slightly",https://www.sharesansar.com/newsdetail/commercial-banks-keep-interest-rate-stable-for-magh-development-banks-and-finance-companies-raise-slightly-2022-01-14,"Banks and Financial Institutions have unveiled the interest rates profile for the month of Magh.
Commercial banks have kept their interest rate profile unchanged. The maximum interest rate on fixed deposits provided by commercial banks is 10.05%, with Standard Chartered Bank as an exception. SCB has only 9.5% as its maximum interest rate on fixed deposits.
In contrast, institutions will be paid a maximum of 9.05% on fixed deposits.
It is to be noted that most banks had maintained a maximum rate of 10.05% already in the month of Mangsir and Poush.
Meanwhile, development banks have kept 10.35% as the maximum interest rate on fixed deposits (individuals) for the month of Magh. In the previous month of Poush, the maximum rate was 10.25%. In the month of Magh, institutions will get interest payment of not more than 9.35% p.a. In the previous month of Poush, the maximum rate was 9.25% for institutions.
In contrast, the interest rate on fixed deposits given by finance companies is capped at 10.65% for individuals. In the month of Magh, institutions will get interest payment of not more than 9.65% p.a. In the previous month of Poush, the maximum rate was 10.35% for individuals and 9.35% for institutions.",0.8441302180290222
2022-01-10,Banks and Financial Institutions Instructed to Follow Stricter Protocols Amidst Risk of New Covid-19 Wave,https://www.sharesansar.com/newsdetail/banks-and-financial-institutions-instructed-to-follow-stricter-protocols-amidst-risk-of-new-covid-19-wave-2022-01-10,"In response to the increased risk of new strain infection of Covid-19, Nepal Rastra Bank has issued a set of instructions to banks and financial institutions.
A, B, C, and D class financial institutions have been instructed to follow the instructions issued by the government and WHO. The central bank has urged banks and financial institutions to ensure optimum protection and minimization of virus transmission among staff members directly involved in front-line banking services.
For this, the central bank has instructed the banks and financial institutions to maintain proper physical distancing while minimizing physical presence as much as possible. The central bank has recommended keeping the ATM booths open for proper ventilation along with necessary sanitization equipment. Lastly, all banks and financial institutions have been instructed to minimize physical gatherings, meetings, seminars, training programs and revert back to virtual conferencing.",0.826844334602356
2022-01-10,"Deposit Collection Spikes in Fourth Week of Poush, Lending Fairly Stable",https://www.sharesansar.com/newsdetail/commercial-banks-report-four-times-more-deposit-in-fourth-week-of-poush-2022-01-10,"The elaborate report on the trend of deposit and lending in the nation's commercial banks has been unveiled. This is the data reported as of Poush 23, 2078, i.e. the last working day of the fourth week. The CD ratio as of this date is 89.68%.
The total deposit went up by Rs. 58 billion in the fourth week of Poush, and the figure is at Rs. 4,307 billion. In the third week, this figure had gone up by Rs. 14 billion from the week before that. Rs. 4,209 billion worth of deposit is in local currency while the rest Rs. 98 billion is in foreign currency.
Meanwhile, the total lending has gone up by Rs. 9 billion, and the total figure is at Rs. 4,108 billion. Rs. 3,994 billion worth of lending has been forwarded in local currency while Rs. 114 billion is in foreign currency.",0.21189069747924805
2022-01-04,"Total Deposit Up Rs. 14B in Third Week of Poush, Lending Up Rs. 11B, CD Ratio at 91.02%",https://www.sharesansar.com/newsdetail/total-deposit-up-rs-14b-in-third-week-of-poush-lending-up-rs-11b-cd-ratio-at-9102-2022-01-04,"The elaborate report on the trend of deposit and lending in the nation's commercial banks has been unveiled. This is the data reported as of Poush 16, 2078, i.e. the last working day of the third week. The CD ratio as of this date is 91.02%.
The total deposit went up by Rs. 14 billion in the third week of Poush, and the figure is at Rs. 4,249 billion. Rs. 4,148 billion worth of deposit is in local currency while the rest Rs. 101 billion is in foreign currency.
Meanwhile, the total lending has gone up by Rs. 11 billion, and the total figure is at Rs. 4,099 billion. Rs. 3,974 billion worth of lending has been forwarded in local currency while Rs. 125 billion is in foreign currency.",0.65803462266922
2021-12-31,NCC Bank signs agreement with Hotel Siraichuli; MoU to enable bank’s card and MoBanking users to receive 25% discount at Bharatpur based hotel,https://www.sharesansar.com/newsdetail/ncc-bank-signs-agreement-with-hotel-siraichuli-mou-to-enable-banks-card-and-mobanking-users-to-receive-25-discount-at-bharatpur-based-hotel-2021-12-31,"NCC Bank Ltd
has entered into an agreement with Hotel Siraichuli of Bharatpur. The MoU was signed with the hotel on Poush 14, 2078.
Following the agreement, customers and employees of the bank using its cards and MoBanking service will get an attractive discount of 10% for food and beverage service and 25% for accommodation service at the hotel, as per the media statement.
The bank currently has 137 branches, 114 ATM outlets, and 11 extension counters under its network, as per the media statement.",-0.2395993173122406
2021-12-27,"Total Deposit Down Rs. 4 Billion, Lending Up Rs. 3 Billion in Second Week of Poush",https://www.sharesansar.com/newsdetail/total-deposit-down-rs-4-billion-lending-up-rs-3-billion-in-second-week-of-poush-2021-12-27,"The elaborate report on the trend of deposit and lending in the nation's commercial banks has been unveiled. This is the data reported as of 09 Poush, i.e. the last working day of the second week of Poush. The CD ratio as of this date is 91.30%.
The total deposit went down by Rs. 4 billion in the second week of Poush, and the figure is at Rs. 4,235 billion. Rs. 4,128 billion worth of deposit is in local currency while the rest Rs. 107 billion is in foreign currency.
Meanwhile, the total lending has gone up by Rs. 3 billion, and the total figure is at Rs. 4,088 billion. Rs. 3,953 billion worth of lending has been forwarded in local currency while Rs. 135 billion is in foreign currency.
As the month of Mangsir was approaching its end, the new interest rates profile to be unveiled by banks for Poush was believed to have a determining effect on the nation's liquidity and the capital market. However, commercial banks have chosen to keep the rates stable for Poush.",0.1544867753982544
2021-12-26,Last Day to Grab Dividend Proposed By These Companies,https://www.sharesansar.com/newsdetail/last-day-to-grab-dividend-proposed-by-these-companies-2021-12-24,"Vijaya Laghubitta Bittiya Sanstha Limited (VLBS)
has called its 9th AGM on 24th Poush, 2078. The meeting will be held in Gaidakot Resort, Nawalparasi, starting at 11: 30 am that day.
Amon other agendas, the AGM will endorse a 21.085% dividend for the fiscal year 2077/78. The meeting of the board of directors held on Kartik 29 decided to distribute the dividend on the paid-up capital of Rs. 26.65 Arba. 20.031% bonus shares worth Rs. 5.34 crores and 1.058% cash dividend (for tax purposes) worth slightly over Rs. 5.62 crores have been proposed.
This meeting will also elect 4 board members from the promoters.
For the dividend and the AGM, Poush 12 is the book closure date. Thus, shareholders maintained till today are entitled to the dividend payout and can also attend the AGM.
Nepal Credit & Commerce Bank Limited (NCCB)
has also called its 24th AGM on 29th Poush, 2078. The meeting will be held in Hotel Hardik, Bagbazar, Kathmandu, starting at 11 am that day.
Among other agendas, the AGM will endorse an 8.42% dividend for the fiscal year 2077/78. The 873rd meeting of the board of directors held on Mangsir 14 decided to distribute the dividend on the paid-up capital of Rs. 10.31 Arba. 8% bonus shares worth Rs. 82.51 crores and 0.42% cash dividend (including tax) worth Rs. 4.34 crores have been proposed.
Poush 12 is the book closure date. Thus, shareholders maintained till today are entitled to the dividend payout and can also attend this AGM.
Mahuli Laghubitta Bittiya Sanstha Limited (MSLB)
has called its 9th AGM on 24th Poush, 2078. The meeting will be held in the company's head office in Saptari, starting at 11 am that day.
Among other agendas, the AGM will endorse the 26% dividend for the fiscal year 2077/78. The 120th meeting of the board of directors held on Kartik 13 has decided to distribute 26% bonus shares from the paid-up capital. Since the paid-up capital of the company is Rs. 22.39 crore the bonus shares amount to Rs. 5.82 crore.
Furthermore, there is also an agenda to discuss the issuance of Follow On Public Offer (FPO) at a premium rate.
Poush 12 is the book closure date. Thus, shareholders maintained till today are entitled to the dividend payout and can also attend this AGM.",0.9074193239212036
2021-12-20,Nepal Credit & Commerce Bank (NCCB) Calls AGM to Endorse 8.42% Dividend,https://www.sharesansar.com/newsdetail/nepal-credit-commerce-bank-nccb-calls-agm-to-endorse-842-dividend-2021-12-20,"Nepal Credit & Commerce Bank Limited (NCCB)
has called its 24th AGM on 29th Poush, 2078. The meeting will be held in Hotel Hardik, Bagbazar, Kathmandu, starting at 11 am that day.
Among other agendas, the AGM will endorse an 8.42% dividend for the fiscal year 2077/78. The 873rd meeting of the board of directors held on Mangsir 14 decided to distribute the dividend on the paid-up capital of Rs. 10.31 Arba. 8% bonus shares worth Rs. 82.51 crores and 0.42% cash dividend (including tax) worth Rs. 4.34 crores have been proposed.
Poush 12 is the book closure date. Thus, shareholders maintained before that day are entitled to the dividend payout and can also attend this AGM.
The paid-up capital after dividend adjustment will be Rs. 11,13,96,78,014. As of writing, NCCB has an LTP of Rs. 268.90.
AGM notice",0.9113049507141113
2021-12-15,Commercial Banks Keep Interest Rates Stable: Why This Happened and What It Means,https://www.sharesansar.com/newsdetail/commercial-banks-keep-interest-rates-stable-why-this-happened-and-what-it-means-2021-12-15,"Commercial Banks have unveiled the interest rates profile for the month of Poush.
As a probable effect of the gentlemen agreement done among bankers a few days ago, commercial banks have kept their interest rates profile fairly unchanged. The maximum interest rate on fixed deposits provided by commercial banks is 10.05%, with Standard Chartered Bank as an exception. SCB has only 9.5% as its maximum interest rate on fixed deposits.
It is to be noted that most banks had maintained a maximum rate of 10.05% already in the month of Mangsir. Thus, it seems that those that had lower rates have met with other banks to maintain a stable maximum rate of 10.05% for Poush.
While this might be a result of the gentlemen agreement, the actual liquidity scenario in the nation's banking system is struggling. Commercial banks have continuously reported a fall in deposits collected each week along with a simultaneous increase in lending. This has resulted in a shortage of liquidity in the banking system.
While this problem would be solved by raising interest rates, hence attracting more deposits, raising the rates has a simultaneous negative impact. This translates to higher interest payment for borrowers and businesses, which is conducive to investment and growth. This is a prime reason why the central bank slapped limits on commercial banks from raising their interest rates steeply.
The change in interest rates was of great significance to investors in NEPSE, since the rise in interest rates has a negative effect on the capital market. With the banks keeping the rates constant, at least for the upcoming month, it is reasonable to guess that investors have been consoled a bit.
As of writing, the secondary market is 13 minutes into today's trading session. The NEPSE index has gained 29.47 points and is at 2,448.32.",0.002433463931083679
2021-12-15,NCC Bank celebrates its silver jubilee anniversary by felicitating its 5 senior most employees; bank completes its 25 memorable years of journey with several highs and lows,https://www.sharesansar.com/newsdetail/ncc-bank-celebrates-its-silver-jubilee-anniversary-by-felicitating-its-5-senior-most-employees-bank-completes-its-25-memorable-years-of-journey-with-several-highs-and-lows-2021-12-15,"Nepal Credit and Commerce Bank has celebrated its 25
th
anniversary on Mangsir 28, 2078 by organizing an award distribution event.
The event was facilitated by the CEO of the bank Mr. Ramesh Raj Aryal and chairman of the bank Mr. Upendra Keshari Neupane who felicitated five bank employees who have been serving the bank for the last 25 years namely Ms. Amita Shrestha, Ms. Julie Shrestha, Ms. Sarina Pandey, Mr. Mangal Bahadur Balami and Mr. Rajman Dangol.
The bank currently has 137 branches, 10 extension counters, and  114 ATM outlets under its network.",0.37757930159568787
2021-12-14,"Total Deposits Went Down Rs. 5 Billion in Third Week of Mangsir, Lending Went Up Rs. 8 Billion",https://www.sharesansar.com/newsdetail/total-deposits-went-down-rs-5-billion-in-third-week-of-mangsir-lending-went-up-rs-8-billion-2021-12-14,"The elaborate report on the trend of deposit and lending in the nation's commercial banks has been unveiled. This is the data reported as of Mangsir 24, i.e. the last working day of the third week. The CD ratio as of this date is 91.49%.
The total deposit went down by Rs. 5 billion in the third week of Mangsir, and the figure is at Rs. 4,221 billion. Rs. 4,108 billion worth of deposit is in local currency while the rest Rs. 113 billion is in foreign currency.
Meanwhile, the total lending has gone up by Rs. 8 billion, and the total figure is at Rs. 4,077 billion. Rs. 3,923 billion worth of lending has been forwarded in local currency while Rs. 153 billion is in foreign currency.
Commercial banks reported a total of 35.31 Arba squeeze in the total deposit collected in Kartik compared to the data reported in Ashwin. On the other side of things, banks have simultaneously been hit by a surge in capital demands from the public and businesses. As the economy restarted its revival from the shutdown, businesses and individuals have started to demand funding from the banks. Commercial banks have reported an increase in total monthly loan forwarding by 36.12 Arba in Kartik.
Combining these two scenarios, there has been pressure on the banks to forward loans at a time when deposit funds are drying up. This has resulted in a competitive drive among banks to raise interest rates to attract deposits. Meanwhile, the central bank has retaliated by restricting massive interest rate hikes to save borrowers and businesses from high-interest expenses.
The month of Mangsir is on the verge of ending, and the new interest rates profile to be unveiled soon by banks for Poush will have a determining effect on the nation's liquidity and the capital market.",0.024039076641201973
2021-12-12,NCC Bank organizes blood donation events at 9 different cities across the nation; felicitates Mr. Prem Sagar Karmachahrya for donating his blood for 168 times,https://www.sharesansar.com/newsdetail/ncc-bank-organizes-blood-donation-events-at-9-different-cities-across-the-nation-felicitates-mr-prem-sagar-karmachahrya-for-donating-his-blood-for-168-times-2021-12-12,"Nepal Credit and Commerce Bank, to celebrate its 25
th
anniversary, has organized blood donation events on Mangsir 24, 2078 at different places of the nation.
The bank has organized blood donation events at Biratnagar, Janakpur, Lahan, Kathmandu main office, Narayangad, Pokhara, Siddharthanagar, Birendranagar, and Dhangadi thereby collecting 571-pint blood, as per the media statement.
Likewise, the CEO of the bank Mr. Ramesh Raj Aryal has also felicitated Mr. Prem Sagar Karmacharya of Kathmandu Baghbazar who has donated his blood 168 times, as per the media statement.
The bank currently has 137 branches, 10 extension counters, and 114 ATM outlets under its network.",0.8242490291595459
2021-12-06,Rise in Deposit Collection in Third Week of Mangsir Accompanied With Twice As Much Lending,https://www.sharesansar.com/newsdetail/rise-in-deposit-collection-in-third-week-of-kartik-accompanies-with-twice-as-much-lending-2021-12-06,"The elaborate report on the trend of deposit and lending in the nation's commercial banks has been unveiled. This is the data reported as of Mangsir 17, i.e. the last working day of the third week. The CD ratio as of this date is 91.24%.
The total deposit went up by Rs. 7 billion in the first week of Mangsir, and the figure is at Rs. 4,226 billion. Rs. 4,109 billion worth of deposit is in local currency while the rest Rs. 117 billion is in foreign currency.
Meanwhile, the total lending has gone up by Rs. 14 billion, and the total figure is at Rs. 4,069 billion. Rs. 3,913 billion worth of lending has been forwarded in local currency while Rs. 156 billion is in foreign currency.
Commercial banks reported a total of 35.31 Arba squeeze in the total deposit collected in Kartik compared to the data reported in Ashwin. On the other side of things, banks have simultaneously been hit by a surge in capital demands from the public and businesses. As the economy restarted its revival from the shutdown, businesses and individuals have started to demand funding from the banks. Commercial banks have reported an increase in total monthly loan forwarding by 36.12 Arba in Kartik.
Combining these two scenarios, there has been pressure on the banks to forward loans at a time when deposit funds are drying up. This has resulted in a competitive drive among banks to raise interest rates to attract deposits. Meanwhile, the central bank has retaliated by restricting massive interest rate hikes to save borrowers and businesses from high-interest expenses.
On the other side, there has been speculation of yet another shutdown to be caused by the spread of the Omicron variant. Two cases of the Omicron variant have been
detected today.
This speculation is immediately followed by concerns over the liquidity scenario that may change in the nation's banking system. During the last two waves, the liquidity was in excess, causing banks to lower interest rates.",-0.045492902398109436
2021-12-01,Nepal Credit & Commerce Bank (NCCB) Proposes 8% Bonus Shares and 0.42% Cash Dividend for FY 2077/78,https://www.sharesansar.com/newsdetail/nepal-credit-commerce-bank-nccb-proposes-8-bonus-shares-and-002-cash-dividend-for-fy-207778-2021-12-01,"Nepal Credit & Commerce Bank Limited (NCCB)
has proposed an 8.42% dividend for the fiscal year 2077/78.
The 873rd meeting of the board of directors held on Mangsir 14 decided to distribute the dividend on the paid-up capital of Rs. 10.31 Arba. 8% bonus shares worth Rs. 82.51 crores and 0.42% cash dividend (including tax) worth Rs. 4.34 crores have been proposed.
The dividend will be distributed only after approval by the central bank and endorsement by the company's upcoming AGM. As of writing, NCCB has an LTP of Rs. 292.
Dividend History:",0.9017775058746338
2021-11-30,"Weekly Deposit Shrinks Rs. 7 Billion in Commercial Banks, Lending Expands Twice As Much",https://www.sharesansar.com/newsdetail/weekly-deposit-shrinks-rs-7-billion-in-commercial-banks-lending-expands-twice-as-much-2021-11-30,"The elaborate report on the trend of deposit and lending in the nation's commercial banks has been unveiled. This is the data reported as of Mangsir 10, i.e. the last working day of the second week. The CD ratio as of this date is 90.93%.
The total deposit went down by Rs. 7 billion in the second week of Mangsir, and the figure is at Rs. 4,219 billion. Rs. 4,101 billion worth of deposit is in local currency while the rest Rs. 118 billion is in foreign currency.
Meanwhile, the total lending has gone up by Rs. 14 billion, and the total figure is at Rs. 4,055 billion. Rs. 3,900 billion worth of lending has been forwarded in local currency while Rs. 155 billion is in foreign currency.",0.035390935838222504
2021-11-22,"Rs. 7 Billion Less Deposit in First Week of Mangsir, Rs. 7 Billion More Lending",https://www.sharesansar.com/newsdetail/deposit-lending-2021-11-22,"The elaborate report on the trend of deposit and lending in the nation's commercial banks has been unveiled. This is the data reported as of Mangsir 03, i.e. the last working day of the first week. The CD ratio as of this date is 90.57%.
The total deposit went down by Rs. 7 billion in the first week of Mangsir, and the figure is at Rs. 4,226 billion. Rs. 4,105 billion worth of deposit is in local currency while the rest Rs. 121 billion is in foreign currency.
Meanwhile, the total lending has gone up by Rs. 7 billion, and the total figure is at Rs. 4,041 billion. Rs. 3,885 billion worth of lending has been forwarded in local currency while Rs. 156 billion is in foreign currency.
Commercial banks reported a total of 35.31 Arba squeeze in the total deposit collected in Kartik compared to the data reported in Ashwin. On the other side of things, banks have simultaneously been hit by a surge in capital demands from the public and businesses. As the economy restarted its revival from the shutdown, businesses and individuals have started to demand funding from the banks. Commercial banks have reported an increase in total monthly loan forwarding by 36.12 Arba in Kartik.
Combining these two scenarios, there has been pressure on the banks to forward loans at a time when deposit funds are drying up. This has resulted in a competitive drive among banks to raise interest rates to attract deposits. Meanwhile, the central bank has retaliated by restricting massive interest rate hikes to save borrowers and businesses from high-interest expenses.",0.013173982501029968
2021-11-19,"Economy Battles Liquidity Crisis: Deposit Squeezed Down 35.31 Arba in Kartik, Lending Stretched Up 36.12 Arba",https://www.sharesansar.com/newsdetail/economy-battles-liquidity-crisis-deposit-squeezed-down-3531-in-kartik-lending-stretched-up-3612-2021-11-19,"The elaborate report on the trend of deposit and lending in the nation's commercial banks has been unveiled. This is the data reported as of Kartik.
Commercial banks have reported a total of 35.31 Arba squeeze in the total deposit collected in Kartik compared to the data reported in Ashwin. NIC Asia Bank Limited (NICA) has reported the highest squeeze compared to its previous Ashwin figure: a slash of 13.89 Arba. Meanwhile, Himalayan Bank Limited has reported a rise in monthly deposits by 14.6 Arba.
On the other side of things, banks have simultaneously been hit by a surge in capital demands from the public and businesses. As the economy restarted its revival from the shutdown, businesses and individuals have started to demand funding from the banks. Commercial banks have reported an increase in total monthly loan forwarding by 36.12 Arba. Himalayan Bank Limited has reported the highest individual rise by 6.07 Arba. Nonetheless, Rastriya Banijya Bank has rather reported a fall of 2.56 Arba in its data.
Combining these two scenarios, there has been pressure on the banks to forward loans at a time when deposit funds are drying up. This has resulted in a competitive drive among banks to raise interest rates to attract deposits. Meanwhile, the central bank has retaliated by restricting massive interest rate hikes to save borrowers and businesses from high-interest expenses.
During a discussion in the Ministry of Finance with the Governor of NRB, CEOs, and representatives of commercial banks last Friday, Finance Minister Janardan Sharma said that liquidity balance can be achieved by increasing government capital expenditure in the short run and managing foreign resources.
He said that the liquidity problem could be solved in the long run only by mobilizing capital in the manufacturing sector. ""As soon as capital is mobilized in the manufacturing sector, many problems will be solved,"" he said, urging banks to ""tighten lending to unproductive sectors"".
""We have tightened some imports now. Banks should also increase restriction in the same way,"" Sharma said.
During the discussion, Finance Secretary Madhu Kumar Marasini clarified that liquidity will not be reduced by transferring local level funds to commercial banks as the banks have said. ""Money doesn't go all at once. There's not as much money as you say,"" Marasini said.
Similarly, Chairman of Nepal Bankers Association and CEO of ADBL Anil Kumar Upadhyaya suggested that the lack of liquidity in the market could be solved by increasing the capital expenditure of the government. He also said that the liquidity problem would be solved immediately if arrangements were made including Hundi control, a speedy introduction of foreign loans or grants, and keeping 100 Arba of the funds of local level and corporations in commercial banks.
Similarly, Nabil Bank CEO Anil Shah stressed the need to increase foreign exchange reserves by stopping the import of non-essential items. He suggested that the import of chocolate and other commodities should be stopped.
The CD ratio as of Kartik is 90.15.
Monthly Deposit Figures
S.n
Bank
31 Asoj, 2078
30 Kartik, 2078
Change since Last Month (Amount)
Total Deposit
Total Deposit
1
ADBNL
153.41
150.71
-2.70
2
BOK
104.35
103.61
-0.74
3
CENTURY
96.71
94.66
-2.05
4
CITIZEN
145.60
139.51
-6.09
5
CIVIL
94.59
92.21
-2.38
6
EBL
164.48
163.81
-0.67
7
GLOBAL
277.05
276.72
-0.33
8
HBL
150.90
165.50
14.60
9
KUMARI
166.34
162.83
-3.51
10
LAXMI
120.64
125.21
4.57
11
MBL
134.65
136.85
2.20
12
MEGA
148.27
147.77
-0.50
13
NABIL
231.14
230.53
-0.61
14
NBBL
80.14
78.93
-1.21
15
NBL
173.61
169.62
-3.99
16
NCC
122.20
120.53
-1.67
17
NIBL
172.72
174.41
1.69
18
NIC
311.44
297.55
-13.89
19
NMB
175.67
180.54
4.87
20
NSBL
107.84
111.05
3.21
21
PRABHU
168.34
160.88
-7.46
22
PRIME
164.43
161.91
-2.52
23
RBB
241.89
231.55
-10.34
24
SANIMA
143.94
141.34
-2.60
25
SBL
192.20
192.61
0.41
26
SCBNL
94.02
94.13
0.11
27
SUNRISE
132.08
128.37
-3.71
Industry Total/Avg
4,268.65
4,233.34
-35.31
Monthly Lending Figures
S.n
Bank
31 Asoj, 2078
30 Kartik, 2078
Change since Last Month  (Amount)
Total Lending
Total Lending
1
ADBNL
165.78
166.95
1.17
2
BOK
104.65
104.50
-0.15
3
CENTURY
87.21
86.52
-0.69
4
CITIZEN
132.75
131.94
-0.81
5
CIVIL
86.10
86.94
0.84
6
EBL
144.07
143.38
-0.69
7
GLOBAL
265.71
268.71
3.00
8
HBL
145.82
151.89
6.07
9
KUMARI
157.62
158.94
1.32
10
LAXMI
117.35
121.78
4.43
11
MBL
128.34
130.08
1.74
12
MEGA
144.93
144.44
-0.49
13
NABIL
214.41
213.49
-0.92
14
NBBL
74.54
75.55
1.01
15
NBL
157.58
162.35
4.77
16
NCC
114.30
113.84
-0.46
17
NIBL
173.62
177.32
3.70
18
NIC
277.85
276.64
-1.21
19
NMB
172.82
174.45
1.63
20
NSBL
109.29
110.14
0.85
21
PRABHU
145.92
146.95
1.03
22
PRIME
150.80
152.75
1.95
23
RBB
211.40
208.84
-2.56
24
SANIMA
132.14
134.35
2.21
25
SBL
180.86
182.58
1.72
26
SCBNL
83.71
86.35
2.64
27
SUNRISE
118.65
122.67
4.02
Industry Total/Avg
3,998.22
4,034.34
36.12",-0.030361637473106384
2021-11-17,"New Working Committee of Nepal Bankers' Association Hold Meeting With Governor, Give Suggestions on Monetary Policy Review",https://www.sharesansar.com/newsdetail/new-working-committee-of-nepal-bankers-association-hold-meeting-with-governor-give-suggestions-on-monetary-policy-review-2021-11-17,"Newly appointed office bearers and former presidents of the
Nepal Bankers' Association
held a meeting program with Governor Maha Prasad Adhikari. The program was attended by Deputy Governors, Executive Directors, and other senior officials of NRB and members of the new working committee on behalf of the association.
The newly appointed president of the association, Mr. Anil Kumar Upadhyaya, expressed his commitment to play a role in the financial governance, empowerment, and growth of the association, and hoped to receive guidance from the central bank in the days to come.
In addition, Mr. Upadhyay expressed his heartfelt congratulations and best wishes for a successful tenure as the newly concluded SAARCFINANCE Governors’ Group Meeting has elected Mr. Governor as the Chairman of SAARCFINANCE. He hoped that during the tenure of the Governor, there would be mutual cooperation and understanding between SAARCFINANCE Governors on common issues in the economic and financial sectors.
On the occasion of the meeting, in view of the first quarterly review of the monetary policy, the Chairman presented suggestions on behalf of the association.
Mr. Governor congratulated all the office bearers including the newly elected Chairman and wished them a successful tenure. Referring to the recent high credit growth, the Governor urged the banks to exercise restraint. Assuring that the policy/guidelines to be issued by Nepal Rastra Bank will be discussed with the stakeholders, he also assured that the suggestions submitted for the first quarterly review will be discussed internally and appropriate suggestions will be implemented.
These are the suggestions made by the Nepal Bankers' Association:
(1) Adopting some flexibility on the issues of CD Ratio, Liquidity Ratio, CRR, etc., keeping in view the recent liquidity pressure.
(2) To review the arrangements and formulas of interest rate spread, service fee, and base rate.
(3) To adopt some flexibility in the limits of investment in the directed sector.
(4) To make appropriate arrangements for the issuance of financial instruments like SME Bond, Convertible Debenture, Perpetual Debenture, etc.
(5) To review the interest rate spread provided on refinancing.
(6) To make arrangements for investing in deposits in Indian banks to earn interest.
(7) To make appropriate policy arrangements for the establishment of Fintech companies as subsidiaries in order to encourage digital banking.
(8) If banks provide financial assistance for the promotion of financial literacy and banking, the banks should be allowed to include the expenses under their corporate social responsibility.",0.6861373782157898
2021-11-16,"Commercial Banks Can Only Provide Upto 10.05% on Fixed Deposits, Rates of Finance Companies and Development Banks Also Capped Slightly Higher",https://www.sharesansar.com/newsdetail/commercial-banks-can-only-provide-1005-on-fixed-deposits-rates-of-finance-companies-and-development-banks-also-capped-slightly-higher-2021-11-16,"Banks and financial institutions have unveiled their interest rates for the month of Mangsir.
While the banking economy is struggling to attract enough deposits for loan forwarding, Nepal Rastra Bank has further tightened the interest rate raising provisions. Previously, banks could only raise their previous interest rates by 10%. Modifying the rule, NRB issued a directive that a bank will be allowed to increase the interest rate by only 10 percent of the average interest rate of all the commercial banks. The same rule applies to development banks and finance companies, according to their own sector.
Pertaining to the directive, it seems that most commercial banks have raised their rates to the maximum allowed interest rate of 10.05% on fixed deposits.
In Kartik, the interest yield on fixed deposits of most commercial banks stood at 9.36%, with some banks only paying 8%. The average interest rate on fixed deposits published by banks last month was 9.13. Thus, when the average interest rate is increased by 10 percent, it becomes 10.05%, hence the new rate unveiled by most banks today.
Mega Bank has 9.96% as its highest interest rate and Standard Chartered Bank has 9.5%. Rastriya Banijya Bank, which is fully government-owned, has a maximum interest rate of 9.11%.
Intriguingly, Nepal Credit & Commerce Bank Limited (NCCB) will provide 8.75% on ordinary savings scheme, under the heading ""NCC Silver Saving Account.""
Meanwhile, most development banks have kept 10.25% as the maximum interest rate on fixed deposits (individuals) for the month of Mangsir. However, Narayani Development Bank has claimed to provide a maximum of 10.3% interest rate on FDs and Sindhu Bikas Bank has claimed of providing 10.38%.
In contrast, the interest rate on fixed deposits given by finance companies is capped at 10.35%.",0.8141272664070129
2021-11-15,The Issues I Have With NRs. 19 Crores Worth of Banking Credit Fraud,https://www.sharesansar.com/newsdetail/the-issues-i-have-with-nrs-19-crores-worth-of-banking-credit-fraud-2021-11-15,"The author claims sole credit and responsibility for the opinions presented in this article. This article was submitted by a guest writer (navigate to the bottom for details).
The Nepalese banking sector came to know about a major event of banking credit fraud of NRs. 19 crores at one of the reputed A-Class banks last week. The fraud was related to fake documents of land ownership, mortgage, and rokka.
As per various news articles published on reliable media sources, the masterminds of the fraud game are under investigation (custody). An engineer who was involved in the evaluation of collateral has been taken into custody, along with a bank staff (Junior Assistant) deputed at Malpot Office. This event has once again triggered fear and discussion among all levels of personnel involved in the banking industry.
Issue 1
It has been reported in the news that the related Bank has already made the borrower settle the loan after getting to know that the loan was disbursed against fake collateral and fake mortgage documents. This is a praise-worthy task done by the bank's management that has safe-guarded the sweat and toil of the general people in time.
However, it is still unknown whether the bank has informed government authorities regarding the people involved in the production of such fake security documents. It is still not up to light whether the bank reported complaints to the Police or other concerned authority against the related borrower as the production of fake governmental seals and documents is a critical crime against the state.
It has been reported that the issue came to light only after some months when the reputed singer and owner of the property filed complaints at CIB. Now a simple question arises in the mind of an honest citizen: is only settling the loan adequate for a serious crime involving the production of fake government documents?
For an instance, bankers regularly torture innocent account holders for KYC, Customer Due Diligence, and related terminologies of AML and CFT at deposit/ withdrawal of a few thousands of rupees in accounts and file Suspicious Transactions Report against money laundering. But isn’t it a serious issue if they have done nothing in case of credit fraud of crores of rupees involving fake governmental documents, but rather tried to conceal the issue after settlement of the loan?
The silent settlement of the issue puts thousands of innocent bankers at risk of being trapped by ill-minded people and may encourage wrong-doers to dig a wide hole in the banking system- ultimately risking the integrity and trust of the financial system.
Issue 2
There is no online way of checking and tracking mortgage deeds and rokka paper at the Malpot Office in Nepal. Even to get a copy of one's own land ownership documents, one has to route oneself with “agents” around malpot offices and waste thousands of rupees. Multiple studies and reports published by organizations working on governance have already revealed Malpot offices being negatively reputed as corruption centers.
Had there been an online way of tracking authenticity available to banks about whether a mortgage deed/Rokka of the property was legally registered on the respective Malpot office, no one could easily fake mortgage and rokka letters issued by Malpot Office. The same type of online tracking system needs to be implemented in the case of “Pragyanpatra” to check its reliability and originality to curb illegal money transfers outside the national border.
Issue 3
The association of evaluators has already gone on strike against the imprisonment of the valuator involved in the valuation of the property related to the case. However, no one has even uttered a word of public sympathy for a Junior Level bank staff caught by CIB for investigation. If the top officials of the banks already knew about the counterfeit Mortgage Documents and settled the credit transaction, how does it sound just to only have a junior-level bank staff being in police custody for investigation purposes? The related staff irrespective of hierarchy- needs to be punished if found guilty, acting irresponsibly, and being involved with fraudsters. However, does it make any sense to imprison only the lowest level staff as the approval and disbursement process of a loan of Rs. 19 crores encompasses multiple levels of checks including the documents being duly scrutinized by various levels of risk and legal officers?
Issue 4
In a similar type of fraud at another bank some years ago, the banking fraternity was raged when one of the CEO was taken under police custody. However, we can now observe- in the case of lower-level bank staff, queer silence exists everywhere, almost as if it is an ambush formed by fraudsters to honey trap the bank for credit fraud.
Upon review of reliable news on reputed media, the matter is clear and requires no further explanations: the borrower of the case has forged fake documents. And if any staff of the bank is not involved in the scam and not associated with fraudsters, the victimized staff must be compensated against reputational damage. The life and career of the concerned staff, if found innocent, should not be made a scapegoat to save other culprits of the case.
The truth of the case will be revealed sooner or later after the completion of the investigation. However, it is too pathetic to be realized by a banker that- had there been any type of attacks either physical or reputational on other professionals, the situation would have been different. Protest and defense by related associations/ unions in writing would be staged. But in the event of a fraud scheme of crores of rupees, the related bank staff unions/ federations are silent. Not even a press release has been made by a bank-staff union seeking a truthful investigation of the case. If a similar situation prevails in the future, is it not pitiful that innocent bankers working in good faith can be easily trapped by mastermind fraudsters? At such grave incidents, do they deserve to remain voiceless and alone in the darkroom of prison?
This article was submitted by an author who chooses to remain anonymous. The author wants to be acknowledged only as
""Just a small investor of Nepse.""",0.4076647162437439
2021-11-14,"While the Nation is Facing a Liquidity Crisis, Central Bank Wants to Keep Interest Rate Hike in Check With Additional Restrictions",https://www.sharesansar.com/newsdetail/while-the-nation-is-facing-a-liquidity-crisis-central-bank-wants-to-keep-interest-rate-hike-in-check-with-additional-restrictions-2021-11-14,"Backdrop:
Liquidity piled up in the nation's banking system during the pandemic, a result of pandemic-induced paralysis in the economy. In return, banking institutions lowered the interest rates to minimize interest payment expenses. Experts claim that this had a seesaw effect in the capital market, as depositors flocked to invest in securities that provided better returns.
However, as the national economy improved its grip after the pandemic, the excess liquidity in the banking system was quick to deplete. The economy suddenly faced a shortage of liquidity, and banks tried to attract depositors by raising interest rates. However, this comes at a cost for businesses and borrowers in the form of higher interest charges. Considering this, among other things, the central bank apparently wants to keep sudden interest rate hikes in check.
While the banking economy is struggling to attract enough deposits for loan forwarding, Nepal Rastra Bank has further tightened the interest rate raising provisions.
The total deposit collected each week by commercial banks is in a declining trend, and the central bank seems to have anticipated that banks will retaliate by further raising interest rates. As such, NRB has further tightened the provision.
Previously, banks could only raise their previous interest rates by 10%. Modifying the rule, NRB issued a directive today that a bank will be allowed to increase the interest rate by only 10 percent of the
average interest rate
of all the commercial banks. The same rule applies to development banks and finance companies, according to their own sector.
For example, if the average interest rate published by all Class A commercial banks last month is 8.5 percent, they will be able to set the maximum interest rate only up to 9.35 percent, which is a 10 percent increase from the average figure.",0.1787905991077423
2021-11-14,Banks See Even Fewer Deposits in Fourth Week of Kartik; Lending Figure Sees Uptick,https://www.sharesansar.com/newsdetail/banks-see-even-fewer-deposits-in-fourth-week-of-kartik-lending-figure-sees-uptick-2021-11-14,"The elaborate report on the trend of deposit and lending in the nation's commercial banks has been unveiled. This is the data reported as of Kartik 26, i.e. the last working day of the fourth week. The average CD ratio of the month is 90.18%.
The total deposit went down by Rs. 15 billion in the fourth week of Kartik, and the figure is at Rs. 4,223 billion. Rs. 4,100 billion worth of deposit is in local currency while the rest Rs. 124 billion is in foreign currency.
Meanwhile, the total lending has gone up by Rs. 3 billion in the fourth week of Kartik, and the total figure is at Rs. 4,028 billion. Rs. 3,872 billion worth of lending has been forwarded in local currency while Rs. 156 billion is in foreign currency.",0.07685480266809464
2021-11-11,"Commercial Banks See Decrement in Total Deposit in Third Week of Kartik, Increment in Lending",https://www.sharesansar.com/newsdetail/commercial-banks-see-decrement-in-total-deposit-in-third-week-of-kartik-increment-in-lending-2021-11-11,"The elaborate report on the trend of deposit and lending in the nation's commercial banks has been unveiled. This is the data reported as of 17 Kartik 2078, i.e. the last working day of Kartik's third week. The average CD ratio is 89.87%
The total deposit went down by Rs. 9 billion in the first week of Kartik, and the figure is at Rs. 4,238 billion. Rs. 4,111 billion worth of deposit is in local currency while the rest Rs. 127 billion is in foreign currency.
Meanwhile, the total lending has gone up by Rs. 7 billion in the third week of Kartik, and the total figure is at Rs. 4,025 billion. Rs. 3871 billion worth of lending has been forwarded in local currency while Rs. 153 billion is in foreign currency.",0.22265136241912842
2021-11-08,Decline in Interest Income But Higher Loan Imbursement and Higher Net Profit (Deep Dive Into Performance of Commercial Banks in First Quarter),https://www.sharesansar.com/newsdetail/commercial-bank-comparative-q1-2021-11-04,"Despite many speculations in the market as to how the bank's profitability will play out in the quarters to come because of the low-interest-rate environment and bad loans that might occur, banks have reported improved profitability indicators yet in this quarter.
In this article, we will be focusing mainly on the profitability and business volume indicators of commercial banks and do a comparative analysis. So, let's dive into the numbers.
Profit for the period:
As per the net profit of the first quarter of FY 2078/79,
NIC Asia Bank
Limited (NICA)
is in the lead with a net profit of Rs 1.18 Arba. Similarly, both
Nabil Bank Limited (NABIL)
and
Global IME Bank Limited (GBIME)
has the second-highest net profit of Rs 1.11 Arba each in the same quarter. The bank with the least net profit is
Bank of Kathmandu Limited (BOKL)
whose net profit amounts to Rs 25.34 crores.
The industry average net profit of the 27 commercial banks is Rs 67.10 crores.
All commercial banks except 4 have increased net profit this year compared to the same quarter of last year.
The total net profit for the quarter is Rs 18.11 Arba whereas that for the last year of the same quarter was Rs 14.91 Arba. The overall industry net profit has increased by 21.49%.
Paid-up capital:
Paid-up capital refers to the amount of money that commercial banks have received from their shareholders through the exchange of shares in the primary market.
The bank with the highest paid-up capital is
Global IME Bank Limited (GBIME)
with Rs 21.63 Arba capital and
NMB Bank Limited (NMB)
with Rs 16.33 Arba paid-up capital.
* ADBL capital doesn't include 5.43 Arba irredeemable noncumulative preference shares.
Reserve and surplus:
With an industry average of Rs 9.30 Arba, 10 banks stand above the average benchmark of Rs 9.30 Arba in their reserve fund. The total reserve and surplus of all commercial banks are at Rs 2.51 Kharba.
In terms of reserves and surplus,
Nepal Bank Limited (NBL)
has maintained its lead with a reserve and surplus of Rs 21.53 Arba.
Rastriya Banijya Bank (RBB)
has maintained the second position with Rs 21.05 Arba reserve and surplus fund.
Nabil Bank Limited (NABIL)
is in the third position with a reserve and surplus of Rs 20.37 Arba.
Deposits from Customers:
On an average, commercial banks have collected Rs 1.53 kharba as a deposit. 13 banks are above the average deposit collection.
As of the first quarter of FY 2078/79,
NIC Asia Bank Limited (NICA)
stands on top with total deposits worth Rs 2.78 kharba,
Global IME Bank (GBIME)
has the
second-highest
deposits of Rs 2.67 kharba. Similarly, the bank is followed by
Rastriya Banijya Bank Limited (RBB)
with the collected deposit of Rs 2.41 kharba respectively.
Nepal Bangladesh Bank Limited (NBB)
has the lowest deposit collection of Rs. 77 Arba.
Loans and advances to Customers:
The top position in loans and advances is occupied by
NIC Asia Bank Limited (NICA) with
credit disbursement worth Rs 2.64 kharba.
Global IME Bank Limited (GBIME)
has a loan and advances portfolio of Rs. 2.51 kharba.
Nabil Bank Limited (NABIL)
has a loan portfolio of Rs 2.07 kharba. Similarly on the other end of the rope,
Standard Chartered Bank Nepal Limited (SCB)
has the lowest loan and advances portfolio of Rs. 68 Arba.
The industry average loan disbursed is Rs 1.41 Kharba. 12 commercial banks have a loan portfolio above Rs 1.41 Kharba.
The loan disbursement among banks will probably see a new modality in the upcoming quarter. For instance, new loans for sectors that might be affected by the second wave of coronavirus pandemic might not be entertained by the banks. Moreover, banks will have to focus on agricultural loans to support the government’s initiative to commercialize agriculture sectors. New startups will have to rethink their business model before presenting an application for a loan in banks. Banks might support a lot of hotels, restaurants, consultancies, and public transportation by rescheduling their loan payment.
Net interest income:
Net interest income is the net earnings of commercial banks through their core business of collecting deposits and lending loans. The bank with the highest net interest income is
NIC Asia Bank Limited (NICA)
with an income of Rs 2.78 Arba followed by
Rastriya Banijya Bank Limited (RBB)
with an income of Rs 2.35 Arba and
Global IME
Bank (GBIME)
with an income of Rs 2.33 Arba.
The industry average net interest income stands at Rs 1.34 Arba. 11 out of 27 commercial banks are above the industry average in terms of net interest income.
Total comprehensive income:
Nabil Bank Limited (NABIL)
has the highest comprehensive income of Rs 1.45 Arba.
NIC Asia Bank Limited (NICA) and Rastriya Banijya Bank Limited (RBB)
has the second-highest comprehensive income of Rs 1.05 Arba.
NMB Bank Limited (NMB)
has the third-highest comprehensive income of Rs 1.04 Arba.
Major indicators:
Earnings per share (Annualized):
Rastra Banijya Bank (RBB)
becomes the bank to serve investors with the highest annualized EPS of Rs 41.26 per share.
NIC Asia Bank Limited (NICA)
has the second-highest EPS of Rs 40.84 per share.
Siddhartha Bank Limited (SBL)
is in the third position with annualized EPS of Rs 34.62 per share.
Bank of Kathmandu Limited (BOKL)
stays at the bottom with an earning of Rs. 10.50 per share.
The average EPS of 27 commercial banks stands at Rs 22.52. 12 commercial banks still provide EPS higher than that of the industry average.
Net worth per share:
The highest net worth per share among these commercial banks is Rs 306.66 which belongs to
Rastriya Banijya Bank (RBB)
.
Nepal Bank Limited (NBL)
is in the second position with Rs 270.44.
Nabil Bank Limited (NABIL)
has the third-highest net worth per share as of Q1 of FY 2078/79 i.e. Rs 247.31.
Century Commercial Bank Limited (CCBL)
has the least net worth of Rs 124.95 per share.
The industry average net worth stands around Rs 180.08 per share. 10 companies have a net worth more than the industry average.
P/E ratio:
Mega Bank Nepal Limited (MEGA)
has the least PE ratio of 13.21 times. It is followed by
Siddhartha
Bank Limited (SBL)
with a PE ratio of 13.26 times. 17 commercial banks have a P/E ratio lower than the industry average of 21.15 times.
(The PE ratios are not the recent ratios rather the ratios for the quarter-end. Please look at the current market price to calculate the recent P/E ratio)
Non-Performing Loan:
In today’s context, the concern of investors simply does not rest upon which bank has more loans. The nature of the loan portfolio equally matters.
Sanima
Bank Limited (SANIMA)
reported the lowest NPL of 0.11% in terms of asset quality. This
is followed by
Everest Bank Limited (EBL)
with an NPL of 0.13%.
Rastriya Banijya Bank (RBB)
has reported the highest NPL of 3.01%. Since RBB is not tradeable,
Nepal Investment Limited (NIBL)
seems to have the highest NPL of 2.27%.
Capital Adequacy Ratio
In terms of the Capital Adequacy ratio (CAR),
Nepal Bank Limited (NBL)
seems to have reported the highest CAR of 16.42%. This is followed by
Standard Chartered Bank Nepal Limited (SCB)
with a CAR of 16.09%.
When we look at the indicators of banks, the overall picture doesn't seem so bad after the second wave of the pandemic. Since the central bank applied the expansionary monetary policy to limit the effect of a pandemic on the whole economy, banks had to provide loans at a cheaper rate which could be one of the reasons for lower interest income. However, the banks have disbursed a huge amount of loans, indicating that the investments in the economy are increasing. Since the allocation of provision has also been declining significantly, it might be quite safe to say that the banks have been able to disburse good loans.
Finally, the table below provides a full picture with major indicators of the 27 commercial banks as of the first quarter of FY 2078/79:",0.45682910084724426
2021-11-01,"Profitability Figures of Commercial Banks Painted a Greener Picture in First Quarter, Most Banks Report Net Rise in Profit (Tabular Comparison of All 27 Banks)",https://www.sharesansar.com/newsdetail/commercial-bank-net-profit-2021-11-01,"All 27 commercial banks have unveiled their first quarter report of the current fiscal year 2078/79.
Of the 27 banks, only four have reported a decline in profitability in the first quarter compared to the corresponding quarter of the previous fiscal year. All banks have reported a profit nonetheless.
Nepal Bangladesh Bank Limited has witnessed the highest percentage decline in net profit: 27.93%. Meanwhile, Civil Bank Limited has reported the highest percentage increase in net profit: a staggering 201.88% surge from the same quarter of the previous fiscal year.
When it comes to raw figures, however, the data tells a different story. NIC Asia Bank has reported the highest net profit figure in the first quarter of the current fiscal year 2078/79. The commercial bank's net profit has stood at Rs. 1,18,06,91,000. Another banking giant, Nabil Bank and Global IME Bank both are closely trailing behind with profitability reported at slightly over Rs. 1.11 Arba.
Bank
Net Profit (000') This Quarter
Net Profit (000') Corresponding Quarter of Previous FY
Increase/ Decrease (%)
Stock Price Yesterday (Kartik 14, Rs.)
1
NIC Asia Bank Limited
1180691
1021008
15.64
893
2
Nabil Bank Limited
1112234
1035712
7.39
1,580.00
3
Global IME Bank Limited
1112224
1058840
5.04
390
4
Rastriya Banijya Bank
1050614
829245
26.70
Not Listed
5
NMB Bank Limited
1044437
748139
39.09
414
6
Prime Commercial Bank Limited
977934
1017634
-3.90
480
7
Siddhartha Bank Limited
948731
500640
89.50
514
8
Nepal Investment Bank Limited
923795
623814
48.09
460
9
Mega Bank Nepal Limited
914686
607903
50.47
331
10
Nepal Bank Limited
754855
550419
37.14
479
11
Citizens Bank International Limited
687399
515591
33.32
299.1
12
Prabhu Bank Limited
636321
850014
-25.14
395
13
Everest Bank Limited
578873
334764
72.92
691
14
Sanima Bank Limited
567860
373255
52.14
405
15
Machhapuchchhre Bank Limited
561536
360909
55.59
332
16
Laxmi Bank Limited
552870
312372
76.99
342
17
Kumari Bank Limited
541119
602543
-10.19
272.9
18
Nepal Credit & Commerce Bank Limited
518057
334587
54.83
300
19
Agricultural Development Bank Limited
485378
461469
5.18
532
20
Standard Chartered Bank Nepal Limited
481847
401371
20.05
531
21
Himalayan Bank Limited
452853
365914
23.76
484
22
Sunrise Bank Limited
430716
382977
12.47
312
23
Nepal Bangladesh Bank Limited
411645
571180
-27.93
425.8
24
Nepal SBI Bank Limited
372911
200502
85.99
350
25
Civil Bank Limited
291849
96678
201.88
242.4
26
Century Commercial Bank Limited
272476
220259
23.71
237.8
27
Bank of Kathmandu Limited
253477
241406
5.00
352",0.10469397157430649
2021-10-21,"Banks Revise Interest Rates After NRB Circular, What Has Changed?",https://www.sharesansar.com/newsdetail/banks-revise-interest-rates-after-nrb-circular-what-has-changed-2021-10-21,"Issuing an addition to the unified directive, Nepal Rastra Bank has urged banks and financial institutions (A, B, and C class) to revise their interest rates profile for the month of Kartik.
Banks and financial institutions had unveiled the new interest rates profile for Kartik with a hike in interest rates, the highest of the last three years. This was understood as an indicator that liquidity in the banking economy was being withdrawan, and BFIs were competing to attract more deposits.
In a three-point directive issued on Tuesday evening, NRB said that banks and financial institutions can change the previously published any interest rate by only 10 percent. Similarly, the highest interest rate provided to institutions on fixed deposits should be lesser than that provided to individuals by 1 percentage point.
The central bank gave the ultimatum that requires BFIs to unveil the revised rates on their respective website by Kartik 03. Similarly, the revised interest rates profile should be published in a national newspaper by Kartik 05.
Company
Ashoj Interest Rate Range on Savings (%)
Kartik Rate Before NRB Circular
Kartik Rate After NRB Circular
(Applicable Now)
Global IME Bank Limited
4.5
4.5
4.5
Prime Commercial Bank Limited
4.76 to 5.76
4.76 to 5.76
4.76 to 5.76
Sanima Bank Limited
4.51 to 5
3.51 to 4
4.06 to 4.5
Nabil Bank Limited
4.26 to 6.26
4.26 to 6.26
4.36 to 6.36
Civil Bank Limited
4.25 to 6.25
5.61 to 6.51
5 to 7
Nepal Credit and Commerce Bank
4.26 to 5
5.55 to 6
4.69 to 5.5
Agricultural Development Bank Limited
3.5 to 5
4 to 6
3.85 to 6.5
Prabhu Bank Limited
3.25 to 5
3.25 to 5
3.57 to 5.32
Himalayan Bank Limited
4.15 to 6.15
6.67 TO 7.67
4.56 to 6.56
Standard Chartered Bank Limited
2.5 to 4
2.5 to 4
Rastriya Banijaya Bank Limited
3.06 to 6
3.55 to 6.05
3.36 to 6.05
NMB Bank Limited
4.52 to 6.52
4.57 to 6.57
4.97 to 6.57
Nepal Bangladesh Bank Limited
3.76 to 4.76
5.28
Century Commercial Bank Limited
4.25 to 6.25
5.25 to 7.25
5 to 7
Everest Bank Limited
3.61 to 4
3.61 to 4
4.36 to 4.4
Sunrise Bank Limited
5.07
5.07
4.56
Nepal SBI Bank Limited
3.55
4.56
4.56
Machhapuchchhre Bank Limited
3.75 to 5
5 to 7.25
4.36 to 6.51
NIC Asia Bank Limited
3.6
6.1 to 8.1
5 to 7
Siddhartha Bank Limited
4.05 to 5.05
5.3 to 6.3
4.45 to 5.45
Laxmi Bank Limited
4 to 6
6.05 to 7.5
4.4 to 5.5
Kumari Bank Limited
3.15 to 5.15
5.31 to 7.31
4.86 to 6.86
Bank of Kathmandu Limited
3.77 to 5.27
5.07 to 6.57
4.36 to 5.86
Nepal Investment Bank Limited
4.02
4.02
4.36
Citizens Bank
3 to 5
4.76 to 5.06
4 to 5.1
Mega Bank
4.55 to 6.05
4.27 to 5.77
4.36 to 5.86
Nepal Bank Limited
3.05 to 4.55
3.05 to 5.55
3.36 to 6.01
Bank
Maximum Interest Rate on FD for Individuals Before NRB Circular
After Circular
Maximum Interest Rate on FD for Institutions Before NRB Circular
After Circular
RBB
8.06
9.55
8.06
8.55
HBL
10.5
9.36
11.67
8.36
NCC
10
9.36
10.55
8.36
NIB
8.5
9.36
9.02
8.36
KBL
9.81
9.36
9.02
8.36
CBL
10.11
9.36
10.61
8.36
SBI
9.06
9.36
9.56
8.36
NABIL
8.76
9.36
9.26
8.36
GBIME
9
9.36
9.5
8.36
MEGA
8.77
9.36
9.27
8.36
BOKL
9.75
9.36
10.07
8.36
CCBL
9.75
9.36
9.99
8.36
PCBL
9.75
9.36
9.76
8.36
NBB
10.28
9.36
10.28
8.36
SBL
10.3
9.36
10.3
8.36
EBL
8.61
9.36
8.61
8.36
NBL
8.05
9.36
8.05
8.36
NMB
9.57
9.36
9.57
8.36
NICA
11.1
9.36
8.6
8.36
LBL
11.05
9.35
11.05
8.35
MBL
9.8
9.12
9.85
8.12
SRBL
9
9.06
10.07
8
SANIMA
8.01
9.06
8.51
8.06
ADBL
9.5
8.85
9.85
7.85
CZBIL
9.26
8.8
9.76
7.8
PRVU
8.25
8.57
8.25
7.57
SCB
7.5
5.25",0.8713273406028748
2021-10-20,Nepal Rastra Bank Slams Hike in Interest Rate With Addition in Unified Directive; BFIs Forced to Bring Interest Rates Down By Today,https://www.sharesansar.com/newsdetail/nepal-rastra-bank-slams-hike-in-interest-rate-with-addition-in-unified-directive-bfis-forced-to-bring-interest-rates-down-by-today-2021-10-20,"Issuing an addition to the unified directive, Nepal Rastra Bank has urged banks and financial institutions (A, B, and C class) to revise their interest rates profile for the month of Kartik.
Banks and financial institutions had unveiled the new interest rates profile for Kartik with a hike in interest rates, the highest of the last three years. This was understood as an indicator that liquidity in the banking economy was being withdrawan, and BFIs were competing to attract more deposits.
In a three-point directive issued on Tuesday evening, NRB said that banks and financial institutions can change the previously published any interest rate by only 10 percent. Similarly, the highest interest rate provided to institutions on fixed deposits should be lesser than that provided to individuals by 1 percentage point.
The central bank has given the ultimatum that requires BFIs to unveil the revised rates on their respective website by today, i.e. Kartik 03. Similarly, the revised interest rates profile should be published in a national newspaper by Kartik 05.",0.6123760342597961
2021-10-18,Banks Raise Interest Rates for Kartik; Here's the Updated Interest Profile of Every Bank Compared to Previous Month's Rates,https://www.sharesansar.com/newsdetail/banks-raise-interest-rate-for-kartik-heres-the-updated-interest-profile-of-every-bank-compared-to-previous-months-rates-2021-10-18,"Commercial Banks have unveiled the interest rates rate profile for the month of Kartik.
Commercial Banks had raised the interest rates for the month of Ashwin, an effect believed to have been caused by decreasing liquidity in the banking system. The interest rate hike was the highest seen after the pandemic.
The new interest rates profile unveiled for the month of Kartik shows an overall continuation to the interest rate hike.
Normal Savings
Company
Ashoj Interest Rate Range on Savings (%)
New Range in Kartik
Global IME Bank Limited
4.5
4.5
Prime Commercial Bank Limited
4.76 to 5.76
4.76 to 5.76
Sanima Bank Limited
4.51 to 5
3.51 to 4
Nabil Bank Limited
4.26 to 6.26
4.26 to 6.26
Civil Bank Limited
4.25 to 6.25
5.61 to 6.51
Nepal Credit and Commerce Bank
4.26 to 5
5.55 to 6
Agricultural Development Bank Limited
3.5 to 5
4 to 6
Prabhu Bank Limited
3.25 to 5
3.25 to 5
Himalayan Bank Limited
4.15 to 6.15
6.67 TO 7.67
Standard Chartered Bank Limited
2.5 to 4
2.5 to 4
Rastriya Banijaya Bank Limited
3.06 to 6
3.55 to 6.05
NMB Bank Limited
4.52 to 6.52
4.57 to 6.57
Nepal Bangladesh Bank Limited
3.76 to 4.76
5.28
Century Commercial Bank Limited
4.25 to 6.25
5.25 to 7.25
Everest Bank Limited
3.61 to 4
3.61 to 4
Sunrise Bank Limited
5.07
5.07
Nepal SBI Bank Limited
3.55
4.56
Machhapuchchhre Bank Limited
3.75 to 5
5 to 7.25
NIC Asia Bank Limited
3.6
6.1 to 8.1
Siddhartha Bank Limited
4.05 to 5.05
5.3 to 6.3
Laxmi Bank Limited
4 to 6
6.05 to 7.5
Kumari Bank Limited
3.15 to 5.15
5.31 to 7.31
Bank of Kathmandu Limited
3.77 to 5.27
5.07 to 6.57
Nepal Investment Bank Limited
4.02
4.02
Citizens Bank
3 to 5
4.76 to 5.06
Mega Bank
4.55 to 6.05
4.27 to 5.77
Nepal Bank Limited
3.05 to 4.55
3.05 to 5.55
Fixed Deposits: Individuals
Company
Ashoj Interest Rate Range (Individuals) on FD
New Range in Kartik
Global IME Bank Limited
8.8 to 9
8.8 to 9
Prime Commercial Bank Limited
8 to 9.25
9 to 9.75
Sanima Bank Limited
7 to 10.01
6 to 8.01
Nabil Bank Limited
6.51 to 8.76
8.51 to 8.76
Civil Bank Limited
7.25 to 9.25
8.51 to 10.11
Nepal Credit and Commerce Bank
8.75 to 9
10
Agricultural Development Bank Limited
6.5 to 7.75
7.5 to 9
Prabhu Bank Limited
7.75 to 8.25
7.75 to 8.25
Himalayan Bank Limited
5 to 8.5
7.5 to 10.5
Standard Chartered Bank Limited
5 to 7
5 to 7.5
Rastriya Banijya Bank Limited
6 to 9.06
6 to 9.55
NMB Bank Limited
7.5 to 9.02
9.57
Nepal Bangladesh Bank Limited
8.51 to 8.76
10 to 10.28
Century Commercial Bank Limited
8 to 9.25
9.25 to 10.75
Everest Bank Limited
7 to 8
7 to 8
Sunrise Bank Limited
9.1 to 10.07
8 to 9
Nepal SBI Bank Limited
4.05 to 8.55
5.06 to 8.56
Machhapuchchhre Bank Limited
8.25
9.5
NIC Asia Bank Limited
8.6
10.1 to 11.1
Siddhartha Bank Limited
8.25 to 8.75
8.44 to 10.3
Laxmi Bank Limited
8.5
11.05
Kumari Bank Limited
8.15
8.81 to 9.81
Bank of Kathmandu Limited
8.27
9.57
Nepal Investment Bank Limited
7 to 8.5
7 to 8.5
Citizens Bank
7.5
8.5 to 9.26
Mega Bank
8 to 9.55
7 to 8.77
Nepal Bank Limited
8.05
8.05
Fixed Deposits: Institutions
Company
Ashoj Interest Rate Range (Institutions) on FD
New Range in Kartik
Global IME Bank Limited
upto 9.5
upto 9.5
Prime Commercial Bank Limited
9.5 to 9.76
9.5 to 9.76
Sanima Bank Limited
9.51
8.51
Nabil Bank Limited
7.51 to 9.26
9.26
Civil Bank Limited
7.35 to 8.55
9.01 to 9.81
Nepal Credit and Commerce Bank
9.26
upto 10.55
Agricultural Development Bank Limited
6 to 7
7 to 9
Prabhu Bank Limited
7.75 to 8.25
7.75 to 8.25
Himalayan Bank Limited
7 to 8
7.5 to 11.67
Standard Chartered Bank Limited
3 to 7
3 to 7
Rastriya Banijya Bank Limited
6 to 8.06
6 to 8.55
NMB Bank Limited
7.5 to 9.52
7.5 to 9.57
Nepal Bangladesh Bank Limited
8.51 to 8.76
10 to 10.28
Century Commercial Bank Limited
8 to 9.25
8 to 9.99
Everest Bank Limited
6.5 to 8
6.5 to 8.61
Sunrise Bank Limited
9 to 10.07
8 to 10.7
Nepal SBI Bank Limited
4.05 to 8.55
5.06 to 8.56
Machhapuchchhre Bank Limited
8.75
9.85
NIC Asia Bank Limited
8.6
10.1 to 11.1
Siddhartha Bank Limited
8.75 to 9.05
10.3
Laxmi Bank Limited
8.5
9 to 11.05
Kumari Bank Limited
8.15
9.31 to 10.31
Bank of Kathmandu Limited
6.27 to 8.27
7.57 to 10.07
Nepal Investment Bank Limited
8.5
8.5
Citizens Bank
7.5 to 8
9.76
Mega Bank
8 to 9.55
9.27
Nepal Bank Limited
8.05
8.05",0.8018708229064941
2021-10-11,Central Bank Unveils New Guidelines to Make Banking System Transparent and Customer-Friendly; Limit on Margin Loans Unaltered,https://www.sharesansar.com/newsdetail/central-bank-unveils-new-guidelines-to-make-banking-system-transparent-and-customer-friendly-limit-on-margin-loans-unaltered-2021-10-11,"Banks and financial institutions are now prohibited from issuing random notices to debtors who have not repaid their loans.
Banks and financial institutions will now be able to issue a public notice for loan recovery only after six months of non-recovery of loans. The central bank made such an arrangement by issuing a unified guideline to BFIs today. For the recovery of a loan that has been in circulation for a period of more than one year, at least six months should have elapsed before the unveiling of public notice and collateral auction proceedings.
From the new guideline, Nepal Rastra Bank has also directed banks and financial institutions to make their earnings per share public. From now on, banks and financial institutions will have to publish their earnings per share annually.
NRB has also made it mandatory for BFIs to keep 20 percent of the amount accounted for in the 'Statement of Other Comprehensive Income' in the reserve fund. Only the remaining 80 percent will then be available for distribution.
Provision has also been made prohibiting a shareholder or representative to vote in any discussion in the general meeting regarding the accountability of the work they have done, missed to do, wrongly done, or done with self-interest.
NRB has tightened the rules to open extension counters. The approval of NRB has been made mandatory to open extension counters in Kathmandu Valley and Kathmandu Metropolitan City. The central bank has also added further restrictions while opening a liaison office. Opening liaison offices in Karnali and Far Western Provinces does not require the central bank's approval. In the rest of the states, approval will have to be obtained from NRB. Furthermore, liaison offices will not be allowed to collect deposits and forward loans.
Provision has been made for not giving any type of loan at any rate below the base rate. Earlier, the interest rate on loans to the impoverished was lower than the base rate.
Additionally, banks and financial institutions are now able to close accounts with zero balance that have not been operational for the past 10 years by publishing a public notice.
Furthermore, NRB has also given relief regarding bonds via the new directive. From now on, if a bond is issued such that it contributes to resource mobilization, there is no need to deposit money in the payment fund. Earlier, it had to be deposited proportionally. NRB has provided the facility to perceive the bonds issued by microfinance institutions as poor class loans.
According to the new provision, the difference in interest rates on different types of savings accounts cannot be more than 2 percentage points. Furthermore, no bank or financial institution will be allowed to give gifts to customers for the purpose of deposit collection and business expansion. Lately, banks and financial institutions have been offering various gifts to financial customers in the name of raising deposits when liquidity in the banking system was uneasy. Now it is forbidden to do so. As such, BFIs will not be allowed to run any kind of gift / lottery / competition/prize program.
Similarly, banks and financial institutions will not be allowed to provide any type of financial services unilaterally without the permission of the customer. If any service fee is charged for such services provided without the permission of the customer, an additional 10 percent will have to be credited to the customer's account. This provision is expected to stop the wrong practice of charging fees by banks and financial institutions under various headings.",0.857159435749054
2021-09-16,Commercial Banks Raise Interest Rates; Here's the Updated Interest Profile of Every Bank Compared to Previous Month's Rates,https://www.sharesansar.com/newsdetail/commercial-banks-raise-interest-rates-heres-the-updated-interest-profile-of-every-bank-compared-to-previous-months-rates-2021-09-16,"Commercial Banks have updated the interest rates profile for the month of Ashwin. The update is effective from Ashwin 01.
It seems that commercial banks have raised the interest rates for the month, an effect likely caused by decreasing liquidity in the banking system. The interest rate hike is the highest seen after the pandemic so far.
Interest Rate and the Stock Market
While it is not a strict rule written in stone, the capital market and the interest rate of an economy have an inverse relationship. The performance of the NEPSE index in the recent past can be partly attributed to slashed interest rates, a move taken by banks to compensate for piling liquidity during the pandemic.
Investors are concerned as to what effect the interest rate hike will bring to NEPSE in the near future. While it is given that the change will surely affect the capital market, investors are more concerned about the scale of this effect, and whether it will have considerable implications on the market trend.
Company
Bhadra Interest Rate Range on Savings (%)
New Range in Ashoj
Global IME Bank Limited
2.01 to 4
4.5
Prime Commercial Bank Limited
2.76 to 4.5
4.76 to 5.76
Sanima Bank Limited
2.77 to 4.77
4.51 to 5
Nabil Bank Limited
3.01 to 5.01
4.26 to 6.26
Civil Bank Limited
4.05 to 6.05
4.25 to 6.25
Nepal Credit and Commerce Bank
3.26 to 5
4.26 to 5
Agricultural Development Bank Limited
3.5 to 5
3.5 to 5
Prabhu Bank Limited
3.25 to 4
3.25 to 5
Himalayan Bank Limited
2 to 4
4.15 to 6.15
Standard Chartered Bank Limited
2 to 4
2.5 to 4
Rastriya Banijya Bank Limited
3 to 5
3.06 to 6
NMB Bank Limited
2.5 to 4.5
4.52 to 6.52
Nepal Bangladesh Bank Limited
2.5 to 3.5
3.76 to 4.76
Century Commercial Bank Limited
2.5 to 4.5
4.25 to 6.25
Everest Bank Limited
2.5 to 4
3.61 to 4
Sunrise Bank Limited
2.57 to 4
5.07
Nepal SBI Bank Limited
2.55 to 3.16
3.55
Machhapuchchhre Bank Limited
2.05 to 4
3.75 to 5
NIC Asia Bank Limited
2.56
3.6
Siddhartha Bank Limited
2.5 to 4
4.05 to 5.05
Laxmi Bank Limited
2.5 to 4.5
4 to 6
Kumari Bank Limited
2.5 to 3.5
3.15 to 5.15
Bank of Kathmandu Limited
2.5 to 4
3.77 to 5.27
Nepal Investment Bank Limited
2 to 4
4.02
Citizens Bank
3 to 5
3 to 5
Mega Bank
2.25 to 3.5
4.55 to 6.05
Nepal Bank Limited
3.05 to 4.55
3.05 to 4.55
It is seen that the highest rate hike has been made on fixed deposits. This might be a reflection of commercial banks' incentive to collect longer-term capital to ensure greater flexibility in deposit mobilization.
NMB Bank Limited (NMB), Prime Commercial Bank Limited (PCBL), Sanima Bank Limited (SANIMA), and Sunrise Bank Limited (SRBL) have offered maximum interest rates i.e. above 9.5% on fixed deposits. Sunrise Bank is the only bank that has hiked the interest rate on FD higher than 10%.
Company
Bhadra Interest Rate Range (Individuals) on FD
New Range in Ashoj
Bhadra Interest Rate Range (Institutions) on FD
New Range in Ashoj
Global IME Bank Limited
6.8 to 7.01
8.8 to 9
NA
upto 9.5
Prime Commercial Bank Limited
7.5 to 7.76
8 to 9.25
7.76
9.5 to 9.76
Sanima Bank Limited
5.77 to 7.27
7 to 10.01
7.77
9.51
Nabil Bank Limited
5.51 to 7.51
6.51 to 8.76
6.01 to 8.01
7.51 to 9.26
Civil Bank Limited
7.05 to 8.75
7.25 to 9.25
7.15 to 8.15
7.35 to 8.55
Nepal Credit and Commerce Bank
7.75 to 8
8.75 to 9
upto 8.26
9.26
Agricultural Development Bank Limited
6.5 to 7.75
6.5 to 7.75
6 to 7
6 to 7
Prabhu Bank Limited
7.75 to 8.25
7.75 to 8.25
7.75 to 8.25
7.75 to 8.25
Himalayan Bank Limited
5 to 7
5 to 8.5
6.5 to 7
7 to 8
Standard Chartered Bank Limited
4.5 to 7
5 to 7
3 to 5.25
3 to 7
Rastriya Banijya Bank Limited
6 to 7.25
6 to 9.06
6 to 6.5
6 to 8.06
NMB Bank Limited
6.5 to 7.5
7.5 to 9.02
6.5 to 7.5
7.5 to 9.52
Nepal Bangladesh Bank Limited
7.25 to 7.5
8.51 to 8.76
7.25 to 7.5
8.51 to 8.76
Century Commercial Bank Limited
7 to 7.5
8 to 9.25
6.55 to 7.5
8 to 9.25
Everest Bank Limited
6 to 7
7 to 8
6 to 7
6.5 to 8
Sunrise Bank Limited
6.5 to 7
9.1 to 10.07
6.5 to 7
9 to 10.07
Nepal SBI Bank Limited
3.01 to 7.55
4.05 to 8.55
3.01 to 7.55
4.05 to 8.55
Machhapuchchhre Bank Limited
7.05
8.25
7.05
8.75
NIC Asia Bank Limited
7.56
8.6
7.56
8.6
Siddhartha Bank Limited
7
8.25 to 8.75
7
8.75 to 9.05
Laxmi Bank Limited
7 to 7.5
8.5
6.5 to 7.5
8.5
Kumari Bank Limited
6 to 7
8.15
6 to 7.5
8.15
Bank of Kathmandu Limited
6.5 to 7
8.27
5 to 7
6.27 to 8.27
Nepal Investment Bank Limited
5.75 to 7
7 to 8.5
7
8.5
Citizens Bank
7 to 7.5
7.5
7.5 to 8
7.5 to 8
Mega Bank
7.25
8 to 9.55
7.25
8 to 9.55
Nepal Bank Limited
8.05
8.05
8.05
8.05
Company
Previous Base Rate
Latest BR
Latest Interest Rate Spread
Global IME Bank Limited
6.4
6.6
NA
Prime Commercial Bank Limited
7.21
7.21
NA
Sanima Bank Limited
6.34
6.14
3.63
Nabil Bank Limited
5.86
5.52
4.01
Civil Bank Limited
7.83
7.89
2.62
Nepal Credit and Commerce Bank
7.57
7.67
3.37
Agricultural Development Bank Limited
7.13
7.13
4.37
Prabhu Bank Limited
6.88
7.1
3.66
Himalayan Bank Limited
6.75
6.55
3.42
Standard Chartered Bank Limited
5.51
5.51
3.88
Rastriya Banijya Bank Limited
5.41
5.41
4.36
NMB Bank Limited
7.33
6.84
3.57
Nepal Bangladesh Bank Limited
NA
NA
NA
Century Commercial Bank Limited
7.8
7.55
3.02
Everest Bank Limited
5.99
5.85
3.16
Sunrise Bank Limited
6.7
7.01
3.9
Nepal SBI Bank Limited
7.37
7.37
3.3
Machhapuchchhre Bank Limited
7.26
6.8
4.17
NIC Asia Bank Limited
6.84
6.84
3.99
Siddhartha Bank Limited
7.16
6.83
3.86
Laxmi Bank Limited
7.08
6.97
3.63
Kumari Bank Limited
7.9
7.65
3.04
Bank of Kathmandu Limited
7.44
7.3
3.29
Nepal Investment Bank Limited
5.54
5.71
3.25
Citizens Bank
7.55
7.84
3.59
Mega Bank
7.01
6.48
4.2
Nepal Bank Limited
5.73
5.73
4.32",0.5890231132507324
2021-08-19,A Detailed Dive Into Vital Fundamental Figures: Commercial Banks Publish Satisfactory Q4 Report Given the Unique Pandemic-Induced Challenges,https://www.sharesansar.com/newsdetail/commercial-bank-comparative-draft-2021-08-17,"Despite many speculations in the market as to how the bank's profitability will play out in the quarters to come because of the low-interest-rate environment and bad loans that might occur, banks have reported improved profitability indicators yet in this quarter.
In this article, we will be focusing mainly on the profitability and business volume indicators of commercial banks and do a comparative analysis. So, let's dive into the numbers.
Profit for the period:
As per the net profit of the fourth quarter of FY 2077/78,
Nabil
Bank Limited (NABIL)
is in the lead with a net profit of Rs 4.50 Arba. Similarly,
Global IME Bank Limited (GBIME)
has the second-highest net profit of Rs 4.12 Arba in the same quarter. In the third position,
Rastriya Banijaya Bank Limited (RBBL)
has a net profit of Rs 3.80 Arba. The bank with the least net profit is
Civil Bank Limited (CBL)
whose net profit amounts to Rs 56 crores.
The industry average net profit of the 27 commercial banks is Rs 2.34 Arba.
All commercial banks except 5 have increased net profit this year compared to the same quarter of last year.
The total net profit for the year is Rs 63.30 Arba whereas that for the last year of the same quarter was Rs 52.77 Arba. The overall industry net profit has increased by 19.66%.
Distributable profit:
As per the distributable profit of the fourth quarter of 2077/78,
Rastriya Banijaya Bank Limited (RBBL)
is in the lead with a distributable profit of Rs 4.52 Arba. Similarly,
Nabil Bank Limited (NABIL)
has the second-highest net profit of Rs 4.14 Arba in the same quarter. In the third position,
Nepal Bank Limited (NBL)
has a distributable profit of Rs. 3.49  Arba.
Nepal SBI Bank Limited (SBI)
has reported the lowest distributable profit among all the banks of Rs. 34 crores.
Paid-up capital:
Paid-up capital refers to the amount of money that commercial banks have received from their shareholders through the exchange of shares in the primary market.
The bank with the highest paid-up capital is
Global IME Bank Limited (GBIME)
with Rs 21.63 Arba capital and
NMB Bank Limited (NMB)
with Rs 16.32 Arba paid-up capital.
* ADBL capital doesn't include 5.43 Arba irredeemable noncumulative preference shares.
Reserve and surplus:
With an industry average of Rs 8.72 Arba, 10 banks stand above the average benchmark of Rs 8.72 Arba in their reserve fund. The total reserve and surplus of all commercial banks are at Rs 2.35 Kharba.
In terms of reserves and surplus,
Nepal Bank Limited (NBL)
has maintained its lead with a reserve and surplus of Rs 20.61 Arba.
Rastriya Banijaya Bank (RBB)
has maintained the second position with Rs 20 Arba reserve and surplus fund.
Nabil Bank Limited (NABIL)
is in the third position with a reserve and surplus of Rs 19.47 Arba.
Deposits from Customers:
On average, commercial banks have collected Rs 1.51 kharba as a deposit. Only 12 banks are above the average deposit collection.
As of the fourth quarter of FY 2077/78,
NIC Asia Bank Limited (NICA)
stands on top with total deposits worth Rs 2.86 kharba,
Global IME Bank (GBIME)
has the
second-highest
deposits of Rs 2.68 kharba. Similarly, the bank is followed by
Rastriya Banijaya Bank Limited (RBBL)
with the collected deposit of Rs 2.64 kharba respectively.
Nepal Bangladesh Bank Limited (NBB)
has the lowest deposit collection of Rs. 87.12 Arba.
Loans and advances to Customers:
The top position in loans and advances is occupied by
NIC Asia Bank Limited (NICA)
with credit disbursement worth Rs 2.48 kharba.
Global IME Bank Limited (GBIME)
has a loan and advances portfolio of Rs. 2.28 kharba.
Nabil Bank Limited (NABIL)
has a loan portfolio of Rs 1.98 kharba. Similarly on the other end of the rope,
Standard Chartered Bank Nepal Limited (SCB)
has the lowest loan and advances portfolio of Rs. 62.40 Arba.
The industry average loan disbursed is Rs 1.31 Kharba. 13 commercial banks have a loan portfolio above Rs 1.31 Kharba.
The loan disbursement among banks will probably see a new modality in the upcoming quarter. For instance, new loans for sectors that might be affected by the second wave of coronavirus pandemic might not be entertained by the banks. Moreover, banks will have to focus on agricultural loans to support the government’s initiative to commercialize agriculture sectors. New startups will have to rethink their business model before presenting an application for a loan in banks. Banks might support a lot of hotels, restaurants, consultancies, and public transportation by rescheduling their loan payment.
Net interest income:
Net interest income is the net earnings of commercial banks through their core business of collecting deposits and lending loans. The bank with the highest net interest income is
NIC Asia Bank Limited (NICA)
with an income of Rs 9.22 Arba followed by
Global IME Bank Limited (GBIME)
with an income of Rs 9.00 Arba and
Rastriya Banijaya Bank (RBB)
with an income of Rs 8.24 Arba.
The industry average net interest income stands at Rs 4.87 Arba. 13 out of 27 commercial banks are above the industry average in terms of net interest income.
Total comprehensive income:
Rastriya Banijaya Bank Limited (RBBL)
has the highest comprehensive income of Rs 6.38 Arba.
Nepal  Investment Bank Limited (NIBL)
has the second-highest comprehensive income of Rs 5.58 Arba.
Nepal Bank Limited  (NBL)
has the third-highest comprehensive income of Rs 4.98 Arba.
Major indicators:
Earnings per share:
Rastra Banijaya Bank (RBB)
becomes the bank to serve investors with the highest annualized EPS of Rs 37.27 per share.
Nabil Bank Limited (NABIL)
has the second-highest EPS of Rs 32.54 per share.
Agricultural Development Bank Limited (ADBL)
is in the third position with annualized EPS of Rs 30.65 per share.
Civil Bank Limited (CBL)
stays at the bottom with an earning of Rs. 6.47 per share.
The average EPS of 27 commercial banks stands at Rs 19.74. 12 commercial banks still provide EPS higher than that of the industry average.
Net worth per share:
The highest net worth per share among these commercial banks is Rs 296.34 which belongs to
Rastriya Banijaya Bank (RBB)
.
Agricultural Development Bank Limited (ADBL)
is in the second position with Rs 287.98.
Nepal Bank Limited (NBL)
has the third-highest net worth per share as of Q4 of FY 2077/78 i.e. Rs 263.19.
Century Commercial Bank Limited (CCBL)
has the least net worth of Rs 122.34 per share.
The industry average net worth stands around Rs 177.12 per share. 10 companies have a net worth more than the industry average.
P/E ratio:
Agricultural Development Bank Limited (ADBL)
has the least PE ratio of 15.63 times. It is followed by
Nepal Bangladesh Bank Limited (NBB)
with a PE ratio of 17.13 times. 16 commercial banks have a P/E ratio lower than the industry average of 26.97 times.
(The PE ratios are not the recent ratios rather the ratios for the quarter-end. Please look at the current market price to calculate the recent P/E ratio)
Non-Performing Loan:
In today’s context, the concern of investors simply does not rest upon which bank has more loans. The nature of the loan portfolio equally matters.
Everest Bank Limited (EBL)
reported the lowest NPL of 0.12% in terms of asset quality.
EBL
is followed by
Sanima Bank Limited (SANIMA)
with an NPL of 0.16%.
Rastriya Banijaya Bank (RBB)
has reported the highest NPL of 3.07%. Since RBB is not tradeable,
Citizens Bank International Limited (CZBIL)
seems to have the highest NPL of 2.77%.
Capital Adequacy Ratio
In terms of the Capital Adequacy ratio (CAR),
Agricultural Development Bank Limited (ADBL)
seems to have reported the highest CAR of 23.13%. This is followed by
Nepal Bank Limited (NBL)
with a CAR of 17.97%.
Rates
When we look at the indicators of banks, the overall picture doesn't seem so bad after the second wave of the pandemic. Since the central bank applied the expansionary monetary policy to limit the effect of a pandemic on the whole economy, banks had to provide loans at a cheaper rate which could be one of the reasons for lower interest income. However, the banks have disbursed a huge amount of loans, indicating that the investments in the economy are increasing. Since the allocation of provision has also been declining significantly, it might be quite safe to say that the banks have been able to disburse good loans.
Finally, the table below provides a full picture with major indicators of the 27 commercial banks as of the fourth quarter of FY 2077/78:",0.5259397625923157
2021-08-16,Banks Update Interest Rates for Bhadra; What Has Changed?,https://www.sharesansar.com/newsdetail/banks-update-interest-rates-for-bhadra-2021-08-16,"Banks have unveiled their interest rates profile for the month of Bhadra. While some have lowered their interest rates, most have kept it the same. Meanwhile, some banks have raised interest rates, plausibly due to fear of liquidity crunch after the Nepal Rastra Bank (NRB) scrapped the credit-capital-deposit ratio (CCD ratio) and maintained the loan-to-deposit ratio (CD ratio) in the new monetary policy.
Following the NRB's policy of scrapping the CCD and implementing the CD, it has also become difficult for banks to invest. That is why some banks might have strategically raised interest rates right away. Meanwhile, it seems that some are waiting for instructions on how the monetary policy will be implemented.
As banks raise interest rates on deposits, the costs increase, and so does the base rate. An increase in the base rate then translates to an increase in the interest rate on loan schemes.
Nabil Bank previously gave interest payments in the range of 1.51% to 3.51% on savings. Now, the range has risen to 3.01% - 5.01%. The interest rate on fixed deposit has risen to a higher range of 5.51% - 7.51% for individuals and 6.01% - 8.01% for institutions. Previously, this range was 5.01% - 6.51% for individuals and 4.01% - 6.51% for institutions.
Nabil Bank's base rate for the month of Ashar stands at 5.86%. It was 5.71% in the month of Jestha. With this, the interest rates on loan schemes have also gone up, since they are added as premium over the base rate.
Nepal Bank Limited has raised its interest payment on deposits. The range is now 3.05% - 4.55%, up from Shrawan's range of 2.5% - 4%. Sanima Bank has also raised its interest rate on savings from 2.35% - 4.35% to 2.77% - 4.77%.
Individual fixed depositors previously got interest payments from 7% to 7.5% at Sunrise Bank. Effective from Bhadra 01, depositors will only get in the range of 6.5% to 7%. The base rate has fallen from 6.72% to 6.7%. Citizens Bank has slashed its interest rate range on savings from 3.15% - 5.15% to 3% - 5%. Kumari Bank has also brought its interest rates down. While the previous range was 3.15% - 4%, the bank only provides interest payments in the range of 2.5% to 3.5%.
Century Commercial Bank now pays a 2.5% - 4.5% interest rate on savings, compared to its previous range of 3.75% - 5%. Individual fixed depositors will get in the range of 7% - 7.5% while institutional depositors will get 6.55% - 7.5%. Both rates are lower than the profile maintained for Shrawan. Standard Chartered Bank has lowered its interest rate on savings from 2.5% to 2%. Meanwhile, the interest rates on fixed deposits have been retained without any changes.
Meanwhile, Laxmi Bank, NMB Bank, Machhapuchhre Bank, NIC Asia, Everest Bank, Prime Commercial Bank, Rastriya Banijya Bank, Nepal Bangladesh Bank, Nepal SBI Bank, Siddhartha Bank, Agriculture Development Bank, and Bank of Kathmandu have not made any changes to their respective interest rates profile.",0.14690470695495605
2021-07-15,Commercial Banks Update Interest Rates for Shrawan; What Has Changed?,https://www.sharesansar.com/newsdetail/commercial-banks-update-interest-rates-for-shrawan-what-has-changed-2021-07-15,"Commercial Banks have updated their interest rates profile for the month of Shrawan. The update will be effective from tomorrow, i.e. Shrawan 01.
The interest rates on savings have not changed for Rastriya Banijya Bank. The bank will give annual interest payments in the range of 3-5% on savings, which is also the interest rates range for Nepal Credit and Commerce Bank, with the most savings products generating interest payments in the upper limit of that range. Fixed deposits will yield 7-8% for individuals and 7.5-8% for institutions at NCCB. This range hasn't changed from last time.
Similarly, the normal savings account will only yield 2.5% at Standard Chartered Bank. This figure hasn't changed from last month. Individual fixed depositors will yield in the range of 4.5-7%, and the base rate of the commercial bank as of Chaitra last year is 5.33%.
NMB Bank Limited will give interest payment in the range of 2.5-4.5 p.a in Shrawan. This is a decrement, given that the range was 3.6-5.6% in the previous month. Individuals will get interest payments in the range of 6.5-7.5 p.a. on fixed deposits.
Machhapuchchhre Bank Limited will now pay 2.05-4% on savings compared to Ashar's rate range of 3.1-4%. Most savings schemes will yield the lower limit of the range, i.e. 2.05%, which is down from last month's rate of 3.1%. Individual fixed depositors will yield 7.05%, compared to last month's range of 7.51%. The industry giant Nabil Bank itself has brought down its interest rate profile. Savings schemes will now yield 1.51-3.51%. This range was 2.51-4.51% for Ashar.
This article performed data sampling on a randomly selected list of commercial banks, and data shows that commercial banks have once again brought their interest rates down. The individual interest rate updates of the commercial banks can be found on the company profile of each commercial bank on our portal.",0.2684071958065033
2021-07-07,Bankers in Kawaswoti go on strike against unilateral decision to enforce Social Security Fund,https://www.sharesansar.com/newsdetail/bankers-in-kawaswoti-go-on-strike-against-unilateral-decision-to-enforce-social-security-fund-2021-07-07,"Employees working in different banks and financial institutions at Kawaswoti of Nawalparasi have organized a mass demonstration against the decision to forcefully implement Social Security Fund (SSF) among the banking employees.
The protest event was organized under the leadership of the Kawaswoti Bankers Association where all the bankers have vowed to continue their protest until the government revises the contentious provisions in the SSF Act, as per the media statement.",0.0943080335855484
2021-06-16,"Nepal Insurance Company Auctioning 9,00,000 Promoter Shares of NCCB",https://www.sharesansar.com/newsdetail/nepal-insurance-company-auctioning-900000-promoter-shares-of-nccb-2021-06-16,"Nepal Insurance Company Limited
is auctioning the promoter shares of
Nepal Credit and Commerce Bank Limited.
The auction will open on 2nd Ashar and close on 16th Ashar, 2078.
9,00,000 unit promoter shares of Nepal Credit and Commerce Bank Limited will be auctioned. Rs. 140 is the minimum bid rate for the auction. While the minimum bid quantity for shares is 1000 units, there is no upper limit for both shares. Although bidders can bid for the entirety of the issue, they are required to abide by Nepal Rastra Bank's rule to not exceed the specified quantity of shares per entity.
NIBL Ace Capital has been appointed the auction manager. Bids will be opened at the premises of the auction manager on Ashar 17, starting at 11 am that day.
Auction notice",0.9260785579681396
2021-06-14,Banks Raise Interest Rates for Ashad,https://www.sharesansar.com/newsdetail/banks-raise-interest-rates-for-ashad-2021-06-14,"Commercial Banks have updated the interest rates profile for the month of Ashad. The update will be effective from tomorrow, i.e. Ashad 01.
The interest rates on savings have not changed for Rastriya Banijya Bank. The bank will give annual interest payments in the range of 3-5% on savings, which is also the interest rates range for Nepal Credit and Commerce Bank, with the most savings products generating interest payments in the upper limit of that range. Fixed deposits will yield 5.5-7.1% for individuals and 5-6.5% for institutions. Thus, this hasn't changed from last month either.
Individual fixed depositors will yield in the range of 7-8%, just like in the previous month. In contrast, institutions will yield 7.5-8%, compared to 6.-8% in the previous month.
Similarly, the normal savings account will only yield 2.5% at Standard Chartered Bank. This figure was even lower last month, i.e. at 2%. Individual fixed depositors will yield in the range of 4.5-7%, compared to last month's range of 4.5-6%. The base rate of the commercial bank as of Chaitra last year is 5.33%.
NMB Bank Limited will give interest payment in the range of 3.6-5.6% p.a in Ashad. This is an increment, given that the range was 2-4% in the previous month. Individuals will get interest payments in the range of 6.5-7.8 p.a. on fixed deposits, compared to Jestha's rate of 5-7%. By now, it is apparent that banks have started to raise their interest rates, an indicator that they are achieving a greater balance in liquidity scenario compared to the worst days of the pandemic.
Machhapuchchhre Bank Limited will now pay 3.1-4% on savings compared to Jestha's rate range of 2-4%. Most savings schemes will yield the lower limit of the range, i.e. 3.1%. Individual fixed depositors will yield 7.51%, compared to last month's range of 7%. The industry giant Nabil Bank itself has increased its interest rate profile. Savings schemes will now yield 2.51-4.51%. This range was 1.51-3.51% for Jestha.
This article performed data sampling on a randomly selected list of commercial banks. The individual interest rate updates can be found on the company profile of each commercial bank on our portal.",0.23005077242851257
2021-05-24,"""9.50% NCC Rinpatra 2086"" Now Listed in NEPSE",https://www.sharesansar.com/newsdetail/950-ncc-rinpatra-2086-now-listed-in-nepse-2021-05-24,"The units of
""9.50% NCC Rinpatra 2086""
are now listed in NEPSE.
Nepal Credit and Commerce Bank Limited issued ""9.50% NCC Rinpatra 2086"" from Chaitra 13. The Rinpatra issued a total of 30,00,000 units at a par value of Rs. 1,000 per unit. This issue closed on 18th Chaitra, 2077, at the end of banking hours. While 18 lakh units were to be subscribed via private placement, 11.4 lakh units were issued to the general public. The remaining 60,000 units were then reserved for mutual funds.
""9.50% NCC Rinpatra 2086"" has a coupon rate of 9.5%, meaning it will give investors an annual return of 9.5% on their investment. The Rinpatra will mature in the year 2086. The issue manager of this issue allotted the units on Chaitra 27th.",0.9245209693908691
2021-05-14,Commercial Banks Update Interest Rates; Will Liquidty Scenario in Second Wave be Worse than During the First?,https://www.sharesansar.com/newsdetail/commercial-banks-update-interest-rates-will-liquidty-scenario-in-second-wave-be-worse-than-during-the-first-2021-05-14,"Commercial banks have updated the interest rates for the month of Jestha.
Bank of Kathmandu Limited (BOKL), for example, now gives interest payments in the range of 2.5% to 4% on savings. This shows that the interest rate has fallen compared to the month of Baisakh when the bank gave in the range of 3.1% to 4.6%. The interest rate on fixed deposits has gone down as well. Individuals previously got in the range of 7% to 7.6% on fixed deposits while institutions got in the range of 5.5% to 7.5%. Now, the rates have fallen to 6.5% - 7% for individuals and 5% - 7% for institutions.
Interest payment commitment has fallen for Prime Commercial Bank too. The previous rate range on savings was 3.51% - 4.5%. Now, the range is 2.76% - 4.5%. The highest interest payment that individuals will get on fixed deposits is 7.76%, compared to last month's highest rate of 8.5%. While institutions got in the range of 7.5% - 8.51%, they will now only get 7.5% - 7.76%.
In contrast, Mega Bank has gone to increase the interest rates instead. The bank previously made interest payments in the range of 1.75% to 3.5% for savings. For the month of Jestha, the bank has hiked the rate to 2.25% - 6.5%. While individuals and institutions got a flat 6.75% interest payment on all fixed deposits, they will now get 7.25%.
Because of the disparity in the updates, it is quite challenging to ascertain the liquidity situation of the economy and the health of the banking sector. For instance, Nabil bank has not made any changes to its interest rate profile for the month of Jestha. The bank will still provide interest payments in the range of 1.51% - 3.51% for savings schemes, 5.01% - 6.51% for individual FDs, and 4% - 6.5% for institutional FDs. Nonetheless, the base rate as of Chaitra, i.e. 6.18% is higher than the base rate as of Falgun, i.e. 5.49%.
Nepal SBI Bank Limited will now give 2.55% interest payment on most of its deposit schemes and 3.16% on the bank's special deposit schemes while it previously gave in the range of 3% to 3.16%. The bank also has a higher base rate as of Chaitra compared to that of Falgun.
However, Prabhu Bank Limited's base rate as of Chaitra, i.e. 7.06% is actually lower than the rate maintained as of Poush, i.e. 7.24%. The bank now gives a flat 7% annual interest payment on all FDs. Previously, individuals got in the range of 5.5% - 7% on FDs and institutions got in the range of 5% - 7%.
Wrapping Up
In this article, sampling a few commercial banks from all those that updated their interest rates shows that there is a disparity in the interest rates update. As such, one can also ascertain that banks, like all others who watch the economy, may have varied opinions on the future of the economy and liquidity scenario.
The excess liquidity that the economy had to deal with in the past year as a result of the lockdown during the first wave. Fast forward to today, the country is on the second series of lockdown and prohibitory orders because of the second wave of the pandemic. The government has extended the lockdown since the second wave seems deadlier and bigger than the first. As such, the halt in economic activities does have the potential to ensue yet another scenario of piling liquidity on a whole another level.",0.07646472007036209
2021-05-02,Commercial Banks Performed Better than Expected This Third Quarter; A Summarized Snapshot of the Most Important Fundamentals,https://www.sharesansar.com/newsdetail/commercial-bank-q3-comparative-not-completed-please-do-not-post-yet-2021-04-29,"Despite many speculations in the market as to how the bank's profitability will play out in the quarters to come because of the low-interest-rate environment and bad loans that might occur, banks have reported improved profitability indicators yet in this quarter.
In this article, we will be focusing mainly on the profitability and business volume indicators of commercial banks and do a comparative analysis. So, let's dive into the numbers.
Profit for the period:
As per the net profit of the third quarter of FY 2077/78,
Nabil
Bank Limited (NABIL)
is in the lead with a net profit of Rs 3.67 Arba. Similarly,
Global IME
Bank Limited (GBIME)
has the second-highest net profit of Rs 3.57 Arba in the same quarter. In the third position,
Rastriya Banijya
Bank Limited (RBBL)
has a net profit of Rs 3.27 Arba. The bank with the least net profit is
Century Commercial
Bank Limited (CCBL)
whose net profit amounts to Rs 35 crores.
The industry average net profit of the 27 commercial banks is Rs 1.87 Arba.
All commercial banks except 21 have reduced net profit this year compared to the same quarter of last year.
The total net profit for the year is Rs 50.59 Arba whereas that for the last year of the same quarter was Rs 44.57 Arba. The overall industry net profit has increased by 13.50%.
Distributable profit:
As per the distributable profit of the third quarter of 2077/78,
Nabil Bank Limited (NABIL)
is in the lead with a profit of Rs 3.80 Arba. Similarly,
Rastriya Banijaya Bank (RBB)
has the second-highest net profit of Rs 3.04 Arba in the same quarter. In the third position,
Global IME Bank Limited (GBIME)
has a net profit of Rs. 2.56  Arba.
Century Commercial Bank Limited (CCBL)
has reported the lowest distributable profit among all the banks of Rs. 22.29 crores.
Impairment charge/(reversal) for a loan and other losses:
Banks have set aside a certain amount in loan loss provision and have delayed the loan repayment of several borrowers. A total of Rs 1.21 Arba of amount has been shown in an impairment charge for a loan and other losses.
Century Commercial Bank Limited (CCBL)
has the highest impairment charge for a loan and other losses with Rs 75.88 crores followed by
Siddhartha Bank Limited (SBL)
with a total of Rs. 41.19 crores.
Paid-up capital:
Paid-up capital refers to the amount of money that commercial banks have received from their shareholders through the exchange of shares in the primary market.
The bank with the highest paid-up capital is
Global IME Bank Limited (GBIME)
with Rs 21.63 Arba capital and
Agricultural Development Bank Limited (ADBL)
with Rs 16.42 Arba paid-up capital.
* ADBL capital includes 5.43 Arba irredeemable noncumulative preference shares
Reserve and surplus:
With an industry average of Rs 8.18 Arba, 9 banks stand above the average benchmark of Rs 8.18 Arba in their reserve fund. The total reserve and surplus of all commercial banks are at Rs 2.20 Kharba.
In terms of reserves and surplus,
Nepal Bank Limited (NBL)
has maintained its lead with a reserve and surplus of Rs 21.51 Arba.
Rastriya Banijya Bank (RBB)
has maintained the second position with Rs 17.62 Arba reserve and surplus fund.
Nabil Bank Limited (NABIL)
is in the third position with a reserve and surplus of Rs 17.52 Arba.
Deposits from Customers:
On average, commercial banks have collected Rs 1.41 kharba as a deposit. Only 11 banks are above the average deposit collection.
As of the third quarter of FY 2077/78,
NIC Asia Bank Limited (NICA)
stands on top with total deposits worth Rs 2.75 kharba,
Global IME
Bank (GBIME)
has the
second-highest
deposits of Rs 2.44 kharba. Similarly, the bank is followed by
Rastirya Banikya Bank Limited (RBBL)
with the collected deposit of Rs 2.40 kharba respectively.
Nepal Bangladesh Bank Limited (NBB)
has the lowest deposit collection of Rs. 73.29 Arba.
Loans and advances to Customers:
The top position in loans and advances is occupied by
NIC Asia Bank Limited (NICA)
with credit disbursement worth Rs 2.47 kharba.
Global IME Bank Limited (GBIME)
has a loan and advances portfolio of Rs. 2.22 kharba.
Nabil Bank Limited (NABIL)
has a loan portfolio of Rs 1.86 kharba. Similarly on the other end of the rope,
Standard Chartered Bank Nepal Limited (SCB)
has the lowest loan and advances portfolio of Rs. 61.95 Arba.
The industry average loan disbursed is Rs 1.26 Kharba. 13 commercial banks have a loan portfolio above Rs 1.22 Kharba.
The loan disbursement among banks will probably see a new modality in the upcoming quarter. For instance, new loans for sectors that might be affected by the second wave of coronavirus pandemic might not be entertained by the banks. Moreover, banks will have to focus on agricultural loans to support the government’s initiative to commercialize agriculture sectors. New startups will have to rethink their business model before presenting an application for a loan in banks. Banks might support a lot of hotels, restaurants, consultancies, and public transportation by rescheduling their loan payment.
Net interest income:
Net interest income is the net earnings of commercial banks through their core business of collecting deposits and lending loans. The bank with the highest net interest income is
Global IME Bank Limited (GBIME)
with an income of Rs 6.87 Arba followed by
NIC Asia Bank Limited (NICA)
with an income of Rs 6.58 Arba and
Rastriya Banijya Bank (RBB)
with an income of Rs 6.34 Arba.
The industry average net interest income stands at Rs 3.55 Arba. 13 out of 27 commercial banks are above the industry average in terms of net interest income.
Total comprehensive income:
Nabil Bank Limited (NABIL)
has the highest comprehensive income of Rs 5.46 Arba.
Nepal Bank Limited (NBL)
has the second-highest comprehensive income of Rs 4.59 Arba.
Siddhartha Bank Limited  (SBL)
has the third-highest comprehensive income of Rs 4.26 Arba.
Major indicators:
Earnings per share:
Rastra Banijaya Bank (RBB)
becomes the bank to serve investors with the highest annualized EPS of Rs 47.47 per share.
Nabil
Bank Limited (NABIL)
has the second-highest EPS of Rs 36.40 per share.
NIC Asia
Bank Limited (NICA)
is in the third position with annualized EPS of Rs 34.65 per share.
Century Commercial Bank Limited (CCBL)
stays at the bottom with an earning of Rs. 5.29 per share.
The average EPS of 27 commercial banks stands at Rs 21.12. 13 commercial banks still provide EPS higher than that of the industry average.
Net worth per share:
The highest net worth per share among these commercial banks is Rs 291.95 which belongs to
Rastriya Banijya Bank (RBB)
.
Nepal Bank Limited (NBL)
is in the second position with Rs 270.22.
Everest Bank Limited (EBL)
has the third-highest net worth per share as of Q3 of FY 2077/78 i.e. Rs 235.11.
Century Commercial Bank Limited (CCBL)
has the least net worth of Rs 117.81 per share.
The industry average net worth stands around Rs 171.62 per share. 10 companies have a net worth more than the industry average.
P/E ratio:
Sanima Bank Limited (SANIMA)
has the least PE ratio of 15.37 times. It is followed by
Nepal Bangladesh
Bank Limited (NBB)
with a PE ratio of 16.16 times. 18 commercial banks have a P/E ratio lower than the industry average of 23.99 times.
(The PE ratios are not the recent ratios rather the ratios for quarter-end. Please look at the current market price to calculate the recent P/E ratio)
Non-Performing Loan:
In today’s context, the concern of investors simply does not rest upon which bank has more loans. The nature of the loan portfolio equally matters.
Everest Bank Limited (EBL)
reported the lowest NPL of 0.12% in terms of asset quality.
EBL
is followed by
Sanima Bank Limited (SANIMA)
with an NPL of 0.21%.
Rastriya Banijya Bank (RBB)
has reported the highest NPL of 3.62%. Since RBB is not tradeable,
Agricultural Development Bank Limited (ADBL)
seems to have the highest NPL of 3.08%.
Capital Adequacy Ratio
In terms of Capital Adequacy ratio (CAR),
Agricultural Development Bank Limited (ADBL)
seems to have reported the highest CAR of 21.10%. This is followed by
Standard Chartered Bank Nepal Limited (SCB)
with a CAR of 17.86%.
When we look at the indicators of banks, the overall picture doesn't seem so bad after the pandemic. Since the central bank applied the expansionary monetary policy to limit the effect of a pandemic on the whole economy, banks had to provide loans at a cheaper rate which could be one of the reasons for lower interest income. However, the banks have disbursed a huge amount of loans, indicating that the investments in the economy are increasing. Since the allocation of provision has also been declining significantly, it might be quite safe to say that the banks have been able to disburse good loans.
Finally, the table below provides a full picture with major indicators of the 27 commercial banks as of the third quarter of FY 2077/78:",0.10607977211475372
2021-04-28,"In This Q3, Commercial Banks Bagged over Rs. 50.74 Arba in Total Net Profit; Distributable Profit Surged by Massive 195.1% on Average",https://www.sharesansar.com/newsdetail/commercial-bank-profit-2021-04-28,"All commercial banks have unveiled their quarterly reports for the third quarter (Q3) of the fiscal year 2077/78.
There are a total of 27 commercial banks in the country. Of the 27 commercial banks, 26 are listed on the stock exchange while Rastriya Banijya Bank is not.
Commercial banks went through a lot in the past few months. The banks had to tackle piling liquidity during and in the aftermath of the pandemic, a result of increasing deposits and decreasing lending. In order to minimize profit margin cuts via interest payment, commercial banks have been slashing interest rates ever since.
Net Profit
Despite all odds, commercial banks have published fairly satisfactory quarterly reports. The combined performance by the commercial banks is applaudable, with the 27 banks reporting an average 11% increase in net profit in the third quarter of this fiscal year compared to the third quarter of the previous fiscal year.
Kumari Bank Limited (KBL) witnessed the highest spike in net profit in this quarter compared to the corresponding quarter of the previous fiscal year. The net profit of the bank stands at Rs. 1.8 arba which is 78.6% higher than the figure reported in the third quarter of the fiscal year 2076/77.
Meanwhile, the industry giant Nabil Bank Limited (NABIL) has reported the highest monetary amount of net profit this quarter. The net profit of the bank stands at Rs. 3.67 arba which is a 16.5% rise from its own net profit for the corresponding period of the previous fiscal year.
However, things weren't all bright and sunny for all commercial banks. Five commercial banks have reported a fall in net profit when compared with the figure reported in the corresponding period of the previous fiscal year. From this viewpoint, Century Commercial Bank Limited (CCBL) has reported the highest fall of 60.9%.
Nonetheless, the commercial banks have rung the closing bell for the third quarter this year with a combined net profit of Rs. 50.74 arba.
Distributable Profit
Commercial banks have a combined worth of Rs. 35.43 arba in distributable profits by the end of the third quarter.
Many commercial banks had reported a negative distributable profit in the corresponding period of the previous fiscal year. In contrast, all banks have reported positive figures this time. Nepal Bangladesh Bank Limited (NBB) has reported the highest spike in its distributable profit figure. With a distributable profit of Rs. Rs. 98.32 crore at the end of this year's third quarter, the bank has seen a massive 3,409.7% surge in its distributable profit figure.
Summing up, the commercial banks have performed fairly well, with an impressive average rise of 195.1% in distributable profits compared to the corresponding period of the previous fiscal year.",0.003656351938843727
2021-04-12,"""8.75% Prime Debenture 2085"" and ""9.50% NCC Rinpatra 2086"" Allotted to Applicants",https://www.sharesansar.com/newsdetail/875-prime-debenture-2085-and-950-ncc-rinpatra-2086-allotted-to-applicants-2021-04-12,"Prime Commercial Bank Limited opened the debenture issue titled
""8.75% Prime Debenture 2085""
from 28th Falgun. The issue was supposed to close on Chaitra 03, 2077. Since the issue was not fully subscribed by the closing date, the deadline was then extended till Chaitra 13.
35,00,000 units were issued at Rs.1000 per unit. While 21 lakh units were to be subscribed via private placement, 14 lakh units were offered to the general public (mutual funds included).
The issue manager has now allotted the debenture issue on 26th Chaitra. As the name suggests, this debenture will pay 8.75% interest/ returns to investors annually.
Announcement
Similarly, Nepal Credit and Commerce Bank Limited also issued
""9.50% NCC Rinpatra 2086""
from Chaitra 13. The Rinpatra issued a total of 30,00,000 units at a par value of Rs. 1,000 per unit. This issue closed on 18th Chaitra, 2077, at the end of banking hours.
While 18 lakh units were to be subscribed via private placement, 11.4 lakh units were issued to the general public. The remaining 60,000 units were then reserved for mutual funds.
The issue manager of this issue has also allotted the units on Chaitra 27th.
Announcement",0.9203473925590515
2021-04-08,NCC Bank signs agreement with Agantuk Resort of Dhulikhel; MoU to enable bank’s customers to receive attractive discount of upto 15% for resort’s hospitality services,https://www.sharesansar.com/newsdetail/ncc-bank-signs-agreement-with-agantuk-resort-of-dhulikhel-mou-to-enable-banks-customers-to-receive-attractive-discount-of-upto-15-for-resorts-hospitality-services-2021-04-08,"NCC Bank
has entered into an agreement with Agantuk Resort of Banepa  Dhulikhel to facilitate a special discount.
Following the agreement, card and MoBanking customers and employees of the Bank will get an attractive discount of 15% while availing food, lodging, and recreational services at the resort property, as per the media statement.
The bank currently has 128 branches, 8 extension counters, and 107 ATM booths under its network all over the nation.",-0.4948728084564209
2021-04-05,NIBL Ace Capital appointed as Debenture Registrar of Nepal Credit & Commerce Bank,https://www.sharesansar.com/newsdetail/nibl-ace-capital-appointed-as-debenture-registrar-of-nepal-credit-commerce-bank-2021-04-05,"NIBL Ace Capital Limited has been appointed as Debenture Registrar of Nepal Credit & Commerce Bank Limited (NCC Bank).
Nepal Credit & Commerce Bank Ltd. (NCC Bank) formally registered as Nepal - Bank of Ceylon Ltd. (NBOC), commenced its operation on October 14, 1996 as a Joint Venture with Bank of Ceylon, Sri Lanka. The name of the Bank was changed to Nepal Credit & Commerce Bank Ltd, (NCC Bank) on 10th September 2002, due to transfer of shares and management of the Bank from Bank of Ceylon, to Nepalese Promoters.
The Debenture Registrar Service Agreement was made between the two companies on Chaitra 12, 2077 agreed on the matter.
The agreement for the same was signed on March 25, 2021 between Mr. Rajesh Raj Dhungel (Senior Manager, Nepal Credit and Commerce Bank Ltd.) and Mr. Sachindra Dhungana (Assistant General Manager, NIBL Ace Capital Ltd.)",0.8293216228485107
2021-03-31,"""9.50% NCC Rinpatra 2086"" Closing Today",https://www.sharesansar.com/newsdetail/950-ncc-rinpatra-2086-closing-today-2021-03-31,"Today is the last day to apply for
""9.50% NCC Rinpatra 2086"".
Nepal Credit and Commerce Bank Limited has been issuing ""9.50% NCC Rinpatra 2086"" from Chaitra 13. The Rinpatra has issued a total of 30,00,000 units at a par value of Rs. 1,000 per unit. This issue will close today, i.e. 18th Chaitra, 2077, at the end of banking hours.
While 18 lakh units will be subscribed via private placement, 11.4 lakh units have been issued to the general public. The remaining 60,000 units are reserved for mutual funds. Investors can apply for a minimum of 25 units and a maximum of 3 lakh units.
ICRA Nepal has given this Rinpatra a rating of L Triple B. Issues with this rating are considered safe enough to meet their financial objective.
Notice",0.9043676853179932
2021-03-26,"Open From Today: ""9.50% NCC Rinpatra 2086""",https://www.sharesansar.com/newsdetail/open-from-today-950-ncc-rinpatra-2086-2021-03-26,"Nepal Credit and Commerce Bank Limited has issued
""9.50% NCC Rinpatra 2086""
today. The Rinpatra has issued a total of 30,00,000 units at a par value of Rs. 1,000 per unit. This issue will close on 18th Chaitra, 2077. If not subscribed till the early closing date, this issue can be extended till 27th Chaitra.
While 18 lakh units will be subscribed via private placement, 11.4 lakh units has been issued to the general public. The remaining 60,000 units are reserved for mutual funds. Investors can apply for a minimum of 25 units and a maximum of 3 lakh units.
ICRA Nepal has given this Rinpatra a rating of L Triple B. Issues with this rating are considered safe enough to meet their financial objective.
Notice",0.8845945000648499
2021-03-18,"""9.50% NCC Rinpatra 2086"" to Open from Chaitra 13th",https://www.sharesansar.com/newsdetail/950-ncc-rinpatra-2086-to-open-from-chaitra-13th-2021-03-18,"Nepal Credit and Commerce Bank Limited has published an offer letter to issue
""9.50% NCC Rinpatra 2086"".
The Rinpatra will issue a total of 30,00,000 units at a par value of Rs. 1,000 per unit. This issue will open on 13th Chaitra and close on 18th Chaitra, 2077. If not subscribed till the early closing date, this issue can be extended till 27th Chaitra.
While 18 lakh units will be subscribed via private placement, 11.4 lakh units will be issued to the general public. The remaining 60,000 units are reserved for mutual funds. Investors can apply for a minimum of 25 units and a maximum of 3 lakh units.
ICRA Nepal has given this Rinpatra a rating of L Triple B. Issues with this rating are considered safe enough to meet their financial objective.
Notice",0.8888646364212036
2021-03-16,NCC Bank now at Hakimchowk of Chitwan through 128th branch,https://www.sharesansar.com/newsdetail/ncc-bank-now-at-hakimchowk-of-chitwan-through-128th-branch-2021-03-16,"Nepal Credit and Commerce Bank has brought into operation its 128
th
branch at Bharatpur-9 Hakim chowk of Chitwan district. The latest banking facility aims to increase banking access of people of the vicinity and other neighbouring areas, as per the media statement.
The new branch was inaugurated by the chairman of the bank Mr. Upendra Keshari Neupane, Chitwan FNCCI head Mr. Raju Shrestha, Chitwan Industry Chamber head Mr. Raju Paudel, among others.
The bank currently has 128 branches, 8 extension counters, and 107 ATM outlets under its network.",-0.4197441041469574
2021-03-15,NCC Bank inks MoU with Chitwan Dairy Cooperative Association; to extend subsidized agro loan up to 5 crores to farmers in the district,https://www.sharesansar.com/newsdetail/ncc-bank-inks-mou-with-chitwan-dairy-cooperative-association-to-extend-subsidized-agro-loan-up-to-5-crores-to-farmers-in-the-district-2021-03-15,"Nepal Credit and Commerce Bank has inked an agreement with Chitwan Dairy Producers Cooperative Association to help the rural dairy farmers to have better access over the banking credit facility.
Following the agreement, the bank will provide a subsidized loan of upto Rs 10 lakh to individual farmers engaged in livestock farming, Rs 1 crore to private firm or cooperative firm in agriculture and Rs 5 crore to firms registered under company registrar office.",-0.8081536293029785
2021-03-14,Commercial Banks Raise Interest Rates After So Long; Is This Responsible for NEPSE's Decline?,https://www.sharesansar.com/newsdetail/commercial-banks-raise-interest-rates-after-so-long-is-this-responsible-for-nepses-decline-2021-03-14,"Commercial Banks have started to unveil their updated interest rates profile for the month of Chaitra.
While banks were on interest rates slashing race because of piling liquidity during the pandemic, banking sources now say that the liquidity is gradually reverting to its normal state. It is logical that things won't be as messed up as the time when we were in a nationwide lockdown and businesses were brought to a complete halt.
Interest Rates Change on Savings
It seems that the falling interest rates on savings have reversed their trend. For the first time after so many months, commercial banks have increased the interest rates on various savings schemes.
Bank
Updated Rates on Savings (%)
Previously maintained rates (%)
MBL
2 to 4
2 to 4
CBL
3.75 to 5.75
2.51 to 4.51
SANIMA
2 to 4
2 to 4
NICA
2.1 to 3.5
1.5 to 3.5
NABIL
2.51 to 4.51
1.5 to 3.5
CZBIL
2 to 4
2 to 4
SRBL
2.5 to 4
2 to 3.5
NBB
2.75 to 4
2.75 to 4
MEGA
3.5 to 5.5
1.5 to 2.5
GBIME
2 to 4
2 to 4
BOKL
2 to 3.5
2 to 3.5
SCB
2 to 4
2 to 4
Interest Rates Change on Fixed Deposits for Individuals
Depositors will now get higher interest payments on fixed deposits too. It seems that commercial banks have either retained the previous interest rates profile or increased the rates.
Bank
Updated Rates on Fixed Deposits for Individuals (%)
Previously maintained rates (%)
MBL
7
7
CBL
6 to 8.75
5.5 to 7.51
SANIMA
5.5 to 6.5
5.5 to 6.5
NICA
7.1
6.5
NABIL
6.01 to 7.51
5 to 6.5
CZBIL
6.5 to 7
6 to 7
SRBL
7
7
NBB
6 to 7.75
6 to 7.75
MEGA
6.5 to 7.25
6.5
GBIME
7
6.5 to 7
BOKL
7
5 to 7
SCB
4.5 to 5.5
4.5 to 5.5
Interest Rates Change on Fixed Deposits for Institutions
Bank
Updated Rates on Fixed Deposits for Institutions (%)
Previously maintained rates (%)
MBL
7
7
CBL
5.6 to 8
5.1 to 7.51
SANIMA
6.75
6.75
NICA
7.1
6.5
NABIL
4 to 6.5
4 to 6.5
CZBIL
7
5.5 to 7
SRBL
6.5 to 7
6.5 to 7
NBB
6 to 7.25
6 to 7.1
MEGA
6.25 to 7
6.5
GBIME
7
6.5 to 7
BOKL
4.5 to 6.5
4.5 to 6.5
SCB
3 to 5.25
3 to 5.25
Selective data sampling was done in this research article. This is not representative of all the commercial banks.
Impact on the Stock Market
The stock market is highly sensitive to change in interest rates. The NEPSE index made its all-time high after the lockdown, which was partly fuelled by the fall in interest rates. As keeping money idle in savings began to yield lower returns, depositors channeled their funds to the stock market instead.
While the cyclical trend of the NEPSE index signals that the index might actually be in an extended bull cycle, the rise in interest rates may influence investor sentiment on the stock market, at least temporarily. As to where the index is headed is completely in the hands of investors.",0.36723196506500244
2021-02-28,Auctioned Promoter Shares of Nepal Credit and Commerce Bank (NCCB) Allotted; Who Got the Shares?,https://www.sharesansar.com/newsdetail/auctioned-promoter-shares-of-nepal-credit-and-commerce-bank-nccb-allotted-who-got-the-shares-2021-02-28,"Nepal Credit and Commerce Bank Limited (NCCB)
has allotted the promoter shares that it had auctioned.
The company had auctioned its 25,00,000 units promoter shares from 2nd Falgun. The auction concluded on 9th Falgun, 2077, at the end of banking hours.
Those who bid from Rs. 142 to Rs. 315.5 have been allotted the shares they demanded. A total of 104 bidders had bid on that range. Meanwhile, a bidder bidding at Rs. 141.50 has been allotted partially.
Bidders who weren't allotted will be refunded tomorrow, i.e. Falgun 17 via Connect IPS.
Announcement",0.8482667207717896
2021-02-26,"In Last 8 Months of Bullish Ride, Would Investing in Banks Give Better Returns Than NEPSE's Gain? What Does Data Tell Us?",https://www.sharesansar.com/newsdetail/price-growth-and-index-growth-comparision-2021-02-26,"It has been a huge roller coaster ride for NEPSE after Covid-19. With increasing speculation as to how this was going to end, investors were first bearish then went on to be bullish in the market. There could be various speculation for this scenario; some of them being high liquidity, end of the bear cycle, new monetary policy, reported vaccines, etc. Despite many economists predicting the economic recovery to be L-shaped, the market showed a V-shaped recovery and this resulted in new highs for the only stock market of Nepal. When we look at the world's stock market, the same is the case. Despite a huge drop in the unemployment rate, a drop in production, with businesses facing cash crunch to service debt, companies declaring bankruptcy, the stock market has been booming along.
With the increasing market, all the sectors have been benefitted. Most of the hydropower companies that were trading below their book value went up in value by more than 150%. The Life Insurance sector has gained more than 190%. The banking sector which makes up most of the Nepalese stock market has grown by a little over 85% from the low during Covid-19. So, in this article, we will be focusing on the banking sector and compare its growth with NEPSE. In this article, Sharesansar took the base price of Shrawan 01, 2077 and compared it with the adjusted price of Falgun 13, 2077. This article focuses on what your investment would have yielded today adjusting the dividends, if you had invested your money on Shrawan 01, 2077.
The total market yielded 83.12% in 7 months period.
When we observe the yield of individual stocks and compare it with the NEPSE index itself, only 6 banks outperformed the market while 20 banks underperformed the market.
Nabil Bank Limited (NABIL)
yielded the most with a total of 123.62%. NABIL is followed by
Prabhu Bank Limited (PRVU
) which yielded 114.24% and
Global IME Bank Limited (GBIME)
which yielded 109.87% stood in the third position.
Standard Chartered Bank Nepal Limited (SCB)
which is considered the safest of all the banks yielded only 3% which is the lowest return from the banking industry.",0.28468406200408936
2021-02-23,Bank of Kathmandu to lead consortium of 5 banks funding 21.21 MW Upper Khudi Hydro project; consortium to lend 70% of total project cost of Rs 4.19 arba,https://www.sharesansar.com/newsdetail/bank-of-kathmandu-to-lead-consortium-of-5-banks-funding-2121-mw-upper-khudi-hydro-project-consortium-to-lend-70-of-total-project-cost-of-rs-419-arba-2021-02-23,"Bank of Kathmandu has completed a financial closure process to fund 21.21 MW Upper Khudi hydro project located at Marsyangdi Gaupalika of Lamjung district after signing a financial closure related agreement with Super Khudi Hydro Power.
The financial closure was concluded under a consortium of five banks, Global IME Bank, Civil Bank, Mega Bank and Nepal Credit and Commerce Bank led by Bank of Kathmandu that totals to 70% of the estimated project cost which is Rs 4.19 arba, as per the media statement.
The bank currently provides its services from its 90 branches, 78 ATM outlets and 10 extension counters while is currently funding 34 big projects all over the nation.",0.7382038831710815
2021-02-22,SEBON Approves Two New Debentures; When Will they Open for Application?,https://www.sharesansar.com/newsdetail/sebon-approves-two-new-debentures-when-will-they-open-for-application-2021-02-22,"SEBON has given approval to debentures of two different commercial banks.
What is a Bond/ Debenture?
In finance, a debenture is a medium- to long-term debt instrument used by companies to borrow money at a fixed rate of interest. Simply put, you get paid a certain percentage of returns each year for your money that you let them use. Although this might feel like depositing money at the bank, debentures pay higher than the interest rates on banks and financial institutions.
Both corporations and governments frequently issue debentures to raise capital or funds. Governments typically issue long-term bonds—those with maturities of longer than 10 years. Considered low-risk investments, these government bonds have the backing of the government issuer. Corporations also use debentures as long-term loans.
Investing in the shares of companies certainly feels more lucrative than investing in boring bonds or debentures. However, as much profit potential that investing in the secondary market carries, they have equal downsides. The stock market is a place to lose money as much as it is to gain. On the other hand, a debenture is a dead-simple method of investing where you get a considerable percentage of returns by depositing your money, doing virtually nothing.
Luckily, the Debenture scenario of Nepal is also inching along with the IPO hype. More and more institutions are issuing debentures to fulfil the need for capital. Since these companies invest in Nepal themselves, investors will likely get a sense of contribution to the country by investing in these fixed-income alternatives.
SEBON has given approval of issuance to the following debentures. Sharesansar called their respective issue manager to inquire when the issue will be open for application.
1) 8 years, 8.75% Prime Debenture 2085
SEBON gave its approval on Poush 26 earlier this year. ""8 years, 8.75% Prime Debenture 2085"" is a debenture proposed by Prime Commercial Bank Limited. The debenture has 35 lakh units registered of which 14 lakh will be opened to the public and 21 lakh units will be subscribed via private placement.
RBB Merchant Banking Limited has been appointed the issue manager. According to the issue manager, the opening date will likely be on the 18th or 19th of this month, i.e. Falgun, 2077 BS. However, note that this is only a rough estimation. The issue manager will decide on the matter soon and will probably unveil the offer letter this week itself.
2) 10 years, 9.5% NCC Rinpatra 2086
SEBON gave its approval for this debenture on Magh 05 earlier this year. ""10 years, 9.5% NCC Rinpatra 2086"" is a debenture proposed by NCC Bank Limited. The debenture has 30 lakh units registered of which 12 lakh will be opened to the public and 18 lakh units will be subscribed via private placement.
Nabil Invest is the issue manager for the debenture. Although the board already approved the debenture, the issue manager has resubmitted an application just to reconfirm with the board, given that NCCB has had an AGM and a change in its management structure. While they expect to receive approval from the board this week itself, the debenture might open later this month.",0.8871837258338928
2021-02-21,Last Day to Bid for Auction of Promoter Shares of Nepal Credit and Commerce Bank (NCCB),https://www.sharesansar.com/newsdetail/last-day-to-bid-for-auction-of-promoter-shares-of-nepal-credit-and-commerce-bank-nccb-2021-02-21,"Today is the last day to bid for the promoter shares of
Nepal Credit and Commerce Bank Limited (NCCB).
The company has been auctioning its 25,00,000 units promoter shares from 2nd Falgun. The auction will conclude today, i.e. on 9th Falgun, 2077, at the end of banking hours.
The auction is open for individuals, companies, and institutions. The minimum bid rate is Rs. 140 and the minimum bid quantity is 1000 units. Although bidders can bid for the entirety of the issue, they are required to abide by Nepal Rastra Bank's rule to not exceed the specified quantity of shares per entity.
Sunrise Capital is appointed the auction manager for the auction. Bids will be opened at the premises of the auction manager on Falgun 10, starting at 1 pm that day.
Auction notice",0.9243818521499634
2021-02-14,Nepal Credit and Commerce Bank (NCCB) Auctioning Promoter Shares from Today,https://www.sharesansar.com/newsdetail/nepal-credit-and-commerce-bank-nccb-auctioning-promoter-shares-from-today-2021-02-14,"Nepal Credit and Commerce Bank Limited (NCCB)
is auctioning its 25,00,000 units promoter shares from today.
The auction has opened from today, i.e. 2nd Falgun, and will conclude on 9th Falgun, 2077. The auction is open for individuals, companies, and institutions. The minimum bid rate is Rs. 140 and the minimum bid quantity is 1000 units. Although bidders can bid for the entirety of the issue, they are required to abide by Nepal Rastra Bank's rule to not exceed the specified quantity of shares per entity.
Sunrise Capital is appointed the auction manager for the auction. Bids will be opened at the premises of the auction manager on Falgun 10, starting at 1 pm that day.
Auction notice",0.9275251030921936
2021-02-07,Nepal Credit and Commerce Bank (NCCB) Auctioning Promoter Shares from 2nd Falgun,https://www.sharesansar.com/newsdetail/nepal-credit-and-commerce-bank-nccb-auctioning-promoter-shares-from-2nd-falgun-2021-02-07,"Nepal Credit and Commerce Bank Limited (NCCB)
is auctioning its 25,00,000 units promoter shares.
The auction will open on 2nd Falgun and conclude on 9th Falgun, 2077. The auction is open for individuals, companies, and institutions. The minimum bid rate is Rs. 140 and the minimum bid quantity is 1000 units. Although bidders can bid for the entirety of the issue, they are required to abide by Nepal Rastra Bank's rule to not exceed the specified quantity of shares per entity.
Sunrise Capital is appointed the auction manager for the auction. Bids will be opened at the premises of the auction manager on Falgun 10, starting at 1 pm that day.
Auction notice",0.9261966347694397
2021-02-05,How Exactly Did Commercial Banks Perform in the Second Quarter? A Quick Comparison of the Most Important Metrics,https://www.sharesansar.com/newsdetail/commercial-bank-q2-comparative-2021-02-05,"Every disaster can be an opportunity. Every difficult time brings out new innovation. The coronavirus pandemic has hit every sector very hard. The banking sector is no different. Even though the banks were slow to grab the opportunity in this pandemic, they increased the online services, increased third party collaboration and integration with startups. The financial performance of the bank is a reflection of how the year has gone so far. Let us find out how Nepalese commercial banks have performed in the second quarter after the pandemic.
Profit for the period:
As per the net profit of second quarter of FY 2077/78,
Global IME Bank Limited (GBIME)
is in the lead with a net profit of Rs 2.31 arba. Similarly,
NIC Asia Bank Limited (NICA)
has the second-highest net profit of Rs 2.06 arba in the same quarter. In the third position,
Nabil
Bank Limited (NABIL)
has a net profit of Rs 2.01 arba. The bank with the least net profit is
Civil Bank Limited (CBL)
whose net profit amounts to Rs 20 crore.
The industry average net profit of the 27 commercial banks is Rs 1.15 arba.
All commercial banks except 11 have reduced net profit this year compared to the same quarter of last year.
The total net profit for the year is Rs 30.95 arba whereas that for the last year of the same quarter was Rs 32.09 arba. The overall industry net profit has decreased by 3.55%.
Distributable profit:
As per the distributable profit of a second quarter of 2077/78,
Nabil Bank Limited (NABIL)
is in the lead with a profit of Rs 1.84 arba. Similarly,
Rastriya Banijya Bank (RBB)
has the second-highest net profit of Rs 1.80 arba in the same quarter. In the third position,
NMB Bank Limited (NMB)
has a net profit of Rs. 1.50  arba.
Siddhartha Bank Limited (SBL)
has reported negative distributable profit of Rs. 13.69 crores.
Impairment charge/(reversal) for a loan and other losses:
Banks have set aside a certain amount in loan loss provision and have delayed loan repayment of several borrowers. A total of Rs 2.07 arba of amount has been shown in an impairment charge for a loan and other losses.
Siddhartha Bank Limited (SBL)
has the highest impairment charge for a loan and other losses with Rs 70.60 crores followed by
Nepal Investment Bank Limited (NIB)
and
Global IME Bank Limited (GBIME)
with Rs 36.76 crores and Rs 29.78 crores respectively.
(*number presented above is in crore)
Paid-up capital:
Paid-up capital refers to the amount of money that commercial banks have received from their shareholders through the exchange of shares in the primary market.
The bank with the highest paid-up capital are
Global IME Bank Limited (GBIME)
with Rs 21.63 arba capital and
Agricultural Development
Bank Limited (ADBL)
with Rs 16.42 arba paid-up capital.
* ADBL capital includes 5.43 Arba irredeemable noncumulative preference shares
* 6 Banks (NMB, NCCB, NBB, NIB, SBI, SBL) dividend (bonus shares) for FY 2076/77 is not adjusted in Paid-up Capital.
Reserve and surplus:
With an industry average of Rs 7.59 arba, 10 banks stand above the average benchmark of Rs 7.59 arba in their reserve fund. The total reserve and surplus of all commercial banks is at Rs 2.05 kharba.
In terms of reserves and surplus,
Nepal Bank Limited (NBL)
has maintained its lead with a reserve and surplus of Rs 19.34 arba.
Rastriya Banijya Bank (RBB)
has maintained the second position with Rs 16.45 arba reserve and surplus fund.
Nabil Bank Limited (NABIL)
is in the third position with a reserve and surplus of Rs 15.37 arba.
Deposits from Customers:
On average, commercial banks have collected Rs 1.35 kharba as a deposit. Only 11 banks are above the average deposit collection.
As of the second quarter of FY 2077/78,
NIC Asia Bank Limited (NICA)
stands on top with total deposits worth Rs 2.68 kharba,
Rastriya Banijya Bank (RBB)
has
the second-highest
deposits of Rs 2.41 kharba. Similarly, the bank is followed by
Global IME Bank Limited (GBIME)
with the collected deposit of Rs 2.34 kharba respectively.
Nepal Bangladesh
Bank Limited (NBB)
has the lowest deposit collection of Rs. 70.08 arba only.
Banks had to decrease their interest rates on deposits. Coronavirus pandemic has hit a lot of businesses that have taken a loan from several banks. Commercial banks needed to decrease the interest rates on loans to lessen the impact of the pandemic on several businesses and corporate houses so, depositors had to compromise with a lower interest rate on their deposits during the pandemic.
Loans and advances to Customers:
In today’s context, the concern of investors simply does not rest upon which bank has more loans. The nature of the loan portfolio equally matters. As shown in the figure, the top position in loans and advances is occupied by
NIC Asia
Bank Limited (NICA)
with credit disbursement worth Rs 2.21 kharba.
Global IME Bank Limited (GBIME)
has a loan and advances portfolio of Rs. 2.03 kharba.
Nabil Bank Limited (NABIL)
has a loan portfolio of Rs 1.70 kharba. Similarly on the other end of the rope, stands
Standard Chartered Bank Nepal Limited (SCB)
with the lowest loan and advances portfolio of Rs. 53.12 arba.
The industry average loan disbursed is Rs 1.14 kharba. 12 commercial banks have a loan portfolio above Rs 1.14 kharba.
The loan disbursement among banks will probably see a new modality in the upcoming quarter. For instance, new loans for sectors that might be affected by the second wave of coronavirus pandemic might not be entertained by the banks. Moreover, banks will have to focus on agricultural loans in order to support the government’s initiative to commercialize agriculture sectors. New startups will have to rethink their business model before presenting an application for a loan in banks. Banks might support a lot of hotels, restaurants, consultancies, and public transportation by rescheduling their loan payment.
Net interest income:
Net interest income is the net earnings of commercial banks through their core business of collecting deposits and lending loans. The bank with the highest net interest income is
Global IME
Bank Limited (GBIME)
with an income of Rs 4.77 arba followed by
NIC Asia Bank Limited (NICA)
with an income of Rs 3.94 arba and
Rastriya Banijya Bank (RBB)
with an income of Rs 3.91 arba.
The industry average net interest income stands at Rs 2.29 arba. 13 out of 27 commercial banks are above the industry average in terms of net interest income.
Total comprehensive income:
Nabil Bank Limited (NABIL)
has the highest comprehensive income of Rs 3.18 arba.
Nepal Bank Limited (NBL)
has the second-highest comprehensive income of Rs 2.46 arba.
Rastriya Banijya Bank  (RBB)
has the third-highest comprehensive income of Rs 2.43 arba.
Major indicators:
Earnings per share:
Rastra Banijaya Bank (RBB)
becomes the bank to serve investors with the highest annualized EPS of Rs 38.84 per share.
NIC Asia Bank Limited (NICA)
has the second-highest EPS of Rs 35.64 per share.
Nabil Bank Limited (NABIL)
is in the third position with annualized EPS of Rs 29.91 per share.
Civil Bank Limited (CBL)
stays at the bottom with an earning of Rs. 5.07 per share.
* 6 Banks (NMB, NCCB, NBB, NIB, SBI, SBL) dividend (bonus shares) for FY 2076/77 is not adjusted in Paid-up Capital. Hence, EPS will be changed once bonus shares are adjusted.
The average EPS of 27 commercial banks stands at Rs 19.87. 14 commercial banks still provide EPS higher than that of the industry average.
Net worth per share:
The highest net worth per share among these commercial banks is Rs 282.82 which belongs to
Rastriya Banijya Bank (RBB)
.
Nepal Bank
Limited (NBL)
is in the second position with Rs 253.18.
Everest Bank Limited (EBL)
has the third-highest net worth per share as of Q2 of FY 2077/78 i.e. Rs 218.40.
Century Commercial
Bank Limited (CCBL)
has the least net worth of Rs 118.87 per share.
The industry average net worth stands around Rs 166.91 per share. 9 companies have net worth more than the industry average.
P/E ratio:
Nepal Bangladesh Bank Limited (NBB)
has the least PE ratio of 12.73 times. It is followed by
Sunrise Bank Limited (SRBL)
with PE ratio of 13.49 times. 18 commercial banks have a P/E ratio lower than the industry average of 22.88 times.
(The PE ratios are not the recent ratios rather the ratios for quarter-end. Please look at the current market price to calculate the recent P/E ratio)
* 6 Banks (NMB, NCCB, NBB, NIB, SBI, SBL) dividend (bonus shares) for FY 2076/77 is not adjusted in Paid-up Capital. Hence, PE will be changed once bonus shares are adjusted.
Non-Performing Loan:
In terms of asset quality,
Everest Bank Limited (EBL)
and
Nepal SBI Bank Limited (SBI)
reported the lowest NPL of 0.19%. these two companies are followed by
NIC Asia Bank Limited (NICA)
with NPL of 0.43%.
Rastriya Banijya Bank (RBB)
has reported the highest NPL of 4.23%. Since RBB is not tradeable,
Agricultural Development Bank Limited (ADBL)
seems to have the highest NPL of 3.14%.
Capital Adequacy Ratio
In terms of Capital Adequacy ratio (CAR),
Standard Chartered Bank Nepal Limited (SCB)
seems to have reported the highest CAR of 19.36%. This is followed by
Agricultural Development Bank Limited (ADBL)
with a CAR of 18.73%.
When we look at the indicators of bank, the overall picture doesn't seem so bad after the pandemic. Since central bank applied the expansionary monetary policy to limit the effect of pandemic on the whole economy, banks had to provide loans at cheaper rate which could be one of the reason for lower interest income. However, the banks have disbursed huge amount of loans which indicates that the investments in the economy is increasing. We could also see that most of the banks have collected the provision created in the prior quarters which is a good sign because it indicates that the bank overestimated the provision.
Finally, the table below provides a full picture with major indicators of the 27 commercial banks as of the second quarter of FY 207/78:",0.03403659909963608
2021-02-04,Shares Listed: 10.27% Bonus Shares of Nepal Credit And Commercial Bank Limited (NCCB),https://www.sharesansar.com/newsdetail/shares-listed-1027-bonus-shares-of-nepal-credit-and-commercial-bank-limited-nccb-2021-02-04,"96,05,997.35 units bonus shares of Nepal Credit And Commercial Bank Limited (NCCB) have been listed in NEPSE. This is a portion of the dividend distributed for the fiscal year 2076/77.
The recent AGM of the company has endorsed the dividend for the fiscal year 2076/77. NCCB has distributed a 10.81% dividend for the fiscal year 2076/77. The bank has distributed a 0.5405% cash dividend and a 10.2695% bonus shares from the paid-up capital. The paid-up capital of the company before dividend distribution was Rs. 9,35,39,16,945. Thus, the cash dividend amounts to Rs. 5,05,57,881 and bonus shares are worth Rs. 96,05,99,735. The cash dividend includes the tax amount for the bonus shares.
The same bonus shares are now listed in NEPSE. As of writing, NCCB has the last day closing price of Rs. 315.",0.9230042099952698
2021-01-31,Commercial Banks and Their Profitability in Second Quarter: A Comparison,https://www.sharesansar.com/newsdetail/banking-performance-comparison-2021-01-29,"All the commercial banks listed in NEPSE have published their quarterly reports for the second quarter of the fiscal year 2077/78.
Of the 26 commercial banks listed in NEPSE, 9 have reported a higher profit for the period compared to the corresponding period of the previous fiscal year 2076/77. Meanwhile, 17 others have reported a profit that is lower than the amount reported in the second quarter of the previous fiscal year 2076/77. Nonetheless, it should be noted that all commercial banks have remained profitable despite the pandemic.
Kumari Bank Limited (KBL) has reported the highest surge in its net profit in the second quarter of this fiscal year compared to the corresponding quarter of the previous fiscal year 2076/77. The bank's profit rose a massive 51.50%, i.e. more than half. KBL is closely tailed by NMB Bank with a profit rise of 47.69%.
On the other side of things, the profit of Himalayan Bank Limited (HBL) has fallen the most in the second quarter compared to the corresponding quarter of the previous fiscal year 2076/77. Although the bank has a profit of Rs. 65,32,68,000 in the second quarter of this fiscal year, this profit is 62.51% lower than that reported in the corresponding quarter of the previous fiscal year 2076/77. Nepal SBI Bank has the second-highest fall in profit: a staggering 48.55%. SBI has a profit of Rs. 51,48,60,000 in the second quarter of this fiscal year nonetheless.
Note: The monetary amount in the following table is in thousands, with the figures rounded off for simplicity.
Commercial Bank
Profit Till 2nd Quarter of FY 2077/78
Profit Till 2nd Quarter of Previous FY
Percentage Change
NMB Bank Limited
1,613,973
1,092,785
47.69
Siddhartha Bank Limited
918,740
1,026,549
-10.50
Nepal Credit & Commerce Bank Limited
614,004
756,348
-18.82
Kumari Bank Limited
1,216,558
803,011
51.50
Laxmi Bank Limited
807,115
903,029
-10.62
Machhapuchchhre Bank Limited
802,774
821,758
-2.31
Everest Bank Limited
961,904
1,509,829
-36.29
Nepal Bangladesh Bank Limited
941,256
807,778
16.52
Nepal SBI Bank Limited
514,860
1,000,752
-48.55
Himalayan Bank Limited
653,268
1,742,406
-62.51
Standard Chartered Bank Nepal Limited
727,639
1,226,913
-40.69
Nepal Investment Bank Limited
1,586,609
1,666,112
-4.77
Nabil Bank Limited
2,016,023
2,041,861
-1.27
Citizens Bank International Limited
875,194
687,701
27.26
Prime Commercial Bank Limited
1,813,330
1,300,787
39.40
Sunrise Bank Limited
942,412
944,388
-0.21
Agricultural Development Bank Limited
1,321,689
1,581,727
-16.44
Sanima Bank Limited
1,062,796
1,147,465
-7.38
Mega Bank Nepal Limited
1,304,472
950,205
37.28
Civil Bank Limited
202,884
316,247
-35.85
Century Commercial Bank Limited
466,599
650,287
-28.25
Nepal Bank Limited
1,350,423
1,352,397
-0.15
Global IME Bank Limited
2,315,118
1,685,908
37.32
NIC Asia Bank Limited
2,060,538
2,016,226
2.20
Prabhu Bank Limited
1,518,684
1,085,774
39.87
Bank of Kathmandu
708,511
883,817
-19.84",0.030073247849941254
2021-01-28,Nepal Credit and Commerce Bank reported decline in Net profit n Q2; Look at the major highlights of this quarter,https://www.sharesansar.com/newsdetail/nepal-credit-and-commerce-bank-reported-decline-in-net-profit-n-q2-look-at-the-major-highlights-of-this-quarter-2021-01-28,"Nepal Credit and Commerce Bank Limited (NCCB)
has published its second-quarter report for the FY 2077/2078 with a decline in Net Profit by 18.82%. The bank's net profit has decreased from Rs. 75.63 crores in the second quarter of FY 2076/2077 to Rs. 61.40 crores in the second quarter of FY 2077/2078.
The bank reported Rs. 41.66 crores as distributable profit after P/L appropriation and regulatory requirements in this quarter.
The bank’s deposit from customers increased by 34.53% to Rs. 97.95 arba (compared to immediate previous year ending) whereas loans and advances to customers increased by 19.18% to Rs. 77.49 Arba (compared to the immediate previous year ending) till the second quarter. The Net Interest Income (core business income) of the bank has decreased by 13.28% to Rs. 1.44 arba compared to the corresponding quarter of the previous year.
The bank’s paid-up capital stands at Rs. 9.35 Arba with Rs. 4.52 Arba in Reserve and surplus. The Non-performing loan (NPL) remained at 2.42%.
The annualized earnings per share (EPS) of the Bank stood at Rs. 13.13 and Net worth per share stood at Rs. 148.38. The company traded at a P/B multiple of 2.24 times.
Click here for Q2 report
Major Highlights:
Particulars
Nepal Credit and Commerce Bank Limited
Q2, 2077/2078
Q2, 2076/2077
Difference
Share Capital
9,353,916.95
9,353,916.95
-
Reserve & Surplus
4,525,763.43
3,807,085.65
18.88%
Loans and Advances
77,494,765.29
65,021,931.37
19.18%
Deposit from Customers
97,956,989.27
72,815,826.90
34.53%
Net Interest Income
1,444,296.41
1,665,444.08
-13.28%
Impairment charge/(Reversal) for loans
143,485.63
63,334.93
-
Operating Profit
856,012.43
1,059,361.43
-19.20%
Net Profit
614,004.14
756,348.44
-18.82%
Capital Adequacy Ratio (CAR)
12.71%
13.20%
-
Non-performing Loan (%)
2.42%
2.82%
-
Cost of Funds (%)
5.79%
7.50%
-
Base Rate (%)
7.94%
10.58%
-
CCD Ratio (as per NRB Directives)
71.90%
76.60%
-
Annualized EPS (Rs.)
13.13
16.17
-
Net Worth per share (Rs.)
148.38
140.70
-
Price to Earnings (Times)
25.29
-
-
Price to Book (Times)
2.24
-
-",0.020749378949403763
2021-01-24,NCC Bank convenes its 23rd AGM; endorses proposal of 10.2695% bonus shares and 0.5405% cash dividend to its shareholders,https://www.sharesansar.com/newsdetail/ncc-bank-convenes-its-23rd-agm-endorses-proposal-of-102695-bonus-shares-and-05405-cash-dividend-to-its-shareholders-2021-01-24,"NCC Bank has virtually convened its 23
rd
AGM for the FY 2076-77 under the leadership of its chairman on Magh 9, 2077.
The AGM has endorsed the board’s proposal to provide 10.2695% bonus shares and 0.5405% cash dividend to the shareholders, as per the media statement. After the capitalization of the bonus shares, the paid-up capital of the bank will scale up to Rs 10.31 arba.
The AGM has elected 3 BoDs from the promoter group who are Mr. Upendra Keshari Neupane, Mr. Mohan Bahadur Basnet, Mr. Iman Singh Lama and 3 other board members from the public shareholder group who are Mr. Chandra Prasad Bastola, Ms. Suman Kumari Joshi and Mr. Nisesh Pradhan and has unanimously elected Mr. Upendra Keshari Neupane as the chairman for a tenure of four years.
The bank had raised deposits of Rs 79.61 arba, disbursed loans of Rs67.81  arba, earned Rs 1.10 arba as net profit till the end of Asar, 2077, as per the media statement.
The bank currently has 127 branches, and 102 ATM booths under its network all over the nation.",0.2767696976661682
2021-01-20,IPO Is Not the Only Investment Option; Introduction to Debenture for New Investors (With Upcoming Issues),https://www.sharesansar.com/newsdetail/ipo-is-not-the-only-investment-option-introduction-to-debenture-for-new-investors-with-upcoming-issues-2021-01-20,"Just like the NEPSE index, the IPO craze in Nepal has reached its all-time high. According to CDS and Clearing Limited's official website, there are a total of
26,10,862 beneficial owner's Demat accounts.
If we compare this with the data of a few months ago, the number of new investors we received in the last six months exceeds the total number we received in the last six years. Investors who have been investing since long probably despise these newbies in a light hearted way: they reduce the chances of being allotted in an IPO. However, from an unbiased, patriotic perspective, this is only the start of a wonderful future.
Most investors who who opened Demat accounts for IPO and online trading accounts for investing are youths. The capital market and Nepal's future lean on their maturing shoulders. At Sharesansar, we receive
article submissions
about technical analysis, quantitative investing, algorithmic trading, and short-selling from the brightest of young investors. This will obviously encourage NEPSE and the regulatory body to keep up with the growing maturity of Nepal's investors and international practices.
Investing in an IPO is a profitable decision, thanks to the amazing companies that have gone public in the last decade. At the same time, a different form of investment alternative is flourishing along: Debentures. At times shadowed by the glamorous IPOs, a beginner investors should know about this investment alternative that, unlike IPO of companies, is completely risk-free.
What is a Bond/ Debenture?
In corporate finance, a debenture is a medium- to long-term debt instrument used by companies to borrow money at a fixed rate of interest. Simply put, you get paid a certain percentage returns each year for your money that you let them use. Although this might feel like depositing money at the bank, debentures pay higher than the interest rates on banks and financial institutions.
Both corporations and governments frequently issue debentures to raise capital or funds. Governments typically issue long-term bonds—those with maturities of longer than 10 years. Considered low-risk investments, these government bonds have the backing of the government issuer. Corporations also use debentures as long-term loans.
Investing in the shares of companies certainly feels more lucrative than investing in boring bonds or debentures. However, as much profit potential that investing in the secondary market carries, they have equal downsides. The stock market is a place to lose money as much as it is to gain. On the other hand, a debenture is a dead-simple method of investing where you get a considerable percentage of returns by depositing your money, doing virtually nothing.
I am convinced. How to apply for a Debenture?
Luckily, the Debenture scenario of Nepal is also inching along with the IPO hype. More and more institutions are issuing debentures to fulfill the need of capital. Since these companies invest in Nepal themselves, investors will likely get a sense of contribution to the country by investing in these fixed-income alternatives.
As of writing, the Securities Board of Nepal has a total of 6 debentures in its approved list. Once the date of issue of these debentures is announced, you can invest in one just like you invest in an IPO.
1) 8.5%, 7 years, Nepal Investment Bank Bond 2084
Total units: 40,00,000
Public Issue units: 16,00,000
Private Placement units: 24,00,000
Issue Manager: RBB Merchant Banking Ltd.
Approval Received On: 2077/08/18
2) 9.5%, 8 years, Manjushree Finance Ltd. Debenture 2085
Total units: 5,00,000
Public Issue units: 2,00,000
Private Placement units: 3,00,000
Issue Manager: NIBL Ace Capital
Approval Received On: 2077/09/26
3) 8 years, 8.75% Prime Debenture 2085
Total units: 35,00,000
Public Issue units: 14,00,000
Private Placement units: 21,00,000
Issue Manager: RBB Merchant Banking Ltd.
Approval Received On: 2077/09/26
4) 10 years, 9% Kamana Sewa Bikas Bank Ltd. Debenture 2087
Total units: 10,00,000
Public Issue units: 4,00,000
Private Placement units: 6,00,000
Issue Manager: NIBL Ace Capital
Approval Received On: 2077/10/02
5) 4%, 7 years, Krishi Rinpatra
Total units: 60,00,000
Public Issue units: 24,00,000
Private Placement units: 36,00,000
Issue Manager: NIBL Ace Capital
Approval Received On: 2077/10/04
6) 9.5%, 10 years, NCC Rinpatra 2086
Total units: 30,00,000
Public Issue units: 12,00,000
Private Placement units: 18,00,000
Issue Manager: NIBL Ace Capital
Approval Received On: 2077/10/05",0.8430197238922119
2021-01-13,The Interest Rates Just Keep Sliding Down; What This Means for NEPSE,https://www.sharesansar.com/newsdetail/the-interest-rates-just-keep-sliding-down-what-this-means-for-nepse-2021-01-13,"The national economy is slowly nursing its wounds after the nationwide pandemic and lockdown that followed. Businesses shut down and economic trade was brought to a halt.
As a result, banks and financial institutions saw little to no borrowing from borrowers. Furthermore, since there were no investment opportunities, they simultaneously saw a surge in deposits.
What can a bank do if it only has piles of money and no outflow? Reduce interest rates of course. Otherwise, its expense on interest payment will eat up profitability. This is why interest rates fell to record low levels during the pandemic.
The economy may have slowly revived and human movement may have resumed, but the interest rates are still falling.
Commercial Banks
Commercial banks are safer than other class institutions to save money. However, it comes at a cost. Commercial banks give the lowest interest rates among financial institutions, followed by development banks. Finally, microfinance institutions give the highest interest rates but they make riskier investments of the savings.
Comparison aside, commercial banks have updated their interest rate profile for the month of Magh. The base rates are still decreasing, and depositors get even lesser interest payments on savings and fixed deposits.
Here's a quick comparison.
Commercial Bank
Previous Interest Rate on Savings
Interest on Savings Now
Nabil Bank
1.5 to 3.5
1.5 to 3.5
NIC Asia Bank
1.5 to 3.5
1.5 to 3.5
Mega Bank
2.5 to 4.5
2 to 4
Nepal Bank
2 to 4
2.5 to 4
Nepal Investment Bank
2.25 to 4.25
2 to 4
NMB Bank
3 to 5
3.1 to 5.1
Global IME Bank
2.5 to 4.5
2 to 4
ADBL
3 to 5
3.5 to 5
Sanima Bank
2.5 to 4.5
2 to 4
Rastriya Banijya Bank
2 to 4
2.5 to 4
NCCB
3 to 5
3 to 5
Nepal Bangladesh Bank
3 to 4.25
2.75 to 4
Machhapuchchhre Bank Limited
2.5 to 4.5
2 to 4
Prabhu Bank
2.5 to 4.5
2 to 4
Himalayan Bank
2 to 4
Sunrise Bank
2 to 3.5
2 to 3.5
Everest Bank
2 to 4
2 to 4
Standard Chartered Bank
2.5 to 4.5
2 to 4
Laxmi Bank
2 to 4
2 to 4
Commercial Bank
Previous Interest Rate on Fixed Deposits (Individuals)
Interest Rates Now
Nabil Bank
5 to 6.5
5 to 6.5
NIC Asia Bank
6.5
6.5
Mega Bank
6.5 to 7.5
6 to 7
Nepal Bank
5.5 to 7
5.5 to 7
Nepal Investment Bank
5 to 7.25
4.75 to 7
NMB Bank
5.75 to 8
5.75 to 8
Global IME Bank
6.5 to 8.5
6.5 to 7
ADBL
6.25 to 7.25
6.25 to 7.25
Sanima Bank
6.5 to 7.25
5.5 to 6.5
Rastriya Banijya Bank
5.5 to 7
5.5 to 7
NCCB
7.25 to 9
6.25 to 8
Nepal Bangladesh Bank
6.25 to 8
6 to 7.75
Machhapuchchhre Bank Limited
7.5
7
Prabhu Bank
5 to 7.5
5 to 7.5
Himalayan Bank
4 to 7
Sunrise Bank
7
7
Everest Bank
5 to 7
4.5 to 6.5
Standard Chartered Bank
4.5 to 5.5
4.5 to 5.5
Laxmi Bank
6.5 to 8.5
6 to 7
Commercial Bank
Previous Interest Rate on Fixed Deposits (Institutions)
Interest Rates Now
Nabil Bank
4 to 8
4 to 6.5
NIC Asia Bank
6.5
6.5
Mega Bank
6 to 7
5 to 6.5
Nepal Bank
5.5 to 7
5.5 to 7
Nepal Investment Bank
5.5 to 6
5.5 to 6
NMB Bank
6.25 to 8
6.25 to 8
Global IME Bank
6 to 7
6 to 6.5
ADBL
6.25 to 6.6
5.75 to 6.1
Sanima Bank
6.6
6.75
Rastriya Banijya Bank
5 to 6.5
5 to 6.5
NCCB
7 to 8
6 to 7
Nepal Bangladesh Bank
6 to 7
6 to 7
Machhapuchchhre Bank Limited
5 to 7.5
7
Prabhu Bank
4.5 to 7
4.5 to 6.5
Himalayan Bank
6.5 to 7.5
3 to 7
Sunrise Bank
6.5 to 9
6.5 to 7
Everest Bank
5.5 to 6.5
5 to 6.5
Standard Chartered Bank
3 to 6
3 to 5.5
Laxmi Bank
6.5 to 7.5
6 to 7
Development Banks
Things are similar with development banks. Their base rates have either fallen or remained constant. The interest payment on savings will be even lesser in the month of Magh. Similarly, depositors depositing their funds on fixed deposits aren't spared either.
Development Bank
Previous Rates on Savings
Interest Rates on Savings Now
Kamana Sewa Bikas Bank
3.5 - 5.5
3.5 - 5
Excel Development Bank
2 to 4
3 to 4
Lumbini Bikas Bank
3.75 to 5.5
2.75 - 4.5
Garima Bikas Bank
3.5 to 5
3.5 to 5
Mahalaxmi Bikas Bank
3 to 4.5
3.75 to 4.25
Shangrila Dev. Bank
3.5 to 5.5
3.5 to 5.5
Jyoti Bikas Bank
3.5 to 5.5
3 to 5
Muktinath Bikas Bank
3.5 to 5.5
3 to 5
Development Bank
Previous Interest Rate on Fixed Deposits (Individuals)
Interest Rates Now
Kamana Sewa Bikas Bank
7 to 9
7 to 8
Excel Development Bank
7.5 to 9
7 to 8
Lumbini Bikas Bank
7 to 9.5
6 to 7.75
Garima Bikas Bank
7 to 8.5
7 to 8.5
Mahalaxmi Bikas Bank
6.5 to 8.5
6 to 8
Shangrila Dev. Bank
6.5 to 7.5
7 to 8
Jyoti Bikas Bank
6.5 to 8.5
6 to 8
Muktinath Bikas Bank
7 to 8.5
6.75 to 8
Development Bank
Previous Interest Rate on Fixed Deposits (Institutions)
Interest Rates Now
Kamana Sewa Bikas Bank
6.5 - 8
6.5 to 7.7
Excel Development Bank
6.25 to 6.75
6.25 to 7.5
Lumbini Bikas Bank
6.75
6.75
Garima Bikas Bank
7 to 8.5
7 to 8.5
Mahalaxmi Bikas Bank
5.5 to 7.25
5 to 6.75
Shangrila Dev. Bank
5.5 to 6.5
7 to 8
Jyoti Bikas Bank
6.5 to 7.5
6 to 7
Muktinath Bikas Bank
7 to 8.25
6.5 to 8
Base Rates
The base rates are also declining, both for commercial and development banks. Since the interest rates on loan products are tied to the base rates, this means that such rates have gone down too.
Commercial Bank
Previous Base Rate
Base Rate Now
Nabil Bank
6.37
6.12
NIC Asia Bank
6.5
6.65
Mega Bank
7.8
7.59
Nepal Bank
6.81
6.81
Global IME Bank
7.25
7.25
ADBL
8.53
8.48
Sanima Bank
7.43
6.9
Rastriya Banijya Bank
5.74
5.74
NCCB
8.63
8.63
Prabhu Bank
7.39
7.39
Sunrise Bank
7.51
7.24
Everest Bank
6.73
6.5
Laxmi Bank
8.09
7.74
Development Bank
Previous Base Rate
Base Rate now
Kamana Sewa Bikas Bank
9.4
9.68
Excel Development Bank
7.44
7.25
Lumbini Bikas Bank
-
9.65
Garima Bikas Bank
9.12
9.12
Mahalaxmi Bikas Bank
8.77
8.67
Shangrila Dev. Bank
8.87
8.87
Jyoti Bikas Bank
9.86
9.86
Muktinath Bikas Bank
9.06
8.71
What This Means
NEPSE's aggressive rise is partially attributed to falling interest rates. As returns on deposits are squeezed, more and more people will be inclined to find alternative investment vehicles. The stock market is the most convenient alternative for such funds. As a result, more money flows to the stock market. As there is more money flow (which can even be quantified by the money flow index), the upward movement of stock prices is exaggerated even more.
Does this mean that the bullish sentiment on NEPSE is meant to last longer than anticipated? When will the falling interest rates ever show signs of reversing? Like we all things finance, only time will tell.",0.4864499568939209
2021-01-04,Reminder: Your Last Chance to Grab the Dividend of Two Companies,https://www.sharesansar.com/newsdetail/reminder-your-last-chance-to-grab-the-dividend-of-two-companies-2021-01-03,"Today is the last day to grab the dividend of these two companies. Since both the companies have declared book closure tomorrow, i.e. Poush 21, investors maintained till today are entitled to the dividend that is already proposed.
1) Nepal Credit & Commerce Bank Limited (NCCB)
Nepal Credit & Commerce Bank Limited (NCCB) has called its 23rd AGM on Magh 09, i.e. January 22. The meeting will be organized in the company's central office in Bagbazar, Kathmandu, starting from 10 am that day. The meeting will be streamed virtually for investors.
Among other agendas, the AGM will endorse the dividend for the fiscal year 2076/77. NCCB has proposed a 10.81% dividend for the fiscal year 2076/77. The bank has proposed a 0.5405% cash dividend and a 10.2695% bonus shares from the paid-up capital. The paid-up capital of the company is Rs. 9,35,39,16,945. Thus, the cash dividend amounts to Rs. 5,05,57,881 and bonus shares are worth Rs. 96,05,99,735. The cash dividend includes the tax amount for the bonus shares.
The AGM will also approve the amendment of capital (capital adjustment) after the distribution of the bonus share. Furthermore, 3 board members representing the promoters and 3 representing the public investors will be elected. One member of the three elected board members from public investors will be a female.
The book closure date is announced on Poush 21. Thus, investors maintained till today are entitled to the dividend payout and can also attend the AGM.
2) Guheswori Merchant Banking & Finance Limited (GMFIL)
Guheswori Merchant Banking & Finance Limited (GMFIL) has called its 19th AGM on Poush 28, i.e. January 12. The meeting will be organized in Guheswori, Lalitpur starting from 11 am that day.
Among other agendas, the AGM will endorse the dividend for the fiscal year 2076/77. The company has proposed an 11.4% dividend for the fiscal year 2076/77. The 221st meeting of the board of directors held on Mangsir 24 has proposed an 8% bonus shares and 3.4% cash dividend from the paid-up capital for the fiscal year 2076/77. The paid-up capital of the company is Rs. 80 crores.
The book closure date is announced on Poush 21. Thus, investors maintained till today are entitled to the dividend payout and can also attend the AGM. Books will be closed from Poush 21 to Poush 28.",0.9229757189750671
2020-12-31,Nepal Credit & Commerce Bank (NCCB) calls AGM with these Agendas; When's the Book Closure?,https://www.sharesansar.com/newsdetail/nepal-credit-commerce-bank-nccb-calls-agm-with-these-agendas-whens-the-book-closure-2020-12-31,"Nepal Credit & Commerce Bank Limited (NCCB)
has called its 23rd AGM on Magh 09, i.e. January 22. The meeting will be organized in the company's central office in Bagbazar, Kathmandu, starting from 10 am that day. The meeting will be streamed virtually for investors.
Among other agendas, the AGM will endorse the dividend for the fiscal year 2076/77. NCCB has proposed a 10.81% dividend for the fiscal year 2076/77. The bank has proposed a 0.5405% cash dividend and a 10.2695% bonus shares from the paid-up capital. The paid-up capital of the company is Rs. 9,35,39,16,945. Thus, the cash dividend amounts to Rs. 5,05,57,881 and bonus shares are worth Rs. 96,05,99,735. The cash dividend includes the tax amount for the bonus shares.
The AGM will also approve the amendment of capital (capital adjustment) after the distribution of the bonus share. Furthermore, 3 board members representing the promoters and 3 representing the public investors will be elected. One member of the three elected board members from public investors will be a female.
The book closure date is announced on Poush 21. Thus, investors maintained till that day are entitled to the dividend payout and can also attend the AGM.
AGM notice",0.9279625415802002
2020-12-20,Nepal Credit & Commerce Bank (NCCB) Proposes 10.2695% Bonus shares and 0.5405% Cash Dividend for FY 2076/77,https://www.sharesansar.com/newsdetail/nepal-credit-commerce-bank-nccb-proposes-102695-bonus-shares-and-05405-cash-dividend-for-fy-207677-2020-12-20,"Nepal Credit & Commerce Bank Limited (NCCB)
has proposed a 10.81% dividend for the fiscal year 2076/77.
The bank has proposed a 0.5405% cash dividend and a 10.2695% bonus shares from the paid-up capital. The paid-up capital of the company is Rs. 9,35,39,16,945. Thus, the cash dividend amounts to Rs. 5,05,57,881 and bonus shares are worth Rs. 96,05,99,735. The cash dividend includes the tax amount for the bonus shares.
This decision is subject to approval from the NRB after which it will be endorsed in the AGM of the bank. As of writing, the LTP of the company is Rs. 312.
Dividend History:",0.9277690052986145
2020-12-16,Banks Update Interest Rates; Base Rates Falling; How will this Affect the Stock Market?,https://www.sharesansar.com/newsdetail/banks-revise-interest-rates-base-rates-declining-how-will-this-affect-the-stock-market-2020-12-15,"Compliant to NRB's instruction to only update interest rates once a month, a lot of banks/financial institutions have updated their interest rates today. The update will be effective from today, the first day of the month of Poush.
The rise in the NEPSE index is partly fueled by the slashing interest rates caused by excess liquidity. Thus, the fluctuation in interest rates is of interest to investors. In general, a fall in interest rates is followed by a rise in the securities market. This was also evident in the trend of the NEPSE as banks began to cut interest rates during the Covid-19 pandemic.
In this article, we analyze the change in interest rates of commercial banks. Those who did not bring any significant change to their interest rates profile are ignored in this study.
What is different this time
In the review of the first quarter of FY 2077/78, the Nepal Rastra Bank had brought a new provision with hopes that banks will reverse the falling trend in interest rates.
The provision was that banks are not allowed to have a difference of more than 5 units in the interest rate range that they provide. For instance, if a bank gives an 8% interest payment on fixed deposits, it can't give interest lower than 3% in other savings schemes. However, this isn't applicable to call deposits.
Since banks have been giving higher interest payments on fixed deposits, the central bank hoped that they would raise the interest rates on savings. However, banks seem to have done the exact opposite. They have now lowered their interest rates on fixed deposits instead of raising the rates on savings.
Since a significant portion of cash is saved in banks as fixed deposits, many investors speculate
this pool of money might be poured into the stock market in hopes of more attractive returns.
Now, this might happen directly from the depositors or indirectly from institutions. Nonetheless, supposing that the recent rise in NEPSE is attributed to falling interest rates, this new scenario might become an extra source of fuel to the fire.
Change in Savings
While Mega Bank Limited (MEGA) previously gave interest payment in the range of 3-5% p.a. for savings, the bank has reduced this range to 2.5-4.5%. The range is 2.5-4.5% for Century Commercial Bank too. Nepal SBI Bank has also followed suit to further reduce the interest rate on savings. It now only provides interest payment in the range of 1.5-3%, compared to the previous range of 3-4.5%. The banking giant Nabil Bank also provides a low interest-range of 1.5-3.5%.
For savings, Sunrise Bank and Bank of Kathmandu give interest payments in the range of 2-3.5% depending on the savings scheme while Nepal Bank Limited gives in the range of 2-4%.
Change in Fixed Deposits
Now, an individual depositing their money in fixed deposits in Mega Bank will get interest payment in the range of 6.5-7.5%. Meanwhile, they will get interest payments in the range of 3-6.5% in Nepal SBI Bank. The interest payment depends on the maturity period of the fixed deposits. Except in a few circumstances, fixed deposits with a longer maturity period generate a higher interest per annum.
At Sunrise Bank, depositors will get a flat 7% interest payments per annum for fixed deposits with a maturity period of three months or higher. In Nepal Bank Limited, the highest interest rate on FDs is 7% and the lowest is 5.5%.
Prime Commercial Bank, on the other hand, will give an 8% interest payment per annum for all fixed deposits with a maturity period longer than a year.
Change in margin loan and base rate
While some commercial banks tie their margin loan interest rates with the base rate, some mention a numeric range.
For instance, margin loans will be provided at anywhere from 0-4.5% interest rates in Mega Bank Limited. Nepal Bank Limited also gives margin loans in the interest rate range of 2.05-5.02%. Meanwhile, in Nepal SBI Bank, the interest rate can get up to 5% higher than the bank's base rate of 8.37%. The base rate has declined in the case of Nepal SBI Bank. It previously had a base rate of 8.39%.
This is also the case with Sunrise Bank and Global IME Bank where the interest rate on margin loans can get up to 6% higher than their respective base rates. It is worth mentioning that Sunrise Bank's base rate has been slashed to 7.51% from the previous figure of 7.8%. Meanwhile, Global IME Bank's base rate stands at 7.25%.
Century Commercial Bank has also followed suit in the interest rates slashing trend. While it previously had a base rate of 8.68%, the figure is now brought down to 8.43%. The base rate of the Bank of Kathmandu has fallen down a tiny bit to 7.68% from the previous 7.7%. Furthermore, the banking giant Nabil Bank has also reduced its base rate to 6.37% from the previously maintained figure at 6.74%.",0.6675947904586792
2020-12-09,Having confusion in using valuation ratios for financial institutions? Here's how you can connect the dots between ratios for investment decision,https://www.sharesansar.com/newsdetail/having-confusion-in-using-valuation-ratios-for-financial-institutions-heres-how-you-can-connect-dots-between-ratios-for-investment-decision-2020-12-08,"When there are lots of ticker symbols to choose from while investing, investors tend to adopt the habit of asking for a tip from the experienced investor as to which company will be the next hot stock which itself is not bad. That is because choosing from all those options comes at a cost for new investors. They have to sacrifice their precious time and energy into selecting the stock. But the sad part is, the investor still lags the analytical skill even after getting a tip which makes them their own greatest enemy in the stock market.
In terms of the Nepalese stock market, more than 250 companies are being traded currently, and Financial institutions make up about 80% of the total market. There are Commercial Banks, Development Banks, Finance, and Microfinance companies to choose from. So, today we will focus on one of the valuation metrics which will allow investors to shortlist the cheap stocks in less time.
It is without a doubt that financial institutions are relatively confusing and challenging to value even for skilled analysts. That is because, financial institutions unlike any other business have different business models i.e., collecting the deposit from its customers and lending out the money to their borrowers. But it doesn’t mean that it is not easy.
Warren Buffet in one of his shareholder's meetings said that we should value banks like we value any other stock.
So, from all the metrics that we use to value other stocks which metric can we use to value banks? The answer is the Price to Book Ratio. But here’s the catch, Price to Book should always be compared to what the company is earning on its book which is measured by Return on Equity (ROE). This is because, when we are using the P/B ratio, we are paying in relation to its book and it is important for the bank to increase the return overtime for the shareholders.
Formula to Calculate the two metrics:
A basic rule of thumb is, P/B lower than 1 is considered undervalued from a Price to Book perspective. Higher than 1 indicates that the company is trading above its book signifying the company price might be relatively overpriced, again from a P/B perspective only.
So, let's dive directly into the numbers reported by the commercial banks in the first quarter and see which company might be a bargain.
Note: To calculate the P/B ratio, we took the closing price of Thursday (DEC-03)
For this Study, Sharesansar took the median of P/B ratio and ROE as a benchmark, and those trading below-median P/B but above-median ROE might be considered as low priced and those with above-median P/B and below-median ROE might be considered overpriced.
When we take a bird’s eye view of all the numbers of the banks, it is quite obvious that those banks which have been trading at a premium in relation to its book have reported higher Return on Equity which is a good thing because they giving good returns for the shareholder's money.
However, when we carefully look into the numbers, some of the companies have also been trading at a premium despite lower Return on Equity. In this case,
Nepal Investment Bank (NIB)
,
Nepal SBI Bank Limited (SBI)
,
Everest Bank Limited (EBL),
and
Himalayan Bank Limited (HBL)
.
Those with lower median P/B ratio and above-median ROE are
Citizens Bank International Limited (CZBIL)
,
Nepal Bangladesh Bank Limited (NBB)
,
Kumari Bank Limited (KBL)
, and
Mega Bank Nepal Limited (MEGA)
.
Easy, right?
Well, Calculations might show the mispriced stocks but there’s more to it. The company might be assigned a lower valuation because it might deserve it. And here’s why,
(a)
the company might not have growth potential,
(b)
the company might be relatively small compared to its peers,
(c)
maybe the investors are not satisfied with the management. There can be various reasons, and those reasons can also be applied to those companies which have higher P/B ratios. And this is why investors have to make themselves clear as to why the stocks are mispriced.
Investors should focus on the trend of ROE and P/B ratio because it will give a clear indication as to how the price has behaved in terms of ROE over the years.
(Disclaimer: Do not take this as investment advice. This article is prepared to give a clear view of how to use the valuation metric with other metrics, not to provide the undervalued or overvalued stocks. Investors are requested to do their due diligence before buying any stock to ensure their margin of safety)",0.818311870098114
2020-11-20,First Quarter in a glimpse: Here's how commercial banks faced and survived the pandemic,https://www.sharesansar.com/newsdetail/comparative-of-commercial-banks-of-q1-20772078-2020-11-20,"For the last 7 and a half months, every sector of the economy has faced a serious downturn due to the global pandemic. Those businesses having strong balance sheet positioning and strategy survived this downturn, however not fully. Talking about a specific industry which is a backbone of the country; banking, there was speculation in the market as to how would the banking industry recover their loans since businesses were shut down all over the country due to lockdown imposed by the government to contain the virus.
So, let's dive into their financial performance and how the industry performed in the first quarter of the new fiscal year 2077/2078.
Net Profit:
As per the quarterly report published by all the companies;
Global IME Bank Limited (GBIME)
has reported the highest net profit of Rs. 1.05 Arba. Global IME is followed by
Nabil Bank limited (NABIL)
with a net profit of Rs. 1.03 Arba.
NIC Asia Bank Limited (NICA)
has secured the third position with a net profit of Rs. 1.02 Arba.
Civil Bank Limited (CBL)
has reported the least profit amounting to Rs. 9.66 crores.
Surprisingly, out of 27 commercial banks, 19 banks have reported a decline in their net profit in Q1 of FY 2077/2078 compared to the corresponding quarter of the previous year.
This quarter’s total profit for the industry stood at Rs. 14.51 Arba which was Rs. 15.84 Arba in the corresponding quarter of the previous year. This is a decrease of 8.40%.
Distributable Profit:
In terms of the distributable profit,
Nabil Bank Limited (NABIL)
leads the way with a profit of Rs. 1.20 Arba. Similarly,
NMB Bank Limited (NMB)
has the second-highest distributable profit amounting to Rs. 51 crores. The third position is secured by
Standard Chartered Bank Nepal Limited (SCB)
with a profit of Rs. 34 crores.
*Rs in arba
Out of  27 banks, 6 banks have reported a negative distributable profit in this quarter.
Impairment Charge/Reversal for a loan and other losses:
If the borrowers don’t repay the loan amount to the bank after 90 days of the expiration date of the loan, the bank set aside a certain amount of money as provisions from their revenue. In total Banks have set aside Rs. 2.85 Arba as provisions.
Nepal Investment Bank Limited (NIB)
tops the list in Q1 as it has set aside 62 crores worth of impairment charges which is followed by
Global IME Bank Limited (GBIME)
which has set aside Rs. 51 crores.
Agricultural Development Bank (ADBL)
has set aside Rs. 31 crores worth of impairment charges.
*Rs in Arba
Paid-up Capital:
Paid-up capital is the amount of money that the company has received from its shareholders through the exchange of shares in the primary market.
Global IME Bank Limited (GBIME)
leads the way in terms of paid-up capital with a total of Rs. 18.97 Arba.
Agricultural Development Bank Limited (ADBL)
has the second-highest paid-up capital amounting to Rs. 14.98 Arba. Similarly, the list is followed by
NMB Bank Limited (NMB)
with a total of Rs. 14.44 Arba.
*Rs in Arba
(*ADBL capital includes 5.43 Arba irredeemable noncumulative preference shares)
Reserve and Surplus:
Out of 27 commercial banks, 12 banks have stood above the industry average benchmark of Rs. 7.29 Arba in their reserve fund. Combining the reserve of all the commercial banks the amount adds up to Rs. 1.96 Kharba.
In terms of the reserve funds,
Nabil Bank Limited (NABIL)
leads the list with a total of Rs. 16.87 Arba in this quarter. Similarly,
Rastriya Banijya Bank (RBB)
has the second-highest reserve fund amounting to Rs. 15.27 Arba.
Agricultural Development Bank Limited (ADBL)
has the third-highest reserve fund with a total amount of Rs. 13.92 Arba.
*Rs in arba
Deposit from Customers:
On average, banks have collected a total of Rs. 1.31 Kharba of deposit from customers. Only 11 banks out of 27 have reported above-average deposit collection for Q1.
As of the first quarter of FY 2077/2078,
Rastriya Banijya Bank Limited (RBB)
has reported the highest deposit amounting to Rs. 2.38 Kharba. The list is followed by
NIC Asia Bank Limited (NICA)
and
Global IME Bank Limited (GBIME)
with a total of Rs. 2.31 Kharba and 2.24 Kharba respectively.
*Rs in arba
Loans and Advances:
Combining all the bank's loan portfolio, till Q1 of FY 2077/2078, they have disbursed a total of Rs. 29.90 Kharba worth of loans. The averaged figures stand at Rs. 1.07 Kharba.
In terms of loan distribution,
Global IME Bank Limited (GBIME)
has the highest loans out of all banks which amounts to Rs. 1.95 Arba. GBIME is followed by
NIC Asia Bank Limited (NICA)
which has a total loan portfolio of Rs. 1.89 Kharba. Similarly,
Nabil Bank Limited (NABIL)
has the third-highest loan portfolio of Rs. 1.57 Kharba.
*Rs in arba
However, one has to always look into the quality of loans while analyzing, rather than just looking at the growth of loans/loans itself.
Net Interest Income:
Net interest income is the total earnings of the bank after deducting the cost for a deposit from the income collected from the loan disbursement. The bank with the highest net interest income is
Global IME Bank Limited (GBIME)
with a total of Rs. 2.59 Arba. The bank is followed by
NIC Asia Bank Limited (NICA)
and
Rastriya Banijya Bank Limited (RBB)
with a total of Rs. 1.98 Arba and Rs. 1.87 Arba respectively.
Out of 27 banks, 13 banks have reported above industry average income in Q1 of this fiscal year.
*Rs in arba
Total Comprehensive Income:
In terms of comprehensive income,
Siddhartha Bank Limited (SBL)
leads the way with a total of Rs. 1.22 Arba.
NIC Asia Bank Limited (NICA)
has the second-highest income with a total of Rs. 1.20 Arba. Similarly,
Nabil Bank Limited (NABIL)
has a total comprehensive income of Rs. 1.16 Arba.
*Rs in arba
Key Indicators
Annualized Earnings per share (EPS)
NIC Asia Bank Limited (NICA)
tops the list with the highest EPS in this quarter among all the banks with Rs. 42.03 per share.
Nabil Bank Limited (NABIL)
has the second-highest EPS of Rs. 41.03 per share. Rastriya Banijya Bank Limited (RBB) is in the third position with an EPS of Rs. 36.84 per share.
Civil Bank Limited (CBL)
reported the least EPS of Rs. 4.83 per share.
Out of 27 commercial banks, 9 banks have reported above industry average EPS in this quarter.
Net Worth per share:
The highest net worth per share is reported by
Agricultural Development Bank Limited (ADBL)
with Rs. 302.61 per share. This is followed by
Nepal Bank Limited (NBL)
with a net worth per share of Rs. 273.49. Similarly,
Rastriya Banijya Bank Limited (RBB)
has the third-highest net worth per share of Rs. 269.59 per share.
Out of all the banks, only 9 banks have surpassed the above-average industry net worth per share.
Price to Earnings Ratio:
P/E ratio clarifies investors what they are paying against the earnings of the company. The higher the ratio, the expensive the deal in terms of the earnings.
Nepal SBI Bank Limited (SBI)
has the highest P/E ratio of 46.12 times. This is followed by
Everest Bank Limited (EBL)
with a P/E of 45.19 times.
Out of 26 banks (Excluding RBB), 17 banks have reported below industry average P/E Ratio.
NOTE: P/E ratio doesn’t factor in the growth of the company. So, investors need to keep in mind that in some cases, a higher ratio can indicate that the company has higher growth and investors are willing to pay a premium for a stock for its future growth.
Non-performing Loan:
This indicator tells what portion of loans the company has declared as bad loans. in terms of NPL,
Himalayan Bank Limited (HBL)
has reported the lowest NPL of 0.00%. This is followed by
Everest Bank Limited (EBL)
with an NPL of 0.22%. Similarly,
Nepal SBI Bank Limited (SBI)
has reported the third lowest NPL of 0.25%. The highest NPL is reported by
Rastriya Banijya Bank Limited (RBB)
of NPL of 4.10%.
Out of all the banks, 15 banks have reported above-average Nonperforming loans in this quarter.
Capital Adequacy Ratio:
In terms of Capital Adequacy Ratio (CAR)
Agricultural Development Bank Limited (ADBL)
has reported the highest CAR of 20.33%. This is followed by
Standard Chartered Bank Nepal Limited (SCB)
with CAR of 20.23%.
NOTE: Regulatory requirement of CAR is 11% as instructed by Nepal Rastra Bank (NRB).
Finally, the table below provides a full picture with major indicators of the 27 commercial banks as of the first quarter of FY 2077/2078.
(*Rs in arba for Loans, Deposits, Capital, Reserve, NII, Imaparment, Net Profit)
Wrapping Up
Covid-19 pandemic affected economies all around the world. Many businesses in the international arena struggled to even keep standing during a crisis of this scale.
Thus, looking at the worldwide scenario, the banks and financial institutions in Nepal managed to somehow keep things intact and even remain profitable. As Anil Keshari Shah, CEO of Nabil Bank eloquently says, the primary focus during this time was survival, then revival, and then only can financial institutions think about growth.
Furthermore, with successful Covid-19 vaccine tests reported recently, it can be safely said that the economy will only recover from now on. If we
look at the capital market of Nepal
, NEPSE gained the highest turnover in its history and the index is at a 4-year high. Investors clearly see some light at the end of this tunnel.
Are the bad times already behind us? Can banks and financial institutions get back on ""being in business?"" Only time will tell.",0.031302597373723984
2020-11-01,Bid Opening concludes for the auction of National Microfinance and Nepal Credit & Commerce Bank's promoter shares; How much is the cut-off price?,https://www.sharesansar.com/newsdetail/bid-opening-concludes-for-the-auction-of-national-microfinance-and-nepal-credit-commerce-banks-promoter-shares-how-much-is-the-cut-off-price-2020-11-01,"The bid opening is complete for the auction of National Microfinance and Nepal Credit & Commerce Bank's promoter shares.
National Microfinance Laghubitta Bittiya Sanstha Limited had auctioned its 1,10,000 units promoter share to the general public from 2nd Ashwin to 6th Kartik, 2077. The minimum bid rate for the auction was set at Rs. 725 while the minimum bid quantity was 1,000 units.
The bid opening for the action has completed today at the premises of NIBL Ace Capital Limited. According to the auction manager NIBL Ace Capital, the auction only received bids for a total of 6,000 units. Thus, 1,04,000 units were unsubscribed. The lowest bid rate was Rs. 733 and the highest was Rs. 777. All of the bidders will be allotted the shares.
Similarly, Nepal Insurance Company Limited had also auctioned its 5,00,000 units promoter shares of Nepal Credit & Commerce Bank Limited from 2nd Ashwin to 6th Kartik, 2077. The minimum bid rate was set at Rs. 110 while the minimum bid quantity was 1,000 units.
According to the issue manager, Rs. 116 is the tentative cut-off price based on preliminary data. Rs. 141 was the highest bid. The auction manager has requested the list of promoters from the company. Since promoters will be prioritized during allotment, the actual cut-off price may change.",0.5657123327255249
2020-10-30,When is the Bid Opening for the auction of National Microfinance and Nepal Credit & Commerce Bank's promoter shares?,https://www.sharesansar.com/newsdetail/when-is-the-bid-opening-for-the-auction-of-national-microfinance-and-nepal-credit-commerce-banks-promoter-shares-2020-10-30,"National Microfinance Laghubitta Bittiya Sanstha Limited had auctioned its 1,10,000 units promoter share to the general public from 2nd Ashwin to 6th Kartik, 2077.
The minimum bid rate for the auction was set at Rs. 725 while the minimum bid quantity was 1,000 units.
Similarly, Nepal Insurance Company Limited had also auctioned its 5,00,000 units promoter shares of Nepal Credit & Commerce Bank Limited from 2nd Ashwin to 6th Kartik, 2077. The minimum bid rate was set at Rs. 110 while the minimum bid quantity was 1,000 units.
NIBL Ace Capital was the auction manager for both the auctions. Both auctions accepted bids from individual investors and financial institutions.
Issuing a new notice today, the auction manager has notified about the bid opening date for bids received in both the auctions. While the bids of National Microfinance's auction will be opened from 11 am on Kartik 16, the bids of Nepal Insurance's auction will be opened from 11:30 am the same day. Both the bid openings will be streamed live via NIBL Ace Capital's Facebook page.
Notice 1
Notice 2",0.8848530054092407
2020-10-16,BFI's update interest rates for Kartik; How will the change affect NEPSE?,https://www.sharesansar.com/newsdetail/bfis-update-interest-rates-for-kartik-how-will-the-change-affect-nepse-2020-10-16,"Commercial Banks, Development Banks, and other financial institutions have updated the interest rates for the month of Kartik.
Following Nepal Rastra Bank's instruction to update the interest rates profile for a month beforehand, the BFIs have updated the rates today on the last day of Ashwin. The update will be effective from Kartik 01.
When we look at the updates of commercial banks, it is evident that no bank has increased the interest rates on savings. They have either maintained the previous rates or have decreased a bit. This shows that the Nepalese economy still has excess liquidity, a result of increased savings and decreased borrowings.
Commercial Bank
Interest on Savings (Previous)
Interest on Savings (New)
Bank of Kathmandu
2 - 3
2 - 3.5
Laxmi Bank
3 - 5
3 - 5
Nepal SBI
3 - 5
3 - 4.5
Sunrise
2.5 - 4.5
2 - 4
CCBL
4.25 - 5.25
4.25 - 5.25
Himalayan Bank
2 - 4
2 - 4
NCCB
5
5
Civil Bank
4 - 6
4 - 6
Prabhu Bank
2.5 - 4.5
Nepal Bangladesh
3.5 - 5
3 - 5
Prime Commercial
3 - 5
3 - 5
Nabil Bank
2.5 - 4.5
2 - 4
Sanima Bank
3 - 5
3 - 5
Siddhartha Bank
3 - 5
3 - 5
NIC Asia Bank
1.5 - 3.5
1.5 - 3.5
Nepal Bank
2.5 - 4.5
Rastriya Banijya Bank
3 - 5
3 - 5
Standard Chartered Bank
3 - 5
2.5 - 4.5
NMB Bank
2.75 - 4.75
2.25 - 4.25
When we look at the rates on fixed deposits, the data seems multidirectional. Some banks have increased their rates on fixed deposits while some have decreased. Nonetheless, most have maintained the previous rates. However, it can't be denied that most have increased the interest rates on fixed deposits with a longer maturity period.
Commercial Bank
Interest on Fixed deposits for individuals (Previous)
Interest on Fixed deposits for individuals (New)
Bank of Kathmandu
5.25 - 7.25
5.25 - 7.25
Laxmi Bank
7.25 - 7.75
7.25 - 9
Nepal SBI
6.5 - 7.25
4 - 7
Sunrise
7 - 7.5
7 - 9.75
CCBL
8.25 - 8.5
8.25 - 9
Himalayan Bank
4 - 7
4 - 9
NCCB
6.75 - 7.25
6.75 - 9
Civil Bank
7.75 - 8.75
7.75 - 9.25
Prabhu Bank
7.75 - 9.25
Nepal Bangladesh
7.25 - 8.25
7.25 - 9.75
Prime Commercial
7.25 - 8.25
7.5 - 9
Nabil Bank
5 - 9.5
5 - 9
Sanima Bank
6.75 - 7.77
6.75 - 7.77
Siddhartha Bank
7.25 - 8
7.25 - 8
NIC Asia Bank
7.25 - 7.75
7.25 - 9.75
Nepal Bank
6.25 - 8.25
Rastriya Banijya Bank
6 - 7.25
6 - 7.25
Standard Chartered Bank
5 - 6
5 - 6.5
NMB Bank
5.5 - 9.25
5.5 - 9.25
Commercial Bank
Interest on Fixed deposits for institutions (Previous)
Interest on Fixed deposits for institutions (New)
Bank of Kathmandu
4.5 - 6.5
4.5 - 6.5
Laxmi Bank
6.5 - 7
6.5 - 7
Nepal SBI
6 - 6.5
4 - 6
Sunrise
6.5 - 7.25
6.5 - 9
CCBL
6.5 - 7
6.5 - 7
Himalayan Bank
3 - 5.5
3 - 5.5
NCCB
6.5 - 7
6.5 - 8
Civil Bank
5.1 - 6.6
5.1 - 6.6
Prabhu Bank
6.5 - 8
Nepal Bangladesh
6.5 - 7
6.5 - 7.1
Prime Commercial
6.5
7 - 7.25
Nabil Bank
6.5
4 - 8
Sanima Bank
6.5
6.5
Siddhartha Bank
6.5
6.5
NIC Asia Bank
6.5 - 7.5
7 - 9.5
Nepal Bank
5.5 - 7.5
Rastriya Banijya Bank
5 - 6.5
5 - 6.5
Standard Chartered Bank
4 - 6
3 - 6
NMB Bank
7
4.5 - 7
The base rate update is of great interest to stock investors. Declining base rate means investors can expect further cut in the interest rate offered by the banks. This is because interest rates and the stock market have an inverse relationship: one goes down when the other goes up and vice versa. The recent uptrend of NEPSE can be partially attributed to the excess liquidity in the economy and the slashing of interest rates that followed.
On the other side of things, banks are still operating on the base rate maintained as of Bhadra's end. Thus, the new base rates will be updated only after the end of Ashwin. Since today is the last day of Ashwin, expect to get new base rates updates in a few days.
As a result, investors are keeping a watchful eye on what happens to the liquidity in the economy and the interest rates. As of now, the unchanged or decreased interest rates on savings indicates that the liquidity imbalance hasn't improved.",0.600933849811554
2020-09-11,Shares on Auction: Find out which Development Bank and Microfinance Company's shares are on Auction,https://www.sharesansar.com/newsdetail/shares-on-auction-find-out-which-development-bank-and-microfinance-companys-shares-are-on-auction-2020-09-11,"Nepal Insurance Company Limited is auctioning its 5,00,000 units promoter shares of Nepal Credit & Commerce Bank Limited.
The auction will open from 2nd Ashwin and conclude on 6th Kartik, 2077. The minimum bid rate is set ar Rs. 110 while the minimum bid quantity is 1,000 units. There is no maximum quantity limit for application. However, individual investors are required to abide by Nepal Rastra Bank's rule to not exceed the specified quantity of shares per entity.
The existing promoters will be given priority during bid allocation. This means that the high bids from the promoters will be selected. If the shares remain, then only the high bids from the general public and financial institutions will be selected.
Similarly, National Microfinance Laghubitta Bittiya Sanstha Limited is auctioning its 1,10,000 units promoter share to the general public. Like the auction of Nepal Insurance Company, this auction will also open from 2nd Ashwin and conclude on 6th Kartik, 2077.
The minimum bid rate is set at Rs. 725 while the minimum bid quantity is 1,000 units.
NIBL Ace Capital is the auction manager for both the auctions. Both will accept bids from individual investors and financial institutions.
Click here for Nepal Credit & Commerce Bank's Auction Notice.
Click here for National Microfinance Laghubitta Bittiya Sanstha's Auction Notice",0.9228367805480957
2020-08-26,How efficient have commercial banks been in utilizing their assets and equity? Does your bank provide the highest return?,https://www.sharesansar.com/newsdetail/roe-and-roa-of-q4-fy-20762077-for-commercial-bank-2020-08-26,"In the stock market, before investing in a stock, one has to go through different numbers from the financial report of a company to make sure the company’s financial health is great. For starters indicators such as Net profit, earnings per share, net worth per share, P/E ratio, Margin ratios are mandatory. These indicators give an idea about the financial strength of the company and its future prospects. However, the above-mentioned indicators fail to assess the efficiency of the company is utilizing its assets and equity. Both indicators are expressed in percentages.
To make sure the company utilizes shareholders' money,
Return on Equity (ROE)
is an indicator to look at. ROE is calculated by dividing the net profit by total shareholders’ equity. The following table demonstrates the Return on Equity (ROE) of the company which is based on the latest data of Q4, 2076/2077.
The industry average ROE has decreased to 10.78% from 14.40% posted in the previous year. The highest ROE has been posted by NIC Asia Bank Limited (NICA) at 18.11% while Civil Bank Limited (CBL) has the lowest ROE of 4.54%.
The other indicator is the
Return on Asset (ROA)
which clarifies how the company is utilizing the asset of the company. ROA is calculated by dividing the net profit by the total asset. The following table demonstrates the Return on Asset (ROA) of the company which is based on the latest data of Q4, 2076/2077.
The industry average ROA has decreased to 1.23% from 1.81% posted in the previous year. The highest ROA has been posted by Agricultural Development Bank Limited (ADBL) at 1.93% but the indicator has been decreased from 2.85%. Civil Bank Limited (CBL) has the lowest ROA of 0.59% from 1.25% as per the Q4 of FY 2075/2076.
Due to the economic distress created by the global pandemic, every indicator of the companies has been hit including ROE and ROA.",0.030757788568735123
2020-08-26,"Mega Bank, NMB Bank, and NCC Bank update interest rates effective from today; Mega reduces interest rate on Fixed Deposits",https://www.sharesansar.com/newsdetail/mega-bank-nmb-bank-and-ncc-bank-update-interest-rates-effective-from-today-2020-08-26,"Mega Bank, NMB Bank, and NCC Bank have all updated new interest rates effective from today, i.e. Bhadra 10, 2077.
According to the updated interest rates profile, Mega Bank is providing interest ranging from 5.5% to 7.25% for fixed deposits for individuals. This range was from 7.25% to 8.25% in the interest rates updated on Bhadra 1. It is providing interest ranging from 5.5% to 6.5% for institutions depending on the period of maturity. In contrast, Mega Bank provided a constant 6.5% in the last interest rates profile.
Meanwhile, Nepal Credit & Commerce Bank Limited (NCCB) gives 7.25% interest to individuals for fixed deposits of a year and 8.25% for 2 years. It gives 6.5% and 7% interest in the respective schemes to institutions. The previous interest rates profile effective from Bhadra 1 had given interest for fixed deposits from 5% to 8.25% for individuals and from 4.5% to 7% for institutions.
NMB Bank provides interest from 3% to 5% p.a. depending on the savings scheme. While it provides interest rate in the range of 5.5% to 8.25% for fixed deposit to individuals, institutions will get 7%. This hasn't changed since last time. Furthermore, margin loans can be taken at a 3% to 5% higher interest rate than NMB Bank's base rate.",0.8990441560745239
2020-08-26,"Base rate, interest spread and cost of funds of commercial banks as of Q4 of FY 2076/77; Know which bank can offer loan at low interest rate",https://www.sharesansar.com/newsdetail/commercial-bank-base-rate-draft-2020-08-25,,0.9267394542694092
2020-08-16,Commercial banks compromised their profit as they set side huge amount for loan provisions! Find out commercial banks' performance this year!,https://www.sharesansar.com/newsdetail/commercial-banks-compromised-their-profit-as-they-set-side-huge-amount-for-loan-provisions-find-out-commercial-banks-performance-this-year,"Every disaster can be an opportunity. Every difficult time brings out new innovation. The coronavirus pandemic has hit every sector very hard. The banking sector is no different. However, the banking sector did not come up with a lot of innovations during the pandemic. Customer service is one segment of Nepali banking that has always been criticized. This could have been a great opportunity for banks to come up with alliances, third party collaboration, integration with startups to make banking convenient for customers. However, Nepali banks only focused on e-banking throughout the pandemic and did not make a substantial effort to broaden the banking reach to present and prospective customers.
The financial performance of banks is the reflection of how the year has gone so far. Let us find out how Nepali banks have performed this year amidst the pandemic.
Profit for the period:
As per the net profit of fourth quarter of FY 2076/77,
Rastriya Banijya Bank (RBB)
is in the lead with a net profit of Rs 4.45 arba. Similarly,
Nabil Bank Limited (NABIL)
has the second-highest net profit of Rs 3.57 arba in the same quarter. In the third position,
Agricultural Development Bank (ADBL)
has a net profit of Rs 3.47 arba. The bank with the least net profit is
Civil Bank Limited (CBL)
whose net profit amounts to Rs 46 crore.
The industry average net profit of the 27 commercial banks is Rs 2.01 arba.
All commercial banks except five have reduced net profit this year compared to the same quarter of last year. Banks have set aside a significant amounts for impairment charges due to the pandemic, therefore, reflected a negative change in profit in their financial statement.
*GBIME, KBL and CZBIL this year profit figure excludes profit of merged/acquired entities till merger/acquisition date of then Janata Bank, Deva Bikas Bank and Sahayogi Bikas Bank respectively.
The total net profit for the year is Rs 54.32 arba whereas that for the last year of the same quarter was Rs 65.40 arba. The overall industry net profit has increased by only 11% i.e. 4.55 arba.
Distributable profit:
As per the distributable profit of a fourth quarter of 2076/77,
Nabil Bank Limited (NABIL)
is in the lead with a profit of Rs 3.04 arba. Similarly,
Nepal Bank Limited (NBL)
has the second-highest net profit of Rs 2.21 arba in the same quarter. In the third position,
Global IME Bank Limited (GBIME)
has a net profit of Rs 1.73 arba.
All banks except
Prime Commercial Bank Limited
have shown a negative change in distributable profit. Similarly, 26 out of 27 commercial banks’ distributable profit has decreased. The major reason behind the unfavorable profit figure is the postponement of loan payment that was due in Chaitra, 2076 by the commercial banks. Nepal Rastra Bank has asked commercial banks to consider the rescheduling of loan payment for borrowers.
*
GBIME and KBL this year distributable profit figure includes the distributable profit of merged/acquired entities of then Janata Bank and Deva Bikas Bank respectively till merger/acquisition date.
Impairment charge/(reversal) for a loan and other losses:
Banks have set aside a certain amount in loan loss provision and have delayed loan repayment of several borrowers. A total of Rs 17.46 arba of amount has been shown in an impairment charge for a loan and other losses.
Nepal Investment Bank
has the highest impairment charge for a loan and other losses with Rs 1.88 arba followed by
Global IME Bank
and
NMB Bank
with Rs 1.74 arba and Rs 1.61 arba respectively.
Paid-up capital:
Paid-up capital refers to the amount of money that commercial banks have received from their shareholders through the exchange of shares in the primary market.
The bank with the highest paid-up capital are
Global IME Bank Limited (GBIME)
with Rs 18.98 arba capital and
Nepal Investment Bank (NIB)
with Rs 14.25 arba paid-up capital.
Note:
ADBL’s
paid-up capital stands at Rs 14.44 arba which includes Rs 9.55 arba from ordinary shares and Rs 5.43 arba from irredeemable preference share.
Reserve and surplus:
With an industry average of Rs 7.21 arba, nine banks stand above the average benchmark of Rs 7.21 arba in their reserve fund. The total reserve and surplus of all commercial banks is at Rs 1.94 kharba which was Rs 1.86 kharba last year in the same quarter.
In terms of reserves and surplus,
Nepal Bank Limited (NBL)
has maintained its lead with a reserve and surplus of Rs 17.11 arba.
Nabil Bank Limited (NABIL)
has maintained the second position with Rs 15.70 arba reserve and surplus fund.
Rastriya Banijya Bank (RBB)
is in the third position with reserve and surplus of Rs 14.44 arba.
Deposits:
In average, commercial banks have collected Rs 1.24 kharba as a deposit. Only 13 banks are above the average deposit collection.
As of the fourth quarter of FY 2076/77,
Rastriya Banijya Bank Limited (RBB)
stands on top with total deposits worth Rs 2.30 kharba
Global IME Bank Limited (GBIME)
has
second-highest
deposits of Rs 2.12 kharba. Similarly, the bank is followed by
NIC Asia Bank Limited (NICA)
with the collected deposit of Rs 2.01 kharba respectively.
Civil Bank Limited (CBL)
has the lowest deposit collection of Rs. 57.51 arba only.
Banks had to decrease their interest rates on deposit. Coronavirus pandemic has hit a lot of businesses that have taken a loan from several banks. Commercial banks needed to decrease the interest rates on loans to lessen the impact of the pandemic on several businesses and corporate houses so, depositors had to compromise with a lower interest rate on their deposits during the pandemic.
Loans and advances:
In today’s context, the concern of investor simply does not rest upon which bank has more loans. The nature of loan portfolio equally matters. As shown in the figure, the top position in loans and advances is occupied by
Global IME Bank Limited (GBIME)
with credit disbursement worth Rs 1.89 kharba.
NIC Asia Bank Limited (NICA)
has a loan and advances portfolio of Rs. 1.60 kharba.
Rastriya Banijaya Bank (RBB)
has the loan portfolio of Rs 1.50 kharba. Similarly on the other end of the rope, stands
Civil Bank Limited (CBL)
with the lowest loan and advances portfolio of Rs. 51.51 arba.
The industry average loan disbursed is Rs 1.03 kharba. 13 commercial banks have the loan portfolio above Rs 1.03 kharba.
The loan disbursement among banks will probably see a new modality in the upcoming quarter. For instance, new loans for sectors that might be affected by the second wave of coronavirus pandemic might not be entertained by the banks. Moreover, banks will have to focus on agricultural loans in order to support the government’s initiative to commercialize agriculture sectors. New startups will have to rethink their business model before presenting an application for a loan in banks. Banks might support a lot of hotels, restaurants, consultancies, and public transportation by rescheduling their loan payment.
Net interest income:
Net interest income is the net earnings of commercial banks through their core business of collecting deposits and lending loans. The bank with the highest net interest income is
Rastriya Banijaya Bank (RBB)
with an income of Rs 9.32 arba followed by
Global IME Bank Limited (GBIME)
with an income of Rs 8.19 arba and
NICA Bank Limited (NICA)
with an income of Rs 7.60 arba.
The industry average net interest income stands at Rs 4.77 arba. 10 out of 27 commercial banks are above the industry average in terms of net interest income.
Total comprehensive income:
Nabil Bank Limited (NABIL)
has also the highest comprehensive income of Rs 4.59 arba.
NICA Bank Limited (NICA)
has the second-highest comprehensive income of Rs 3.30 arba.
Global IME Bank Limited (GBIME)
has the third-highest comprehensive income of Rs 3.15 arba.
Major indicators:
Earnings per share:
Rastra Banijaya Bank (RBB)
becomes the bank to serve investors with the highest annualized EPS of Rs 49.45 per share.
Nabil Bank Limited (NABIL)
has the second-highest EPS of Rs 35.32 per share.
Agricultural Development Bank Limited (ADBL)
in the third position with annualized EPS of Rs 32.88 per share.
Civil Bank Limited (CBL)
stays at the bottom with an earning of Rs. 5.71 per share.
*GBIME, KBL, and CZBIL this year EPS figure excludes profit of merged/acquired entities till merger/acquisition date of then Janata Bank, Deva Bikas Bank, and Sahayogi Bikas Bank respectively.
The average EPS of 27 commercial banks stands at Rs 19.68. 9 commercial banks still provide EPS higher than that of the industry average.
Net worth per share:
The highest net worth per share among these commercial banks is Rs 267.50 which belongs to
Nepal Bank Limited (NBL)
.
Rastriya Banijya Bank (RBB)
is in the second position with Rs 260.38.
NABIL Bank Limited (NABIL)
has the third-highest net worth per share as of Q4 of FY 2076/77 i.e. Rs 255.72.
Civil Bank Limited (CBL)
has the least net worth of Rs 125.85 per share.
The industry average net worth stands around Rs 171.25 per share. 9 companies have net worth more than the industry average.
P/E ratio:
Nepal Bank Limited (NBL)
has the least PE ratio of 10.99 times. It is followed by
Agricultural Development Bank Limited (ADBL)
with PE ratio of 11.71 times. 14 commercial banks have a P/E ratio lower than the industry average of 17.02 times. The PE ratios are not the recent ratios rather the ratios for quarter-end.
Nepalese banks have both opportunities and threats in this pandemic. A bigger question is how will banks sustain with the same number of employees and the same salary level while a key factor remittance related fees will be absent in the upcoming quarter. Similarly, Nepalese banks have an opportunity to promote services such as cash delivery, easy access to cash deposits, and create web-based secured software for internal bank related works and help the country by investing in highly productive sectors.
Finally, the table below provides a full picture with major indicators of the 27 commercial banks as of the fourth quarter of FY 2076/77:",0.06812803447246552
2020-08-14,NCCB's profitability constrained by current business environment; Net Interest Income rose by 8.48%; EPS at Rs. 12.09,https://www.sharesansar.com/newsdetail/nccbs-profitability-constrained-by-current-business-environment-net-interest-income-rose-by-848-eps-at-rs-1209,"Nepal Credit and Commerce Bank Limited (NCCB)
has published its fourth-quarter report for the FY 2076/2077 with an increase in Net Profit by 10.75%. The bank's net profit has increased from Rs. 1.02 Arba in the fourth quarter of FY 2075/2076 to Rs. 1.13 Arba in the fourth quarter of FY 2076/2077.
However, the operating profit of the bank has decreased by 11.23% in the Q4 of FY 2076/2077. The bank has Rs. 69.99 crore as a distributable profit after P/L appropriation and regulatory requirements in the fourth quarter.
This means NCCB can distribute around 7% (approx.) dividends
from the earnings of FY 2076/2077 if other regulatory requirements are not required.
The bank’s deposit from customers increased by 11.83% to Rs. 73.78 Arba whereas loans and advances to customers increased by 7% to Rs. 65.10 Arba till the fourth quarter. The Net Interest Income (core business income) of the bank has increased by 8.48% to Rs. 3.21 Arba compared to the corresponding quarter of the previous year.
The bank’s paid-up capital stands at Rs. 9.35 Arba with Rs. 3.82 Arba in Reserve and surplus. The Non-performing loan (NPL) remains fairly stable with the corresponding quarter at 2.79%.
The earnings per share (EPS) of the Bank stood at Rs. 12.09 and Net worth per share stood at Rs. 140.91. The company traded at a P/E multiple of 15.38 times.
Click here for Q4 report
Major Highlights:
Particulars ('000)
Nepal Credit and Commerce Bank Limited
Q4, 2076/2077
Q4,2075/2076
Difference
Paid-up Capital
9,353,916.94
7,018,587.30
33.27%
Share Premium
-
172,445.87
-
Retained Earnings
888,725.45
1,320,593.59
-32.70%
Reserves
2,937,840.75
3,496,427.96
-15.98%
Deposit from Customers
73,786,878.60
65,979,798.73
11.83%
Loans & Advances to Customers
65,107,489.37
60,850,932.17
7.00%
Net Interest Income
3,219,276.52
2,967,646.97
8.48%
Fee and Commission Income
590,930.61
598,306.98
-1.23%
Impairment Charge/(Reversal)
328,236.32
-127,135.61
-
Personnel Expenses
1,261,262.09
1,243,866.48
1.40%
Operating Profit
1,742,353.15
1,962,730.21
-11.23%
Profit/(Loss) for the Year
1,130,984.84
1,021,232.24
10.75%
Total Comprehensive Income
1,133,396.32
1,013,399.01
11.84%
Distributable Profit/(Loss) after P/L appropriation and Regulatory Adjustments
699,917.96
-
-
Capital Adequacy Ratio (CAR) (%)
13.40%
13.30%
-
Non-Performing Loan (NPL)
2.79%
2.76%
-
CCD (as per NRB Directive)
74.88%
73.84%
-
Cost of Fund (%)
6.44%
7.49%
-
Base Rate (%)
9.03%
10.23%
-
Annualized EPS (Rs.)
12.09
14.55
-16.91%
Net worth per share (Rs.)
140.91
185.33
-23.97%
Qtr End PE Ratio (Rs.)
15.38
-
-
Qtr End Market Price
186.00
-
-
Price to Book (PB Ratio)
1.31
-
-",-0.0005189478397369385
2020-08-05,Muktinath Bikash Bank and NCC Bank under remittance pact; remittance dispatched via Muktinath Remit now available through 127 NCCB branches,https://www.sharesansar.com/newsdetail/muktinath-bikash-bank-and-ncc-bank-under-remittance-pact-remittance-dispatched-via-muktinath-remit-now-available-through-127-nccb-branches,"Muktinath Bikash Bank has inked a remittance agreement with Nepal Credit and Commerce Bank. Under the agreement, the remittance amount send in via Muktinath Remit can now be received from all 127 branches of NCC Bank.
The agreement for the same was signed between Assistant DY CEO of Muktinath Bikash Bank Mr. Til Bahadur Gurung and CEO of NCC Bank Mr. Ramesh Raj Aryal, as per the media statement.
The leading development currently has its presence in 42 districts via its 138 branches, as per the statement.",0.2365044355392456
2020-07-09,Falling Base Rate of commercial banks; What it means for investors,https://www.sharesansar.com/newsdetail/falling-base-rate-of-commercial-banks-what-it-means-for-investors,"Although banks have a wide variety of products and responsibilities, their primary function is to accept deposits and release loans. Basically, banks make money by charging a pre-specified interest rate for the money it lends. On the other hand, it gets the money to lend by encouraging savers to deposit their cash in return for a certain extra interest payment.
It is a known fact that banks charge higher interest rates while we borrow money than the rate it pays us if we deposit our cash. While this is for a variety of reasons, the primary reason is that banks have to be liquid at all times.
Banks cannot lend all the deposits to borrowers. If this happens, banks cannot pay back the savers on time if they demand a withdrawal. For this reason, some capital has to be kept for liquidity. To overcome the loss that this creates, banks have to charge a higher rate for the limited capital they lend.
How do banks determine their interest rates? Why are the rates different for different savings and credit packages?
This leads us to an interesting instrument that banks use, which is called the base rate.
The base rate is the minimum rate banks have to charge to their customers to remain in profit. It is calculated on the basis of expenses incurred by the banks and financial institutions as cost of funds, cost of liquidity (CRR and SLR), cost of operation.
Banks will adjust interest rates for different instruments they have by adding to the base rate. It all depends on what kind of lending they want to encourage and what kind of lending they think is risky for their capital.
Banks have revised their interest rates along with the base rates in recent days. Sharesansar compared the change in their base rates. The findings are tabulated below:
Bank
Base Rate, Chaitra, 2076
Base Rate, Jestha End, 2077
CBL
10.92
10.51*
KBL
10.65
10.37
CZBIL
9.88
9.25
NCCB
10.36
9.7
CCBL
10.27
9.48
SRBL
10.02
9.23
NMB
9.99
9.32
SBL
9.98
9.20*
MBL
9.97
9.3
ADBL
9.97
9.51
MEGA
9.94
8.98
NBB
9.89
9.89
SBI
9.86
9.59
PCBL
9.85
9.34
LBL
9.79
**
NICA
9.61
8.22
GBIME
9.41
8.53
BOKL
9.33
9.14
SANIMA
9.25
8.52
PRVU
8.98
7.95
HBL
8.87
8.62
NIB
8.53
8
EBL
8.34
7.95
NABIL
7.82
7.36
NBL
7.49
**
SCB
7.27
6.71
* Baisakh **unpublished
What impact will a decreased base rate have on the stock market?
Needless to say, a smaller interest rate means better access to capital. More people will be encouraged to borrow money from banks if they have to pay lesser as interest. Investors can take loans against shares to reinvest in financial securities without much worry.
More liquidity equals more opportunity in the stock market. NEPSE is very likely to witness a surge in the volume of transactions if people choose to invest their liquid capital in shares.
Moreover, a reduced interest rate discourages the general public from keeping their cash idle at a deposit account. They might want to enter the stock market for better returns instead.",0.868633508682251
2020-05-14,Coronavirus pandemic impacts the profit of commercial banks: Industry net profit of commercial banks increases by only Rs 4 arba compared to last year! Loan payment rescheduling impacts the distributable profit of commercial banks!,https://www.sharesansar.com/newsdetail/coronavirus-pandemic-impacts-the-profit-of-commercial-banks-industry-net-profit-of-commercial-banks-increases-by-only-rs-4-arba-compared-to-last-year-loan-payment-rescheduling-impacts-the-distributable-profit-of-commercial-banks,"The coronavirus pandemic around has impacted normal life throughout the globe. Since 2005, remittance became a significant factor to contribute in Nepal’s GDP. The global pandemic is likely to impact developing countries like ours the most. Moreover, our major source of foreign currency i.e. remittance will see a declining trend in the upcoming months. Private and government banks have a great role to play in this pandemic. The pandemic has exposed the inefficiency in health along with education sector throughout the country. Banks and financial institutes will have to think beyond profit seeking ideology and concentrate on saving the problematic borrowers amidst the pandemic.
Profit for the period:
As per the net profit of third quarter of FY 2076/77,
Nabil Bank Limited (NABIL)
is in the lead with a net profit of Rs 3.16 arba. Similarly,
Global IME Bank Limited (GBIME)
has the second highest net profit of Rs 3.15 arba in the same quarter. In the third position,
Rastriya Banijya Bank (RBB)
has the net profit of Rs 3.04 arba. The bank with the least net profit is
Civil Bank Limited (CBL)
whose net profit amounts to Rs 36 crore.
The industry average net profit of the 27 commercial banks is Rs 1.69 arba.
In the upcoming quarter, the profit and loss statement of banks can be expected to be unconvincing to investors. Nepal Rastra Bank has urged banks to be considerate towards borrowers for loan payment amidst the coronavirus pandemic. Moreover, a number of income sources of banks such as several fees, foreign currency transfer commission, ATM fees, etc will be impacted by the pandemic. Hence, investors can expect decrease in net profit of banks in the upcoming quarter However; it completely depends on banks’ efficiency to mobilize their resources to prevent themselves from going into a net loss.
The total net profit for the year is 45.70 arba whereas that for the last year of the same quarter was 41.15 arba. The overall industry net profit has increased by only 11% i.e. 4.55 arba.
Distributable profit:
As per the distributable profit of third quarter of 2076/77,
Nabil Bank Limited (NABIL)
is in the lead with a profit of Rs 2.09 arba.
Similarly, Standard Chartered Bank Nepal Limited (SCB)
has the second highest net profit of Rs 1.31 arba in the same quarter. In the third position,
Agricultural Development Bank Limited (ADBL)
has the net profit of Rs 1.25 arba.
Six banks have shown negative distributable profit. Similarly, 26 out of 27 commercial banks’ distributable profit has decreased. The major reason behind the unfavorable profit figure is the postponement of loan payment that was due in Chaitra, 2076 by the commercial banks. Nepal Rastra Bank has asked commercial banks to consider the rescheduling of loan payment for borrowers.
Paid up capital:
Paid up capital refers to the amount of money that commercial banks have received from their shareholders through the exchange of shares in the primary market.
The bank with highest paid up capital are
Global IME Bank Limited (GBIME)
with Rs 18.98 arba capital and
Nepal Investment Bank (NIB)
with Rs 14.25 arba paid up capital.
Note:
ADBL’s
paid-up capital stands at Rs 14.44 arba which includes Rs 9.55 arba from ordinary shares and Rs 5.43 arba from irredeemable preference share.
Reserve and surplus:
With an industry average of Rs 5.92 arba, ten banks stand above the average benchmark of Rs 5.92 arba in their reserve fund.
In terms of reserves and surplus,
Nepal Bank Limited (NBL)
has maintained its lead with a reserve and surplus of Rs 14.18 arba. .
Rastriya Banijya Bank (RBB)
has maintained second position with Rs 13.24 arba reserve and surplus fund.
Nabil Bank Limited (NABIL)
is in the third position with reserve and surplus of Rs 12.77 arba.
Deposits:
In an average, commercial banks have collected Rs 1.13 kharba as deposit. Only 13 banks are above the average deposit collection.
As of the third quarter of FY 2076/77,
Global IME Bank Limited (GBIME)
stands on top with total deposits worth Rs 2.01 kharba (Growth in deposits is mainly due to merger with Janata Bank Limited).
Rastriya Banijya Bank Limited (RBB)
is aggressively involved in collecting deposits from existing and prospective clients with deposits of Rs 2 kharba. Similarly, the bank is followed by
NIC Asia Bank Limited (NICA)
with the collected deposit of Rs 1.86 kharba respectively.
Civil Bank Limited (CBL)
has the lowest deposit collection of Rs. 49.85 arba only.
Post the lockdown, banks are expected to decrease their interest rates on deposit. Coronavirus pandemic has hit a lot of businesses that have taken loan from several banks. Commercial banks need to decrease the interest rates on loans to lessen the impact of the pandemic on several businesses and corporate houses so, depositors will have to compromise with a lower interest rate on their deposits in the upcoming quarter.
Loans and advances:
In today’s context, the concern of investor simply does not rest upon which bank has more loans. The nature of loan portfolio equally matters. As shown in the figure, the top position in loans and advances is occupied by
Global IME Bank Limited (GBIME)
(Growth in loans and advances is mainly due to merger with Janata Bank Limited) with credit disbursement worth Rs 1.95 kharba.
NIC Asia Bank Limited (NICA)
has a loan and advances portfolio of Rs. 1.61 kharba.
Nabil Bank Limited (NABIL)
has the loan portfolio of Rs 1.49 kharba. Similarly on the other end of the rope, stands
Civil Bank Limited (CBL)
with the lowest loan and advances portfolio of Rs. 51.01 arba.
The industry average loan disbursed is Rs 1.01 kharba. 11 commercial banks have the loan portfolio above Rs 1.01 kharba.
The loan disbursement among banks will probably see a new modality in the upcoming quarter. For instance, new loans for sectors that might be affected by a second wave of coronavirus pandemic might not be entertained by the banks. Moreover, banks will have to focus on agricultural loans in order to support government’s initiative to commercialize agriculture sectors. New startups will have to rethink their business model before presenting application for loan in banks. Banks might support a lot of hotels, restaurants, consultancies and public transportations by rescheduling their loan payment.
Net interest income:
Net interest income is the net earnings of commercial banks through their core business of collecting deposits and lending loans. The bank with highest net interest income is
Rastriya Banijaya Bank (RBB)
with income of Rs 6.97 arba followed by
Global IME Bank Limited (GBIME)
with income of Rs 6 arba and
NICA Bank Limited (NICA)
with income of Rs 5.52 arba.
The industry average net interest income stands at Rs 3.63 arba. 11 out of 27 commercial banks are above the industry average in terms of net interest income.
Total comprehensive income:
Nabil Bank Limited (NABIL)
has also highest comprehensive income of Rs 3.75 arba.
Rastriya Banijaya Bank (RBB)
has the second highest comprehensive income of Rs 3.22 arba.
Global IME Bank Limited (GBIME)
has the third highest comprehensive income of Rs 3.15 arba.
Major indicators:
Earnings per share (Annualized):
Rastra Banijaya Bank (RBB)
becomes the bank to serve investors with highest annualized EPS of Rs 44.96 per share.
Nabil Bank Limited (NABIL)
has the second highest EPS of Rs 41.71 per share.
Everest Bank Limited (EBL)
in the third position with annualized EPS of Rs 36.86 per share.
Civil Bank Limited (CBL)
stays at the bottom with an earning of Rs. 6.01 per share.
The average EPS of 28 commercial banks stands at Rs 22.36. 10 commercial banks still provide EPS higher than that of the industry average.
Net worth per share:
The highest net worth per share among these commercial banks is Rs 296.63 which belongs to
Nepal Bank Limited (NBL)
.
Rastriya Banijya Bank (RBB)
is in the second position with Rs 263.51.
Agricultural Development Bank Limited (ADBL)
has the third highest net worth per share as of Q3 of FY 2076/77 i.e. Rs 255.72.
Civil Bank Limited (CBL)
has the least net worth of Rs 124.64 per share.
The industry average net worth stands around Rs 170.17 per share. 8 companies have net worth more than the industry average.
P/E ratio:
Nepal Bank Limited (NBL)
has the least PE ratio of 9.25 times. It is followed by
Citizens Bank Limited (CZBIL)
with PE ratio of 10.67 times. 14 commercial banks have a P/E ratio lower than the industry average of 14.01 times. The PE ratios are not the recent ratios rather the ratios for quarter end.
Nepalese banks have both opportunity and threat in this pandemic. A bigger question is how will banks sustain with the same number of employees and same salary level while a key factor remittance related fees will be absent in the upcoming quarter. Similarly, Nepalese banks have an opportunity to promote online transactions, create web based secured software for internal bank related works and help the country by investing in highly productive sectors.
Finally the table below provides a full picture with major indicators of the 27 commercial banks as of the third quarter of FY 2076/77:",0.07454867660999298
2020-04-19,NCC Bank commits towards fight against Coronavirus; provides Rs 65 lakh to federal government and Rs 5 lakh each to all seven provinces,https://www.sharesansar.com/newsdetail/ncc-bank-commits-towards-fight-against-coronavirus-provides-rs-65-lakh-to-federal-government-and-rs-5-lakh-each-to-all-seven-provinces,"Nepal Credit and Commerce Bank, under its CSR initiative, has provided Rs 65 lakh to federal government and Rs 5 lakh each to all seven provinces of Nepal to fight ongoing Coronavirus threat. The bank has made available the support amount via  the federal and province government’s Corona response fund established to fight the now-serious infection threat in the nation.
The bank has handed over the support amount to the federal government and to the respective Chief Ministers in all seven provinces, as per the media statement.
The bank has also urged its customers to be in home quarantine and  make use of the digital banking channel as much as possible, as per the media statement.",-0.3957129120826721
2020-03-13,The latest average base rate of commercial banks stand at 9.47%; look at other important interest rates,https://www.sharesansar.com/newsdetail/the-latest-average-base-rate-of-commercial-banks-stand-at-947-look-at-other-important-interest-rates,"Base rate, as defined by Nepal Rastra Bank, includes all cost of funds, cost of liquidity (CRR and SLR), and cost of operation. If a bank’s returns on government securities is lower than deposit collection rate, they can add the shortfall in the base rate.
This is the minimum rate banks have to charge their customers. Banks usually add a premium to the base rate to derive the total rate of interest on a particular type of loan facility. This makes the loan facility provided by different banks vary in the interest rate charged.
A list has been prepared considering the latest base rate, spread rate, marginal loan rate, savings rate and fixed deposit rate for individuals.
The average base rate of commercial banks stood at 9.50% in the previous quarter while the average spread rate stood at 5.07% in the same period. Considering the latest base rate, till the end of Poush and Magh 2076, the average has fallen to 9.47%. Similarly, the average spread rate in the review period stood at 5.05%.
Civil Bank Limited (CBL) charges the highest base rate at 11.04% while Rastriya Banijya Bank (RBB) charges the lowest at 6.64%. In terms of spread rate, Standard Charted Bank (SCB) leads with 5.93% while Laxmi Bank Limited (LBL) and Nepal Bank Limited (NBL) have the lowest spread rate at 4.44%.
The maximum interest on savings account stood at 6.50% while the lowest interest stood at 3% provided by Nepal SBI Bank Limited (SBI). The maximum fixed deposit rate provided by all commercial banks stood at 9.25% for individuals. Depending upon the amount and period of deposit, the lowest yield on fixed deposit is provided by Standard Chartered Bank (SCB) at 6%.",0.6301693916320801
2020-03-10,"YES BANK, India Crisis and Lesson to We Nepalese Investors and Banking Industry",https://www.sharesansar.com/newsdetail/yes-bank-india-crisis-and-lesson-to-we-nepalese-investors-and-banking-industry,"Visit any Economic News Channel and Online Portals and you find YES bank all over it. Yes, you heard and read it right. Yes Bank is in Crisis.
Panicked Yes Bank customers were seen queuing up at the bank's ATMs at various locations, but to no avail as most of the money-dispensing machines have no cash, after the Reserve Bank of India placed the crisis-hit lender under a moratorium.
Customers are also facing trouble because net banking services are not working and some even complained that their credit cards are also not working.
The India Government has recently put private sector lender
Yes Bank under moratorium till April 3 and capped deposit withdrawal
at ₹50,000 after severe deterioration of the bank’s financial position.
However, Yes Bank’s books show that warning bells had been ringing for more than a year. The bank went on a loan spree even as bad loans mounted. Meanwhile, depositors withdrew large amounts, resulting in the bank’s profitability nose-diving in the last two fiscals.
Loan Spree:
In the last five years, Yes Bank went on a loaning spree. Its total advances rose by 334% between FY14 and FY19, the highest rise among comparable banks in the period.
Bad loans multiply:
Many borrowers started defaulting. The bank’s Gross NPA% (loans overdue for >90 days) zoomed to 7.39% as of Sept. ‘19, the highest among comparable banks.
Low Provisions:
While bad loans piled up, Yes Bank did not make enough provisions in its profits. Its Provision Coverage Ratio in FY19 was 43.1%, the lowest among comparable banks. RBI says a PCR of >70% is desirable.
Confidence Drop:
Amidst the loan mess, customers withdrew large amounts, resulting in the credit-deposit ratio of Yes Bank crossing 100% (it lent more than what it received) in FY18, 19.
A credit-deposit ratio of 106% means a bank loaned ₹106 for every ₹100 it received.
Poor profitability:
The loan spree & high NPA meant poor profitability, gauged by Yes Bank’s sinking Return on Assets (RoA) (RoA = net income/ total assets). Graph shows year-on-year change in RoA.
For instance, Yes Bank's RoA in FY19 was 0.52, in FY18 it was 1.78. Thus the y-o-y change of -1.26 in FY19 is plotted in the graph.
Yes Bank’s y-o-y change of RoA sinked to -1.26 in FY19, the highest slump  among comparable banks.
Investors sensed trouble:
Though the bank’s troubles came as a shock to many, investors sensed it early. The bank’s stock price fell steadily in the past year.
Relevance to Our Nepalese Banking:
Here is the full picture with major indicators of the 27 commercial banks as of the second quarter of FY 2076/77:
Also, below is the table showing Aggregate of Loans and Advances made upto 2nd Quarter, FY 2076-77. The industry average loan disbursed is Rs 96.82 arba. 11 commercial banks have the loan portfolio above Rs 96.82 arba. (Q2, FY2076-77):
Also, the Nepal Rastra Bank published the annual macro-economic data for the year of 2019/20.
The point
being, a bank does not go into crisis all of a sudden. It shows signs beforehand- we just need to properly analyze the data and disclosures made at frequent intervals.
Sadly, It has still been the tendency of most of we Nepalese stock investors to just see the percentage increase or decrease in various indicators of banks and financial institutions rather than reading the entire Quarterly or Annual Reports of these institutions.  Various useful disclosures are made compulsory by the regulatory body to be published with the quarterly and annual reports, but we give zero relevance and don’t bother to read those annexure.
The table in the reports just present us with the figures but the actual nature or matters that have significant importance related to those figures in the chart are found written in the notes and annexure attached below those data tables.
Say, for example
, there may be huge provision amount in the report. Now, we need to see in the Annexures what the provision is actually for. It may mention about the litigation pending. Then , we need to know the case is winnable or a loss case as per Mgt. View. Similarly, there may be huge amount in Reserves but the distributable portion is very less due to the Regulatory Adjustments.
The news portals and the Online media related to this sector, where prices are highly sensitive to these reports, only make cheesy headlines during publish of quarterly or annual reports such as “ 102% rise in…..” or “EPS fell sharply by….%”.
Hence it is of utmost importance as an Investor himself /herself to go through the entire pdf of reports published of the stocks invested or potential future investments, be it from the news portals or the official websites of the co. itself,rather than driving sentiments and making irrational decisions based on the headlines appearing on your social accounts and media pages.
Knowing the reason for such performance of your company is equally important. May be, it is relevant to this quarter and it may reverse in Next quarter and you, as an investor, panicked at the moment itself without knowing the true reason. So, knowing whether the impact is short term or long term on the performance is equally and most important. Don’t you think so???
Say,for example
, the Q2 report of a bank says huge provisioning due to bad loans. But the annexure or the CEO’s Interview says the bank has initiated legal actions against such defaulters and has attached the defaulter’s assets for recovery. So, till the next quarter the bank may get back its stuck money from those defaulters and accordingly, the report for the upcoming quarter is likely to improve, thereby improving your investment EPS and Expected Return.
Now, what if you did not read these annexure or additional info and sold your stocks just to find the price rise or huge dividend at the end of the year, wouldn’t you as an investor feel as if you have been fooled, that too by yourself, and no outsider?? Decide for yourself!!
Finally, to the fellow Investors
:
-CA Ayush Khetan
ayushkhetan2007@gmail.com",0.003271637484431267
2020-02-24,"As the market takes upward stride, where does the PE ratio of listed companies stand? Find out the latest PE ratio of all sectors and all companies",https://www.sharesansar.com/newsdetail/as-the-market-takes-upward-stride-where-does-the-pe-ratio-of-listed-companies-stand-find-out-the-latest-pe-ratio-of-all-sectors-and-all-companies-2020-02-24,"The secondary market of Nepal is striding upwards with the NEPSE index rising along with the share prices of many listed companies. This rise in prices has a significant impact on the price to earnings ratio of the companies relative to the ratio that was posted in the second quarter report of the companies.
The article below shows the PE ratio of all listed companies categorized based on the sector. The prices are taken as of Falgun 11, 2076 (Yesterday). Similarly, the annualized EPS is taken from the second-quarter report and has been adjusted for any dividend that has been declared and approved by the company.
Commercial Bank
The industry average PE ratio of commercial banks stands at 14.86 times as of yesterday. The table below shows the PE ratio of each bank individually.
Development Bank
The industry average PE ratio of the Development Bank Sector is higher than that of commercial banks at 16.80 times. The table below shows the list of development banks and their latest PE ratio:
The above table only includes 23 development banks as the majority are under the merger and acquisition process due to which their transaction has been halted in NEPSE. Likewise, KRBL is the only development bank that hasn't published its Q2 report yet.
Finance Companies
Similarly, the average PE ratio of finance companies stands at 15.96 times. Two of the companies, PROFL and SFCL, have negative EPS and therefore doesn't have PE ratio.
Likewise, four finance companies' trading has been halted in NEPSE as they are undergoing mergers and acquisitions.
Hotels
The Hotel sector reports a higher PE ratio than the above sectors. It has an industry average PE ratio of 35.81 times.
Hydropower Companies
Out of the 32 listed Hydropower Companies, 2 haven't published Q2 while the rest have. Among the 30, nine companies have failed to report net profit till the second quarter of 2076/77.
The industry average PE ratio stands at 15.36 times as shown in the table below.
Life Insurance Companies
The industry average PE ratio of life insurance companies stands at 76.04 times with average annualized EPS of Rs 13.30 only.
Among the 7 life insurance companies, LICN and NLIC have the highest price despite average EPS. This shows that the demand for shares of these companies is higher relative to others.
Manufacturing and processing companies
In the case of the manufacturing sector, the industry average may not be very accurate. BNL was last traded on Ashwin 23, 2076 and therefore has been included. Similarly, NLO and SRS haven't published their financial report in order to know about their EPS and finally, UNL is traded very infrequently. It was last traded on Falgun 06, 2076 at Rs 17,849.
The remaining three - BNT, HDL, and SHIVM - have reported an average PE ratio of 24.28 times as shown below.
Microfinance Companies
The industry average PE ratio of the microfinance sector stands at 58.41 times. It includes 38 companies, while the other 12 companies have been excluded.
The table below shows the list of companies that are undergoing mergers and acquisitions and therefore aren't being traded in NEPSE.
Non-life Insurance Companies
The fifteen listed non-life insurance companies report an industry average PE Ratio of 44.12 times. The table below shows the list of companies, their price as on Falgun 11, 2076, their adjusted annualized EPS and the PE ratio.
Others
The other sector has a total of four companies under it. Among them, NFD (Nepal Film Development) is inactive. The remaining three make up an industry average PE ratio of 30.85 times with average EPS of Rs 39.98.
Trading
In the case of the trading sector, both the companies i.e. BBC and STC haven't published their financial reports and therefore don't have the latest PE ratio.
Overall
The table below shows the industry average annualized EPS and PE ratio of all sectors. The insurance companies and microfinance companies have the highest price in comparison to the earnings.",0.2999306619167328
2020-02-18,NEPSE lists 1.22 crore bonus shares of NCC Bank and 72.57 lakh right shares of United Insurance Company,https://www.sharesansar.com/newsdetail/nepse-lists-122-crore-bonus-shares-of-ncc-bank-and-7257-lakh-right-shares-of-united-insurance-company,"Nepal Stock Exchange (NEPSE)
has listed 1.94 crore units right and bonus shares of NCC Bank and United Insurance.
NEPSE has listed 1,22,00,761 Units Bonus Shares of Nepal Credit And Commercial Bank Limited (NCCB). The bank has approved 15% bonus shares for its shareholders from the profit of FY 2075/76.
NEPSE has also listed 72,57,600 Units Right Shares of United Insurance Company (Nepal) Limited (UIC). The company had issued 240% right shares to meet the minimum capital requirement.",0.9010834693908691
2020-02-14,An exclusive comparative analysis of second quarter reports of commercial banks! The industry accumulates an average profit of 1.22 arba in the second quarter,https://www.sharesansar.com/newsdetail/an-exclusive-comparative-analysis-of-second-quarter-reports-of-commercial-banks-the-industry-accumulates-an-average-profit-of-122-arba-in-the-second-quarter,"The outcome of this quarter from this fiscal year has come out in the reports of commercial banks. Let us compare each of these commercial banks on the basis of second quarter reports of FY 2076/77.
The following are the key elements necessary in analyzing the second quarter performance of commercial banks:
Profit for the period:
As per the net profit of second quarter of 2076/77,
Rastriya Banijya Bank (RBB)
is in the lead with a profit of Rs 2.20 arba. Similarly,
Global IME Bank Limited (GBIME)
has the second highest net profit of Rs 2.13 arba in the same quarter. In the third position,
NABIL Bank Limited (NABIL)
has the net profit of Rs 2.04 arba. The bank with the least net profit is
Civil Bank Limited (CBL)
whose net profit amounts to Rs 31.62 crore.
The industry average net profit of the 27 commercial banks is Rs 1.22 arba. 11 commercial banks have net profit above the industry average. Remaining all banks has net profit below the industry average.
Paid up capital:
Paid up capital refers to the amount of money that commercial banks have received from their shareholders through the exchange of shares in the primary market.
The bank with highest paid up capital are
Global IME Bank Limited (GBIME)
with Rs 18.98 arba capital and
Nepal Investment Bank (NIB)
with Rs 14.22 arba paid up capital.
Note:
ADBL’s
paid-up capital stands at Rs 14.44 arba which includes Rs 9.55 arba from ordinary shares and Rs 5.43 arba from irredeemable preference share.
Reserve and surplus:
With an industry average of Rs 6.89 arba, nine banks stand above the average benchmark of Rs 6.89 arba in their reserve fund.
In terms of reserves and surplus,
Nepal Bank Limited (NBL)
has maintained its lead with a reserve and surplus of Rs 19.38 arba.
Agricultural Development Bank Limited (ADBL)
has maintained second position with Rs 14.88 arba reserve and surplus fund.
Rastriya Banijya Bank (RBB)
is in the third position with reserve and surplus of Rs 13.89 arba.
Deposits:
In an average, commercial banks have collected Rs 1.09 kharba as deposit. Only 12 banks are above the average deposit collection.
As of the second quarter of FY 2076/77,
Global IME Bank Limited (GBIME)
stands on top with total deposits worth Rs 1.97 kharba (Growth in deposits is mainly due to merger with Janata Bank Limited).
Rastriya Banijya Bank Limited (RBB)
is aggressively involved in collecting deposits from existing and prospective clients with deposits of Rs 1.94 kharba. Similarly, the bank is followed by
NIC Asia Bank Limited (NICA)
with the collected deposit of Rs 1.78 kharba respectively.
Civil Bank Limited (CBL)
has the lowest deposit collection of Rs. 47.75 arba only.
Loans and advances:
In today’s context, the concern of investor simply does not rest upon which bank has more loans. The nature of loan portfolio equally matters. As shown in the figure, the top position in loans and advances is occupied by
Global IME Bank Limited (GBIME)
(Growth in deposits is mainly due to merger with Janata Bank Limited) with credit disbursement worth Rs 1.90 kharba.
NIC Asia Bank Limited (NICA)
has a loan and advances portfolio of Rs. 1.51 kharba.
Rastriya Banijya Bank (RBB)
has the loan portfolio of Rs 1.47 kharba. Similarly on the other end of the rope, stands
Civil Bank Limited (CBL)
with the lowest loan and advances portfolio of Rs. 47.76 arba.
The industry average loan disbursed is Rs 96.82 arba. 11 commercial banks have the loan portfolio above Rs 96.82 arba.
Net interest income:
Net interest income is the net earnings of commercial banks through their core business of collecting deposits and lending loans. The bank with highest net interest income is
Rastriya Banijya Bank (RBB)
with income of Rs 5.06 arba followed by
NICA Bank Limited (NICA)
with income of Rs 3.64 arba and
Global IME Bank Limited (GBIME)
with income of Rs 3.54 arba.
The industry average net interest income stands at Rs 2.41 arba. 12 out of 28 commercial banks are above the industry average in terms of net interest income.
Total comprehensive income:
Nabil Bank Limited (NABIL)
has also highest comprehensive income of Rs 2.68 arba.
Rastriya Banijya Bank (RBB)
has the second highest comprehensive income of Rs 2.38 arba.
Global IME Bank Limited (GBIME)
has the third highest comprehensive income of Rs 2.13 arba.
Major indicators:
Earnings per share (Annualized):
Rastra Banijya Bank (RBB)
becomes the bank to serve investors with highest annualized EPS of Rs 49.07 per share.
NIC Asia Bank Limited (NICA)
has the second highest EPS of Rs 41.50 per share.
Himalayan Bank Limited (HBL)
in the third position with annualized EPS of Rs 40.90 per share.
Civil Bank Limited (CBL)
stays at the bottom with an earning of Rs. 7.90 per share.
The average EPS of 28 commercial banks stands at Rs 25.22. 11 commercial banks still provide EPS higher than that of the industry average.
Net worth per share:
The highest net worth per share among these commercial banks is Rs 297.55 which belongs to
Nepal Bank Limited (NBL)
.
Agricultural Development Bank Limited (ADBL)
is in the second position with Rs 255.72.
Rastriya Banijya Bank (RBB)
has the third highest net worth per share as of Q2 of FY 2076/77 i.e. Rs 254.24.
Civil Bank Limited (CBL)
has the least net worth of Rs 124.22 per share.
The industry average net worth stands around Rs 170.95 per share. 9 companies have net worth more than the industry average.
P/E ratio:
Prime Commercial Bank Limited (PCBL)
has the least PE ratio of 9.68 times. It is followed by
Nepal Bank Limited (NBL)
with PE ratio of 10.05 times and finally
Nepal Bangladesh Bank Limited (NBB)
has third least PE ratio of 10.16 times. 15 commercial banks have a P/E ratio lower than the industry average of 12.65 times. The PE ratios are not the recent ratios rather the ratios for quarter end.
In a nutshell
:
Finally the table below provides a full picture with major indicators of the 27 commercial banks as of the second quarter of FY 2076/77:
Note: Rastriya Banijya Bank Limited has been excluded while labeling yellow color for the best ranking because Rastriya Banijya Bank has not been listed in NEPSE.
Dear investors, please feel free to share your investment decision after the performance evaluation of key indicators of these commercial banks
All the financial indicators are taken from Q2 published report of the banks.",0.8503762483596802
2020-02-13,ICRA Nepal assigns issuer rating of BBB to NCC Bank and LBBB to its debentures worth Rs 3 arba,https://www.sharesansar.com/newsdetail/icra-nepal-assigns-issuer-rating-of-bbb-to-ncc-bank-and-lbbb-to-its-debentures-worth-rs-3-arba,"ICRA Nepal
has assigned a rating of [ICRANP-IR] BBB (pronounced ICRA NP issuer rating triple B) to Nepal Credit and Commerce Bank Limited (NCC), indicating a moderate degree of safety regarding the timely servicing of financial obligations. Such issuers carry a moderate credit risk. The rating is only an opinion on the general creditworthiness of the rated entity and is not specific to any debt instrument.
ICRA Nepal has also assigned a rating of [ICRANP] LBBB (pronounced ICRA NP long-term debt rating triple B) to NCC’s proposed subordinated
[1]
debenture programme worth NPR 3,000 million. Instruments with this rating are considered to have a moderate degree of safety regarding the timely servicing of the financial obligations. Such instruments carry moderate credit risk.
Strengths
Long track record, adequate presence and diversified credit portfolio
Strong capitalisation and solvency profile
Adequate profitability despite lower economies of scale, supported by provision writeback through NPA recoveries/upgradation
Challenges
NPLs and credit cost could rise amid high interest rate scenario
Changing regulatory landscape could affect growth and economies of scale
Concentrated deposit profile, with CASA lagging industry average, and high cost of deposits
Bank profile
Nepal Credit & Commerce Bank Ltd. (NCC), formerly registered as Nepal - Bank of Ceylon Ltd. (NBOC), commenced operations on October 14, 1996 as a joint venture with Bank of Ceylon, Sri Lanka. The bank’s name was changed to Nepal Credit and Commerce Bank Limited (NCC) on September 10, 2002, after the transfer of shares and management to Nepalese promoters. The head office/corporate office is at Bagbazar, Kathmandu.
NCC merged with four regional BFIs3 to increase its paid-up capital, in line with the revised requirement. Combined operations commenced on January 1, 2017 after the merger. The bank’s NPA level rose immediately after the merger because of the inclusion of stressed accounts from the merging BFIs. However, the NPA level has improved since then because of recoveries/upgradation. The bank’s shares are listed on the Nepal Stock Exchange and its market capitalisation was ~NPR 17.8 billion as of January 16, 2020.  As of mid-October 2019, major shareholders of NCC includes Citizen Investment Trust (~4%), Nepal Securities & Investment P. Ltd (~2.5%), Shangrila Investment (~2.2%), NB Group (~2.1%) and Nepal Insurance Company Limited (~2%) among others.
As of mid-October 2019, NCC had a presence across the country through 120 branches and 62 ATMs. It had a market share of 2.11% in terms of deposit base and 2.22% of the total advances in the banking industry of Nepal as of midOctober 2019. NCC reported a profit after tax (PAT) of NPR 1,021 million in FY2019 on an asset base of NPR 88,719 million as of mid-July 2019 vs. PAT of NPR 1,342 million in FY2018 on an asset base of NPR 73,461 million as of mid-July 2018. In Q1 FY2020, NCC reported PAT of NPR 467 million on an asset base of NPR 87,994 million. As of mid-October 2020, NCC’s CRAR was 13.20% (14.30% as of July 2019) and gross NPL was 2.86% (2.78% as of July 2019).
Summary of instrument
Facility/Instrument
Rated Amount (NPR Million)
Rating Action (January 2020)
Issuer Rating
NA
[ICRANP-IR] BBB (assigned)
Subordinated Debenture Programme
NPR 3,000 million
[ICRANP] LBBB (assigned)
Source:
https://www.icranepal.com/",-0.15474507212638855
2020-02-09,NCC Bank earns Rs 75.63 crore till Q2 with EPS of Rs 18.60; NPL decreased to 2.82%,https://www.sharesansar.com/newsdetail/ncc-bank-earns-rs-7563-crore-till-q2-with-eps-of-rs-1860-npl-decreased-to-282,"Nepal Credit and Commerce Bank Limited (NCCB)
net profit rises by 2.23% to Rs 75.63 crore till the end of the second quarter of FY 2076/77.
The bank’s loans and advances to customers rises by 6.65% (compared to immediate previous year ending) to Rs 64.89 arba till the second quarter and the same time deposits from customer’s decline by 3.58% (compared to immediate previous year ending) to Rs 63.61 arba. The net interest income (core business income) of the bank has increased by 13.65% to Rs 1.66 arba from Rs 1.46 arba of the corresponding quarter.
The bank’s existing paid up capital stands at Rs 8.13 arba with Rs 4.56 arba as its reserve and surplus. The Non-Performing Loan (NPL) has also decreased to 2.82% from 3.53%.
NCC Bank announces 15% bonus share; paid up capital will increase to Rs 9.35 arba
and this dividend is already endorsed by AGM and remains to be adjusted in the published Q2 report
.
In the second quarter, the annualized EPS of the bank stands at Rs 18.60. The net worth per share stands at Rs 156.18 and quarter end PE ratio stands at 11.78 times.
Click here for Q2 report:
Major Highlights:
*
2075/76 figure are of Immediate Previous Year Ending.
Particulars (In Rs '000)
NCC Bank
Q2 2076/77
Q2 2075/76
Difference
Paid Up Capital*
8,133,841
7,018,587
15.89%
Share Premium*
169,861
Retained Earnings*
1,817,170
1,320,594
37.60%
Reserves*
2,582,220
3,496,428
-26.15%
Deposits from Customers*
63,617,321
65,979,799
-3.58%
Loans & Advances to Customers*
64,895,858
60,850,932
6.65%
Net Interest Income
1,665,444
1,465,441
13.65%
Fee and Commission Income
285,300
266,835
6.92%
Impairment Charge/(Reversal)
63,335
-42,847
-
Personnel Expenses
604,668
551,583
9.62%
Operating Profit
1,059,361
1,031,217
2.73%
Profit/(Loss) for the Year
756,348
739,850
2.23%
Total Comprehensive Income
753,734
733,751
2.72%
Distributable Profit/ (Loss) after P/L Appropriation and Regulatory Adjustments
525,260
-
-
Capital Adequacy Ratio (CAR)
13.20
14.10
-6.38%
NPL
2.82
3.53
-20.11%
CCD (as per NRB Directives)
76.6
78.21
-2.06%
Cost of Fund (%)
7.5
7.95
-5.66%
Base Rate (%)
10.58
10.87
-2.67%
Annualized EPS (In Rs.)
18.60
21.08
-11.79%
Net Worth per Share (In Rs.)
156.18
168.63
-7.39%
Qtr End PE Ratio (times)
11.78
-
-
Qtr End Market Price*
219
-
-
Price to Book (PB Ratio)
1.40
-
-",0.2209712117910385
2020-02-02,NCC Bank convenes its 22nd AGM; endorses decent 15% bonus shares raising the paid up capital to Rs 9.35 arba,https://www.sharesansar.com/newsdetail/ncc-bank-convenes-its-22nd-agm-endorses-decent-15-bonus-shares-raising-the-paid-up-capital-to-rs-935-arba,"Nepal Credit and Commerce Bank has convened its 22
nd
AGM on Magh 17, 2076 under the leadership of bank’s chairman Mr. Upendra Keshari Neupane. Endorsing all the financial reports, the AGM has endorsed to provide 15% bonus shares and 0.7894% cash dividend for tax purposes.  After capitalization of the proposed bonus shares, its paid up capital will scale up to Rs 9.35 arba.
The AGM has also appointed PJ Thapa and Company, Chartered Accountants as the external auditor for the current fiscal year, as per the media statement.
The bank raised Rs 73.38 arba in deposits, issued loans of Rs 63.23 arba, and earned net profit of Rs 1.02 arba during the last fiscal year.",-0.11277571320533752
2020-01-26,What is the current average base rate of commercial banks? Look at the minimum and maximum interest rate charged on margin type loan,https://www.sharesansar.com/newsdetail/what-is-the-current-average-base-rate-of-commercial-banks-look-at-the-minimum-and-maximum-interest-rate-charged-on-margin-type-loan,"The recent uptrend in the market was attributed to the interest rate adjustments made by commercial banks. The average base rate of commercial banks during the same period last year was 9.88% and the average interest spread rate was 4.16%. However, the current scenario is somewhat different.
Base rate, as defined by Nepal Rastra Bank, includes all cost of funds, cost of liquidity (CRR and SLR), and cost of operation. If a bank’s returns on government securities is lower than deposit collection rate, they can add the shortfall in the base rate.
This is the minimum rate banks have to charge their customers. Banks usually add a premium to the base rate to derive the total rate of interest on a particular type of loan facility. This makes the loan facility provided by different banks vary in the interest rate charged.
The latest base rate and spread rate of all commercial banks is as follows:
The average base rate of the industry stood at 9.50% and average spread rate stood at 5.07% as per the latest data available. With the lowest base rate (6.79%) and highest spread rate (5.96%), Rastriya Banijya Bank (RBB) leads in both aspects. Standard Chartered Bank (SCB) follows with base rate of 7.63% and Mega Bank (MEGA) with spread rate of 5.63%.
The highest base rates are charged by Civil Bank (11.11%), NCCB (10.74%) and Kumari Bank (10.62%). Similarly, the banks with lowest spread rates were Kumari Bank (3.78%), Nepal Bank Limited (4.47%) and CZBIL (4.58%).
The banks add a premium to the base rate to derive the interest on loan which differs from bank to bank. In case of margin lending, the range of premium added by each bank has been mentioned. The rate of premium for this type of loan can be anywhere between 0% and 8.50%. The average minimum margin lending rate stands at 10.20% while the average maximum margin lending rate stands at 14.77%.",0.8893269896507263
2020-01-20,Today is the last trading day to grab dividend of Nepal Credit and Commerce Bank; book closure on Magh 7,https://www.sharesansar.com/newsdetail/today-is-the-last-trading-day-to-grab-dividend-of-nepal-credit-and-commerce-bank-book-closure-on-magh-7,"Today is the last trading day in NEPSE to grab dividend of
Nepal Credit and Commerce Bank (NCCB).
The book closure is on Magh 07, 2076. Therefore, shareholders maintained on Magh 06, 2076 will be eligible to attend the AGM and claim dividend.
The company will be convening its 22nd AGM on Magh 17, 2076 at Tribhuvan Army Officers Club, Tudikhel from 11 AM onwards.
The agendas of the meeting are:
Approval of the annual report of the BOD.
Approval of the audited financial statements of FY 2075/76.
Appointment of auditor for the year 2076/77 and determination of the remuneration.
Approval of the proposed 15% bonus share worth Rs 1.22 arba and 0.78% cash dividend worth Rs 6.42 crore (for tax purpose) for its shareholders for FY 2075/76.",0.928352952003479
2020-01-17,Nepal Credit and Commerce Bank to issue debentures worth Rs.3 Arba for 10 years at 10.5%; SEBON adds issue to pipeline,https://www.sharesansar.com/newsdetail/nepal-credit-and-commerce-bank-to-issue-debentures-worth-rs3-arba-for-10-years-at-105-sebon-adds-issue-to-pipeline,"Securities Board of Nepal (SEBON)
has added ""10.50% NCC Debenture 2086"" in its pipeline awaiting review and approval.
Nepal Credit and Commerce Bank Limited (NCC) is bringing 30 Lakh units of debentures at Rs.1000 per unit into the market to raise funds worth Rs.3 Arba. The bank will be offering 10.50% interest per annum for a period of 10 years.
The total offered units have been divided between public and private. 12 lakh units is being offered to the general public whereas 18 Lakh units are being offered for private placement.
Nabil Investment Bank Limited is the issue manager of the debenture issuance.
Other issues under preliminary review are:
Source: SEBON",0.8972825407981873
2020-01-10,NCC Bank to convene AGM on Magh 17; Book closure for 15% bonus on Magh 07,https://www.sharesansar.com/newsdetail/ncc-bank-to-convene-agm-on-magh-17-book-closure-for-15-bonus-on-magh-07,"Nepal Credit and Commerce Bank (NCCB)
will be convening its 22nd AGM on Magh 17, 2076 at Tribhuvan Army Officers Club, Tudikhel from 11 AM onwards.
The agendas of the meeting are:
Approval of the annual report of the BOD.
Approval of the audited financial statements of FY 2075/76.
Appointment of auditor for the year 2076/77 and determination of the remuneration.
Approval of the proposed 15% bonus share worth Rs 1.22 arba and 0.78% cash dividend worth Rs 6.42 crore (for tax purpose) for its shareholders for FY 2075/76.
The book closure is on Magh 07, 2076. Therefore, shareholders maintained on Magh 06, 2076 will be eligible to attend the AGM and claim dividend.",0.9279612302780151
2019-12-31,NCC Bank expands at Rangeli of Morang; 121st branch comes online to bring folks in eastern Nepal to national banking grid,https://www.sharesansar.com/newsdetail/ncc-bank-expands-at-rangeli-of-morang-121st-branch-comes-online-to-bring-folks-in-eastern-nepal-to-national-banking-grid,"Nepal Credit and Commerce Bank has brought into operation it’s one more branch at Rangeli Nagarpalika-7 Rangeli of Morang district on Poush 14, 2076.
The 121
st
branch of the bank aims to provide range of banking services to the locals in and around the local unit of Morang, as per the media statement.",0.6093208193778992
2019-12-23,NCC Bank announces 15% bonus share; paid up capital will increased to Rs 9.35 arba,https://www.sharesansar.com/newsdetail/ncc-bank-announces-15-bonus-share-paid-up-capital-will-increased-to-rs-935-arba,"Nepal Credit and Commerce Bank Limited (NCCB)
has proposed 15% bonus share worth Rs 1.22 arba and 0.78% cash dividend worth Rs 6.42 crore (for tax purpose) for its shareholders for FY 2075/76.
The 777th BOD meeting held on Poush 6, 2076 has decided to proposed dividend from the earnings of fiscal year 2075/76.
The dividend will be distributed after the approval of the immediate Annual General Meeting which will be held after the approval from NRB.
NCCB made profit of Rs 1.52 arba in FY 2075/76 as per unaudited Q4 report and its existing paid up capital is Rs 8.13 arba and after the distribution of bonus shares its capital will increased to Rs 9.35 arba.
The dividend history of NCCB is as follows:",0.7477984428405762
2019-12-11,"NCC Bank brings ""10.5% NCC Debentures 2086""; Nabil Investment Banking appointed as issue manager",https://www.sharesansar.com/newsdetail/ncc-bank-brings-105-ncc-debentures-2086-nabil-investment-banking-appointed-as-issue-manager,"Nepal Credit and Commerce Bank (NCCB)
is bringing ""10.5% NCC Debentures 2086"" to the market. The debentures are worth Rs 3 arba offering 10.50% interest. A total of 30 lakh units debentures will be offered, out of which 18 lakh units are seperated for private placement and remaining 12 lakh units for general public.
The bank has signed issue management deal on Mangsir 25, 2076 with Nabil Investment Banking. The agreement was signed by CEO Sabir Bade on behalf of Nabil Investment Bank and CEO Ramesh Raj Aryal on behalf of NCC Bank.",0.655479907989502
2019-12-02,How relevant is annualizing EPS based on first quarter reports of commercial banks? Analysis of expected against actual EPS and deviation,https://www.sharesansar.com/newsdetail/how-relevant-is-annualizing-eps-based-on-first-quarter-reports-of-commercial-banks-analysis-of-expected-against-actual-eps-and-deviation,"The Earnings per Share (EPS) published by the companies in their quarterly reports is one of the most accurate financial indicator of the companies’ current and expected performance. The figure gives a general idea to the investors regarding how the company is expected to perform.
Usually, the EPS figure is annualized, meaning, the EPS for that quarter is taken as minimum expected return for the remaining quarters and accordingly the expected EPS for the whole year is calculated. For example: if the quarter end EPS for the first quarter stands at Rs.5, then the annualized EPS will be Rs.20 (Rs.5*4 quarters) based on the reports of the first quarter.
However, annualizing EPS may not always be relevant due to the seasonal nature of some industries which results in varying performance in different quarters. To check the relevancy of annualizing EPS, the annualized EPS based on first quarter reports of commercial banks have been compared with the actual year end EPS. The financials of the previous year i.e. FY 2075/76 have been considered. Commercial Bank sector has been chosen for this analysis due to minimal effect of seasonal nature in the industry.
*Amount in Thousands (unless mentioned otherwise)
Annualized EPS based on the reports of the first quarter have been termed as expected EPS. To off-set the effects of bonus, the net profit of the first quarter was annualized and EPS was calculated, considering the paid up capital at the end of FY 75/76. This figure was compared with the actual EPS reported at the end of the year.
As per the analysis, only eight out of 27 listed commercial banks posted year end EPS lower than the expected EPS, while the remaining banks managed to report a higher year end EPS. The highest difference was seen in the EPS of ADBL which increased by Rs.26.31 from the expected EPS. Similarly, NBL reported a year end EPS of Rs.26.62 against the expected EPS of Rs.37.26. On an average, the expected EPS was Rs.23.36 while the actual EPS was Rs.24.99.
From the data, it can be inferred that most commercial banks performed better than what was initially expected and managed to report a positive deviation while some banks couldn’t perform as expected due to various reasons and reported a negative deviation. Other things remaining constant, considering history as data, a similar analysis can be done based on the first quarter reports of FY 76/77 to accurately calculate the expected year end EPS.",0.6570655703544617
2019-11-19,Comparative Analysis- Commercial banks have come out with their first quarter report of the new fiscal year! Are you planning to change your investment decision?,https://www.sharesansar.com/newsdetail/comparative-analysis-commercial-banks-have-come-out-with-their-first-quarter-report-of-the-new-fiscal-year-are-you-planning-to-change-your-investment-decision,"A fresh start of a new fiscal year began few months ago. The outcome of this quarter from this fiscal year has come out in the reports of commercial banks. Let us compare each of these commercial banks on the basis of first quarter reports of FY 2076/77.
The following are the key elements necessary in analyzing the first quarter performance of commercial banks:
Profit for the period:
As per the net profit of first quarter of 2076/77,
Rastriya Banijya Bank (RBB)
is in the lead with a profit of Rs 1.1275 arba. Similarly,
NABIL Bank Limited (NABIL)
has the second highest net profit of Rs 1.1236 arba in the same quarter. In the third position,
NIC Asia Bank Limited (NICA)
has the net profit of Rs 1.00 arba. The bank with the least net profit is
Civil Bank Limited (CBL)
whose net profit amounts to Rs 15.90 crore.
The industry average net profit of the 28 commercial banks is Rs 57.77 crores. 14 commercial banks have net profit above the industry average. Remaining all banks has net profit below the industry average.
Paid up capital:
Paid up capital refers to the amount of money that commercial banks have received from their shareholders through the exchange of shares in the primary market.
The bank with highest paid up capital are
Nepal Investment Bank (NIB)
with Rs 12.87 arba capital,
NMB Bank Limited (NMB)
with Rs 11.53 arba and
Global IME Bank Limited (GBIME)
with Rs 10.44 arba paid up capital.
Reserve and surplus:
With an industry average of Rs 6.9 arba, nine banks stand above the average benchmark of Rs 46.99 arba in their reserve fund.
In terms of reserves and surplus,
Nepal Bank Limited (NBL)
has maintained its lead with a reserve and surplus of Rs 19.60 arba.
Rastriya Banijya Bank (RBB)
has maintained second position with Rs 15.82 arba reserve and surplus fund.
Nabil Bank Limited (NABIL)
is in the third position with reserve and surplus of Rs 15.34 arba.
Deposits:
In an average, commercial banks have collected Rs 1.02 arba as deposit. Only 12 banks are above the average deposit collection.
As of the first quarter of FY 2076/77,
Rastriya Banijya Bank (RBB)
stands on top with total deposits worth Rs 1.87 kharba.
NIC Asia Bank Limited (NICA)
is aggressively involved in collecting deposits from existing and prospective clients with deposits of Rs 1.79 kharba. Similarly, the bank is followed by
NABIL Bank Limited (NABIL)
with the collected deposit of Rs 1.72 kharba respectively.
Civil Bank Limited (CBL)
has the lowest deposit collection of Rs. 42.92 arba only.
Loans and advances:
In today’s context, the concern of investor simply does not rest upon which bank has more loans. The nature of loan portfolio equally matters. As shown in the figure, the top position in loans and advances is occupied by
NICA Bank Limited (NICA)
with credit disbursement worth Rs 1.54 kharba.
Rastriya Banijya Bank (RBB)
has a loan and advances portfolio of Rs. 1.43 kharba.
Nabil Bank Limited (NABIL)
has the loan portfolio of Rs 1.35 kharba. Similarly on the other end of the rope, stands
Civil Bank Limited (CBL)
with the lowest loan and advances portfolio of Rs. 44.19 arba.
The industry average loan disbursed is Rs 90.07 arba. 13 commercial banks have the loan portfolio above Rs 90.07 arba.
Net interest income:
Net interest income is the net earnings of commercial banks through their core business of collecting deposits and lending loans. The bank with highest net interest income is
Rastriya Banijya Bank (RBB)
with income of Rs 2.27 arba followed by
Nabil Bank Limited (NABIL)
with income of Rs 1.92 arba and
NICA Bank Limited (NICA)
with income of Rs 1.84 arba.
The industry average net interest income stands at Rs 1.20 arba. 12 out of 28 commercial banks are above the industry average in terms of net interest income.
Distributable profit:
Rastriya Banijya Bank (RBB
) has the highest distributable profit worth Rs 1.30 arba followed by
Nabil Bank limited (NABIL)
with distributable profit worth Rs 74.23 crores and
NMB Bank limited (NMB
) worth Rs 53.62 crores.
Total comprehensive income:
Nabil Bank Limited (NABIL)
has also highest comprehensive income of Rs 1.16 arba.
Rastriya Banijya Bank (RBB)
has the second highest comprehensive income of Rs 1.12 arba.
NIC Asia Bank Limited (NICA)
has the third highest comprehensive income of Rs 97.82 crores.
Major indicators:
Earnings per share (Annualized):
Rastra Banijya Bank (RBB)
becomes the bank to serve investors with highest annualized EPS of Rs 50.09 per share.
Nabil Bank Limited (NABIL)
has the second highest EPS of Rs 49.87 per share.
NIC Asia Bank limited (NICA)
in the third position with annualized EPS of Rs 41.56 per share.
Civil Bank Limited (CBL)
stays at the bottom with an earning of Rs. 7.94 per share.
The average EPS of 28 commercial banks stands at Rs 25.80. 11 commercial banks still provide EPS higher than that of the industry average.
Net worth per share:
The highest net worth per share among these commercial banks is Rs 299.81 which belongs to
Nepal Bank Limited (NBL)
.
Rastriya Banijya Bank (RBB)
is in the second position with Rs 275.78.
Nabil Bank Limited (NABIL)
has the third highest net worth per share as of Q1 of FY 2076/77 i.e. Rs 270.20.
Century Commercial Bank Limited (CCBL)
has the least net worth of Rs 121.29 per share.
The industry average net worth stands around Rs 176.16 per share. 9 companies have net worth more than the industry average.
P/E ratio:
Century Commercial Bank Limited (CCBL)
has the least PE ratio of 8.74 times. It is followed by
NIC Asia Bank Limited (NICA)
with PE ratio of 9.29 times and finally
Prabhu Bank Limited (PRVU
) has third least PE ratio of 9.37 times. 17 commercial banks have a P/E ratio lower than the industry average of 12.97 times. The PE ratios are not the recent ratios rather the ratios for quarter end.
In a nutshell
:
Finally the table below provides a full picture with major indicators of the 28 commercial banks as of the first quarter of FY 2076/77:
Note: Rastriya Banijya Bank Limited has been excluded while labeling yellow color for the best ranking because Rastriya Banijya Bank has not been listed in NEPSE.
Dear investors, please feel free to share your investment decision after the performance evaluation of key indicators of these commercial banks.",0.8595895767211914
2019-11-17,Nepal Credit and Commerce Bank reports 20.62% fall in net profit till Q1 2076/77; Networth per share at Rs 157.3,https://www.sharesansar.com/newsdetail/nepal-credit-and-commerce-bank-reports-2062-fall-in-net-profit-till-q1-207677-networth-per-share-at-rs-1573,"Nepal Credit and Commerce Bank Limited (NCCB)
net profit falls by 20.62% to Rs 34.03 crore till the end of the first quarter of FY 2076/77.
The bank’s loans and advances to customers rises by 3.39% to Rs 63.20 arba till the first quarter. The net interest income (core business income) of the bank has increased by 5.58% to Rs 83.71 crore from Rs 79.28 crore of the corresponding quarter.
The bank’s existing paid up capital stands at Rs 8.13 arba with Rs 2.76 arba as its reserve and surplus. The Non-Performing Loan (NPL) has also decreased to 2.87% from 3.69%.
In the first quarter, the annualized EPS of the bank stands at Rs 16.74. The net worth per share stands at Rs 157.3 and PE ratio stands at 11.71 times.
First Quarter Report
Major highlights
Particulars (In Rs '000)
NCCB
Q1 2076/77
Q4 2075/76
Difference
Paid Up Capital
8,133,841
7,018,587
15.89%
Retained Earnings
1,721,168
1,732,777
-0.67%
Reserves
2,769,320
3,595,943
-22.99%
Loans & Advances to customers
63,206,042
61,131,877
3.39%
Q1 2076/77
Q1 2075/76
Net Interest Income
837,101
792,831
5.58%
Impairment Charge/(Reversal)
95,169
-81,870
-216.24%
Personnel Expenses
309,981
310,641
-0.21%
Operating Profit
465,068
591,359
-21.36%
Profit/(Loss) for the Year
340,343
428,747
-20.62%
Total Comprehensive Income
333,133
430,291
-22.58%
Capital Adequacy Ratio (CAR)
13.2
12.67
4.18%
NPL
2.87
3.69
-22.22%
CCD (as per NRB Directives)
77.86
78.98
-1.42%
Cost of Fund (%)
7.53
7.88
-4.44%
Base Rate (%)
10.77
11.45
-5.94%
Annualized EPS (In Rs.)
16.74
24.43
-31.50%
Net Worth per Share (In Rs.)
157.3
Qtr End PE Ratio (times)
11.71",0.034850381314754486
2019-10-25,18 commercial banks report call deposits higher than 10% of total deposits; Average ratio stands at 12.3%,https://www.sharesansar.com/newsdetail/18-commercial-banks-report-call-deposits-higher-than-10-of-total-deposits-average-ratio-stands-at-123,"Nepal Rastra Bank (NRB)
has published a circular to A, B and C class Bank and Financial Institutions (BFI's) regarding a limitation of call deposits. NRB has instructed A class BFI’s to limit the call deposits to 10% of total deposits.
Similarly, B and C class BFI’s are allowed to keep a maximum 15% call deposits.  All the BFI’s crossing this limit are allowed to bring down the call deposits portion within Ashad end, 2077 and also these BFI’s are now restricted to collect additional call deposits.
The average call deposits of commercial banks stands at 12.3% as of Bhadra end, 2076. Ten out of 28 Class A banks have call deposits below 10% of their total deposits. Prime Commercial Bank has the highest call deposit of 24.8%.",0.6658603549003601
2019-10-17,Nepal Credit and Commerce Bank published notice regarding dematerialization and collection of unclaimed dividend,https://www.sharesansar.com/newsdetail/nepal-credit-and-commerce-bank-published-notice-regarding-dematerialization-and-collection-of-unclaimed-dividend,"Nepal Credit and Commerce Bank Limited (NCCB)
has urged its shareholders to claim uncollected dividend and dematerialize their shares.
The dividends endorsed by different AGMs of former Infrastructure Development Bank, Supreme Development Bank, Apex Development Bank and International Development Bank before merger with NCCB are yet to be collected by some shareholders.
The bank has instructed the shareholders who have not yet claimed past dividends of the above mentioned companies, to contact share registrar Sunrise Capital Limited or to update their bank accounts with respective merchant banks in order to claim the past dividends within 35 days of publishing the notice.
Dividends that remain unclaimed for a period of five years will be transferred to investors’ protection fund as per the stated law.
The company has also urged shareholders to dematerialize their shares.",0.9283955693244934
2019-10-01,Bonus shares of Nepal Credit and Commerce Bank get listed on NEPSE; more than 11 Million units made tradeable,https://www.sharesansar.com/newsdetail/bonus-shares-of-nepal-credit-and-commerce-bank-get-listed-on-nepse-more-than-11-million-units-made-tradeable,"Nepal Stock Exchange Limited (NEPSE) has published a notice regarding the listing of bonus shares of Nepal Credit and Commerce bank Limited (NCCB).
As per the notice published, 11,152,535.22 Units Bonus Shares of Nepal Credit And Commercial Bank Limited has been listed on the stock exchange. These shares can be freely traded on the secondary market.
The commercial bank had distributed 15.89% bonus shares out of the profits of FY 74/75 for the shareholders.",0.9213334918022156
2019-09-28,NCC Bank expresses generous contribution towards health benefits of poor children with disability; provides over 25 lakh to Disable Children Hospital and Rehabilitation Center of Banepa for childrens’ free treatment,https://www.sharesansar.com/newsdetail/ncc-bank-expresses-generous-contribution-towards-health-benefits-of-poor-children-with-disability-provides-over-25-lakh-to-disable-children-hospital-and-rehabilitation-center-of-banepa-for-childrens-free-treatment,"NCC Bank, under its CSR initiative, has handed over financial support of Rs 25.42 lakh to Disable Children Hospital and Rehabilitation Center located at Banepa of Kavre on Aswin 9, 2076.
Chairman of the bank Mr. Upendra Keshari Neupane handed over the generous support amount to MD of the hospital Dr. Vivek Baskota amid a program. The support amount will be utilized to provide free treatment facility to children with disabilities who belong to the families with week financial status, as per the media statement.",-0.38552725315093994
2019-09-28,NCC Bank makes contribution for IT and co-curricular development of young students in Shivapuri School of Kathmandu; provides Rs 4 lakh realizing its social responsibility,https://www.sharesansar.com/newsdetail/ncc-bank-makes-contribution-for-it-and-co-curricular-development-of-young-students-in-shivapuri-school-of-kathmandu-provides-rs-4-lakh-realizing-its-social-responsibility,"NCC Bank has provided financial support of Rs 4 lakh to Shivapuri Ma.Vi. located at Maharajgunj of Kathmandu. The support amount was handed over amid a program on Aswin 10, 2076 by CEO of the bank Mr. Ramesh Raj Aryal to HT of the school Mr. Divakar Durdarsi.
The support amount will be utilized to promote IT based education and for purchasing co-curricular materials for the young students of the school, as per the media statement.",0.5590043663978577
2019-09-17,NCC Bank provides financial support of Rs 5 lakh to Teach For Nepal; aims to serve public education sector of Nepal,https://www.sharesansar.com/newsdetail/ncc-bank-provides-financial-support-of-rs-5-lakh-to-teach-for-nepal-aims-to-serve-public-education-sector-of-nepal,"Nepal Credit and Commerce Bank under its corporate social responsibility has provided financial support to Teach For Nepal.
Issuing the press statement, the commercial bank informed that it has provided cash support of Rs 5 lakh to Teach For nepal which has been working to improve public education sector of the nation.
DY CEO of the bank Ms. Bandana Pathak has handed the cheque to CEO of Teach For Nepal Mr. Sisir Khanal amidst a program on Bhadra 29, 2076, as further mentioned in the statement.",0.6488006114959717
2019-09-16,NCC Bank now at Malangwa of Sarlahi; new extension counter comes online to bring folks in southern plains to national banking grid,https://www.sharesansar.com/newsdetail/ncc-bank-now-at-malangwa-of-sarlahi-new-extension-counter-comes-online-to-bring-folks-in-southern-plains-to-national-banking-grid,"Nepal Credit and Commerce Bank has brought into operation it’s one more extension counter at Malangwa Nagarpalika-8 Malangwa of Sarlahi district on Bhadra 25, 2076.
The latest facility was inaugurated amid a program by head of the nagarpalika Mr. Nirshal Sah and was also attended by provincial head of the bank Mr. Samir Acharya, BM of the bank Mr. Ravi Prasad Srivastab, as per the media statement.",0.6716492772102356
2019-09-11,"'A', 'B' and 'C' class banks floated Rs 45.41 arba margin loan in 2075/76; 26 Commercial banks floating a total of Rs 35.57 arba, see the list",https://www.sharesansar.com/newsdetail/a-b-and-c-class-banks-floated-rs-4541-arba-margin-loan-in-207576-26-commercial-banks-floating-a-total-of-rs-3557-arba-see-the-list,"Nepal Rastra Bank (NRB) has published the financial statistics of Banks and Financial Institutions (BFIs) for FY 2075/76 till Ashad end.
As you can see in the table below, the aggregate amount of margin type loan floated by all BFIs has amounted to Rs 45.41 arba as opposed to Rs 41.12 arba last year. Out of the total margin loan for this year, Rs 35.57 arba has been floated by commercial banks, Rs 7.6 arba by development banks and Rs 2.24 arba by finance companies.
Commercial banks, being the largest loaner, lets take a closer look.
Out of the 28 commercial banks, Nepal SBI Bank (SBI) and Standard Chartered Bank (SCB) have not floated any margin type loan . Similarly, from the remaining 26 commercial banks, Nepal Bank (NBL) has floated the highest amount standing at Rs 4.7 arba followed by Citizen Bank (CZBIL) and Siddhartha Bank (SBL) at Rs 2.7 arba.
The average margin type loan for the industry stands at Rs 1.27 arba.",0.869890034198761
2019-09-10,NCC Bank finally convenes its AGMs for two bygone fiscal years 2073-74 and 2074-75; endorses 15.89 % bonus shares to meet paid up requirement of Rs 8 arba,https://www.sharesansar.com/newsdetail/ncc-bank-finally-convenes-its-agms-for-two-bygone-fiscal-years-2073-74-and-2074-75-endorses-1589-bonus-shares-to-meet-paid-up-requirement-of-rs-8-arba,"Nepal Credit and Commerce Bank has convened its 20
th
and 21
st
AGM for the FY 2073-74 and 2074-75 on Bhadra 23, 2076.
The AGM has endorsed 15.89% bonus shares and 0.83% cash dividend for tax purposes. Following the capitalization of bonus shares, the bank’s paid up value will reach Rs 8.13 arba mark.
The bank currently provides its services from its 120 branches and 83 ATM terminals throughout the nation.
In the last FY, the bank raised deposit of Rs 73.35 arba, disbursed Rs 64.81 arba in loans, and earned Rs 1.51 arba in net profit.",0.028959035873413086
2019-09-09,NCC Bank convening AGM today; To approve of 16.72% dividend in total,https://www.sharesansar.com/newsdetail/ncc-bank-convening-agm-today-to-approve-of-1672-dividend-in-total,"Nepal Credit and Commerce Bank Limited (NCCB)
is convening its 20th and 21st AGM on Bhadra 23, 2076 i.e today. The meeting is being convened in the premises of Rastriya Sabha Griha, Brikutimandap from 11:00 AM onwards.
The main agenda of the meeting is the approval of 15.89% bonus share (of existing capital of Rs 7.01 arba) worth Rs 1.11 arba from the net profit of FY 2074/75 and 0.83% cash dividend worth Rs 5.86 crore (for tax purpose) for the shareholders.
For this purpose, the books of the company had been closed on Shrawan 26, 2076 i.e. Sunday. So, the shareholders maintained till Shrawan 23, 2076 (Thursday) are eligible to participate in the AGM and claim the dividend.",0.9261415004730225
2019-09-08,NCC Bank new member in Rastra Bank’s RTGS payment gateway service; interbank fund transfer to become easier for customers,https://www.sharesansar.com/newsdetail/ncc-bank-new-member-in-rastra-banks-rtgs-payment-gateway-service-interbank-fund-transfer-to-become-easier-for-customers,"Nepal Credit and Commerce Bank and Nepal Rastra Bank have inked a MoU under which the commercial bank will become the new member of the RTGS payment system that the central bank is bringing into operation soon to make interbank payment for the customers.
The agreement regarding the same was signed between ED of Payment Department of NRB Mr. Bam Bahadur Mishra and CEO of NCC Bank Mr. Ramesh Raj Aryal.",-0.37393078207969666
2019-08-27,How efficient have commercial banks been in utilizing their assets and equity? Does your bank provide the highest return?,https://www.sharesansar.com/newsdetail/how-efficient-have-commercial-banks-been-in-utilizing-their-assets-and-equity-does-your-bank-provide-the-highest-return,"While investing in a company, an investor looks at number of factors and indicators which may include net profit, earnings per share, net worth per share, P/E ratio, total assets etc. These indicators may give a view about the financial strength of the company and its future prospects, but the above mentioned indicators fail to assess the efficiency of the company in utilizing its assets and equity.
To check the efficiency, a key indicator is
Return on Asset
(ROA)
which is calculated by dividing net profits with the total asset. It shows the percentage of profit earned by employing the given number of assets. The following is the ROA of commercial banks based on the latest data of Q4 FY 75/76:
The industry average ROA has increased to 1.80% from 1.71% posted in the previous year. The highest ROA has been posted by Agricultural Development Bank (ADBL) at 2.85% while Century Commercial Bank (CCBL) has the lowest ROA of 1.10%. The ROA of NIC Asia Bank (NICA) has improved compared to the previous year while that of Nepal Bank Limited (NBL) has severely fallen.
Similarly, another indicator is the
Return on Equity (ROE)
which reflects the efficiency of the company in employing its equity to generate returns. It is calculated by dividing the net profits with the total equity employed. The following is the ROE of commercial banks based on the latest data of Q4 FY 75/76:
The industry average ROE has increased to 14.33% from 13.45% posted in the previous year. NIC Asia Bank (NICA) was able to post the highest ROE in the industry at 20.40% which was previously at 10.57%, standing below the industry average. Civil Bank Limited (CBL) has the lowest ROE of 7.42% although it has increased from 6.85% posted in the previous year. The ROE of Nepal Bank Limited (NBL) has fallen from industry leader in ROE in previous year (22.90%) to the bottom three in the current year (8.87%).",-0.02565324306488037
2019-08-26,"Base rate, interest spread rate and cost of funds of commercial banks as of Q4 of FY 2075/76; Banks with lower base rate enjoying higher spread rate",https://www.sharesansar.com/newsdetail/base-rate-interest-spread-rate-and-cost-of-funds-of-commercial-banks-as-of-q4-of-fy-207576-banks-with-lower-base-rate-enjoying-higher-spread-rate-2020-08-25,,0.7882136106491089
2019-08-19,How did commercial banks fare in major indicators in last quarter of 2075/76? Find the details,https://www.sharesansar.com/newsdetail/how-did-commercial-banks-fare-in-major-indicators-in-last-quarter-of-207576-find-the-details,"Commercial banks in Nepal have not only acted as the custodian of wealth of the nation but also as resources which are necessary for the economic development of the country. With the end of Fiscal Year 2075/76, all 28 commercial banks have published their unaudited 4
th
quarterly report. Here, we have presented the comparative financial outlook of those banks with their previous year’s performance on the basis of various key financial indicators.
Reserve and Surplus
The total reserve and surplus of the commercial banks has reached to Rs.186.40 billion in the fiscal year 2075/76, whereas it was Rs. 153.90 billion in the fiscal year 2074/75, an increase by 21.12%. The highest growth of reserve and surplus is maintained by NIC Asia bank (68.48%) and the lowest by Civil bank (12.34%).
#
Stock Symbol
4th Quarter ('000)
Differences (%)
2075/2076
2074/2075
1
EBL
9,527,073.00
7,789,174.18
22.31%
2
SBI
5,719,360.00
4,372,437.59
30.80%
3
SANIMA
3,899,153.50
2,786,630.06
39.92%
4
CZBIL
4,091,081.00
2,980,242.51
37.27%
5
SBL
6,200,578.00
5,116,351.51
21.19%
6
ADBL
14,202,395.00
12,520,376.69
13.43%
7
NBL
19,626,770.00
15,670,876.88
25.24%
8
GBIME
6,044,381.00
4,690,302.47
28.87%
9
KBL
3,181,971.00
3,322,500.16
-4.23%
10
PRVU
5,673,907.00
4,184,349.94
35.60%
11
LBL
3,716,806.00
2,936,346.36
26.58%
12
MBL
3,188,183.00
2,270,297.02
40.43%
13
BOK
5,943,916.67
4,468,419.87
33.02%
14
NIB
12,739,037.00
12,506,969.11
1.86%
15
HBL
7,562,950.00
6,024,367.62
25.54%
16
NBB
4,360,203.63
3,649,249.12
19.48%
17
SCB
6,976,340.00
5,914,071.51
17.96%
18
PCBL
4,260,780.75
3,174,411.75
34.22%
19
SRBL
4,068,792.38
3,274,621.19
24.25%
20
NABIL
14,244,404.00
12,543,062.31
13.56%
21
NICA
6,131,584.15
3,639,338.56
68.48%
22
NMB
5,324,831.00
4,825,152.08
10.36%
23
CBL
2,239,051.00
2,554,213.89
-12.34%
24
NCCB
5,328,720.00
3,804,054.02
40.08%
25
JBNL
2,683,160.06
2,034,796.19
31.86%
26
RBB
14,537,695.42
13,099,801.00
10.98%
27
MEGA
3,213,587.62
2,346,136.50
36.97%
28
CCBL
1,716,170.00
1,399,188.96
22.65%
Total
186,402,882.18
153,897,739.04
21.12%
Source: Annual Report and SS Pro
Deposits from Customers
The total deposits collected by banks from their customers have increased by 16.42% in this FY2075/76. Janata Bank has reported the highest growth in deposit from customers, i.e. by 30.33% in the Fiscal Year 2075/76 followed by NIC Asia with 26.67%, while Prime Commercial Bank has shown the lowest rise in deposit collected from customers, only by 6.06%.
#
Stock Symbol
4th Quarter ('000)
Differences (%)
2075/2076
2074/2075
1
EBL
129,550,536.00
115,511,705.92
12.15%
2
SBI
97,880,824.00
84,227,327.38
16.21%
3
SANIMA
89,373,728.00
77,849,380.06
14.80%
4
CZBIL
70,509,088.00
60,696,026.97
16.17%
5
SBL
114,904,864.00
94,579,591.12
21.49%
6
ADBL
119,763,456.00
104,216,459.62
14.92%
7
NBL
117,200,792.00
99,540,725.76
17.74%
8
GBIME
120,088,440.00
104,850,510.39
14.53%
9
KBL
73,201,352.00
59,546,335.52
22.93%
10
PRVU
112,393,448.00
97,259,664.94
15.56%
11
LBL
79,743,104.00
65,561,507.92
21.63%
12
MBL
85,198,528.00
71,142,372.64
19.76%
13
BOK
82,936,128.00
76,913,753.91
7.83%
14
NIB
149,392,288.00
136,585,576.00
9.38%
15
HBL
109,390,480.00
98,988,791.21
10.51%
16
NBB
59,827,532.00
48,052,952.76
24.50%
17
SCB
75,731,528.00
67,061,046.52
12.93%
18
PCBL
77,040,072.00
72,635,987.98
6.06%
19
SRBL
75,432,152.00
67,366,127.52
11.97%
20
NABIL
164,373,040.00
134,810,669.68
21.93%
21
NICA
176,820,688.91
139,589,607.85
26.67%
22
NMB
97,892,304.00
83,970,867.22
16.58%
23
CBL
42,000,234.00
34,222,597.01
22.73%
24
NCCB
67,035,624.00
57,260,544.47
17.07%
25
JBNL
76,018,696.00
58,329,724.25
30.33%
26
RBB
190,031,471.67
169,337,056.00
12.22%
27
MEGA
78,684,856.00
63,498,999.38
23.92%
28
CCBL
57,996,301.00
53,331,616.45
8.75%
Total
2,790,411,555.58
2,396,937,526.46
16.42%
Source: Annual Report and SS Pro
Loans and Advances
As compared to previous fiscal year, the combined loans and advances of these banks has increased by 19.37% in this fiscal year 2075/76. Nepal Bangladesh Bank has got the highest growth in loans and advances, by 28.96%, whereas Prime Commercial Bank has the lowest growth in loans and advance, only by 7.95%.
#
Stock Symbol
4th Quarter ('000)
Differences (%)
2075/2076
2074/2075
1
EBL
112,006,275.00
94,182,247.60
18.93%
2
SBI
88,558,973.00
75,235,861.97
17.71%
3
SANIMA
83,270,156.38
69,243,357.17
20.26%
4
CZBIL
64,491,139.25
57,022,412.78
13.10%
5
SBL
108,164,428.00
86,077,253.84
25.66%
6
ADBL
112,082,460.88
100,079,612.26
11.99%
7
NBL
95,717,344.25
78,295,981.44
22.25%
8
GBIME
113,002,920.50
92,352,355.13
22.36%
9
KBL
76,186,366.50
62,375,510.40
22.14%
10
PRVU
90,347,747.00
76,172,040.71
18.61%
11
LBL
77,163,476.00
61,490,901.07
25.49%
12
MBL
77,540,982.75
64,215,605.15
20.75%
13
BOK
73,783,722.58
67,620,913.91
9.11%
14
NIB
151,324,705.33
120,825,495.94
25.24%
15
HBL
97,593,656.50
86,160,212.67
13.27%
16
NBB
54,498,417.00
42,259,092.47
28.96%
17
SCB
55,651,605.00
46,696,179.87
19.18%
18
PCBL
75,531,240.75
69,966,856.44
7.95%
19
SRBL
70,028,165.50
60,213,138.97
16.30%
20
NABIL
135,342,821.00
113,625,154.95
19.11%
21
NICA
149,506,059.49
120,462,766.14
24.11%
22
NMB
91,806,146.00
75,209,339.54
22.07%
23
CBL
44,437,107.00
40,122,943.84
10.75%
24
NCCB
63,405,411.00
53,313,197.20
18.93%
25
JBNL
68,596,063.75
54,067,898.94
26.87%
26
RBB
149,009,080.13
124,423,472.00
19.76%
27
MEGA
72,663,181.50
57,120,429.48
27.21%
28
CCBL
59,074,915.00
54,478,611.99
8.44%
Total
2,510,784,567.04
2,103,308,843.82
19.37%
Source: Annual Report and SS Pro
Net Interest Income
The net interest income of these banks has shown the growth of 25.31% in two years. The highest growth is maintained by NCC Bank, i.e.91.48%, and the lowest (negative) by Nepal bank with 3.27% only.
#
Stock Symbol
4th Quarter ('000)
Differences (%)
2075/2076
2074/2075
1
EBL
5,636,690.00
4,869,763.85
15.75%
2
SBI
4,746,960.00
4,144,967.63
14.52%
3
SANIMA
4,100,140.00
3,015,524.20
35.97%
4
CZBIL
2,816,440.00
2,222,067.68
26.75%
5
SBL
4,673,970.00
3,436,258.54
36.02%
6
ADBL
7,370,390.00
6,637,465.77
11.04%
7
NBL
6,179,130.00
6,387,746.06
-3.27%
8
GBIME
5,168,470.00
3,876,883.95
33.32%
9
KBL
3,019,460.00
2,032,678.14
48.55%
10
PRVU
4,569,320.00
2,818,002.56
62.15%
11
LBL
3,044,640.00
2,332,291.93
30.54%
12
MBL
3,539,950.00
2,739,799.12
29.20%
13
BOK
3,774,413.74
3,059,125.72
23.38%
14
NIB
6,153,188.00
5,850,178.35
5.18%
15
HBL
5,042,347.50
4,321,823.72
16.67%
16
NBB
2,914,334.00
1,970,621.59
47.89%
17
SCB
3,523,189.00
3,298,034.16
6.83%
18
PCBL
3,597,825.00
2,665,915.44
34.96%
19
SRBL
3,599,410.00
2,870,928.07
25.37%
20
NABIL
7,336,036.00
6,262,059.03
17.15%
21
NICA
6,960,032.59
4,209,664.04
65.33%
22
NMB
4,266,196.00
2,904,014.08
46.91%
23
CBL
2,202,202.00
1,408,397.32
56.36%
24
NCCB
3,088,010.00
1,612,692.76
91.48%
25
JBNL
3,417,854.00
2,402,471.02
42.26%
26
RBB
10,229,511.49
10,059,079.00
1.69%
27
MEGA
3,795,676.75
2,373,561.57
59.91%
28
CCBL
2,673,282.00
1,919,284.68
39.29%
Total
127,439,068.07
101,701,299.95
25.31%
Source: Annual Report and SS Pro
Net Profit
The net profit of these commercial banks stands at Rs.65.40 billions in the FY 2075/76, whereas it was 53.30 billion in the previous FY 2074/75, an increase by 22.69%. NIC Asia has maintained the highest growth by 128.74% while Nepal Bank has negative growth by 18.77% in this fiscal year 2018/19.
#
Stock Symbol
4th Quarter ('000)
Differences (%)
2075/2076
2074/2075
1
EBL
3,046,110.00
2,581,682
17.99%
2
SBI
2,303,640.00
2,023,511
13.84%
3
SANIMA
2,243,390.00
1,697,503
32.16%
4
CZBIL
1,488,420.00
1,234,104
20.61%
5
SBL
2,308,850.00
1,904,062
21.26%
6
ADBL
4,353,250.00
3,442,324
26.46%
7
NBL
2,611,980.00
3,215,681.99
-18.77%
8
GBIME
2,795,290.00
2,101,363
33.02%
9
KBL
1,334,050.00
1,041,893
28.04%
10
PRVU
2,050,560.00
967,035
112.05%
11
LBL
1,576,000.00
1,181,091
33.44%
12
MBL
1,703,580.00
1,249,688
36.32%
13
BOK
1,938,219.76
1,321,188
46.70%
14
NIB
3,415,604.00
3,659,322.73
-6.66%
15
HBL
2,847,005.75
1,875,610.47
51.79%
16
NBB
1,619,518.25
1,144,035.28
41.56%
17
SCB
2,495,359.00
2,189,898.09
13.95%
18
PCBL
2,365,334.25
1,726,246.11
37.02%
19
SRBL
1,707,037.62
1,476,971.85
15.58%
20
NABIL
4,294,182.00
3,981,892.95
7.84%
21
NICA
3,053,304.06
1,334,861.93
128.74%
22
NMB
2,310,054.00
1,853,792.75
24.61%
23
CBL
760,406.00
629,899.46
20.72%
24
NCCB
1,526,823.00
1,341,516.33
13.81%
25
JBNL
1,344,911.75
1,002,779.55
34.12%
26
RBB
5,328,371.66
4,899,716.00
8.75%
27
MEGA
1,719,269.00
1,317,351.77
30.51%
28
CCBL
860,823.00
912,283.37
-5.64%
Total
65,401,343.11
53,307,304.54
22.69%
Source: Annual Report and SS Pro
Others
The highest EPS of Rs.59.17 is maintained by Rastriya Banijya Bank and the lowest EPS of Rs.9.50 by Civil Bank. The Standard Chartered Bank Nepal has the highest P/E ratio of 21.90, whereas Agricultural Bank has the lowest P/E ratio of 9.16.
#
Stock Symbol
4th Quarter ('000)
EPS (Rs.)
P/E Ratio
Net Worth per Share (Rs.)
NPL to Total Loan
1
EBL
37.57
17.72
217.52
0.16
2
SBI
27.26
17.20
167.69
0.20
3
SANIMA
28.04
12.41
148.73
0.08
4
CZBIL
17.78
12.60
148.87
1.19
5
SBL
25.98
12.24
169.77
0.75
6
ADBL
44.67
9.16
257.53
2.90
7
NBL
26.62
12.62
300.05
2.58
8
GBIME
27.11
10.88
158.62
0.55
9
KBL
15.36
14.32
136.63
0.97
10
PRVU
23.06
11.54
163.80
2.31
11
LBL
17.67
12.79
141.67
1.11
12
MBL
21.15
12.48
139.58
0.37
13
BOK
24.04
10.61
173.72
1.50
14
NIB
26.54
19.56
199.78
2.78
15
HBL
33.41
16.52
188.76
1.12
16
NBB
20.02
11.09
153.91
1.56
17
SCB
31.15
21.90
187.08
0.15
18
PCBL
25.38
10.95
145.72
0.92
19
SRBL
20.94
11.84
151.47
1.03
20
NABIL
47.65
16.79
258.06
0.74
21
NICA
34.56
12.96
169.41
0.46
22
NMB
24.02
15.90
181.49
0.82
23
CBL
9.50
16.63
127.98
2.37
24
NCCB
21.75
11.31
178.38
2.78
25
JBNL
16.81
12.73
133.54
1.11
26
RBB
59.17
261.44
3.90
27
MEGA
16.55
12.87
130.93
0.86
28
CCBL
10.23
17.30
120.80
1.72
Source: Annual Report and SS Pro",0.8192152976989746
2019-08-14,NCC Bank earns Rs 1.52 arba till Q4 and has 14% dividend distribution capacity; NPL decreased to 2.78%,https://www.sharesansar.com/newsdetail/ncc-bank-earns-rs-152-arba-till-q4-and-has-14-dividend-distribution-capacity-npl-decreased-to-278,"Nepal Credit and Commerce Bank Limited (NCCB) net profit rises by 13.81% to Rs 1.52 arba till the end of the fourth quarter of FY 2075/76.
The bank’s deposit from customers increased by 17.07% to Rs 67.03 arba and also loans and advances to customers rises by 18.86% to Rs 61.13 arba till the fourth quarter. The net interest income (core business income) of the bank has increased by an outstanding 91.48% to Rs 3.08 arba from Rs 1.61 arba of the corresponding quarter.
In the same quarter, the bank has Rs 1.19 arba as distributable profit after Regulatory Adjustments and PL appropriations which can be utilized in distributing dividends to its shareholders. The banks have recently proposed to distribute 15.89% bonus shares amounting Rs 1.15 arba for FY 2074/75 and after the bonus distribution, the share capital of the bank will reach to Rs 8.13 arba.
This means NCC Bank can distribute maximum 14% (approx.) dividend for FY 2075/76 if other regulatory requirements are not required.
Investors holding shares of Nepal Credit & Commerce Bank till today to be eligible to claim dividend and participate in the AGM; book closure on Shrawan 26, 2076
The bank’s existing paid up capital stands at Rs 7.01 arba with Rs 5.50 arba as its reserve and surplus. The Non-Performing Loan (NPL) has also decreased to 2.78% from 3.87%.
In the fourth quarter, the EPS of the bank stands at Rs 21.75. The net worth per share stands at Rs 178.38 and PE ratio stands at 11.31 times.
Click here for Q4 report:
Major Highlights:
*
Figure are of Immediate Previous Year Ending (Audited)
* Published EPS, Networth and PE may differ. As per NFRS standard, Weighted average number of shares is taken while calculating EPS, Networth and PE but we have taken number of shares as per Q4 end paid up capital.
Particulars (In Rs '000)
Nepal Credit and Commerce Bank
Q4 2075/76
Q4 2074/75
Difference
Paid Up Capital
7,018,587
4,679,853
49.97%
Share Premium
172,446
2,585
-
Retained Earnings
1,732,777
185,947
831.87%
Reserves
3,595,943
3,618,107
-0.61%
Deposits from Customers
67,035,624
57,260,544
17.07%
Loans & Advances to customers
61,131,877
51,432,194
18.86%
Net Interest Income
3,088,009
1,612,693
91.48%
Impairment Charge/(Reversal)
178,755
1,136,330
-
Personnel Expenses
1,241,044
1,038,882
19.46%
Operating Profit
2,154,027
1,783,713
20.76%
Profit/(Loss) for the Year
1,526,824
1,341,516
13.81%
Total Comprehensive Income
1,524,666
1,348,255
13.08%
Distributable Profit/ (Loss) after P/L Appropriation and Regulatory Adjustments
1,199,791
-
-
Capital Adequacy Ratio (CAR)
14.04
11.18
25.58%
NPL
2.78
3.87
-28.17%
CCD (as per NRB Directives)
73.84
76.76
-3.80%
Cost of Fund (%)
7.49
8.27
-9.43%
Base Rate (%)
10.23
11.92
-14.18%
EPS (In Rs.)
21.75
28.67
-24.11%
Net Worth per Share (In Rs.)
178.38
181.34
-1.63%
Qtr End PE Ratio (times)
11.31
-
-",0.40896666049957275
2019-08-12,NCC Bank's transaction resumes from Monday after adjustment of bonus; Transactions of Sunday to be cancelled,https://www.sharesansar.com/newsdetail/ncc-banks-transaction-resumes-from-monday-after-adjustment-of-bonus-transactions-of-sunday-to-be-cancelled,"NCC Bank (NCCB)'s 15.89% bonus had a book closure for Shrawan 26 and therefore the price should have been adjusted yesterday. However that didn't happen and therefore the NEPSE has adjusted the price today (Shrawan 27, 20767) and resumed the transaction.
NEPSE forgets to adjust price of NCC Bank today morning; NCCB scrip already lost 24 points making it top loser
Similarly, the transactions that had happened yesterday won't be executed and will be cancelled as per NEPSE. A total of 12 transactions worth Rs 6.74 lakhs had happened yesterday before the trading of NCCB had been halted.
Thus NCCB opened today at Rs 208.82 after the adjustment of the bonus shares.
As per NEPSE, the date of book closure was not properly disclosed in the letter sent by the bank and that led to this incident.",0.5390865802764893
2019-08-11,NEPSE forgets to adjust price of NCC Bank today morning; NCCB scrip already lost 24 points making it top loser,https://www.sharesansar.com/newsdetail/nepse-forgets-to-adjust-price-of-ncc-bank-today-morning-nccb-scrip-already-lost-24-points-making-it-top-loser,"Nepal Credit and Commerce Bank Limited (NCCB) has endorsed 15.89% bonus shares to be approved in its upcoming 20th and 21st AGM on Bhadra 23, 2076. For this purpose, the books of the company had been closed on Shrawan 26, 2076 i.e. Sunday.
Since Thursday i.e. Shrawan 23 was the last day to grab the shares to be eligible for bonus shares, NEPSE should have adjusted the price of NCCB today morning. However, today the market opened at Rs 238, has already lost 9.92% and stands at Rs 218 as of ow (12:30 AM). This fall has made NCCB the top loser till now and also has affected the NEPSE index.
This is another strike on the book of NEPSE's mishandling and incompetencies, and we all know the list is getting longer. Stock market is a price-sensitive market and such laid-back attitude of NEPSE is costing Nepali investors in thousands of rupees.",0.01896277815103531
2019-08-08,"Investors holding shares of Nepal Credit & Commerce Bank till today to be eligible to claim dividend and participate in the AGM; book closure on Shrawan 26, 2076",https://www.sharesansar.com/newsdetail/investors-holding-shares-of-nepal-credit-commerce-bank-till-today-to-be-eligible-to-claim-dividend-and-participate-in-the-agm-book-closure-on-shrawan-26-2076,"Today is the last day to hold shares of Nepal Credit and Commerce Bank Limited (NCCB) to claim the dividend and participate in the AGM of the company.
Nepal Credit and Commerce Bank Limited will be convening its 20
th
and 21
st
AGM on Bhadra 23, 2076. The meeting will be convened in the premises of Rastriya Sabha Griha, Brikutimandap at 11:00 AM. The agenda is to endorse 15.89% bonus share (of existing capital of Rs 7.01 arba) worth Rs 1.11 arba from the FY 2074/75 net profit and 0.83% cash dividend worth Rs 5.86 crore (for tax purpose) for the shareholders.
For this purpose, the books of the company will remain closed on Shrawan 26, 2076 i.e. Sunday.",0.9337024688720703
2019-08-03,NCC Bank to convene AGM on Bhadra 23; 15.89% bonus shares and BOD's election major agendas,https://www.sharesansar.com/newsdetail/ncc-bank-to-convene-agm-on-bhadra-23-1589-bonus-shares-and-bods-election-major-agendas,"Nepal Credit and Commerce Bank Limited will be convening its 20
th
and 21
st
AGM on Bhadra 23, 2076. The meeting will be convened in the premises of Rastriya Sabha Griha, Brikutimandap, Kathmandu at 11:00 AM.
The main agendas of the meeting include
To endorse 15.89% bonus share (of existing capital of Rs 7.01 arba) worth Rs 1.11 arba from the FY 2074/75 net profit and 0.83% cash dividend worth Rs 5.86 crore (for tax purpose) for the shareholders.
The fractional stock dividend will be adjusted in future. After the distribution of bonus share, issued and paid up capital will rise to Rs. 8.13 arba and to amend MOA and AOA accordingly.
To conduct election for 6 directors including 3 representing from promoter shareholders group and 3 representing from public shareholders group including 1 female.
To amend MOA and AOA for issuing FPO, work as depository participants and to establish subsidiary company to work as securities business.
To give authority to BOD’s for merger and acquisition with appropriate partners.
Other agendas of the meeting include endorsement of audited financial report for the FY 2073/74 and FY 2074/75, appointment of statutory auditor for the FY 2075/76.
For the purpose of the meeting the shareholders register book of the bank will remain closed on Shrawan 26, 2076 i.e the shareholders holding the shares of the bank till Shrawan 23, 2076 (last trading day before book closure) can claim for dividend and participate on AGM.",0.9307488799095154
2019-08-02,New Monetary Policy requires all commercial banks to issue minimum 25% of their paid up capital as debentures; look at the amount of debentures investors can expect from each bank,https://www.sharesansar.com/newsdetail/new-monetary-policy-requires-all-commercial-banks-to-issue-minimum-25-of-their-paid-up-capital-as-debentures-look-at-the-amount-of-debentures-investors-can-expect-from-each-bank,"As per the new monetary policy for FY 76/77, all commercial banks are required to issue at least 25% of their paid up capital as debentures. Debentures are debt instruments that provide a fixed interest rate to the holder and have a fixed period of maturity. Through issue of debentures, the company raises a debt that is to be repaid within the stipulated time at premium or at par.
Using debentures, the company can raise debt from individual and institutional investors by providing attractive interest rates. As for the investors, they can safeguard their investments for a fixed period of time and guarantee fixed returns on their investment. It also protects the investors from fluctuation in the performance of the company. Since, such facility is also provided by fixed deposits of banks, companies issuing debentures can attract more investors by providing competitive rates compared to the interest rate of the fixed deposits.
Due to the requirement of the monetary policy, investors can expect a huge amount of debenture issues in the market. While some banks have already passed the minimum threshold requirement, some are yet to make a debut in the debenture market. The following list depicts the amount issued or to be issued by commercial banks as debentures in the coming period. The list takes consideration of the ongoing and upcoming debenture issues by commercial banks.
(*Amount in Million)
As we can see, out of 28 commercial banks, 12 banks haven’t issued any debentures yet while only 6 banks have met or passed the minimum threshold requirement. The market has already seen debentures issues worth Rs.42.69 Arba and debentures worth Rs.34.82 Arba are yet to be issued. The highest amount coming from Mega Bank Limited (MEGA) worth Rs.2.59 Arba.
Among all commercial banks, NIC Asia Bank (NICA) has issued the highest amount of debentures worth Rs.12.13 Arba coming to be 137.36% of the current paid up capital. Similarly, the lowest has been issued by Citizens Bank International Limited (CZBIL) worth Rs.50 Crore.
Out of the total capital of Rs.2.46 Kharba, 17.32% of the capital has been issued as debentures while 14.13% of the capital is to be issued as per the requirements of the new monetary policy.",0.8911452293395996
2019-07-24,"Aggressive debenture issue is giving opportunity to increase the business, but diminishing the dividend distribution capacity of Bank",https://www.sharesansar.com/newsdetail/aggressive-debenture-issue-is-giving-opportunity-to-increase-the-business-but-diminishing-the-dividend-distribution-capacity-of-bank,"Commercial banks, recently, have been issuing debentures very aggressively. The decision of NRB to hike paid up capital of Commercial Banks has increased the equity capital (Core Capital) massively in last 3 years which help banks to lend aggressively. Now most of the bank are using debt capital (debenture) to increase their capital base (Capital Adequacy) to meet their capital requirements and also another reason behind aggressive issue of debenture was the provision introduced by NRB in last monetary policy which allowed banks to consider debenture amount while calculating credit to core capital and deposit (CCD) ratio. Therefore, now the banks can collect more money to disburse loan and advances via debentures, which ultimately helps in increasing the banks’ business and profit.
Apart from the interest to the creditors (debenture buyers), banks have to make provision of reserve fund namely ‘capital redemption fund/debenture redemption fund’ each year until refund of debenture at the maturity in not done. This decreases the dividend distributing capacity of companies as the profit available for the distribution is calculated after the deduction of capital redemption fund from Net profit.
The table below lists the debentures issued by banks and the amount that needs to be separated for redemption fund.
TABLE:
S.N.
Name of Bank
Debenture Name
Maturity Period (Years)
Face value of debenture (Rs in Cr)
Capital Redemption Fund/year(Rs in Cr)
1
Nepal Investment bank
8% NIB debenture 2077
7
50.00
13.57
8% NIB debenture 2078
7
75.00
10.5% NIB Debenture 2082
7
200.00
28.57
Total
325.00
42.14
2
Himalayan Bank Limited
8% Himalayan Bank Limited Bond 2077
7
60.00
8.57
10% Himalayan Bank Ltd. Debenture 2083 (Ongoing)
7
300.00
42.85
Total
360.00
51.42
3
Nepal SBI Bank
12.5% Nepal SBI Bank Debentures 2078
10
40.00
4.00
8% Nepal SBI Bank Debentures 2079
10
40.00
4.00
7.9% Nepal SBI Bank Debentures 2080
10
20.00
2.00
Total
100.00
10.00
4
Nepal Bangladesh Bank
10.25% NBBL Debenture 2085
10
200.00
20.00
20.00
5
Laxmi Bank
8% Laxmi Bank debenture 2076
5
40.00
8.00
10% Laxmi Bank Debentures, 2086 (Upcoming)
10
200.00
20.00
Total
240.00
28.00
6
Sidhharth Bank
8% SBL Debenture 2076
7
30.35
11.47
7.5% SBL Debenture 2078
7
50.00
10.5% SBL Debenture 2082
7
225.00
45.00
10.25% SBL debenture 2083 (Upcoming)
7
250.00
35.71
Total
555.35
92.18
7
Citizens Bank
8.5% Citizens Bank Bond, 2077
7
50.00
7.14
8
Sunrise Bank Limited
10% Sunrise Debenture 2080
5
100.00
20.00
9
Sanima Bank
7% Sanima Debenture 2079
7
37.00
5.28
10% Sanima Debenture 2085
10
200.00
20.00
Total
237.00
25.28
10
Machhapuchchhre Bank
10.25% Machhapuchchhre Debenture 2085 (Ongoing)
10
300.00
33.33
11
NIC Asia Bank
7.25% NIC Asia Bond 2077
5
50.00
7.14
9% NIC Asia Debenture 2081/82
7
300.00
42.85
11% NIC Asia Debenture 2082/83
7
183.00
26.14
10% NIC ASIA Debenture 2085/86
10
240.46
24.04
10.25% NIC ASIA Debenture 2083/84 (Ongoing Issue)
7
440.00
88.00
Total
1,213.46
188.17
12
Global IME Bank Limited
10% Global IME Bank Limited Debenture 2075/76
7
40.00
5.01
10.25% Global IME Bank Limited Debenture 2080/81
5
150.00
30.00
Total
190.00
35.01
13
NMB Bank Limited
7% NMB debenture 2077
5 and 1/2 Years
50.00
9.09
10% NMB Debenture 2085
10
300.00
30.00
Total
350.00
39.09
14
Everest Bank
8% EBL debenture 2078
6
60.00
12.00
8% EBL debenture 2080
10
46.88
4.69
Total
106.88
16.69
15
Nabil Bank
8.5% Nabil Bank Bond 2075
10
6.00
0.00
16
Prabhu Bank Limited
10% Prabhu Bank Debentures 2086 (Upcoming)
10
100.00
10.00
NIC Asia Bank (NICA) is in the top of list going very aggressively in debenture issue. It has already issued debentures worth Rs 7.73 billion and the figure of ongoing debenture issue is of Rs 4.40 billion, making a total of Rs 12.13 billion. If we consider ongoing debenture issue into calculation, then NICA will need to transfer approx Rs 1.88 billion to the capital redemption reserve from its profit every year until issued debenture does not mature. This means from the total profit earned, the investors will be getting Rs 1.88 billion less in return.
In general, any bank need to transfer total debenture issue/ number of years in the capital redemption reserve, from which the bank can distribute profit only after the maturity of that particular debenture to its shareholders.
Till date, the commercial banks have already issued debentures worth Rs 38.84 billion. Similarly, new debentures worth Rs 5.5 billion will be issued in the near future making total of Rs 44.34 billion in corporate debentures.
However, this money doesn’t come for free. Banks need to pay periodic interest on debentures, which is the cost of capital. So, in total profits worth few billion will be transferred to capital redemption reserve.
Therefore, before making investment in any bank, investor should carefully look into the profit available for distribution after the transfer of profit to the capital redemption fund as it determines how much investor will be getting as the return.
Likewise, there are also a list of commercial banks who haven’t issued any debentures yet. They are:
1
Standard Chartered Bank Limited
2
Mega Bank Limited
3
Civil Bank Limited
4
Janata Bank Limited
5
Nepal Bank Limited
6
Century Commercial Bank Limited
7
Prime Commerical Bank Limited
8
Kumari Bank Limited
9
Agricultural Dev. Bank Limited
10
Rastriya Banijaya Bank Limited
11
Bank of Kathmandu Limited
12
Nepal Credit and Commerce Bank",0.8770189881324768
2019-07-21,NCC Bank supports Juvenile Home of Sanothimi; extends financial support of Rs 5 lakh paying homage to its social responsibility,https://www.sharesansar.com/newsdetail/ncc-bank-supports-juvenile-home-of-sanothimi-extends-financial-support-of-rs-5-lakh-paying-homage-to-its-social-responsibility,"NCC Bank, under its CSR initiative, has handed over financial support of Rs 5 lakh to Juvinile Home run by USEP Nepal at Sano Thimi. The support amount was handed over amid a program on Asad 30, 2076 to build well-equipped library in the Juvinile home.
The cheque was handed over by CEO of the bank Mr. Ramesh Raj Aryal to administrator of the shelter Mr. Bipin Archya amid a program.",-0.35587117075920105
2019-07-18,NCC Bank supports Vocational and Technical School of Sanothimi; extends financial support of Rs 5 lakh paying homage to its social responsibility,https://www.sharesansar.com/newsdetail/ncc-bank-supports-vocational-and-technical-school-of-sanothimi-extends-financial-support-of-rs-5-lakh-paying-homage-to-its-social-responsibility,"NCC Bank, under its CSR initiative, has handed over financial support of Rs 5 lakh to Technical and  Vocational School run by USEP Nepal at Sano Thimi. The support amount was handed over amid a program on Asad 30, 2076 to build protective cover for the playground in the school.
The cheque was handed over by CEO of the bank Mr. Ramesh Raj Aryal to VP of USEP Nepal Mr. Purna Bhadra Paudyal.",-0.3058987557888031
2019-07-17,Sector Wise Dividend distribution in fiscal year 2074/75: Most Companies distributed bonus share but few of them pay cash dividend for tax on bonus share,https://www.sharesansar.com/newsdetail/sector-wise-dividend-distribution-in-fiscal-year-207475-most-companies-distributed-bonus-share-but-few-of-them-pay-cash-dividend-for-tax-on-bonus-share,"Almost 131 companies from different sector distributed dividend from the profit of fiscal year 2074/75. The dividends have been distributed in the form of cash dividend and bonus share.
As always Unilever Nepal, a subsidiary of Hindustan Unilever, is in the top of list of dividend distributing company in 2074/75 giving 700% cash dividend.
In order to increase the paid up capital of the company and to make company stronger, many companies distributed bonus share from the profit. While distributing bonus share investors have to face a trouble of paying tax on their own.
There is no problem when company pays cash dividend, because an organization already deduct the tax and pay on behalf of investor. But when company pays bonus share, either the company should distribute cash dividend together with bonus share for tax purposes or investors need to visit offices by carrying additional money for tax to exercise bonus share.
This is being a hectic task for investor. However many companies make the investors’ task easy by paying cash dividend with bonus share.
Following are the sector wise list of companies who have distributed the dividend in fiscal year 2074/75:
In addition, highlighted companies are the one who have asked investors to pay additional tax on their own to exercise bonus share.
Commercial Bank
Nepal Investment Bank was top dividend paying company followed by Nabil Bank. Both the banks distributed bonus share and paid cash dividend for the tax paying purpose. But Global IME bank made their investor to pay additional money for the tax on bonus share. And in case of Prime Bank, the company has neither endorsed any cash dividend for bonus share tax purpose and nor listed its bonus share in NEPSE so far.
S.N.
Bank Name
Bonus Dividend (%)
Cash Dividend (%)
Total Dividend (%)
1
Sanima Bank Limited
0
14
14
2
Everest Bank Limited
0
20
20
3
Standard Chartered Bank Nepal Limited
0
17.5
17.5
4
NIC Asia Bank Limited
10
0.526
10.526
5
NMB Bank Limited
10
20
30
6
Machhapuchchhre Bank Limited
0
10
10
7
Siddhartha Bank Limited
5
8.16
13.16
8
Sunrise Bank Limited
0
11.5
11.5
9
Nepal Bangladesh Bank Limited
0
10.53
10.53
10
Nabil Bank Limited
12
22
34
11
Global IME Bank Limited
16
0
16
12
Nepal Investment Bank Limited
18
22
40
13
Janata Bank Nepal Limited
0
8.5
8.5
14
Citizens Bank International Limited
3.628
1.635
5.263
15
Bank of Kathmandu Limited
14
11
25
16
Nepal SBI Bank Limited
5
10.79
15.79
17
Himalayan Bank Limited
5
10.78
15.78
18
Mega Bank Nepal Limited
1
6.85
7.85
19
Prime Commercial Bank Limited
16
0
16
20
Prabhu Bank Limited
8
0.42
8.42
21
Kumari Bank Limited
8.5
0
8.5
22
Laxmi Bank Limited
8.5
0.45
8.95
23
Agricultural Development Bank Limited
6
15.053
21.053
24
Civil Bank Limited
0
4.05
4.05
25
Century Commercial Bank Limited
2
4.5
6.5
26
Nepal Credit & Commerce Bank Limited
15.89
0.83
16.72
Development banks
Most companies under this sector distributed bonus share. However every bank made investor task easy by paying cash dividend for tax purposes on bonus shares.
S.No
Company Name
Bonus Dividend(%)
Cash Dividend(%)
Total Dividend(%)
1
Mahalaxmi Bikas Bank Limited
8
7
15
2
Shine Resunga Development Bank Limited
17.7
0.93
18.63
3
Kankai Bikas Bank Limited
3
6.5
9.5
4
Jyoti Bikash Bank Limited
0
8.4
8.4
5
Garima Bikas Bank Limited
10
3.75
13.75
6
Muktinath Bikas Bank Limited
18.25
0.96
19.21
7
Saptakoshi Development Bank Limited
3
5.03
8.03
8
Excel Development Bank Limited
0
17
17
9
Miteri Development Bank Limited
17
0.89
17.89
10
Kanchan Development Bank Limited
5
6.29
11.29
11
Nepal Community Development Bank Limited
1
6.42
7.42
12
Kailash Bikas Bank Limited
0
17
17
13
Purnima Bikas Bank Limited
5
6.37
11.37
14
Gandaki Bikas Bank Limited
0
14.2
14.2
15
Sahayogi Vikas Bank Limited
0
17
17
16
Shangrila Development Bank Limited
4
5.45
9.45
17
Lumbini Bikas Bank Limited
17.35
0
17.35
18
Bhargav Bikash Bank Limited
0
6
6
19
Sahara Bikas Bank Limited
12.3
0.6
12.9
20
Kamana Sewa Bikas Bank Limited
1.5
8
9.5
21
Deva Bikas Bank Limited
5.5
0
5.5
22
Western Development Bank Limited
0
14.74
14.74
Finance Companies
Among finance companies Srijana Finance company Limited was the top dividend paying company which paid 24.5% total dividend including 15% bonus share.
S.No
Company Name
Bonus Dividend(%)
Cash Dividend(%)
Total Dividend(%)
1
Pokhara Finance Limited
5
8.684
13.684
2
ICFC Finance Limited
0
8
8
3
Janaki Finance Company Limited
22
1.16
23.16
4
Guheswori Merchant Banking & Finance Limited
0
5.26
5.26
5
United Finance Limited
0
5
5
6
Manjushree Finance Limited
0
2.9
2.9
7
Shree Investment Finance Company Limited
1.23
8.77
10
8
Srijana Finance Limited
15
9.5
24.5
9
Goodwill Finance Company Limited
0
5.26
5.26
10
Central Finance Limited
0
7
7
11
Reliance Finance Limited
0
2.63
2.63
12
Jebils Finance Limited
1.24
0
1.24
Hotel Industries
Less companies are listed on NEPSE from hotel industry, but every company pays cash dividend for tax purposes.
S.No
Company Name
Bonus Dividend(%)
Cash Dividend(%)
Total Dividend(%)
1
Oriental Hotel Limited
15
11.32
26.32
2
Soaltee Hotel Limited
10
16.31
26.31
3
Taragaon Regency Hotel Limited
0.631
12
12.631
Hydro Energy Sector
In hydro energy sector Api Power Company limited distributed bonus share. But there is no such record of distribution of cash dividend for tax purposes on that bonus share.
S.No
Company Name
Bonus Dividend(%)
Cash Dividend(%)
Total Dividend(%)
1
Ngadi Group Power Limited
0
10
10
2
Ridi Hydropower Development Company Limited
6
0.315
6.315
3
Sanima Mai Hydropower Limited
10
5
15
4
United Modi Hydropower Limited
0
5
5
5
Butwal Power Company Limited
10
18
28
6
Api Power Company Limited
5
0
5
7
Chilime Hydro power Company Limited
20
5
25
8
Nepal Hydro Developer Limited
4
0
4
9
Radhi Bidyut Company Limited
5
5
10
Life Insurance
Nepal Life Insurance Company Limited is one of the highest cash dividend providing companies and top dividend payer in insurance industry.
S.No
Company Name
Bonus Dividend(%)
Cash Dividend(%)
Total Dividend(%)
1
Nepal Life Insurance Company Limited
25
23.5
48.5
2
Life Insurance Corporation Nepal Limited
34.46
35.53
70
3
Surya Life Insurance Company Limited
12
0
12
Manufacturing Industry
In manufacturing industry almost all the companies paid cash dividend only except Nepal Lube Oil Limited who provides 10% bonus share and 30% cash dividend. Cash dividend also includes tax on bonus share and cash dividend.
S.No
Company Name
Bonus Dividend(%)
Cash Dividend(%)
Total Dividend(%)
1
Bottlers Nepal (Terai) Limited
0
40
40
2
Bottlers Nepal Limited (Balaju)
0
20
20
3
Unilever Nepal Limited
0
700
700
4
Himalayan Distillery Limited
0
21.05
21.05
5
Nepal Lube Oil Limited
10
30
40
6
Shivam Cements Limited
0
15.78
15.78
Merged Companies
S.No
Company Name
Bonus Dividend(%)
Cash Dividend(%)
Total Dividend(%)
1
Hamro Bikas Bank Limited
2.4
7.9145
10.3145
2
Kabeli Bikas Bank Limited
35
0
35
3
Tinau Development Bank Limited
12
0.63
12.63
4
Mission Development Bank Limited
11
0.57
11.57
Micro Finance Institution
Huge number of companies are listed in NEPSE from the microfinance sector. Among all dividend distributing companies around 45% of the companies paid addition cash dividend for the bonus share. This industry significantly exercised the system of providing cash dividend for tax purposes.
S.No
Company Name
Bonus Dividend(%)
Cash Dividend(%)
Total Dividend(%)
1
First Microfinance Laghubitta Bittiya Sanstha Limited
0
12.6316
12.6316
2
Mero Microfinance Laghubitta Bittiya Sanstha Limited
15
11.32
26.32
3
Womi Laghubitta Bittiya Sanstha Limited
0
25
25
4
Global IME Laghubitta Bittiya Sanstha Limited
15
0.7875
15.7875
5
Swarojgar Laghubitta Bittiya Sanstha Limited
20
1.05
21.05
6
Samata Laghubitta Bittiya Sanstha Limited
6.66
7.36
14.02
7
Kisan Microfinance Bittiya Sanstha Limited
29
1.53
30.53
8
Suryodaya Laghubitta Bittiya Sanstha Limited
42.75
2.25
45
9
Nerude Laghubitta Bittiya Sanstha Limited
15
5.79
20.79
10
Summit Laghubitta Bittiya Sanstha Limited
23.53
1.24
24.77
11
National Microfinance Bittiya Sanstha Limited
25
15
40
12
Swabalamban Laghubitta Bittiya Sanstha Limited
25
11.84
36.84
13
Nirdhan Utthan Laghubitta Bittiya Sanstha Limited
20
22.11
42.11
14
RSDC Laghubitta Bittiya Sanstha Limited
10
0.53
10.53
15
Laxmi Laghubitta Bittiya Sanstha Limited
0
26.32
26.32
16
Vijaya Laghubitta Bittiya Sanstha Limited
10
0.526
10.526
17
Nepal Seva Laghubitta Bittiya Sanstha Limited
0
5.2
5.2
18
RMDC Laghubitta Bittiya Sanstha Limited
10
10
20
19
Mirmire Laghubitta Bittiya Sanstha Limited
24
1.26
25.26
20
Civil Laghubitta Bittiya Sanstha Limited
4
3.89
7.89
21
Nagbeli Laghubitta Bikash Bank Limited
9.38
0.49
9.87
22
Unnati Microfinance Bittiya Sanstha Limited
40.5
2.13
42.63
23
NMB Laghubitta Bittiya Sanstha Limited
15
0.78
15.78
24
Mahila Sahayatra Microfinance Bittiya Sanstha Limited
0
8
8
25
Sana Kisan Laghubitta Bittiya Sanstha Limited
25
1.313
26.313
26
Deprosc Laghubitta Bittiya Sanstha Limited
10
10
20
27
NADEP Laghubitta Bittiya Sanstha Limited
15
1.58
16.58
28
Kalika Laghubitta Bittiya Sanstha Limited
8
0.42
8.42
29
Mithila Laghubitta Bittiya Sanstha Limited
10.45
0.54
10.99
30
Forward Community Microfinance Bittiya Sanstha Limited
25
20
45
31
Mahuli Laghubitta Bittiya Sanstha Limited
20
1.05
21.05
32
Janautthan Samudayic Laghubitta Bikas Bank Limited
20
1.05
21.05
33
Chhimek Laghubitta Bittiya Sanstha Limited
18
22
40
Mutual Fund
Mutual fund is another industries where the companies do not distribute bonus share. They only paid cash dividend.
S.No
Symbol
Company Name
Bonus Dividend(%)
Cash Dividend(%)
Total Dividend(%)
1
SEOS
Siddhartha Equity Oriented Scheme
0
12
12
2
NIBSF1
NIBL Samriddhi Fund 1
0
12
12
3
NMBSF1
NMB Sulav Investment Fund-1
0
21.05
21.05
Non-life insurance
In non-life insurance sector almost every company except Neco Insurance Company Limited requested its investors to pay tax on their own. Therefore investor in this sector are in trouble of paying tax on bonus share.
S.No
Company Name
Bonus Dividend(%)
Cash Dividend(%)
Total Dividend(%)
1
Sagarmatha Insurance Company Limited
86
0
86
2
Siddhartha Insurance Limited
15.48
0
15.48
3
IME General Insurance Limited
5
0
5
4
Premier Insurance Company Limited
84
0
84
5
Nepal Insurance Company Limited
7.5
0
7.5
6
Neco Insurance Company Limited
12
0.63
12.63
Others
Nepal Doorsanchar Company Limited, government invested organization of Nepal, has distributed 55% cash dividend from the profit of fiscal year 2074/75.
S.No
Company Name
Bonus Dividend(%)
Cash Dividend(%)
Total Dividend(%)
1
Nepal Doorsanchar Company Limited
0
55
55
2
Hydroelectricity Investment and Development Company Limited
10
0
10
3
Citizen Investment Trust
22
1.16
23.16
Trading
Finally, Salt Trading Corporation Limited has distributed 35% total dividend. 25% of which is bonus share and for the purpose of tax on bonus share it has also paid cash dividend of 10%.
S.No
Symbol
Company Name
Bonus Dividend(%)
Cash Dividend(%)
Total Dividend(%)
1
STC
Salt Trading Corporation Limited
25
10
35
Every Investor invests in the companies to earn a profit/gain. The gain might be capital gain or in the form of dividends. Nepalese companies whichever listed in the NEPSE are also very efficient, as they are providing significant amount of dividend to the shareholders.
In recent past year/s bank and financial institutions (BFIs) are providing bonus share in order to increase the capital of organization. In such situation BFIs should not put their investor into trouble to make them pay tax on their own, rather they should exercise the system of providing cash dividend for tax purposes.",0.8922961354255676
2019-07-07,NCC Bank proposes 15.89% bonus share; paid up capital will increased to Rs 8.13 arba,https://www.sharesansar.com/newsdetail/ncc-bank-proposes-1589-bonus-share-paid-up-capital-will-increased-to-rs-813-arba,"Nepal Credit and Commerce Bank Limited (NCCB) has proposed 15.89% bonus share and 0.83% cash dividend for tax purpose.
The 752nd BOD meeting held today at 8:30 in morning has decided to proposed dividend from the earnings of fiscal year 2074/75.
The dividend will be distributed after the approval of the immediate Annual General Meeting which will be held after the approval from NRB. Therefore BOD also decided to present the proposal for dividend to NRB.
NCCB made profit of Rs 1.07 arba in FY 2074/75 and its existing paid up capital is Rs 7.01 and after the distribution of bonus shares its capital will increased to Rs 8.13 arba.",0.6464470624923706
2019-07-04,Underpriced and Overpriced commercial banks in NEPSE according to CAMELS rating; RBB and Nabil Bank among top,https://www.sharesansar.com/newsdetail/underpriced-and-overpriced-commercial-banks-in-nepse-according-to-camels-rating-rbb-and-nabil-bank-among-top,"CAMELS
is a recognized international rating system that bank supervisory authorities use in order to rate financial institution according to six factors represented by its acronym:
C
- Capital Adequacy Ratio (CAR)
A
- Assets quality measured by Non-performing assets/loan (NPL)
M
- Quality of management is a subjective factor and requires deep analysis. However for the purpose of this study we have used spread rate and cost of fund.
E
- Earnings is measured by Net Profit, Earning per share (EPS) and Diluted EPS.
L
- Liquidity is measured by credit to core capital cum credit (CCD) ratio
Nepal Rastra Bank (NRB) has also been using CAMELS rating to evaluate strength, weakness and position of banks. Therefore, it is wise for the investor to analyze their investment decision according to CAMELS rating.
Generally, the bank with high share prices are evidenced by adequate CCD, low base rate,  low cost of fund, higher interest spread, less NPA and consequently more profit (high CAMELS rating). In fact it should be.
Among 28 commercial banks, RBB has the highest score on the CAMEL analysis; however, since its shares are not traded in public, we have ignored the correlation between CAMEL scores and its share price. From the data it can be seen that Nabil bank stands at the top with highest CAMEL rating and thus the highest market price. But Nepal Bank Limited, despite being the next high scorer in CAMEL analysis, has lower share price than other banks. This indicates that Nepal Bank is heavily underpriced.
Similarly CAMELS rating shows that investment bank gains higher rating than Himalayan Bank. In contrast the price of Himalayan Bank is higher. Therefore, either Nepal investment bank is underpriced or Himalayan Bank is overpriced. Next NIC Asia, who has been gaining fame on aggressive deposit and loan expansion has also gained higher CAMELS rating. However, its market price does not match with CAMELS rating and seems that it is underpriced in the market.
Likewise, NMB bank is overpriced as you can see that its CAMELS rating is negative. Other than these instances, the other banks' CAMELS rating and prevalent market price seems to be in consistency.
For reference the share prices of 2
nd
July 2019 was taken. CAMELS rating was calculated on the basis of last four quarterly report of banks. A positive point was given to those banks whose performance was better than the average and the banks who outperformed in the minimum requirement criteria. For example, if the CAR of any bank happens to be 12.34 %, then that bank has been assigned the score of +1.34. Similarly, if the industry average NPA is 2.34 % and the particular bank’s NPA happens to be 4.15%, then that bank will get a score of - 1.81. Likewise, a particular bank’s NPA happens to be 0.79%, then that bank will get a score of +1.55. As a result, higher the CAMELS rating, better the bank and share price.
(
Disclaimer: The CAMELS indicator also uses a lot of other indicators which haven't been used in the study due to limitations. The readers are advised to carry their Due diligence before making an investment decision and not rely on this analysis alone.
)",0.6093844771385193
2019-06-18,NCC Bank begins NCC Credit card service for its customers,https://www.sharesansar.com/newsdetail/ncc-bank-begins-ncc-credit-card-service-for-its-customers,"Nepal Credit and Commerce Bank has begun NCC Visa credit card service from Asad 3, 2076 collaborating with International card service provider Visa. The credit card will come handy for purchases and travels all across the country, as per the bank.
The bank has also decided to provide free card service to the customers for the first year who opt to open Utsab Saving Account with the bank.
The bank currently provides its services through its 120 branches and 81 ATM terminals throughout the nation and offers wide range of banking services.",0.7151193022727966
2019-06-16,How have commercial banks performed over the past 5 years? See their growth in major indicators,https://www.sharesansar.com/newsdetail/how-have-commercial-banks-performed-over-the-past-5-years-see-their-growth-in-major-indicators,"A company is only as strong as its fundamentals and the strength of those fundamentals is reflected through their numbers.
Commercial banks, being one of the successful industry in the Nepali market, are persistently sought after by investors. They are also under close scrutiny of Nepal Rastra Bank, which again fosters the trust of investors.
Therefore in this article we will be looking at the major indicators of commercial banks over the period of 5 years from FY 2070/71 to FY 2075/76. All the data taken are from the third quarter reports of respective fiscal years.
DEPOSITS
The industry average deposits of commercial banks stood at Rs 38 arba as of Q3 of FY 2070/71. Five years down the line, this figure has reached Rs 94.9 arba reporting a rise of 149.7%. Thus, in terms of compounded annual growth, the deposits collection of commercial banks has risen by 20.08%.
Similarly, if we look at individual banks, Mega Bank has reported the highest CAGR of 35.2% followed closely by Janata Bank at 35.07%.
Likewise in the lower end lies Nepal Bank with CAGR of 9.96% only, preceded by Standard Chartered Bank and Agricultural Development Bank at 10.67% and 11.25% respectively.
*Data taken from SSpro.
LOANS AND ADVANCES
The average loans and advances of commercial bank as of Q3 FY 2075/76 stands at Rs 84 arba, which stood at Rs 29 arba in Q3 of FY 2070/71. This reports a rise of 190.99% in a period of 5 years and a compounded annual growth rate of 23.82%, which slightly above the CAGR of deposits.
In a close up, we can see that NMB bank and Janata Bank have the highest CAGR in loans and advances of 35.76%. Likewise, Mega bank stands at third position with 35.61%.
On the other end, Agricultural Development Bank has reported the lowest CAGR of 15.16% only. Nepal Bank, who had the lowest growth in deposists, has shown some resilience in loans and advances ranking at 21st position with CAGR of 18.79%.
In the Q3 of FY 2070/71, ADBL was the highest lenders whereas 5 years later it has been surpassed by NIC Asia Bank, Nabil bank and Nepal Investment Bank.
*Data taken from SSpro.
RESERVES AND SURPLUS
The commercial banking industry's average reserves and surplus has grown by 275.7% from Q3 of FY 2070/71 to Q3 of FY 2075/76.
Janata Bank reports the highest growth of 85.4% against the lowest of 11.66% of Standard Chartered Bank. Likewise Nepal Bank doesn't fit in the list as it still has accumulated losses to cover for.
*Data taken from SSpro.
NET INTEREST INCOME
The average net interest income of commercial banks of Nepal has grown by 183.93% in the period of 5 years. The amount has grown from Rs 1.12 arba to Rs 3.18 arba as of Q3 FY 2075/76 with a CAGR of 23.21%.
Century commercial bank has reported the highest growth in this period, followed shortly by Janata Bank. Similalry, the lowest growth has been reported by Agricultural Development Bank at just 10.35%.
*Data taken from SSpro.
OPERATING PROFIT
The average operating profit of commercial banks for Q3 of FY 2070/71 stood at Rs 67.9 crore. The figure has rose by 224% in five years standing at Rs 2.2 arba in Q3 of this fiscal year.
Janata Bank has topped the list with CAGR of 83.51%, followed far behind by Century commercial bank at 65.96%. Overall, out of 25 banks 19 lie above industry average and only 6 below the indutry average.
Similarly, Standard Chartered Bank is last on the line with a CAGR of 11.55% only.
*Data taken from SSpro.
NET PROFIT
Unlike in operating profit, there appears a balance in net profit with 14 banks above industry average and 11 banks below industry average. The average net profit of commercial banks has risen from Rs 57.4 crore to Rs 1.56 arba with a CAGR of 28.43% in five years.
Janata Bank yet again tops the list with a CAGR of 66% followed by Nepal bank at 57%. On the lower end stands Nepal Investment Bank with CAGR of 13.77%.
*Data taken from SSpro.
INDUSTRY AVERAGE SUMMARY
As we can see in the table below, the CAGR for each indicator is similar ranging from 20 percent to 30 percent.
*Data taken from SSpro.",0.5027186870574951
2019-06-12,NCC Bank and Bhatbhateni Money Transfer join forces for remittance service; foreign remittance now to become easily available from all branches of the bank,https://www.sharesansar.com/newsdetail/ncc-bank-and-bhatbhateni-money-transfer-join-forces-for-remittance-service-foreign-remittance-now-to-become-easily-available-from-all-branches-of-the-bank,"Nepal Credit and Commerce Bank and Bhatbhateni Money Transfer have entered into an remittance agreement under which Nepalese in different countries can send back their remittance amount to their relatives through the wide branch network of the bank that are spread all across the nation.
The agreement regarding the same was signed between CEO of the bank Mr. Ramesh Raj Aryal and MD of the remittance service provider Mr. Rajan Kumar Amatya amid a program on Jestha 27, 2076.
The bank currently has its presence across the nation through its 120 branches and 81 ATM terminals.",-0.4555262625217438
2019-06-09,NCC Bank now in Meringden of Taplejung,https://www.sharesansar.com/newsdetail/ncc-bank-now-in-meringden-of-taplejung,"Nepal Credit and Commerce Bank has brought into operation its latest branch at Meringden Gaupalika-2 Santhakra of Taplejung on Jestha 23, 2076. The bank aims to provide range of banking facilities to the rural folks of gaupalika and the surrounding areas, as per the media statement.",0.2398822009563446
2019-05-24,Nepal Rastra bank instruct banks to limit call deposits to 10%; total 14 banks crosses the 10% limit till falgun end,https://www.sharesansar.com/newsdetail/nepal-rastra-bank-instruct-banks-to-limit-call-deposits-to-10-total-14-banks-crosses-the-10-limit-till-falgun-end,"Nepal Rastra Bank (NRB) has published a circular to A, B and C class Bank and Financial Institutions (BFI's) regarding a limitation of call deposits. NRB has instruct A class BFI’s to limit the call deposits to 10% of total deposits.
Similarly, B and C class BFI’s are allowed to keep maximum 15% call deposits.  All the BFI’s crossing this limit are allowed to bring down the call deposits portion within Ashad end, 2077 and also these BFI’s are now restricted to collects additional call deposits.
The call deposits/total deposits ratio of the commercial banks stands at 10.83%. PCBL has highest ratio of 23.79% followed by NCC Bank with 17.81%. ADBL has lowest call deposits/total deposits ratio of 0.97%.
Rs in Ten lakhs (Call Deposits status of Banks till Falgun end)
S.NO
BFI Name
Total DEPOSITS
Call Deposits
% of Call Deposits
1
Prime
77,271.21
18,385.29
23.79%
2
NCC
63,254.18
11,266.97
17.81%
3
Mega
73,329.72
12,915.52
17.61%
4
Kumari
76,179.71
13,048.00
17.13%
5
SBL
111,389.75
18,853.18
16.93%
6
Century
62,588.03
10,568.04
16.89%
7
CBL
42,795.97
7,146.75
16.70%
8
NABIL
156,265.38
24,474.43
15.66%
9
NBBL
54,240.08
7,848.14
14.47%
10
NIBL
143,982.33
18,780.35
13.04%
11
EBL
124,984.99
16,080.27
12.87%
12
NIC
169,919.82
21,624.74
12.73%
13
Prabhu
105,414.03
13,233.74
12.55%
14
NMB
93,321.28
9,386.06
10.06%
15
Laxmi
78,200.20
7,602.50
9.72%
16
Sanima
85,018.70
8,068.34
9.49%
17
SCBNL
70,874.63
6,646.98
9.38%
18
MBL
85,747.51
7,586.99
8.85%
19
BOK
81,829.98
6,558.53
8.01%
20
Janata
69,684.65
5,445.20
7.81%
21
RBB
178,453.37
12,925.91
7.24%
22
HBL
114,232.81
8,262.51
7.23%
23
Global
115,311.77
7,913.92
6.86%
24
Sunrise
74,366.31
4,527.62
6.09%
25
Citizen
66,867.05
3,998.53
5.98%
26
NBL
105,335.96
5,155.51
4.89%
27
NSBI
96,738.60
2,087.32
2.16%
28
ADBL
112,662.81
1,092.01
0.97%
Total
2,690,260.83
291,483.35
10.83%",0.797844648361206
2019-05-22,NCC Bank now at Mahabu Gaupalika of Dailekh; 127th branch comes online to bring rural folks to national banking grid,https://www.sharesansar.com/newsdetail/ncc-bank-now-at-mahabu-gaupalika-of-dailekh-127th-branch-comes-online-to-bring-rural-folks-to-national-banking-grid,"Nepal Credit and Commerce Bank has brought into operation it’s one more branch at Mahabu Gaupalika-4 Mahabu of Dailekh district on Jestha 8, 2076.
The bank currently has 127 branches and 74 ATM terminals all across the nation.",0.707359790802002
2019-05-21,NCC Bank now at Thatikadh Gaupalika of Dailekh; new branch operation takes branch count to 126 so far,https://www.sharesansar.com/newsdetail/ncc-bank-now-at-thatikadh-gaupalika-of-dailekh-new-branch-operation-takes-branch-count-to-126-so-far,"Nepal Credit and Commerce Bank has brought into operation its latest branch at Thatikadh Gaupalika-6 of Dailekh district on Jestha 6, 2076. The latest facility is expected to provide range of banking services to the rural areas around the  Gaupalika, as per the media statement.
The bank currently operates 126 branches and 74 ATM terminals throughout the nation.",0.5252097845077515
2019-05-17,NCC Bank now at Sukla Gandaki Nagarpalika of Tanahun; 125th branch comes online to bring rural folks to national banking grid,https://www.sharesansar.com/newsdetail/ncc-bank-now-at-sukla-gandaki-nagarpalika-of-tanahun-125th-branch-comes-online-to-bring-rural-folks-to-national-banking-grid,"Nepal Credit and Commerce Bank has brought into operation its one more branch at Sukla Gandaki Nagarpalika-8 Dhorfirdi of Tanahun district on Jestha 2, 2076.
The bank currently has 125 branches and 75 ATM terminals all across the nation.",0.5473752617835999
2019-05-14,Baisakh’s rise in NEPSE and outstanding performance of commercial banks! What will be your investment decision after comparing the performance on the basis of Q3 reports of commercial banks?,https://www.sharesansar.com/newsdetail/baisakhs-rise-in-nepse-and-outstanding-performance-of-commercial-banks-what-will-be-your-investment-decision-after-comparing-the-performance-on-the-basis-of-q3-reports-of-commercial-banks,"The third quarter of fiscal year 2075/76 has come to an end. Baisakh month witnessed the rise in NEPSE index from 1180 to around 1320 level. “A” graded 28 commercial banks of the country have published their reports. Experts have anticipated the stock market might have entered the bullish zone. Given the circumstances, let us compare each of these commercial banks on the basis of third quarter reports of FY 2075/76.
The following are the key elements necessary in analyzing the third quarter performance of commercial banks:
Net profit:
As per the net profit of third quarter of 2075/76,
Rastriya Banijya Bank (RBB)
is in the lead with a profit of Rs 3.50 arba. Similarly,
NABIL Bank Limited (NABIL)
has the second highest net profit of Rs 3.19 arba in the same quarter. In the third position,
Nepal Investment Bank Limited (NIB)
has the net profit of Rs 2.57 arba. The bank with the least net profit is
Civil Bank Limited (CBL)
whose net profit amounts to Rs 49 crore.
The industry average net profit of the 28 commercial banks is Rs 1.63 arba. 11 commercial banks have net profit above the industry average. Remaining all banks has net profit below the industry average.
Compared to the same quarter of last year, NIC Asia Bank Limited (NICA) has significantly increased its net profit by 144%. Similarly, Mega Bank Limited has increased the profit by 131.33%.
In the
Nepal Financial Reporting Standards (
NFRS) format of financial statements, investors will find several types of income and profits. For instance, profit for the period, comprehensive income, distributable profit, profit after regulatory adjustments, etc. However, the actual profit can be determined through specimen “profit/loss for the period” of financial statement.
Paid up capital:
Paid up capital in NFRS refers to the amount of money that commercial banks have received from their shareholders through the exchange of shares in the primary market. The central bank of the country has directed these “A” categorized banks to meet the paid up capital requirement of at least 8 arba. Nepal Credit and Commercial Bank (NCCB) and Kumari Bank Limited (KBL) are still to meet the paid up capital requirement. However, Kumari bank has already endorsed 21.25% bonus for last two FY and yet the bonus amount i.e.
Rs 1.52 arba left to be adjusted in paid up capital
in the published quarterly result.
The bank with highest paid up capital are
Nepal Investment Bank (NIB)
with Rs 12.59 arba capital,
Mega Bank Limited (MEGA)
with Rs 10.39 arba and
Global IME Bank Limited (GBIME)
with Rs 10.31 arba paid up capital.
Reserve and surplus:
With an industry average of Rs 4.56 arba, seven banks stand above the average benchmark of Rs 4.56 arba in their reserve fund.
In terms of reserves and surplus,
Nepal Bank Limited (NBL)
has maintained its lead with a reserve and surplus of Rs 15.61 arba.
Rastriya Banijya Bank (RBB)
has maintained second position with Rs 14.09 arba reserve and surplus fund.
Nepal Investment Bank Limited (NIB)
is in the third position with reserve and surplus of Rs 10.56 arba. The bank with least reserve and surplus is
Century Commercial Bank Limited (CCBL)
with a reserve of Rs 1.18 arba.
Deposit collection:
In an average, commercial banks have collected Rs 93.96 arba as deposit. Only 13 banks are above the average deposit collection.
In the banking sector, the deposit collection will play a major role in the upcoming days.   Lack of liquidity is the major concern among most of the commercial banks. So, those banks which are able to retain deposit or increase deposit collection are likely to perform better in the days to come.
As of the third quarter of FY 2075/76,
Rastriya Banijya Bank (RBB)
stands on top with total deposits worth Rs 1.72 kharba.
NIC Asia Bank Limited (NICA)
is aggressively involved in collecting deposits from existing and prospective clients with deposits of Rs 1.54 kharba. Similarly, the bank is followed by
NABIL Bank Limited (NABIL)
with the collected deposit of Rs 1.53 kharba respectively.
Civil Bank Limited (CBL)
has the lowest deposit collection of Rs. 39.93 arba only.
The average deposit collected by the industry is Rs 93.96 arba.
Loans and advances:
In today’s context, the concern of investor simply does not rest upon which bank has more loans. The nature of loan portfolio equally matters. The table below shows the accumulated loans which includes loans to BFIs and loans to customers. As shown in the figure, the top position in loans and advances is occupied by
NICA Bank Limited (NICA)
with credit disbursement worth Rs 1.49 kharba.
Rastriya Banijya Bank (RBB)
has a loan and advances portfolio of Rs. 1.41 kharba.
Nabil Bank Limited (NABIL)
has the loan portfolio of Rs 1.33 kharba. Similarly on the other end of the rope, stands
Civil Bank Limited (CBL)
with the lowest loan and advances portfolio of Rs. 43.09 arba.
The industry average loan disbursed is Rs 86.90 arba. 13 commercial banks have the loan portfolio above Rs 86.90 arba.
Net interest income:
Net interest income is the net earnings of commercial banks through their core business of collecting deposits and lending loans. The bank with highest net interest income is
Rastriya Banijya Bank (RBB)
with income of Rs 7.38 arba followed by
Nabil Bank Limited (NABIL)
with income of Rs 5.41 arba and
NICA Bank Limited (NICA)
with income of Rs 5.32 arba.
The industry average net interest income stands at Rs 3.34 arba. 12 out of 28 commercial banks are above the industry average in terms of net interest income.
Nepal Credit and Commerce Bank increased net interest income by the highest percentage of 120.69% as compared to net profit of the same quarter in the previous year. It is further followed by Mega Bank Limited.
Operating profit:
Rastriya Banijya Bank (RBB)
has been able to build the topmost rank in terms of operating profit. The bank attained Rs 4.86 arba solely as profits from operating activities.
Nabil Bank Limited (NABIL)
secured a profit if Rs 4.51 arba in the third quarter of this fiscal year. Finally,
Nepal Investment Bank Limited (NIB)
secured an operating profit of Rs 3.69 arba. The industry average is Rs 2.30 arba with 11 banks above the average benchmark.
The change in operating profit compared to the same quarter in the previous year has been provided in the table below:
Total comprehensive income:
Rastriya Banijya Bank (RBB)
has also highest comprehensive income of Rs 3.50 arba.
Nabil Bank Limited (NABIL)
has the second highest comprehensive income of Rs 3.07 arba.
Nepal Investment Bank Limited (NIB)
has the third highest comprehensive income of Rs 2.52 arba.
Major indicators:
Earnings per share (Annualized):
Rastra Banijya Bank (RBB)
becomes the bank to serve investors with highest annualized EPS of Rs 51.81 per share.
Nabil Bank Limited (NABIL)
has the second highest EPS of Rs 47.21 per share.
Everest bank limited (EBL)
in the third position with annualized EPS of Rs 36.45 per share.
Civil Bank Limited (CBL)
stays at the bottom with an earning of Rs. 8.23 per share.
The average EPS of 28 commercial banks stands at Rs 24.60. 13 commercial banks still provide EPS higher than that of the industry average.
Net worth per share:
The highest net worth per share among these commercial banks is Rs 304.47 which belongs to
Nepal Bank Limited (NBL)
.
Rastriya Banijya Bank (RBB)
is in the second position with Rs 250.50.
Nabil Bank Limited (NABIL)
has the third highest net worth per share as of Q3 of FY 2075/76 i.e. Rs 242.38.
Century Commercial Bank Limited (CCBL)
has the least net worth of Rs 124.86 per share.
The industry average net worth stands around Rs 168.84 per share. 11 companies have net worth more than the industry average.
P/E ratio:
Nepal Bank Limited (NBL) has the least PE ratio of 10.13 times. It is followed by Nepal Credit and Commerce Bank (NCCB) with PE ratio of 11.26 times and finally Kumari Bank Limited (KBL) has third least PE ratio of 11.83 times. Only NCCB is yet to meet the paid up capital requirement.
17 commercial banks have a P/E ratio lower than the industry average of 15.09 times.
Non-performing loan:
Bad loans cost commercial banks a lot of money. Commercial banks need to be able to minimize their non-performing loan.
Sanima Bank Limited (SANIMA)
has the least NPL of 0.12. Finally,
Everest bank Limited (EBL)
has the second least NPL of 0.18. The overall commercial banking industry has average NPL of 1.58.
In a nutshell:
Finally the table below provides a full picture with major indicators of the 28 commercial banks as of the third quarter of FY 2075/76:
Note: Rastriya Banijya Bank Limited has been excluded while labeling yellow color for the best ranking because Rastriya Banijya Bank has not been listed in NEPSE.
Dear investors, please feel free to share your investment decision after the performance evaluation of key indicators of these commercial banks.",0.4636402428150177
2019-05-12,NCC Bank now at Duipiple of Lamjung through 124th branch,https://www.sharesansar.com/newsdetail/ncc-bank-now-at-duipiple-of-lamjung-through-124th-branch,"Nepal Credit and Commercee Bank has brought into operation its 124
th
branch at Madhya Nepal Nagarpalika-4 Duipaple of Lamjung district. The latest banking facility aims to increase banking access of people of Nagarpalika and other neighboring local units, as per the media statement.",-0.7796770930290222
2019-05-09,NCC Bank earns Rs 1.16 arba till Q3; banks yet to conduct AGM of last 2 FY years,https://www.sharesansar.com/newsdetail/ncc-bank-earns-rs-116-arba-till-q3-banks-yet-to-conduct-agm-of-last-2-fy-years,"Nepal Credit and Commerce Bank Limited (NCCB) has reported a 31.08% rise in net profit in the third quarter of FY 2075/76.
The bank’s profit has increased from Rs 88.80 crore in the third quarter of the fiscal year 2074/75 to Rs 1.16 arba in the third quarter of the fiscal year 2075/76.
The bank’s deposit rises by 7.33% to Rs 61.45 arba whereas loans and advances have also increased by 10.41% to Rs 56.80 arba till the third quarter. The net interest income (core business income) of the bank has also increased by an outstanding 54.76% to Rs 2.23 arba from Rs 1.44 arba of the corresponding quarter.
The bank’s paid up capital stands at Rs 7.01 arba with Rs 5.24 arba as its reserve. The Non-Performing Loan (NPL) stands at 3.26%. NCC Bank is still require to raise paid up capital by 14.28% to meet NRB minimum requirements of Rs 8 arba.
In the same quarter, the bank has Rs 83.99 crore as distributable profit after Regulatory Adjustments and PL appropriations which can be utilized in distributing dividends to its shareholders. If the profit growth of this quarter continues in fourth quarter then the company will have Rs 1.12 arba (approx.) as distributable profit. The bank’s yet to conduct AGM for last two fiscal years.
In the third quarter, the annualized EPS of the bank stands at Rs 22.11. The net worth per share stands at Rs 174.66 and qtr end PE ratio stands at 10.22 times.
Major Highlights:
*
Figure are of Immediate Previous Year Ending (Audited)
* Published EPS, Networth and PE may differ. As per NFRS standard, Weighted average number of shares is taken while calculating EPS, Networth and PE but we have taken number of shares as per Q3 end paid up capital.
Particulars (In Rs '000)
NCC Bank
Q3 2075/76
Q3 2074/75
Difference
Paid Up Capital
7,018,587
4,679,853*
49.97%
Share Premium
172,446
2,585*
-
Retained Earnings
1,789,952
625,922*
185.97%
Reserves
3,277,618
3,287,441*
-0.30%
Deposits
61,459,849
57,260,544*
7.33%
Loans & Advances
56,807,905
51,452,966*
10.41%
Net Interest Income
2,230,868
1,441,469
54.76%
Impairment Charge/(Reversal)
125,197
447,557
-
Personnel Expenses
824,376
734,268
12.27%
Operating Profit
1,637,488
1,242,403
31.80%
Profit/(Loss) for the Year
1,164,030
888,019
31.08%
Total Comprehensive Income
1,154,207
876,717
31.65%
Distributable Profit/ (Loss) after P/L Appropriation and Regulatory Adjustments
839,944
-
-
Capital Adequacy Ratio (CAR)
14.84
11.54
28.60%
NPL
3.26
3.97
-17.88%
CCD (as per NRB Directives)
76.61
75.6
1.34%
Cost of Fund (%)
7.94
8.55
-7.13%
Base Rate (%)
10.86
12.03
-9.73%
Annualized EPS (In Rs.)
22.11
25.30
-12.60%
Net Worth per Share (In Rs.)
174.66
183.68
-4.91%
Qtr End PE Ratio (times)
10.22
-
-",0.01821303367614746
2019-04-16,NCC Bank expands in Palungtar of Gorkha; opens 123rd branch expanding its coverage,https://www.sharesansar.com/newsdetail/ncc-bank-expands-in-palungtar-of-gorkha-opens-123rd-branch-expanding-its-coverage,"Nepal Credit and Commerce Bank has brought into operation its latest branch in Palungtar Nagarpalikaa-5 of Gorkha district on Baisakh 2, 2076 taking the branch count to 123 branches.
The newly expanded facility is expected to provide range of banking services to people around the entire Nagarpalika, as mentioned in the media statement.",-0.6453247666358948
2019-04-16,Nepal Credit and Commerce Bank launches NCC Nepali Nagarik saving account; to provide Rs 100 as bonus balance from its side,https://www.sharesansar.com/newsdetail/nepal-credit-and-commerce-bank-launches-ncc-nepali-nagarik-saving-account-to-provide-rs-100-as-bonus-balance-from-its-side,"Following the instructions of the central bank and the campaign of the federal government to bring all the citizens of Nepal under banking access in the new year, Nepal Credit and Commerce Bank is offering “NCC Nepali Nagarik” saving account. As per the decision of the government, the bank will provide Rs 100 as the opening balance for all the eligible bank account holders under this scheme.
The bank currently has 122 branches, and 74 ATM outlets all around the nation.",0.7087022066116333
2019-04-16,NCC Bank brings out the latest calendar for the new year; includes sketches of different places around UNESCO world heritage site Lumbini,https://www.sharesansar.com/newsdetail/ncc-bank-brings-out-the-latest-calendar-for-the-new-year-includes-sketches-of-different-places-around-unesco-world-heritage-site-lumbini,"NCC Bank has revealed its calendar for the new year 2076. The new calendar was inaugurated amid a program in the bank’s head office.
The bank has made an attempt to include hand made sketches of places around Lumbini, the birthplace of Gautam Buddha.",0.825998067855835
2019-04-10,6 Commercials banks behind on AGM schedule; See which bank distributed highest dividend,https://www.sharesansar.com/newsdetail/6-commercials-banks-behind-on-agm-schedule-see-which-bank-distributed-highest-dividend,"The banking industry is the most heavily regulated sector of Nepal, and more so in case of the commercial banks. Nepal Rastra Bank (NRB) has been continuously emphasizing on prudent regulation of banks and financial institutions to ensure stability, transparency and sustainable growth.
Similarly, the Company Act 2063 of Nepal specifies the regulations that companies registered under the Company Registrar Office needs to comply with. One of the most important among them is the requirement regarding the Annual General Meeting (AGM). It specifies:
As you can see, the company must hold AGM within six months of the completion of fiscal year. It has been almost 9 months since the completion of FY 2074/75, but 6 commercial banks are yet to conduct their annual general meeting (AGM). Among those 6 banks, 3 have announced the date for AGM while 3 haven't.
The table below illustrates the AGM status of commercial banks and the respective dividends along with the Last Traded Price (LTP) as on April 08, 2019.
There are 27 listed commercial banks in NEPSE and among them 22 have already finished their AGM. However, Civil Bank, Century Commercial Bank, Kumari Bank, Nepal Bank, NCC Bank and Prime commercial bank are yet to convene AGM for 2074/75.
Century commercial bank (CCBL)
has declared its AGM for April 25, 2019 and has endorsed dividend of 6.5%.
Civil Bank (CBL)
has endorsed a cash dividend of 4.05%, but the AGM hasn’t been summoned yet. It had also endorsed dividend of 10.79% (10.25% bonus and 0.54% cash) for FY 2073/74, but hasn’t called for AGM yet. So CBL is yet to call two AGMs and approve dividend of 14.84% in total.
Similarly,
Kumari bank (KBL)
has also endorsed bonus shares of 21.25% which needs to be approved from the upcoming AGM, the date for which has been announced for May 9
th
, 2019.
Prime commercial bank (PCBL)
is also yet to convene AGM and has endorsed bonus dividend of 16%.
Next on list,
Nepal Bank (NBL)
hasn’t endorsed any dividend but the AGM has been announced for May 5, 2019. Similarly,
NCC bank (NCCB)
has neither declared AGM nor endorsed any dividend for FY 2074/75. NCCB is also yet to convene AGM for FY 2073/74 and hasn’t endorsed dividend for that year too.
CBL, KBL, NCCB
and
BOKL
are yet to meet the minimum paid-up capital requirement of Rs 8 arba, as per the second quarter report of FY 2075/76. However, as shown in table above, BOKL has distributed 14% bonus and 11% cash dividend from the profit of FY 2074/75, after the adjustment of which the paid-up capital has reached Rs 8.05 arba.
Similarly, KBL has also proposed bonus of 8.5% and adding the bonus of 12.75% endorsed for FY 2073/74, the paid-up capital will reach Rs 8.68 arba hitting the minimum requirement mark.
The paid-up capital of NCCB as of second quarter of FY 2075/76 stands at Rs 7.01 arba and in addition it hasn’t endorsed dividend or conducted AGM for the past two years.
In case of CBL too, the company has proposed 10.25% bonus share from the profit it made in 2073/74 FY. Post adjustment of the proposed bonus share CBL paid up too will reach Rs 800 crores.",0.8950625061988831
2019-04-09,NRB publishes sector wise break down of loans and advances of all commercial banks; which sector has maximum credit concentration?,https://www.sharesansar.com/newsdetail/nrb-publishes-sector-wise-break-down-of-loans-and-advances-of-all-commercial-banks-which-sector-has-maximum-credit-concentration,"Bank and Financial Institutions (BFI’s) can play an important role in national capital creation. They collect the public savings in terms of different kind of deposits and deploy such collected deposits on different sectors as prescribed by Nepal Rastra Bank as loan and advances. The banking sector is a vital organ in our national economy and played a dominant role in achieving national objective of reducing imbalance and increasing industrial production. Nepal Rastra Bank as a regulator of BFI’s of Nepal through different regulations and guidelines directs BFI’s to limit their credit on different sectors of economy.
As per the latest information provided by the Nepal Rastra Bank (NRB), the following is the sector wise break down of amount of loans lent by each commercial bank in different sectors.
Commercial Banks have deployed Rs.23.99 Kharba on different sector till Falgun end FY 75/76. They have extended maximum loans under wholesaler and Retailers sector i.e. Rs.5.43 Kharba by the end of Falgun. The maximum concentration of credit is under Wholesaler and Retailers, Manufacturing sectors and others i.e. 22.64%, 19.90% and 11.13% respectively.",0.8977795839309692
2019-04-03,What are the current interest rates offered by commercial banks on deposit and loan products? Check if changing bankers will add more value to your operations,https://www.sharesansar.com/newsdetail/what-are-the-current-interest-rates-offered-by-commercial-banks-on-deposit-and-loan-products-check-if-changing-bankers-will-add-more-value-to-your-operations,"As the new and final quarter for the  year 2075 approaches dawn, the commercial banks have been in spree to release new interest rates on deposit and loan products.
For the interest rate on savings product, all the commercial banks have entered into a gentleman’s agreement to fix a cap on the maximum rate of interest they can provide. As for the main determinant of interest rates on loan products, the base rate which includes all cost of funds, cost of liquidity (CRR and SLR), and cost of operation, for the new quarter have been published by the commercial banks.
The banks add a premium on the base rate to derive the final interest on loans. This premium is based on many factors like, credit worthiness of the customer, amount of loan etc. However, a higher base rate doesn’t always mean that the final interest on loan will also be high. On the contrary, a lower rate of premium doesn’t always mean that the final interest on loan will also be low.
The base rate of a commercial bank is a fair reflection of the costs incurred by the banks. Therefore, a higher base rate means that the cost incurred by the banks is high and vice versa.
Margin Type Loan is a loan that the commercials banks provide against shares as collateral. The banks have a different rate of premium which is added to the base rate to derive the final interest on loan for a customer. Since, the loan is issued against the shares held by the customer, the current market price of the shares is a major influencing factor in these loans. It is also affected by the perspective of the banks regarding the future performance of the shares.
For the sake of clarity and ease to the investors, a list has been compiled that includes relevant data regarding the interest rate on savings, latest base rate and premium added to Margin type loans of all 28 commercial banks.
As we can see, since none of the banks have broken the gentleman’s agreement this time, the maximum interest rate on savings provided by commercial banks is uniform 6.50% for most of the banks. Other banks have lower interest rate than 6.50%. Nepal SBI Bank (SBI) and Rastriya Banijya Bank (RBB) provide the lowest rate of interest on savings product in the industry.
Similarly, the fixed deposit rates provided by banks are also uniform at 9.25% p.a. for individuals and 8.50% p.a. for institutions for a period of 1 year or above.
Both government banks, RBB and Nepal Bank Limited (NBL) are leading the race to have the lowest base rate among commercial banks with base rate of 5.60% and 6.54% respectively. Century Commercial Bank (CCBL) has the highest base rate in the industry at 11.50% while three other commercial banks have base rate more than 11%. The base rate for the industry averages at 9.74% based on the above mentioned base rates. Only 10 out of 28 commercial banks have below average base rates.
The premium added on base rate for margin type loan varies between 0% and 8% in the industry. As mentioned earlier, the rate of premium depends on many factors due to which the final interest on loan product varies from customer to customer.",0.8948839902877808
2019-03-28,NCC Bank Retirement Fund to distribute Rs 3.62 crore worth dividend to its depositors,https://www.sharesansar.com/newsdetail/ncc-bank-retirement-fund-to-distribute-rs-362-crore-worth-dividend-to-its-depositors,"NCC Bank Retirement Fund, a fund managed by Nepal Credit and Commerce Bank, has provided Rs 3.62 crore worth of dividend to the employees of more than its 200 member organizations. NCC Retirement Fund has provided 1.83% of the total balance amount in their retirement fund directly to their account.
The NCC Bank Retirement Fund has also been providing medical insurance fee worth of Rs 15 thousand every year apart from regular cash dividend, as mentioned in the media statement.",0.8919321298599243
2019-03-25,Young Mahalaxmi Life Insurance keeps momentum of bancassurance with big banks; NCC Bank agrees to facilitate in sales of Mahalaxmi’s policies,https://www.sharesansar.com/newsdetail/young-mahalaxmi-life-insurance-keeps-momentum-of-bancassurance-with-big-banks-ncc-bank-agrees-to-facilitate-in-sales-of-mahalaxmis-policies,"Nepal Credit and Commerce Bank has entered into a bancassurance tie-up with Mahalaxmi Life Insurance Company under which the commercial bank will be facilitating the sales of life insurance policies of the insurance company through its branch network.
The agreement for the same was signed between CEO of the bank Mr. Ramesh Raj Aryal and CEO of the insurance company Mr. Ramesh Kumar Bhattarai amid a program.",-0.48404771089553833
2019-03-17,NCC Bank expands in Krishnapur Nagarpalika of Kanchanpur,https://www.sharesansar.com/newsdetail/ncc-bank-expands-in-krishnapur-nagarpalika-of-kanchanpur,"Nepal Credit and Commerce Bank has brought into operation its latest branch in Krishnapur Nagarpalika-5 of Kanchanpur district on Chaitra 1, 2075. The latest facility was inaugurated by chief of the Nagarpalika Mr. Karna Bahadur Hamal and BoD of the bank Mr. Chandra Prashad Bastola amid a program. The event was also attended by CEO of the bank Mr. Ramesh Raj Aryal, Branch Manager of newly opened branch Mr. Rabindra K.C.",0.6169945001602173
2019-03-07,NCC Bank’s initiative towards promoting Nepalese cricket; appoints rising cricketers Arif Sheikh and Rohit Kumar Paudel as Brand Ambassadors,https://www.sharesansar.com/newsdetail/ncc-banks-initiative-towards-promoting-nepalese-cricket-appoints-rising-cricketers-arif-sheikh-and-rohit-kumar-paudel-as-brand-ambassadors,"Nepal Credit and Commerce Bank has appointed two young and rising Nepalese cricketers Arif Sheikh and Rohit Kumar Paudel as its Brand Ambassadors. The bank unveiled its Ambassadors at an event held on Falgun 22, 2075 which was also attended by the bank’s chairman Mr. Upendra Keshari Neupane, CEO Ramesh Raj Aryal, Head Coach of national cricket team Mr. Jagat Tamata, among others.
The bank currently has 125 branches and 74 ATM outlets throughout the nation.",-0.2539457678794861
2019-03-03,Why the status of commercial banks is still risky? A brief picture of Funding and Non Funding Income,https://www.sharesansar.com/newsdetail/why-the-status-of-commercial-banks-is-still-risky-a-brief-picture-of-funding-and-non-funding-income,"The income aspect of banks revolves around receiving deposits and lending loans. In between this process, banks charge higher percentage of interest on the loan they disburse and provide lower interest rates on the deposit they receive. This gap that bank produces is its core income known as net interest income. The net interest income can also be referred as Funding income.
The era of banking has been evolving overtime. Today’s banks are not supposed to be relied upon net interest income as the only source of income. Therefore, banks provide variety of services such as credit and debit cards, internet banking, mobile banking, locker services, foreign currency exchange services etc. Banks charge fees for processing loans, providing card services, and hosting other services. Income earned through other fees except interest income is called as Non Funding Income.
As of second quarter of FY 2075/76, the net interest income i.e. funding income accounts for about 77.44% of the overall banking income. As mentioned earlier, net interest income, the core income of the banks, play a vital function in banks’ performance. However, net interest income is associated with several high level risks in the form of bad loans. In this scenario, investors and analysts should not overlook the component of non-funding income of banks. Non-funding income has a relatively low level of risk. The higher the non-funding interest income, the more diversified portfolio of income producing activities.
The proportion of Funding and Non Funding Income of commercial banks in the FY 2075/76 as of Q2
As of second quarter this year, the total income of the commercial banking industry is Rs 80.13 arba. The funding income of industry is Rs 62.05 arba occupying 77.44% and non-funding income remains at only Rs 18.08 arba which is 22.56% of the whole industry income. This means that more than three-fourths part of income generated by commercial banks is risky and is highly dependent on deposits and loans. This shows the extent to which liquidity crunch will impact the banking industry.
There are only 15 out of 28 commercial banks that have non-funding income proportion above 22.56%. The bank with highest proportion of non-funding income is Standard Chartered Bank (SCB). It has maintained a ratio of 65:34% between funding and non-funding income. Besides, Nepal Bangladesh Bank (NBB) has maintained a 70:29% ratio between funding and non-funding income. Ironically, state banks such as Rastriya Banijya Bank (RBB) and Agriculture Development bank (ADBL) which are supposed to be the epitomes for diversifying their services have the lowest contribution in the non-funding income sources.
The data table shows the absence of innovation in the banking industry of the country.",0.8488544225692749
2019-02-24,Premier Insurance teams up with NCC Bank for bancassurance,https://www.sharesansar.com/newsdetail/premier-insurance-teams-up-with-ncc-bank-for-bancassurance,"Premier Insurance Company has entered into bancassurance agreement with Nepal Credit and Commerce Bank Limited under which the bank has agreed to assist in the sales of non-life insurance policies and services of the insurance company via its wide network of branches. The agreement for the same was signed between CEO of the bank Mr. Ramesh Raj Aryal and CEO of the insurance company Mr. Sudyumna Prasad Upadhayaya amid a program on Magh 29, 2075.",-0.6796279549598694
2019-02-18,"Commercial banks, their personnel expenses and it's comparative impact in Total operating income; Banks with Government stake seem inefficient in utilizing personnel expenses",https://www.sharesansar.com/newsdetail/commercial-banks-their-personnel-expenses-and-its-comparative-impact-in-total-operating-income-banks-with-government-stake-seem-inefficient-in-utilizing-personnel-expenses,"All the listed commercial banks have published their unaudited balance sheet for the second quarter of FY 2075/76. Everyone has already seen their net profit, earnings per share and other financial indicators, however in case of banks it is equally important to look at their investment in Human Resource and their proper utilization.
Nepal Rastra Bank (NRB), the central bank of Nepal, has mandated that the commercial banks need to spend at least 3% of personnel expenses on training and development of the employees.
According to the latest reports, banks with government stakes seems to have higher personnel expenses than the private banks. The first on the list is Rastriya Banijya Bank (RBB). RBB has the highest branch network with presence in all 77 districts of the country. The other two banks with government stake, Agricultural Development Bank (ADBL) and Nepal Bank (NBL) come in second and third place respectively.
Similarly, NIC Asia bank (NICA) has the highest personnel expenses among all the private banks and has surpassed Nepal Bank. NICA has been moving ahead with aggressive expansion and heavy recruitment, which explains higher personnel expenses.
However, only looking at the absolute figures won’t be enough to see if the bank is using its money in the most optimum way. To analyze that, we can look at a few ratios. They are:
Personnel expenses to operating income
Higher number of staffs leads to higher level of personnel expenses but that isn’t necessarily good or bad. The higher expenses are good if it is justified by similar increment in the operating income. Therefore, the personnel expenses to operating income reflects the personnel expenses of commercial banks with respect to their operating income.
The industry average, as shown above, is 25% where 12 banks have personnel expenses above the industry average, 3 are at the average and 13 are below industry average.
RBB, ADBL, NBL, NICA and PRVU despite having huge personnel expenses, don’t seem to exhibit similar performance in operating income generation. However, more concern should be directed to NCCB. It has below average personnel expenses but a higher personnel expense to operating income ratio.
Personnel expenses and other operating expenses to total operating income ratio:
The industry average for the personnel expenses and other operating expenses to total operating income ratio is 39%. From the below table, we can see that 2 banks are operating at industry average, 10 banks are below industry average and the rest are above industry average.
Once again, NBL despite having huge personnel expenses has above average ratio in this category. Similarly, others in the list are NABIL, EBL, NIB and HBL. NCCB’s performance is not so good in this indicator too.
Personnel expenses to paid-up capital ratio:
After the NRB hiked the minimum paid-up capital requirement to Rs 8 arba, the ratio of personnel expenses to paid-up capital has gone down. However, comparing amongst the banks, the industry average stands at 8%.
As seen in the table above, 6 banks are at industry average, 13 below and 9 above industry average. Once again RBB, ADBL, NICA, NBL and NABIL report high on this indicator despite having larger personnel expenses account.
Finally,
Most of the big banks haven’t performed as expected in the ratio discussed above. We can also see that the banks with government stake haven’t been able to generate as much income in proportion to the level of personnel expenses they incur.
As an investor, now its time to ask yourself if these ratios are significant while making your investment decision. What do you think of the banks who aren’t generating income in proportion to the expenses they incur in terms of Human resources?",0.5097264647483826
2019-02-15,Correlation between commercial banks and NEPSE index; what implication does it have in your investment decision?,https://www.sharesansar.com/newsdetail/correlation-between-commercial-banks-and-nepse-index-what-implication-does-it-have-in-your-investment-decision,"Correlation is defined as the statistical association or relationship between variable under consideration. It basically shows how close the variables are to having a linear relationship.
In stock market, this correlation often plays a significant role. There are interest-sensitive stocks, cyclical stocks and deep-cyclical stocks that moves in tandem with the market index or opposite to the market index. The stock market index, supposedly is a portrayal of the overall performance in the economy. So based on the nature of business and operation, some companies go up when index goes up and others have an inverse relationship.
If we look closely, the bull of 2016 was led by the BFIs index i.e. these sectors gained the highest points during that period. In similar manner, we can also access the correlation between the NEPSE index and the individual company's share price to see if there is a relation.
Going into the commercial banking sector, there are currently 27 listed banks in NEPSE. In order to find the correlation coefficient between the company's share and price and the NEPSE index, we have taken the data of one year (from 2018 Feb 11 to 2019 Feb 11). The findings is shown as:
The banks with positive correlation coefficient shows that when the index goes up, the bank's share price also goes up and the opposite is true for negative values. Similarly, the higher values indicate a stronger relationship between the index movement and the share price movement.
As you can see only PRVU and NICA have negative correlation coefficient. PRVU’s prices have been rising even though the market is bear and this can be attributed to its good performance which has attracted investors. And when the demand is high, the prices also rise.
Similarly, in case of NICA, the bank is adopting an aggressive mode of growth. This can be seen through their competent interest rates, rapid expansion of branches and so on. This also has led the banks’ prices to rise.
So next time you are considering investing, the correlation coefficient can be an indicator to look at. If the market is bull, shares with positive coefficient are the ones to pursue and vice versa. However, we’d also like to add a caveat that the correlation coefficient can’t be taken as full basis for your investing decision. You will also have to look at the companies’ fundamentals, technical trends and economic indicators.",0.7006102800369263
2019-02-10,79 Lakh units right shares of NCCB get listed on NEPSE; bank still short of Rs.99 Crore to meet the minimum paid up capital requirement,https://www.sharesansar.com/newsdetail/79-lakh-units-right-shares-of-nccb-get-listed-on-nepse-bank-still-short-of-rs99-crore-to-meet-the-minimum-paid-up-capital-requirement,"Nepal Stock Exchange (NEPSE) has published a notice regarding the listing of right shares of Nepal Credit and Commerce Bank (NCCB). NEPSE has listed 7,911,281 units of right shares of the commercial bank. The company had auctioned these shares after it was unable to allot 50% right shares to its shareholders. These shares can now be traded on the secondary market.
The paid up capital of the bank, as of the end of the second quarter of FY 75/76, stands at Rs.7.01 Arba. The bank will likely distribute bonus shares for the remaining Rs.99 Crore to meet the minimum capital requirement of Rs.8 Arba. The bank posted a free profit of Rs.64.39 Crore for the mentioned period.",0.8833560943603516
2019-02-05,Due to rise in core business income; net profit of NCC Bank rises by 39.84% in Q2,https://www.sharesansar.com/newsdetail/due-to-rise-in-core-business-income-net-profit-of-ncc-bank-rises-by-3984-in-q2,"Nepal Credit and Commerce Bank Limited (NCCB)
have reported 39.84% rise as per NFRS based report in the net profit in the second quarter of the fiscal year 2075/76.
The bank’s profit has increased from Rs 53 crore in the second quarter of the fiscal year 2074/75 to Rs 74.11 crore in the second quarter of the fiscal year 2075/76. In the second quarter of the FY 2075/76, the bank has Rs 64.39 crore as Free Profit after Regulatory.
The bank’s deposit has growth rate of 9.41% to Rs 64.71 arba and loans and advances have also increased by 16.90% to Rs 58.44 arba in the second quarter.
The net interest income of the bank has also increased to Rs 1.46 arba from Rs 67.26 crore of the corresponding quarter with an outstanding growth of 117.85%.
The bank’s paid up capital stands at Rs 7.01 arba with Rs 4.17 arba as its reserve as of the end of second quarter of FY 2075/76.
The Non-Performing Loan (NPL) has also decreased to 3.53% from 4.04%.
In the second quarter, the EPS of the bank stands at Rs 21.12. The net worth per share stands at Rs 159.55 and its PE stands at 10.32 times.
Click Here for Q2 report:
Major Highlights:
Particulars (In Rs '000)
Nepal Credit and Commerce Bank
Q2 2075/76
Q2 2074/75
Difference
Paid Up Capital
7,018,559
4,679,058
50.00%
Reserve & Surplus
4,179,303
3,769,101
10.88%
Deposits
64,717,387
59,152,766
9.41%
Borrowings
1,130,570
779,231
45.09%
Loans & Advances
58,442,377
49,994,698
16.90%
Net Interest Income
1,465,442
672,680
117.85%
Impairment Charge/(Reversal)
-44,927
-391,525
-
Operating Profit
1,033,110
736,034
40.36%
Profit/(Loss) for the Year
741,175
530,019
39.84%
Total Comprehensive Income
735,076
506,831
45.03%
Add/ Less: Regulatory adjustment as per NRB
-97,204
-252,532
-
Free Profit/ (Loss) after Regulatory Adjustments
643,971
277,487
132.07%
Capital Adequacy Ratio (CAR)
14.10
11.24
25.44%
NPL
3.53
4.04
-12.62%
CCD (as per NRB Directives)
78.21
78.98
-0.97%
Base Rate (%)
10.87
11.45
-5.07%
Annualized EPS (In Rs.)
21.12
22.65
-6.77%
Net Worth per Share (In Rs.)
159.55
180.55
-11.63%
PE Ratio
10.32
-
-",-0.43196308612823486
2019-02-04,NCC Bank collaborates with Blue Cross Hospital to provide special discount at hospital for its customers and employees,https://www.sharesansar.com/newsdetail/ncc-bank-collaborates-with-blue-cross-hospital-to-provide-special-discount-at-hospital-for-its-customers-and-employees,"NCC Bank has partnered with Tripureshwor based Blue Cross Hospital under an agreement to provide special discount to the bank’s customers, employees and shareholders while availing services at the hospital. The agreement regarding the same was signed between CEO of the bank Mr. Ramesh Raj Aryal and member secretary of hospital management committee Mr. Rajat Shrestha amid a program.
The bank is serving its customers through 122 branches and 74 ATM outlets.",-0.35885488986968994
2019-01-30,What is the minimum and maximum interest rate charged by commercial banks on margin type loan? Look at the base rate and net interest spread of all commercial banks,https://www.sharesansar.com/newsdetail/what-is-the-minimum-and-maximum-interest-rate-charged-by-commercial-banks-on-margin-type-loan-look-at-the-base-rate-and-net-interest-spread-of-all-commercial-banks,"~Rishab Agrawal
Base rate, as defined by Nepal Rastra Bank, includes all cost of funds, cost of liquidity (CRR and SLR), and cost of operation. If a bank’s returns on government securities is lower than deposit collection rate, they can add the shortfall in the base rate.
This is the minimum rate banks have to charge their customers. Banks usually add a premium to the base rate to derive the total rate of interest on a particular type of loan facility. This makes the loan facility provided by different banks vary in the interest rate charged.
Net Interest Spread, also known as spread rate, is the difference between the borrowing and lending rate of financial institutions. It is expressed as interest rate on yielding assets minus interest rate paid on deposits. The spread rate is a reflection of the difference between what the banks are charging and paying as interest.
Commercial Banks are required to publish their base rate and spread rate for every quarter. The list of latest base rate, interest on margin lending (or loan against shares) and interest spread of each commercial banks is as follows:
Currently, Kumari Bank (KBL) has the highest base rate among commercial banks at 11.55% followed by Century Commercial Bank (CCBL) having base rate of 11.50%. Two other banks, namely Janata Bank (JBNL) and Civil Bank (CBL) have base rate above 11%. On the other hand, government owned banks, Nepal Bank Limited (NBL) and Rastriya Banijya Bank (RBB) have the lowest base rate at 6.90% and 6.33% respectively. No other commercial bank has base rate less than 7%. The average base rate stands at 9.88% and 17 out of 28 commercial banks have above average base rate.
As mentioned earlier, the banks add a premium to the base rate to derive the interest on loan which differs from bank to bank. In case of margin lending, the range of premium added by each bank has been mentioned and accordingly the minimum rate and maximum rate of lending for this type of loan has been derived. The minimum lending rate averages at 10.98% while the maximum lending rate averages at 15.88%. The rate of premium for this type of loan can be anywhere between 0% and 8%. However, NMB Bank (NMB) has set the upper limit to 10% depending on the amount of loan and the nature of the debtor.
Looking at the interest spread rate, NIC Asia Bank (NICA) has the highest spread rate in the industry at 4.98% followed by Rastriya Banijya Bank (RBB) at 4.95% while Kumari Bank Limited (KBL) and Civil Bank Limited (CBL) have the lowest at 3.38% and 3.23% respectively. The average interest spread rate stands at 4.16% with 12 commercial banks having above average interest spread rate.
NRB had allowed the banks to add up to 0.75% to the base rate as return on asset. Recently, this provision was abolished by the central bank hoping that the commercial banks would curb their lending rates. But the commercial banks failed to do so.",0.8829796314239502
2019-01-29,Customers and employees of NCC Bank to receive attractive discount at Om Hospital and Research Center,https://www.sharesansar.com/newsdetail/customers-and-employees-of-ncc-bank-to-receive-attractive-discount-at-om-hospital-and-research-center,"Nepal Credit and Commerce Bank has entered into agreement with Om Hospital and Research Center with an aim to provide affordable health services to its customers and employees while availing different hospital services. The MoU regarding the same was signed between CEO of the bank Mr. Ramesh Raj Aryal and MD of the hospital Mr. Babu Kaji Karki amid a program.
The bank is currently providing banking services from its 122 branches and 74 ATM outlets located all over the nation.",-0.6222772598266602
2019-01-25,Sagarmatha Insurance takes NCC Bank on-board as bancassurance partner,https://www.sharesansar.com/newsdetail/sagarmatha-insurance-takes-ncc-bank-on-board-as-bancassurance-partner,"Sagarmatha Insurance and Nepal Credit and Commerce Bank have entered into bancassurace deal under which the commercial bank has agreed to provide insurance policies and services of the insurance company to the customers through all its branches.
The agreement for the same was signed between CEO of the insurance company Mr. Chanki Chettri and CEO of the bank Mr. Ramesh Raj Aryal amid a program.",-0.6254128813743591
2019-01-21,Good news for patients of Norvic Hospital; Special discount at the hospital for card users and employees of NCC Bank,https://www.sharesansar.com/newsdetail/good-news-for-patients-of-norvic-hospital-special-discount-at-the-hospital-for-card-users-and-employees-of-ncc-bank,"Nepal Credit and Commerce Bank has signed an agreement with Norvic International Hospital with an aim to provide affordable health services to its customers, Debit and Credit card users and employees of the bank at the hospital. Following the agreement, cardholders of the bank are now entitled to receive a special discount while availing various services at the hospital. The agreement for the same was signed between CEO of the bank Mr. Ramesh Raj Aryal and Executive Director of the hospital Mr. Rajendra Bahadur Singh amid a program.
The bank is currently providing banking services from its 122 branches and 74 ATM outlets throughout the nation.",-0.5597623586654663
2019-01-20,"Despite being the most regulated sector, commercial banks behind on conducting AGM; What can investors expect?",https://www.sharesansar.com/newsdetail/despite-being-the-most-regulated-sector-commercial-banks-behind-on-conducting-agm-what-can-investors-expect,"~Rishab Agrawal
As per the regulation of the authorities, all the companies listed on NEPSE have to compulsorily convene their Annual General Meeting (AGM) with 6 months of completion of the fiscal year. The main purpose of the AGM is to endorse audited financial highlights of the fiscal year and to get approval for the proposed dividend (if any) for the shareholders. Other aspects of the AGM include the appointment of statutory auditor for the upcoming fiscal year and presentation of other important decisions regarding the operation of the company. These aspects makes the AGM an important event for the company as well as its stakeholders. But like we have seen in previous years, some companies are yet to convene their AGM while the authorities have turned a blind eye towards the situation.
Talking about the most popular sector among investors- commercial banks, most of the banks haven’t even proposed their AGM’s for the FY 74/75 while some have not yet convened AGM for FY 73/74, let alone the AGM for the previous fiscal year. A list containing the dates of AGM for FY 73/74 and FY 74/75 proposed by all the commercial banks have been prepared to get clarity about the carelessness of commercial banks towards stated rules and to highlight the authorities’ ignorance by being silent about the situation.
From the above mentioned data, some commercial banks have delayed their AGM till a period of August for the previous fiscal year while three commercial banks namely, Nepal Credit and Commerce Bank (NCCB), Civil Bank Limited (CBL) and Kumari Bank Limited (KBL) have not yet convened the AGM for FY 73/74. Similarly, 9 commercial banks including the three mentioned above have not even proposed the date of AGM for FY 74/75.
As per the stated regulations, the commercial banks can apply for an extension of deadline to convene the AGM after presenting a valid reason. If the reason is acceptable, the Nepal Rashtra Bank (NRB) approves the extension. However, if the reason is unacceptable or if the bank fails to apply for the extension, the NRB has the authority to force the bank to convene the AGM. Although this happens under very rare cases.
The major disadvantage of not convening the AGM on time is that it weakens the trust of the stakeholders in the company. Since, they are deprived of the information required to make important decisions, their belief and trust is hampered. This can take a heavy toll on the market performance of a particular company. It also defeats the purpose of a public company as those companies are established with the motive of being completely transparent about their operations and activities.
Such occurrences are a small reflection of the condition of the securities market in Nepal where there is a huge scope but due to ignorance of authorities and careless attitude of the companies, the growth prospect is curbed. This situation cannot change until this type of mindset is changed. The growth prospects will always be bleak until the concerned people and authorities start being more responsible towards their duties and expectations of the stakeholders.",0.7727754712104797
2019-01-15,Nepal Credit and Commerce Bank allots 79.10 Lakh units of auctioned promoter and ordinary right shares; non-allottees to get refund form today,https://www.sharesansar.com/newsdetail/nepal-credit-and-commerce-bank-allots-7910-lakh-units-of-auctioned-promoter-and-ordinary-right-shares-non-allottees-to-get-refund-form-today,"Nepal Credit and Commerce Bank Limited (NCCB) had allotted its unsold promoter and ordinary right shares after the conclusion of the auction and is refunding money to the non-allottee, directly to their bank accounts. The bank was auctioning more than 79 Lakh units of unsold promoter and ordinary right shares.
The issue manager for the purpose of auction was Sunrise Capital Limited. As per the notice published, a total of 123 applications were received for unsold promoter right shares. 35 applicants who placed their bids within the rage of Rs.113 to Rs.101.10 have been fully allotted shares. 5 applicants who placed their bids at Rs.101 per share, have been partially allotted shares. Total of 40 applicants have been allotted 6,516,795 units of shares as the issue is fully subscribed.
Similarly, 5,027 applicants were received for unsold ordinary right shares. Out of the total applicants, 136 applicants who placed their bids within the range of Rs.221 to Rs.201.01 have been fully allotted shares, while 64 applicants who placed their bids at Rs.201 per share, have been partially allotted shares. Total of 200 applicants have been allotted 1,394,198 units of shares as the issue is fully subscribed.
Currently, the paid up capital of the bank is Rs 4.67 arba. After the adjustment of the right shares, the paid-up capital of the bank will rise to Rs 7.01 arba. The bank will likely distribute bonus shares for the remaining Rs 99 crore to meet the minimum capital requirement of Rs 8 arba.
The LTP of NCCB is Rs 218. Similarly, the promoter shares of NCC Bank (NCCBPO) was last traded on December 30, 2018, at Rs 130.",0.8882220387458801
2019-01-07,Tentative cutoff of NCC Bank's auctioned promoter share stands at Rs 101 and at Rs 201 above for ordinary share; CIT has chance for Promoter Shares but out of the game for Ordinary Shares,https://www.sharesansar.com/newsdetail/tentative-cutoff-of-ncc-banks-auctioned-promoter-share-stands-at-rs-101-and-at-rs-201-above-for-ordinary-share-cit-has-chance-for-promoter-shares-but-out-of-the-game-for-ordinary-shares,"Nepal Credit and Commerce Bank Limited's (NCCB) had opened an auction for 79.10 lakh unit right shares.
The bank has auctioned 65,16,795 units promoter shares and 13,94,198 units ordinary shares. For the promoter shares, the existing promoters of the company will be given priority while issuing the shares.
Sunrise Capital Limited has been appointed as the issue manager for the auction of the shares.
According to the officials at Sunrise Capital, the tentative cut-off of Promoter Shares stands at Rs 101 and has been fully subscribed. A total of 119 applications were received, with CIT bidding for highest number of units at Rs 101.
Similarly, the tentative cut-off of the Ordinary Shares stands at Rs 201 and has been fully subscribed. A total of 4,922 applications were received for it. Since CIT had applied at Rs 191, it will not be allotted any public shares.
Currently, the paid up capital of the bank is Rs 4.67 arba. After the adjustment of the right shares, the paid-up capital of the bank will rise to Rs 7.01 arba. The bank will likely distribute bonus shares for the remaining Rs 99 crore to meet the minimum capital requirement of Rs 8 arba.
The LTP of NCCB is Rs 218. Similarly, the promoter shares of NCC Bank (NCCBPO) was last traded on December 30, 2018, at Rs 130.",0.8979134559631348
2019-01-06,Aution of NCC Bank attracts huge crowd; CIT applied for entire auction but subject to allotment,https://www.sharesansar.com/newsdetail/aution-of-ncc-bank-attracts-huge-crowd-cit-applied-for-entire-auction-but-subject-to-allotment,"Nepal Credit and Commerce Bank Limited's (NCCB) had opened an auction for 79.10 lakh unit right shares.
The bank has auctioned 65,16,795 units promoter shares and 13,94,198 units ordinary shares. For the promoter shares, the existing promoters of the company will be given priority while issuing the shares.
Sunrise Capital Limited has been appointed as the issue manager for the auction of the shares.
Currently, the paid up capital of the bank is Rs 4.67 arba. After the adjustment of the right shares, the paid-up capital of the bank will rise to Rs 7.01 arba. The bank will likely distribute bonus shares for the remaining Rs 99 crore to meet the minimum capital requirement of Rs 8 arba.
Given the possibility of bonus shares, the auction has attracted many investors albeit the market trend. According to the officials at privy, a total of 119 applications were received for promoter shares and 4,922 applications for ordinary shares.
The bid opening had started from 10 AM today but is likely to take the whole day. Based on the bids opened so far, from the applications for promoter shares the maximum bid has been received at Rs 145, while the minimum is Rs 100.
The LTP of NCCB today is Rs 218. Similarly, the promoter shares of NCC Bank (NCCBPO) was last traded on December 30, 2018, at Rs 130.
Citizen Investment Trust (CIT) has shown a special interest in the auction and has applied for the entire shares floated. It has applied for ordinary shares at Rs 191 and for promoter shares at Rs 101 approximately. Since a lot of bids are yet to be opened, the conclusive results will be available later.",0.8486379384994507
2019-01-04,NCC Bank's auction for 79.10 lakh units right shares to close today; Paid-up capital to reach Rs 7.01 arba,https://www.sharesansar.com/newsdetail/ncc-banks-auction-for-7910-lakh-units-right-shares-to-close-today-paid-up-capital-to-reach-rs-701-arba,"Nepal Credit and Commerce Bank Limited's (NCCB) auction for 79.10 lakh unit right shares will be closed today.
The commercial bank has urged the interested bidders to place applications for minimum 1000 units of promoter shares and 100 units of ordinary shares. The minimum bid price has been set as Rs 100 so the bids should be placed above Rs 100.
The bank is selling 65,16,795 units promoter shares and 13,94,198 units ordinary shares. For the promoter shares, the existing promoters of the company will be given priority while issuing the shares.
Sunrise Capital Limited has been appointed as the issue manager for the auction of the shares. The application form can be collected and deposited in Sunrise Capital and designated branches of Nepal Credit and Commerce Bank.
The bidders should deposit the entire bid amount in the A/C no 0030000017615 of NCC Bank or A/C no 0690371114401009 of Sunrise Bank in the name of Sunrise Capital Limited.
Currently, the paid up capital of the bank is Rs 4.67 arba. After the adjustment of the right shares, the paid-up capital of the bank will rise to Rs 7.01 arba. The bank will likely distribute bonus shares for the remaining Rs 99 crore to meet the minimum capital requirement of Rs 8 arba.",0.9168053865432739
2018-12-31,NCC Bank reaches out to Argali of Tansen; latest branch inaugurated with presence of key figures,https://www.sharesansar.com/newsdetail/ncc-bank-reaches-out-to-argali-of-tansen-latest-branch-inaugurated-with-presence-of-key-figures,"Nepal Credit and Commerce Bank has brought into operation its latest branch at Tansen Nagarpalika-14 Argali of Palpa district. the latest facility was inaugurated by Governor of NRB Dr. Chiranjibi  Nepal amid a program on Poush 14, 2075.
The inaugural event was also attended by Headmaster of Ruru Sanskrit School Mr. Lilamani Sharma, member of FNCCI Palpa Mr. Bishnu Neupane, chairman of ward 14 of Tansen Nagarpalika Mr. Kamal Rana, chairman of the bank Mr. Upendra KC Neupane, CEO of the bank Mr. Ramesh Raj Aryal, among others.",0.4298684000968933
2018-12-28,Stocks of many companies are in the bullish zone despite bearish market trend; have you invested in any of those companies?,https://www.sharesansar.com/newsdetail/stocks-of-many-companies-are-in-the-bullish-zone-despite-bearish-market-trend-have-you-invested-in-any-of-those-companies,"~Rishab Agrawal
The year 2018 has been a year with lots of ups and downs for the securities market. The market was influenced by a lot of things which are common in the market like quarterly reports, dividends, rights etc. However it was also influenced by some uncommon events like online trading controversy, protest for growth of stock market, interest rate wars between commercial banks, new NRB regulations etc.
Amidst all such events, the year is looking to end on a positive note with NEPSE gradually flourishing and investors getting more security and accessibility in the securities market. However, would it be correct to say that the bullish trend is here? Will we be entering the New Year with the bull on our side?
Generally, bullish trend is said to have arrived if prices of shares grow by 20% or more from a recent low while a change of 10% or less is referred to as a correction. To analyze if the market is supporting the wake of a bullish trend or is acting against it, we have compiled a list of companies from banking and insurance sector and compared their latest prices with their recent low closing price to check if the most popular stocks among investors have entered the bullish phase or are still in correction phase.
(*All of the low closing prices of the companies have been calculated after consideration of their respective bonus and rights)
Commercial Banks
On comparing the recent low prices with the latest prices of commercial banks, 10 banks have entered the bullish trend after posting a growth of 20% or more while 12 banks are still in correction phase after posting a growth of 10% or less. 5 banks have a growth of more than 10% but less than 20%. The highest growth was posted by Prabhu Bank (PRVU) at 43.18% while the lowest was posted by Nabil Bank (NABIL) at 2.13%.
Life Insurance
Among life insurance companies, all except for Life Insurance Corporation Nepal (LICN) have grown by more than 20% from a recent low. Surya Life Insurance (SLICL) has posted the highest growth at 50.60% while LICN las posted the lowest at 14.38% although it has passed the correction phase. As per this analysis, Life Insurance sector has supported the rise of the bullish trend.
Non-Life Insurance
13 Non-Life Insurance companies out of 15 have posted a growth of more than 20% from a recent low. Himalayan General Insurance (HGI) and Rastriya Beema Company (RBCL) have posted a growth of 19.44% and 16.85% respectively. The highest growth among non-life insurance companies was posted by Everest Insurance Company (EIC) at 70.47%.
From the analysis above, most popular stocks among investors have supported the bull trend however some big names are still is correction phase while some are on the verge of entering the bullish trend. If the market continues to go in this direction, the investors will be entering the New Year with a long overdue bull on their side. It wouldn’t be wrong to expect a bright 2019 for securities market.",0.37620413303375244
2018-12-27,Increased limit for margin type loans; How much more can the commercial banks float?,https://www.sharesansar.com/newsdetail/increased-limit-for-margin-type-loans-how-much-more-can-the-commercial-banks-float,"- Puskar Shrestha
Nepal Rastra Bank’s recent issue of circular for the banks and financial institutions brought around many changes to be implemented. One of the major changes was the increment of margin loan capacity to 40% of the core capital. The margin loan capacity was decreased by the monetary policy to 25%. After the new amendment, the commercial banks will have increased capacity to provide the margin loan.
S.N.
Bank
Core Capital (Rs.)
Current Floated Margin Type Loan (Rs.)
% of core capital
New Limit (40% of core capital)
Excess lending capacity (Rs.)
1
Prabhu Bank Limited
11,31,09,49,778
2,62,79,00,000
23.23
4,52,43,79,911.20
1,89,64,79,911.20
2
Citizens Bank International Limited
11,12,31,73,516
2,48,74,90,000
22.36
4,44,92,69,406.40
1,96,17,79,406.40
3
Siddhartha Bank Limited
12,62,12,22,000
2,20,27,10,000
17.45
5,04,84,88,800.00
2,84,57,78,800.00
4
Prime Commercial Bank Limited
11,44,91,01,482
1,99,33,80,000
17.41
4,57,96,40,592.80
2,58,62,60,592.80
5
Sunrise Bank Limited
10,82,11,40,000
1,76,80,00,000
16.34
4,32,84,56,000.00
2,56,04,56,000.00
6
Laxmi Bank Limited
10,86,03,00,000
1,49,03,70,000
13.72
4,34,41,20,000.00
2,85,37,50,000.00
7
Global IME Bank Limited
12,85,47,98,277
1,73,13,80,000
13.47
5,14,19,19,310.81
3,41,05,39,310.81
8
Century Commercial Bank Limited
9,68,77,28,348
1,18,78,90,000
12.26
3,87,50,91,339.20
2,68,72,01,339.20
9
Rastriya Banijya Bank Limited
15,22,71,89,913
1,86,67,90,000
12.26
6,09,08,75,965.38
4,22,40,85,965.38
10
NIC Asia Bank Limited
11,68,73,90,000
1,40,00,90,000
11.98
4,67,49,56,000.00
3,27,48,66,000.00
11
Civil Bank Limited
9,57,03,22,320
1,10,70,90,000
11.57
3,82,81,28,928.00
2,72,10,38,928.00
12
Nepal Bank Limited
20,50,12,76,000
2,15,00,30,000
10.49
8,20,05,10,400.00
6,05,04,80,400.00
13
NCC Bank Limited
8,68,78,64,000
83,28,20,000
9.59
3,47,51,45,600.00
2,64,23,25,600.00
14
Nabil Bank Limited
18,23,93,42,946
1,60,64,20,000
8.81
7,29,57,37,178.40
5,68,93,17,178.40
15
Himalayan Bank Limited
14,10,51,92,846
1,11,85,50,000
7.93
5,64,20,77,138.40
4,52,35,27,138.40
16
Kumari Bank Limited
10,35,78,06,871
69,23,30,000
6.68
4,14,31,22,748.40
3,45,07,92,748.40
17
Janata Bank Limited
9,35,88,00,000
59,12,50,000
6.32
3,74,35,20,000.00
3,15,22,70,000.00
18
Everest Bank Limited
14,38,43,64,000
88,56,70,000
6.16
5,75,37,45,600.00
4,86,80,75,600.00
19
Bank of Kathmandu Limited
12,03,66,48,743
66,67,80,000
5.54
4,81,46,59,497.20
4,14,78,79,497.20
20
Sanima Bank Limited
10,20,12,45,692
39,20,00,000
3.84
4,08,04,98,276.80
3,68,84,98,276.80
21
Nepal Investment Bank Limited
22,46,11,34,035
84,43,90,000
3.76
8,98,44,53,614.00
8,14,00,63,614.00
22
Mega Bank Limited
12,30,10,00,000
45,22,40,000
3.68
4,92,04,00,000.00
4,46,81,60,000.00
23
NMB Bank Limited
15,93,96,29,765
54,89,90,000
3.44
6,37,58,51,906.00
5,82,68,61,906.00
24
Nepal Bangladesh Bank Limited
11,67,04,62,000
37,30,90,000
3.20
4,66,81,84,800.00
4,29,50,94,800.00
25
Machhapuchhre Bank Limited
10,10,77,70,000
31,51,70,000
3.12
4,04,31,08,000.00
3,72,79,38,000.00
26
Agriculture Development Bank Limited
25,43,39,40,000
0
10,17,35,76,000.00
10,17,35,76,000.00
27
Standard Chartered Bank Limited
13,94,92,17,816
0
5,57,96,87,126.40
5,57,96,87,126.40
28
Nepal SBI Bank Limited
12,72,96,39,000
0
5,09,18,55,600.00
5,09,18,55,600.00
Average percentage of Core Capital
9.09
Excess Lending Capacity (Rs.)
1,16,53,86,39,739.39
Evaluating the current data of the commercial banks, Prabhu Bank has already floated 23.23% of its core capital as margin loan while Citizens Bank has floated 22.36% of its core capital as margin type loan.
Out of the 28 commercial banks, Agriculture Development Bank, Standard Chartered Bank and Nepal SBI Bank have not floated any amount under margin type loans.
Other banks which have been floating margin type loans have kept the disbursement of margin type loan under previous 25% margin. So, there is a huge room for expansion after the recent circular of Nepal Rastra Bank.
As a whole industry, the commercial banks will be able to float Rs 1.16 kharba as excess margin loan. This huge increment consists Rs 20.84 arba of the three banks which have stayed away from the margin type loan.
The banks and financial institutions still have not given priority to the margin type loans, but with such changes brought by the regulators and improvement in the condition of stock market, it will not be long that such loans will form a large portion of the banks’ business.",0.8413619995117188
2018-12-26,NCC Bank's 79.10 lakh unit right shares to be sold via auction from today; Paid-up capital to reach Rs 7.01 arba,https://www.sharesansar.com/newsdetail/ncc-banks-7910-lakh-unit-right-shares-to-be-sold-via-auction-from-today-paid-up-capital-to-reach-rs-701-arba,"Nepal Credit and Commerce Bank Limited's (NCCB) 79.10 lakh unit right shares will be sold via auction from today. The bids for 79,10,993 unit shares will be accepted till Poush 20, 2075.
The commercial bank has urged the interested bidders to place applications for minimum 1000 units of promoter shares and 100 units of ordinary shares. The minimum bid price has been set as Rs 100 so the bids should be placed above Rs 100.
The bank is selling 65,16,795 units promoter shares and 13,94,198 units ordinary shares. For the promoter shares, the existing promoters of the company will be given priority while issuing the shares.
Sunrise Capital Limited has been appointed as the issue manager for the auction of the shares. The application form can be collected and deposited in Sunrise Capital and designated branches of Nepal Credit and Commerce Bank.
The bidders should deposit the entire bid amount in the A/C no 0030000017615 of NCC Bank or A/C no 0690371114401009 of Sunrise Bank in the name of Sunrise Capital Limited.
Currently, the paid up capital of the bank is Rs 4.67 arba. After the adjustment of the right shares, the paid-up capital of the bank will rise to Rs 7.01 arba. The bank will likely distribute bonus shares for the remaining Rs 99 crore to meet the minimum capital requirement of Rs 8 arba.",0.9059590101242065
2018-12-21,New interest rates offered by Commercial Banks after backlash from Governor; interest rates fluctuate like share prices in past weeks,https://www.sharesansar.com/newsdetail/new-interest-rates-offered-by-commercial-banks-after-backlash-from-governor-interest-rates-fluctuate-like-share-prices-in-past-weeks,"~Rishab Agrawal
Following the meeting of the Governor with the CEOs of all the commercial banks, the banks have entered into a new gentleman’s agreement to put a cap on the interest rate offered on deposit products.
After the end of the initial gentleman’s agreement, almost all commercial banks increased the interest rate offered on deposit products. The agreement was to fix limit on fixed deposit at 10.50% p.a. for individual and 10% p.a. for institutions and savings rate at 7% p.a. However, this agreement was not honored by the banks for a long time and after officially ending the agreement, interest rates on fixed deposit for individual hiked to 13% p.a. and savings rates increased to 7% p.a.
Looking at the situation, the Governor called a meeting yesterday that was to be compulsorily attended by the CEOs of all commercial banks. In the meeting, the Governor and the Deputy Governor expressed their disappointment on the issue of commercial banks raising interest rates on deposit products and asked the banks to enter into a new gentleman’s agreement. As per the new agreement, interest rate on fixed deposit for individuals was set at maximum of 9.25% p.a. while that for institutions was set at 8.50% p.a. Similarly, interest rate on savings was set at maximum of 6.50% p.a.
Following the developments of the meeting, almost all commercial banks (except for 8 banks) have revised their interest rates on deposit products and have published new interest rates effective from 6
th
Poush 2075 i.e. today.
The following is the current interest rates offered by commercial banks on savings deposit and fixed deposit with minimum maturity period of 1 year:
The yellow colored cells are the banks that haven’t published notice regarding new interest rate. Rest of the banks have decreased the offered interest rate on deposit products as per the terms of the agreement.
Even though the banks have entered into the agreement on request of the Governor, they have a history of breaking the terms of the agreement by raising the interest rate above the stipulated rate. The question that remains is for how long will this agreement be honored by the commercial banks?",0.7868193984031677
2018-12-18,NCC Bank’s 79.10 lakh unit right shares to be auctioned from Poush 11; Paid-up capital to reach Rs 7.01 arba after adjustment,https://www.sharesansar.com/newsdetail/ncc-banks-7910-lakh-unit-right-shares-to-be-auctioned-from-poush-11-paid-up-capital-to-reach-rs-701-arba-after-adjustment,"Nepal Credit and Commerce Bank Limited (NCCB) will be selling its unsold right shares via auction from Poush 11. The bids for 79,10,993 unit shares will be accepted till Poush 20, 2075.
The commercial bank has urged the interested bidders to place applications for minimum 1000 units of promoter shares and 100 units of ordinary shares. The minimum bid price has been set as Rs 100 so the bids should be placed above Rs 100.
The bank is selling 65,16,795 units promoter shares and 13,94,198 units ordinary shares. For the promoter shares, the existing promoters of the company will be given priority while issuing the shares.
Sunrise Capital Limited has been appointed as the issue manager for the auction of the shares. The application form can be collected and deposited in Sunrise Capital and designated branches of Nepal Credit and Commerce Bank.
The bidders should deposit the entire bid amount in the A/C no 0030000017615 of NCC Bank or A/C no 0690371114401009 of Sunrise Bank in the name of Sunrise Capital Limited.
Currently, the paid up capital of the bank is Rs 4.67 arba. After the adjustment of the right shares, the paid-up capital of the bank will rise to Rs 7.01 arba. The bank will likely distribute bonus shares for the remaining Rs 99 crore to meet the minimum capital requirement of Rs 8 arba.",0.9065936803817749
2018-12-14,Citizens Life Insurance Company takes Nepal Credit and Commerce Bank onboard under bancassurance agreement,https://www.sharesansar.com/newsdetail/citizens-life-insurance-company-takes-nepal-credit-and-commerce-bank-onboard-under-bancassurance-agreement,"Nepal Credit and Commerce Bank has entered into bancassurance agreement with Citizens Life Insurance Company under which the commercial bank will be facilitating in the sale of the life insurance policies and providing insurance services from its branch network.
The agreement for the same was signed on Mangsir 26, 2075 between CEO of the bank Mr. Ramesh Raj Aryal and CEO of the insurance company Mr. Poshak Raj Paudel amid a program.",-0.08089935779571533
2018-12-11,What is the interest rate offered by commercial banks after NBA calls end of gentleman’s agreement?,https://www.sharesansar.com/newsdetail/what-is-the-interest-rate-offered-by-commercial-banks-after-nba-calls-end-of-gentlemans-agreement,"~Rishab Agrawal
Some time back, members of Nepal Bankers’ Association (NBA) entered into a gentleman’s agreement to put a cap on the interest rates provided by banks on savings and fixed deposits.  As per the agreement, interest rate on fixed deposits could not exceed 10.50% p.a. for institutional depositors and 11% p.a. for individual investors. Similarly, the banks could provide interest on saving deposit for interest rate up to 7% p.a. An additional 0.5% on the above mentioned rates was under the discretion of respective banks.
Recently, NBA decided to end this agreement and lift restrictions on commercial banks regarding the interest rate offered on fixed deposit accounts. Since then, commercial banks have went into a spree to increase the interest rates. The current interest rates on fixed deposits (1 year and above) and savings account offered by all listed commercial banks are as follows:
Currently, the maximum interest rate offered on savings account still stands within the predetermined limit of 7% p.a. However, Nepal Bank Limited (NBL) and Nepal SBI Bank (SBI) offer the lowest interest rate on savings account of 2.25% to 4.25% p.a. Similarly, some banks have increased their offered FD rates while some banks have kept it unchanged. Century Commercial Bank (CCBL), Civil Bank (CBL), Kumari Bank Limited (KBL) and Mega Bank (MEGA) offer the highest interest rate on fixed deposit of 1 Year and above for individuals at 13% p.a. while Standard Chartered Bank (SCB) offers the lowest at 9% p.a.
Although, savings and fixed deposits for individuals may vary, fixed deposits for institution (1 Year period) is at a uniform rate of 9% p.a. for all the commercial banks. Whereas, fixed deposits for institutions for period of 10 years or more have negotiable rates. However, additional 0.5% interest is still under the discretion of the respective banks.
The agreement to set a limit on interest rates was made to regulate the competition amongst commercial banks and to create a perfect completion environment between commercial banks. It also had a benefit of choice to the customer. However, after the end of this agreement commercial bank sector may see emergence of market leaders and controllers. Commercial Banks’ competition to increase the interest rates will hamper the investment in the securities market as investors will be willing to move their investment from the market to the commercial banks on being offered required rate of return.",0.8785602450370789
2018-12-10,What is the absolute gain or loss of your investment? Look at the secondary market performance of commercial banks post revelation of capital increment,https://www.sharesansar.com/newsdetail/what-is-the-absolute-gain-or-loss-of-your-investment-look-at-the-secondary-market-performance-of-commercial-banks-post-revelation-of-capital-increment,"~Rishab Agrawal
On 23
rd
July, 2015, Governor Dr. Chiranjibi Nepal announced the new monetary policy for the FY 2072/73. The policy contained regulations regarding the minimum capital requirement of Banks and Financial Institutions. This came as a surprise as only a handful of people knew about the new capital requirement. Although, this provision was to encourage BFI’s to go for merger and acquisitions, it didn’t work out as planned for A class commercial banks and BFI’s started distributing huge amounts of bonus and rights to meet the minimum paid up capital requirement. Since then, bonus and rights of BFI’s have influenced the securities market. After the revelation of the new policy, the market started absorbing the effects and after effects of the announcement.
Over the period since, NEPSE has behaved in different ways including hitting the all-time high of 1881 points from 960 index levels in a little over a year time period. NEPSE has gained and lost points, but what have the investors actually gained? Are they gaining or losing compared to the prices of shares after the revelation of the monetary policy and the all-time high closing prices? We are about to find out.
For the purpose of uniformity in comparison, the effects of right shares on the prices of the shares since the FY 2072/73 and bonus shares since FY 2071/72 have been nulled as per their book closures, as the new monetary policy was announced for FY 72/73 and bonus shares of FY 71/72 were due after that period. This was done by adding back the bonus and right adjustment to the share prices in order to have uniform comparison with share prices after the new monetary policy and the all-time high share prices. This kind of analysis is effective as it shows the actual gain or loss of an investor irrespective of the bonus shares or right shares offered.
The purpose of this article is to clear the picture regarding absolute gain or loss in commercial banks for investors who had invested in commercial banks in that period and are holding their investment since. The anticipation of bonus and rights since the mentioned period took the market to a new level of high, however, bonus and rights don’t always lead to appreciation in the prices of shares.
For example:
The LTP of Sunrise Bank (SRBL) as on 5
th
December 2018 is Rs.217 per share. Now, the bank had proposed bonus share of 15% and right share of 30% for FY 73/74, bonus share of 33.33% and right share of 15% for FY 72/73 and bonus share of 21.50% for FY 71/72. To achieve the unadjusted price, we add back the bonus and rights adjustment to the current price of the share as per their book closures:
15% bonus of FY 73/74: 217 + (15%*217) = 249.55
30% rights of FY 73/74: 249.55 + (30%*249.55) – 30 = 294.42
33.33% bonus of FY 72/73: 294.42 + (33.33%*294.42) = 392.55
15% rights of FY 72/73: 392.55 + (15%*392.55) – 15 = 436.43
21.50% bonus of FY 71/72: 436.43 + (21.50%*436.43) = 530.26
Hence, Rs.530.26 is the current unadjusted price of sunrise bank.
Similarly, the unadjusted prices of all the commercial banks have been calculated to know the actual gain or loss per share of an investor in commercial banks sector. First, we compare the current unadjusted prices of commercial banks with the prices right after the revelation of the monetary policy.
(*These banks were in the process of merger during that period due to which trading was suspended. Price mentioned has been calculated accordingly)
The unadjusted prices have been calculated on the basis of the share prices of 5
th
December 2018. As we can see, only 17 out of 27 listed commercial banks have gained since, gaining from 4% to 70%. As per comparison with unadjusted current price, NIC Asia Bank, Agricultural Development Bank and Nepal Investment Bank are the top three gainers since the mentioned period. Similarly, Machhapuchchhre Bank, Civil Bank and Nepal Credit and Commerce Bank have lost the most in this period with losses ranging from 3% to almost 40%.
The unadjusted prices have also been compared with all-time high prices of shares from 23
rd
July, 2015  (Last Traded Price just before revelation of 2072/73 FY monetary policy to increase paid up capital of BFI’s) until 5
th
December, 2018 to know the extent of the actual gain or loss of an investor.
On comparison of unadjusted prices with the all-time high closing prices, the loss ranges from 6% to almost 60%, while only NIC Asia has showed a gain of 6.67%. That means if an investor had invested in commercial banks during that period, they would probably have lost at least 6.25% irrespective of the bonus share rewarded and right shares applied. Nepal Bangladesh Bank lost the most since that period, the actual loss standing at 58.40%.
Hence, from the analysis above we can say that most of the commercial bank investors had to deal with losses if they had invested during the mentioned period. Although, years have passed since the mentioned period, still minimal appreciation and depreciation in value of investment had to be realized by the investors. This is the true state of commercial bank investments in a market that considers investment in commercial banks to be a safe bet. Although, such massive fall in the share prices of commercial banks could be the correct time for new investors to enter the market and existing investors to redistribute their current portfolios.",0.7846078276634216
2018-12-02,"NEPSE index hits 35 months low with commercial banks approaching their 52-weeks low price; In a BFIs dominated bourse, what does it implicate for investors?",https://www.sharesansar.com/newsdetail/nepse-index-hits-35-months-low-with-commercial-banks-approaching-their-52-weeks-low-price-in-a-bfis-dominated-bourse-what-does-it-implicate-for-investors,"The stock exchange of any economy is supposed to reflect its current conditions and the economy's growth rate. However, for developing economies like ours that doesn’t hold true  and that is for one BIG reason – lack of diversification. As of today, Nepal Stock Exchange (NEPSE) still is heavily dominated by banks and financial institutions (BFIs) accounting for around 80% of total market capitalization. These BFIs includes Commercial banks, Development banks, Finance companies, Microfinances and other institutions inlcuding insurance companies. BFIs is a very wide array of institutions, so rather we are going to focus on Commercial Banks – the heart and soul of financial system of or country.
There are 28 commercial banks in Nepal and 27 of them are publicly traded in secondary market (NEPSE). The total market capitalization of NEPSE as of Mangsir 13, 2075 stands at Rs. 1,369,856.63 million, out of which the total market capitalization of commercial bank is Rs 745,144.969,510.
The above background is necessary because the dominance of commercial bank in the overall market capitalization leads to that fact that a sizeable fall in this sector has a significant impact in the NEPSE index. On Mangsir 13, 2075 the NEPSE index hit the 35 months low mark falling down to 1148.36 points.
After the bull of 2016, the market has been bear for quite some time now and despite assurances from analysts and market gurus, the index has continued to fall further. Currently, most commercial banks have reached so very close to their 52 weeks low point. You can see this in the table below:
The Last Trading Price (LTP) is taken as on Mangsir 13, 2075 and if we compare it with the 52-weeks low, we can see that in many banks' cases they've come very close. However we also have to consider the fact that many banks have given bonuses and right shares from the profit of last fiscal year. So considering that fact, the LTP has been adjusted to any bonuses or right shares whose Book Closure has been done in between Mangsir 13, 2074 to Mangsir 13, 2075.
The last column shows the adjusted LTP of the banks and even after adjustment if we compare it with 52 weeks low, there isn't much discrepancy. Nabil Bank (NABIL) one of the blue chip company is now at 52-week low. Similarly, other banks like Nepal Bank, Machhapuchchhre Bank, Sunrise Bank, Nepal Bangladesh Bank and Citizen International Bank are also not much higher than their lowest points.
The market is bear and it is obvious that the prices will fall, but there's a reason this caught our attention. Commercial Banks are considered a relatively stable sector and even the rookie investors are suggested to start from commercial banks. So when a stable sector like commercial banks are hitting 52 weeks low, what about the volatile sectors like microfinance and insurance companies?
Similarly, in the table above we can see by what percentage the prices of scrips have fallen from their 52 weeks high point.Mega Bank's price has fallen by 53%, which might be because its shares weren't traded for 2 years due to their on-going merger with Tourism Development Bank (TDBL), because of which the 52 weeks high is higher leading to a higher percentage fall.
Nonetheless, for a stable sector like commercial bank even a two digit decrement is huge and that too in less than a year's span. This on one hand shows that the investors who poured their money at the bull of 2016 or even during the last fiscal year are in loss and on the other this shows huge opportunities for new investors looking to invest in secondary market, like they say, ""Buy at low, sell at high"".",0.057215772569179535
2018-11-29,How have commercial banks performed relative to Q1 of last year?; It's important to know because the best form of comparison is with your previous self,https://www.sharesansar.com/newsdetail/how-have-commercial-banks-performed-relative-to-q1-of-last-year-its-important-to-know-because-the-best-form-of-comparison-is-with-your-previous-self,"-Aakriti Thakali
It is often said that the best way to scrutinize our growth is by comparing ourselves on where we were yesterday and where we've reached today. Although all commercial banks are ""A"" class banks with paid-up capital of at least Rs 8. arba, there are a myriad of characteristics that sets them apart. Each bank has their unique set of objectives, with different set of priorities and strategies.
We have already seen the comparison of all 28 commercial banks with each other on the basis of a
wide range of indicators
. Similarly, we've also seen each banks' comparison relative to its performance on the corresponding quarter; but don't you think it would make more sense if both these comparisons were mixed to bring out a comprehensive comparison format? Well, that's what we thought and in the article that follows, we done the same so that as investors you can make informed decisions.
The commercial banks will be compared on 8 crucial indicators, not on the basis of absolute number but rather on the basis of growth they have achieved on each indicator from last fiscal year's first quarter till the first quarter of this fiscal year.
Reserve and surplus
Reserve and surplus are the cushions for any organization. The larger the reserve, the more secured from any financial shocks. While doing the comparison of absolute figures, we might be the victim of myopic vision. The reserves of any company is largely decided by the size of the business of the company. Thus by looking at how much each bank's reserves has grown we can access the real picture.
In addition, most of the banks' reserve and surplus has increased drastically as they have started to prepare their report in NFRS format. This is mainly due to valuation of securities based on fair value, so we need to be cautious as most of the reserve and surplus amount is not distributable.
From the above table we can see that the two banks on top of the list are the banks that has government stake in it – Nepal Bank and Rastriya Banijya Bank. Nepal Bank has achieved an exceptional growth of 312% from last year's first quarter till now followed by Rastriya Baijya Bank at 142%. However, looking at the lower end of the table, we can see that Standard Chartered Bank, Civil Bank and Century Commercial Bank have negative growth rate, meaning their reserves have fallen down from last year's position. Even among the three Standard Chartered has experienced higher decrement.
Deposits
Deposits also can be understood as the lifeline of banks, without it they will simply cease to exist. Similarly, the more deposit as bank collects, the more it will be able to lend and hence will be able to earn more. So, ignoring deposits'' performance while analyzing bank is a blunder no one should commit.
The above table shows that Mega Bank has yet again captured the top position with the higher deposit growth from last Q1 to this Q1. Following Mega is NIC Asia with equally promising growth of 57.55%. At the other end of the table we have Standard Chartered Bank, with a negative growth (decline) in its deposit base. Similarly, Nepal Bank's growth in deposit is also very minimal, preceded by NCC Bank.
Loans and advances
Loans and advances for any bank are the backbone of all earnings. However, the important thing to note is, you can't lend more than what you have (deposits). Lending more now in the hope of getting more deposits in future might as well be one of the most prominent reason of liquidity crunch in the market right now.
The growth in Loans and advances also shows how much the bank has expanded and grown its business. Looking at the table above we can see Mega Bank topping the list with a growth rate of 74%, followed by 61% of NIC Asia Bank. The significant growth of Mega's loan portfolio can also be attributed to the merger with Tourism Development Bank (TDBL) and given this fact it will be challenging for Mega to keep this growth rate in next year.
Interestingly, the two toppers of reserves and surplus growth are the laggards in loans and advances growth. This can be explained by the liquidity shortage in the market and the fact that they comprise government stake, because of which they might have become stringent in loans disbursement and hence the lower growth rate.
Net profit
Net profit or the net income represents the end result of anything the company does. It shows whether the strategies implemented has worked, it shows whether the shareholders have a chance of getting dividend, it shows how well one has done in comparison to other. So basically, for a layman net profit is the first thing they look and they are right to do so too.
Mega Bank has yet again topped the list with 394% growth in the net profit, which is twice the growth of second on the list i.e NIC Asia Bank. Similarly, the last position is occupied by Nepal Bank Limited with 6% decrement in the net profit from the corresponding quarter of last fiscal year till this quarter.
Non-performing Loan (NPL) to Total Loan
Non-performing loan (non-performing assets) are the cancer of Banks which kills the company from inside, slowly and hazardously. So keeping the NPL to total loan ratio at the lowest percentage possible has been the priority of bankers since long. As you can see in the table below, the ratio for each bank lie below 0, which shows a good picture of the banking industry so far.
However, going deeper into comparison we can see that NMB Bank has done the exceptional job of decreasing the NPL to Total Loa ratio by 54% from last year's Q1 till the Q1 of this year. Similarly, Century Bank and Nabil Bank are following closely behind NMB Bank.
Similarly we can see that 8 banks have positive growth in NPL to total loan, which is not a very good news. Nepal Bangladesh Bank's NPL has increased by 112% and Nepal SBI Bank's has increased by 54%.
Return on Assets (ROA)
Return on assets calculated as Net Income divided by Total assets gives the return generated per unit of Assets. So, a higher ROA depicts better performance of the bank and vice versa.
As we can see in the table above, Mega Bank yet again has topped the list with a growth of 195.74%, which once again is twice as high as the second topper Kumari bank with 80.73%. Similarly, NMB Bank and Nepal Bank have ended up at the bottom with a negative growth in ROA.
Return on Equity (ROE)
Return on equity (ROE) helps you access the financial performance of any company on the basis of net income generated per unit of equity invested in that company. ROE is a very important indicator especially for investors in order to know how much their investment is making.
Mega Bank, again, occupies the top position in ROE with a growth rate of 124%, followed by NIC Asia Bank with 114%. Similarly, at the other end of the table we can see that the ROE of 6 banks has gone done from the corresponding period. The worst performer in this indicator is Nepal Bank with a decline of 59%.
Net worth per share
Net worth per share gives the book value of per share for the total number of shares floated in the market. As an investor, it is important to know the net worth per share of the company so that upon comparing it with market price you can see how much it has been undervalued or overvalued.
The table above shows that Nepal Bank limited has been able to gain the highest growth in the net worth per share. It has achieved a growth of 88%, which is almost twice as high as the second bank, Rastriya banijya bank.
Similarly, we can see that 10 banks have experienced decline in their net worth per share value, the lowest of which is Standard Chartered bank with a decline of 41%.
Annualized earnings per share (EPS)
Earnings per share, calculated as Net Income divided by number of shares outstanding, refers to the earnings generated by the bank per one unit of share. After determining the EPS, the dividend payout ratio is determined which finalizes how much will be given to the shareholders and how much will be retained in the bank for reinvestment and future growth as reserves.
The table above shows that NIC Asia Bank has topped the list with 165% growth rate, surpassing Mega Bank (124%). The aggressive expansion and growth strategy of NIC Asia has finally bore some fruits. At the other end, we can see that the EPS of Standard chartered bank has decreased by 37%, followed by Civil Bank with 30%.
Overall
The overall picture below gives you a bird-eye view of how the comparison turned out. So far you might have already guessed that Mega Bank has topped in most indicators and that too at a very high growth rate. We might even say that the first lady CEO of commercial banking industry is here for all the good reasons. While at the same time we must also acknowledge that this termendous growth rate has been possible through its merger with Tourism Development Bank (TDBL) and to maintain this same growth rate in the next Fiscal Year is going to be a real feat.
The above table shows the summary of the entire comparison that we've carried out. The green colored box represents the best performer and red represents worst. Mega Bank, obviously, has secured top place in most indicators whereas Standard Chartered and Nepal Bank has secured higher red colors.",0.8101602792739868
2018-11-26,NCC Bank’s 1.54 crore unit right shares gets listed in NEPSE,https://www.sharesansar.com/newsdetail/ncc-banks-154-crore-unit-right-shares-gets-listed-in-nepse,"Nepal Stock Exchange (NEPSE) has listed 1,54,84,010 units right shares of Nepal Credit and Commercial Bank Limited (NCCB).
The commercial bank had issued 50% right shares for its shareholders.
The shareholders holding the shares can now trade the shares in the secondary market.
After the adjustment of 50% right shares, the paid-up capital of the company will reach Rs 7.01 arba.",0.8917122483253479
2018-11-21,NCC Bank another partner of Nepal Life Insurance Company; bank’s branch network to be mobilized for sales of insurance policies,https://www.sharesansar.com/newsdetail/ncc-bank-another-partner-of-nepal-life-insurance-company-banks-branch-network-to-be-mobilized-for-sales-of-insurance-policies,"Nepal Credit and Commerce Bank has undergone a bancassurance deal with Nepal Life Insurance Company following which the customers of the commercial bank will receive all the life insurance and insurance services of the insurance company via all the branches of the bank.
The agreement was signed between CEO of the development bank Mr. Ramesh Raj Aryal and CEO of the insurance company Mr. Vivek Jha amid a program on Mangsir 3, 2075.",-0.37993502616882324
2018-11-19,Three commercial banks in billionaire club; Loan and deposit crosses mark of Rs 20 kharba; Rastriya Banijya Bank leads in profit: A comparative analysis of commercial banks for Q1,https://www.sharesansar.com/newsdetail/three-commercial-banks-in-billionaire-club-loan-and-deposit-crosses-mark-of-rs-20-kharba-rastriya-banijya-bank-leads-in-profit-a-comparative-analysis-of-commercial-banks-for-q1,"Highlights:
Overall Deposits and Loans portfolio crosses Rs 20 kharba in the first quarter of fiscal year
State bank Rastra Banijya Bank leads with the highest profit 1.11 arba
Three commercial banks in the billionaire club
In Nepalese capital market, the first quarter financial reports hold a major significance to the individual and institutional investors. The nature of performance shown in the first quarter often predicts how the institute will be performing in the remaining fiscal year. Among the categorized financial institutes, listed in NEPSE, commercial banks occupy a larger market weightage. Thus, the performance of commercial banks are of concern to majority of investors. However, the new format i.e. NFRS adopted to publish quarterly reports have created hassle among investors.
The purpose of the article is to reflect upon the financial status of the commercial banks and the definition of specimen in NFRS standard financial reports. The industry average in the article is calculated referring to 28 commercial banks.
The financial report in NFRS format can be categorized into four segments:
Balance sheet
Profit and loss statement
Statement of reconciliation
Segmental reporting
Disclosure as per Securities Registration and Issuance, 2073
The former two will be of major concern in the further analysis.
Profit/loss for the period:
As per the net profit of first quarter of 2075/76, Rastriya Banijya Bank (RBB) is in the lead with a profit of Rs 1.11 arba. Similarly, Nepal Investment Bank (NIB) has the second highest net profit of Rs 1.05 arba in the same quarter. In the third position, NABIL Bank Limited (NABIL) has the net profit of Rs 1.05 arba. The bank with the least net profit is Civil Bank Limited (CBL) whose net profit amounts to Rs 18.51 CRORE.
The industry average net profit of the 28 commercial banks is Rs 55.01 crore. 12 commercial banks have net profit above the industry average. Remaining all banks have net profit below the industry average. Find the details in the pictures below:
(Please download and study the image in case of difficulty upon studying).
In the NFRS format of financial statements, investors will find several types of income and profits. For instance, profit for the period, comprehensive income, distributable profit, profit after regulatory adjustments, etc. However, the actual profit can be determined through specimen “profit/loss for the period” of financial statement.
Paid up capital:
Paid up capital in NFRS refers to the amount of money that commercial banks have received from their shareholders through the exchange of shares in the primary market. The central bank of the country has directed these “A” categorized banks to meet the paid up capital requirement of at least 8 arba. Three banks namely Kumari Bank Limited (KBL), Bank of Kathmandu Limited (BOKL) and Nepal Credit and Commercial Bank (NCCB) are still to meet the paid up capital requirement. These commercial banks are also expected to meet the paid up capital requirement through dividend distribution. NCCB recently allotted 50% right shares worth Rs 2.33 arba out of which 0.79 crores share is unsubscribed. The unsubscribed shares will be auctioned later.  The bank with highest paid up capital are Nepal Investment Bank (NIB) with Rs 10.65 arba capital, Mega Bank Limited (MEGA) with Rs 10.29 arba and Nepal Bank Limited (NBL) with Rs 9.81 arba paid up capital.
(Please download and study the image in case of difficulty upon studying).
Reserve and surplus:
Reserves are the funds earned by the company from a specific purpose which the company intends to use in the future. Surplus is the one point in balance sheet where P/L account and balance sheet interacts. For instance, the profit of the company resides in surplus. The profit/loss from “Net comprehensive income (NCI)” in P/L account is transferred to reserve and surplus of the balance sheet. NCI is derived from profit/loss generated from fair valuation through Other Comprehensive Income (OCI) and added to profit of the year. This income/loss is kept under “Component of equity” under reserve and surplus section of balance sheet. Dividends that commercial banks distribute is through surplus.
With an industry average of Rs 6.52 arba, 9 banks stand above the average range of Rs 6.52 arba in their reserve fund. Under NFRS reporting, most of the banks’ reserves and surplus is higher compared to the old NRB directives’ format. It is  mainly because of valuation securities as per fair valuation methods.
As each and every commercial bank adopted different paid up increment strategy, the impact is seen in the reserve and surplus fund of these banks. In terms of reserves and surplus, Nepal Bank Limited (NBL) has maintained its lead with a reserve and surplus of Rs 19.61 arba. Nepal Investment Bank Limited (NIB) has maintained second position with Rs 15.64 arba reserve and surplus fund. Agriculture Development Bank Limited (ADBL) is in the third position with reserve and surplus of Rs 14.70 arba. The bank with least reserve and surplus is Century Commercial Bank Limited (CCBL) with a reserve of Rs 1.38 arba.
(Please download and study the image in case of difficulty upon studying).
Deposit collection:
In an average among 28 banks of the country, a bank has collected Rs 90.40 arba as deposit. Only 12 banks are above the average deposit collection.
In the banking sector, the deposit collection will play a major role in the upcoming days. All the banks except three banks have the same range of paid up capital which is equal or above Rs 8 arba. So, the commercial banks is going through a severe competition with each other in order to attract the deposit clients. As of the first quarter of FY 2075/76, Rastriya Banijya Bank (RBB) stands on top with total deposits worth Rs 1.64 kharba. NIC Asia is aggressively involved in collecting deposits from existing and prospective clients with deposits of Rs 1.63 kharba. Similarly, the bank is followed by NABIL Bank Limited (NABIL) with the collected deposit of Rs 1.43 kharba respectively. Civil Bank Limited (CBL) has the lowest deposit collection of Rs. 39.44 arba only.
The total deposit collected by the industry is Rs 25.31 kharba.
(Please download and study the image in case of difficulty upon studying).
Loans and advances:
With paid up capital of almost same ranges, competition among commercial banks implies even in bringing the loan clients. As shown in the figure, the top position in loans and advances is occupied by NICA Bank Limited (NICA) with credit disbursement worth Rs 1.39 kharba. NABIL Bank (NABIL) has a loan and advances portfolio of Rs. 1.28 kharba. Nepal Investment Bank Limited (NIB) has the loan portfolio of Rs 1.24 kharba. Similarly on the other end of the rope, stands Civil Bank Limited (CBL) with the lowest loan and advances portfolio of Rs. 41.95 arba.
The industry average loan disbursed is Rs 80.85 arba. 12 commercial banks have the loan portfolio above Rs 80.85 arba. The total loan disbursed is Rs 22.63 kharba. Find the details in the pictures below:
(Please download and study the image in case of difficulty upon studying).
Free profit/loss after regulatory adjustments:
The commercial banks are further required to calculate the free profit/loss after regulatory adjustment. This free profit/loss is related with the statement of reconciliation published in financial reports. The commercial banks are required to reconcile profit between NFRS financials and NRB Directives, 2074 based financials. The bank with highest free profit after regulatory adjustment is Nepal Investment Bank (NIB) is Rs 1.05 arba. In the second position, Nepal Bank Limited (NBL) has the second highest free profit after regulatory adjustment that accounts to Rs 97.92 crore. It is further followed by NABIL Bank Limited (NABIL) with an amount of Rs 93.32 crore.
The industry average free profit after regulatory adjustment accounts to Rs 45.22 crore.
(Please download and study the image in case of difficulty upon studying).
Major indicators:
Earnings per share (Annualized):
With the increment in the paid-up capital requirement, the EPS of these banks were expected to fall. However, some commercial banks have managed to maintain their EPS better than others. Nabil Bank Limited (NABIL) becomes the bank to serve investors with highest annualized EPS of Rs 51.36 per share. Rastra Banijya Bank (RBB) has the second highest EPS of Rs 49.71 per share.  Nepal Credit and Commercial Bank Limited (NCCB), with an unmet paid up capital stands in the third position with annualized EPS of Rs 40.05 per share. Civil Bank Limited (CBL) stays at the bottom with an earning of Rs. 5.95 per share.
The average EPS of 28 commercial banks stands at Rs 26.49. 13 commercial banks still provide EPS higher than that of the industry average.
In the old format, investors calculated EPS through “net profit divided by no. of outstanding shares”. However, the EPS calculation is not possible through the same approach in context of NFRS format. Under NFRS, Weighted number of outstanding shares is taken to calculate EPS.Hence, investors should rely on the published EPS.
(Please download and study the image in case of difficulty upon studying).
P/E Ratio:
Again, Nepal Credit and Commercial Bank (NCCB), with an unmet paid up capital, has the least PE ratio of 5.24 times. It is followed by Nepal Bank Limited (NBL) with PE ratio of 7.39 times and finally Civil Bank Limited (CBL) has highest PE ratio of 27.90 times.
17 commercial banks have a P/E ratio lower than the industry average of 13.88 times. This figure suggests that commercial banks are far cheaper than expected.
(Please download and study the image in case of difficulty upon studying).
Net worth per share:
The highest net worth per share among these commercial banks is Rs 299.89 which belongs to Nepal Bank Limited (NBL). Nabil Bank Limited (NABIL) is in the second position with Rs 271.52. Nepal Investment Bank (NIB) has the third highest net worth per share as of Q1 of FY 2075/76 i.e. Rs 246.93. Century Commercial Bank Limited (CCBL) has the least net worth of Rs 117.15 per share.
The industry average net worth stands around Rs 175.47 per share. 11 companies have net worth more than the industry average. Find out those companies in the table below.
(Please download and study the image in case of difficulty upon studying).
A full picture:
Finally the table below provides a full picture with major indicators of the 28 commercial banks as of the first quarter of FY 2075/76:
(Please download and study the image in case of difficulty upon studying).
Don’t forget to share your views on the performance of commercial banks in the first quarter of this fiscal year.",0.8893041610717773
2018-11-15,NCC Bank’s decent performance in the first quarter; EPS rises massively to Rs 40.11,https://www.sharesansar.com/newsdetail/ncc-banks-decent-performance-in-the-first-quarter-eps-rises-massively-to-rs-4011,"Nepal Credit and Commerce Bank Limited (NCCB) has reported 86.54% rise as per NFRS based report in the net profit in the first quarter of the fiscal year 2075/76.
The bank’s profit has increased from Rs 25.14 crore in the first quarter of the fiscal year 2074/75 to Rs 46.91 crore in the first quarter of the fiscal year 2075/76. In the first quarter of the FY 2075/76, the bank has Rs 28.04 crore as Free Profit after Regulatory Adjustments which can be utilized in distributing dividends to its shareholders.
The bank’s deposit has growth rate of 1.75% to Rs 62.84 arba and loans and advances have also increased by 19.38% to Rs 57.30 arba in the first quarter.
The net interest income of the bank has also increased to Rs 80.80 crore from Rs 34.76 crore of the corresponding quarter.
The bank’s paid up capital stands at Rs 4.68 arba with Rs 4.90 arba as its reserve as of the end of FY 2075/76.
The Non-Performing Loan (NPL) has also decreased to 3.69% from 3.89%.
In the fourth quarter, the EPS of the bank stands at Rs 40.11. The net worth per share stands at Rs 204.74.
NCCB allots 1.54 Crore units of 50% right issue; remaining 79 Lakh units to be auctioned
Major Highlights:
Particulars (In Rs '000)
NCCB
Q1 2075/76
Q1 2074/75
Difference
Paid Up Capital
4,685,902
4,679,058
0.15%
Reserve & Surplus
4,908,078
3,515,561
39.61%
Deposits
62,843,028
61,759,468
1.75%
Borrowings
2,797,108
779,231
258.96%
Loans & Advances
57,301,943
47,999,546
19.38%
Net Interest Income
808,075
347,624
132.46%
Operating Profit
613,081
340,227
80.20%
Net Profit
469,137
251,496
86.54%
Total Comprehensive Income afterShare of NCI
469,922
210,081
123.69%
Add/ Less: Regulatory adjustment as per NRB
(188,676)
(86,913)
117.09%
Free Profit/ (Loss) after Regulatory Adjustments
280,462
164,584
70.41%
NPL
3.69
3.89
-5.14%
Annualized EPS (In Rs.)
40.11
17.96
123.36%
Net Worth per Share (In Rs.)
204.74
175.13
16.91%",-0.14070558547973633
2018-11-14,NCCB allots 1.54 Crore units of 50% right issue; remaining 79 Lakh units to be auctioned,https://www.sharesansar.com/newsdetail/nccb-allots-154-crore-units-of-50-right-issue-remaining-79-lakh-units-to-be-auctioned,"Nepal Credit and Commerce Bank (NCCB) had been issuing 50% right shares for existing shareholders at a par value of Rs.100 per share from Bhadra 04, 2075.
Sunrise Capital had been appointed as the issue manager for the right share issue.
As per the issue manager, a total of 23,395,291 units (2.33 Crore units) were offered as rights out of which 79 Lakh units remain un-allotted. The reaming right shares will be auctioned soon.
Currently, the paid up capital of the bank is Rs 4.67 arba. After the adjustment of the right shares, the paid-up capital of the bank will rise to Rs 7.01 arba. The bank will likely distribute bonus shares for the remaining Rs 99 crore to meet the minimum capital requirement of Rs 8 arba.",0.7239559292793274
2018-11-13,NCC Bank to facilitate sales of life insurance policies of Union Life Insurance under bancassurance pact,https://www.sharesansar.com/newsdetail/ncc-bank-to-facilitate-sales-of-life-insurance-policies-of-union-life-insurance-under-bancassurance-pact,"Nepal Credit and Commerce Bank has entered into understanding with Union Life Insurance Company under which the commercial bank will be facilitating the sales of life insurance policies of the insurance company through its branch network.
The agreement for the same was signed between CEO of the bank Mr. Ramesh Raj Aryal and CEO of the insurance company Mr. Manoj Kumar Lal Karna amid a program.",-0.3244064748287201
2018-10-08,Last day to apply for the 50% right shares of NCC Bank; Paid-up capital to reach Rs 7.01 arba,https://www.sharesansar.com/newsdetail/last-day-to-apply-for-the-50-right-shares-of-ncc-bank-paid-up-capital-to-reach-rs-701-arba,"Today is the last day to apply for the 50% right shares of Nepal Credit and Commerce Bank Limited.
The bank has been issuing 2,33,95,291 unit shares at a par value of Rs 100 from Bhadra 04, 2075.
The shareholders holding the shares till Shrawan 14, 2075 shall be eligible to apply for the right shares of the bank.
Sunrise Capital has been appointed as the issue manager for the right share auction.
Applications can be placed through Meroshare or through any of the financial institutions providing C-ASBA facility.
Currently, the paid up capital of the bank is Rs 4.67 arba. After the adjustment of the right shares, the paid-up capital of the bank will rise to Rs 7.01 arba. The bank will likely distribute bonus shares for the remaining Rs 99 crore to meet the minimum capital requirement of Rs 8 arba.",0.9097045660018921
2018-09-23,NCC Bank extends deadline for 50% right issuance; Shareholders can now apply till Ashoj 22,https://www.sharesansar.com/newsdetail/ncc-bank-extends-deadline-for-50-right-issuance-shareholders-can-now-apply-till-ashoj-22,"Nepal Credit and Commerce Bank Limited (NCCB) has extended deadline to apply for its 50% right shares. The deadline has been extended till Ashoj 22, 2075. Previously, the issue was supposed to close on Ashoj 07, 2075 i.e. today.
The bank has been issuing 2,33,95,291 unit shares at a par value of Rs 100 from Bhadra 04, 2075.
The shareholders holding the shares till Shrawan 14, 2075 shall be eligible to apply for the right shares of the bank.
Sunrise Capital has been appointed as the issue manager for the right share auction.
Applications can be placed through Meroshare or through any of the financial institutions providing C-ASBA facility.
Currently, the paid up capital of the bank is Rs 4.67 arba. After the adjustment of the right shares, the paid-up capital of the bank will rise to Rs 7.01 arba. The bank will likely distribute bonus shares for the remaining Rs 99 crore to meet the minimum capital requirement of Rs 8 arba.",0.9029740691184998
2018-09-23,Just how popular are commercial bank stocks among Investors? Check out last month’s performance exclusively from SS Pro,https://www.sharesansar.com/newsdetail/just-how-popular-are-commercial-bank-stocks-among-investors-check-out-last-months-performance-exclusively-from-ss-pro,"~Rishab Agrawal
In the past month, commercial banks had dominated the turnover and most of the shares traded were those of banks. This is because people feel that the shares of commercial banks are the most reliable and profitable ones, hence the popularity among individual shareholders. To check the performance of banks in the past month on NEPSE, we have used the
Stock Screener tool
from
SS Pro
to accumulate the required data and compared listed commercial banks on the basis of change in the price of stock in the past month, high/low of the stock and volatility between them, turnover and volume. The table thus prepared is as follows:
S. No.
Symbol
Initial Price (Rs.) @ 2018/08/21
Closing Price (Rs.) @ 2018/09/20
Price Change (Rs.)
Price Change (%)
High (Rs.)
Low (Rs.)
Volatility (Rs.)
Average Price (Rs.)
Turnover (Rs.)
Volume
No. of Transactions
1
NMB
325
361
36
11.08
372
303
69
337.84
654,116,413
1,936,194
4,933
2
NICA
317
423
106
33.44
425
311
114
385.14
489,407,640
1,270,720
3,484
3
KBL
203
243
40
19.70
246
200
46
228.60
317,550,382
1,389,133
3,179
4
NBL
288
311
23
7.99
319
282
37
299.27
263,801,662
881,475
1,700
5
PRVU
183
217
34
18.58
227
177
50
203.97
241,379,325
1,183,398
2,855
6
JBNL
154
186
32
20.78
195
150
45
173.10
222,263,576
1,284,036
2,577
7
PCBL
292
328
36
12.33
342
284
58
319.77
214,506,339
670,817
2,243
8
GBIME
300
316
16
5.33
331
290
41
309.08
211,138,608
683,127
1,723
9
MEGA
164
193
29
17.68
200
160
40
177.35
192,575,748
1,085,839
3,449
10
NCCB
178
209
31
17.42
217
175
42
199.45
189,958,433
952,413
2,094
11
SBL
313
329
16
5.11
345
302
43
325.58
165,514,247
508,374
1,740
12
NIB
629
650
21
3.34
660
625
35
642.66
155,961,926
242,680
2,089
13
CBL
149
170
21
14.09
173
146
27
158.57
151,793,301
957,238
2,103
14
SANIMA
314
339
25
7.96
354
310
44
332.91
133,892,357
402,183
1,414
15
NABIL
948
962
14
1.48
984
935
49
961.20
131,417,693
136,722
1,266
16
BOKL
273
319
46
16.85
343
270
73
303.40
116,837,944
385,092
1,387
17
NBB
200
213
13
6.50
224
196
28
210.35
110,959,093
527,496
1,591
18
MBL
206
225
19
9.22
237
201
36
220.71
105,577,362
478,343
1,269
19
EBL
665
651
(14)
(2.11)
676
642
34
658.97
105,490,403
160,083
1,230
20
ADBL
335
359
24
7.16
377
330
47
351.89
104,161,847
296,008
1,501
21
CCBL
167
186
19
11.38
197
165
32
181.57
102,535,470
564,718
1,924
22
SCB
730
712
(18)
(2.47)
733
700
33
715.80
100,758,280
140,763
1,769
23
SRBL
217
244
27
12.44
253
214
39
233.68
91,790,291
392,807
1,222
24
CZBIL
232
252
20
8.62
264
228
36
245.94
88,209,686
358,669
2,000
25
LBL
237
257
20
8.44
279
224
55
257.14
82,850,160
322,204
1,344
26
SBI
500
501
1
0.20
518
489
29
501.06
66,643,287
133,004
649
27
HBL
550
560
10
1.82
577
525
52
552.89
29,338,928
53,065
460
(
The green colored cell represent the highest value pertaining to a particular indicator while the red colored cell represents the lowest value.)
From the table above it can be seen that except for Standard Chartered Bank (SCB) and Everest Bank (EBL), all the other banks have gained some percent ranging between 0.20% and 33.44%. The two banks lost 2.47% and 2.11% respectively last month. Although NIC Asia Bank (NICA) gained the most past month, high volatility can be seen in the prices. The least volatile was Civil Bank (CBL).
NMB Bank (NMB) was the most popular among the investors as it registered a turnover of Rs.65.41 Crore in one month through trade of 1.94 Million units of shares. The share prices of NMB increased by 11.08% in the stipulated time. The banking sector posted a turnover of Rs.4.84 Arba trading 17.4 Million units of shares in the given time period.
About SS Pro
All data above have been taken from SS Pro. SS Pro is a powerful software to help Nepali stock market investors make informed investment decisions. The major features of SS Pro are:
Has Nepal’s 1
st
Market Confidence Meter
Free built-in Portfolio Tracker
Nepal’s 1
st
Investment Worth Calculator
Powerful Broker Analytics & Buy/Sell/Holdings info
Live Charts with Powerful Charting Software, and many more.
SS Pro is a web-based software that can be accessed from any desktop, laptop or smartphone. There is no need to install any extra software package.
For more information, please visit
https://www.sharesansar.com/sspro",0.8959836959838867
2018-09-13,Prudential Insurance receives NCC Bank as sales partner for its non-life insurance policies,https://www.sharesansar.com/newsdetail/prudential-insurance-receives-ncc-bank-as-sales-partner-for-its-non-life-insurance-policies,"Nepal Credit and Commerce Bank has partnered with Prudential Insurance Company under bancassurance deal following which customers of the bank can receive all the non-life insurance policies and services of the insurance company from the bank’s all branches.
The agreement for the same was signed between CEO of the bank Mr. Ramesh Raj Aryal and CEO of the insurance company Mr. B.K. Maharjan amid a program.",-0.6187071800231934
2018-09-06,4 banks to finance Langtang Hydel; Banks to invest Rs 2.73 arba under the leadership of Sunrise Bank,https://www.sharesansar.com/newsdetail/4-banks-to-finance-langtang-hydel-banks-to-invest-rs-273-arba-under-the-leadership-of-sunrise-bank,"4 Banks have joined hands to invest in the 20MW Langtang Hydropower Project. Siddhartha Bank, Nepal Credit and Commerce Bank and Janata Bank will be investing in the Rasuwa based hydropower project under the leadership of Sunrise Bank.
Financial Management Agreement was signed amidst a programme on Wednesday. Chairman of Multi Energy Development Pvt Limited, Mr Krishna Acharya and CEO of Sunrise Bank, Mr Ratnaraj Bajracharya exchanged the MoU regarding the same.
The cost for the project is estimated to be Rs 4.50 arba out of which Rs 1.32 arba will be made from equity financing and remaining Rs 2.73 arba will be debt financing from the banks.
As per the agreement, Sunrise bank will finance Rs 1.02 arba, Siddhartha Bank will finance Rs 76.90 crore, NCC Bank will finance Rs 52.23 crore and Janata Bank will finance Rs 42.73 crore.
A target has been set to complete the construction of the project within the month of Poush 2077 BS.",0.6868619918823242
2018-09-04,NLG Insurance receives NCC Bank as one more sales agent of its non-life insurance policies,https://www.sharesansar.com/newsdetail/nlg-insurance-receives-ncc-bank-as-one-more-sales-agent-of-its-non-life-insurance-policies,"Nepal Credit and Commerce Bank and NLG Insurance have entered into bancassurance deal under which the bank will be supporting the insurance company for the sales of its non-life insurance policies and services utilizing its branch  network.
The agreement for the same was signed between CEO of the commercial bank Mr. Ramesh Raj Aryal and Acting CEO of the insurance company Mr. Sunil Ballab Pant amid a program on Bhadra 18, 2075.",-0.4785047471523285
2018-08-29,NCC Bank and National Banking Institute signs MoU; enters into strategic partnership for human capital development of the bank,https://www.sharesansar.com/newsdetail/ncc-bank-and-national-banking-institute-signs-mou-enters-into-strategic-partnership-for-human-capital-development-of-the-bank,"Nepal Credit & Commerce Bank Ltd. (NCC)and National Banking Institute Ltd (NBI) has Signed a memorandum of Understanding (MOU)on 28
th
August 2018 for strategic alliance whereby NBI would provide  training programs to the bank for human capital development.
Under this agreement, NCC Bank has committed minimum NPR 5 million worth training investment during the fiscal year 2075-76 with NBI. This partnership is expected to further leverage the strategic intervention towards the development of human capital of the bank.
The MOU was signed by Mr. Ramesh Raj Aryal, CEO of NCC Bank and Mr. Sanjib Subba, CEO of NBI. This alliance is expected to be instrumental in the capacity building process and bringing about positive transformation in human capital development in the industry.",-0.7683199048042297
2018-08-28,Commercial Banks’ investment in Human Assets; An Important Decision,https://www.sharesansar.com/newsdetail/commercial-banks-investment-in-human-assets-an-important-decision,"~Rishab Agrawal
One of the most important assets that a company has is its human assets generally referred to as employees of the company. The employees of a company work relentlessly to add value to the company. In turn, the company strives to provide them financial security and overall satisfaction. In this way, the company compensates for the resources it has used.
All investment made on the employees of the company is shown under staff expenses in the profit and loss account of each company. On comparing this with the total expenses, we get a view of the amount that the company has invested in its employees as a percentage of the total expenses of the company. For this purpose, we have complied data regarding the staff expenses of all the commercial banks and calculated the Staff expense to total expense ratio. The total expenses of the banks include staff expenses and other operating expenses.
S. No.
Symbol
Name
Total Expenses ('000)
Staff Expenses ('000)
Staff Expenses to Total Expenses
1
NBL
Nepal Bank Limited
3,146,711
2,464,887
78.33%
2
ADBL
Agricultural Development Bank Limited
3,862,342
3,011,913
77.98%
3
RBB
Rastriya Banijya Bank
3,804,855
2,594,412
68.19%
4
NCCB
Nepal Credit & Commercial Bank Limited
1,339,253
800,781
59.79%
5
NABIL
Nabil Bank Limited
1,752,292
1,044,021
59.58%
6
BOKL
Bank of Kathmandu Limited
1,342,237
782,651
58.31%
7
KBL
Kumari Bank Limited
1,062,782
609,773
57.38%
8
NBB
Nepal Bangladesh Bank Limited
1,058,657
598,315
56.52%
9
PRVU
Prabhu Bank Limited
2,027,777
1,140,816
56.26%
10
EBL
Everest Bank Limited
1,845,148
1,037,617
56.23%
11
MBL
Machhapuchchhre Bank Limited
1,252,663
681,650
54.42%
12
HBL
Himalayan Bank Limited
1,985,043
1,057,831
53.29%
13
SCB
Standard Chartered Bank Nepal Limited
1,234,622
644,704
52.22%
14
SBL
Siddhartha Bank Limited
1,535,514
798,520
52.00%
15
SBI
Nepal SBI Bank Limited
1,986,250
1,025,639
51.64%
16
CBL
Civil Bank Limited
896,299
461,990
51.54%
17
JBNL
Janata Bank Nepal Limited
1,274,465
656,230
51.49%
18
NIB
Nepal Investment Bank Limited
1,769,489
897,505
50.72%
19
SANIMA
Sanima Bank Limited
1,070,716
540,365
50.47%
20
CZBIL
Citizens Bank International Limited
1,021,206
511,796
50.12%
21
PCBL
Prime Commercial Bank Limited
776,385
388,408
50.03%
22
NMB
NMB Bank Limited
1,641,690
813,350
49.54%
23
LBL
Laxmi Bank Limited
1,175,239
578,859
49.25%
24
MEGA
Mega Bank Nepal Limited
923,633
454,682
49.23%
25
CCBL
Century Commercial Bank Limited
987,625
485,572
49.17%
26
SRBL
Sunrise Bank Limited
1,401,642
686,614
48.99%
27
NICA
NIC Asia Bank Limited
2,936,937
1,413,710
48.14%
28
GBIME
Global IME Bank Limited
2,131,600
946,128
44.39%
Average
1,687,253
968,884
54.83%
All the figures in the table above have been taken from the fourth quarter reports of FY 74/75 published by each bank.
The industry average of staff expenses to total expenses ratio stands at 54.83% and only 10 commercial banks have above average ratio. In this aspect, Nepal Bank Limited has the highest ratio of 78.33% with its staff expenses standing at Rs.2.46 Arba. While Agricultural Development Bank is second on the list with a ratio of 77.98%.
NIC Asia Bank and Global IME Bank have the least staff expenses to total expenses ratio after posting ratio of 48.14% and 44.39% respectively.
Further, we compare the latest staff to expenses ratio with ratio calculated on the basis of results of the previous year. They stand as follows:
Staff Expense to Total Expenses
S. No.
Symbol
FY 73/74
FY 74/75
1
ADBL
79.96%
77.98%
2
NBL
78.12%
78.33%
3
RBB
75.27%
68.19%
4
NABIL
58.83%
59.58%
5
EBL
56.42%
56.23%
6
BOKL
56.37%
58.31%
7
KBL
55.82%
57.38%
8
HBL
55.48%
53.29%
9
NBB
54.58%
56.52%
10
NICA
53.22%
48.14%
11
NCCB
53.15%
59.79%
12
CBL
51.89%
51.54%
13
SCB
51.60%
52.22%
14
MBL
51.23%
54.42%
15
SBI
51.16%
51.64%
16
PRVU
50.04%
56.26%
17
SBL
49.95%
52.00%
18
JBNL
49.58%
51.49%
19
MEGA
49.44%
49.23%
20
PCBL
48.88%
50.03%
21
NIB
48.76%
50.72%
22
CCBL
48.65%
49.17%
23
CZBIL
48.59%
50.12%
24
NMB
47.59%
49.54%
25
LBL
46.41%
49.25%
26
GBIME
45.85%
44.39%
27
SRBL
45.21%
48.99%
28
SANIMA
44.60%
50.47%
Average
53.81%
54.83%
The industry average of the ratio as per the figures of FY 73/74 stood at 53.81% while the said average for FY 74/75 stood at 54.83%.
Agricultural Development Bank was at the top of this list after posting a ratio of 79.96% in the previous year against 77.98% posted this year. Similarly, Nepal Bank Limited showed a slight increase in the ratio as compared to previous year. We can also see that the banks with lowest ratio this year (NICA, GBIME) had posted a higher ratio last year indicating a decrease in the ratio.
A decrease in this ratio could possibly indicate reduction in work force of the bank. It could also mean that the total expenses have increased while the staff expenses have remained the same. In any case, it means that the bank is not investing in the growth of its most important assets.
Further, we have also compared the staff expenses with the total operating income of the banks. Staff expenses to total operating ratio as per FY 74/75 reports, stands as follows:
S. No.
Symbol
Name
Staff Expenses ('000)
Total operating Income ('000)
SE/TOI
1
ADBL
Agricultural Development Bank Limited
3,011,913
8,015,443
37.58%
2
NCCB
Nepal Credit & Commercial Bank Limited
800,781
2,192,043
36.53%
3
NBL
Nepal Bank Limited
2,464,887
7,710,133
31.97%
4
PRVU
Prabhu Bank Limited
1,140,816
3,968,601
28.75%
5
NICA
NIC Asia Bank Limited
1,413,710
5,118,637
27.62%
6
CBL
Civil Bank Limited
461,990
1,810,042
25.52%
7
RBB
Rastriya Banijya Bank
2,594,412
10,488,207
24.74%
8
KBL
Kumari Bank Limited
609,773
2,579,589
23.64%
9
JBNL
Janata Bank Nepal Limited
656,230
2,886,842
22.73%
10
BOKL
Bank of Kathmandu Limited
782,651
3,764,595
20.79%
11
MBL
Machhapuchchhre Bank Limited
681,650
3,308,129
20.61%
12
CCBL
Century Commercial Bank Limited
485,572
2,410,273
20.15%
13
NMB
NMB Bank Limited
813,350
4,108,013
19.80%
14
NBB
Nepal Bangladesh Bank Limited
598,315
3,070,934
19.48%
15
SBI
Nepal SBI Bank Limited
1,025,639
5,297,257
19.36%
16
SRBL
Sunrise Bank Limited
686,614
3,613,162
19.00%
17
GBIME
Global IME Bank Limited
946,128
5,129,787
18.44%
18
HBL
Himalayan Bank Limited
1,057,831
5,753,569
18.39%
19
LBL
Laxmi Bank Limited
578,859
3,177,600
18.22%
20
SBL
Siddhartha Bank Limited
798,520
4,453,003
17.93%
21
EBL
Everest Bank Limited
1,037,617
5,942,149
17.46%
22
CZBIL
Citizens Bank International Limited
511,796
2,977,340
17.19%
23
MEGA
Mega Bank Nepal Limited
454,682
2,792,742
16.28%
24
SCB
Standard Chartered Bank Nepal Limited
644,704
4,622,117
13.95%
25
SANIMA
Sanima Bank Limited
540,365
3,926,654
13.76%
26
NABIL
Nabil Bank Limited
1,044,021
7,991,197
13.06%
27
NIB
Nepal Investment Bank Limited
897,505
7,702,249
11.65%
28
PCBL
Prime Commercial Bank Limited
388,408
3,730,225
10.41%
Average
968,884
4,590,733
20.89%
The table above clearly shows how much the banks have invested in their human assets out of the total operating income. Looking at the industry average, staff expenses make up around 20.90% of the total operating income. And as per the data, only 9 commercial banks lie above the average figure. While Agricultural Development Bank has posted a ratio of 37.58%, Prime Commercial Bank has posted the ratio as low as 10.41%.
Agriculture Development Bank, Nepal Credit & Commercial Bank and Nepal Bank Limited have invested the most in their human assets with respect to the total operating income while Nabil Bank, Nepal Investment Bank and Prime Commercial Bank have invested the least.
An important aspect to notice here is that the relation between staff expenses and distributable profit is inverse; if commercial banks spend more on staff expenses, their net profits will come down and vice versa. For the commercial bank it is a gamble between the satisfaction of the shareholders and satisfaction of the workforce. The banks need to carefully strike a balance between the two as both these aspects are imperative for the functioning and performance of the banks.",0.8678902387619019
2018-08-23,Know which Banks are most successful in utilizing assets to earn high profit,https://www.sharesansar.com/newsdetail/know-which-banks-are-most-successful-in-utilizing-assets-to-earn-high-profit,"~Rishab Agrawal
While investing in a company, an investor looks at number of factors and indicators which may include net profit, earnings per share, net worth per share, P/E ratio, total assets etc. These indicators may give a view about the financial strength of the company and its future prospects. But what the above mentioned indicators do not tell is the efficiency of the company to earn with the given resources.
A strong company can be a company that earns most profit but an efficient company is a company that has the capability of earning most using the given resources. To check the efficiency, a key indicator is
Return on Asset
(ROA)
which is calculated by dividing net profits with the total asset. It shows the percentage of profit earned by employing the given number of assets. For example- if a company’s ROA is 2%, it means that it can earn Rs.2 on every Rs.100 employed as asset. Hence, we can say that higher the ROA, higher is the efficiency and earning capacity of that company.
First, let us look at the total assets and net profits of all the commercial banks. These are latest figures posted by the banks in their fourth quarter reports for FY 74/75. They give the following picture:
S. No.
Symbol
Name
Total Assets (‘000)
Net Profit (‘000)
1
RBB
Rastriya Banijya Bank
206,849,737
4,328,757
2
NICA
NIC Asia Bank Limited
171,921,113
1,190,930
3
NIB
Nepal Investment Bank Limited
170,515,660
3,578,858
4
NABIL
Nabil Bank Limited
159,192,778
4,054,745
5
EBL
Everest Bank Limited
145,840,764
2,544,534
6
ADBL
Agricultural Development Bank Limited
134,652,580
3,673,293
7
GBIME
Global IME Bank Limited
127,777,163
2,156,592
8
NBL
Nepal Bank Limited
121,158,048
3,399,718
9
SBL
Siddhartha Bank Limited
119,132,261
1,854,800
10
HBL
Himalayan Bank Limited
117,956,580
2,474,590
11
PRVU
Prabhu Bank Limited
114,097,579
1,129,661
12
NMB
NMB Bank Limited
105,227,195
1,812,965
13
SBI
Nepal SBI Bank Limited
102,479,628
1,940,164
14
PCBL
Prime Commercial Bank Limited
95,768,091
1,892,039
15
BOKL
Bank of Kathmandu Limited
93,991,002
1,548,668
16
SANIMA
Sanima Bank Limited
91,831,622
1,693,662
17
MBL
Machhapuchchhre Bank Limited
85,389,009
1,210,680
18
SRBL
Sunrise Bank Limited
83,943,039
1,311,769
19
KBL
Kumari Bank Limited
83,525,391
1,001,495
20
SCB
Standard Chartered Bank Nepal Limited
82,747,325
2,073,394
21
LBL
Laxmi Bank Limited
81,401,606
1,166,342
22
CZBIL
Citizens Bank International Limited
78,725,979
1,408,454
23
MEGA
Mega Bank Nepal Limited
78,382,099
1,046,680
24
NCCB
Nepal Credit & Commercial Bank Limited
75,257,967
1,072,037
25
CCBL
Century Commercial Bank Limited
73,654,678
875,737
26
JBNL
Janata Bank Nepal Limited
72,041,379
934,747
27
NBB
Nepal Bangladesh Bank Limited
61,874,702
1,107,958
28
CBL
Civil Bank Limited
52,002,007
645,011
Average
106,690,607
1,897,439
As we can see, Rastriya Banijya Bank has employed assets worth Rs.206.84 Arba and earned net profit of Rs.4.32 Arba while Nepal Investment Bank has employed assets worth Rs.170.51 Arba and earned net profit of Rs.3.57 Arba. Similarly, NIC Asia has employed Rs.171.92 Arba as assets but only earned Rs.1.19 Arba net profit. These are the banks with the most assets but it doesn’t necessarily mean they are the most efficient.
To know the efficiency of each bank, we have calculated the ROA and they stand as follows:
S.No.
Symbol
Name
ROA
1
NBL
Nepal Bank Limited
2.81%
2
KBL
Kumari Bank Limited
2.73%
3
EBL
Everest Bank Limited
2.51%
4
RBB
Rastriya Banijya Bank
2.18%
5
NIB
Nepal Investment Bank Limited
2.10%
6
SBI
Nepal SBI Bank Limited
2.10%
7
SBL
Siddhartha Bank Limited
2.09%
8
GBIME
Global IME Bank Limited
1.98%
9
CZBIL
Citizens Bank International Limited
1.95%
10
LBL
Laxmi Bank Limited
1.89%
11
MEGA
Mega Bank Nepal Limited
1.84%
12
SCB
Standard Chartered Bank Nepal Limited
1.79%
13
NCCB
Nepal Credit & Commercial Bank Limited
1.74%
14
SRBL
Sunrise Bank Limited
1.72%
15
HBL
Himalayan Bank Limited
1.65%
16
JBNL
Janata Bank Nepal Limited
1.56%
17
CBL
Civil Bank Limited
1.56%
18
SANIMA
Sanima Bank Limited
1.43%
19
BOKL
Bank of Kathmandu Limited
1.42%
20
CCBL
Century Commercial Bank Limited
1.42%
21
ADBL
Agricultural Development Bank Limited
1.34%
22
NABIL
Nabil Bank Limited
1.30%
23
NBB
Nepal Bangladesh Bank Limited
1.20%
24
MBL
Machhapuchchhre Bank Limited
1.19%
25
NMB
NMB Bank Limited
0.99%
26
PRVU
Prabhu Bank Limited
0.99%
27
PCBL
Prime Commercial Bank Limited
0.69%
28
NICA
NIC Asia Bank Limited
0.69%
Average
1.67%
From the table above, we can infer that though RBB has the highest value of asset, Its ROA stands at 2.18% whereas Nepal Bank Limited has topped this list with ROA of 2.81% as it has employed assets worth Rs.121.15 Arba and posted a net profit of Rs.3.39 Arba making it the most efficient commercial bank in the industry. Other banks with high ROA are Kumari Bank and Everest Bank with 2.73% and 2.51% of return.
Further, we can that NIC Asia Bank, which had employed assets worth Rs.171.92 Arba posted the lowest ROA amongst all commercial banks which stands at a mere 0.69% making it the least efficient commercial bank with the lowest earning capacity. Similar to NIC Asia, Prime Commercial Bank posted a return of 0.69% while NMB Bank and Prabhu Bank posted ROA of 0.99% putting them in the least efficient zone.
Graphical Representation:",0.9118733406066895
2018-08-22,Exclusive study of Marginal Loan as per Q4 reports; 51 Arba yet to be dispersed for investment,https://www.sharesansar.com/newsdetail/exclusive-study-of-marginal-loan-as-per-q4-reports-51-arba-yet-to-be-dispersed-for-investment,"~Rishab Agrawal
Commercial Banks provide different types of loans to its customers. One such type of loan is marginal loan. Marginal loan is the loan provided by banks after collateralizing shares and accordingly the funds are lent. These funds can only be used to invest in securities. Generally, this type of loan is taken by investors who actively monitor and manage their investment.
We have complied the data regarding the amount of marginal loan provided by each bank and its exposure in the total loan and core capital of the bank. All of the figures have been taken from unaudited fourth quarter reports published of FY 2074/75 by the banks and the latest Basel reports available on the banks’ respective websites. They give the following picture:
S. No.
Symbol
Name
Total Loan ('000)
Marginal Loan ('000)
% of Total Loan
Core Capital (CC) in NRs
ML % of CC
Excess Lending Capacity in NRs
1
CZBIL
Citizens Bank International Limited
57,954,996
2,817,552
4.86%
10,076,328,992
27.96%
(298,469,752)
2
PRVU
Prabhu Bank Limited
75,980,566
2,388,587
3.14%
10,844,698,207
22.03%
322,587,552
3
NICA
NIC Asia Bank Limited
120,666,392
1,931,429
1.60%
9,766,340,000
19.78%
510,156,000
4
PCBL
Prime Commercial Bank Limited
69,709,602
1,978,742
2.84%
10,567,432,285
18.72%
663,116,071
5
SRBL
Sunrise Bank Limited
60,545,841
1,916,943
3.17%
10,475,710,000
18.30%
701,984,500
6
SBL
Siddhartha Bank Limited
84,760,513
2,010,477
2.37%
12,080,320,000
16.64%
1,009,603,000
7
GBIME
Global IME Bank Limited
93,373,418
1,879,420
2.01%
11,840,940,329
15.87%
1,080,815,082
8
RBB
Rastriya Banijya Bank
120,872,213
2,016,360
1.67%
12,741,643,573
15.82%
1,169,050,893
9
CCBL
Century Commercial Bank Limited
54,988,508
1,267,869
2.31%
9,463,864,326
13.40%
1,098,097,082
10
NCCB
Nepal Credit & Commercial Bank Limited
55,013,229
918,216
1.67%
6,859,707,000
13.39%
796,710,750
11
NABIL
Nabil Bank Limited
112,398,048
2,232,317
1.99%
17,259,602,809
12.93%
2,082,583,702
12
LBL
Laxmi Bank Limited
61,996,940
1,308,064
2.11%
10,608,993,000
12.33%
1,344,184,250
13
NBL
Nepal Bank Limited
79,632,495
1,784,480
2.24%
14,654,210,000
12.18%
1,879,072,500
14
KBL
Kumari Bank Limited
62,740,973
1,010,990
1.61%
8,574,223,256
11.79%
1,132,565,814
15
HBL
Himalayan Bank Limited
86,846,646
1,344,048
1.55%
12,960,462,439
10.37%
1,896,067,610
16
CBL
Civil Bank Limited
39,460,979
773,878
1.96%
9,211,062,440
8.40%
1,528,887,610
17
EBL
Everest Bank Limited
93,991,587
1,107,340
1.18%
14,151,382,000
7.82%
2,430,505,500
18
MEGA
Mega Bank Nepal Limited
56,403,368
710,481
1.26%
12,002,000,000
5.92%
2,290,019,000
19
BOKL
Bank of Kathmandu Limited
69,463,294
654,490
0.94%
11,150,991,699
5.87%
2,133,257,925
20
NIB
Nepal Investment Bank Limited
122,388,439
1,222,742
1.00%
20,940,466,029
5.84%
4,012,374,507
21
JBNL
Janata Bank Nepal Limited
54,388,926
481,684
0.89%
9,505,600,000
5.07%
1,894,716,000
22
NMB
NMB Bank Limited
75,645,917
417,471
0.55%
11,741,729,816
3.56%
2,517,961,454
23
SANIMA
Sanima Bank Limited
68,663,692
325,789
0.47%
9,535,361,259
3.42%
2,058,051,315
24
NBB
Nepal Bangladesh Bank Limited
42,400,601
289,840
0.68%
11,449,654,000
2.53%
2,572,573,500
25
MBL
Machhapuchchhre Bank Limited
64,365,666
228,728
0.36%
10,107,770,000
2.26%
2,298,214,500
26
SCB
Standard Chartered Bank Nepal Limited
46,148,405
-
0.00%
12,628,976,311
0.00%
3,157,244,078
27
SBI
Nepal SBI Bank Limited
74,502,222
-
0.00%
11,786,846,000
0.00%
2,946,711,500
28
ADBL
Agricultural Development Bank Limited
96,490,498
-
0.00%
23,133,640,000
0.00%
5,783,410,000
As per the recently released NRB directive, commercial banks can lend up to 25% of their core capital as marginal type loan, with effect from new fiscal year 75/76.
As we can see, Citizens International Bank, Prabhu Bank and NIC Asia are lending 27.96%, 22.03% and 19.78% of its core capital as marginal type loan while some banks like Standard Chartered, Nepal SBI and Agricultural Development Bank haven’t given out any marginal type loan from their total loan. As per the new directive CZBIL either has to reduce the amount given as marginal loan or increase its core capital to meet the terms provided by NRB.
In terms of total loan provided, Nepal Investment Bank Limited stands at the top after lending Rs.122.38 Arba while only 1% of this amounts makes up the marginal loan lent. Second in this list is Rastriya Banijya Bank with lending of Rs.120.87 Arba and only 1.67% of this amount consist of marginal loan. NIC Asia bank stands as the third largest lender after lending Rs.120.66 Arba, 1.6% of which is marginal loan.
In terms of marginal type loan provided, Citizens Bank tops the list after providing Rs.2.81 Arba as marginal loan followed by Prabhu Bank and Nabil Bank whose marginal loan amount to Rs.2.38 Arba and Rs.2.23 Arba respectively. These figures make up 4.86%, 3.14% and 1.99% of their respective total loans.
If we look at the averages derived from the data above, the following can be inferred:
Average Marginal Lending in NRs
1,179,212,000
Average Marginal Loan as % of Total Loan
1.59%
Average Marginal Loan as % of Core Capital
10.44%
Total Excess Lending Capacity in NRs
51,012,051,943
The average Marginal Lending of the industry stands at Rs.1.18 Arba and we can see equal division of number of banks falling above and below the average marginal lending amount. A similar division can be seen if average marginal loan as % of core capital is considered. The average stands at only 10.44%. Similarly, 15 banks have above average marginal lending as % of total lending which stands at 1.59%.
The total of excess lending capacity, after considering the adjustment of Citizens Banks, stands at Rs.51 Arba. This indicates that a huge capital that could flow in the secondary market as investment, is lying with commercial banks as undistributed loan or loan distributed for other purposes. The reason for this can be rigidity of commercial banks towards this type of loan or insufficient demand from investors for the said loan. Whatever be the reason, capital that could be invested in secondary market is flowing to other sectors while the growth of capital markets is hampered.",0.9089189767837524
2018-08-20,50% right share issue of NCC Bank to start from today; Paid up capital to reach Rs 7.01 arba,https://www.sharesansar.com/newsdetail/50-right-share-issue-of-ncc-bank-to-start-from-today-paid-up-capital-to-reach-rs-701-arba,"Nepal Credit and Commerce Bank Limited (NCCB) will be issuing its 50% right shares from Bhadra 04, 2075 i.e. today. The bank will be issuing 2,33,95,291 unit shares at a par value of Rs 100 till Ashoj 07, 2075.
The shareholders holding the shares till Shrawan 14, 2075 shall be eligible to apply for the right shares of the bank.
Sunrise Capital has been appointed as the issue manager for the right share auction.
Applications can be placed through Meroshare or through any of the financial institutions providing C-ASBA facility.
Currently, the paid up capital of the bank is Rs 4.67 arba. After the adjustment of the right shares, the paid-up capital of the bank will rise to Rs 7.01 arba. The bank will likely distribute bonus shares for the remaining Rs 99 crore to meet the minimum capital requirement of Rs 8 arba.",0.8868791460990906
2018-08-20,NCC Bank and Sun Nepal Life enter in a bancassurance agreement,https://www.sharesansar.com/newsdetail/ncc-bank-and-sun-nepal-life-enter-in-a-bancassurance-agreement,"NCC Bank Limited and Sun Nepal Life Insurance have agreed upon a bancassurance agreement.
The Acting CEO of Sun Nepal Life Insurance Mr Raj Kumar Aryal and CEO of NCC Bank Mr Ramesh Raj Aryal had signed on the agreement.
After the bancassurance agreement, the customers of NCC Bank will be able to use all the services of Sun Nepal Life Insurance through the branches of NCC Bank.",-0.3494793176651001
2018-08-19,Financial Closure of 44 MW Super Madi Hydroelectric Project; consortium led by Sanima Bank to lend upto 75% of project cost,https://www.sharesansar.com/newsdetail/financial-closure-of-44-mw-super-madi-hydroelectric-project-consortium-led-by-sanima-bank-to-lend-upto-75-of-project-cost,"Super Madi Hydropower Ltd is going to develop “Super Madi Hydroelectric Project - 44 MW” in the Madi Rural Municipalities of Kaski district. Loan Facility Agreement was signed between the Developer Company and Consortium of Banks in the lead of Sanima Bank. Sanima, NIC Asia, NCC, Sunrise, Kumari, Agricultural Development, Rastriya Banijya and Prabhu banks shall lend maximum seventy five percent of total project cost. It will take three years to construct the project. The project will generate 246 million units of energy annually.",0.3280464708805084
2018-08-19,Base rates of commercial banks have decreased with savings & fixed deposit rates; at what rates do they provide share loans? (With full list of 28 commercial banks),https://www.sharesansar.com/newsdetail/base-rates-of-commercial-banks-have-decreased-with-savings-fixed-deposit-rates-at-what-rates-do-they-provide-share-loans-with-full-list-of-28-commercial-banks,"~Rishab Agrawal
Interest rates provided by commercial banks on deposits are said to have an impact on the investment in the secondary market. But this doesn’t seem to hold true. The following are the latest interest rates provided by all the listed commercial banks. For comparison sake we have taken the interest rates of normal savings account, fixed deposit for 1 year, base rate, individual overdraft rate, marginal lending rate and interest rate on home loan. These are the latest rates posted by the banks and this information has been taken from their respective websites.
S. No.
Symbol
Name
Individual Savings Rate %
Fixed Deposit Rate (1 Year)
%
Base Rate (BR)
%
Margin Lending Rate
Individual Overdraft Rate
Home Loan Rate
1
NBL
Nepal Bank Limited
2
8
7.03
BR+6.07%
BR+6.57%
BR+4.07%
2
ADBL
Agricultural Development Bank Limited
4.25
9.50
11.73
BR+1% to 5%
BR+1% to 7%
BR+1% to 4%
3
NABIL
Nabil Bank Limited
3
10.5
7.78
BR+5.5% to 7.5%
BR+6.5% to 7.5%
BR+3% to 6.5%
4
NIB
Nepal Investment Bank Limited
3.5
9
9.02
BR+1% to 6%
BR+0.75% to 6.75%
BR+0.75% to 6%
5
SCB
Standard Chartered Bank Nepal Limited
2
10
7.87
BR+2% to 4%
BR+3.5% to 6.5%
BR+2.5% to 5.5%
6
HBL
Himalayan Bank Limited
2.5
11
9.66
BR+ up to 7%
BR+ up to 6%
BR+ up to 6.5%
7
SBI
Nepal SBI Bank Limited
2.25
10.5
10.12
BR+3.75% to 6%
BR+2.5% to 5%
BR+2% to 5%
8
NBB
Nepal Bangladesh Bank Limited
5
10
11.51
BR+1% to 5%
BR+1% to 6%
BR+0.5% to 5%
9
KBL
Kumari Bank Limited
6
10.5
11.6
BR+8%
BR+6%
BR+8%
10
LBL
Laxmi Bank Limited
6
10.5
11.48
BR+1% to 5%
BR+3% to 5%
BR+1% to 5%
11
SBL
Siddhartha Bank Limited
5
10.5
11.16
BR+ up to 6%
BR+ up to 5.5%
BR+ up to 5%
12
CZBIL
Citizens Bank International Limited
6
10.5
11.78
BR+ 1% to 4%
BR+0.25% to 4%
BR+1% to 5%
13
PCBL
Prime Commercial Bank Limited
5
10.25
10.47
BR+ up to 5%
BR+ up to 5%
BR+ up to 5%
14
SRBL
Sunrise Bank Limited
4
7.5
11.39
BR + up to 6%
BR+ up to 6%
BR+ up to 6%
15
JBNL
Janata Bank Nepal Limited
5
10.5
11.6
BR+ up to 5%
BR+ up to 4%
BR+ up to 3%
16
MEGA
Mega Bank Nepal Limited
6.5
10.5
11.38
BR+ up to 4.5%
BR+ up to 7.5%
BR+ up to 8%
17
CCBL
Century Commercial Bank Limited
7
10.5
12.08
BR+4.45% to 6.45%
BR+3.45% to 5.45%
BR+3.45% to 5.45%
18
SANIMA
Sanima Bank Limited
5
10.5
10.66
BR + up to 6%
BR + up to 6%
BR+ up to 6%
19
MBL
Machhapuchchhre Bank Limited
4
10.5
11.06
BR+ up to 5%
BR+ up to 5%
BR+ up to 5%
20
NICA
NIC Asia Bank Limited
5
10.5
11.16
BR+ up to 7%
BR+ up to 7%
BR+ up to 7%
21
GBIME
Global IME Bank Limited
4
10.5
10.55
BR+ up to 6%
BR+ up to 5%
BR+ up to 4%
22
CBL
Civil Bank Limited
7
10.5
11.84
BR+ up to 5%
BR+ up to 4%
BR+ up to 5%
23
PRVU
Prabhu Bank Limited
6
10.5
10.62
BR+3.83% to 5.33%
BR+3.33% to 5.33%
BR+2.83% to 4.83%
24
NMB
NMB Bank Limited
4.5
10.5
10.7
BR+5% to 7%
BR+4.5% to 5.5%
BR+2% to 4%
25
EBL
Everest Bank Limited
3
10.5
8.45
BR+1.75% to 6.75%
BR+2.5% to 7.5%
BR+1.5% to 6.5%
26
NCCB
Nepal Credit & Commercial Bank Limited
7
10.5
11.92
BR+ up to 7%
BR+ up to 5%
BR+ up to 4%
27
BOKL
Bank of Kathmandu Limited
3.50
10.5
10.67
BR+0.50% to 6%
BR+ up to 6%
BR+0.50% to 6%
28
RBB
Rastriya Banijya Bank
2.25
6.25
6.2
BR+4% to 6%
BR+3% to 5.5%
BR+3% to 4%
As we can see, the interest rates on deposits have decreased. This should have resulted in inflow of capital in the share market but no such trend is seen yet. When NEPSE index started falling from 1400 points mark, it was said to be due to increasing rates on deposits; but now this isn’t the case. Also, it is clear from high rates on lending that the commercial banks are trying to curb the flow of money in the economy. It has also impacted existing borrowers as they end up paying more interest on loans, one of the main reasons why the month of Asadh is feared by most borrowers as they are required to pay interest on their loan.
Average Rate
Individual Savings
4.509
Fixed Deposit
10.036
Base Rate
10.410
If we look at the average rate of the industry, we can see that average individual savings rate stands at a mere 4.51% and that of fixed deposit at 10.03%. While the average base rate is as high as 10.41%. From the data above, 15 commercial banks have
above average savings rates
they are-
NMB Bank Limited
Prime Commercial Bank Limited
Sanima Bank Limited
Siddhartha Bank Limited
NIC Asia Bank Limited
Nepal Bangladesh Bank Limited
Janata Bank Nepal Limited
Prabhu Bank Limited
Laxmi Bank Limited
Kumari Bank Limited
Mega Bank Nepal Limited
Civil Bank Limited
Nepal Credit & Commercial Bank Limited
Century Commercial Bank Limited
Citizens Bank Limited
Similarly, only 8 commercial banks have
below average base rate
on comparison with industry’s average base rate. They are-
Rastriya Banijya Bank
Nepal Bank Limited
Nabil Bank Limited
Standard Chartered Bank Nepal Limited
Everest Bank Limited
Nepal Investment Bank Limited
Himalayan Bank Limited
Nepal SBI Bank Limited
Other 20 commercial banks have above average base rates with the said rate going as high as 12.08%. One thing to be noted here is that low base rate doesn’t particularly mean low lending rates. The lending rates on different types of loan depends on the premium rate added by the bank to their base rate which may range anywhere between 0% and 8% as per the data mentioned in the above table.
Despite the decrease in interest on deposits, inflow of money in the share market cannot be seen. This is a cause of worry as it hampers the development of secondary market. The market right now struggles to achieve a decent amount of daily turnover. It seems as if people have lost hope and confidence in the secondary market and are satisfied with the nominal but assured returns from banks. If we are expecting double digit growth of the economy in the coming years, this is one of the primary things that require attention or else our expectations won’t become a reality anytime soon.",0.6557104587554932
2018-08-16,The commercial banking industry and the individual commercial banks: Does the bank of your choice lie above or below the industry average? NFRS and non-NFRS,https://www.sharesansar.com/newsdetail/the-commercial-banking-industry-and-the-individual-commercial-banks-does-the-bank-of-your-choice-lie-above-or-below-the-industry-average-nfrs-and-non-nfrs,"The publication of financial reports created a hassle among investors due to the delay in publication. After the publication of financial reports by 27 commercial banks, the performance of these banks can be summed up from the following figure:
All these banks except Rastra Banijya Bank Limited have published their fourth quarter financial reports of 74/75 FY and thus, the article provides an analysis on their financial status. The industry average in the article is calculated referring to only 27 commercial banks.
From the viewpoint of NFRS:
As per the NFRS report, the distributable profit in the statement has helped investors identify the ability of commercial banks to distribute dividends. For instance, Nabil Bank Limited (NABIL) has the highest distributable profit of Rs 4.05 arba followed by Agriculture Development Bank Limited (ADBL) wit distributable profit of Rs 3.67 arba and finally Nepal Investment Bank (NIB) with distributable profit of Rs 3.57 arba. As per the distributable profit, the maximum return giving capacity can also be evaluated. The maximum return giving capacity is in the same alignment with distributable profit compromising NABIL and ADBL in top positions. The third position is taken by Nepal Bank Limited (NBL). In order to understand the details, please observe the tables:
Comparison of commercial banks’ performance in accordance to industry average (As per old format):
Net profit:
As per the net profit of fourth quarter of 2074/75, Nabil Bank Limited (NABIL) is in the lead with a profit of Rs 4.05 arba. Similarly, Agriculture Development Bank Limited (ADBL) has the second highest net profit of Rs 3.67 arba in the same quarter. In the third position, Nepal Investment Bank (NIB) has the net profit of Rs 3.58 arba. The bank with the least net profit is Civil Bank Limited (CBL) whose net profit amounts to Rs 0.65 arba.
The industry average net profit of the 27 commercial banks is Rs 1.81 arba. 11 commercial banks have net profit above the industry average. Remaining all banks have net profit below the industry average. Find the details in the pictures below:
(Please download and study the image in case of difficulty upon studying).
Paid up capital:
The central bank of the country has directed these “A” categorized banks to meet the paid up capital requirement of at least 8 arba. Most of the banks have met the paid up capital requirement except NMB Bank Limited, Kumari Bank Limited, Bank of Kathmandu Limited and Nepal Credit & Commercial Bank Limited. NMB Bank Limited has already conducted AGM in order to distribute the dividend to meet the paid up capital. The remaining commercial banks are also expected to meet the paid up capital requirement through dividend distribution. The bank with highest paid up capital are Nepal Investment Bank (NIB) with Rs 10.65 arba capital, Mega Bank Limited with Rs 10.28 arba and Global IME Bank Limited (GBIME) with Rs 8.89 arba paid up capital.
The industry average paid up capital stands at Rs 8.10 arba for the commercial banks. 10 of these banks have a paid up capital above this mark. Find where the bank of your choice lies.
(Please download and study the image in case of difficulty upon studying).
Reserve and surplus:
With an industry average of Rs 4.63 arba, 10 banks stand above the average range of Rs 4.63 arba in their reserve fund.
As each and every commercial bank adopted different paid up increment strategy, the impact is seen in the reserve and surplus fund of these banks. In terms of reserves and surplus, Nepal Investment Bank (NIB) has maintained its lead with a reserve and surplus of Rs 11.66 arba. Agriculture Development Bank Limited (ADBL) has maintained second position with Rs 11.54 arba reserve and surplus fund. The bank with least reserve and surplus is Civil Bank Limited (CBL) having a reserve of Rs 1.41 arba.
(Please download and study the image in case of difficulty upon studying).
Deposit collection:
In an average among 27 banks of the country, a bank has collected Rs 85.27 arba as deposit. Only 10 banks are above the average deposit collection.
In the banking sector, the deposit collection will play a major role in the upcoming days. All the banks except four banks have the same range of paid up capital which is equal or above Rs 8 arba. So, the commercial banks will go through a severe competition with each other in order to attract the deposit clients. As of the fourth quarter of FY 2074/75, NIC Asia Bank Limited (NICA) stands on top with total deposits worth Rs 1.51 kharba. NIC Asia is aggressively involved in collecting deposits from existing and prospective clients. Similarly, the bank is followed by Nepal Investment Bank (NIB) and NABIL Bank Limited (NABIL) with the collected deposit of Rs 1.40 kharba and Rs 1.35 kharba respectively. Civil Bank Limited (CBL) has the lowest deposit collection of Rs. 40.01 arba only.
(Please download and study the image in case of difficulty upon studying).
Loans and advances:
With paid up capital of almost same ranges, competition among commercial banks implies even in bringing the loan clients. As shown in the figure, the top position in loans and advances is occupied by Nepal Investment Bank (NIB) with credit disbursement worth Rs 1.22 kharba. NIC Asia Bank (NICA) has a loan and advances portfolio of Rs. 1.20 kharba. NABIL Bank Limited (NABIL) has the loan portfolio of Rs 1.124 kharba. Similarly on the other end of the rope, stands Civil Bank Limited (CBL) with the lowest loan and advances portfolio of Rs. 39.46 arba.
The industry average loan disbursed is Rs 73.37 arba. 12 commercial banks have the loan portfolio above Rs 73.37 arba. Find the details in the pictures below:
(Please download and study the image in case of difficulty upon studying).
Major indicators:
Earning per share (Annualized):
With the increment in the paid-up capital requirement, the EPS of these banks were expected to fall. However, some commercial banks have managed to maintain their EPS better than others. Nabil Bank Limited (NABIL) becomes the bank to serve investors with highest annualized EPS of Rs 50.41 per share. Agriculture Development Bank (ADBL) in the second position with Rs 43.17.  Nepal Bank Limited (NBL) stands in the third position with annualized EPS of Rs 42.27 per share. Civil Bank Limited (CBL) stays at the bottom with an earning of Rs. 8.06 per share.
The average EPS of 27 commercial banks stands at Rs 21.63. 14 commercial banks still provide EPS higher than that of the industry average.
(Please download and study the image in case of difficulty upon studying).
P/E Ratio:
Nepal Bank Limited (NBL) has the least PE ratio of 6.93 times followed by Nepal Credit & Commercial Bank Limited (NCCB) with PE ratio of 7.86 times and finally Citizens Bank International Limited (CZBIL) with PE ratio of 9.70 times.
17 commercial banks have a P/E ratio lower than the industry average of 15.93 times. The average PE ratio of 15.93 times in commercial banking sector is considered as the lowest among these many years of operation.
(Please download and study the image in case of difficulty upon studying).
Net worth per share:
The highest net worth per share among these commercial banks is Rs 234.66 of Agriculture Development Bank Limited (ADBL). Nabil Bank Limited (NABIL) is in the second position with Rs 225.23. NMB Bank Limited (NMB) with an unmet paid up capital has the third highest net worth per share as of Q4 of FY 2074/75 i.e. Rs 214.40. Civil Bank Limited (CBL) has the least net worth of Rs 117.61 per share.
The industry average net worth stands around Rs 155.10 per share. 11 companies have net worth more than the industry average. Find out those companies in the table below.
(Please download and study the image in case of difficulty upon studying).
A full picture:
Finally the table below provides a full picture with major indicators of the 27 commercial banks as of the fourth quarter of FY 2074/75:
(Please download and study the image in case of difficulty upon studying).
Don’t forget to share your views on the performance of commercial banks in the last Fiscal Year.",0.8950644135475159
2018-08-16,NCC Bank’s massive fall in net profit in the Q4; EPS falls to Rs 26.51 from Rs 56.02,https://www.sharesansar.com/newsdetail/ncc-banks-massive-fall-in-net-profit-in-the-q4-eps-falls-to-rs-2651-from-rs-5602,"Nepal Credit and Commerce Bank Limited (NCCB) has reported 52.67% fall as per NFRS based report in the net profit in the fourth quarter of the fiscal year 2074/75.
The bank’s profit has decreased from 2.62 arba in the fourth quarter of the fiscal year 2073/74 to Rs 1.24 arba in the fourth quarter of the fiscal year 2074/75. In the last quarter of the FY 2074/75, the bank has Rs 1.07 arba as Free Profit after Regulatory Adjustments which can be utilized in distributing dividends to its shareholders.
The bank’s deposit has growth rate of 7.89% to Rs 63.51 arba and loans and advances have also increased by 14.63% to Rs 55.31 arba in the last quarter.
The net interest income of the bank has also decreased to Rs 1.89 arba from Rs 2.84 arba of the corresponding quarter.
The bank’s paid up capital stands at Rs 4.67 arba with Rs 5.16 arba as its reserve as of the end of FY 2074/75.
The Non-Performing Loan (NPL) has also decreased to 3.89% from 4.80%.
In the fourth quarter, the EPS of the bank stands at Rs 26.51. The net worth per share stands at Rs 210.29.
Major Highlights:
Particulars (In Rs '000)
NCCB
Q4 2074/75
Q4 2073/74
Difference
Paid Up Capital
4,679,853
4,679,058
0.02%
Reserve & Surplus
5,161,519
4,468,024
15.52%
Deposits
63,519,763
58,875,501
7.89%
Borrowings
684,909
779,231
-12.10%
Loans & Advances
55,318,629
48,257,316
14.63%
Net Interest Income
1,890,329
2,848,036
-33.63%
Operating Profit
1,751,162
3,462,736
-49.43%
Net Profit
1,240,609
2,621,246
-52.67%
Total Comprehensive Income after Share of NCI
1,466,768
2,508,670
-41.53%
Add/ Less: Regulatory adjustment as per NRB
(168,573)
(1,295,430)
-86.99%
Free Profit/ (Loss) after Regulatory Adjustments
1,072,036
1,325,817
-19.14%
NPL
3.89
4.80
-18.96%
Annualized EPS (In Rs.)
26.51
56.02
-52.68%
Net Worth per Share (In Rs.)
210.29
195.49
7.57%",0.05720580369234085
2018-08-07,NCC Bank and Life Insurance Corporation Nepal under bancassurance pact,https://www.sharesansar.com/newsdetail/ncc-bank-and-life-insurance-corporation-nepal-under-bancassurance-pact,"Nepal Credit and Commerce Bank has entered into bancassurance agreement with Life Insurance Corporation Nepal with an aim to provide life insurance policies and services of the insurance company through its branches.
The agreement for the same was signed between CEO of the bank Mr. Ramesh Raj Aryal and CEO of the insurance company Mr. Abhijit Ghosh Dastidar amid a program on Shrawan 21, 2075.",-0.39050009846687317
2018-08-06,NCC Bank under bancassurance agreement with Prime Life Insurance,https://www.sharesansar.com/newsdetail/ncc-bank-under-bancassurance-agreement-with-prime-life-insurance,"Nepal Credit and Commerce Bank has entered into bancassurance agreement with Prime Life Insurance Company with an aim to provide life insurance policies and services of the insurance company through its branches.
The agreement for the same was signed between CEO of the bank Mr. Ramesh Raj Aryal and CEO of the insurance company Mr. Manoj Kumar Bhattarai amid a program.",-0.42104724049568176
2018-07-31,NCC Bank provides Rs 3 lakh in support of 40 children with disabilities from Karnali Province,https://www.sharesansar.com/newsdetail/ncc-bank-provides-rs-3-lakh-in-support-of-40-children-with-disabilities-from-karnali-province,"Nepal Credit and Commerce Bank under its CSR initiative has extended financial support to 40 needy and disabled children of Chobhar-6 Kritipur  based Helpless Children Home.
The bank has provided cash support of Rs 3 lakh to the children home which shall be used to fund the education and medical needs of the children for a year. the support amount was handed by CEO of the bank Mr. Ramesh Raj Aryal to chairman of Sagarmatha Foundation Nepal Mr. Nara Bahadur Limbu amid a program. the bank has also supported to repair the windows of the children home, as informed by the bank in its media note.",-0.6280684471130371
2018-07-31,NCC Bank to issue 50% right shares from Bhadra 04; Shareholders holding till Shrawan 14 can apply,https://www.sharesansar.com/newsdetail/ncc-bank-to-issue-50-right-shares-from-bhadra-04-shareholders-holding-till-shrawan-14-can-apply,"Nepal Credit and Commerce Bank Limited (NCCB) will be issuing its 50% right shares from Bhadra 04, 2075. The bank will be issuing 2,33,95,291 unit shares at a par value of Rs 100 till Ashoj 07, 2075.
The shareholders holding the shares till Shrawan 14, 2075 shall be eligible to apply for the right shares of the bank.
Sunrise Capital has been appointed as the issue manager for the right share auction.
Applications can be placed through Meroshare or through any of the financial institutions providing C-ASBA facility.
Currently, the paid up capital of the bank is Rs 4.67 arba. After the adjustment of the right shares, the paid-up capital of the bank will rise to Rs 7.01 arba. The bank will likely distribute bonus shares for the remaining Rs 99 crore to meet the minimum capital requirement of Rs 8 arba.",0.8867073059082031
2018-07-31,NCC Bank inks deal of bancassurance with Lumbini General Insurance,https://www.sharesansar.com/newsdetail/ncc-bank-inks-deal-of-bancassurance-with-lumbini-general-insurance,"Nepal Credit and Commerce Bank has signed an agreement of bancassurance with Lumbini General Insurance with an aim to provide non-life insurance services and policies of the later through its branches. The agreement was signed between CEO of the bank Mr. Ramesh Raj Aryal and CEO of the insurance company Mr. N.P. Pradhan amid a program on Shrawan 13, 2075.",-0.6837455034255981
2018-07-30,Last day to hold the shares for 50% right issue of NCC Bank; Paid up capital to increase to Rs 7.01 arba,https://www.sharesansar.com/newsdetail/last-day-to-hold-the-shares-for-50-right-issue-of-ncc-bank-paid-up-capital-to-increase-to-rs-701-arba,"Today is the last day to hold the shares of Nepal Credit and Commerce Bank Limited (NCCB) to apply for the upcoming 50% right shares.
The shareholders register book will remain closed on Shrawan 115, 2075 i.e. tomorrow. So, the shareholders holding shares till today will be eligible to apply for the 50% right shares of the company.
The bank will be issuing 2,33,95,291 unit shares at par value of Rs 100.
Sunrise Capital has been appointed as the issue manager for the right share auction.
Currently, the paid up capital of the bank is Rs 4.67 arba. After the adjustment of the right shares, the paid-up capital of the bank will rise to Rs 7.01 arba. The bank will likely distribute bonus shares for the remaining Rs 99 crore to meet the minimum capital requirement of Rs 8 arba.",0.894885778427124
2018-07-24,NCC Bank flexing muscle towards bancassurance; to sell policies of Gurans Life Insurance,https://www.sharesansar.com/newsdetail/ncc-bank-flexing-muscle-towards-bancassurance-to-sell-policies-of-gurans-life-insurance,"Nepal Credit and Commerce Bank has entered into bancassurance agreement with Gurans Life Insurance with an aim to provide all the insurance policies and services of the later through its network.
The agreement was signed between CEO of the bank Mr. Ramesh Raj Aryal and CEO of the life Insurance company Mr. Narayan Kumar Bhattarai amid a program on Shrawan 7, 2075.",-0.582453191280365
2018-07-08,Your ride is just about to begin! Four reasons why you should consider buying commercial bank’s stocks,https://www.sharesansar.com/newsdetail/your-ride-is-just-about-to-begin-four-reasons-why-you-should-consider-buying-commercial-banks-stocks,"What a roller coaster ride it has been to investors of the commercial banks! Ever wondered how your first roller coaster ride experience in the amusement park was like?
Just like the coaster ride comes with your heart pounding, a lot of screaming and fear of losing your life, the recent years have been full of anticipations, excitement and fear of loss to the commercial banks’ shareholders. Then, right when you are getting used to the roller coaster ride, the time is up and all the excitement is gone. The present context for the investors of commercial bank is similar. All these mixed emotions will probably come to an end as most of the banks have now met their paid up capital plan.
The exact time to put on the safety belts and take this roller coaster ride was back when investors came across the NRB’s directive to meet a paid up capital of Rs 8 arba. But, what about the time to experience the thrill?
The experience of thrill came with the announcement of capital plan of these “A” graded commercial banks. Every single time the announcement of bonus share was done, investors got an opportunity to speculate.  For instance, news of bonus share would hike the price due to the increase in demand and right there was the thrill- the thrill to grab the profit. Remember, how the market reacted to Standard Chartered’s 100% bonus share and how smart players speculated so well?
But there were also the time when we rechecked if our safety belt was locked properly just as we do during a roller coaster ride. For instance, we looked for the merger and acquisition news and sold our shares if we got a clue that our trading would be halted for a long period of time. Remember, The MEGA’s mega mysterious merger with Tourism Development Bank which took a year to be resolved?
However, as you read these above paragraphs, did you feel you have missed so many opportunities to earn? It’s just that you don’t belong to the group of friends who enjoy the thrill, the excitement and the fear. You are just one of those friends who stay down waiting for your friends to complete the roller coaster ride so that you can go and join some other games that are less risky. Meaning: you just did not wanted to be a part of the speculation of commercial banks scrips and stood buying and selling nothing. Well, this exact time is for you- the long term investors.  If you are the investor looking forward for less risk and a maximized value of wealth after a certain years,  then this might be exactly the best time to enter the market. For some of you with a long term vision, your ride is just about to begin!
Commercial banks hold the highest portion of market capitalization in the Nepalese secondary market when compared to other eight sectors. Commercial banks, as defined, are the A class financial institutes of the country. These banks are relied upon by other smaller banks and financial institutes for several motives. Nepal Rastra Bank usually prioritizes its effort to facilitate the development of these commercial banks.
As of today, the stocks of commercial banks are considered to be better than the other sectorial stocks for a long term investor. Several reasons that can be attributed are:
1. The declining price of commercial banks’ stocks:
With the increasing number of listed shares through right and bonus of the commercial banks, the supply of the shares in this sector has increased immensely. The macroeconomic aspects of the country such as Communist government, the fiscal budget announcement and liquidity crisis in banks have decreased the demand of these shares. As a result of the mismatch between demand and supply of these shares, the prices of the shares of commercial banks have declined. If we compare the price of these stocks as of 3
rd
July, 2018 and 29
th
March, 2012 (when NEPSE index had reached least to 292), the price of most of the stocks are in the similar range. The current price of scrips such as SCB is lower than the price when NEPSE index was at 292 by Rs 636. Similarly, EBL has a difference of only Rs 2 if we compare the price on that day and today.  Similarly, stocks such as CZBIL, KBL, NABIL, SBI have a difference below 100.
Besides, the average P/E ratio of commercial bank was at 35 times when the market was in Bull Run two years before with a NEPSE index of 1888. If we observe the average P/E ratio today, it is just below 15 times. This suggests the current price of commercial bank’s stocks I relatively low and P/E below 15 is a buying price for the commercial banks.
If we compare the price of stocks in commercial bank’s sectors to sectors such as insurance and microfinance, the stocks are far cheaper so, if the investors are looking for less volatile scrips, commercial banks might be their choice of investment.
So, wouldn’t you take that roller coaster ride which guarantees a less speed and a cheaper price?
2. The upcoming announcement on bonus shares and cash dividend:
In the months of Ashar and Shrawan, all the commercial banks publish their fourth quarter report and conduct an AGM to propose dividend to shareholders either in the form of cash or bonus. Once the announcement is made, the stock price usually increases in a skyrocketing way. Thus, investors can estimate the overall performance of commercial banks analyzing the third quarter reports. The smart players usually buy the shares at the lower price such as now and sell it off when the price increases post the announcement of dividend. But how do the smart players estimate the returns? Are they right every single time? They probably might not be right every single time but here is a glimpse of how smart players estimate the returns.
Now, here is a catch. Just because NCCB had an aggressive growth in the last year leading to a tremendous increase in EPS, does not mean investors can expect the same this year. Similarly, there are certain things that have been observed in the past such as most of the big banks with high EPS prefer to provide fewer dividends to shareholders and transfer the return in the reserve fund. So, it is not necessary that the table provides an accurate prediction but it all depends on investors as how they will analyze the numbers. Also, this year commercial banks had faced CCD ratio crunch so, EPS and net profit might not see the same impact this year.
So, wouldn’t you put an extra effort to find the roller coaster ride with more fun and less risk?
3. Publication of annual reports of commercial banks:
Majority of commercial banks further publish their annual reports in Asar and Shrawan. With merely 28 commercial banks, investors base their assumptions on third quarterly unaudited reports and make a prediction what net profit can be expected from each of them. Usually, the market will react according to the annual reports published or make investment decision prior to the publication of these reports. Thus, investors can buy the stocks now on the basis of third quarter reports and hold their stocks for a longer period of time.
The net profit for third quarter of commercial banks are:
4. The opened gateways for commercial banks:
All the commercial banks are in the same range of Rs 8 arba. The segment of customers is the same for all commercial banks. So, the winners will be those who will be able to cater the new segment and find new avenues of customers. NRB has directed commercial banks for foreign loans. Thus, the concentration of investors should be on those commercial banks which can bring foreign loans being cost efficient. Similarly, the banks which can invest in highly productive sectors rather than less productive sectors should be on the priority list. Thus, long term investors seeking to invest in commercial banks should be up to date with the MOA signed by commercial banks with the foreign banks and other agriculture and manufacturing sectors. The commercial banks are further directed to open branches in inaccessible rural places. Thus, the banks that expand their outreach among rural population will be able to expand their loan and deposit portfolio. Further, with the certificate collateralized loan policy, banks than concentrate to motivate entrepreneurship will be seen to be the winner in the upcoming years.
The long term strategy might not appeal for every single investor. However, if you are one of those who don’t want to be the part of the herd, its high time; you bring in stocks of commercial banks in your portfolio. Let the slow ride begin!",0.7769768834114075
2018-07-08,NCC Bank to close shareholders register book on Shrawan 15 for upcoming 50% right share issuance; Paid up capital to reach Rs 7.01 arba,https://www.sharesansar.com/newsdetail/ncc-bank-to-close-shareholders-register-book-on-shrawan-15-for-upcoming-50-right-share-issuance-paid-up-capital-to-reach-rs-701-arba,"Nepal Credit and Commerce Bank (NCCB) has announced book closure date for its upcoming 50%  right share issuance.
The shareholders register book will remain closed on Shrawan 15, 2075 for the purpose of the right share issue i.e. the shareholders holding shares of the company till Shrawan 14 shall be eligible to receive the right shares.
The bank will be issuing 2,33,95,291 unit shares at par value of Rs 100.
Sunrise Capital has been appointed as the issue manager for the right share auction.
Currently, the paid up capital of the bank is Rs 4.67 arba. After the adjustment of the right shares, the paid-up capital of the bank will rise to Rs 7.01 arba. The bank will likely distribute bonus shares for the remaining Rs 99 crore to meet the minimum capital requirement of Rs 8 arba.
In the third quarter of the current fiscal year, the bankhas reported net profit of Rs 54.31 crore with annualized EPS of Rs 15.48.",0.8690235614776611
2018-07-06,SEBON approves 50% right shares of NCC Bank; bank to issue over 2.33 crore unit shares to raise capital to Rs 7.01 arba,https://www.sharesansar.com/newsdetail/sebon-approves-50-right-shares-of-ncc-bank-bank-to-issue-over-233-crore-unit-shares-to-raise-capital-to-rs-701-arba,"Securities Board of Nepal (SEBON) has given its final approval for the issuance of 50% right shares to Nepal Credit and Commercial Bank Limited (NCCB).
The bank will be issuing 2,33,95,291 unit shares at par value of Rs 100.
Sunrise Capital has been appointed as the issue manager for the right share auction.
Currently, the paid up capital of the bank is Rs 4.67 arba. After the adjustment of the right shares, the paid-up capital of the bank will rise to Rs 7.01 arba. The bank will distribute bonus shares for the remaining 99 crore to meet the minimum capital requirement of Rs 8 arba.
In the third quarter of the current fiscal year, the bankhas reported net profit of Rs 54.31 crore with annualized EPS of Rs 15.48.",0.32928672432899475
2018-06-22,Commercial Banks publish new interest rates after agreement with Bankers' Association; See the new interest rates in deposits,https://www.sharesansar.com/newsdetail/commercial-banks-publish-new-interest-rates-after-agreement-with-bankers-association-see-the-new-interest-rates-in-deposits,"After Banker’s Association agreed to put a cap on deposit interest rates, the banks have decided to maintain their interest rates as per the agreement made. As per the agreement, interest rate on fixed deposits shall not be exceeding 10.50% for institutional depositors and not exceeding 11% for individual investors. In the previous agreement, the institutional investors could receive interest upto 11.15%.
Similarly, the banks can provide interest on saving deposit for interest rate not exceeding 7%.
Following the same decision many commercial banks have published a notice regarding the new interest rates of the banks.
Name of Bank
Savings
Fixed Deposits
Maximum
Minimum
Institutions
Individuals
Bank of Kathmandu
5.5
3.5
10
10.5
Sanima Bank
7
6
10.5
10.5
Nepal Bangladesh Bank
7
6
9.5
10
Janata Bank Nepal
-
-
10.5
10.5
Prabhu Bank
6
4
10.5
10.5
Machhapuchchhre Bank
-
-
10.5
10.5
Nepal Credit and Commerce Bank
7
7
10.5
10.5
Siddhartha Bank
7
7
9.5
11
Nepal SBI Bank
-
-
10.5
10.5
Prime Commercial Bank
7
7
10.5
10.5
Sunrise Bank
-
-
10.5
-
Mega Bank Nepal
7
6.5
10.5
10.5
Nepal Investment Bank
5.5
3.5
10.25
10.25
Himalayan Bank
-
-
10.5
11
Citizens Bank International
-
-
10.5
10.5
NIC Asia Bank
7
7
10.5
10.5
Global IME Bank
-
-
10.5
10.5
Out of the banks that have published the new interest rates, maximum interest rate of 7% in deposit is provided by many banks. Nepal Investment Bank Limited and Bank of Kathmandu provide the least interest of 3.50% in the saving deposit. Similarly, Siddhartha Bank Limited and Himalayan Bank Limited have provided 11% interest rate on individual fixed deposits which is the highest among the banks that have revised their interest rates while most of the banks have maintained 10.50% interest rates for the institutional deposits.
The banks will be paying the interest of on the deposits in a quarterly basis. The agreement has also made restrictions in the interest rates for loans. Some of the banks have been determining the interest rate after adding 5/10% premium in the base rate which had affected in the reputation of the banks.
Nepal Rastra Bank and Ministry of Finance have also provided their approval in the recently made agreement. After the revocation of the previous agreement, the banks had started to provide upto 12% interest in fixed deposits for the individual depositors while the interest rate for the institutional depositors had reached to 14%.
The rates which have not been mentioned remain as per the existing interest rates provided by the banks.",0.909577488899231
2018-05-22,Comparative analysis of commercial banks based on profitability ratios generally overlooked; Find out the ratios less popular but equally important,https://www.sharesansar.com/newsdetail/comparative-analysis-of-commercial-banks-based-on-profitability-ratios-generally-overlooked-find-out-the-ratios-less-popular-but-equally-important,"The major indicators are called major because they're always in highlight. However, there are ratios less popular but equally important in deciding the fundamental position of a company's financial performance.
Such ratios of all commercials banks are compiled and analyzed in this article.
Cost to income ratio
It measures Company’s efficiency on profit making; lower cost to income ratio signifies better profitability of company. Cost to income ratio of 50% means, company is spending 50 Rupees on every 100 Rupees of its profit. The average cost to income ratio for commercial bank industries is 37.31% in Q3 of fiscal year 2074/2075.
From the graph above most inefficient Bank on retaining its earning is Nepal Credit &Commercial bank (NCCB) who’s Cost to income ratio of 58.66% and most efficient bank is Prime Commercial Bank (PCBL), it’s Cost to income ratio stands at 19.85%.
Interest expense to interest income
Banks operate by borrowing fund on which they have to pay interest and lend that money to others and charge an interest. If the Bank interest expense nears interest income, then that means company is not generating good profit from its core business. Interest expense to Interest income of 50% means company is spending 50 rupees on paying interest for every 100 rupees of interest income.
Average Interest Expense to Interest Income ratio of Q3 in this year is 61.02%. Bank with low and high interest expense to interest income ratio is Rastriya Banijya Bank (RBB) with 24.97% and Nepal Credit &Commercial bank (NCCB) with 78.92%.
Staff Expense to Total operating profit
Bank’s major operating expense comes in form of staff expenses and in the case of Government banks, staff expense is huge. Lower the ratio better is the bank’s profitability.
The average staff expense to total operating income of Q3 in this year for commercial banks is 21.36%. The banks with low and high ratio are Prime Commercial Bank (PCBL) with 10.28% and Agriculture Development Bank (ABDL) with 43.66%, usually staff expense is high in case of government banks.
Net Interest Spread
Banks profitability depends on Net interest Spread (NIS). NIS is the difference between interest that Bank pay to depositor and interest they charge to lenders. Banks with High NIS value usually generates large profits.
The average NIS value of Q3 in this year for commercial banks is 4.14%.Banks with High and low NIS values are Agriculture Development Bank with 5.61 % and civil bank with 2.41%.
Return on Asset
We often choose a company with large profits for investing but we will not be able understand the financial health of the firm by looking only at the profit. For example, there are two banks one with 100 Cr assets and other with 10 Cr and their annual profits are 5 Cr and 2 Cr. First bank’s profit is higher than the second one but more profitable Bank is second one because it generates 2 Cr from 10Cr which is 20% of its total capital whereas 1
st
bank generates only 0.5%.  So in order understand company’s profitability capacity we have looked at Return on Asset. Company with high RoA can produce large profits.
Average return on Asset for Q3 this year is 1.73% for commercial bank. The company with high and low RoA is Nepal Bank limited with 3% and NIC Asia Bank with 0.82%.
Net interest income to total Income
Net interest income is a major source of revenue for Banks. Normally, ratio of net interest income to total income of Banks is between 65 to 80%.
The average net interest to total income of Q3 in this year for commercial banks is 75.11%. The banks with high and low percentage are Rastriya Banijya Bank (RBB) with 88.28% and Nepal Bangladesh Bank limited with 61.11%.",0.7939203977584839
2018-05-18,NCC Bank and Everest Insurance sign Bancassurance agreement,https://www.sharesansar.com/newsdetail/ncc-bank-and-everest-insurance-sign-bancassurance-agreement,"Nepal Credit and Commerce Bank Limited and Everest Insurance Company have inked on a bancassurance agreement.
Mr Ramesh Raj Aryal, CEO of NCC Bank and Mr Kamal Gautam, CEO of Everest Insurance have signed on the agreement.
This agreement ensures the customers to pay premium and receive claim amount from Everest Insurance in an easier way. Also the customers can get the various policies of Everest Insurance through different branches of NCC Bank.",-0.24006643891334534
2018-05-13,What does Warren Buffet’s technique say about investment in the scrips of Nepalese commercial banks?,https://www.sharesansar.com/newsdetail/what-does-warren-buffets-technique-say-about-investment-in-the-scrips-of-nepalese-commercial-banks,"Jeff Bezos; founder of Amazon asked one simple question to Warren Buffet,
“Your investment strategy is so simple, yet nobody follows it. Why?”
In reply, Warren Buffet said,
“That’s because nobody wants to grow rich slow.”
Warren Buffet has always been in a limelight for his growth value strategy in investment decision making. This strategy did not turn Buffet into a millionaire overnight; instead, it came with patience and persistence. Buffet’s strategy has been advocated by many analysts in the international market. Buffet’s investment strategies come with a number of financial tools. This article considered implying one of these tools in Nepalese secondary markets with respect to scrips of commercial banks.
Buffet’s gurus for investment success was his father; Howard H. Buffet, his first wife; Susan Buffet and most importantly, his professor; Benjamin Graham. Thus, in his for investment job, working for his guru; Benjamin Graham, Buffet learned a basic valuation technique. This technique considers two components while making a purchase decision in investment:
Price to earnings (P/E)
Price to book value (P/BV)
Price to earning is a common financial tool that shows how much an investor is willing to pay for a return of Re 1. It is the ratio of current market price and earning per share of a company. Price to book value is the measure of current market price to the book value of a company. This means it is the price an investor pays for Re 1 of the book value in business.
Here is an example:
If Mr. Ss buys scrip of a commercial bank with P/BV of 20, it simply means that SS pays Rs 20 for every Rupee he would get back if the stock was liquidated right now.
In this reference, please remember, low P/BV means high safety. A stock is regarded to have a low P/BV if it measures below 1.5. High P/BV means low safety. A stock is regarded to have a high P/BV if it measures above 1.5.
Now,
what did Buffet do with these two indicators P/E and P/BV?
Warren Buffet simply took a product of the two indicators: P/E and P/BV. If the product of P/E and P/BV is more than 22.5, it implies that the stock might be overvalued. On the contrary, if the product of P/E and P/BV is less than 22.5, it implies that the stock might be undervalued. These are exactly the types of stocks that Buffet eyed out for. The undervalued stocks have a low P/E meaning higher return whereas the lower P/BV meaning higher safety.
What do Nepalese commercial banks indicate?
The market price is the LTP of 10
th
May, 2018; Thursday.
Surprisingly, the Buffet’s technique provides a different answer for Nepalese commercial banks. The major points are:
None of the Price to Book value ratio of the scrips of commercial banks is below 1.5. This denotes the scrips of commercial banks resemble less safety if Buffet’s analysis is to be considered.
The banks that are undervalued are Prabhu Bank Limited and Nepal Bank Limited. These scrips have a PE*BPV indicator less than 22.5. Prabhu has a PE*BPV indicator of 17.37 whereas NBL has the same indicator at 12.65.
Except the two scrips, all the remaining scrips of commercial banks are seen to be overvalued.
What comes into play while using PE*BPV technique?
Buffet used this particular technique assuming that the market will be closed for next five years. That means investors who opt for this method of valuation should discard all the panics that come with bearish trend. Instead, they should focus on a result after few years. The PE*BPV technique used by Buffet further considers four rules of investment decision as listed below:
Rule 1: A stock must be stable and understandable
Rule 2: A stock must have long run prospects
Rule 3: A stock must be well managed by observant leaders
Rule 4: A stock must be undervalued
What are your views on the Buffet’s technique? Do you follow Warren Buffet’s principles while you invest? Do you think it can be implied in the Nepalese secondary market? Which techniques do you use for your investment analysis?
(Disclaimer:  Any kind of information that is provided in the article should not be used as a sole advice or recommendation by investors in order to design their investment portfolio. So, before taking steps for any kind of the information, the investors are required to base their judgment on their own financial analysis, appropriateness of the information and seek independent financial advice. The information of the company has been taken from the authorized sources such as website of the company, NEPSE, financial reports and press releases of the companies so, any changes not updated in these may differ in the analysis.)",0.8802137970924377
2018-05-08,See the performance of commercial banks based on the indicators often ignored by investors,https://www.sharesansar.com/newsdetail/see-the-performance-of-commercial-banks-based-on-the-indicators-often-ignored-by-investors,"The publication of commercial bank’s quarterly report has boosted up confidence among the investors. The traders in secondary market have already transacted the scrips of these commercial banks based on the indicators such as net profit, EPS and the upcoming dividend. However, with the accelerating competition among commercial banks, it has become a necessity for investors to consider other indicators too. Some of these indicators are:
Deposit and Lending:
The loanable fund crisis and the paid up capital requirement have contributed to the competition among commercial banks to increase the deposit and loan portfolio. In this context, the focus of commercial bank should be on enhancing new resource avenues and disbursing loan to highly productive sectors.
As of the third quarter reports of FY 2074/75, the three banks with highest deposit collection are:
a) Rastriya Banijya Bank with deposit worth Rs 153.15 arba
b) NIC Asia Bank with deposit worth Rs 133.70 arba
c) Nepal Investment Bank with deposit worth Rs 130.03 arba
As of the third quarter report of FY 2074/75, the three banks with highest loan disbursed are:
a)Nepal Investment Bank with loan worth Rs 118.86 arba
b) Rastriya Banijya Bank with loan worth Rs 112.81 arba
c) NIC Asia Bank with loan worth Rs 109.03 arba
2.
Interest expenses and net interest income
Commercial banks established with the purpose of mobilizing deposits of the clients pay cost as interest to these clients from whom deposit has been collected. This results commercial banks to incur several expenditures in terms of interest paid.
The three banks that have contributed highest in the aspect of interest expenses for third quarter as of FY 2074/75 are as follows:
a) NIC Asia Bank with an interest expense worth Rs 6.43 arba
b) Global IME Bank with an interest expenditure worth Rs 5.67 arba
c) Nepal Investment Bank with an interest expense worth Rs 5.60 arba
Along with deposit collection, these 28 commercial banks are required to be equally competitive in terms of loan disbursement. The three banks with the highest amount of loan portfolio are:
a) Rastriya Banijya Bank with net interest income worth Rs 6.20 arba
b) Nepal Bank Limited with net interest income worth Rs 4.59 arba
c) NABIL Bank Limited with net interest income worth Rs 4.51 arba
3. Capital Adequacy Ratio (CAR):
Capital Adequacy Ratio is the ratio of the capital of bank to the risk. Central bank in Nepal imposes CAR to commercial banks in order to ensure the banks can absorb a reasonable amount of loss. As of CAR Framework, 2015, commercial banks are required to maintain CAR of 11%. There are no such banks that have been unable to maintain the CAR above 11% as of third quarter 2074/75. This means banks can absorb the risk of loss if they face any kinds of unforeseen situations in the near future.
However, three banks with highest CAR as of the recent quarterly reports are:
a) Standard Chartered Bank with CAR of 22.68%
b) Civil Bank Limited with CAR of 21.95%
c) Agriculture Development Banks with CAR of 20.76%
4. Non-performing assets (NPA):
Non-performing assets refers to the ratio of non-performing loans to total loans. This refers to those loans that are in default. If the borrower fails to make the repayment of loans for 90 days, it is considered as Non-performing assets.
As of the third quarter of FY 2074/75, the banks with least NPL are:
a) Nepal State Bank of India with NPA of 0.13% and loan portfolio of Rs 74.05 arba
b) Sanima Bank with NPA of 0.17% and loan portfolio of Rs 64.32 arba
c) Standard Chartered Bank with NPA 0.21% and loan portfolio of Rs 46.41 arba
5. Loan Loss Provision (LLP):
When commercial banks are involved in credit disbursement, there are potential loan losses involved with the loan disbursed. Thus, in order to cover up these potential loan losses, a certain amount is set aside as provision for loan loss. The unified directive of NRB sets aside 1% LLP to pass loans, 25% LLP to Sub-standard loans, 50% LLP to doubtful loans and finally 100% LLP to Loss loans.
As of third quarter of 2074/75, the banks with highest LLP re:
a) Nepal State Bank of India with LLP of 858.31%
b) SANIMA Bank with LLP of 689.32%
c) Standard Chartered Bank with LLP of 573.19%
6. Cost of fund:
Cost of fund is the rate paid by borrower of loan in return to financing service provided by bank through loan disbursement.
The top three banks with least cost of funds are:
a) Rastriya Banijya Bank Limited with cost of fund of 2.14%
b) Nepal Bank Limited with cost of fund of 2.97%
c) Standard Chartered Bank with cost of fund of 3.80%
Banks with highest Cost of funds are:
a) Century Commercial Bank Limited with cost of fund of 8.88%
b) Civil Bank Limited with cost of fund of 8.81%
c) Kumari Bank Limited with cost of fund of 8.67%
7. CD Ratio:
CD ratio has become an important indicator in the current scenario, given the ongoing loanable fund crisis. CD ratio provides an estimate of how much a bank lends out of the deposits collected from the clients. The current CD ratio set by NRB is in the ratio of 80:20 to all commercial banks. All the 28 commercial banks have a CD ratio around 70% as of the third quarter of FY 2074/75.
8. Base Rate
Base rate is the minimum rate set by Nepal Rastra Bank below which banks are not allowed to lend its customers. The base rate is imposed in order to promote transparency in the credit market and help potential loan clients obtain loan at the lowest possible cost. The banks with lowest base rate are:
a) Rastriya Bank with base rate of 6.20%
b) Nepal Bank Limited with base rate of 7.11%
c) Standard Chartered Bank with base rate of 7.20%
NRB has opened its gateway for foreign loans to the commercial banks. Similarly, these banks are also required to open branches in all the local bodies. Do you think the commercial banks will be able to match up the performance and meet the requirement set by NRB in the next quarter? Please forward your opinions in comment section below.
Also Read:
Commercial Bank's deposit increase by Rs 9 arba, where lending increases only by 4 arba
Know which commercial banks are most successful in utilizing assets (loans) in generating net profit
See the performance of all 28 commercial banks as per their financial statement of Q3 FY 2074/75
(Disclaimer:  Any kind of information that is provided in the article should not be used as a sole advice or recommendation by investors in order to design their investment portfolio. So, before taking steps for any kind of the information, the investors are required to base their judgment on their own financial analysis, appropriateness of the information and seek independent financial advice. The information of the company has been taken from the authorized sources such as website of the company, NEPSE, financial reports and press releases of the companies so, any changes not updated in these may differ in the analysis.)",0.679585337638855
2018-04-30,NCC Bank adds one more branch to its network; Beni Municipality of Myagdi under bank’s hood,https://www.sharesansar.com/newsdetail/ncc-bank-adds-one-more-branch-to-its-network-beni-municipality-of-myagdi-under-banks-hood,"Nepal Credit and Commerse Bank (NCCB) has brought into operation its latest branch at Beni municipality of Myagdi district from Baisakh 16, 2075. The latest facility was inaugurated by chairman of the bank Mr. Upendra KC Neupane amidst a function which was also attended by CEO of the bank Mr. Ramesh Raj Aryal.
So far, the commercial bank has raised a deposit of Rs 59.01 arba and disbursed loans of Rs 52.12 arba while earning Rs 54.31 arba net profit.",-0.7178046107292175
2018-04-29,Nepal Credit & Commerce Bank net profit inflates by 224.54%; EPS rises to Rs 15.48,https://www.sharesansar.com/newsdetail/nepal-credit-commerce-bank-net-profit-inflates-by-22454-eps-rises-to-rs-1548,"Nepal Credit & Commerce Bank Limited (NCCB) has posted an impressive net profit rise of 224.54% in the third quarter of the ongoing fiscal year 2074/75.
As per the unaudited quarterly report published by the commercial bank, its net profit has increased to Rs 54.31 crore till the end of third quarter this year, up from Rs 16.73 crore posted in the corresponding quarter last year.
NCCB has been able to earn Rs 1.01 arba in net interest income up to this quarter, down from Rs 1.54 arba last year. Its deposit base has increased to Rs 59.01 arba, up from Rs 55.26 arba in the third quarter last year. However, its loans have increased by 7.03% in comparison third quarter last year to Rs 52.12 arba.
The operating profit of the bank has soared up by 299.74% to Rs 34.63 crore and its provision for possible losses has declined by 76.81% to Rs 23.34 crore. It has been able to reduce its non-performing loans (NPL) to 3.97% from 4.68% posted in the same period last year
As of the end of Q3 this year, its paid up capital stands at Rs 4.67 arba with a reserve of Rs 3.12 arba. Its EPS is at Rs 15.48 with net worth per share of Rs 166.85 and PE ratio stands at 21.06 times.
Major Highlights:
Particulars (In Rs '000)
NCCB
Q3 2074/75
Q3 2073/74
Difference
Paid Up Capital
4,679,058
4,679,058
0.00%
Reserve & Surplus
3,127,899
2,393,685
30.67%
Deposits
59,010,499
55,264,918
6.78%
Borrowings
1,411,535
1,350,222
4.54%
Loans & Advances
52,127,607
48,702,751
7.03%
Net Interest Income
1,010,875
1,547,384
-34.67%
Provision for possible losses
233,485
1,006,815
-76.81%
Operating Profit
346,396
86,656
299.74%
Net Profit
543,152
167,362
224.54%
NPL (%)
3.97
4.68
-15.17%
Annualized EPS (In Rs.)
15.48
4.77
224.54%
Net Worth per Share (In Rs.)
166.85
151.16
10.38%
P/E Ratio (In times)
21.06
-
-",-0.8118318915367126
2018-04-15,The falling market and your concern towards commercial banks: Eyeing out for high growth and undervalued commercial banks in this bearish trend?,https://www.sharesansar.com/newsdetail/the-falling-market-and-your-concern-towards-commercial-banks-eyeing-out-for-high-growth-and-undervalued-commercial-banks-in-this-bearish-trend,"“What else can be the best opportunity for a long term investor to enter the market than the bearish trend? Do you ever wish that you had a stock picking magic wand in the ongoing bearish trend? Because, I often do. I wish, this magic wand could point out the stocks with higher growth potentiality. If only, this wand could warn me as I pick up the wrong stocks with less growth potentiality.
But alas! Neither do I hold the magic wand nor does the falling market give me enough insight on my stocks. But maybe few financial tools and ratios can work as my magic wand… ”
The best tools that business schools and stock market pioneers often teach students and investors for evaluating the status of their stocks are EPS and P/E ratio. Every next investor in the secondary market has heard and used these tools as if these tools would write a billionaire fate. There is no harm in using EPS and P/E ratio because these tools provide an insight on the earning capacity and valuation of a company. But, there is more to lose when investors rely only on these two basic tools.
EPS and P/E ratio provide investors with the financial status of a company only at one point of time. For instance, EPS of Rs 20 tells us that the company will provide an earning of Rs 20 to investors if invested at that point of time. However, when we are investing in certain stocks, it is more important to know how the company has been doing overtime. For this, we can use two different tools as the magic wand for a better portfolio: PEG ratio and CAGR.
The purpose of this article is to analyze which commercial banks have grown throughout the years and which of them are cheaper with the use of PEG Ratio and CAGR.
Brief description on CAGR:
Compound Annual Growth Rate (CAGR) refers to the growth of a company over multiple periods of time. It is the measure of what percentage a company has grown from an initial investment to the ending investment value if the investment has compounded over time. Don’t worry if the description seems a bit fuzzy. The example will help you get a clearer view.
For example, in 2069/70, you invested in ABC Company with NRs 1, 00,000. As of 2073/74, the investment stood at NRs 5, 00,000.
Here, Initial investment of ABC is NRs 1, 00,000 and ending value of investment is NRs 5,00,000. Therefore, CAGR of ABC stands at 49.53%. This means that your investment in ABC has grown by 49.53% overtime.
CAGR is given by the formula:
CAGR = {(Ending value of investment/Initial value of investment)^ 1/n} -1
Where, n = no. of periods
A higher CAGR represents that the company has been growing throughout the years and thus, hold a potentiality to grow in the near future. A lower CAGR, on the contrary suggests that the company is not attaining a significant growth.
What does the CAGR of commercial banks in Nepal denotes?
The CAGR evaluation can be done by classifying the existing commercial banks into four categories on the basis of their market price: i) Strong and High Priced Banks, ii) Mid-Range and Mid-Priced Banks, iii) Low Range and Low Priced Banks & iv) Banks with High NPA.
Strong and High Priced banks: The strong and high priced banks are those banks which are often chosen by the investors to form up their portfolio. These banks include NBL, NIB, HBL, SBI, EBL, NABIL, ADBL and SCB. These banks usually have higher market price compared to other banks. When we dig into CAGR of these banks, all the commercial banks except Nepal Bank Limited have a lower growth rate. Nepal Bank Limited has the highest four years CAGR of 67.14%. Although, NBL has the highest growth rate, its CAGR decreased from 84.53% to 67.12%. Besides NBL, all other commercial banks have a far lower CAGR. The CAGR of few high priced banks such as NIB, SBI and NABIL has been decreasing since 2069/70. The low CAGR of most of the high priced banks implies that these banks might be at the saturation point.
Mid-Range and Mid-Priced Banks: The mid-priced banks include MBL, NMB, SANIMA, GBIME, SRBL, SBL, PCBL, NBB, BOKL, LBL, KBL and NICA. These banks have the market price range which is lower than the strong and high priced banks. On the irony, all of the mid-range priced banks have a higher CAGR than the high priced banks (except NBL). Among the mid-priced banks, Machhapuchchhre Bank Limited has the highest CAGR of 64.82%. Further, the bank has shown tremendous growth with 2 years CAGR at 43.80% and 3 years CAGR at 47.75%. Although NMB Bank and SANIMA Bank have a decreasing CAGR, these two banks stand in the second and third position with CAGR of 39.08% and 37.64% respctively. The take away from this analysis is that the mid-priced banks are growing at a better rate than most of the high priced banks.
Low Range and Low Priced Banks: Among the low range and low priced commercial banks, Century Commercial Bank Limited is performing very well with a 4 years CAGR at 46.23%. The other low ranged commercial banks such as Janata Nepal Bank and Mega Bank have a CAGR at 33.86% and 32.80% respectively.
Banks with High NPA: These are the banks with highest level of Non-Performing Assets. Provided that, these stocks are riskier investment, it might not be rationale to invest in these banks at the moment. However, a considerate improvement in their performance of these banks will always encourage investors to invest in them.
Brief description of PEG Ratio:
P/E ratio is a very common term for readers which portray Price to Earnings ratio. However, a PEG ratio refers to Price to Earning to Growth ratio. PEG ratio is the determination of a company’s stock value keeping in account the company’s earnings growth. PEG ratio is derived by dividing the growth rate of its earning for a specified period of time. A lower PEG ratio is usually considered desirable as a general rule of thumb. However, the degree to which a PEG ratio is over or under valued usually depends upon the industry and the input variables used. A PEG Ratio is believed to provide a more complete picture than the P/E ratio. Stocks with PEG ratios higher than 1 are generally considered unfavorable, suggesting a stock is overvalued. Conversely, ratios lower than 1 are considered better, indicating a stock is undervalued.
For instance, the P/E ratio of ABC Company is around 25 times. The earnings growth potentiality of the same company is 15%. What would the PEG ratio of the company be?
PEG Ratio = P/E ratio / Earning growth rate
= 25/ 15%
=1.67%
What does the PEG Ratio of commercial banks in Nepal denotes?
Among the list of commercial banks, the bank with the highest CAGR is leading even in terms of lowest PEG ratio. This implies that Nepal Bank Limited is definitely a good purchase for the investors as it has a PEG ratio of only 0.11. Among the high priced banks, despite having the lowest CAGR in 2 years, 3 years and 4 years, PEG ratio of Standard Chartered Bank is seen the highest. An investor can draw an implication that despite the low growth rate, the stocks of SCB are being highly purchased by the investors making the shares overvalued. All the high priced commercial banks except NBL are overpriced with their PEG ratio above 1.
Among the mid-priced banks, the PEG ratio demonstrates that all the commercial banks except NIC Asia are undervalued. The undervalued stocks are MBL, NMB, GBIME, SANIMA, SBL, SRBL, PCBL, BOKL, KBL, LBL and NBB. These undervalued stocks further have a lower PEG ratio compared to the high priced banks (except NBL). It shows that these banks are far cheaper than the higher priced banks. MBL, NMB and GBIME have the top three least PEG ratio of 0.29. 0.34 and 0.43 respectively. SANIMA has also relatively lower PEG ratio of 0.47. These four banks also had higher CAGR meaning that even with tremendous growth; these companies have maintained a lower price in the secondary market. Hence, MBL, NMB, SANIMA and GBIME can be the hot cakes in the near future if they keep on maintaining their growth.
Among the low priced banks, CCBL has the least PEG ratio, however, it’s PEG ratio is higher than MBL, NMB and all the high priced commercial banks. The PEG ratio of CCBL stands at 0.43. Finally, among the banks with high NPA, PRUV has the least PEG ratio (0.27) but provided its NPA, it is considered better not to invest in the stocks.
To sum up, NBL among the high priced banks and MBL among the mid-priced banks can be seen as the growing and comparatively cheaper stock among all the stocks. However, caution to be made as no financial tools and ratios are free from limitations. CAGR and PEG ratio can give a more precise analysis of these commercial banks but CAGR assumes historical growth and it is of no guarantee that the stocks that had previously done well will do the same in the future. PEG ratio further can be flawed if a long term earning growth is not considered while calculating the ratio. Despite the limitations, these two tools used by international finance experts can be worth the try if used thoughtfully.
Dear readers, what is your opinion about these two tools? Are you optimistic about this bearish trend? Do you prefer buying commercial bank’s stocks in this falling market? Do you think the stocks you hold will grow in the near future? Please do write down to us in the comment section below.
(Disclaimer:  Any kind of information that is provided in the article should not be used as a sole advice or recommendation by investors in order to design their investment portfolio. So, before taking steps for any kind of the information, the investors are required to base their judgment on their own financial analysis, appropriateness of the information and seek independent financial advice. The information of the company has been taken from the authorized sources such as website of the company, NEPSE, financial reports and press releases of the companies so, any changes not updated in these may differ in the analysis.)",0.8803064823150635
2018-04-08,Banks and Insurance Companies to join hands for Commodity exchange; Paid up capital to be Rs 68.25 crore,https://www.sharesansar.com/newsdetail/banks-and-insurance-companies-to-join-hands-for-commodity-exchange-paid-up-capital-to-be-rs-68-25-crore,"Altogether of 7 commercial banks, 2 development banks and 5 insurance companies have agreed to join hands for the establishment of Derivative business in Nepal.
The proposed company is set to have an authorized capital of Rs 1 arba and Paid up capital of Rs 68.25 crore.
Commercial banks like Sanima Bank, Janata Bank, Siddhartha Bank, Laxmi Bank, Sunrise Bank, NCC Bank and NMB Bank will be among the promoters of the company. Similarly, Mahalaxmi Bikas Bank, Excel Development Bank, Prime Life Insurance, Neco Insurance, Everest Insurance, Premier Insurance, Siddhartha Insurance, CBIL Capital, Sweda Investment and Gatisheel Investment will also be among the promoter companies.
The company will be established and run under the participation of experts in the field of commodities exchange.
Company under the name of Multi Derivative Exchange was the 2nd company to apply in SEBON for establishment. The company with reputed banks as the major investors is likely to receive permission for establishment without any hassle.
As per the new law made for Commodities Exchange, a commodity exchange company should have a minimum paid up capital of Rs 50 crore and a promoter’s holding should not exceed by more than 5% of the total paid up capital.",0.8324249982833862
2018-03-25,Worried or thinking about investment in commercial banks? Know what the P/E ratio of commercial banks will look like once the paid up capital is met by all banks,https://www.sharesansar.com/newsdetail/worried-or-thinking-about-investment-in-commercial-banks-know-what-the-pe-ratio-of-commercial-banks-will-look-like-once-the-paid-up-capital-is-met-by-all-banks,"Dheerusha Tiwari
For a minute or so, put yourself on the shoe of one of those investors eyeing out for the next big catch in the trading floor. What would you consider in your first thought? EPS! But once you realize the return, you will probably try to find out the cost of your next big catch. The market price! Finally, you start looking into your pocket. Here comes the role of PE ratio! PE ratio shows the sum of money you are ready to pay for each rupee worth of the earnings of the company.

With the ongoing bearish trend, the investors in the secondary market are inquisitive about various indicators such as EPS, market price and P/E ratio of the commercial banks. However, not all banks have reached the mark of Rs 8 arba as their paid up capital, so, the second quarter report does not show the relative position of each commercial bank clearly. In order to understand the impact on EPS and market price, once every commercial bank reach Rs 8 arba, please go through the article
“Worried about your investment in commercial banks? Know what the EPS of commercial banks will look like once the paid up capital is met by all banks.”
However, this article aims to provide a tentative estimate on what will be the impact on P/E ratio of commercial banks after each of them meet the paid up capital requirement.
Brief description on P/E ratio:
P/E ratio is a ratio of a company’s stock’s market price and earning per share. Usually, a higher P/E ratio denotes the stock is being overvalued while a lower P/E ratio denotes the undervaluation of the company’s stocks. The higher P/E ratio also means company’s management, operation and structure deserves a better premium in the market. The lower P/E ratio further shows a company has scope for growth in comparison to its competitors. Yet, the general rule of thumb in finance presupposes lower P/E ratio as better.

Sharesansar has come up with a video on P/E ratio. Please watch the video to have a better understanding on P/E Ratio:

https://content.sharesansar.com/photos/wp-content/uploads/2018/03/PE-Ratio.mp4
Before attaining the paid up capital requirement:
The ranking of these banks as per the second quarter report of fiscal year 2074/75 in terms of P/E ratio is provided below. Rastra Banijaya Bank is not listed in NEPSE, therefore the analysis discards RBB. Nepal bank Limited has the least P/E ratio of 7.51 among all commercial banks. It is further followed by Siddhartha Bank Limited (SBL) with a PE ratio of 12.89. Mega Bank limited (MEGA) who’s trading has been currently halted is seen with the highest PE ratio i.e. 42.04. If we discard MEGA bank, Standard Chartered Bank provides the highest PE ratio of 34.58. The ranking also implies that although NBL has an EPS of Rs 40.76 while SCB has an EPS of Rs 25.30, the P/E ratio and market price of SCB is much higher than NBL.

The table below provides the ranking of these banks as per the second quarter report of fiscal year 2074/75 in terms of P/E ratio. The provided table has been made on the basis of market price as of 21
st
March, 2018 and EPS as of second quarter. The banks highlighted in grey such as NMB Bank Limited (NMB), Siddhartha Bank (SBL), Prabhu Bank (PRVU), Bank of Kathmandu (BOKL), Kumari Bank (KBL), Nepal Credit and Commercial Bank (NCCB), Mega Bank (MEGA), Century Commercial Bank (CCBL) and Civil bank (CBL) have not attained the mark of Rs 8 arba.
After attaining the paid up capital requirement:
Once all the commercial banks will attain the paid up capital requirement, the listed shares are likely to increase. This will lead to decline in EPS and market price of these banks but increase in P/E ratio. The rate of increment might however differ from one bank to another.  The attached table shows the adjusted paid up capital, reserve, EPS, market price and tentative P/E ratio of the commercial banks which are in the process of attaining the mark of Rs 8 arba.
Note:
The mentioned capital plan is not a full picture of the commercial banks. For instance, BOKL only proposed 13.50% bonus share, and it will not meet up paid-up capital of Rs 8 arba this year. CBL has already floated 40% right share but has not disclosed the 11% bonus share proposal. CCBL has already endorsed both its 5% bonus and 5% cash dividend from its AGM. MEGA bank has already announced its 9.45% bonus share and is in process of merger with TDBL. NMB is in its final stage for the FPO approval and has not announced the 6% bonus share. NCCB has already received ICRA grading for 50% right share and is yet to disclose the 14% bonus share. PRVU has already undergone the process of 40% right share. Finally, SBL has announced and floated its 10% right share and 14% bonus share.

With the adjusted P/E ratio of these commercial banks after attaining paid up capital; the ranking of these commercial banks on the basis of P/E ratio will be as follows:
Has the ranking been changed?
With the adjusted paid up capital, the P/E ratio of these banks might increase and hence, might not provide the same valuation as the second quarter report. A tentative ranking comparing before and after adjustment of paid up capital has been established below:
Hence, the article provides an insight regarding the impact on PE ratio of the commercial banks within the same range of paid up capital. With the market’s decreasing trend, do you believe it is a good time to build your portfolio with commercial banks? Please provide your views in the comment section.
This article has been written as a response to the suggestion kept forward by one of our esteemed readers Dilip Sharma in the article “Worried about your investment in commercial banks? Know what the EPS of commercial banks will look like once the paid up capital is met by all banks.” If you also have some similar suggestions of topics to be covered, do write to us in comment section below.
(Disclaimer:  Any kind of information that is provided in the article should not be used as a sole advice or recommendation by investors in order to design their investment portfolio. So, before taking steps for any kind of the information, the investors are required to base their judgment on their own financial analysis, appropriateness of the information and seek independent financial advice. The information of the company has been taken from the authorized sources such as website of the company, NEPSE, financial reports and press releases of the companies so, any changes not updated in these may differ in the analysis.)",0.8135477900505066
2018-03-18,NCC Bank fraud case; Bank urges the stakeholders to remain assured about the Bank’s performance,https://www.sharesansar.com/newsdetail/ncc-bank-fraud-case-bank-urges-the-stakeholders-to-remain-assured-about-the-banks-performance,"NCC Bank has released a press statement regarding the ongoing fraud case. Central Investigation Bureau had conducted a raid and arrested 13 members of the bank. The people arrested are accused of involvement in fraud of more than Rs 1.5 arba.

The bank has published a press statement to clarify on the matter. In the press statement, it has stated that the fraud is related with the then Apex Development Bank. The loan given to the customers of Apex Development Bank is the amount indulged in fraud. Hence, the employees of then development bank have been arrested for further inquiry.
Furthermore, the bank also clarifies that the amount has already been set aside in the loan loss provision as per the directive issued by Nepal Rastra Bank. So, the bank will not be dealing any kind of effect in its financial status due to the fraud. And it has also focused that the bank has a strong financial position and the customers as well as shareholders will remain unaffected from it.

Apart from that, NCCB has said that the investigation from the CIB will be fruitful for the bank as it will help the bank in the proper evaluation and realization of the loan of then Apex Development Bank.

Nepal Credit and Commerce Bank Limited has urged its customers, shareholders and all the stakeholders to remain patient and to remain assured about the company’s performance in the upcoming future.",0.8035666942596436
2018-03-16,Central Investigation Bureau raids NCC Bank; more than 30 officials arrested suspecting fraud of Rs 2 arba,https://www.sharesansar.com/newsdetail/central-investigation-bureau-raids-ncc-bank-more-than-30-officials-arrested-suspecting-fraud-of-rs-2-arba,"Central Investigation Bureau raided the central office of Nepal Credit and Commercial Bank today.

The bureau performed the raid when the board meeting of the bank was being conducted.
The raid was done by Nepal Police suspecting a fraud of Rs 2 arba during the merge with other banks. The police are set to inform the general public regarding the fraud in a few hours.

As per the reports suggest, more than 30 officials of the banks have been arrested.

The CEO of the bank is reported to be out of the country and the news has not been clarified by the officials of the bank.",0.3044142723083496
2018-03-14,Last day to bid 70 lakh unit auctioned promoter shares of Nepal Credit & Commerce Bank,https://www.sharesansar.com/newsdetail/last-day-to-bid-70-lakh-unit-auctioned-promoter-shares-of-nepal-credit-commerce-bank,"NCC Bank is closing auction of 70 lakh unit promoter shares today (Falgun 30, 2074). All the 70 lakh unit shares belong to NB group and the group will be exiting from the promoter of NCC Bank.

The auction was open from Magh 18, 2074.

NB Group has been auctioning 70 lakh unit promoter shares of NCCB at Rs 210 per share and above.

Bidders must quote a minimum price of Rs 210 per unit, which means that the lowest bid amount must be more than Rs 210. Interested bidders must bid for a minimum of 100 unit of shares and there is no limit for maximum unit to apply.

CBIL Capital Markets Limited is the issue manager for this auction.

Interested investors can collect bid forms from CBIL Capital Markets Limited, Dillibazar, Kathmandu. The bid will be opened at CBIL Capital Markets Limited, Dillibazar, Kathmandu on Falgun 6, 2074 at 11 AM.

The group has urged all bidders to deposit 5% of the total bid amount in account number 0480000046cc held in the name of CBIL Capital in Citizens Bank International Limited. Also the bidders can submit their application with Good for Payment Cheque.

NCCB had earned Rs 35.45 crore in the second quarter of the FY 2074/75.
Announcement",0.9241828918457031
2018-03-14,Last day to bid 70 lakh unit auctioned promoter shares of Nepal Credit & Commerce Bank,https://www.sharesansar.com/newsdetail/last-day-to-bid-70-lakh-unit-auctioned-promoter-shares-of-nepal-credit-commerce-bank,"NCC Bank is closing auction of 70 lakh unit promoter shares today (Falgun 30, 2074). All the 70 lakh unit shares belong to NB group and the group will be exiting from the promoter of NCC Bank.

The auction was open from Magh 18, 2074.

NB Group has been auctioning 70 lakh unit promoter shares of NCCB at Rs 210 per share and above.

Bidders must quote a minimum price of Rs 210 per unit, which means that the lowest bid amount must be more than Rs 210. Interested bidders must bid for a minimum of 100 unit of shares and there is no limit for maximum unit to apply.

CBIL Capital Markets Limited is the issue manager for this auction.

Interested investors can collect bid forms from CBIL Capital Markets Limited, Dillibazar, Kathmandu. The bid will be opened at CBIL Capital Markets Limited, Dillibazar, Kathmandu on Falgun 6, 2074 at 11 AM.

The group has urged all bidders to deposit 5% of the total bid amount in account number 0480000046cc held in the name of CBIL Capital in Citizens Bank International Limited. Also the bidders can submit their application with Good for Payment Cheque.

NCCB had earned Rs 35.45 crore in the second quarter of the FY 2074/75.
Announcement",0.9241828918457031
2018-03-05,ICRA Nepal assigns IPO Grade 4 rating to the 2.34 crore unit right share issue of Nepal Credit and Commerce Bank,https://www.sharesansar.com/newsdetail/icra-nepal-assigns-ipo-grade-4-rating-to-the-2-34-crore-unit-right-share-issue-of-nepal-credit-and-commerce-bank,"ICRA Nepal has assigned (ICRANP) IPO Grade 4 rating to the Rs 2.34 arba worth right share issue of Nepal Credit and Commerce Bank Limited. Instruments with this grading are considered to have below average fundamentals. NCCB is proposing to come out with right shares of 2.34 crore units of face value Rs 100 each.

ICRA Nepal assigns IPO grading on a scale of IPO Grade 1 through IPO Grade 5, with Grade 1 indicating strong fundamentals and Grade 5 indicating poor fundamentals. For the grading categories 2, 3 and 4, the sign of + (plus) appended to the grading symbols indicate their relative better position within the grading categories concerned.

The below average fundamental grading factors in NCCB’s long track record, adequate market share and improved profitability level maintained in the past 1-2 years. Adequate capitalization profile and adequate franchise is likely to support the incremental growth prospects of the bank. The grading also factors in low credit concentration risk.

However, the grading remains constrained by inferior assets quality indicator of NCCB, and relatively high delinquency level especially after the merger in FY2017. The grading also remains constrained by moderate funding profile of the bank vis-à-vis the industry. The bank fares moderately in terms of current and savings account (CASA) deposit proportion (32% in mid Oct 2017 and 35% in mid-Jan 2018 vs. industry average of ~43%) and deposit concentration (top 20 depositors accounting for 33% of total deposits as on mid-Oct 2017).

NCCB underwent merger with 4 class B Banks to raise its paid-up capital in line with revised regulatory requirement. The merger was concluded under the leadership of NRB, with the intent to diversify the ownership profile of pre-merger NCCB. Following the merger, the stake of NB Group (controlling interest in pre-merger NCCB) diluted to 16%. Post-merger joint operation commenced from January 01, 2017. As on mid-Oct 2017, NCCB has 51:49 promoter-public shareholdings. Individuals and private companies associated with NB group hold ~16% stake while remaining promoter stake is diversified across >1,000 promoters comprising of small stakes by individuals and institutions.
Notice",0.13475677371025085
2018-03-04,NCC Bank expands at 3 new locations of Nawalparasi and Kapilvastu,https://www.sharesansar.com/newsdetail/ncc-bank-expands-at-3-new-locations-of-nawalparasi-and-kapilvastu,"Nepal Credit and Commerse Bank (NCCB) has brought into operation its 3 new branches at Mangalapur and Ramapur Colony of Nawalparasi district and Jitpur-4 of Kapilvastu. Governor of Nepal Rastra Bank has inaugurated these latest banking facilities amidst a program organized by the commercial bank.
Chief of Tiloktama Municipality Mr. Bashudev Ghimire, social worker Mr. Baburam Rana, Chief of NRB Bhairahawa Division Mr. Ashok Paudel, chairman of the bank Mr. Upendra K.C., Neupane, CEO Mr. Ramesh Raj Aryal among others were present in the inaugural ceremony, reads the press statement.",0.7100611925125122
2018-02-26,"Nepal Credit and Commerce Bank inaugurates new branch at Birauta, Pokhara",https://www.sharesansar.com/newsdetail/nepal-credit-and-commerce-bank-inaugurates-new-branch-at-birauta-pokhara,"NCC Bank has successfully inaugurated its new branch at Birauta, Pokhara. The official opening of the ceremony was performed by Mr. Man Bahadur GC, Mayor of Lekhnath Mahanagarpalika.

As per the press release, many distinguished guests made their appearance at the program and presented their congratulation.",-0.13588619232177734
2018-02-25,Investors show passiveness in the ongoing auction of NCC Bank’s promoter shares; Falls far behind in comparison to Bank of Kathmandu’s promoter share auction,https://www.sharesansar.com/newsdetail/investors-show-passiveness-in-the-ongoing-auction-of-ncc-banks-promoter-shares-falls-far-behind-in-comparison-to-bank-of-kathmandus-promoter-share-auction,"The auction of 70 lakh unit promoter shares of NCC Bank has been ongoing since Magh 18, 2074. Its closing date was set on Falgun 3, 2074 but after receiving low participation from the investors the closing date has been extended to Falgun 30, 2074. The bid will be opened on Chaitra 1, 2074 to conclude the auction at 11 A.M.

The minimum bid price for the auction has been set at Rs 210 per unit and the investors can apply for minimum of 100 unit of shares. Also, the investors can deposit 5% of the total bid amount in the name of CBIL Capital in Citizens Bank International Limited. CBIL Capital has been appointed as the issue manager for the auction.
The auction has not been able to garner significant interest among investors. 70 lakh unit shares is a huge block of shares as it represents 15% stake in Nepal Credit and Commerce Bank. Still the participation of the investors in the auction is far from being good.

If we have to compare the auction of the promoter shares of NCC Bank, recently Bank of Kathmandu had also auctioned 61.58 lakh unit promoter shares. The auction was open from Mangsir 22 to Mangsir 29. But unlike the ongoing auction, the auction of BOKL had witnessed huge participation in which 961 bidders had submitted their bids. Employees Provident Fund had got hold of 61 lakh unit of shares at Rs 251.

The promoter shares of NCC Bank also have a lot to offer than just the shareholding of the bank. The bank is set to provide 50% right shares to its shareholders. Apart from that, there is an expected bonus of 15% for the shareholders. And eventually the effective cost of the shares will turn out to be Rs 150.

But despite all these possibilities, the auction has not amassed the investors’ attention like it was supposed to. The reason for the passiveness of the investors could be the exponential rise in the interest rates of the banks and financial institutions as well as shortage of investable funds in the market, say the market observers.
Auction date extended",0.8419416546821594
2018-02-20,Last day to bid 4.33 lakh unit promoter shares owned by Nepal Insurance of Nepal Credit & Commerce Bank,https://www.sharesansar.com/newsdetail/last-day-to-bid-4-33-lakh-unit-promoter-shares-owned-by-nepal-insurance-of-nepal-credit-commerce-bank,"Today (Falgun 8, 2074) is the last day to bid 4.33 lakh unit promoter shares of Nepal Credit and Commerce Bank Limited (NCCB) at Rs 170 and above. These shares are owned by Nepal Insurance Company Limited (NICL).

The insurance company is auctioning 4,33,042 unit promoter shares of NCCB at Rs 170 per share and above.

The auction was open from Magh 21, 2074.

NIBL Capital Markets Limited is the issue manager for this auction.

Bidders must quote a minimum price of Rs 170 per unit, which means that the lowest bid amount must be more than Rs 170. Interested bidders must bid for a minimum of 100 unit of shares and there is no limit for maximum unit to apply.

Interested investors can collect bid forms from NIBL Capital Markets Limited, Lazimpat, Kathmandu and submit their bids within office hours today (Falgun 8, 2074). The bid will be opened at NIBL Capital Markets Limited, Lazimpath, Kathmandu on Falgun 9, 2074 at 4.00 PM.

The insurance company has urged all bidders to deposit the bid amount in account number 0124524617093011 maintained in the name of NIBL Capital Markets Limited at Kumari Bank Limited. Also the bidders can submit their application with Good for Payment Cheque.

NCCB had earned Rs 35.45 crore in the second quarter of the FY 2074/75.
Announcement:",0.9264308214187622
2018-02-16,NCC Bank extends ongoing 70 lakh units auction of promoter shares closing date till Falgun 30,https://www.sharesansar.com/newsdetail/ncc-bank-extends-ongoing-70-lakh-units-auction-promoter-shares-closing-date-till-falgun-30,"Nepal Credit and Commerce Bank Limited has published a notice regarding the extension of auction closing date. The closing date of the auction has been extended to Falgun 30, 2074. Earlier the closing date was set on Falgun 3, 2074. The bid will open on Chaitra 1, 2074 to conclude the auction at 11 A.M.

The bank is selling 70 lakh unit promoter shares from Magh 18, 2074.

Bidders must quote a minimum price of Rs 210 per unit, which means that the lowest bid amount must be more than Rs 210. Interested bidders must bid for a minimum of 100 unit of shares and there is no limit for maximum unit to apply.

CBIL Capital Markets Limited is the issue manager for this auction.

The bank has urged interested bidders to submit their bids by Falgun 30, 2074 at CBIL Capitals, Dillibazar, Kathmandu.

The group has urged all bidders to deposit 5% of the total bid amount in account number 0480000046cc held in the name of CBIL Capital in Citizens Bank International Limited. Also the bidders can submit their application with Good for Payment Cheque.

NCCB had earned Rs 35.45 crore in the second quarter of the FY 2074/75.
Notice",0.9163597822189331
2018-02-15,Last day to bid 70 lakh unit auctioned promoter shares of Nepal Credit & Commerce Bank,https://www.sharesansar.com/newsdetail/last-day-to-bid-4-33-lakh-unit-auctioned-promoter-shares-of-nepal-credit-commerce-bank,"NCC Bank is closing 70 lakh unit auctioned promoter shares today (Falgun 3, 2074). All the 70 lakh unit shares belong to NB group and the group will be exiting from the promoter of NCC Bank.

The auction was open from Magh 18, 2074.

NB Group is auctioning 70 lakh unit promoter shares of NCCB at Rs 210 per share and above.

Bidders must quote a minimum price of Rs 210 per unit, which means that the lowest bid amount must be more than Rs 210. Interested bidders must bid for a minimum of 100 unit of shares and there is no limit for maximum unit to apply.

CBIL Capital Markets Limited is the issue manager for this auction.

Interested investors can collect bid forms from CBIL Capital Markets Limited, Dillibazar, Kathmandu. The bid will be opened at CBIL Capital Markets Limited, Dillibazar, Kathmandu on Falgun 6, 2074 at 11 AM.

The group has urged all bidders to deposit 5% of the total bid amount in account number 0480000046cc held in the name of CBIL Capital in Citizens Bank International Limited. Also the bidders can submit their application with Good for Payment Cheque.

NCCB had earned Rs 35.45 crore in the second quarter of the FY 2074/75.
Announcement",0.9237926602363586
2018-02-12,Nepal Insurance extended 4.33 lakh unit auctioned shares of Nepal Credit & Commerce Bank till Falgun 8,https://www.sharesansar.com/newsdetail/nepal-insurance-extended-4-33-lakh-unit-auctioned-shares-of-nepal-credit-commerce-bank-till-falgun-8,"Nepal Insurance Company Limited (NICL) has published a notice regarding extent date of 4.33 lakh unit auctioned shares of Nepal Credit & Commerce Bank Limited (NCCB).

As per the notice published in newspaper today, the new closing date has been set on Falgun 8, 2074.

The insurance company is auctioning 4,33,042 unit promoter shares of NCCB at Rs 170 per share and above.

The auction was open from Magh 21, 2074.

NIBL Capital Markets Limited is the issue manager for this auction.

Bidders must quote a minimum price of Rs 170 per unit, which means that the lowest bid amount must be more than Rs 170. Interested bidders must bid for a minimum of 100 unit of shares and there is no limit for maximum unit to apply.

Interested investors can collect bid forms from NIBL Capital Markets Limited, Lazimpat, Kathmandu and submit their bids within office hours on Falgun 8, 2074. The bid will be opened at NIBL Capital Markets Limited, Lazimpath, Kathmandu on Falgun 9, 2074 at 4.00 PM.

The insurance company has urged all bidders to deposit the bid amount in account number 0124524617093011 maintained in the name of NIBL Capital Markets Limited at Kumari Bank Limited. Also the bidders can submit their application with Good for Payment Cheque.

NCCB had earned Rs 35.45 crore in the second quarter of the FY 2074/75.
Announcement:",0.9225708842277527
2018-02-08,NCC Bank expands at Nawalparasi and Chitwan; opens 2 new branches,https://www.sharesansar.com/newsdetail/ncc-bank-expands-at-nawalparasi-and-chitwan-opens-2-new-branches,"Nepal Credit and Commerce Bank has inaugurated two new branches at Kawaswoti Municipality-2 Kawaswoti of Nawalparasi and Bharatpur Municipality-18 Chanoli of Chitwan.
The latest branches were inaugurated by chairman of the bank Mr. Upendra Keshari Neupane and BOD Dr. Kailash Patindra Amatya at Nawalparasi and Chitwan respectively, reads the press statement issued by the bank.",0.7177889347076416
2018-02-07,NCC Bank opens another branch at Bardaghat of Nawalparasi,https://www.sharesansar.com/newsdetail/ncc-bank-opens-another-branch-at-bardaghat-of-nawalparasi,"Nepal Credit and Commerse Bank has opened its new branch at Bardaghat Municipality-6 of Nawalparasi on Magh 23, 2074. The latest branch was formally inaugurated by BOD Mr. Krishna Shrestha.
Issuing the press statement, the bank informed that chairman of Bardaghat-4 Mr. Rabindra Bikram Hamal, another BOD Mr. Madav Prashad Bhatta and CEO of the bank Mr. Ramesh Raj Aryal presented their views on opening of the latest branch and expressed happiness for being able to reach out to the rural parts of the nation through banking facilities.",-0.5996218919754028
2018-02-04,Nepal Insurance auctioning 4.33 lakh unit promoter shares of NCC Bank from today; Minimum bid price is set at Rs 170,https://www.sharesansar.com/newsdetail/nepal-insurance-auctioning-4-33-lakh-unit-promoter-shares-of-ncc-bank-from-today-minimum-bid-price-is-set-at-rs-170,"The auction for the promoter shares of NCC Bank held by Nepal Insurance Company is set to start from today i.e. Magh 21, 2074.

The company is seeking to sell the ownership of 4,33,042 unit promoter shares through the auction process. Interested applicants are required to submit their bid application quoting the minimum bid price of Rs 170.

The closing date of the auction is set on Magh 28, 2074.

NIBL Capital Markets Ltd. has been appointed as the issue manager for the auction process. And the bid opening date has been set on Magh 28, 2074 at 4 p.m.
Read more about NICL’s offer",0.9280490875244141
2018-02-02,NCC Bank extends new branch at Kalanki,https://www.sharesansar.com/newsdetail/ncc-bank-extends-new-branch-at-kalanki,"NCC Bank has opened its new branch in Kalanki on Magh 19, 2074. It was inaugurated by Mr. Maheshwor Lal Shrestha, Executive Director of Banking and Supervision, Nepal Rastra Bank.
Mr. Upendra Kesari Neupane, the Chairman of BOD of the bank, has expressed his views that the expansion will be helpful in the overall growth and also expects proper help from the neighboring communities.",-0.7282354831695557
2018-02-02,Nepal Insurance Company to sell 4.33 lakh of promoters shares of NCC Bank in auction at Rs 170,https://www.sharesansar.com/newsdetail/nepal-insurance-company-to-sell-4-33-lakh-of-promoters-shares-of-ncc-bank-in-auction-at-rs-170,"Nepal Insurance Company has published the notice regarding the auction of its 4.33 lakh unit promoter shares of NCC Bank for the general public. The bank has called for the interested applicants to submit their bids between Magh 21, 2074 till Magh 28, 2074.

The public notice published by the insurance company today, it is seeking to sell the ownership of 4,33,042 unit promoters shares through the upcoming auction process. Interested applicants are required to submit their bid application quoting the minimum bid price of Rs 170, as per the notice.
NIBL Capital Lazimpat, Kathmandu has been appointed as the issue manager for the proposed auction process. Interested applicants who fulfill all the criteria for purchasing promoter shares can submit the application with all the necessary documents between Magh 21 and Magh 28 demanding a minimum 100 unit of shares. The bid opening day has been set on Magh 29, 2074 at 4 p.m.

Interested applicants to deposit the total bid amount in the account no 0124524617093011 held in the name of NIBL Capital in Kumari Bank Limited, Putalisadak, Kathmandu. S/He is required to include either original deposit voucher or good for payment cheque issued in the name of NIBL Capital.

NB Group has also decided to exit form the promoters group of NCC Bank by offering its 70 lakh units promoters shares in auction. The offer of the same promoters shares in two different prices is definitely a matter of concern from the investor's point of view.
Notice
Read more about NB group's notice",0.9087417125701904
2018-02-02,NCC Bank now in Maharajgunj of Kathmandu,https://www.sharesansar.com/newsdetail/ncc-bank-now-in-maharajgunj-of-kathmandu,"Nepal Credit and Commerse Bank (NCCB) has operationalized its latest branch at Maharajgunj of Kathmandu. Director of Banking and Financial Institution Regulatory Department of Nepal Rastra Bank Mr. Narayan Prashad Paudel inaugurated the latest branch of the commercial bank on Magh 18, 2074 amidst a program.
Issuing the pressstatement, the bank has informed that the inauguration ceremony was held by the chairman of KMC-3 Mr. Dipak K.C. and chairman of the bank Mr. Upendra K.C. Neupane, CEO of the bank Mr. Ramesh Raj Aryal among others.",0.848508358001709
2018-02-01,NB Group to exit NCC Bank; 70 lakhs of promoter shares out for public to grab in auction at Rs 210 & above,https://www.sharesansar.com/newsdetail/nb-group-to-exit-ncc-bank-70-lakhs-of-promoter-shares-out-for-public-to-grab-in-auction-at-rs-210-above,"Nepal Credit and Commerce Bank (NCCB) has published the notice regarding the auction of its 70 lakh unit promoter shares which is approximately 15% of its current paid up value of 4.67 arba for the general public. The bank has called for the interested applicants to submit their bids between Magh 18, 2074 to Falgun 3, 2074.

In the public notice published by the bank today, it is seeking to sell the ownership of 70 lakh unit promoter shares that belong to NB group through the upcoming auction process. Interested applicants are required to submit their bid application quoting the minimum bid price of Rs 210, as per the notice.

CBIL Capital Batuleghar, Dillibazar, Kathmandu has been appointed as an issue manager for the proposed auction process. Interested applicants who fulfill all the criteria for purchasing promoter shares can submit their application with all the necessary documents between Magh 18 and Falgun 3 demanding a minimum 100 unit shares. The bid opening day has been set on Falgun 6, 2074 at 11 a.m.
Interested applicants have to deposit 5% of total bid amount in the account no 0480000046cc held in the name of CBIL Capital in Citizens Bank International . S/he is required to include either original deposit voucher or good for payment cheque issued in the name of CBIL Capital along with the enclosed application.

After the conclusion of this auction process, the holding of NB Group will be diluted completely in NCC Bank as in the previous case of Nepal Bangladesh Bank. despite of exiting from their majority share holding, NB group will have a minimal share holding in the commercial bank as in the form of token holding.",0.9248906970024109
2018-01-30,NCC Bank opens new branch at Raatopul of Kathmandu,https://www.sharesansar.com/newsdetail/ncc-bank-opens-new-branch-at-raatopul-of-kathmandu,"Nepal Credit and Commerse Bank Limited (NCCB) has formally inaugurated its branch at Kathmandu-30, Raatopul which was inaugurated by Deputy Governor of Nepal Rastra Bank Mr. Chintamani Siwakoti on Magh 15, 2074.
NCC Bank has a deposit collection of Rs 59 arba and credit disbursement of Rs 51 arba and has earned net profit of Rs 35.45 crore by the end of Poush, 2074. The bank currently has 80 branches throughout the nation.",0.6372758746147156
2018-01-30,EPS of most commercial banks go down after capital hike – which commercial banks are now still profitable? (See In-Depth Analysis of all 28 Commercial Banks based on their Q2 reports of FY 2074/75 and FY 2073/74 under one table),https://www.sharesansar.com/newsdetail/eps-of-most-commercial-banks-go-down-which-commercial-banks-are-now-still-profitable-see-in-depth-analysis-of-all-28-commercial-banks-based-on-their-q2-reports-of-fy-207475-and-fy-207374,"Sijan Bajracharya
All 28 commercial banks of Nepal have published their financial statements till the end of second quarter of the current fiscal year FY2074/75. It is the matter of interest of all the investors to analyze the important fundamentals of the commercial banks. Thus, for an ease to investors and all visitors of our website, we have compiled a table with major fundamentals factors like paid-up capital, reserves, net profit, earnings per share (EPS), net worth per share and Price-To-Earnings ratio (P/E ratio) of Q2 of the FY 2074/75 and Q2 of the FY 2073/74 in the below table:
(Note: Table is sorted in descending order of the banks' Q2 2074/75 EPS. For P/E ratio, Market Price Per Share as on Jan 29, 2018 is taken into consideration.)
From the above table, it is concluded that
Nabil Bank Limited (NABIL)
,
Rastriya Banijya Bank (RBB)
and
Nepal Bank Limited (NBL)
topped the table in terms of EPS with Rs 45.71, Rs 41.63 and Rs 40.76 respectively.

Likewise,
Nepal Investment Bank Limited (NIB)
and
NMB Bank Limited (NMB)
whose EPS ranges above Rs 30.

Similarly, 8 Commercial banks:
Everest Bank Limited (EBL)
,
Himalayan Bank Limited (HBL)
,
Standard Chartered Bank Nepal Limited (SCB)
,
Agricultural Development Bank Limited (ADBL)
,
Nepal SBI Bank Limited (SBI)
,
Global IME Bank Limited (GBIME)
and
Sanima Bank Limited (SANIMA)
succeeded to maintain EPS of more than Rs 20.

Likewise, EPS of 12 banks (around 42.85% of the total banks) lies between Rs 10 to Rs 20.

Meanwhile,
Century Commercial Bank Limited (CCBL)
,
Janata Bank Nepal Limited (JBNL)
and
Civil Bank Limited (CBL)
stood at the bottom of the table with EPS of Rs 8.48, Rs 6.79 and Rs 5.98 only.

In terms of Net worth, ADBL has highest net worth of Rs 204.82 and P/E ratio of NBL is lowest among all banks with 8.73 times only.

In conclusion, 21 commercial banks succeed to soar their net profit in Q2 FY 2074/75 with respect to Q2 FY 2073/74 whereas net profit of 7 banks decreased in the period. Capital hike to Rs 8 arba seems to have a vital effect behind diminishing of EPS and Net worth of the banks. Further 7 commercial banks still have not increased their paid-up capital to Rs 8 arba, which will shrink their EPS even further.
Also See:
Commercial Banks' AGM Status of FY 2073/74; 40% of A Class banks yet to conduct their last year AGM
See the net profit of 28 commercial banks as of Q2 of FY2074/75; NABIL & Nepal Investment make it to the top",0.73175448179245
2018-01-29,"Standard Chartered & Himalayan Bank expects to earn more than Rs 2 arba in FY 2074/75 as Q2 net profit crosses Rs 1 arba, Sunrise and NCC Bank net profit soars to Rs 58.75 crore & Rs 35.45 crore respectively",https://www.sharesansar.com/newsdetail/standard-chartered-himalayan-bank-expects-to-earn-more-than-rs-2-arba-in-fy-207475-as-q2-net-profit-crosses-rs-1-arba-sunrise-and-ncc-bank-net-profit-soars-to-rs-58-75-crore-rs-35-45-cro,"Standard Chartered Bank Nepal Limited (SCB)
has stated increment in net profit of 36.92% in the second quarter of the current fiscal year 2074/75.
As per the unaudited report published today, the commercial bank has stated that its net profit increased to Rs 1.01 arba in Q2 of the fiscal year 2074/75 from Rs 74.01 crore in the corresponding quarter of the previous fiscal year 2073/74.

Its deposit collection reached to Rs 86.07 arba where the bank floated loans of Rs 42.35 arba.

It has paid up capital of Rs 8.01 arba with Rs 4.86 arba in reserve.

Its NPL stands at 0.17%.

Its Earning per Share (EPS) stands at Rs 25.30 where net worth per share stands at Rs 160.74. It has P/E ratio of 41.03 times.
Himalayan Bank Limited (NCCB)
has shown slight growth in net profit by 7.59% in the second quarter of the current fiscal year 2074/75.
As per the unaudited report published today, the commercial bank has stated that its net profit growth to Rs 1.10 arba in Q2 of the fiscal year 2074/75 from Rs 1.02 arba in the corresponding quarter of the previous fiscal year 2073/74.

Its deposit collection reached to Rs 92.97 arba where the bank floated loans of Rs 82.75 arba.

It has paid up capital of Rs 8.11 arba with Rs 4.96 arba in reserve.

Its NPL stands at 1.32%.

Its Earning per Share (EPS) stands at Rs 27.26 where net worth per share stands at Rs 157.88. It has P/E ratio of 24.21 times.
Sunrise Bank Limited (SRBL)
has also posted majestic rise in net profit by 188.43% in the second quarter of the current fiscal year 2074/75.
As per the unaudited report published today, the commercial bank has stated that its net profit rise to Rs 58.75 crore in Q2 of the fiscal year 2074/75 from Rs 20.37 crore in the corresponding quarter of the previous fiscal year 2073/74.

Its deposit collection reached to Rs 63.26 arba where the bank floated loans of Rs 56.24 arba.

It has paid up capital of Rs 8.15 arba with Rs 2.10 arba in reserve.

Its NPL stands at 1.65%.

Its Earning per Share (EPS) stands at Rs 14.41 where net worth per share stands at Rs 125.77. It has P/E ratio of 18.25 times.
Nepal Credit and Commercial Bank Limited (NCCB)
has also shown giant hike in net profit by 356.74% in the second quarter of the current fiscal year 2074/75.
As per the unaudited report published today, the commercial bank has stated that its net profit rise to Rs 35.45 crore in Q2 of the fiscal year 2074/75 from Rs 7.76 crore in the corresponding quarter of the previous fiscal year 2073/74.

Its deposit collection reached to Rs 58.19 arba where the bank floated loans of Rs 51.41 arba.

It has paid up capital of Rs 4.67 arba with Rs 2.91 arba in reserve. NCCB has been seeking approval from SEBON to issue 50% right shares after which paid up capital will reach to Rs 7.01 arba. To meet the capital requirement of Rs 8 arba, it should further hike its capital by Rs 99 crore (around 14%).

Its NPL stands at huge 4.04 %.

Its Earning per Share (EPS) stands at Rs 15.15 where net worth per share stands at Rs 162.29. It has P/E ratio of 32.32 times.
Major Highlights:
3",-0.6638318300247192
2017-12-26,Cut off price of Nepal Credit & Commerce Bank auctioned promoter shares stood at Rs 185,https://www.sharesansar.com/newsdetail/cut-off-price-of-nepal-credit-commerce-bank-auctioned-promoter-shares-stood-at-rs-185,"Nepal Insurance Company Limited (NICL) has concluded auction of 4,44,622 unit promoter shares of Nepal Credit & Commerce Bank Limited (NCCB).

As per an official of NIBL Capital Markets Limited, the issue manager for the auction,""The cut off rate for the auctioned shares of NCCBPO stood at Rs 185. The maximum bid received was Rs 306. There were altogether 27 applicants and all the applicants grabbed the shares except 1 applicant whose application was found invalid. Only around 11,580 shares were sold in the auction. Thus, for remaining shares, NICL will later decide what to do with unsold shares.”

The insurance company had stated that the minimum bid amount is set at Rs 185 and the interested applicants must bid for a minimum of 100 units of the share and there is no any ceiling for highest bid unit.

The auction application was open from Kartik 28, 2074 to Poush 3, 2074.

NICL has earned net profit of Rs 2.65 crore in the first quarter of FY 2074/75. By selling 11,580 shares, NICL earned more than Rs 9.84 lakh in premium.

NCC Bank was last traded for Rs 353 and NCCBPO was last traded for Rs 200 per share.",0.8207229971885681
2017-12-20,National Banking Institute and Nepal Credit & Commerce Bank ink agreement for strategic partnership,https://www.sharesansar.com/newsdetail/national-banking-institute-and-nepal-credit-commerce-bank-ink-agreement-for-strategic-partnership,"National Banking Institute Ltd. (NBI) and Nepal Credit & Commerce Bank Ltd. (NCCB) signed a Memorandum of Understanding (MOU) on 19th December 2017 for strategic alliance whereby NBI would provide exclusively customized training programs to the bank for human capital development. Under this agreement, NCCB has committed Rs 50 lakh worth training investment during the fiscal year 2074/75 to NBI. This partnership is expected to further leverage the strategic intervention towards development of human capital of the bank.
The MOU was signed by Mr. Ramesh Raj Aryal, CEO of NCCB and Mr. Sanjib Subba, CEO of NBI. As per the press release issued, this alliance is expected to be instrumental in the capacity building process and bringing about positive transformation in the development of human capital in the industry.",-0.7620579600334167
2017-12-18,Nepal Insurance closing auction for 4.44 lakh unit promoter shares of Nepal Credit & Commerce Bank at Rs 185 & above today,https://www.sharesansar.com/newsdetail/nepal-insurance-closing-auction-for-4-44-lakh-unit-promoter-shares-of-nepal-credit-commerce-bank-at-rs-185-above-today,"Nepal Insurance Company Limited (NICL) is closing sealed bids for 4,44,622 units of promoter shares of Nepal Credit & Commerce Bank Limited (NCCB) through an auction today (Poush 3, 2074).

The insurance company had stated that the minimum bid amount is set at Rs 185 and the interested applicants must bid for a minimum of 100 units of the share and there is no any ceiling for highest bid unit.

The auction was open from Kartik 28, 2074. The sealed bid will be open on Poush 5, 2074 at 4 PM.

NIBL Capital Markets Limited is the issue manager for this auction.

The insurance has urged the interested bidders to submit their bids by 3:00 PM till Poush 3 at the NIBL Capital Markets Limited located at Lazimpath, Kathmandu.

The investors applying for the auction can deposit the bid amount in the account number 0124524617093011 of the NIBL Capital Markets Limited at Kumari Bank Limited.

NCCB has earned Rs 16.45 crore in the first quarter of the FY 2074/75.",0.9166818857192993
2017-12-10,Nepal Credit & Commerce Bank 50% & Manjushree Finance 5% right shares added in SEBON pipeline for approval,https://www.sharesansar.com/newsdetail/nepal-credit-commerce-bank-50-manjushree-finance-5-right-shares-added-in-sebon-pipeline-for-approval,"Nepal Credit and Commerce Bank Limited (NCCB) and Manjushree Finance Company Limited (MFIL) have applied in Securities Board of Nepal (SEBON) for the issuance of right share.
Nepal Credit and Commerce Bank
is seeking approval to issue 23,395,291 units shares in the ratio 2:1 (50%) to be floated a face value of Rs 100 per share.  The bank’s 19
th
AGM held on Bhadra 16, 2074 had endorsed 2:1 right shares to their shareholders.

Sunrise Capital Limited has been appointed as the issue manager.

NCCB has a paid up capital of Rs 4.67 arba at present. After issuance of 50% right share, its paid up capital will reach to Rs 7.01 arba. It has earned Rs 16.45 crore in the first quarter of the FY 2074/75.

Likewise,
Manjushree Finance Company Limited
will be issuing 362,190 units shares in the ratio 100:5 (5%) to be floated a face value of Rs 100 per share. The finance company’s SGM held on Asoj 25, 2074 had approved to issue 5% right share to its shareholders.

Ace Capital Limited has been appointed as the issue manager.

MFIL’s current paid up capital stands at Rs 72.43 crore and after issuance of 5% right shares, it will reach to Rs 76.05 crore. To meet the capital requirement as directed by the Nepal Rastra Bank, it should further hike its capital by around 5% to make Rs 80 crore capital. It has earned Rs 66.13 lakh in the first quarter of the FY 2074/75.",0.6076601147651672
2017-11-23,Per Staff Expenses and Net profit analysis; ADBL and RBB has highest per staff expenses whereas NABIL and Standard Chartered has highest per staff net profit,https://www.sharesansar.com/newsdetail/per-staff-expenses-and-net-profit-analysis-adbl-and-rbb-has-highest-per-staff-expenses-whereas-nabil-and-standard-chartered-has-highest-per-staff-net-profit,"The staff productivity and efficiency of any company is one of the major factors to be considered while conducting a fundamental study. Low staff expenses and high profit per staff is ideal for any company.
Per Staff Expenses:
The study shows that government owned commercial banks have more per staff expense than other commercial banks. Agriculture Development Bank Limited (ADBL) and Rastriya Banijaya Bank (RBB) have the highest per staff expenses.
Per Staff Net Profit:
NABIL Bank Limited has the highest per staff net profit indicating the high efficiency and productivity of employees whereas Janata Bank Limited has low per staff net profit.
Numbers of Staff in Commercial Bank",0.5980113744735718
2017-11-14,"Nepal Credit and Commerce Bank NPL rises to 4.29%, EPS & Net worth at Rs 14.07 & Rs 158.23 respectively",https://www.sharesansar.com/newsdetail/nepal-credit-and-commerce-bank-npl-rises-to-4-29-eps-net-worth-at-rs-14-07-rs-158-23-respectively,"Nepal Credit and Commerce Bank Limited (NCCB) has posted rise in net profit by 27.56% in the first quarter of the FY 2074/75.

As per the report published in newspaper today, its net profit rises to Rs 16.45 crore from Rs 12.90 crore in the corresponding quarter of the FY 2073/74.

Its non-performing loans (NPL) has surged to 4.29% in Q1 from 0.96 % last year.

Major positive aspects of NCC Bank is its increase in deposits. As of Q1, its deposit base has reached Rs 61.38 arba while loans have reached Rs 48.87 arba—more than double the increase as compared to the figures last year

Its paid up capital now stands at Rs 4.67 arba with a reserve of Rs 2.72 arba. To meet the capital requirement of Rs 8 arba, it had announced 50% right shares to its shareholders. After 50% right shares, it will reach to Rs 7.01 crore.

As of Q1, its annualized EPS has shrunk to Rs 158.23, P/E ratio at 27.22 times and net worth per share at Rs 158.23.
Major Highlights:
Particulars (In Rs '000)
NCCB
Q1 2074/75
Q1 2073/74
Difference
Paid Up Capital
4,679,058
2,353,176
98.84%
Reserve & Surplus
2,724,624
1,533,049
77.73%
Deposits
61,381,218
30,633,049
100.38%
Borrowings
484,312
2,500
########
Loans & Advances
48,876,156
25,347,254
92.83%
Net Interest Income
212,999
242,408
-12.13%
Provision for possible losses
35,701
30,411
17.40%
Operating Profit
12,521
170,436
-92.65%
Net Profit
164,583
129,027
27.56%
NPL (%)
4.29
0.96
346.88%
Annualized EPS (In Rs.)
14.07
21.93
-35.85%
Net Worth per Share (In Rs.)
158.23
165.15
-4.19%
P/E Ratio (In times)
27.22
-
-",-0.10766980051994324
2017-11-14,Nepal Insurance auctioning 4.44 lakh units promoter share of Nepal Credit & Commerce Bank at Rs 185 & above from today,https://www.sharesansar.com/newsdetail/nepal-insurance-auctioning-4-44-lakh-units-promoter-share-of-nepal-credit-commerce-bank-at-rs-185-above-from-today,"Nepal Insurance Company Limited (NICL) is inviting sealed bids for 4,44,622 units of promoter shares of Nepal Credit & Commerce Bank Limited (NCCB) through an auction.

As per the notice published by the insurance company today, the insurance company had stated that the minimum bid amount is set at Rs 185 and the interested applicants must bid for a minimum of 100 units of the share and there is no any ceiling for highest bid unit.

The auction starts from today and will last till Poush 3, 2074. The sealed bid will be open on Poush 5, 2074 at 4 PM.

NIBL Capital Markets Limited is the issue manager for this auction.

The insurance has urged the interested bidders to submit their bids by 3:00 PM till Poush 3 at the NIBL Capital Markets Limited located at Lazimpath, Kathmandu.

The investors applying for the auction can deposit the bid amount in the account number 0124524617093011 of the NIBL Capital Markets Limited at Kumari Bank Limited.

NCCB has earned Rs 16.45 crore in the first quarter of the FY 2074/75.",0.9144210815429688
2017-11-12,See the list of commercial bank who have gone merger or acquisition since their establishment,https://www.sharesansar.com/newsdetail/see-the-list-of-commercial-bank-who-have-gone-merger-or-acquisition-since-their-establishment,"Sijan Bajracharya
Merger and acquisition became the best way for the commercial bank to meet the capital requirement of Rs 8 arba as directed by the Nepal Rastra Bank. At present, there are 28 commercial bank and among them 8 bank have not gone into merger or acquire any Bank and Financial Institutions (BFIs). 20 banks have merged or acquired other BFIs to meet the capital requirement.

Below list shows the commercial bank, merged and acquired BFI with share swap ratio:",0.9169417023658752
2017-09-25,Nepal Credit and Commerce Bank expands services in Kathmandu and Bhaktapur,https://www.sharesansar.com/newsdetail/nepal-credit-and-commerce-bank-expands-services-in-kathmandu-and-bhaktapur,"After inaugurating a new branch in Suryabinayak, Bhaktapur on Friday, Nepal Credit and Commerce Bank Limited (NCCB) has now expanded its services in Ramhiti, Kathmandu. The new branch was inaugurated amid a ceremony on Sunday.
“We have expanded our services with an aim to help the industrialists, businessmen and locals in the respective areas,” the bank said in a statement.",-0.8702234625816345
2017-09-08,NCC Bank appoints Sunrise Capital as issue manager to float 50% right share,https://www.sharesansar.com/newsdetail/ncc-bank-appoints-sunrise-capital-as-issue-manager-to-float-50-right-share,"Nepal Credit and Commerce Bank Limited has appointed Sunrise Capital Limited as its issue manager for issuing 50% right share.

Ramesh Raj Aryal, CEO of NCC Bank and Bijaya Lal Shrestha, CEO of Sunrise Capital have signed on the agreement.
Issuing a press statement published by the bank, it stated that NCC Bank will be issuing 50% (2:1) right share i. e 2,33,95,291 units to its shareholders. The bank's 19
th
AGM held on Bhadra 16, 2074 had approved to issue 50% right share to its shareholders.

NCC Bank has paid up capital of Rs 4.67 arba and after issuance of 50% right share its capital will reach Rs 7.01 arba. After merger with Infrastructure Dev Bank, International Dev Bank, Apex Dev Bank and Supreme Development Bank , the bank has able to add Rs 98.60 crore in its capital and will able to meet the NRB requirement of Rs 8 arba capital.",-0.3764088749885559
2017-09-03,NCC Bank to issue 50% right share to increase its paid up capital,https://www.sharesansar.com/newsdetail/ncc-bank-to-issue-50-right-share-to-increase-its-paid-up-capital,"Nepal Credit and Commerce Bank Limited on Bhadra 16, 2074 has held their annual general meeting at Hotel Bhodi Redsun, Rupandehi.
NCC bank on poush 17
th
2074, commenced to provide banki
ng service from its merged 4 development banks after their bookkeeping for 2072/73 was approved by the commercial bank. Similarly, the commercial bank got approval to issue 50 %right share to meet the new paid up capital limit set by Nepal Rastra Bank.",-0.5432751178741455
2017-09-01,NCC Bank 19th AGM today; to endorse 50% right share; no dividend this time,https://www.sharesansar.com/newsdetail/ncc-bank-19th-agm-today-to-endorse-50-right-share-no-dividend-this-time,"Nepal Credit and Commerce Bank Limited (NCCB) is convening its 19
th
Annual General Meeting (AGM) today (Bhadra 16, 2074). The AGM is being held at Bodhi Redson Hotel, Basantapur, Rupandehi at 11:00 AM.

The main agendas of the AGM are:
To endorse 50% (2:1) right share on its current paid up capital
After issuance of 2:1 right share, its capital will increase, and amend its Article of Association and Memorandum of Association accordingly
To amend its Article of Association and Memorandum of Association as per directions received from regulatory authorities
To elect 3 directors each from promoter and general public shareholders group
Other agendas of the AGM are endorsement of financial highlights of FY 2072/73 and appointment of auditor of FY 2073/74.

The book closure day for the AGM has been set for Shrawan 20, 2074 for one day only. Only those traded until Shrawan 19, 2074 are eligible to participate in the AGM.

NCC Bank has posted net profit of Rs 16.73 crore in the third quarter of FY 2073/74. Its current paid up capital after merger with Infrastructure Dev Bank, International Dev Bank, Apex Dev Bank and Supreme Development Bank stands at Rs 4.67 arba. After the issuance of 50% right share, its paid up capital will reach Rs 7.01 arba.",0.8454095721244812
2017-08-20,Nepal Credit & Commerce Bank’s profit rises by 87.30% to Rs 1.32 arba after massive write back of Rs 1.33 arba; meager growth by Civil Bank lead EPS to Rs 6.52 only,https://www.sharesansar.com/newsdetail/nepal-credit-commerce-banks-profit-rises-by-87-30-to-rs-1-32-arba-after-massive-write-back-of-rs-1-33-arba-meager-growth-by-civil-bank-lead-eps-to-rs-6-52-only,"Nepal Credit & Commerce Bank Limited (NCCB)
has registered profit growth of 87.30 percent in the fourth quarter (Q4) of the last fiscal year 2073/74 after the massive write back of loan loss provision by 475.27% of Rs 1.33 arba.
As per the unaudited financial report published by the commercial bank, net profit of the bank has surged to Rs. 1.32 arba in the fourth quarter up from Rs. 70.78 crore in the corresponding quarter of the previous fiscal year.

Its net interest income has risen to Rs 1.72 arba in Q4 as compared to Rs. 1.18 arba in the corresponding quarter.

It has a paid up capital of Rs 4.67 arba. Also the bank has announced 50% right shares to its shareholders. After 50% right shares, its paid up capital will reach Rs 7.01 arba. Thus, the bank will need to increase its paid up capital by a further 14.28% to reach NRB’s minimum requirement of Rs 8 arba by the end of FY 2073/74. The reserve of the bank increased by 94.57 % to Rs 2.56 arba in the Q4 of last fiscal year 73/74.

The bank has collected of deposits of Rs 58.79 arba in Q4 up from Rs 30.36 arba in the corresponding period last year. Likewise, it has extended loans and advances of Rs 48.16 arba in Q4 whereas in the same period last year the figure stood at Rs. 24.89 arba.

Its non-performing loan (NPL) highly inclined to 4.80 percent in Q4 of the FY 2073/74 from 0.91 percent in Q4 of the FY 2072/73.

Its Earnings per Share (EPS) stands at Rs.28.34, net worth per share at Rs 154.71, and P/E ratio at 13.51 times.
Likewise,
Civil Bank Limited (CBL)
has also stated meager profit growth of 2.01 percent in the fourth quarter (Q4) of the last fiscal year 2073/74.
As per the unaudited financial report published by the commercial bank, net profit of the bank has surged to Rs. 33.81 crore in the fourth quarter up from Rs. 33.14 crore in the corresponding quarter of the previous fiscal year.

Its net interest income has risen to Rs 1.12 arba in Q4 as compared to Rs. 99.48 crore in the corresponding quarter.

It has a paid up capital of Rs 5.18 arba. Also the bank has announced 40% right shares to its shareholders. After 40% right shares, its paid up capital will reach Rs 7.25 arba. Thus, the bank will need to increase its paid up capital by a further 10.34 % to reach NRB’s minimum requirement of Rs 8 arba by the end of FY 2073/74. The reserve of the bank increased by 179.89 % to Rs 1.49 arba in the Q4 of last fiscal year 73/74.

The bank has collected of deposits of Rs 34.11 arba in Q4 up from Rs 31.56 arba in the corresponding period last year. Likewise, it has extended loans and advances of Rs 29.49 arba in Q4 whereas in the same period last year the figure stood at Rs. 25.70 arba.

Its non-performing loan (NPL) highly inclined to 4.05 percent in Q4 of the FY 2073/74 from 2.70 in corresponding Q4 of the FY 2072/73.

Its Earnings per Share (EPS) stands at Rs 6.52, net worth per share at Rs 128.80, and P/E ratio at 37.73 times.

Major Highlights:
NCCB
CBL
Indicators (Rs in ""000"")
FY 2073/74 Q4
FY 2072/73 Q4
Growth (%)
FY 2073/74 Q4
FY 2072/73 Q4
Growth (%)
Paid Up Capital
4,679,058
2,353,176
98.84
5,185,222
3,082,779
68.20
Reserve and Surplus
2,560,040
1,315,732
94.57
1,493,548
533,622
179.89
Deposits
58,795,094
30,363,555
93.64
34,110,741
31,564,024
8.07
Loans and Advances
48,168,820
24,891,148
93.52
29,490,059
25,704,071
14.73
Net Interest Income
1,722,181
1,189,441
44.79
1,122,840
994,879
12.86
Provision
821,283
201,264
308.06
676,387
474,291
42.61
Write Back
1,333,217
231,755
475.27
437,290
282,265
54.92
Operating Profit
406,520
747,040
(45.58)
110,091
254,562
(56.75)
Net Profit
1,325,817
707,841
87.30
338,114
331,463
2.01
Capital Adequacy Ratio (%)
12.30
11.92
3.19
19.45
12.51
55.48
NPL (%)
4.80
0.91
427.47
4.05
2.70
50.00
Cost of Funds (%)
5.99
3.71
61.46
6.83
5.37
27.19
CD Ratio (as per NRB) (%)
71.48
74.52
(4.08)
75.73
75.78
(0.07)
Base rate
9.32
7.44
25.27
11.59
7.85
47.64
EPS (Annualized)
28.34
30.08
(5.80)
6.52
10.75
(39.35)
Net Worth Per Share
154.71
155.91
(0.77)
128.80
117.31
9.80
P/E Ratio
13.51
-
37.73
-",-0.9010021090507507
2017-07-12,NCC Bank calls for AGM on Bhadra 16 to endorse 50% right share; no dividend this time,https://www.sharesansar.com/newsdetail/ncc-bank-calls-for-agm-on-bhadra-16-to-endorse-50-right-share-no-dividend-this-time,"Nepal Credit and Commerce Bank Limited (NCCB) is going to convene its 19
th
Annual General Meeting (AGM) on Bhadra 16, 2074. The AGM is being held at Bodhi Redson Hotel, Basantapur, Rupandehi at 11:00 AM.

The main agendas of the AGM are:
To endorse 50% (2:1) right share on its current paid up capital
After issuance of 2:1 right share, its capital will increase, and amend its Article of Association and Memorandum of Association accordingly
To amend its Article of Association and Memorandum of Association as per directions received from regulatory authorities
To elect 3 directors each from promoter and general public shareholders group
Other agendas of the AGM are endorsement of financial highlights of FY 2072/73 and appointment of auditor of FY 2073/74.

The book closure day for the AGM has been set for Shrawan 20, 2074 for one day only. Only those traded until Shrawan 19, 2074 are eligible to participate in the AGM.

NCC Bank has posted net profit of Rs 16.73 crore in the third quarter of FY 2073/74. Its current paid up capital after merger with Infrastructure Dev Bank, International Dev Bank, Apex Dev Bank and Supreme Development Bank stands at Rs 4.67 arba. After the issuance of 50% right share, its paid up capital will reach Rs 7.01 arba.",0.8773970603942871
2017-05-17,See the progress of all 28 commercial banks as of third quarter as per their major indicators,https://www.sharesansar.com/newsdetail/see-the-progress-of-all-28-commercial-banks-as-of-third-quarter-as-per-their-major-indicators,"All 28 “A” class banks have published their provisional financial statements for the first 9 months of the ongoing fiscal year 2073/74. By analyzing their progress till Chaitra 2073, their profit for the whole year and expected EPS can be roughly calculated.

Below is a comparison of all 28 commercial banks with their major indicators: paid up capital, reserve, net profit, net worth per share, Earnings Per Share (EPS) and P/E ratio. Since a handful of banks have been floating right shares, their EPS were also calculated by diluting for their increased capital.
Above banks have been sorted in descending order of their EPS.

Diluted EPS accounts for:
23.74% right share of Nepal Bank Limited (NBL)
25.58 lakh units FPO shares of Standard Chartered Bank Nepal Limited (SCB)
Already approved 33.33% right share of Everest Bank Limited (EBL)
15% right share of NIC Asia Bank Limited (NICA)
40% right share of Nepal SBI Bank Limited (SBI)
30% right share of Sanima Bank Limited (SANIMA)
25% right share of Citizens Bank International Limited (CZBIL)
30% right share of Sunrise Bank Limited (SRBL)
50% right share of Kumari Bank Limited (KBL)
80% right share of Nepal Bangladesh Bank Limited (NBB)
100% right share of Laxmi Bank Limited (LBL)",0.9115880727767944
2017-05-16,NCC Bank reports decline in profit as provision soars to Rs 1 arba,https://www.sharesansar.com/newsdetail/ncc-bank-reports-decline-in-profit-as-provision-soars-to-rs-1-arba,"Nepal Credit and Commerce Bank Limited (NCCB), that started joint operation by merging with 4 other development banks from January 1, 2017, has reported a massive 55.20% drop in its net profit.

Accounting for all the merged 5 companies, its non-performing loans (NPL) has surged to 4.68% in Q3 from 1.63% last year. Due to this, it has set aside more than Rs 1 arba as provision only. This has shrunk its net profit to only Rs 16.73 crore as of the end of third quarter this year.

Major positive aspects of NCC Bank are its increase in deposits and loans. As of Q3, its deposit base has reached Rs 55.26 arba while loans have reached Rs 48.70 arba—more than double the increase as compared to the figures last year. Likewise, its net interest income has also increased by a massive 86.46% to Rs 1.54 arba. Looking at these figures, NCC Bank can compare with other commercial banks if it is able to decrease its bad loans.

Its paid up capital now stands at Rs 4.67 arba with a massive reserve of Rs 2.39 arba. As of Q3, its annualized EPS has shrunk to only Rs 4.77, P/E ratio at 95.17 times and net worth per share at Rs 151.16.
Major Highlights:
Indicators (Rs in ""000"")
FY 2073/74 Q3
FY 2072/73 Q3
Difference (%)
Paid Up Capital
4,679,058
2,353,176
98.84%
Reserve and Surplus
2,393,685
981,460
143.89%
Deposits
55,264,918
27,416,873
101.57%
Loans and Advances
48,702,751
23,195,722
109.96%
Net Interest Income
1,547,384
829,881
86.46%
Provision
1,006,815
305,860
229.18%
Write Back
166,971
184,988
-9.74%
Operating Profit
86,656
354,890
-75.58%
Net Profit
167,362
373,570
-55.20%
Capital Adequacy Ratio
12.06%
11.63%
3.70%
NPL
4.68%
1.63%
187.12%
Cost of Fund
5.75%
4.27%
34.66%
CD Ratio (as per NRB)
77.14%
76.68%
0.60%
EPS (Annualized)
4.77
21.17
-77.47%
PE Ratio
95.17
Networth Per Share
151.16",0.02625882253050804
2017-04-27,NCC Bank calls off its SGM scheduled for tomorrow,https://www.sharesansar.com/newsdetail/ncc-bank-calls-off-its-sgm-scheduled-for-tomorrow,"Nepal Credit and Commerce Bank Limited (NCCB) has cancelled its Special General Meeting (SGM) that was scheduled for tomorrow.

As per the notice published in NEPSE today, the SGM was called off as per the direction received from Office of Company Registrar. NCC Bank had called this SGM to endorse 50% right share to its shareholders after its merger with Infrastructure Development Bank, International Development Bank, Apex Development Bank and Supreme Development Bank.

NCC Bank is yet to conduct AGM for the FY 2072/73.",0.31879234313964844
2017-04-13,Nepal Credit and Commerce Bank ‘s SGM on Baisakh 15;  to endorse 50% right share; dividend for 2072/73 undecided,https://www.sharesansar.com/newsdetail/nepal-credit-and-commerce-bank-s-sgm-on-baisakh-15-to-endorse-50-right-share-dividend-for-207273-undecided,"Nepal Credit and Commerce Bank Limited (NCCB) will be conducting its Special General Meeting (SGM) on Baisakh 15, 2074. The SGM is going to be held at Hotel Nirvana, Paklihawa Road , Siddharthanagar, Rupandehi at 11:00 AM.

The main agendas of the SGM are:
To endorse 2:1 (50%) right share to its shareholders.
After issuance of right share, its capital will increase and amend Article of Association accordingly.
To amend Article of Association and Memorandum of Association as per directed by registrar office or Nepal Rastra Bank.
NCCB is yet to announce dividend and conduct AGM for the FY 2072/73. It had distributed 16% bonus share in the FY 2071/72. As per the spokesperson for the bank, “We have called for the SGM because we are compelled to issue right share within Ashad end. We will publish a separate notice for AGM soon.”

“Dividend for FY 2072/73 has not been decided yet”, added the official.

The register of the company will remain close on Baisakh 6, 2074 for the purpose of this SGM. Only those shareholders holding shares traded one day ahead of the book closure date i.e. Baisakh 5, 2074 are eligible for participation in the SGM.

NCCB has earned Rs 7.76 crore in the second quarter of the fiscal year 2073/74 as per its unaudited report. Its paid up capital after merger with 4 banks stands at Rs 4.67 arba.",0.9138703346252441
2017-03-06,Trading of Nepal Credit and Commerce Bank resumes after merger; price adjusted to Rs 313 for 16% bonus share,https://www.sharesansar.com/newsdetail/trading-of-nepal-credit-and-commerce-bank-resumes-after-merger-price-adjusted-to-rs-313-for-16-bonus-share,"Trading of
Nepal Credit and Commerce Bank Limited (NCCB)
has now resumed in NEPSE after its merger with Infrastructure Development Bank, Apex Development Bank, Supreme Development Bank and International Development Bank.

Its last traded price before merger stood at Rs 344 on November 26, 2015 and had distributed 16% bonus share for the FY 2071/72. After the adjustment of bonus shares, its price has been adjusted to Rs 313.

NCCB has earned Rs 7.76 crore in the second quarter of the fiscal year 2073/74 as per its unaudited report. Its paid up capital after merger with 4 banks stands at Rs 4.67 arba.",0.712550938129425
2017-03-05,"NCC Bank distributing new share certificates of Infrastructure, Apex, Supreme & International Dev. Bank from today",https://www.sharesansar.com/newsdetail/ncc-bank-distributing-new-share-certificates-of-infrastructure-apex-supreme-international-dev-bank-from-today,"Nepal Credit and Commerce Bank Limited (NCC) is distributing new share certificates of NCC Bank to the shareholders of the merged development banks: Infrastructure Development Bank, Apex Development Bank, Supreme Development Bank and International Development Bank.

As per the notice published by the commercial bank today, the existing shareholders of the development banks should bring their old certificates to the bank’s share registrar NCM Merchant Banking Limited, Kamalpokhari, Kathmandu. For those shares that have already dematerialized their old shares, new shares of NCC Bank will automatically be deposited in their respective demat accounts with respect to the swap ratio.",0.929079532623291
2017-02-16,NCC Bank publishes first quarterly report after merger; net profit of Rs 7.76 crore & EPS at Rs 3.31 only,https://www.sharesansar.com/newsdetail/ncc-bank-publishes-first-quarterly-report-after-merger-net-profit-of-rs-7-76-crore-and-eps-at-rs-3-31-only,"Nepal Credit and Commerce Bank Limited (NCCB) has published its
first quarterly statement after its merger
with Infrastructure Development Bank, Apex Development Bank, Supreme Development Bank and International Development Bank Limited.

Its net profit has decreased to Rs 7.76 crore in the second quarter of the ongoing fiscal year 2073/74, down from Rs 24.68 crore last year. However, its net interest income has increased 104% to Rs 1.03 arba from Rs 50.53 crore last year. This rise in net interest income could not convert to net profit as it has set aside Rs 65.37 crore just for provision for possible loss. Its non-performing loan (NPL) has increased to 4.84% from 1.30%.

It has a deposit base of Rs 55.46 arba with loans worth Rs 48.42 arba disbursed. Its CCD ratio at the end of Q2 this year stands at 78.68%.

Its paid-up capital after merger stands at Rs 4.67 arba with a reserve of Rs 2.30 arba. Its annualized EPS has shrunk to only Rs 3.31 with net worth per share of Rs 149.24.

NCC Bank had merged with Infrastructure Development Bank, Apex Development Bank, Supreme Development Bank and International Development Bank in a share swap of 100:76:47:75:72. Their joint operation started from January 1, 2017.",-0.13287635147571564
2017-01-19,NCC Bank receives approval for ASBA system,https://www.sharesansar.com/newsdetail/ncc-bank-receives-approval-for-asba-system,"Nepal Credit and Commerce Bank Limited (NCCB) has received approval for Applications Supported by Blocked Amount (ASBA) system from SEBON. Now, investors having accounts in the bank will have their application amount blocked in their account itself, and only the allotted amount will be deducted after the allotment.

Issuing a press statement, the bank said that investors will be able to submit their application easily and will not have to spend hours in queue to submit their application, thereby saving a lot of time.",0.7653063535690308
2017-01-02,NRB hands over the management of NCC Bank back,https://www.sharesansar.com/newsdetail/nrb-hands-over-the-management-of-ncc-bank-back,"Nepal Rastra Bank has transferred the management of Nepal Credit and Commerce Bank back to the commercial bank today (Poush 18) after its successful merger with four other development banks.

NRB
had taken over the management
of the commercial bank on Magh 21, 2070. After its merger with Infrastructure Development Bank, Apex Development Bank, Supreme Development Bank and International Development Bank, and the
consequent joint transaction from Poush 17, 2073
acknowledged by NRB, the central bank has handed over the management back to the board of directors of NCC Bank as per the provision stated on the final merger agreement.",0.9022416472434998
2017-01-01,NCC Bank & 4 other dev. banks commencing joint transaction as Nepal Credit and Commerce Bank from today,https://www.sharesansar.com/newsdetail/ncc-bank-4-other-dev-banks-commencing-joint-transaction-as-nepal-credit-and-commerce-bank-from-today,"Nepal Rastra Bank had given the final approval for the merger of Infrastructure Development Bank, Apex Development Bank, Supreme Development Bank and International Development Bank Limited with Nepal Credit and Commerce Bank Limited on Mangsir 20, 2073. The joint operation of these five banks is starting from today (Poush 17, 2073).

The new entity is named “Nepal Credit and Commerce Bank Limited”, and is starting the integrated business from the first day of 2017 itself.",0.8225237131118774
2016-12-30,See how much capital commercial banks need to increase after their mergers and acquisitions,https://www.sharesansar.com/newsdetail/see-how-much-capital-commercial-banks-need-to-increase-after-their-mergers-and-acquisitions,"There are altogether 11 commercial banks that are undergoing mergers and acquisitions with development banks and finance companies.
Other 17 commercial banks
that are not going under mergers will have to increase their capital by issuing dividends and rights. Standard Chartered Bank will have to increase its capital by almost 100% after it issues its FPO. On the other hand, NMB Bank will have to issue around 5-9% after floating its FPO.

Prabhu Bank and Bank of Kathmandu Lumbini have completed their mergers and will increase their capital to Rs. 8 arba by issuing bonus and right shares. For 11 commercial banks that are undergoing mergers and acquisitions, ShareSansar has compiled a detailed list with their current paid up capital, capitals of the companies they are acquiring, and analyzed by how much they would need to increase the capital in FY 2073/74 to reach NRB’s minimum requirement.
Kumari Bank acquiring three development banks and one finance company
Kumari Bank is acquiring Kasthamandap Development Bank, Kakrebihar Bikas Bank, Mahakali Bikas Bank and Paschimanchal Finance. The swap ratio has not been fixed yet, however, we have assumed 90%. Kumari Bank has declared 50% right share in this fiscal year 2073/74 but has not announced any bonus to this date. Final paid up of the bank will only be known after the conduction of AGM.
If it does not issue any bonus from its profits in 2072/73, it will have to increase its capital by around 44% in 2073/74.
Nepal Credit and Commerce Bank merging with 4 development banks
NCC Bank is commencing joint transaction with other 4 development banks from January 1, 2017. It had received final approval from NRB on Mangsir 8. Infrastructure Development Bank, Apex Development Bank, Supreme Development Bank and International Development Bank are being acquired by NCC Bank. All 5 of the banks are yet to declare any dividend from their profits in 2072/73. However, APEX still has negative reserve, so it is unlikely to propose any dividend this year.
The bank will have to increase their capital by 72% to meet NRB’s minimum requirement. This value will be lower if they endorse any dividend this year.
Swap ratio for NIDC Capital Markets, Ace Development Bank, Triveni Bikas Bank and Bagmati Development Bank has been declared
Sunrise Bank had offered 33.33% bonus shares for the year 2072/73 and is going to issue 30% right share on the final paid up. After acquiring NIDC Capital Markets, the paid up capital of the merged entity is going to be Rs. 7.04 arba. However, this capital does not include the bonus amount NIDC Capital Markets might announce on its annual AGM.
Similarly, Ace Development Bank will be acquired by Nepal Investment Bank in the ratio 100:41. The capital of the merged entity will be Rs 9.2 arba. Global IME Bank will also comfortably reach over Rs. 8 arba in capital after acquiring Pacific Development Bank and Reliable Development Bank.
Janata Bank Nepal is merging with Triveni Bikas Bank. Although the swap ratio has not been declared, it is likely to be at 1:1. After their individual issues are allotted, their paid up capital will reach Rs. 4.47 arba. Next year, their paid up capital should be increased by around 78% to reach NRB’s minimum requirement of Rs. 8 arba.
Prime Commercial Bank will need to increase its capital by around 18%
After acquiring Biratlaxmi Bikas Bank and Country Development Bank, the merged entity will need to increase its paid up capital by Rs. 121.4 Crores. The swap ratio for both the development banks was assumed to be at 80% for this analysis.
Laxmi Bank acquiring Professional Diyalo Development Bank and issuing 100% right share
Laxmi Bank is yet to propose any dividend from its profits in FY 2072/73. After acquiring PRDBL in the ratio 100:50, its paid up capital will reach Rs. 3.15 arba. To meet NRB’s requirement of Rs. 4 arba by this FY 2072/73, Laxmi Bank will likely issue stock dividend around 20-25%. The merged entity will then further issue 100% right share. This way, their paid up capital will increase to Rs. 6.31 arba.
Next year, they will have to further issue around 27% to reach Rs. 8 arba.
Century Commercial Bank and Civil Bank will have to issue the highest amount of shares
Century Commercial Bank is acquiring two development banks: Innovative Development Bank and Araniko Development Bank. Swap ratio of 100:80:80 has been assumed for this analysis. This way, the merged entity will have to issue more than 86% of their capital to reach NRB’s requirement. However, they will have reached the minimum paid up capital required by this FY 2072/73 (Rs. 4 arba).

Similarly, Civil Bank’s paid up is likely to reach around Rs. 3.55 arba after acquiring Hama Merchant and Finance, and Unique Finance. Civil Bank has not announced any stock dividend yet. Its EPS in 2072/73 stood at just Rs. 10.75 per share while net worth at Rs.117.31.
Civil Bank will have to issue more than 125% to reach the minimum capital requirement by next year, or it risks corrective actions from NRB.
Also Read:
See how much capital commercial banks need to increase by this fiscal year to reach NRB’s requirement (with projected EPS)
Know which stocks to pick for short term investment as per beta coefficient analysis
Know which commercial banks’ stocks to buy in this decreasing market",0.47189146280288696
2016-12-30,NCC Bank commencing joint transaction with 4 other dev. banks after merger; joint operation from Poush 17,https://www.sharesansar.com/newsdetail/ncc-bank-commencing-joint-transaction-with-4-other-dev-banks-after-merger-joint-operation-from-poush-17,"Nepal Rastra Bank had given the final approval for the merger of Infrastructure Development Bank, Apex Development Bank, Supreme Development Bank and International Development Bank Limited with Nepal Credit and Commerce Bank Limited on Mangsir 20, 2073. The joint operation of these five development banks is starting from Poush 17, 2073 (January 1, 2017).

The new entity will be named “Nepal Credit and Commerce Bank Limited”, and will start the integrated business from the first day of 2017 itself.

ATM services, SMS, Internet and 365 Days banking services of the five banks will remain closed on the public holidays (Poush 15 and Poush 16) to integrate transactions and data of all banks into a single software.",0.9183324575424194
2016-11-14,"Mega Bank, NCC & Bank of Kathmandu Lumbini earns Rs 14.69 cr, 12.90 cr & Rs 27.09 cr in Q1 respectively",https://www.sharesansar.com/newsdetail/mega-bank-ncc-bank-of-kathmandu-lumbini-earns-rs-14-69-cr-12-90-cr-rs-27-09-cr-in-q1-respectively,"Mega Bank Nepal Limited (MEGA)
has posted a net profit rise of 74.21 percent in the first quarter (Q1) of the current fiscal year 2073/74.

As per the unaudited quarterly report for the first quarter today, the commercial bank has registered a net profit of Rs. 14.69 crore in the first quarter of the current fiscal year 2073/74, up from Rs. 8.43 crore in the corresponding quarter of fiscal year 2072/73.

Mega Bank has a paid up capital of Rs. 3.24 arba and reserve of Rs.1.11 arba at present.

Mega has collected Rs.36.77 arba in deposits and has extended Rs 31.81 arba in loans in the fourth quarter of 2073/74 as compared to Rs. 21.26 arba in deposits and Rs.18.44 arba in loans in the corresponding quarter of fiscal year 2072/73.

The bank’s non-performing loan decline to 1.08 percent in Q1 from 1.60 percent in corresponding quarter Its CD ratio stands at 79.14 percent.

Its annualized earning per share (EPS) stand at Rs 17.80, net worth per share is at Rs.134.31 and price earnings ratio (P/E) at 28.38 times.

Similarly
, Nepal Credit and Commerce Bank Limited (NCCB)
has earned a net profit of Rs.12.90 crore in the first quarter of the fiscal year 2073/74 compared to Rs 12.71 crore in the corresponding quarter of the previous fiscal year.

Publishing the unaudited financial report for Q1 today, the commercial bank’s deposit collection reached Rs.30.63 arba from Rs.25.62 arba in Q1 last year. It floated loans of Rs.25.34 arba, rising from Rs.21.62 arba of the corresponding quarter of the previous fiscal year.

The commercial bank’s net interest income reached to Rs.24.24 crore, increasing from Rs. 20.16 crore in Q1.

NCC Bank’s paid up capital remains at Rs.2.35 arba and with reserve of Rs.1.53 arba.

Its NPL dropped to 0.96 % from 1.81% in the first quarter of the current fiscal year.

NCC Bank’s EPS stands at Rs.21.69. Its net worth per share is Rs.165.15, and P/E ratio is at 16.71 times.

Likewise
, Bank of Kathmandu Lumbini Limited (BOKL)
has posted a net profit of Rs 27.09 crore for the first quarter of the fiscal year 2073/74. The net profit increased by 60.57 % as compared to the corresponding quarter of the previous fiscal year.

As per the unaudited financial report for the first quarter, the commercial bank has mobilized deposits of Rs 69.32 arba in Q1 increasing from Rs 40.16 arba in the corresponding quarter last year. It has extended loans of Rs 61.47 arba, increasing from Rs 34.18 arba

Bank of Kathmandu’s net interest income increased to Rs 62.50 crore from Rs 34.73 crore in the first quarter of 2073/74.

BOKL’s paid up capital remains at Rs4.57 arba with reserve and surplus of Rs 4.20 arba.

The commercial bank’s NPL has decreased to 1.12% from 3.57% as compared to the corresponding quarter of last fiscal year.

BOKL’s annualized EPS  now stands at Rs 23.68 , net worth per share at Rs 191.90, and P/E ratio (annualized) at 32.26 times.",-0.9090847969055176
2016-09-28,"Trading of Kumari bank likely to resume tomorrow; Vibor Society, Garima Bikas & Prabhu bank in process to resume trading",https://www.sharesansar.com/newsdetail/trading-of-kumari-bank-likely-to-resume-tomorrow-vibor-society-garima-bikas-prabhu-bank-in-process-to-resume-trading,"Kumari Bank Limited (KBL)
, NCC Bank Limited, (NCCB) Infrastructure Development Bank Ltd (IDBL), International Development Bank Ltd (INDBL), Apex Development Bank Ltd (APEX) and Supreme Development Bank Ltd (SUPRME) went into merger on January 13, 2016 and the merger of Kumari Bank was called off on July 15, 2016. The special General Meeting of Kumari had cancelled its merger with these BFIs. The scrip of Kumari Bank is still at halt at Nepal Stock Exchange Limited.

The swap ratio of NCC :Kumari :Infrastructure Development:Supreme Development: International Development: Apex Development bank had fixed at 100:100:77:77:73:48.

As per Narendra Prasad Chhatkuli, Company Secretary of Kumari Bank Limited, “The trading might resume from tomorrow most probably,”

We have completed the process to resume the trading and we expect the trading to start by tomorrow he added.

Recently, Kumari Bank had proposes to issue 50% right share to its shareholders. The decision is subjected to approval from the bank’s upcoming Special General Meeting (SGM) and its concerned authorities.

It’s paid up capital stands at Rs 2.69 arba. After issuance of 50% right share the paid up capital will rise to Rs 4.03 arba.

Likewise, Society Development Bank Limited had signed a memorandum of understanding with Vibor Bikas Bank Limited for merger on December 24, 2015 and the joint operation of the merged entity started on September 2, 2016 as
Vibor Society Development Bank Limited.
The trading of scrip of the bank is still at halt in Nepal Stock Exchange Limited.

The share swap ratio of both banks was fixed at 1:1.

Mr. Prajan Pradhan, Company Secretary of Vibor Society Development Bank Limited said, “We have completed the process to resume the trading and the trading will resume next week.”

Similarly
, Garima Bikas Bank Limited
had signed a memorandum of understanding with Subhechha Bikas Bank Limited for merger on April 20, 2016 and the joint operation of the merged entity started on September 20, 2016 as Garima Bikas Bank Limited.  The trading of scrip of the bank is still halted at Nepal Stock Exchange Limited.

The share swap ratio of both banks was fixed at 1:1.

As per the official of Garima Bikas Bank, it’s been 4 days that the company has sent letter to Nepal Rastra bank, most probably the trading will resume after Dashain festival.”

The trading of
Prabhu Bank Limited (PRVU)
has been halted in Nepse since September 30, 2015. It's been almost a year and the trading of shares of Prabhu Bank is still in halt though its merger process with Grand bank has been completed and joint operation started on February 12, 2016.

The swap ratio for the merger, which had been fixed in 121.45:65.58 means the shareholders holding 100 units shares of Prabhu Bank will get 21.45 shares in premium, and the shareholders holding 100 units of Grand Bank will get 65.58 shares of Prabhu Bank.

After merger with Grand Bank, Prabhu Bank’s Non-Performing Loan (NPL) increased more than 5%. Nepal Rastra Bank will not permit the bank to trade until its non-performing loan declines below 5%. The trading of Prabhu Bank has been halted due to the bank impotent to decrease its non-performing loan (NPL).

As per the company secretary of Prabhu Bank Mr. Amit Bhandari, we are still waiting for the clearance from Nepal Rastra Bank (NRB). After we get the approval from NRB, then we will apply for approval from SEBON and Nepse to start the trading.

We have completed all the procedure to list 20% right share in Nepal stock exchange. I think NEPSE will list the right share within 2 or 3 days added Mr. Bhandari.

Prabhu Bank had floated 20% right share to its existing shareholders on Falgun 16, 2072.",0.8620838522911072
2016-09-27,Know which commercial banks income is less riskier; NBB and SCB has more risk free income,https://www.sharesansar.com/newsdetail/know-which-commercial-banks-income-is-less-riskier-nbb-and-scb-has-more-risk-free-income,"Taking deposits and lending money is the basic function of a commercial bank. Banks usually charge higher interest on the money it lends than the interest it pays on deposits. The difference between interest earned and paid is called a bank’s net interest income. The income of banks in the form of net interest income is known as fund based income or funding income.

Banks provide a number of other services in addition to lending and depositing money. For example, they provide credit and debit cards to their customers. Banks also charge fees for processing loans, card services, and a host of other services. For all the services offered, banks charge certain fees. Income earned through fees and other charges is called non-interest income or non-funding income.

Net Interest Income contributes more than 75 percent to the overall banking income. Thus, net interest income plays a vital role in a bank’s performance. But contribution of non-funding income can’t be ignored since funding income has very much high risk. If any bank’s revenue stream has more non-interest income or non-funding income then we can consider that the particular bank has more diversified portfolio of income producing activities which signals low risk.
The total income of the industry is Rs 85.32 arba. The funding income of industry is Rs 65.45 arba occupying 77 percent and non-funding income remains Rs 19.86 arba which is 23 percent of the whole industry. Nepal Bangladesh Bank (NBB) and Standard Chartered Bank (SCB) have higher percentage of risk free income. 9 commercial banks risk free income is more than 25% and less than 30%while 7 banks risk free income is less than 25% and more than average industry’s income. 10 commercial banks risk-free income is below industry average.",0.876300036907196
2016-08-11,NCC & Prime Commercial Bank earns Rs 70.30 crore & Rs 1.12 arba respectively in Q4,https://www.sharesansar.com/newsdetail/ncc-prime-commercial-bank-earns-rs-70-30-crore-rs-1-12-arba-respectively-in-q4,"Nepal Credit and Commerce Bank Limited (NCCB)
has posted a net profit rise of 72.47 percent in the fourth quarter (Q4) of last fiscal year 2072/73.

As per the unaudited quarterly report for the fourth quarter today, the commercial bank has registered a net profit of Rs. 70.30 crore in the fourth quarter of last fiscal year 2072/73, up from Rs. 40.76 crore in the corresponding quarter of fiscal year 2071/72.

The profit is attributable to its core business as its net interest income surged from Rs. 1.18 arba in the previous year to Rs. 80.38 crore in previous year report.

The write back of provision for possible losses has increased to Rs 23.17 crore from Rs 10.80 crore as compared to the Q4 of last fiscal year. The higher write back and net interest income has propelled increase in the net profit of NCC bank.

NCC Bank has a paid up capital of Rs.  2.35 arba and has reserve of Rs. 1.28 arba at present.

NCC Bank has collected Rs. 30.36 arba in deposits and has extended Rs 24.89 arba in loans in the fourth quarter of 2072/73 as compared to Rs. 26.66 arba in deposit and Rs.21.44 arba in loans in the corresponding quarter of fiscal year 2071/72.

The bank’s non-performing loan decline to 0.90 percent in Q4 from 1.93 percent in corresponding quarter Its CD ratio stands at 79.48 percent.

Its annualized earning per share (EPS) stand at Rs. 29.88, net worth per share is at Rs.154.57 and price earnings ratio (P/E) at 12.15 times.

Nepal Credit and Commerce Bank Limited (NCCB), Infrastructure Development Bank Ltd (IDBL), International Development Bank Ltd (INDBL, Apex Development Bank Ltd (APEX) and Supreme Development Bank Ltd (SUPRME) are in the merger process.

Likewise,
Prime Commercial  Bank Limited (PCBL)
has posted rise in net profit  by  51.32 % in the fourth quarter for the fiscal year 2072/73.The commercial bank has earned  net profit of Rs.1.12  arba  in Q4 increasing from Rs.74.55 crore in the corresponding quarter of the previous fiscal year.

Publishing the unaudited financial report for the fourth quarter today, the commercial bank has stated that its  net interest income has risen to Rs 1.58 arba in Q4 from Rs1.38 arba in previous quarter.

It has collected deposits of Rs.48.35 arba in Q4 up from Rs.41 arba in the corresponding quarter of the previous fiscal year. Likewise, it has floated loans of Rs.40.28 arba , up from Rs.32.61 arba.

Prime Bank has a paid up capital of Rs.3.70 arba and reserve and surplus stands at Rs.1.75 arba. It has an operating profit of Rs.1.50 arba.

The commercial bank’s non- performing loan (NPL) dropped to 1.23 % in Q4 from 1.83 % in the previous quarter.

Its EPS now stands at Rs 30.45, net worth per share at Rs. 147.39, and P/E ratio at  24.50 times.",-0.8981679081916809
2016-08-07,Outstanding profit growth of Janata & Kumari Bank by 116.39% & 87.47% respectively in Q4,https://www.sharesansar.com/newsdetail/outstanding-profit-growth-of-janata-kumari-bank-by-116-39-87-47-respectively-in-q4,"Janata Bank Nepal Limited (JBNL
) has registered massive profit rise of 116.39 percent in the fourth quarter of the last fiscal year 2072/73.

According to the unaudited financial report published by the commercial bank today, its net profit has surged to Rs 32.53 crore in third quarter up from Rs. 15.03 crore in the corresponding quarter of the last fiscal year 2071/72.

Janata Bank’s net interest income has risen to Rs 74.76 crore in Q4 as compared to Rs 60.45 crore in the corresponding quarter. The bank operating profit has increasd by 160 percent.

It’s paid up capital remains at Rs 2.06 arba with reserve of 6.22 crore in Q4 .

The bank also amassed huge amount of deposits in the Q4 of the ongoing fiscal year. Deposits collection reached Rs 24.06 arba in Q4 from Rs 22.92 arba in the corresponding period last year.

Likewise, it has extended loans and advances of Rs 20.47 arba in Q4 whereas in the same period last year the figure stood at Rs 18.51 arba.

Its non-performing loan has drop to 1.15percent in Q4 up from 1.86 percent in the previous year report.

Its Earning per share (EPS) stand at Rs 15.79, net worth per share at 130.24  , and the P/E ratio at 28  times.
Kumari Bank Limited (KBL)
registered profit rise of 87.47 percent in the fourth quarter of the current fiscal year 2072/73. Its net profit increased to Rs. 74.01 crore in Q4 up from Rs 39.47 crore in the corresponding quarter.

Publishing the unaudited financial report for Q4 today, the commercial bank’s deposit collection reached Rs. 37.95 arba in fourth quarter from Rs. 33.42 arba last year. It floated loans of Rs.30.11 arba, rising from Rs. 27.07 arba of the corresponding quarter of the previous fiscal year.

The commercial bank’s net interest income reached to Rs. 1.17 arba, increasing from Rs. 92.57 crore in corresponding quarter.

Kumari Bank’s paid up capital remains at Rs. 2.69 arba and with reserve of Rs 1.38 arba.

The commercial bank has an operating profit of Rs.13.37 crore.

Its NPL dropped to 1.11 % in Q4 from 2.49 % in the corresponding quarter.

Kumari Bank’s EPS stands at Rs. 27.42 and net worth per share is at Rs. 151.43
Kumari Bank Limited has cancelled its merger with NCC Bank Limited. Kumari Bank was to merge with five financial institutions which were NCC Bank Limited, Infrastructure Development Bank Ltd (IDBL), International Development Bank Ltd (INDBL, Apex Development Bank Ltd (APEX)and Supreme Development Bank Ltd (SUPRME).",-0.9182682633399963
2016-07-15,Kumari Bank SGM today; to endorse merger with NCC Bank & 4 Development banks,https://www.sharesansar.com/newsdetail/kumari-bank-sgm-today-to-endorse-merger-with-ncc-bank-4-development-banks,"Kumari Bank Limited (KBL) is convening its Special General Meeting (SGM) today (Ashad 31, 2072). The SGM is going to be held at Amritbhog, Kalikasthan, Dillibazar, Kathnmandu at 11:00 AM.

The main agenda of the SGM are:
Authorized BOD to initiate merger process with Apex Development Bank Limited (APEX), International Development Bank Limited (INDBL) , Nepal Credit and Commerce Bank Limited (NCCB), Infrastructure Development Bank Limited (IDBL) , and Supreme Development Bank Limited (SUPREME).
To appoint auditor to do Due Diligence Audit for the purpose of merger process.
The Due Diligence Audit Report (DDA) has set the value of Kumari Bank, NCC bank and other development banks. The share swap ratio of Kumari and NCC Bank has been fixed at 1:1, Infrastructure Dev Bank:NCC Bank at 1:0.77, Apex Dev Bank : NCC Bank at 1:0.48, International Dev Bank : NCC Bank at 1:0.73
Authorized BOD to take necessary step as per the direction of regualtory bodies like company registrar office, Nepal Rastra Bank, Sebon, Nepse and CDS and clearing Limited for the merger process of Apex NCC, KBL, IDBL, INDBL and SUPREME.
Authorized BOD to take necessary step as per the direction of regualtory bodies like company registrar office, Nepal Rastra Bank, Sebon, Nepse and CDS and clearing Limited for the merger process of Apex, NCCB, KBL, IDBL, INDBL and SUPREME.
The share transaction of the banks has been halted in Nepal Stock Exchange for the following the merger process.

Kumari bank has earned net profit of Rs 35.49 crore in the third quarter of the fiscal year 2072/73.  If the current merger process goes as planned, the paid-up capital of the merged entity will reach Rs 8.21 arba.",0.8552453517913818
2016-07-13,Nepal Credit & Commerce Bank SGM today; To endorse merger with Kumari Bank & 4 Dev. Banks,https://www.sharesansar.com/newsdetail/nepal-credit-commerce-bank-sgm-today-to-endorse-merger-with-kumari-bank-4-dev-banks,"Nepal Credit & Commerce Bank Limited (NCCB) is convening its Special General Meeting (SGM) today (Ashad 29, 2073).  The SGM is going to be held at Hotel Nirvana Conference Hall, Paklihawa Road, Siddharthanagar, Rupandehi at 11:00 AM.

Main agendas of the SGM are:
Authorized BOD to initiate merger process with Apex Development Bank Limited (APEX), International Development Bank Limited (INDBL), Kumari Bank Limited (KBL), Infrastructure Development Bank Limited (IDBL) , and Supreme Development Bank Limited (SUPREME).
To appoint auditor to do Due Diligence Audit for the purpose of merger process.
The Due Diligence Audit Report (DDA) has set the value of NCC Bank and other development banks. The share swap ratio of NCC and Kumari Bank has been fixed at 1:1, Infrastructure Dev Bank:NCC Bank at 1:0.77, Apex Dev Bank : NCC Bank at 1:0.48, International Dev Bank : NCC Bank at 1:0.73
Authorized BOD to take necessary step as per the direction of regualtory bodies like company registrar office, Nepal Rastra Bank, Sebon, Nepse and CDS and clearing Limited for the merger process of Apex NCC, KBL, IDBL, INDBL and SUPREME.
After the merger process to amend article of association and memorandum of association as per directed by registrar officer or Nepal Rastra Bank.
The share transaction of the banks has been halted in Nepal Stock Exchange for the following the merger process.

NCC Bank has earned a net profit of Rs 3.73 crore for the third quarter of the fiscal year 2072/73.",0.8130730986595154
2016-07-12,International Dev.  Bank SGM approved merger with five BFIs; swap ratio with NCC fixed at 1:0.73,https://www.sharesansar.com/newsdetail/international-dev-bank-sgm-approved-merger-with-five-bfis-swap-ratio-with-ncc-fixed-at-10-73,"International Development Bank Limited (INDBL) has successfully conducted its Special General Meeting (SGM) today.

The SGM has approved merger process with Apex Development Bank Limited (APEX), Nepal Credit and Commerce Bank Limited (NCCB) , Kumari Bank Limited (KBL), Infrastructure Development Bank Limited (IDBL) ,  and Supreme Development Bank Limited (SUPREME).

The SGM has fixed share swap ratio of International Development Bank and Nepal Credit and Commerce Bank Limited at 1:0.73.

International Development Bank has earned a net profit of Rs 5.6 crore for the third quarter of the fiscal year 2072/73.",0.6846624612808228
2016-06-27,Kumari Bank SGM on Ashad 31; to endorse merger with NCC Bank & 4 Development Banks,https://www.sharesansar.com/newsdetail/kumari-bank-sgm-on-ashad-31-to-endorse-merger-with-ncc-bank-4-development-banks,"Kumari Bank Limited (KBL) will be convening its Special General Meeting (SGM) on Ashad 31, 2073. The SGM is going to be held at Amritbhog, Kalikasthan, Dillibazar, Kathnmandu at 11:00 AM.

The main agenda of the SGM are:
Authorized BOD to initiate merger process with Apex Development Bank Limited (APEX), International Development Bank Limited (INDBL) ,Nepal Credit and Commerce Bank Limited (NCCB), Infrastructure Development Bank Limited (IDBL) , and Supreme Development Bank Limited (SUPREME).
To appoint auditor to do Due Diligence Audit for the purpose of merger process.
The Due Diligence Audit Report (DDA) has set the value of Kumari Bank, NCC bank and other development banks. The share swap ratio of Kumari and NCC Bank has been fixed at 1:1, Infrastructure Dev Bank:NCC Bank at 1:0.77, Apex Dev Bank : NCC Bank at 1:0.48, International Dev Bank : NCC Bank at 1:0.73
Authorized BOD to take necessary step as per the direction of regualtory bodies like company registrar office, Nepal Rastra Bank, Sebon, Nepse and CDS and clearing Limited for the merger process of Apex NCC, KBL, IDBL, INDBL and SUPREME.
Authorized BOD to take necessary step as per the direction of regualtory bodies like company registrar office, Nepal Rastra Bank, Sebon, Nepse and CDS and clearing Limited for the merger process of Apex, NCCB, KBL, IDBL, INDBL and SUPREME.
The share transaction of the banks has been halted in Nepal Stock Exchange for the following the merger process.

Kumari bank has earned net profit of Rs 35.49 crore in the third quarter of the fiscal year 2072/73. If the current merger process goes as planned, the paid-up capital of the merged entity will reach Rs 8.21 arba.",0.8220019936561584
2016-06-23,SGM of Nepal Credit & Commerce bank on Ashad 29; To endorse merger with Kumari Bank & 5 dev banks,https://www.sharesansar.com/newsdetail/sgm-of-nepal-credit-commerce-bank-on-ashad-29-to-endorse-merger-with-5-dev-banks,"Nepal Credit & Commerce Bank Limited (NCCB) will be convening its Special General Meeting (SGM) on Ashad 29, 2073.  The SGM is being held at Hotel Nirvana Conference Hall, Paklihawa Road, Siddharthanagar, Rupandehi at 11:00 AM.

Main agendas of the SGM are:
Authorized BOD to initiate merger process with Apex Development Bank Limited (APEX), International Development Bank Limited (INDBL) , Kumari Bank Limited (KBL), Infrastructure Development Bank Limited (IDBL) , and Supreme Development Bank Limited (SUPREME).
To appoint auditor to do Due Diligence Audit for the purpose of merger process.
The Due Diligence Audit Report (DDA) has set the value of NCC Bank and other development banks. The share swap ratio of NCC and Kumari Bank has been fixed at 1:1, Infrastructure Dev Bank:NCC Bank at 1:0.77, Apex Dev Bank : NCC Bank at 1:0.48, International Dev Bank : NCC Bank at 1:0.73
Authorized BOD to take necessary step as per the direction of regualtory bodies like company registrar office, Nepal Rastra Bank, Sebon, Nepse and CDS and clearing Limited for the merger process of Apex NCC, KBL, IDBL, INDBL and SUPREME.
After the merger process to amend article of association and memorandum of association as per directed by registrar officer or Nepal Rastra Bank.
The share transaction of the banks has been halted in Nepal Stock Exchange for the following the merger process.

NCC Bank has earned a net profit of Rs 3.73 crore for the third quarter of the fiscal year 2072/73.",0.8011241555213928
2016-06-23,International & Infrastructure Dev Bank SGM on Ashad 28 respectively; to endorse merger with 5 BFIs,https://www.sharesansar.com/newsdetail/international-infrastructure-dev-bank-sgm-on-ashad-28-respectively-to-endorse-merger-with-5-bfis,"International Development Bank Limited (INDBL)
will be convening its Special General Meeting (SGM) on Ashad 28, 2073.  The SGM is going to be held at Maitri Hall Indreni Complex, Naya Baneswor, Kathmandu at 11:00 AM.

Main agendas of the SGM are:
Authorized BOD to initiate merger process with Apex Development Bank Limited (APEX), Nepal Credit and Commerce Bank Limited (NCCB) , Kumari Bank Limited (KBL), Infrastructure Development Bank Limited (IDBL) , and Supreme Development Bank Limited (SUPREME).
To appoint auditor to do Due Diligence Audit for the purpose of merger process.
The Due Diligence Audit Report (DDA) has set the value of International Dev Bank and Nepal Credit and commerce Bank which will be100:73. To approve Share Swap ratio as 1:0.73.
Authorized BOD to take necessary step as per the direction of regualtory bodies like company registrar office, Nepal Rastra Bank, Sebon, Nepse and CDS and clearing Limited for the merger process of Apex NCC, KBL, IDBL, INDBL and SUPREME.
After the merger process to amend article of association and memorandum of association as per directed by registrar officer or Nepal Rastra Bank.
The share transaction of the banks has been halted in Nepal Stock Exchange for the following merger process since Mangsir 13, 2072.

International Development Bank has earned a net profit of Rs  5.6 crore for the third quarter of the fiscal year 2072/73.

Likewise
, Infrastructure Development Bank Limtied (IDBL)
will be convening its Special General Meeting (SGM) on Ashad 28, 2073.  The SGM is being held at Lainchaur Banquet, Lainchaur, Kathmandu at 11:00 AM.

Main agendas of the SGM are:
Authorized BOD to initiate merger process with Apex Development Bank Limited (APEX), Nepal Credit and Commerce Bank Limited (NCCB) , Kumari Bank Limited (KBL),) , International Development Bank Limited (INDBL) and Supreme Development Bank Limited (SUPREME).
To appoint auditor to do Due Diligence Audit for the purpose of merger process.
The Due Diligence Audit Report (DDA) has set the value of International Dev Bank and Nepal Credit and commerce Bank which will be100:77. To approve Share Swap ratio as 1:0.77.
Authorized BOD to take necessary step as per the direction of regualtory bodies like company registrar office, Nepal Rastra Bank, Sebon, Nepse and CDS and clearing Limited for the merger process of Apex NCC, KBL, IDBL, INDBL and SUPREME.
After the merger process to amend article of association and memorandum of association as per directed by registrar officer or Nepal Rastra Bank.
Infrastructure Development Bank has earned a net profit of Rs 9.96 crore for the third quarter of the fiscal year 2072/73.",0.8423069715499878
2016-06-14,Swap ratio of NCC:Kumari at 1:1; joint operation to commence from Kartik,https://www.sharesansar.com/newsdetail/swap-ratio-of-ncckumari-at-11-joint-operation-to-commence-from-kartik,"Nepal Credit and Commerce Bank Limited (NCCB), Kumari Bank Limited (KBL), Infrastructure Development Bank Ltd (IDBL), International Development Bank Ltd (INDBL, Apex Development Bank Ltd (APEX)and Supreme Development Bank Ltd (SUPRME) are in the merger process. DDA report of these banks has been made ready.

Based on the DDA report the swap ratio of NCC:Kumari:Infrastructure Development:Supreme Development: International Development: Apex Development bank has been fixed at 100:100:77:77:73:48.

These banks will be finishing the merger process by Ashad. The merged entity will be commencing its joint operation from the month of Kartik.

If the current merger process goes as planned, the paid-up capital of the merged entity will reach Rs 7.25 arba. After the distribution of bonus share of the net profit of the ongoing fiscal year, the paid up will cross Rs. 8 arba.",0.9125021696090698
2016-05-24,4 Commercial Banks & 2 other companies listed 1.68 cr units bonus share for trading;  21.21 lakh units preferential shares of Taragaon Regency Hotel listed,https://www.sharesansar.com/newsdetail/4-commercial-banks-2-other-companies-listed-1-68-cr-units-bonus-share-for-trading-taragaon-regency-hotel-converts-21-21-lakh-units-preferential-shares-into-ordinary-shares,"Nepal Stock Exchange Limited (NEPSE) has listed 1, 68, 49, 118 units of bonus share of six different companies today (Jestha 11, 2073) for trading. Also 21, 21, 750 units preference shares of Taragaon Regency Hotels Limited converted into ordinary share and has been listed for trading. Investors holding the bonus shares of these six companies can sell their shares from now onward.

The shares of following companies have been listed in NEPSE for trading:
Listing of Bonus Shares of
Century Commercial Bank
Ltd
19, 08, 000 units bonus share of Century Commercial Bank Ltd. has been listed for trading.
Listing of Bonus Shares of
Mega Bank
Nepal Ltd
26, 09, 600 units Bonus share of Mega Bank Nepal Ltd. has been listed for trading.
Listing of Bonus Shares of
Nepal SBI Bank
Ltd
82, 55, 458 units Bonus share of Nepal SBI Bank Ltd. has been listed for trading.
Listing of Bonus Shares of Nepal
Credit and Commercial Bank
Ltd
32, 45,760 units Bonus share of Nepal Credit and Commerce Bank Ltd. has been listed for trading.
Listing of Bonus Shares of
Summit Microfinance Development Bank
Ltd
1, 47, 200 units bonus share of Summit Microfinance Development Bank Ltd. has been listed for trading.
Listing of Converted share of Taragaon Regency Hotels Ltd
21,21,750 units Preferential share of Taragaon Regency Hotels Ltd. converted to ordinary share has been listed for trading.
Listing of Bonus Shares of
NLG Insurance Company
Ltd
6, 83,100 units bonus share of NLG Insurance Co. Ltd. has been listed for trading.",0.9136216640472412
2016-05-15,Kumari Bank profit accelerates by 41.23% in Q3; EPS at Rs 19.43; merger process with NCC & 4 other banks,https://www.sharesansar.com/newsdetail/kumari-bank-profit-accelerates-by-41-23-eps-at-rs-19-43-merger-process-with-ncc-4-other-banks,"Kumari Bank Limited (KUBL) has registered net profit growth by 41.23% in the third quarter of the fiscal year 2072/73.The commercial bank earned net profit of Rs 35.49 crore in the current fiscal year. The figure stood at Rs 25.13 crore in the corresponding quarter of the previous fiscal year.
Publishing the unaudited financial report for Q3 today, it stated that the commercial bank’s net interest income increased  to Rs.75.04 crore in Q3 from Rs.67.06 crore in the corresponding quarter of the last fiscal year.
Kumari Bank’s paid up capital remains at Rs.2.69 arba and has a reserve of Rs.1 arba.

The commercial bank has collected deposits of Rs.34.82 arba from Rs.31.22 arba in Q3. It floated loans of Rs.28.69 arba, rising from Rs.26.69 arba of the corresponding quarter of the previous fiscal year.
The commercial bank has an operating profit of Rs.43.81 crore. It managed to write back Rs 15.70 crore in this quarter compared to Rs 8.70 crore in previous year corresponding quarter.

Its NPL dropped to 2.03% from 3.98 % in the third quarter.

Kumari Bank’s annualized EPS stands at Rs.19.43. (The company has showed a rolling average EPS of Rs.19.43). Its net worth per share is Rs.137.16.
Kumari Bank Limited (KBL), Nepal Credit and Commerce Bank Limited (NCCB), Infrastructure Development Bank Ltd (IDBL), International Development Bank Ltd (INDBL, Apex Development Bank Ltd (APEX)and Supreme Development Bank Ltd (SUPRME) are in the merger process.

The banks are planning to finish the merger process by Ashad end",-0.5908641815185547
2016-05-12,"DDA report of NCC, Kumari, and other four development banks fixed; swap ratio of NCC:Kumari stands at Rs 100:98",https://www.sharesansar.com/newsdetail/daa-report-of-ncc-kumari-and-other-four-development-banks-fixed-swap-ratio-of-ncckumari-stands-at-rs-10098,"Nepal Credit and Commerce Bank Limited (NCCB), Kumari Bank Limited (KBL), Infrastructure Development Bank Ltd (IDBL), International Development Bank Ltd (INDBL, Apex Development Bank Ltd (APEX)and Supreme Development Bank Ltd (SUPRME) are in the merger process. DDA report of these banks has been made ready. DDA report of all the merging banks was presented at a joint meeting held on Wednesday.

As per a source, the DDA report has fixed the share price of NCC Bank at Rs 160 per unit, the share price of Kumari Bank is at Rs 157 per unit.

The share price of Infrastructure Development Bank has been fixed at 122 per unit, the share price of Supreme Development Bank is at 119 per unit, the share price of International Development Bank is at Rs 114 per unit and share price of Apex Development Bank has been fixed below 100 per unit.

The probable swap ratio of NCC:Kumari:Infrastructure Development:Supreme Development: International Development: Apex Development bank stands at 100:98:76.25:74.37:72.25:60. The merged entity will be given a new name. There can be some changes in swap ratio as per the MOU.

Now, these banks will be applying for approval of merger from Nepal Rastra Bank (NRB).The banks are planning to finish the merger process by Ashad, 2073.

As per Monetary Policy 2072/73, Commercial Banks need to increase their capital to Rs 8 arba by the end of Ashad of the Fiscal Year 2074. If the current merger process goes as planned, the paid-up capital of the merged entity will reach Rs 8.25 arba.",0.9136152863502502
2016-03-11,NCC & Kumari Bank separate AGM today; To endorse 16% & 11% stock dividend respectively,https://www.sharesansar.com/newsdetail/ncc-kumari-bank-separate-agm-today-to-endorse-16-11-stock-dividend-respectively,"Nepal Credit and Commerce Bank Limited (NCCB)
is holding its 18th Annual General Meeting (AGM) today (Falgun 28, 2072). The AGM is going to be held at Nirvana Hotel, Siddhartha Nagar, Rupandehi at 10 AM.

The main agenda of the AGM are:
To endorse 16 percent bonus share and 0.84 percent cash dividend (for tax purpose) to its shareholders from the net profit earned in the last fiscal year 2071/72. The fractional bonus share will be rounded to the nearest whole number.
As per 16
th
& 17
th
AGM decision of merger/acquisition, memorandum of understanding (MOU) was signed on Mangsir 11, 2072 to Poush 27, 2072, for the same purpose the article of association and memorandum of association will be amended after the completion of merger/acquisition process.
Authorize BOD to amend article of association and memorandum of understanding as per directed by registrar officer or the Nepal Rastra Bank.
Other main agendas of the AGM include financial highlights of 2071/72 and appointment of auditor.

NCCB has earned net profit of Rs 24.68 crore in the second quarter of the fiscal year 2072/73. It’s paid up capital remains at Rs 2.02 arba. After distributing 16 percent bonus share it’s paid up capital will rise to Rs.2.34 arba.

Likewise,
Kumari Bank Limited (KBL)
is convening its 15
th
Annual General Meeting (AGM) today. The AGM is going to be held at Lainchor Banquet, Nepal Scout Compound, Lainchor, Kathnmandu at 11:00 AM.

The main agenda of the AGM is to endorse 11 percent bonus share and 0.58 percent cash dividend (for tax purpose) to its shareholders from the net profit earned in the last fiscal years 2071/72. To provide rights to BOD for the amendment of article of association as per requirement to achieve the objective of bank.

The others agendas of the meeting includes financial highlights of 2071/72 and appointment of auditor.

Kumari bank has earned net profit of Rs 21.01 crore in the second quarter of the fiscal year 2072/73. It’s paid up capital remains at Rs 2.43 arba and after distributing 11 percent bonus share it’s paid up capital will rise to Rs.2.69 arba.

Kumari Bank, Infrastructure Development Bank Ltd, International Development Bank, Apex Development Bank Ltd, Supreme Development Bank and Nepal Credit and Commerce Bank have signed a memorandum of understanding (MoU) to enter into a merger process.

If the current merger process goes as planned, the paid-up capital of the merged entity will reach Rs 8.21 arba.",0.9235950708389282
2016-02-18,NCC & Kumari Bank separate AGM on Falgun 28; To endorse 16% & 11% stock dividend respectively,https://www.sharesansar.com/newsdetail/ncc-kumari-bank-separate-agm-on-falgun-28-to-endorse-16-11-stock-dividend-respectively,"Nepal Credit and Commerce Bank Limited (NCCB)
will be holding its 18th Annual General Meeting (AGM) on Falgun 28, 2072. The AGM will be held at Nirvana Hotel, Siddhartha Nagar, Rupandehi at 10 AM.

The main agenda of the AGM are:
To endorse 16 percent bonus share and 0.84 percent cash dividend (for tax purpose) to its shareholders from the net profit earned in the last fiscal year 2071/72.
As per 16
th
& 17
th
AGM decision of merger/acquisition, memorandum of understanding (MOU) was signed on Mangsir 11, 2072 to Poush 27, 2072, for the same purpose the article of association and memorandum of association will be amended after the completion of merger/acquisition process.
Authorize BOD to amend article of association and memorandum of understanding as per directed by registrar officer or the Nepal Rastra Bank.
Other main agendas of the AGM include financial highlights of 2071/72 and appointment of auditor.

NCCB has earned net profit of Rs 24.68 crore in the second quarter of the fiscal year 2072/73. It’s paid up capital remains at Rs 2.02 arba. After distributing 16 percent bonus share it’s paid up capital will rise to Rs.2.34 arba.

For the purpose of merger the trading of NCC bank was halted on Mangsir 13, 2072.  The bank have assumed book closure date on the same day. Only those shareholders who have bought the share before Mangsir 13 will get the bonus share.

Likewise,
Kumari Bank Limited (KBL)
will be convening its 15
th
Annual General Meeting (AGM) on Falgun 28, 2072. The AGM will be held at Lainchor Banquet, Nepal Scout Compound, Lainchor, Kathnmandu at !!:00 AM.

The main agenda of the AGM is to endorse 11 percent bonus share and 0.58 percent cash dividend (for tax purpose) to its shareholders from the net profit earned in the last fiscal years 2071/72. To provide rights to BOD for the amendment of article of association as per requirement to achieve the objective of bank.

The others agendas of the meeting includes financial highlights of 2071/72 and appointment of auditor.

The trading of shares of KBL was halted on Poush 30, 2072 for the purpose of merger. The bank has considered book closure date as Poush 30 and only those shareholders  who have bought the shares till Poush 29 will get the bonus share.

Kumari bank has earned net profit of Rs 21.01 crore in the second quarter of the fiscal year 2072/73. It’s paid up capital remains at Rs 2.43 arba and after distributing 11 percent bonus share it’s paid up capital will rise to Rs.2.69 arba.

Kumari Bank, Infrastructure Development Bank Ltd, International Development Bank, Apex Development Bank Ltd, Supreme Development Bank and Nepal Credit and Commerce Bank have signed a memorandum of understanding (MoU) to enter into a merger process.

If the current merger process goes as planned, the paid-up capital of the merged entity will reach Rs 8.21 arba.",0.9022296071052551
2016-02-16,"NCC Bank earns Rs 24.68 crore in Q2; NPL decreases by 41% to 1.30% , Paid up capital to reach Rs 8.21 arba after merger",https://www.sharesansar.com/newsdetail/ncc-bank-earns-rs-24-68-crore-in-q2-npl-decreases-by-41-to-1-30-paid-up-capital-to-reach-rs-8-21-arba-after-merger,"Nepal Credit and Commerce Bank Limited (NCCB) have reported a net profit of Rs 24.68 crore for the second quarter of the fiscal year 2072/73. The net profit has slightly increased by 3.19 percent in this quarter compared to the net profit of the corresponding quarter of the previous fiscal year.
Publishing the unaudited financial report for the second quarter today, the commercial stated that its net interest income increased to 50.53 crore in Q2 up from Rs 40.71 crore in the corresponding quarter of the previous fiscal year 2071/72.

NCC Bank has collected deposits equals Rs 26.63 arba in Q2. Likewise, it disbursed loans of Rs 21.72 arba . The figure of deposits and disbursed loan amount was Rs 22.38 arba and Rs 19.16 arba respectively in the corresponding quarter of the previous fiscal year.

It has posted an operating profit of Rs 23.43 crore decreasing from 24.52 crore.

The NPL of the bank has dropped by 41.17% to 1.30 % from 2.21 % as compared to the corresponding quarter of last fiscal year.

NCC Bank has paid up capital of Rs 2.02 arba with reserve of Rs 1.17 arba in Q2.
Its EPS  currently stands at Rs 24.42, net worth per share at Rs 158.14, and P/E ratio at 18.06  times.
Kumari Bank, Infrastructure Development Bank Ltd, International Development Bank, Apex Development Bank Ltd, Supreme Development Bank and Nepal Credit and Commerce Bank have signed a memorandum of understanding (MoU) to enter into a merger process.

If the current merger process goes as planned, the paid-up capital of the merged entity will reach Rs 8.21 arba.",-0.03881955146789551
2016-01-18,Kumari Bank declares 11% stock dividend; Paid up capital will reach Rs. 2.69 arba,https://www.sharesansar.com/newsdetail/kumari-bank-declares-11-stock-dividend-paid-up-capital-will-reach-2-69-arba,"Kumari Bank Limited (KBL) has announced 11 percent bonus share and 0.58 percent cash dividend for tax purpose to its shareholders.

The BOD meeting held yesterday (Magh 3, 2072) has proposed 11 percent bonus share and 0.58 percent cash dividend (tax purpose) to its shareholders from the net profit it earned in the last fiscal year 2071/72.

The decision is subjected to approval from Nepal Rastra Bank and the Bank’s upcoming Annual General Meeting (AGM).

Last year, KBL had distributed 33% bonus share to its shareholders from the profit it made in 2070/71 FY.

Kumari Bank has earned net profit of Rs 4.86 crore in the first quarter of the fiscal year 2072/73 as per unaudited report. It’s paid up capital stands at 2.43 arba and after the issuance of 11% bonus share the paid up capital will rise to Rs 2.69 arba.

Kumari Bank and Nepal Credit and Commerce Bank have signed a memorandum of understanding (MoU) to enter into a merger process.",-0.5547043085098267
2016-01-14,NCC & Kumari Bank signed MOU for merger; Paid up to reach Rs 8.21 arba,https://www.sharesansar.com/newsdetail/ncc-kumari-bank-signed-mou-for-merger-paid-up-to-reach-rs-8-21-arba,"Nepal Credit and Commerce Bank Limited (NCCB) and Kumari Bank Limited (KBL) have signed a memorandum of understanding (MoU) to enter into a merger process. On Wednesday, the two commercial banks signed a merger deal.

Infrastructure Development Bank Ltd, International Development Bank, Apex Development Bank Ltd and Supreme Development Bank have already signed similar merger deal with the NCC Bank.
The Nepal Rastra Bank (NRB) took over the NCC management suspending its board on Magh 21 2070, the NRB had already extended the term’s stay thrice. Currently NCC bank is under the supervision of central bank after dispute between two promoter groups threatened financial health of the bank.

If the merger process of NCC goes as planned with other BFIs, the NCC bank would no longer be under direct supervision of  the central bank after electing new BoD.

As per Monetary Policy 2072/73, Commercial Banks need to increase their capital to Rs 8 arba by the end of Ashad of the Fiscal Year 2074. If the current merger process goes as planned, the paid-up capital of the merged entity will reach Rs 8.21 arba.",0.6108847260475159
2016-01-07,Nepal Credit and Commerce Bank announces 16% stock dividend; Paid up to reach Rs 2.41arba,https://www.sharesansar.com/newsdetail/nepal-credit-and-commerce-bank-announces-16-stock-dividend-paid-up-to-reach-rs-2-41arba,"Nepal Credit and Commerce Limited (NCCB) has decided to distribute 16 percent bonus share and 0.84 percent cash dividend for tax purpose.

The 517
th
BOD Meeting of the company held on Poush 22 has proposed 16 percent bonus share and 0.84 percent cash dividend for tax purpose to its shareholders from the net profit it earned in the last fiscal year 2071/72.

The decision is subjected to approval from Nepal Rastra Bank and the Bank’s upcoming Annual General Meeting (AGM).

Earlier, NCCB had distributed 38 percent bonus share and 2 percent cash dividend in the fiscal year 2071/72.

As per unaudited report NCCB has earned net profit of Rs 12.71 crore in the first quarter of the fiscal year 2072/73. It’s paid up capital remains at Rs 2.08 arba. After distributing 16 percent bonus share it’s paid up capital will rise to Rs.2.41 arba.",0.79261314868927
2015-11-27,NCC set to merge with four national level development bank; Merger to complete by Chaitra,https://www.sharesansar.com/newsdetail/ncc-set-to-merge-with-four-national-level-development-bank-merger-to-complete-by-chaitra,"Four national level development banks have signed Memorandum of Understanding (MoU) to merge with Nepal Credit and Commerce Bank (NCC). NCC is merging with International Development Bank, Infrastructure development bank, Apex Development Bank and Supreme Development Bank.

These five banks have signed a Memorandum of Understanding (MoU) on Friday (today). The MoU were signed by the Chairman and BoD members of the respective banks. At present NCC Bank is under the control of Nepal Rastra Bank.

As per Laxmi Prapanna Niraula, Managing director of the NRB, all the process related with the merger will be completed by the end of Chaitra, 2072. The merge process cannot be cancelled.

After the merger, the merged entity will have a paid up capital of Rs 5.3 arba, deposits of Rs 47 arba and loan extension of Rs 38 arba. The merged entity will have 38 branches with 900 employees.

The merged entity will have the name of Nepal Credit and Commerce Bank (NCC).",0.8260989189147949
2015-11-18,Janata & NCC Bank Q1 earning surged by 62.24% & 23.67% in respectively,https://www.sharesansar.com/newsdetail/janata-ncc-bank-q1-earning-surged-by-62-24-23-67-in-respectively,"Janata Bank Nepal Limited (JBNL
) has registered massive profit rise of 62.24 percent in the first quarter of the last fiscal year 2072/73.

According to the unaudited financial report published by the commercial bank today, its net profit has surged to Rs 13.79 crore in first quarter up from Rs. 8.50 crore in the corresponding quarter of the last fiscal year 2071/72.

Janata Bank’s net interest income has risen to Rs 60.45 crore in Q1 as compared to Rs 53.71 crore in the corresponding quarter. It’s paid up capital remains at Rs 2.06 arba.

The bank also amassed huge amount of deposits in the Q1 of the ongoing fiscal year. Deposits collection reached Rs 22.92 arba in Q1 from Rs 18.44 arba in the corresponding period last year.

Likewise, it has extended loans and advances of Rs 18.51 arba in Q1 whereas in the same period last year the figure stood at Rs 15.98 arba.

Meanwhile its non-performing loan has also risen to 1.97percent in Q1 up from 1.02 percent in the previous year report.

Its Earning per share (EPS) stand at Rs 6.69, net worth per share at 113.89, and the P/E ratio at 41 times.
Nepal Credit and Commercial Bank Limited
(NCCB)
has registered profit modest rise of 23.67 percent in the first quarter of the current fiscal year 2072/73. Its net profit increased to Rs. 12.71 crore in Q1 up from Rs 10.27 crore in the corresponding quarter.
Publishing the unaudited financial report for Q1 today, the commercial bank’s deposit collection reached Rs.25.62 arba from Rs.22.37 arba in Q1 last year. It floated loans of Rs.21.62 arba, rising from Rs.18.08 arba of the corresponding quarter of the previous fiscal year.

The commercial bank’s net interest income reached to Rs.20.16 crore, increasing from Rs. 18.30 crore in Q1.

NCC Bank’s paid up capital remains at Rs.2.02 arba and with reserve of Rs.1.16 arba.

The commercial bank has an operating profit of Rs.13.37 crore.

Its NPL dropped to 1.81 % from 2.70 % in the first quarter.

NCC Bank’s EPS stands at Rs.18.96. Its net worth per share is Rs.157.42, and P/E ratio is at 23.26 times.",-0.9175089001655579
2015-10-02,"Mega Bank opts to bonus, right shares & merger; NCC bank plans bonus shares & merger",https://www.sharesansar.com/newsdetail/mega-bank-opts-to-bonus-right-shares-merger-ncc-bank-plans-bonus-shares-merger,"MEGA BANK
Mega Bank has following plans to hike its paid up capital to Rs 8 arba.

By the end of fiscal year 2071/72, Mega Bank has a paid up capital of Rs 2.61 arba. From the profit of last fiscal year the bank will be issuing 10% bonus shares after which the bank will have a paid up capital of Rs 2.87 arba. After bonus share, the bank will be issuing right shares in the ratio 2:1.

From the profit of fiscal year 2072/73 the bank will be issuing 12% bonus share after that the bank has plan to merge with a financial institution with a paid up capital of Rs 3 arba.

By the end of fiscal year 2073/74 the bank has plan to raise its paid up capital upto Rs 7.65 arba. From the profit of fiscal year 2073/74 the bank will be issuing 8.49% bonus share after which its paid up capital will stand at Rs 8.30 arba.
NCC BANK
NCC capital plans include following points

NCC bank has a paid up capital of Rs 2.02 arba by the end of fiscal year 2071/72. The bank has plan to issue 15% bonus share from the net profit of the fiscal year 2071/72 after which the bank’s paid up capital will stand at Rs 2.33 arba by the end of fiscal year 2072/73.

In fiscal year 2072/73 the bank will be issuing 44% bonus share (it includes bonus shares declared by merging partners). The bank will be merging with the other financial institutions with a paid up capital of Rs 3.77 arba. By the end of fiscal year 2072/73, the bank will have a paid up capital of Rs 7.14 arba.

In fiscal year 2073/74, the bank will be providing 13.6% bonus share after which its piad up capital will reach to Rs 8.12 arba.",0.8261950016021729
2015-08-11,Meager profit growth of 5.24% of NCC bank in Q4; NPL decrease from 2.75% to 1.93%,https://www.sharesansar.com/newsdetail/meager-profit-growth-of-5-24-of-ncc-bank-in-q4-npl-decrease-from-2-75-to-1-93,"ShareSansar, August 11:
Nepal Credit and Commerce Bank Limited (NCCB) has reported a marginal rise of 5.24 percent in profit in the fourth quarter of the last fiscal year 2071/72.
Publishing the unaudited quarterly report for the fourth quarter today, The commercial bank’s net profit rose to Rs 41.26  crore in the fourth quarter, up from Rs 39.21 crore in the corresponding quarter last fiscal year.
It has collected Rs 26.66 arba in deposits and extended loans of Rs 21.44 arba in Q4 of FY 2071/72 compared to Rs 22. 25 arba in deposits and Rs 17.87 arba in loans in the corresponding quarter of previous FY 2070/71.
NCC Bank’s net interest income rose to Rs 80.50 crore in the Q4, up from Rs 78.35 crore in the corresponding quarter. It’s paid up capital remains at Rs 2.02 arba.
However, the quarterly report shows that NCC’s non-performing loan has also decreased to 1.93 percent, down from 2.75 percent in the corresponding quarter.
NCC’s EPS stands at Rs 20. 34, and it’s per share net worth stands at Rs 148.53 as per its fourth quarter report.
The bank had disbursed 38% bonus shares from the profit it made in last two fiscal years 2069/70 and 2070/71 to its shareholders.
Nepal Credit and Commerce Bank (NCCB)
Rs. In ""000""
4th Qtr. FY 2071/72
4th Qtr. FY 2070/71
Growth (%)
Paid-up Capital (Rs.)
2,028,600.00
2,028,600.00
0.00%
Reserve (Rs.)
984,484.00
961,336.00
2.41%
Deposits (Rs.)
26,660,031.00
24,044,157.00
10.88%
Loans and Adv. (Rs.)
21,442,487.00
17,873,173.00
19.97%
Net Interest Income (Rs.)
805,038.00
783,543.00
2.74%
Provision for Possible Losses (Rs.)
86,178.00
186,667.00
Operating Profit (Rs.)
490,792.00
338,648.00
44.93%
Write Back (Rs.)
108,081.00
186,551.00
Net Profit (Rs.)
412,671.00
392,112.00
5.24%
Capital Adequacy Ratio (%)
11.43%
11.51%
-0.70%
Cost of Funds (as per NRB) (%)
4.95%
6.33%
-21.80%
Earning Per Share (annualized)
20.34
P/E Ratio (Times)
22.57
Net Worth per Share (Rs.)
148.53
Click Here For Announcement",-0.11237582564353943
2015-07-15,NCC Bank 16th & 17th AGM to endorse 38% stock dividend,https://www.sharesansar.com/newsdetail/ncc-bank-16th-17th-agm-to-endorse-38-stock-dividend,"ShareSansar, July 15:
NCC Bank Limited (NCCB) is holding its 16th and 17th Annual General Meeting (AGM) today (Ashad 30, 2072). The AGM will be held at Nirvana Hotel, Siddhartha Nagar, Rupandehi at 10 AM.
The main agenda of the AGM is to endorse 38 percent bonus share and 2 percent cash dividend (for tax purpose) to its shareholders from the net profit earned in the last two fiscal years 2069/70 and 2070/71.
After the issuance of bonus share, NCC Bank will meet the requirement of paid up capital i.e. 2 arba set by NRB. At present it’s paid up capital stands at Rs 1.47 arba.
Nepal Rastra Bank (NRB) will hand over the management to NCC Bank after the AGM. NCC Bank has been under the control of NRB since 2070.
The others agendas of the meeting are to approve financial highlights of 2069/70 and 2070/71, appointment of auditor, amend article of association and merger.
NCCB had reported net profit of Rs 33.19 crore in its Q3 financial report of the fiscal year 2071/72.",0.9251500368118286
2015-06-30,"Last day to grab 38% stock dividend of NCC Bank, LTP stood at Rs 604; AGM on 30 Ashad",https://www.sharesansar.com/newsdetail/last-day-to-grab-38-stock-dividend-of-ncc-bank-ltp-stood-at-rs-604-agm-on-30-ashad,"ShareSansar, June 30:
Today is the last day for the investors to get hold of the dividend pledged by Nepal Credit and Commerce Bank (NCCB), before its book closure on Wednesday.
NCC bank is closing its shareholder register book from tomorrow (Ashad 16) to convene its annual general meeting (AGM). It has already proposed 38 percent bonus share and 2 percent cash dividend (tax purpose) to its shareholders from the profit it earned in the last fiscal years 2069/70 and 2070/71.
The bank has scheduled its 16th and 17th AGM on Ashad 30, 2072.  Only those investors buying shares of the bank till today (Tuesday) will be entitled for the dividend that it has announced for the fiscal year 2071/72 and allowed to attend the AGM.
The last trading price of NCC bank stood at Rs 604 as on June 29.
NCC Bank had reported net profit of Rs 33.19 crore in its third quarter company analysis of the fiscal year 2071/72.",0.9152708053588867
2015-06-25,NCC bank daily transaction rises; AGM to endorse 38% stock dividend,https://www.sharesansar.com/newsdetail/ncc-bank-daily-transaction-rises-agm-to-endorse-38-stock-dividend,"ShareSansar June 25:
NCC Bank Limited (NCCB) is going to hold its 16th and 17th Annual General Meeting (AGM) on Ashad 30, 2072. The annual general meeting will be held at Nirvana Hotel, Siddhartha Nagar, Rupandehi at 10 AM.
After the end of dispute of ownership transfer, the average number of daily transactions (based on data of June 21-June 24) has reached 92, average number of shares traded daily has reached 28,710 and average number of daily traded amount has reached Rs.17,102,998. Earlier, the average number of daily transactions (based on data of June 1-June 18) was just 22, average number of shares traded daily was 9,337 and average daily traded amount was Rs.5,256,537.
The last traded price was Rs 613 on June 24.
Nepal Rastra Bank (NRB) will hand over the management to NCC Bank after the AGM. NCC Bank has been under the control of NRB since 2070.
The main agenda of the AGM is to endorse 38 percent bonus share and 2 percent cash dividend (for tax purpose) to its shareholders from the net profit earned in the last fiscal years 2069/70 and 2070/71.
After the issuance of bonus share, NCC Bank will meet the requirement of paid up capital i.e. 2 arba set by NRB. At present it’s paid up capital stands at Rs 1.47 arba.
The bank also announced book closure date starting from Ashad 16 to Ashad 30.
The others agendas at the meeting will be the financial highlights of 2069/70 and 2070/71, appointment of auditor, amend article of association and merger.",0.9250583648681641
2015-06-24,Technical Call: Nepal Credit & Commerce Bank Ltd.,https://www.sharesansar.com/newsdetail/technical-callnepal-credit-commerce-bank-ltd,"ShareSansar, June 24:
Nepal Credit & Commerce Bank Ltd.
Buy: Rs.580
Stop Loss: Rs.540
Take Profit: Rs.650
Current Market Price: Rs.597
Sagun Shakya
Jeevan Shrestha
-Technical Analyst-
Disclamer:
Opinions expressed are those of the individual authors and do not necessarily represent the opinion of sharesansar.com This commentary is a guideline to interpreting the specified indicators. This information should only be used by investors who are aware of the risk inherent in securities trading. IMS Investment Management Services Pvt. Ltd accepts no liability whatsoever for any loss arising from any use of this contents.",0.9233699440956116
2015-06-22,NCC Bank ownership transfer dispute ends; AGM to be held soon,https://www.sharesansar.com/newsdetail/ncc-bank-ownership-transfer-dispute-ends-agm-to-be-held-soon,"ShareSansar June 22:
A two year long dispute regarding ownership transfer of shares of Nepal Credit and Commerce Bank Limited (NCC) is now going to end.
The ownership transfer dispute started after a shareholder of NCC Bank, Ms. Binu Shrestha, sold shares through licensed stock broker and these shares were not transferred to buyers’ names.
NRB on Thursday issued directives to end the dispute related with ownership transfer.
NCC Bank will be scheduling its AGM soon.  The bank was not able to hold its AGM as NEPSE has earlier directed NCC Bank not to hold its AGM until 1 lakh 7 thousand unit shares sold by Ms. Binu Shrestha are transferred to the buyers.
Due to the ownership transfer dispute, the bank was not able to conduct its 16th and 17th AGM and as a result it has not been able to distribute 38 percent bonus it had promised to shareholders from the net profit the bank posted in the last fiscal years 2069/70 and 2070/71.
Nepal Rastra Bank (NRB) will hand over the management to NCC Bank after the AGM. NCC Bank has been under the control of NRB since 2070.
NCC Bank Limited has posted 92.91% growth in net profit for the third quarter of the current fiscal year 2071/72. It has reported a net profit of Rs 33.19 crore.
The bank’s NPL has declined from 3.40 % in the third quarter of the last fiscal to 2.40% this year.
Its EPS now stands at Rs 29.02, net worth per share at Rs 203.40, and CD ratio at 76.30%",0.015709389001131058
2015-05-14,NCC Bank’s profit skyrockets by 92.91% to Rs 33.19 crore,https://www.sharesansar.com/newsdetail/ncc-banks-profit-skyrockets-by-92-91-to-rs-33-19-crore,"ShareSansar May 14:
NCC Bank Limited has posted 92.91% growth in net profit for the third quarter of the current fiscal year 2071/72.
Publishing the unaudited financial report for the third quarter today, the bank has reported a net profit of Rs 33.19 crore, up from Rs 17.20 crore published in the corresponding quarter of the last fiscal year 2070/71.
The bank has mobilized deposits of Rs 24.04 arba in the 3rd quarter compared to Rs 22.06 arba in the corresponding quarter last year. Likewise, it extended loans of Rs 20.04 arba, up from Rs 17.15 arba.
NCC Bank’s net interest income has slightly risen from Rs 53.71 crore in the corresponding quarter last year to Rs 61.17 crore in the third quarter of 2071/72.
It posted an operating profit of Rs 38.27 crore.
The bank’s NPL has declined from 3.40 % in the third quarter of the last fiscal to 2.40% this year.
Its EPS now stands at Rs 29.02, net worth per share at Rs 203.40, and CD ratio at 76.30%.",-0.6435484290122986
2015-03-23,NCC to remain under NRB’s control for another 3 months,https://www.sharesansar.com/newsdetail/ncc-to-remain-under-nrbs-control-for-another-3-months,"ShareSansar, March 23:
Nepal Rastra Bank has decided to keep NCC Bank under its control for another three months. Initially, NRB had taken control of the management of NCC Bank for six months with some specific aims, but it has not been able to achieve its objectives even after 13 months and is seeking additional time.
So, NCC will continue to remain under the control of NRB till Asar 2072.
Earlier, the NRB had decided to have its team at the NCC Bank till Falgun 30. The NRB had sent its team on Magh 21 2070, the NRB had already extended the team’s stay by three months twice.
The NRB had sent its team to NCC for a course correction, holding of AGM and steer the bank toward merger and acquisition.
NRB officials have attributed the delay to the failure to reduce the NB Group’s stake in the bank and disputes over share trading. NRB officials fear that if the 30 percent stake of NB Group is not reduced, NCC might again fall into the hands of the same group.
Likewise, NEPSE has directed the NCC Bank not to hold its AGM until the 1 lakh 7 thousand unit shares sold by Binu Shrestha are transferred to the buyers.
NCC has not been able to distribute 38 percent bonus it had promised to shareholders because it has not been able to hold the AGM.",0.3756040632724762
2015-01-27,"NCC Bank profit rises by 55.55%, thanks to write back amount of Rs 8.8 crore",https://www.sharesansar.com/newsdetail/ncc-bank-profit-rises-by-55-55-thanks-to-write-back-amount-of-rs-8-8-crore,"ShareSansar, January 27:
Nepal Credit and Commerce Bank Limited (NCC) have posted a healthy profit growth of 55.55 percent in the second quarter of the current fiscal year 2071/72.
According to an unaudited financial statement published today, the bank disclosed that it achieved a net profit of Rs 24.87 crore in the second quarter of the current fiscal year compared to the net profit of Rs 15.99 crore in the corresponding period of last fiscal year 2071/72.
The bank’s net interest income reached Rs 40.71 crore in the second quarter this year, which is a growth of 16.65 percent compared to the income of the same period last year.
While the bank was required to provision Rs 3.87 crore in the second quarter this year for the possible losses, but it could manage to write back Rs 8.8 crore that it had provisioned in the previous years for possible losses which is the main reason that banks able to increase profit by good margin this quarter.
NCC Bank observed a satisfactory growth in terms of deposit collection and loan supply during the review period. While the bank mobilized Rs 22.38 arba on deposit in the second quarter this year, it extended a total of Rs 19.16 arba on loans.
It had mobilized a total of Rs 22.07 arba on deposit and Rs 17.60 arba on loans in the corresponding period of the last fiscal year 2071/72.
The bank also managed to slash its non performing loan (NPL) to 2.21 percent in the second quarter from 2.46 percent in the corresponding period of last year.
The annualized earning per share (EPS) and the net worth per share of the bank stand at Rs 28.49 and Rs 197.62 respectively. The P/E ratio remained 20.74 times.",-0.9051176309585571
2015-01-20,NRB to extend its stay in NCC Bank and Gurkha Bikas Bank by 2 more months,https://www.sharesansar.com/newsdetail/nrb-to-extend-its-stay-in-ncc-bank-and-gurkha-bikas-bank-by-2-more-months,"ShareSansar, January 20:
Nepal Rastra Bank (NRB)- Central Bank of Nepal has extended its tenure to look after BOD and management of Nepal Credit and Commerce Bank (NCCB) and crises ridden Gurkha Development Bank (GDBNL) by 2 more months.
NRB took over the BOD of NCC Bank one year back. Similarly, it has been 4 years NRB is governing crises ridden Gurkha Development bank BOD and the overall management.
Earlier, Nepal Rastra Bank (NRB) has given the green signal to the crisis-ridden Gurkha Development Bank Limited to reduce the face value of its shares based on its latest DDA report.
As per the DDA report, the existing paid up capital of Rs. 66.08 crore will be reduced to Rs. 19.82 crore and also the existing Rs 100 face value will be revised to Rs 30 per share. The total number of Shares will be 19,82,456 units.",0.11160427331924438
2014-12-24,NCC Bank formally called off Poush 30 scheduled AGM after ownership transfer row,https://www.sharesansar.com/newsdetail/ncc-bank-formally-called-off-poush-30-scheduled-agm-after-ownership-transfer-row,"ShareSansar, December 24:
Nepal Credit and Commerce Bank Limited (NCC) have formally canceled a schedule 16th and 17th AGM on Poush 30 for indefinite period after ownership transfer row. Publishing a notice today, bank has confirmed the cancelation.
In a bid to settle the complications related to the ownership transfer of NCC Bank Limited shares sold by Ms Binu Shrestha, Nepal Stock Exchange Limited (NEPSE) yesterday has written a formal letter to the bank management to install its Annual General Meeting slated for Poush 30.
With this the date of the AGM, which was due to endorse 40 percent dividend, including 38 percent bonus shares to  the shareholders from the net profit the bank posted in the last fiscal year 2069/70, has become uncertain.
In its letter dated December 23, NEPSE has stated it has invoked Article 48 of the Securities Act-2063, which allows it to issue directive to the listed companies in case of the breach of the agreement with the stock exchange, or to make the trading clean and regulated as well as to safeguard the interest of the investors.
The ownership transfer row started after the shareholders of NCC Bank Ms Binu Shrestha sold shares through licensed stock broker and these shares still could not be transferred on buyer name.",0.5501143932342529
2014-12-23,Scrip ownership transfer row: NEPSE asks NCC Bank to stall its AGM & Suspend Book Closure Date,https://www.sharesansar.com/newsdetail/scrip-ownership-transfer-row-nepse-asks-ncc-bank-to-stall-its-agm-suspend-book-closure-date,"ShareSansar, December 23:
In a bid to settle the complications related to the ownership transfer of NCC Bank Limited shares sold by Ms Binu Shrestha, Nepal Stock Exchange Limited (NEPSE) has written a formal letter to the bank management to stall its Annual General Meeting slated for Poush 30.
With this the date of the AGM, which was due to endorse 40 percent dividend, including 38 percent bonus shares to  the shareholders from the net profit the bank posted in the last fiscal year 2069/70 and 2070/71, has become uncertain.
In its letter dated December 23, NEPSE has stated it has invoked Article 48 of the Securities Act-2063, which allows it to issue directive to the listed companies in case of the breach of the agreement with the stock exchange, or to make the trading clean and regulated as well as to safeguard the interest of the investors.
The bank management, which was making a full-fledged preparation for the upcoming AGM are now in dilemma, and are holding internal meeting to address the situation in the wake of NEPSE's request.
The ownership transfer row started after the shareholders of NCC Bank Ms Binu Shrestha sold shares through licensed stock broker and these shares still could not be transferred on buyers name.
Over the past few weeks, key stakeholders, including SEBON, NEPSE officials, brokers and investors had been holding intensive talks to defuse the problem and were expected to defer the AGM of the bank.",0.24003738164901733
2014-12-21,NCC Bank to holds 16th and 17th AGM on Poush 30; 38% bonus in offing,https://www.sharesansar.com/newsdetail/ncc-bank-to-holds-16th-and-17th-agm-on-poush-30-38-bonus-in-offing,"ShareSansar, December 21:
NCC Bank Limited (NCCB)  is going to hold its 16th and 17th  Annual General Meeting (AGM) on Poush 30, 2071; which will endorse 38 percent bonus share and 2 percent cash dividend (for tax purpose) to its shareholders from the net profit earned in the last fiscal year 2070/71.
The annual general meeting is schedule to sit at Nirvana Hotel, Siddhartha Nagar, Rupandehi at 10 AM on Poush 30, 2071.
The bank also announced book closure date starting from Poush 9 to Poush 30.
There is also the election for 5 directors representing promoters group and 3 directors representing public shareholders group.
Other agenda includes the approval of financial statement of FY 2069/70 and 2070/71.",0.9273203611373901
2014-11-13,"NCC Bank’s profit jumps by 215%, Sana Kisan earns Rs.3.57 crore in Q1",https://www.sharesansar.com/newsdetail/ncc-banks-profit-jumps-by-215-sana-kisan-earns-rs-3-57-crore-in-q1,"ShareSansar, November 13:
Publishing the unaudited financial quarterly report today,
Nepal Credit and Commerce  Bank Limited (NCCB)
stated that it has earned Rs 10.27 crore, up from Rs 3.25 crore in the corresponding period of the previous fiscal year 2070/71; which is an astounding growth of 215 percent.
Net interest income of the bank increased to Rs 18.30 crore, up from Rs 13.07 crore in the previous year; which again shows that bank had been able to increase its business this quarter.
The bank able to collect Rs 22.37 arba in deposits and extended a total of Rs 18.08 arba on loans and advances in this fiscal year compared Rs 22.63 arba deposits and Rs 16.84 arba loans in the previous fiscal year.
NCCB managed to write back Rs 3.79 crore from the amount earlier provisioned for the possible losses. However, it  has provisioned Rs 3.20 crore for the possible losses during the given period.
There is a meager decrease in the Non-performing loan (NPL) of the bank. It comes down to 2.70 percent from 2.82 percent in the previous fiscal year.
NCC Bank annualized EPS is at Rs 20.98, while its P/E ratio stands at 20.21times and its net worth per share at Rs 187.69. The bank is yet to hold the AGM of both 2069/70 and 2070/71 FY.
Earlier, the bank has proposed 38% bonus shares from the return of last two year fiscal year to its shareholders.
Similarly,
Sana Kisan Bikas Bank Limited (SKBBL)
earns Rs 3.57 crore in the first quarter of the fiscal year 2071/72 as compared to Rs 2.29 crore of last fiscal year same period.
Net Interest Income of the micro finance increased by 31.15 percent to Rs 7.26 crore, up from Rs 5.30 crore in the corresponding quarter last year.
The bank has provisioned Rs. 41.93 lakhs for possible losses during the given period.
Bank’s Non-performing loan decreases drastically to 0.17 percent from 0.75 percent last year.
Sana Kisan’s annualized EPS is Rs 61.95, PE Ratio stands at 22.28 times and networth is Rs 408.40.
Earlier, SKBBL has proposed 15% cash dividend to its shareholders from the profit of last FY 2070/71.
FOR FINANCIAL REPORT (NCC):
CLICK HERE
FOR FINANCIAL REPORT (SANA KISAN):
CLICK HERE",-0.8527122735977173
2014-10-15,NCC Bank celebrates 18th anniversary; organizes various social activities,https://www.sharesansar.com/newsdetail/ncc-bank-celebrates-18th-anniversary-organizes-various-social-activities,"ShareSansar, October 15:
Nepal Credit & Commerce (NCC) Bank Ltd has entered into 19th year after completing 18 years of establishment. The bank has organized various activities to commemorate its 18th anniversary.
The bank organized cleaning program at Mahalaxmi Sthan of Patan on Staurday.
Likewise, the bank also distributed ration to the elderly people of the elderly home at Matatirtha on Monday.
Blood donation program was held on Tuesday with the support of Nepal Redcross Society.
The bank has also scheduled to distribute computers to the children on Wednesday. It is also planning to organize an awareness program on breast cancer on Saturday.
The events are the part of its weekly celebration of the anniversary.
The bank has also said that it will give continuity to various social programs in the days to come.
Headquartered at Bhairahawa, the bank has its corporate office at Bagbazar in Kathmandu. The bank has 24 branch offices spread over the country. It has been offering the medical insurance up to Rs 10,000 in almost every saving account of the depositors.
The bank has been offering ABBS, locker, free ATM card, free internet/SMS banking, 365-day-banking service, evening counter, payment of NTC and mobile bill from bank, among other facilities, to its clients.
NCC Bank has announced 38 percent bonus shares along with 2 percent cash dividend to its shareholders for the tax purpose.
If the proposed 38 percent bonus shares is approved, its paid-up capital will reach Rs 2.03 arba. The current paid up capital of the bank is Rs 1.47 arba, which is lower that the paid-up capital of Rs 2 arba prescribed by the NRB.
The bank earned Rs 36.58 crore net profit in the last fiscal year 2070/71 while it’s profit was Rs 35.48 crore in the previous fiscal year 2069/70.",0.7476726174354553
2014-09-17,The wait is over: NCC Bank announces 38 percent bonus shares,https://www.sharesansar.com/newsdetail/the-wait-is-over-ncc-bank-announces-38-percent-bonus-shares,"ShareSansar, September 17:
The wait is finally over: Nepal Credit and Commerce (NCC) Bank Ltd has announced 38 percent bonus shares to its shareholders.
Likewise, the bank has also announced 2 percent cash dividend to its shareholders for the tax purpose.
NCC Bank spokserperson Ramesh Aryal confirmed the announcement.
“We have submitted the capital increment plan to the NRB. We have proposed a total of 40 percent dividend which includes 38 percent bonus shares and 2 percent cash for the tax purpose,” NCC Bank spokesperson Aryal told ShareSansar.
The dividend announcement is, however, subject to the approval of the bank’s upcoming annual general meeting and the Nepal Rastra Bank (NRB).
NCC spokesperson Aryal also told ShareSansar that the bank is planning to convene the joint AGM of last two years by Ashoj end or Kartik first week.
If the proposed 38 percent bonus shares is approved, its paid-up capital will reach Rs 2.03 arba. The current paid up capital of the bank is Rs 1.47 arba, which is lower that the paid-up capital of Rs 2 arba prescribed by the NRB.
NRB which was reeling under the turbulence due to the internal feuds of two warring promoter groups led to the NRB’s intervention in the NCC Bank. NRB had taken over the management of the NCC Bank on February this year after its efforts to settle down the tussle between two promoter groups went into vain.
The central bank had deputed a three-member team under the leadership of its director Laxmi Prapanna Niraula with keeping the existing management team intact.
The bank earned Rs 36.58 crore net profit in the last fiscal year 2070/71 while it’s profit was Rs 35.48 crore in the previous fiscal year 2069/70.",0.5222500562667847
2014-08-31,Joint two AGMs of NCC Bank by Ashoj-end; Bonus shares of at least 37%,https://www.sharesansar.com/newsdetail/joint-two-agms-of-ncc-bank-by-ashoj-end-bonus-shares-of-at-least-37,"ShareSansar, August 31:
Nepal Rastra Bank (NRB) deputed management committee at Nepal Credit and Commerce (NCC) Bank Ltd is working on a full swing to hand over the leadership role to the elected board of directors (BoD) by the end of Ashoj.
According to the bank officials, the bank is planning to convene the annual general meeting (AGM) of fiscal year 2069/70 and fiscal year 2070/71 by the Ashoj end deadline set by the central regulatory bank.
Niraula told ShareSansar that they are committed to hold the AGM by Ashoj end. ""Plans are to convene the AGM by the Ashoj end deadline,"" he said.
“The audit report is almost completed. We will convene our AGM as soon as the audit report is endorsed by the central regulatory bank,” NCC Bank spokesperson Ramesh Aryal told ShareSansar.
NRB had taken over the management of the NCC Bank on February this year after its efforts to settle down the tussle between two promoter groups went into vain.
The central bank had deputed a three-member team under the leadership of its director Laxmi Prapanna Niraula with keeping the existing management team intact.
The central bank’s intervention has come on the wake of the disputes between the two promoter groups-- one associated with NB Group and the other led by Nirmal Pradhan—which even affected the daily operation of the bank.
With the capital below Rs 2 arba, it is almost sure that the NCC Bank will distribute at least 37 percent bonus shares to its shareholders in order to raise the paid-up capital to the Rs 2-arba mark as set by the NRB.
“The bank will issue the bonus shares to maintain the prescribed level of paid-up capital. How much it will issue, this I cannot say exactly as it all depends upon the board, auditors, AGM and the approval of the NRB,” added Aryal.
NCC’s current paid-up capital stands at Rs 1.47 arba.
The bank earned Rs 36.58 crore net profit in the last fiscal year 2070/71 while it’s profit was Rs 35.48 crore in the previous fiscal year 2069/70.
Given that the reserve and surplus of the bank rose to Rs 1.16 arba last year from Rs 79.42 crore, it can easily distribute the bonus shares of at least 37 percent to increase its capital base.
Meanwhile, the expectation that the bank will issue bonus shares to maintain the prescribed paid-up capital in this year, the investors are seemed to be attracted toward toward the scrip of the NCC Bank.
The share price of the NCC Bank is observing a rapid surge.
The price of the per unit share of NCC Bank rose by Rs 209 in two months. The share price rose to Rs 663 as of August 28 from Rs 457 on the last trading day of June.",0.7918493747711182
2014-08-29,Nabil Bank announces 45% cash and 20% bonus shares,https://www.sharesansar.com/newsdetail/nabil-bank-announces-45-cash-and-20-bonus-shares,"ShareSansar, August 29:
Nabil Bank Ltd has announced 65 percent dividend to its shareholders from the net profit that it has earned in last fiscal year 2070/71.
The top profit earner among the private commercial bank has said that it will distribute 45 percent cash dividend and 20 percent bonus shares to its shareholders.
The dividend proposed by the bank’s 393rd board of directors (BoD) meeting of the leading commercial bank of the country held on August 18 is, however, subject to the approval of Nepal Rastra Bank and the upcoming annual general meeting of Nabil Bank.
According to the unaudited financial results of the bank, its net profit has jumped to Rs 2.32 arba in last fiscal year, up from Rs 2.23 arba in the corresponding period of the previous fiscal year 2069/70.
Nabil Bank’s annualized EPS is at Rs 83.68, while its P/E ratio stands at 30.29 times and its net worth per share at Rs 296.
It had distributed 65 percent dividend – 40 percent cash and 25 percent bonus shares—to the shareholders in the last fiscal year also.",-0.5655958652496338
2014-08-16,NCC Bank supports Sunkoshi victims,https://www.sharesansar.com/newsdetail/ncc-bank-supports-sunkoshi-victims,"KATHMANDU, Aug 15:
Nepal Credit and Commerce (NCC) Bank Ltd has said it would provide financial support of Rs 538,856 to the victims of Sunkoshi flood and landslide.
According to a bank statement, Rs 151,000 is being provided by the bank as part of its corporate social responsibility. Similarly, bank staffers are providing their one-day salary amounting to Rs 370,856, while board members are contributing their allowance amounting to Rs 17,000.
The bank will provide the support through Sunkoshi Flood Victim Relief Fund. In the statement, the bank also urged interested peoples and organizations to deposit their support at the bank account of Sunkoshi Flood Victim Relief Fund (Account Number 0030003458501) by August 24 through any of its 23 branches.
Source: Republica",0.8532264828681946
2014-08-13,"NCC Bank makes modest profit growth of 3%, NPL slightly down",https://www.sharesansar.com/newsdetail/ncc-bank-makes-modest-profit-growth-of-3-npl-slightly-down,"ShareSansar, August 13:
Nepal Credit and Commerce (NCC) Bank has posted a modest profit growth in the fourth quarter of last fiscal year 2070/71. The marginal level of profit is also due to the heavy amount of write back from the provision of possible loss set aside earlier.
Publishing the unaudited financial report today, the bank stated that its net profit inched up to Rs 36.58 crore in the last fiscal year, slight up from Rs 35.48 crore in the corresponding period of the previous fiscal year 2069/70.
The net interest income of the bank also dropped to Rs 78.35 crore last year from Rs 81.29 crore in the previous year.
The crisis ridden bank is currently under the control of the Nepal Rastra Bank (NRB) deputed team. It was taken over by the central regulator on February due to the internal feuds among two factions of the bank which had seriously hindered the daily operation of the bank.
Though the net interest income tumbled, the bank has been able to write back a heavy amount of provision for possible loss. According to the statement, it has written back Rs 18.66 crore from the amounts it has provisioned earlier for possible loss.
The bank mobilized Rs 22.26 arba on deposit and Rs 17.87 on loans on the last year, up from the mobilization of Rs 21.65 arba deposit and Rs 14.07 arba on loan in the previous year.
Non-performing loan (NPL) of the bank also went down to 2.7 percent from 2.8 percent in the previous year. However, the bank’s total paid-up capital is not up to the mark.
The paid-up capital of the bank stands at Rs 1.47 arba while the NRB has made it mandatory for the commercial banks to maintain the capital of Rs 2 arba by the end of last fiscal year 2070/71.
The bank’s average interest spread stands at 3.42 percent.
Its EPS is at Rs 25.07, P/E ratio 25.61 times and net worth per share is Rs 278.95.",-0.002361482009291649
2014-06-22,NRB likely to control NCC till Sept; expect bonus shares as paid-up to rise to Rs 2 arba,https://www.sharesansar.com/newsdetail/nrb-likely-to-control-ncc-till-sept-expect-bonus-shares-as-paid-up-to-rise-to-rs-2-arba,"ShareSansar, June 22:
Nepal Rastra Bank, which took over the management of Nepal Credit and Commerce Bank following a string of financial crisis, is likely to extend its control over the commercial bank by additional two months.
The central bank had back in February suspended the Board of Directors of NCC Bank and deputed a three-member team led by its director Prapanna Niraula after it could not resolve the disputes between two promoter groups despite repeated attempts.
According to a highly placed official at the bank, the central  bank team, which had initially planned to hand over the management to NCC in six months i.e. by July first week, is planning to extend its control over the bank by additional two months i.e. up to early September.
“Though most of the problems dogging the bank have now been settled, we are yet to realize one of the key objectives behind the takeover: raise the paid-up capital of the bank to Rs 2 arba,” said the source. “Hence we are planning to extend our grip on the bank for two more months.”
NCC’s current paid-up capital stands at Rs 1.47 arba.
The source further informed that the central bank team is currently scrutinizing proposals submitted by six different auditing firms for Due Diligence Audit (DDA) of NCC Bank.
“We are planning to endorse a proposal to shore up the paid-up capital, which we plan to raise by issuing bonus shares, inter alias, and another proposal to push for the bank’s merger during the upcoming Annual General Meeting of the bank,” he added.
Regarding the impending AGM,  NCC Bank’s Chief Executive Officer Amrit Charan Shrestha  said that since the central bank is yet to approve the balance sheet for the last fiscal year, and that the current fiscal year itself is drawing to an end, they might call a combined AGM for the two fiscals.
“The problem is that the central bank is yet to take any decision on the balance sheet we had forwarded a few months back for the last fiscal year,” he said. “Given the situation, we might end up holding AGMs for the last as well as the current fiscal year together.”
NCC is the only commercial bank that is yet to announce dividend and the AGM for the last fiscal year.
The strife between two promoter groups, one associated with NB Group and the other close to Nirmal Pradhan, a big shareholder, had even started to affect the day-to-day operation of the bank before the central bank took over.
Likewise, it is yet to recover much of the defaulted loan from NB Group despite selling off around 4.5 lakh units of ordinary shares of National Hydropower Company Limited (NHPC) on a single day on June 1.
Shrestha further told ShareSansar that the bank has so far sold off around six lakh units of NHPC shares among some 28 lakh units pledged by the NB Group against loan.
He further informed that since NCC Bank’s only interest is to recover the defaulted amount, it has also been cooperating with NB Group to wait for the right moment to sell off the shares and other assets pledged by the group against loan.
But he declined to give the exact figure of loan taken by NB Group by pledging various assets.
NB group had reportedly taken a loan worth Rs 7 crore from the bank by pledging 98 annas of land at Thaiba in Lalitpur as collateral more than two years back. When the bank had tried to auction the land last year, it could not find any bidder who was willing to quote even Rs 3 crore for that land—forcing the bank to call of the auction since the loan amount has now exceeded Rs 10 crore after calculating the interest.
At this point, however, the bank management is quite upbeat about recovering the loan.
“One good news is that we have now recovered the loan against share (marginal lending),” informed Shrestha, who has been day-to-day operation of the bank though the central bank has taken over its management.",0.6858413219451904
2014-06-02,"NCC offloads around 6 lakh units of NHPC scrip, more could be sold off",https://www.sharesansar.com/newsdetail/ncc-offloads-around-6-lakh-units-of-nhpc-scrip-more-could-be-sold-off,"ShareSansar, June 2:
Nepal Credit and Commerce Bank Limited is yet to recover much of the defaulted loan from NB Group despite selling off around 4.5 lakh units of ordinary shares of National Hydropower Company Limited (NHPC) on a single day yesterday.
“The shares were off loaded to recover loan released to NB Group against the shares,” NCC Bank’s Chief Executive Officer Amrit Charan Shrestha told ShareSansar today, adding that the bank has sold off around six lakh units of NHPC shares among some 28 lakh units pledged by the NB Group against loan.
He further informed that since NCC Bank’s only interest is to recover the defaulted amount, it has also been cooperating with NB Group to wait for the right moment to sell off the shares and other assets pledged by the group against loan.
But CEO Shrestha was quick to add that the bank might have to square off more of the NHPC shares if they cannot sell a plot of land pledged by the defaulter if it does not repay the rest of the loan by Ashad end (mid-June) – the deadline given to NB Group to settle the loan.
But he declined to give the exact figure of loan taken by NB Group by pledging various assets.
NB group had reportedly taken a loan worth Rs 7 crore from the bank by pledging 98 annas of land at Thaiba in Lalitpur as collateral more than two years back. When the bank had tried to auction the land last year, it could not find any bidder who was willing to quote even Rs 3 crore for that land—forcing the bank to call of the auction since the loan amount has now exceeded Rs 10 crore after calculating the interest.
At this point, however, the bank management is quite upbeat about recovering the loan.
Recovers marginal lending
“One good news is that we have now recovered the loan against share (marginal lending),” informed Shrestha, who has been day-to-day operation of the bank though the central bank has taken over its management.
Insofar as yesterday’s transaction is concerned, NHPC’s trading floorsheet reveals that most of the shares were sold by broker number 33, and they were bought in a few matching transactions by some large as well as retail investors in several transactions through other brokers.
Little wonder that NHPC had one of the highest turnovers of Rs 7.12 crore at Nepal Stock Exchange Limited (NEPSE) yesterday – second only to the turnover of Chilime Hydropower Company Limited (CHCL).
'Combined AGM likely’
Regarding the impending Annual General Meeting of the bank,  CEO Shrestha said that since the central bank is yet to approve the balance sheet for the last fiscal year, and that the current fiscal year itself is drawing to an end, they might call a combined AGM for the two fiscals.
“The problem is that the central bank is yet to take any decision on the balance sheet we had forwarded a few months back for the last fiscal year,” he said. “Given the situation, we might end up holding AGMs for the last as well as the current fiscal year together.”
Back in March, a highly placed source at NCC Bank had told ShareSansar that the bank could offer 15 to 18 percent bonus shares to the shareholders from the profit it posted in the last fiscal year and additional bonus shares from the projected profit of the current fiscal year to meet the paid-up capital requirement of Rs 2 arba by the end of the current fiscal year 2070/71.
The bonus share from the projected profit of the current fiscal will, however, not be endorsed by the upcoming AGM for the last fiscal year, but by the next AGM for the current fiscal year, according to the source.
He further said that since the bank is simply not in a position to give more than 18 percent dividend from the net profit it posted in the last fiscal year 2069/70, and that it has decided not to issue right shares, the bank is requesting the central bank to allow it to give bonus share from the projected profit of the current fiscal.
“Though a merger is another option to meet the paid-up requirement, it will take months before we can finalize a deal. Hence, we are currently thinking about offering bonus shares from the projected profit of the current fiscal year,” the source explained.
If his statement is anything to go by, NCC will most probably pledge 18 percent bonus share from the net profit it posted in the last fiscal so that its paid-up will rise to Rs 173 crore, and additional 15 percent bonus share from the project profit for current fiscal, which will then shore up the paid-up to Rs 2 arba.
Or it can issue lesser bonus shares for the last fiscal and more for the current fiscal.
The bank has already submitted a preliminary audit report to the central bank in this regard, and that the central bank could endorse it as there is a provision of distributing dividend from the projected profit.
""We will propose the bonus shares after the central bank approves our preliminary balance sheet,"" the source said.
NCC is the only commercial bank that is yet to announce dividend and the AGM for the last fiscal year.
The crisis-ridden bank, whose management has been taken over by the central bank after NCC’s financial health deteriorated owing to strife between two promoter groups, one associated with NB Group and the other close to Nirmal Pradhan, a big shareholder.
In February, the central bank had suspended the NCC Board of Directors and set up a three-member management team led by NRB Director Laxmi Prapanna Niraula and Deputy Director Ramesh Acharya and Assistant Director Resham Raj Regmi as its members.",0.7452121376991272
2014-05-08,Crisis-ridden NCC Bank reports net profit drop of 28% in Q3,https://www.sharesansar.com/newsdetail/crisis-ridden-ncc-bank-reports-net-profit-drop-of-28-in-q3,"ShareSansar, May 8:
Nepal Credit & Commerce Bank Limited has reported a massive dip in net profit in the third quarter of the current fiscal year 2070/71.
Publishing the unaudited financial report for the third quarter today, the crisis-ridden commercial bank has stated that its net profit dropped by 27.97 percent, to Rs 17.20 crore down from Rs 23.88 crore as of the corresponding quarter of the last fiscal year 2069/70.
Shrinking core business as well as Rs 19.41 crore provisioned for the possible losses stemmed the growth for NCC, which is being governed by Nepal Rastra Bank for the past few months following a series of scams and corporate poor governance.
NCC’s net interest income has dropped from Rs 59.74 crore to Rs 53.71 crore by the end of the third quarter.
The bank, however, mobilized Rs 22.06 arba in deposit and Rs 17.15 arba in loan as compared to Rs 18.53 arba in deposit and Rs 15.91 arba in loan in the corresponding quarter.
Its non-performing loan has also marginally reduced to 3.40 percent down from 3.69 by the end of the third quarter.
Its EPS (annualized) now stands at 18.26, net worth per share at 166.78 and P/E ratio at 23.11.",0.009444549679756165
2014-03-30,"NCC likely to offer bonus shares from projected profit of 2070/71 FY, too",https://www.sharesansar.com/newsdetail/ncc-likely-to-offer-bonus-shares-from-projected-profit-of-207071-fy-too,"ShareSansar, March 30:
Nepal Credit and Commerce Bank Limited will most probably offer 15 to 18 percent bonus shares to the shareholders from the profit it posted in the last fiscal year and additional bonus shares from the projected profit of the current fiscal year to meet the paid-up capital requirement of Rs 2 arba by the end of the current fiscal year 2070/71.
The bonus share from the projected profit of the current fiscal will, however, not be endorsed by the upcoming Annual General Meeting for the last fiscal year, but by the next AGM for the current fiscal year, according to a highly placed source at the bank told ShareSansar.
He further said that since the bank is simply not in a position to give more than 18 percent dividend from the net profit it posted in the last fiscal year 2069/70, and that it has decided not to issue right shares, the bank is requesting the central bank to allow it to give bonus share from the projected profit of the current fiscal.
“Though a merger is another option to meet the paid-up requirement, it will take months before we can finalize a deal. Hence, we are currently thinking about offering bonus shares from the projected profit of the current fiscal year,” the source explained.
If his statement is anything to go by, NCC will most probably pledge 18 percent bonus share from the net profit it posted in the last fiscal so that its paid-up will rise to Rs 173 crore, and additional 15 percent bonus share from the project profit for current fiscal, which will then shore up the paid-up to Rs 2 arba.
Or it can issue lesser bonus shares for the last fiscal and more for the current fiscal.
The source further informed that the bank has already submitted a preliminary audit report to the central bank in this regard, and that the central bank could endorse it as there is a provision of distributing dividend from the projected profit.
""We will propose the bonus shares after the central bank approves our preliminary balance sheet,"" the source said.
The source also informed that they were planning to hold the Annual General Meeting in Jestha since they do not have sufficient time to call the annual event in Baisakh.
NCC is the only commercial bank that is yet to announce dividend and the AGM for the last fiscal year.
The crisis-ridden bank, whose management has been taken over by the central bank after NCC’s financial health deteriorated owing to strife between two promoter groups, one associated with NB Group and the other close to Nirmal Pradhan, a big shareholder.
In February, the central bank had suspended the NCC Board of Directors and set up a three-member management team led by NRB Director Laxmi Prapanna Niraula and Deputy Director Ramesh Acharya and Assistant Director Resham Raj Regmi as its members.",0.8444147706031799
2014-03-10,Banks in shock after trader flees leaving Rs 330m debt,https://www.sharesansar.com/newsdetail/banks-in-shock-after-trader-flees-leaving-rs-330m-debt,"BIRGUNJ, MAR 10 -
Banks in Birgunj are in shock after a trader fled with his family leaving unpaid loans amounting to Rs 330 million. A number of banks had lent him money without adequate collateral.
The borrower Nandalal Dokaniya, who owns Krishna Modern Dal Mill, has remained out of contact since the last one month. He had taken a loan of Rs 110 million by putting up his warehouse as collateral, and another Rs 220 million without security on the basis of his goodwill.
Nepal Credit and Commerce Bank (NCC Bank), Global IME and Siddhartha Bank have sealed his factory. While NCC Bank has claimed the factory by posting a foreclosure notice, the other two banks have sealed its doors.
Security personnel of all the three banks have been deployed to guard the property. NCC Bank’s notice states that the factory and other assets located on its premises have been sealed to secure the collateral put up against the loan. Two years ago, the fugitive trader Dokaniya had been honoured as the best exporter by the Birgunj Chamber of Commerce on the occasion of its anniversary. He used to re-export pulses imported from India to Bangladesh.
“The house, land, machinery and factory have been put up as collateral with NCC Bank,” said a bank official who wished to remain unnamed. “There is no multiple banking at Krishna Modern Dal.”
According to informed sources, Dokaniya had acquired the loans by showing the stocks in his godown or on the basis of letters of credit (LC) for exporting pulses.
“The banks here should have received payment from Bangladesh for the exported pulses,” said a manager of a commercial bank. “The question how additional loans were issued while previous loans remained unpaid makes the whole issue suspicious.” According to the manager, the amount might have been on hold in India with a motive to misuse it.
Badri Prasad, an employee of the factory, said that crushed pulses, paddy and husk were exported during the period mid-January to February. The residence of Dokaniya situated at Adarsha Nagar has been found to have been sold on Poush 28. Records at the Land Revenue Office (LRO) show that the house along with four plots of land had been transferred to Annapurna Jajodiya and Pawima Jajodiya.
Dokaniya had borrowed Rs 110 million from the Birgunj branch of NCC Bank. Sources claimed that the collateral (land, factory and remaining stocks) would help the bank get back only 20 percent of its investment.
The source further claimed that Dokaniya had collected Rs 40 million from Century Bank, Rs 40 billion from Global IME Bank, Rs 60 million from Siddhartha Bank, Rs 20 million from Nepal-Bangladesh Bank, Rs 20 million from Janata Bank and Rs 40 million from Nabil Bank.
Source: The Kathmandu Post",0.4000985026359558
2014-02-05,NRB takes over NCC Bank management,https://www.sharesansar.com/newsdetail/nrb-takes-over-ncc-bank-management,"KATHMANDU, FEB 05 -
Nepal Rastra Bank (NRB) on Tuesday took over the management of Nepal Credit and Commerce Bank (NCC Bank) as the former’s efforts to settle down the tussle between two promoter groups went futile.
The central bank suspended the NCC board of directors and deputed a three-member management team led by NRB Director Laxmi Prapanna Niraula. The team will function as the board of directors. Other members of the team are NRB Deputy Director Ramesh Acharya and Assistant Director Resham Raj Regmi. The existing management team will, however, continue to work under the NRB team.
The daily operation of the bank has been severely affected by the dispute between the two promoter groups—one associated with NB Group and the other associated with the group led by Nirmal Pradhan, a big shareholder. “As a result of the dispute between the two sides, the bank’s board meeting has not taken place for the last three months,” said a senior NRB official.
This is the second time the central bank has taken over the management of a bank promoted by NB Group. Earlier, it had had taken over the management of NB Group-promoted Nepal Bangladesh Bank (NBB) in 2006. NB Group is in the process of exiting from NBB.
NRB officials said it had to intervene as the two promoter groups could not be brought into a consensus despite “maximum efforts” from its part. They said the two sides were registering complaints against each other at various authorities, including the NRB and Commission for Investigation of Abuse of Authority (CIAA).
“However, both the sides had agreed to settle their differences through a special general
meeting (SGM),” said a senior NRB offiicial. “But the negotiation broke down over whether to elect all board members through the SGM.”
NB Group wanted all the board directors to be elected by the SGM, but the rival faction disagreed as two of the three public directors were associated with it.
Of the three public directors, Ved Man Singh Malla is supportive to NB Group, two others, Ashok Sumsher Rana and Hari Prasad Bhattarai, are associated with the Pradhan camp.
The establishment faction (NB Group) had a clear majority in the suspended board. Besides Chairman Prithvi Raj Ligal, directors Bedman Singh Malla, Badri Narayan Manadhar, Narayankaji Tiwari, Basudev Giri and Gyanhari Shrestha are associated with NB Group, while three directors including Rana, Bhattarai and Tirtha Pradhan are with the Pradhan camp.
NRB officials said although NB Group has 51 percent stake in the bank, overrepresentation of the group on the board was not pleasing for the rival group.
The establishment faction has been accusing Pradhan’s group for trying to capture the bank by purchasing public shares at nominal prices and trouble was being created in the bank so that share prices would fall.
Another issue of the dispute, according to an NRB official, is the establishment faction did not endorse a board representative sent by Nepal Insurance Company. There had been an agreement between NB Group and Nepal Insurance Company on having board representation turn-by-turn, according to NRB official.
The relation between the two sides worsened to such an extent that the management, not the board, furnished clarification to the central bank in response to the latter’s question why not to take over the bank’s management.
The central bank has given a five-point mandate to its management team, which includes conducting a due diligence audit, holding annual general meeting within six months and handing over the management to a new board, and raising the paid-up capital to Rs 2 billion either through a merger or other means within the current fiscal year.
If the bank has to go for merger, the team has been told to present a merger agenda at the annual general meeting (AGM) and the board to be formed through the AGM should complete the merger process within a year.
The team has also been told to recover loans related to the promoters and other loans that went to risky areas. The bank has to recover around Rs 700 million from the promoters, particularly the people associated with NB Bank, according to the NRB.
Source: The Kathmandu Post",0.1515623927116394
2014-01-21,NCC posts only 2.82 % rise in Q2 profit due to heavy reliance on sluggish realty sector,https://www.sharesansar.com/newsdetail/ncc-posts-only-2-82-rise-in-q2-profit-due-to-heavy-reliance-on-sluggish-realty-sector,"ShareSansar, January 21:
Nepal Credit and Commerce Bank Limited has reported a a marginal rise of 2.82 percent in profit in the second quarter of the current fiscal year 2070/71.
The commercial bank’s net profit rose to Rs 15.99 crore in the second quarter, up from Rs 15.55 crore in the corresponding quarter last fiscal year, according to the unaudited second quarterly report NCC has published today.
It had mobilized Rs 2.20 arba in deposit and Rs 1.76 arba in loan compared to Rs 1.85 arba it had mobilized in deposit and Rs 1.56 arba in loan during the second quarter last year.
NCC Bank’s net interest income slumped to Rs 34.90 crore in the second quarter, down from Rs 39.47 crore in the corresponding quarter largely due to the sluggish realty market the bank has heavily invested on.
However, the quarterly report shows that NCC’s non-performing loan to the total loan has also decreased to 2.46 percent, down from 2.98 percent in the corresponding quarter.
NCC’s EPS stands at Rs 21.08, and its per share net worth stands at Rs 166.12 as per its second quarterly report.",-0.021453937515616417
2014-01-17,Court issues show cause notice to NRB on NCC Bank row,https://www.sharesansar.com/newsdetail/court-issues-show-cause-notice-to-nrb-on-ncc-bank-row,"ShareSansar, January 17:
Acting upon a writ petition filed by the shareholders of NCC Bank Limited seeking a special AGM, the Appellate Court Patan has issued a show cause notice to Nepal Rastra Bank.
This comes at a time when the central bank had issued a warning letter to the Board of Directors of NCC Bank that it would suspend the BoD members if they failed to amicably resolve the differences among them.
Following the letter from the central bank dated December 31, NCC Bank directors Ashok Shumshere Rana, Hari Bhattarai and Tirtha Pradhan had also moved the appellate court to block their suspension and also to seek a decree from the court on the special general convention.
Conducting a hearing on the case, the court issued a show cause notice to the central bank, asking as to why it deems it necessary to suspend the BoD of NCC Bank.
The central bank has taken the court order normally, stating that the court also wants to hear from the defendants.
Meanwhile, the court has also asked the BoD of NCC Bank as to why it was not holding a special AGM as demanded by shareholders for a long time.",0.17293405532836914
2014-01-16,Nilgiri distributing cash dividend warrants from today,https://www.sharesansar.com/newsdetail/nilgiri-distributing-cash-dividend-warrants-from-today,"ShareSansar, January 16:
Nilgiri Vikas Bank Limited is distributing cash dividend warrants to its shareholders from today.
Earlier this month, the development  bank had endorsed 14 per cent dividend to its shareholders from the net profit it registered in the last fiscal year 2069/70.
The dividend warrants can be collected from the bank's head office at New Road of Beni bazaar in Myagdi or through its RTS Elite Capital Limited at Jamal of Kathmandu.
The bank had collected Rs. 656,856,315 as a total deposit and invested Rs. 464,556,019 as loans, and had posted a net profit of Rs.1.28 crore in the last fiscal year.",0.8668209314346313
2013-12-26,Another NB Group related scam in NCC Bank,https://www.sharesansar.com/newsdetail/another-nb-group-related-scam-in-ncc-bank,"ShareSansar, December 26:
Yet another bank scam related to NB Group has come to the highlight with Nepal Credit and Commerce (NCC) Bank Limited reluctant to auction the shares pledged by two defaulters.
The NB Group has pressurized NCC Bank not to auction the shares pledged by Nepal Power Development and Himalayan Capital Markets as doing so would weaken the grip of the Group in National Hydropower Company, according to knowledgeable sources.
Nepal Power Development holds 11.72 lakh units and Himalayan Capital holds 18.75 lakh units scrip of National Hydropower Company.
The auction process has been stalled for a year after the bank declined to transfer all the shares to the applicants who had bid in the auction.
Following the dispute over the auction process, NCC had invited fresh auction bid on June 18, which again was disrupted after the bank again refused to hand over all the scrips to the bidders who had bid for the scrip at a price much above the prevalent market price.
A group of bidders including Arjun Bandhu Regmi, Nirmal Pradhan and Gyanendra Lal Pradhan had bid for the shares at Rs 65.5 per unit while its actual market price  stood at only Rs 36.
The bank, however, insists that it has confiscated 10 percent amount deposited by these bidders after they failed buy the scrip.
Earlier this month another case of irregularity related to loan issued by NCC Bank to a housing company called DNS Investment has come to light.
The problem was highlighted after the commercial bank could not find a bidder at even Rs 3 crore after it decided to auction 98 annas of land at Thaiba in Lalitpur bought by DNS Investment through the loan worth Rs 7 crore sanctioned by NCC Bank two years ago against the collateral.
“If we calculate the interests, the loan amount has now reached Rs 10 crore,” NCC Bank Director Tirtha Pradhan said.
DNS promoter Dipak Narsingh Shrestha had bought the plot of land from NB Colony for Rs 1.25 crore, and then went on to get 70 percent loan from NCC Bank by mortgaging the land by falsely evaluating its price at Rs 10.47 crore.
Sigma Architecture and Engineering Consultants had done the price evaluation of the land.
The land was then registered in the name of DNS Investment before the company was duly registered.
Land Revenue Office has confirmed that the land was registered by providing false details. Though the land was registered in the name of DNS Investment Company at the
Land Revenue Office on Jestha 3, 2068, the company was registered with the Company Registrar’s Office only on Jestha 9.
NCC Bank Director Pradhan said that the former chairman of the bank Laxmi Bahadur Shrestha had pressurized the bank officials to sanction the loan against the land pledged as collateral.
A few months ago, too, the NB Group had pressurized NCC Bank to issue a loan of Rs 30 crore to protect Kathmandu Recreation Center after Nabil Bank decided to auction the property after the NB Group defaulted its loan.
Laxmi Bahadur Shrestha had blocked the auction by managing to issue an order from Patan Appellate Court. Nabil had to then move the Supreme Court to move ahead with the auction.
“To save the recreation center, the NB Group had tried to take the loan in the name of some travel agency,” Pradhan added.
Meanwhile, the NB Group has somehow succeeded to sell more than 10 lakh units of shares of NCC Bank despite the fact that the court has frozen all its properties and shares.
Company secretary Ramesh Raj Aryal had helped the NB Group to dispose the shares despite the court’s order.
NCC Bank directors Dr Ashok SJB Rana, Hari Prasad Bhattarai and Tirth Pradhan had taken a strong exception to the move.
Yet another scam involving NB Group has come to highlight at NCC Bank. When the bank decided to auction shares of National Hydropower worth Rs 5 crore, share broker Arjun Bandhu Aryal had bid for the shares.
But when he could not pay the money, the bank should have forfeited him of Rs 52 lakh or 10 percent of the collateral. But the bank officials were pressed to release the amount to Aryal.
NB Group has appointed one of its relative Gyan Hari Shrestha, who holds 947 units of promoter shares of the bank, as the director of the bank through its 15th Annual General Meeting.
Irked by these interference of the NB Group in the bank, shareholders who hold more than 20 percent of the bank’s shares (28.70 lakh unit shares) have been pressing bank chairman Prithivi Raj Legal to hold a special AGM of the bank within a month.
The directors of the bank have also been demanding immediate Special AGM.",0.07225850224494934
2013-12-23,Boardroom battle hits Nepal Credit And Commerce Bank ops,https://www.sharesansar.com/newsdetail/boardroom-battle-hits-nepal-credit-and-commerce-bank-ops,"KATHMANDU, DEC 23 -
The power struggle between two promoter factions at Nepal Credit and Commerce Bank ( NCC ) has affected smooth operation of the financial institution.
The two warring factions—one representing the NB Group and the other led by Nirmal Pradhan—are doing their bit to establish their dominance.
A bank source said the group led by Pradhan, a prominent stock market player, is seeking to control the board at a time when NB Group has weakened.
Some key members of NB Group are on the wanted list of the police for financial crimes.
The two groups are also fighting for the control of National Hydropower Company as well, which has left the company in tatters.
NCC Bank Chairman Prithvi Raj Ligal admitted to the power struggle at the bank and said the central bank was working to bring the two sides together.
“The bank’s financial report is good, but the  central bank has right to take action if it finds any problem,” Ligal said.
A central bank inspection team has concluded daily operation of the bank has been affected due to the confrontation between the two sides.
A senior NRB official said the bank board has not met for the last two-three months. But Ligal said the meeting has been taking place at least once a month. “We are awaiting the NRB inspection team’s report,” said a senior NRB official. “Based on the recommendation, necessary action will be taken.”
The NRB official said the central bank could take over the bank’s movement if the situation remains the same for a longer period.
Earlier, the central bank had taken over the management of Bank of Kathmandu over a dispute between two promoter groups.
Source: The Kathmandu Post",0.12859995663166046
2013-12-03,NB Group drags NCC Bank to loan scams; shareholders seek Special AGM,https://www.sharesansar.com/newsdetail/nb-group-drags-ncc-bank-to-loan-scams-shareholders-seek-special-agm,"ShareSansar, December 3:
A case of irregularity related to a loan issued by Nepal Credit and Commerce Bank Limited to a housing company called DNS Investment has come to light.
The problem was highlighted after the commercial bank could not find a bidder at even Rs 3 crore after it decided to auction 98 annas of land at Thaiba in Lalitpur bought by DNS Investment through the loan worth Rs 7 crore sanctioned by NCC Bank two years ago against the collateral, Karobar national daily reported today.
“If we calculate the interests, the loan amount has now reached Rs 10 crore,” NCC Bank Director Tirtha Pradhan said.
DNS promoter Dipak Narsingh Shrestha had bought the plot of land from NB Colony for Rs 1.25 crore, and then went on to get 70 percent loan from NCC Bank by mortgaging the land by falsely evaluating its price at Rs 10.47 crore.
Sigma Architecture and Engineering Consultants had done the price evaluation of the land.
The land was then registered in the name of DNS Investment before the company was duly registered.
Land Revenue Office has confirmed that the land was registered by providing false details. Though the land was registered in the name of DNS Investment Company at the
Land Revenue Office on Jestha 3, 2068, the company was registered with the Company Registrar’s Office only on Jestha 9.
NCC Bank Director Pradhan said that the former chairman of the bank Laxmi Bahadur Shrestha had pressurized the bank officials to sanction the loan against the land pledged as collateral.
A few months ago, too, the NB Group had pressurized NCC Bank to issue a loan of Rs 30 crore to protect Kathmandu Recreation Center after Nabil Bank decided to auction the property after the NB Group defaulted its loan.
Laxmi Bahadur Shrestha had blocked the auction by managing to issue an order from Patan Appellate Court. Nabil had to then move the Supreme Court to move ahead with the auction.
“To save the recreation center, the NB Group had tried to take the loan in the name of some travel agency,” Pradhan added.
Meanwhile, the NB Group has somehow succeeded to sell more than 10 lakh units of shares of NCC Bank despite the fact that the court has frozen all its properties and shares.
Company secretary Ramesh Raj Aryal had helped the NB Group to dispose the shares despite the court’s order.
NCC Bank directors Dr Ashok SJB Rana, Hari Prasad Bhattarai and Tirth Pradhan had taken a strong exception to the move.
Yet another scam involving NB Group has come to highlight at NCC Bank. When the bank decided to auction shares of National Hydropower worth Rs 5 crore, share broker Arjun Bandhu Aryal had bid for the shares. But when he could not pay the money, the bank should have forfeited him of Rs 52 lakh or 10 percent of the collateral. But the bank officials were pressed to release the amount to Aryal.
NB Group has appointed one of its relative Gyan Hari Shrestha, who holds 947 units of promoter shares of the bank, as the director of the bank through its 15th Annual General Meeting.
Irked by these interference of the NB Group in the bank, shareholders who hold more than 20 percent of the bank’s shares (28.70 lakh unit shares) have been pressing bank chairman Prithivi Raj Legal to hold a special AGM of the bank within a month.
The directors of the bank have also been demanding immediate Special AGM.",0.28821250796318054
2013-11-15,NCC Bank Limited has posted net profit of Rs.32.56 million and published its 1st quarter company analysis of the fiscal year 2070/71.,https://www.sharesansar.com/newsdetail/ncc-bank-limited-has-posted-net-profit-of-rs-32-56-million-and-published-its-1st-quarter-company-analysis-of-the-fiscal-year-207071,NCC Bank Limited has posted net profit of Rs.32.56 million and published its 1st quarter company analysis of the fiscal year 2070/71.,0.8829957842826843
2013-11-15,Weak core business triggers 30% drop in profit of NCC,https://www.sharesansar.com/newsdetail/weak-core-business-triggers-30-drop-in-profit-of-ncc,"ShareSansar, November 15:
NCC Bank Limited has stated that its net profit rise has dropped by 30 percent in the first quarter of the current fiscal year 2070/71.
According to its unaudited first quarter report made public today, the commercial bank has posted a net profit of Rs 3.25 crore in the first quarter, down from Rs 4.69 crore in the corresponding quarter last year.
The bank’s net interest income has also decreased from Rs 17.20 crore in the corresponding quarter to Rs 13.07 crore in the first quarter.
Its operational profit has, however, increased from Rs 89.37 lakh to Rs 3.33 crore in the first quarter.
The rise in operational profit is attributed to decrease in provision amount which stands at Rs 4.12 crore compared to Rs 13.57 crore last year.
Decrease in the provision has also lowered the non performing loan to 2.82 percent, down from 3.13 percent in the corresponding quarter.
NCC mobilized Rs 22.68 arba in deposit and Rs 16.84 arba in loan in the first quarter compared to Rs 17.70 arba in deposit and Rs 14.65 arba in loan in the corresponding quarter.
Its EPS (annualized) is at Rs 13.82 and net worth per share at Rs 161.82.",0.005370086058974266
2013-08-04,"Nepal Credit and Commerce Bank Limited has listed its 7,00,000 units Bonus Share in NEPSE for trading.",https://www.sharesansar.com/newsdetail/nepal-credit-and-commerce-bank-limited-has-listed-its-700000-units-bonus-share-in-nepse-for-trading,"Nepal Credit and Commerce Bank Limited has listed its 7,00,000 units Bonus Share in NEPSE for trading.",0.8845540881156921
2013-07-31,NCC Bank posts 108% growth in profit,https://www.sharesansar.com/newsdetail/ncc-bank-posts-108-growth-in-profit,"ShareSansar, July 31:
NCC Bank has reported a staggering growth in profit for the FY 2069/70.
In an unaudited financial report published on July 31, the bank posted 108.81% growth as it earned Rs 37.08 crore in net profit compared to Rs 17.76 crore in the last fiscal.
NCC amassed deposits of Rs 21.65 arba, a 31.33% rise from the Rs 16.48 arba in the previous fiscal. Likewise, the company’s loans and advances increased to Rs 16.01 arba from Rs 12.90 arba.
The bank’s EPS stands at Rs 25.23 and net worth at Rs 156.03.
(Rs. In '000')
Particulars
FY 2069/70
FY 2068/69
Growth
Net Profit (Rs.)
370898
177621
108.81%
Operating Profit (Rs.)
459689
127362
260.93%
Provision (Rs.)
182127
178910
1.80%
NPA (%)
2.6
2.73
-4.76%
Deposits (Rs.)
21650771
16485357
31.33%
Loan and Advances (Rs.)
16013340
12900602
24.13%
Fiscal Year End Price (Rs.)
223
126
76.98%
EPS (Rs.)
25.23
12.58
100.56%
Net Worth Per Share (Rs.)
156.03
137.71
13.30%
P/E Ratio
8.84
10.62
-16.76%
Q4 Report:
CLICK HERE",-0.8826779127120972
2013-07-31,Nepal Credit and Commerce Bank Limited has posted net profit of Rs. 370.89 milllion and published its 4th quarter company analysis of the fiscal year 2069/70.,https://www.sharesansar.com/newsdetail/nepal-credit-and-commerce-bank-limited-has-posted-net-profit-of-rs-370-89-milllion-and-published-its-4th-quarter-company-analysis-of-the-fiscal-year-206970,Nepal Credit and Commerce Bank Limited has posted net profit of Rs. 370.89 milllion and published its 4th quarter company analysis of the fiscal year 2069/70.,0.8821083307266235
2013-07-17,"Nepal Credit & Commerce Bank Limited is going to distribute 5% Bonus Share Certificate to its shareholders from (6th Shrawan, 2070).",https://www.sharesansar.com/newsdetail/nepal-credit-commercebank-limited-is-going-to-distribute-5-bonus-share-certificate-to-its-shareholders-from-6th-shrawan-2070,"Nepal Credit & Commerce Bank Limited is going to distribute 5% Bonus Share Certificate to its shareholders from (6th Shrawan, 2070).",0.8462293148040771
2013-07-08,NCC Bank debit card,https://www.sharesansar.com/newsdetail/ncc-bank-debit-card,"KATHMANDU, JULY 08:
NCC Bank has launched the ‘NCC Visa Debit Card’. The card can be used in Nepal and India, the bank said, adding that the bank has a total network of eight ATM units inside the valley and 18 ATMs outside the valley.
Source: THT",0.7422388195991516
2013-06-24,Is NCC Bank merger on cards?,https://www.sharesansar.com/newsdetail/is-ncc-bank-merger-on-cards,"ShareSansar, June 24
In an interview with Arthik Abhiyan, Nepal Credit and Commerce Bank (NCC) CEO Amrit Charan Shrestha has hinted that the bank might go for a merger in the near future.
“Despite the fact that we have enough capital to operate on our own, we are interested to enter a merger because of the encouraging initiatives brought forward by Nepal Rastra Bank. In addition, we are seeing that at present shareholders of many companies are not purchasing rights shares. That is why merger has become the best way to increase the capital,” Shrestha tells the newspaper.
He has indicated that NCC Bank is looking for a strong financial institution to merge with. “We are not planning a merger with commercial banks as of now,” Shrestha says in the interview.
Shrestha has informed the paper that the bank’s AGM in Chaitra has in principle agreed to allow it to enter a merger.
According to Shrestha, a merger between two A category banks is somewhat difficult. The only example of an A category bank merging with another A category bank to date is that between NIC and Bank of Asia. “The most complicated thing in this process is managing the staff reorganization,” says Shrestha.
In explaining the short fall in the bank’s paid-up capital even after issuing bonus shares recently, Shrestha has said that though the bank still falls short of the obligation to maintain a paid up capital of Rs 2 arba set by Nepal Rastra Bank, old banks are allowed to operate with a paid up capital that is 80% of that figure. “We can show the remaining capital from our reserve,” Shrestha says.
NCC Bank’s paid up capital currently stands at Rs 1 arba 47 crore.
Projecting a positive outlook for the bank, Shrestha has said that the paid up capital of the bank will reach Rs 1 arba 60 crore from the profit it will earn by the end of this fiscal year.
“We are planning to provide 15 to 20 percent bonus shares following this year’s profit,” says Shrestha.",-0.36809679865837097
2013-06-18,"NCC Bank Limited is again going to auction 27,76,083 units Share of National Hydropower Company Limited of its defaulters from today (3rd to 10th Asad, 2069)",https://www.sharesansar.com/newsdetail/ncc-bank-limited-is-again-going-to-auction-2776083-units-share-of-national-hydropower-company-limited-of-its-defaulters-from-today-3rd-to-10th-asad-2069,"NCC Bank Limited is again going to auction 27,76,083 units Share of National Hydropower Company Limited of its defaulters from today (3rd to 10th Asad, 2069)",0.8939644694328308
2013-05-22,Nepal Credit & Commerce Bank Limited has published its audited financial report of the fiscal year 2068/69.,https://www.sharesansar.com/newsdetail/nepal-credit-commercebank-limited-has-published-its-audited-financial-report-of-the-fiscal-year-206869,Nepal Credit & Commerce Bank Limited has published its audited financial report of the fiscal year 2068/69.,0.8844200968742371
2013-05-13,NCC Bank Limited has published its 15th AGM minute.,https://www.sharesansar.com/newsdetail/ncc-bank-limited-has-published-its-15th-agm-minute,NCC Bank Limited has published its 15th AGM minute.,0.9153148531913757
2013-05-08,NCC Bank Limited has published an important notice on the context of National Hydropower Company Limited auction share of its defaulters.,https://www.sharesansar.com/newsdetail/ncc-bank-limited-has-published-an-important-notice-on-the-context-of-national-hydropower-company-limited-auction-share-of-its-defaulters,NCC Bank Limited has published an important notice on the context of National Hydropower Company Limited auction share of its defaulters.,0.8924453854560852
2013-04-28,Nepal Credit and Commerce Bank Limited has posted net profit of Rs.238.87 million and published its 3rd quarter company analysis of the fiscal year 2069/70.,https://www.sharesansar.com/newsdetail/nepal-credit-and-commerce-bank-limited-has-posted-net-profit-of-rs-238-87-million-and-published-its-3rd-quarter-company-analysis-of-the-fiscal-year-206970,Nepal Credit and Commerce Bank Limited has posted net profit of Rs.238.87 million and published its 3rd quarter company analysis of the fiscal year 2069/70.,0.877363383769989
2013-04-13,NCC Bank plans dividend,https://www.sharesansar.com/newsdetail/ncc-bank-plans-dividend,"KATHMANDU, APR 13:
The 15th AGM of Nepal Credit and Commerce Bank (NCC) held in Siddharthanagar, Rupandehi district, has approved the financials of last fiscal year and five per cent bonus shares. Similarly, the AGM has elected Bedhman Singh Malla, Ashok Shamsher JBR and Hari Prasad Bhattarai representing the general shareholders group.
Source: THT",0.7442619800567627
2013-04-05,NEPAL CREDIT AND COMMERCE BANK LIMITED,https://www.sharesansar.com/newsdetail/nepal-credit-and-commerce-bank-limited,"NEPAL CREDIT AND COMMERCE BANK LIMITED
Share Registrar:
NCM Merchant Banking Limited
INTRODUCTION
NCC bank Ltd. was established on 14
th
October 1996 as Nepal Bank of Ceylon Ltd. (NBOC), a joint venture commercial bank between Bank of Ceylon, Sri Lanka, the pioneer bank in Sri Lanka and Nepalese promoters, NB group (Nepal) Pvt. Ltd. And Nepal Insurance Company Ltd.

 

It enjoys the reputation of the first private bank with largest authorized capital of NPR 1 billion. It also ventured to establish its head office outside the capital of the country at Siddhartha Nagar, Rupandhi, for the first time in the Nepalese context, while its Corporate Office is placed at Bagbazar, Kathmandu.

 

NBOC started its operation from Siddhartha Nagar on October 14
th
1996. Within nine months of its operation NBOC expanded its business through four branches. Siddhartha Nagar and Lumbini in Rupandehi, Bagbazar in Kathmandu and Barahbise in Sindhupalchowk.

 

On 10
th
September of 2002, name of the bank was changed to Nepal Credit and Commerce Bank Ltd. (NCC Bank). The change in name came with the transfer of shares and management of Sri Lankan co-venture to Nepalese promoters. At present NCCB provides its financial facilities and services to rural and urban areas through its 22 branches.
Apart from the bank’s expansion in domestic reach, it has also made a strategic alliance with ICICI Bank to facilitate the customers to remit their money.  This association provides their customer to send money to more than 670 locations of India through ICICI Bank branches and their correspondent Banks in India. The Bank has also developed a corresponding agency relationship with more than 150 International Banks having worldwide network.

 

In the current situation, the blacklisting of NB group members, who are also one of the major stakeholders of NCC bank, in CIB (Central Information Bureau) after the appeal from Nabil Bank Ltd., the group members have come under heavy scrutiny from NRB. This action from the NRB has prompted the NB Group to sell its stake in Nepal Bangladesh Bank to International Finance Investment & Commerce Bank Ltd. (IFIC) of Bangladesh to repay its loan in Nepal Bangladesh Bank and Nabil Bank Ltd.

 

The same action also prompted in the resignation of Mr. Jeet Bahadur Shrestha and Mr. Basudev Giri from the BOD of the NCC Bank as both are the members of NB group. In the recent scenario, Mr Prithvi Raj Ligal, who is the Chairman of the company, resigned his position as a BOD representative from NB Investment Pvt. Ltd. but has been working as a representative from Chartered Investment Pvt. Ltd. in the BOD of the company.

 

It is assumed that the amounts obtained from the deal between the IFIC and NB group will firstly be used to pay the liabilities of NB group worth Rs 200 and Rs 600 million in Nabil Bank Limited and Nepal Bangladesh Bank Limited respectively. Later, the remaining amount will be used to pay the NB groups’ financial obligation in other financial institutions. Likewise, under this provision, in the near future NCC Bank also seek the higher chance of recovering the bad debt amount from the NB group; as the NCC bank is also one the financial institution holding the bad debt of NB group. All in all, with the action taken against the NB group by the NRB, it will be easy for the NCC Bank to recover its bad loans from the NB group which will surely help to lower its Non performing loans in the days ahead.
Major shareholders of Nepal Credit and Commerce Bank Limited as per the Annual Report of 2068/69 (Holding more than 0.5%)
Shareholder’s Name
Units
%
Nepal Securities and Investment Pvt. Ltd
1,188,500
8.49
Sangrila Investment Pvt. Ltd
906,277
6.47
NB Group Nepal Pvt. Ltd.
879,880
6.28
NB Investment  Pvt. Ltd.
689,782
4.93
Nepal Insurance Company Ltd.
587,400
4.20
Zenith Investment and Securities Pvt. Ltd
551,941
3.94
Mrs. Binu Shrestha
539,500
3.85
Mr. Nirmal Pradhan
538,408
3.85
Mr. Hari Bhakta Sharma
335,000
2.39
Chartered Investment Pvt.Ltd.
319,270
2.28
Rajdhani Investment Fund Ltd.
229,860
1.64
Mr. Jash Shrestha
139,500
0.99
Mr. Jen Shrestha
139,500
0.99
Mr. Binson Shrestha
139,500
0.99
Mr. Elson Shrestha
139,500
0.99
Mr. Jebesh Shrestha
139,500
0.99
Mrs. Anar Shrestha
139,500
0.99
Mr. Laxmi Bahadur Shrestha
139,000
0.99
Mr. Shashi Kant Agrawal
102,190
0.73
Nepal Bangladesh Bank Limited
97,000
0.69
Shuvalaxmi Investment Pvt. Ltd.
94,710
0.68
As per the information obtained from the Nepal Credit and Commerce Bank Limited Annual Report 2068/69, its current Board of Directors is as follows:
1.  Mr. Prithvi Raj Ligal, Chairman

 

2.  Mr. Basu Dev Giri, Director

 

3.  Mr. Vedman Singh Malla, Director (Representative from Public shareholder)

 

4.  Mr. Narayan Raj Tiwari, Director

 

5.  Mr. Tirtha Pradhan,  Director

 

6.  Mr. Badri Narayan Manandhar, Director

 

7.  Mr. Govinda Prasad Parajuli, Director (Representative from Public shareholder)
Note: To the end of the fiscal year 2068/69, the tenure of four years for the BOD representatives from the general public came to an end. So, the company in the coming up AGM has called up election for these two vacant seats and for one more which had been in halt from past 3 years. In total, there will be election for 3 BOD seats in upcoming AGM.
Management Team of
Nepal Credit and Commerce Bank Limited
.
(Chief Executive Officer)
Mr. Amrit Charan Shrestha
(Chief Business Officer)
Mr. Krishna Gopal Manandhar
(Deputy General Manager/Chief Operating Officer )
Mr. Ramesh Raj Aryal
( Assistant General Manager/ Chief Marketing Officer )
Mrs. Bandana Pathak
CAPITAL STRUCTURE
Authorized Capital
NPR 2000.00 Million
Issued Capital
NPR 2000.00 Million
Paid up Capital
NPR 1400.00 Million
FINANCIAL HIGHLIGHTS OF THE BANK
Figure in Rs “000”
Years
FY 2010/11
Second Quarter
FY 2011/12
Second Quarter
FY 2012/13
Second Quarter
Paid up Capital
1,399,672
1,400,000
1,400,000
Reserve and Surplus
215,640
418,645
682,030
As a company having a banking history of more than a decade long, the track record of the company’s performance has not been one of the best. Before the FY 2010/11, the company had a negative reserve for most of it operating years but in these past three years, if we look the data above, we find the company has come to maintain a positive reserve and continued to make a steady growth indicating that the bank has been improved in its recovery of bad debt loans.

 

With the Commercial Banks needing to maintain a paid up capital to NPR 2 billion, the bank’s BOD has currently proposed to distribute 5% bonus share to its shareholder and also plans to increment its capital through the process of merger with other Banking and Financial Institutions.
Years
FY 2010/11
Second quarter
FY 2011/12
Second quarter
FY 2012/13
Second quarter
CD Ratio
(As per NRB Directives)
75.84%
68.11%
76.49%
Deposits (In Rs '000')
10,592,597
13,017,264
18,585,832
Growth in Deposits (%)
9.03%
22.89%
42.78%
Loan (In Rs
'000'
)
9,044,935
9,821,228
15,621,776
Growth in Loan and Advances (%)
4.69%
8.58%
59.06%
The CD ratio of the company in the second quarter of this fiscal year has come up than the corresponding quarter. However, the bank falls behind the benchmark set by the Nepal Rastra Bank of 80% CD ratio. Like most of the Banking and Financial Institutions in Nepal, the NCC bank also hasn’t been able to utilize its resources fully because of the country’s economic and political condition which has impacted the overall business environment of Nepal.

 

Similarly, lowering loan exposure in real estate loan mainly in Land Purchase and Plotting, which has dropped by 4.86%, 9.84% and 2.95% respectively in the past three years, has also limited in coming par with the set benchmark by NRB. In the second quarter of FY 2010/11, the loan exposure in the real estate was 25.38% whereas in current quarter it stands at 9.77%.

 

In terms of deposit, the bank has been able to maintain a good growth in the past three years which can be seen in the above table. The bank has been aggressive in collecting deposits by introducing a various deposit schemes to their customers which helped the bank to sustain a deposit worth NPR 18.58 billion which in terms of market share stand 2.05%.

 

Likewise, in Loans and advance portion also, the bank in the past three years has maintained a sound growth. In comparing to corresponding second quarter, the bank has increased its exposure in Residential Real Estate Loan by 298.86%, in Term loan by 142.20% and in Overdraft Loan/TR Loan/ WC Loan by 66.27%. However, only the value of Term loan and Overdraft Loan/TR Loan/ WC Loan in the bank’s loan portfolio has increased whereas the value of real estate loan, despite the increase in Residential Real Estate, was lower than the corresponding second quarter; this indicates that the bank is decreasing its overall real estate exposure as mentioned above.

 

The disparity between the growth figure of deposit and loan suggest that the bank in the current quarter has decreased its idle fund than corresponding quarter and have used it in more productive sector by dispersing the amount through means of loans which have helped to sustain a heavy growth in the operating income.
Years
FY 2010/11
Second quarter
FY 2011/12
Second quarter
FY 2012/13
Second quarter
Operating Profit before provision  (In Rs ‘000’)
141,665
135,685
338,539
Growth in Operating Profit Before Provision (%)
-15.78%
-4.22%
149.50%
Net write back  (In Rs ‘000’)
10,504
39,890
-119,013
Net write back/loan
(%)
0.12%
0.41%
-0.76%
Non Performing Loan
(%)
3.69%
4.39%
2.98%
Net profit (In Rs ‘000’)
92,368
74,404
155,500
Growth in Net Profit (%)
-68.65%
-19.45%
108.99%
The data from the above table indicates that the company’s operating profit in this second quarter is by far the most impressive one among the past three years. With the company enjoying the high spread and the growth in the loan being higher than the deposit growth, the company in this quarter has able to sustain huge surge of 149.50% in operating profit.

 

However, the worrying sign for the bank is its Net write back which is in negative. Though the company made a positive net write back in the second quarter of previous two years, this quarter because of its huge provision, totaling NPR 183 million, it failed to do so.  This clearly indicates that despite the decrease in the company’s NPL, the standing NPL of a company near to 3% still has a tremendous impact upon the provision amount.

 

Even though the bank maintained a hefty negative net write back, the huge ascend in the operating profit made it possible for the overall net profit of the company to sustain a strong growth of 108.99% in the second quarter of the current fiscal year; this clearly shows that the company needs to maintain a strong operating revenue to make its overall net profit in the steady growth.
Years
FY 2010/11
Second quarter
FY 2011/12
Second quarter
FY 2012/13
Second quarter
Net Worth (Rs.)
115.41
129.90
148.72
Annualized
EPS (Rs.)
13.20
10.63
22.21
ROA
1.38%
0.94%
1.43%
ROE
11.44%
8.18%
14.94%
As we can see in the above table, the company’s Net worth in the second quarter of this fiscal year, despite its exposure to the high NPL has improved by a very good number.  Similarly, the annualized EPS also has improved in the comparison to the corresponding quarter.

 

Likewise, the ROA and ROE also in this quarter is higher than that of the corresponding quarter. With the company’s NPL in the lower side compare to the previous two years, the company’s financial indicator has improved by a very good number. However, it should be kept in mind that the bank’s NPL is still near to 3% which is not a very good sign for any Banking and Financial Institutions.

 

In the conclusion, being one of the mature banks with the history of more than 15 years in Nepal; the bank has never symbolized itself as one of the soundest financial institution in the past history. But looking at the last three years performance data, the bank is on track of building itself into a sound institution. And with the current proposal of 5% bonus share, for the first time ever;   the shareholders are bound to expect much more from this organization in the years ahead. However, the most worrying sign in this company is its high non performing loan, which the management needs to tackle quickly before it degrades the overall financial health of the company.
KEY STOCK STATISTICS
Date
04/03/2013 (High)
04/04/2012 (Low)
03/04/2013 (Closing)
52 week Range (In NPR)
252
100
228
Market Capitalization (in Billion)
Rs 3.192
180 days Average Closing price
Rs 163.54
180 days Average Daily Volume
5,719 units
180 days Average Turnover
Rs 1,064,580.39
P/B.V.
1.53
SHARE PRICE MOVEMENT OF THE BANK:
CLICK HERE
WEBSITE OF BANK:
http://WWW.NCCBANK.COM.NP",0.6245035529136658
2013-03-18,NCC Bank fixed deposit scheme,https://www.sharesansar.com/newsdetail/ncc-bank-fixed-deposit-scheme,"KATHMANDU, MAR 18:
NCC Bank has launched a new fixed deposit scheme titled ‘NCC Subham Muddati Khata’ for 180 days. The scheme with available interest of 7.5 per cent will give the principal amount with added interest after completing 180 days period, it said. Similarly, it has also increased interest rates on other deposit schemes, it said, adding customers that have opened savings accounts are entitled to medical insurance of up to Rs 10,000 and accident insurance of up to Rs 0.5 million.
Source: THT",-0.4043633043766022
2013-03-04,"Nepal Credit & Commerce Bank Limited has announced its 15th AGM going to be held on 29th Chaitra, 2069.",https://www.sharesansar.com/newsdetail/nepal-credit-commerce-bank-limited-has-announced-its-15th-agm-going-to-be-held-on-29th-chaitra-2069,"Nepal Credit & Commerce Bank Limited has announced its 15th AGM going to be held on 29th Chaitra, 2069.",0.9135489463806152
2013-01-27,NCC Bank Limited has posted net profit of Rs 155.50 millions and published its 2nd quarter company analysis of the fiscal year 2069/70.,https://www.sharesansar.com/newsdetail/ncc-bank-limited-has-posted-net-profit-of-rs-155-50-millions-and-published-its-2nd-quarter-company-analysis-of-the-fiscal-year-206970,NCC Bank Limited has posted net profit of Rs 155.50 millions and published its 2nd quarter company analysis of the fiscal year 2069/70.,0.8956010341644287
2013-01-13,"NCC Bank Limited has cancelled auction of 30,48,083 units Ordinary Shares of National Hydro Power Co. Limited of its defaulters.",https://www.sharesansar.com/newsdetail/ncc-bank-limited-has-cancelled-auction-of-3048083-units-ordinary-shares-of-national-hydro-power-co-limited-of-its-defaulters,"NCC Bank Limited has cancelled auction of 30,48,083 units Ordinary Shares of National Hydro Power Co. Limited of its defaulters.",0.2039097100496292
2012-12-27,"NCC Bank Limited is going to auction 30,48,083 units Share of National Hydropower Company Limited of its defaulters from 12th to 26th Poush, 2069.",https://www.sharesansar.com/newsdetail/ncc-bank-limited-is-going-to-auction-3048083-units-share-of-national-hydropower-company-limited-of-its-defaulters-from-12th-to-26th-poush-2069,"NCC Bank Limited is going to auction 30,48,083 units Share of National Hydropower Company Limited of its defaulters from 12th to 26th Poush, 2069.",0.9218268394470215
2012-11-08,NCC Bank Limited has posted net profit of Rs.46.96 million and published its 1st quarter company analysis of the fiscal year 2069/70.,https://www.sharesansar.com/newsdetail/ncc-bank-limited-has-posted-net-profit-of-rs-46-96-million-and-published-its-1st-quarter-company-analysis-of-the-fiscal-year-206970,NCC Bank Limited has posted net profit of Rs.46.96 million and published its 1st quarter company analysis of the fiscal year 2069/70.,0.8853548169136047
2012-08-19,Nepal Credit And Commerce Bank Limited has posted net profit of Rs 176.11 million and published its 4th quarter company analysis of the fiscal year 2068/69.,https://www.sharesansar.com/newsdetail/nepal-credit-and-commerce-bank-limited-has-posted-net-profit-of-rs-176-11-million-and-published-its-4th-quarter-company-analysis-of-the-fiscal-year-206869,Nepal Credit And Commerce Bank Limited has posted net profit of Rs 176.11 million and published its 4th quarter company analysis of the fiscal year 2068/69.,0.8658539652824402
2012-06-07,"NCC Bank Limited is selling 1,46,000 ordinary shares of NB Insurance Company Limited in auction from (25th Jestha, 2069 to 7th Asad, 2069).",https://www.sharesansar.com/newsdetail/ncc-bank-limited-is-selling-146000-ordinary-shares-of-nb-insurance-company-limited-in-auction-from-25th-jestha-2069-to-7th-asad-2069,"NCC Bank Limited is selling 1,46,000 ordinary shares of NB Insurance Company Limited in auction from (25th Jestha, 2069 to 7th Asad, 2069).",0.9077098369598389
2012-05-21,NCC Bank Limited has published its 14th AGM minute.,https://www.sharesansar.com/newsdetail/ncc-bank-limited-has-published-its-14th-agm-minute,NCC Bank Limited has published its 14th AGM minute.,0.9157030582427979
2012-05-17,"NCC Bank Limited is selling 92,093 units ordinary shares in auction of Nepal Bank Limited to the general public from today (04th Jestha, 2069).",https://www.sharesansar.com/newsdetail/ncc-bank-limited-is-selling-92093-units-ordinary-shares-in-auction-of-nepal-bank-limited-to-the-general-public-from-today-04th-jestha-2069,"NCC Bank Limited is selling 92,093 units ordinary shares in auction of Nepal Bank Limited to the general public from today (04th Jestha, 2069).",0.893728494644165
2012-05-11,NCC Bank Limited has published its 14th AGM approved audited financial highlights of the fiscal year 2067/68.,https://www.sharesansar.com/newsdetail/ncc-bank-limited-has-published-its-14th-agm-approved-audited-financial-highlights-of-the-fiscal-year-206768,NCC Bank Limited has published its 14th AGM approved audited financial highlights of the fiscal year 2067/68.,0.8588591814041138
2012-04-17,NCC Bank Limited has posted net profit of Rs.115.29 million and published its third quarter company analysis of the fiscal year 2068/69.,https://www.sharesansar.com/newsdetail/ncc-bank-limited-has-posted-net-profit-of-rs-115-29-million-and-published-its-third-quarter-company-analysis-of-the-fiscal-year-206869,NCC Bank Limited has posted net profit of Rs.115.29 million and published its third quarter company analysis of the fiscal year 2068/69.,0.8887388706207275
2012-02-15,NCC Bank Limited has announced its 14th Annual General Meeting going to be held on 7th Chaitra 2068.,https://www.sharesansar.com/newsdetail/ncc-bank-limited-has-announced-its-14th-annual-general-meeting-going-to-be-held-on-7th-chaitra-2068,"NCC Bank Limited has announced its 14
th
Annual General Meeting going to be held on 7
th
Chaitra 2068.",0.9161204099655151
2012-02-03,NCC Bank Limited has posted net profit of Rs.74.40 million and published its second quarter company analysis of the fiscal year 2068/69.,https://www.sharesansar.com/newsdetail/ncc-bank-limited-has-posted-net-profit-of-rs-74-40-million-and-published-its-second-quarter-company-analysis-of-the-fiscal-year-206869,NCC Bank Limited has posted net profit of Rs.74.40 million and published its   second quarter company analysis of the fiscal year 2068/69.,0.887885332107544
2011-12-22,"NCC Bank Limited is selling 1,46,000 units of NB Insurance share on auction from today (7th Poush 2068).",https://www.sharesansar.com/newsdetail/ncc-bank-limited-is-selling-146000-units-of-nb-insurance-share-on-auction-from-today-7th-poush-2068,"NCC Bank Limited is selling 1,46,000 units of NB Insurance share on auction from today (7th Poush 2068).",0.9032555818557739
2011-12-20,"NCC Bank Limited is selling 92,093 units of Nepal Bank Limited share on auction from today (5th Poush 2068).",https://www.sharesansar.com/newsdetail/ncc-bank-limited-is-selling-92093-units-of-nepal-bank-limited-share-on-auction-from-today-5th-poush-2068,"NCC Bank Limited is selling 92,093 units of Nepal Bank Limited share on auction from today (5
th
Poush 2068).",0.8795478940010071
2011-11-16,NCC Bank Limited has posted net profit of Rs.21.84 million and published its first quarter company analysis of the fiscal year 2068/69.,https://www.sharesansar.com/newsdetail/ncc-bank-limited-has-posted-net-profit-of-rs-21-84-million-and-published-its-first-quarter-company-analysis-of-the-fiscal-year-206869,NCC Bank Limited has posted net profit of Rs.21.84 million and published its first quarter company analysis of the fiscal year 2068/69.,0.8832610845565796
2011-08-20,NCC Bank Limited has posted net profit of Rs.220.89 million and published its fourth quarter company analysis of the fiscal year 2067/68.,https://www.sharesansar.com/newsdetail/ncc-bank-limited-has-posted-net-profit-of-rs-220-89-million-and-published-its-fourth-quarter-company-analysis-of-the-fiscal-year-206768,NCC Bank Limited has posted net profit of Rs.220.89 million and published its fourth quarter company analysis of the fiscal year 2067/68.,0.8785760998725891
2011-08-01,NCC Bank Limited has announced its special general meeting going to be held on 31st Shrawan 2068.,https://www.sharesansar.com/newsdetail/ncc-bank-limited-has-announced-its-special-general-meeting-going-to-be-held-on-31st-shrawan-2068,NCC Bank Limited has announced its special general meeting going to be held on 31st Shrawan 2068.,0.9231037497520447
2011-06-29,"NCC Bank Limited has published a notice regarding cancellation of its upcoming proposed Special General meeting of 17th Asad, 2068.",https://www.sharesansar.com/newsdetail/ncc-bank-limited-has-published-a-notice-regarding-cancellation-of-its-upcoming-proposed-special-general-meeting-of-17th-asad-2068,"NCC Bank Limited has published a notice regarding cancellation of its upcoming proposed Special General meeting of 17th Asad, 2068.",0.5006409287452698
2011-06-29,"Nepal Credit and Commerce Bank is again going to sell 1,46,000 units shares of NB Insurance Company Limited on auction to the general public from today.",https://www.sharesansar.com/newsdetail/nepal-credit-and-commerce-bank-is-again-going-to-sell-146000-units-shares-of-nb-insurance-company-limited-on-auction-to-the-general-public-from-today,"Nepal Credit and Commerce Bank is again going to sell 1,46,000 units shares of NB Insurance Company Limited on auction to the general public from today.",0.8715105652809143
2011-06-28,"Nepal Credit and Commerce Bank is again going to sell unsold 92,093 units share of  Nepal Bank Limited on auction to the general public from today.",https://www.sharesansar.com/newsdetail/nepal-credit-and-commerce-bank-is-again-going-to-sell-unsold-92093-units-share-of-nepal-bank-limited-on-auction-to-the-general-public-from-today,"Nepal Credit and Commerce Bank is again going to sell unsold 92,093 units
share of  Nepal Bank Limited on auction to the general public from today.",0.8472958207130432
2011-06-16,NCC Bank Limited have announced its special general meeting going to be held on 17th Ashad 2068.,https://www.sharesansar.com/newsdetail/ncc-bank-limited-have-announced-its-special-general-meeting-going-to-be-held-on-17th-ashad-2068,NCC Bank Limited have announced its special general meeting going to be held on 17th Ashad 2068.,0.9250268936157227
2011-06-13,Nepal Credit and Commerce Bank Limited is selling its 3285 units ordinary share on auction from today (30th Jestha 2068).,https://www.sharesansar.com/newsdetail/nepal-credit-and-commerce-bank-limited-is-selling-its-3285-units-ordinary-share-on-auction-from-today-30th-jestha-2068,Nepal Credit and Commerce Bank Limited is selling its 3285 units ordinary share on auction from today (30th Jestha 2068).,0.8876662850379944
2011-06-02,"NCC Bank Limited is selling NB Insurance (cross holding) 1,46,000 units ordinary shares on auction from today (19th Jestha 2068).",https://www.sharesansar.com/newsdetail/ncc-bank-limited-is-selling-nb-insurance-cross-holding-146000-units-ordinary-shares-on-auction-from-today-19th-jestha-2068,"NCC Bank Limited is selling NB Insurance (cross holding) 1,46,000 units ordinary shares on auction from today (19th Jestha 2068).",0.910320520401001
2011-06-01,"NCC Bank Limited is selling Nepal Bank Limited (cross holding) 1,89,093 units ordinary shares on auction from today (18th Jestha 2068).",https://www.sharesansar.com/newsdetail/ncc-bank-limited-is-selling-nepal-bank-limited-cross-holding-189093-units-ordinary-shares-on-auction-from-today-18th-jestha-2068,"NCC Bank Limited is selling Nepal Bank Limited (cross holding) 1,89,093 units ordinary shares on auction from today (18th Jestha 2068).",0.9066913723945618
2011-05-23,NCC Bank gets CEO,https://www.sharesansar.com/newsdetail/ncc-bank-gets-ceo,"KATHMANDU, May 23:
NCC Bank has appointed Dr Pushkar Rajkarnikar as its chief executive director effective from May 18. Dr Rajkarnikar, who was a member of National Planning Commission and deputy governor of Nepal Rastra Bank, joined when former NCC Bank CEO Ratna Raj Bajracharya joined Global Bank after his contract with NCC completed last month. Dr Rajkarnikar was also a board of director of the bank since last 12 years.
Source: THT",0.9149311780929565
2011-05-05,Nepal Credit And Commerce Bank Limited has published an unaudited 3rd quarter financial report and the company analysis of the fiscal year 2067/68.,https://www.sharesansar.com/newsdetail/nepal-credit-and-commerce-bank-limited-has-published-an-unaudited-3rd-quarter-financial-report-and-the-company-analysis-of-the-fiscal-year-206768,Nepal Credit And Commerce Bank Limited has published an unaudited 3rd quarter financial report and the company analysis of the fiscal year 2067/68.,0.8974437117576599
