Date,Headline,Link,Full Content,Sentiment_Score
2025-09-08,Oriental Hotel Limited Calls AGM on Ashwin 31 With An Agenda to Issue Right Shares,https://www.sharesansar.com/newsdetail/oriental-hotel-limited-calls-agm-on-ashwin-31-with-an-agenda-to-issue-right-shares-2025-09-08,"Oriental Hotel Limited (OHL)
has called its 28th AGM on 31st Ashwin, 2082. The meeting will be held in the Nepal Administrative Training Institute, Jawalakhel, Lalitpur, starting at 11 am that day.
These are the agendas of the AGM:
1) Endorsement of the annual report of the company
2) Endorse the auditor's report of 2081/082 with PNL statements, financial reports, and cash flow reports.
3) Appointment of the auditor and determination of their remuneration for the fiscal year 2082/83.
4) To elect 6 boards of directors from the promoter shareholding group and to approve the appointment of an independent director.
5) Miscellaneous.
Among the other agendas, there is an agenda to issue the right shares at a 1:0.2663 ratio to increase the company's authorized and issued capital. The company's current paid-up capital is Rs. 1.18 Arba.
The book closure date is announced on Ashwin 02. Investors who maintained before that day are eligible to attend the AGM.
AGM Notice:",0.8975785374641418
2025-05-19,Seize Nepal’s Hospitality Goldrush: OHL’s Premium Pivot or Lazimpat’s NPR 800 Crore 5-Star Powerhouse Investment!,https://www.sharesansar.com/newsdetail/seize-nepals-hospitality-goldrush-ohls-premium-pivot-or-lazimpats-npr-800-crore-5-star-powerhouse-investment-2025-05-19,"1. Executive Summary
Oriental Hotels Limited (OHL), operating the Radisson Hotel Kathmandu (260 rooms, Lazimpat), is a key player in Nepal’s 5-star hospitality sector. This report evaluates OHL’s investment potential in the secondary market and the feasibility of building and operating a new 260-room 5-star hotel in Lazimpat, equivalent to OHL’s Radisson, from an investor’s perspective. Key metrics include construction costs, timelines, operational requirements, and market valuations, with OHL’s current share price sourced from Nepalstock.com. Investors should weigh OHL’s high valuation against risks and consider the new hotel’s long-term potential amid Nepal’s tourism growth.
2. OHL Investment Overview
2.1 Company Profile
• Business:
Operates Radisson Hotel Kathmandu, a 260-room 5-star hotel in Lazimpat, with 6 restaurants, spa, fitness center, and meeting spaces for 800 people (Radisson Hotels).
• Financials
(FY 2080-81, Q2 2081/82):
o Revenue: ~NPR 350 crore (-12.21% YoY).
o Net Income: ~NPR 97.72 million (-46% YoY).
o EPS: NPR 8.25.
o Book Value per Share: NPR 343.59.
2.2 Current Share Price and Valuation
• Share Price:
NPR 947 (as of May 18, 2025, Nepalstock.com).
• Market Capitalization:
NPR 947 × 11,844,950 shares =
NPR 11,195,254,492.50
(~NPR 1195.52 crore).
• Valuation Metrics:
o P/E Ratio: 114.78 (NPR 947 ÷ NPR 8.25), significantly above peer Soaltee Hotel’s P/E of ~20, indicating potential overvaluation.
o P/B Ratio: 2.75 (NPR 947 ÷ NPR 343.59), reasonable compared to hospitality norm of ~2.
o Conservative Valuation:
▪ P/E = 20: NPR 8.25 × 20 × 11,844,950 = NPR 1,954,416,750 (~NPR 195.44 crore).
▪ P/B = 2: NPR 343.59 × 2 × 11,844,950 = NPR 8,139,554,462 (~NPR 813.96 crore).
• Investment Insight:
OHL’s high P/E (114.78) and -46% earnings decline reflects economic slowdown and competition risks (19 five-star hotels, New Business Age). The share price (NPR 947) exceeds conservative valuations, suggesting caution for secondary market investors.
3. New 260-Room 5-Star Hotel in Lazimpat
3.1 Construction Costs and Timeline
• Total Cost: NPR 3,998,767,500
(~NPR 399.88 crore), including:
o Construction: NPR 2,962,050,000 (~NPR 296.21 crore) for 175,000 sq.ft. at NPR 16,926/sq.ft., adjusted for 2025 inflation (6%), commercial use (2.5x), and Lazimpatpremium (10%).
o Additional Costs: NPR 1,036,717,500 (~NPR 103.67 crore) for equipment (20%), permits (5%), and contingency (10%).
• Timeline: 3.5–4 years
(42–48 months), including design/permits (9 months), construction (24 months), and fit-out (9 months). Delays possible due to Lazimpat’s traffic and monsoon disruptions (The Longest Way Home).
• Investor Insight:
High upfront capital (NPR 399.88 crore) and 3.5–4-year timeline requires significant funding and patience, suitable for long-term investors with risk tolerance.
3.2 Construction-Based Valuation
• Valuation: NPR 5,398,336,125
(~NPR 539.83 crore), based on 1.35x replacement cost (NPR 3,998,767,500), reflecting tourism growth (1.01 million arrivals in 2023, targeting 2.5 million by 2034).
• Investor Insight:
The NPR 539.83 crore valuation upon completion offers a potential 35% appreciation over construction cost, but liquidity in the secondary market depends on project execution and tourism recovery.
4. Operational Requirements and Costs
4.1 Time to Full Phase
• Total Time: 4.5–7 years
(3.5–4 years construction + 1–3 years ramp-up to 60–70% occupancy).
• Ramp-Up:
o Year 1: 30–40% occupancy (domestic tourists, MICE events).
o Year 2: 50–60% occupancy (growing international arrivals).
o Year 3: 60–70% occupancy (mature operations, per OHL and Soaltee Hotel).
• Investor Insight:
The 4.5–7-year horizon to profitability delays returns, requiring investors to focus on long-term tourism growth (2.5 million tourists by 2034).
4.2 Effort and Operational Costs
• Effort:
o Staffing:
350 staff (1.35/room), with 3–6 months pre-opening training and 10–15% annual turnover.
o Marketing:
NPR 15–20 million pre-opening, NPR 20–30 million annually post-opening, targeting MICE and international tourists.
o Management:
Robust systems (PMS, POS) and quality control for 5-star standards.
• Costs:
o Pre-Opening:
NPR 38,000,000 (~NPR 3.8 crore) for training, marketing, and systems.
o First 3 Years:
NPR 3,215,846,000 (~NPR 321.58 crore), escalating from NPR 79.45 crore (Year 1) to NPR 132.41 crore (Year 3).
o Annual (Full Phase):
NPR 1,324,102,500 (~NPR 132.41 crore), including staff (NPR 12.6 crore), F&B (NPR 60 crore), and franchise fees (NPR 20 crore).
• Revenue (Full Phase):
NPR 400 crore (NPR 77.11 crore from rooms at 65% occupancy, NPR 12,500 ADR; rest from F&B, MICE).
• Investor Insight:
High operational costs (NPR 321.58 crore over 3 years) and staffing/marketing efforts demand efficient management. The NPR 400 crore revenue potential at full phase offers a 10% net profit margin (NPR 40 crore), attractive for patient investors.
5. Operational-Phase Valuation
• Valuation: NPR 8,000,000,000
(~NPR 800 crore), averaging:
o Cost-Based: NPR 5,398,336,125 (1.35x replacement cost).
o P/E (20): NPR 8,000,000,000 (NPR 40 crore net profit × 20).
o P/S (2): NPR 8,000,000,000 (NPR 400 crore revenue × 2).
• Rationale:
Balances construction cost (NPR 399.88 crore), revenue potential, and risks (OHL’s P/E 114.78, -46% earnings, competition from 19 five-star hotels, New Business Age). DCF valuation (NPR 4,158 crore) is excluded due to optimistic growth assumptions.
• Investor Insight:
The NPR 800 crore valuation at full phase (Year 3 post-opening) suggests a 100% appreciation over construction cost, driven by Nepal’s tourism growth. However, competition and supply- demand gap pose risks.
6. Investment Considerations
6.1 OHL Secondary Market
• Pros:
o Established brand (Radisson) with 260 rooms in prime Lazimpat location.
o Strong MICE-driven revenue (92% jump in 2022–23, Kathmandu Post).
o Book value (NPR 343.59) supports P/B of 2.62, reasonable for hospitality.
• Cons:
o High P/E (114.78) and -46% earnings decline signal overvaluation and economic risks.
o Share price (NPR 947) exceeds conservative valuation (NPR 195.44–813.96 crore), suggesting limited upside.
o Competition from 19 five-star hotels pressures occupancy and margins.
• Recommendation: Hold or sell.
Investors should monitor Q3 2081/82 earnings for recovery signs.
New entrants may find NPR 947 overpriced; consider waiting for a dip to NPR 700–800 (P/E ~20).
6.2 New Hotel Investment
• Pros:
o Modern facilities could outperform OHL, targeting NPR 400 crore revenue and NPR 8,000 crore valuation at full phase.
o Tourism growth (2.5 million tourists by 2034, RisingNepalDaily.com) supports long-term demand.
o Lazimpat’s prime location enhances MICE and international appeal.
• Cons:
o High capital (NPR 399.88 crore) and operational costs (NPR 321.58 crore over 3 years).
o Long timeline (4.5–7 years) delays returns, with risks from competition and tourism uncertainty.
• Recommendation:
Long-Term Buy for Institutional Investors.
Suitable for funds with 7–10-year horizons, leveraging Nepal’s tourism potential. Retail investors may find the timeline and risks prohibitive.
7. Risks and Mitigation
• Economic Slowdown:
OHL’s -46% earnings decline reflects macro risks. Monitor Nepal Rastra Bank reports for stability.
• Competition:
19 five-star hotels, including Hotel Lhasa International (107 rooms, Lazimpat) and
InterContinental (225 rooms), increase supply pressure. Differentiate via superior branding and MICE focus.
• Tourism Uncertainty:
1.01 million arrivals in 2023 vs. 2.5 million needed. Track Nepal Tourism Board’s 2025–34 plan (RisingNepalDaily.com).
• Execution Risk:
Construction delays and cost overruns possible in Lazimpat. Use experienced contractors and modular techniques.
8. Conclusion
OHL’s Radisson Hotel Kathmandu offers a stable but overvalued investment at NPR 947/share (P/E 114.78, market cap NPR 1,195.52 crore), with risks from earnings decline (-46% YoY) and competition. Investors should hold or sell, awaiting better entry points. Building a new 260-room 5-star hotel in Lazimpat costs NPR 399.88 crore, takes 3.5–4 years, and is valued at NPR 539.83 crore upon completion. Operating at full phase (60–70% occupancy) requires 4.5–7 years and NPR 321.58 crore over 3 years, achieving NPR 400 crore revenue and NPR 800 crore valuation. The new hotel is a high-risk, high-reward opportunity for long-term investors, driven by Nepal’s tourism growth but challenged by competition and economic risks.
Article By: Manju Giri Puri
MA Economics Researcher",0.7485227584838867
2025-01-24,Bonus Shares of Oriental Hotel Limited Now Listed in NEPSE,https://www.sharesansar.com/newsdetail/bonus-shares-of-oriental-hotel-limited-now-listed-in-nepse-2025-01-24,"5,64,045.22 unit bonus shares of
Oriental Hotels Limited (OHL)
have been listed in NEPSE.
The company convened its 27th AGM on Ashwin 20, 2081, and endorsed a 5.26316% dividend of FY 2080/81 for shareholders. The board of directors meeting has proposed a 5.26316% dividend for the fiscal year 2080/81. A 5% bonus shares worth Rs. 5.64 Crores and 0.26316% cash dividend worth Rs. 29.68 lakhs (including tax) were proposed. The company's existing paid-up capital is Rs. 1.12 Arba. The same bonus shares are now listed in NEPSE.
As of writing, OHL has an LTP of Rs. 916.00.",0.8927406668663025
2024-09-22,Don't Forget! Last Day to Grab Dividend Proposed by CEDB Hydropower And Oriental Hotel Limited,https://www.sharesansar.com/newsdetail/dont-forget-last-day-to-grab-dividend-proposed-by-cedb-hydropower-and-oriental-hotel-limited-2024-09-22,"Today is the last day to grab the 11% dividend proposed by
CEDB Hydropower Development Company Limited (CHDC).
The company called its AGM on 21st Ashwin, 2081. The meeting will be held in Kalimati Banquet, Kalimati, Kathmandu, starting at 10:00 AM that day.
Among the other agendas, the AGM will endorse an 11% dividend for the fiscal year 2080/81. At the board of directors meeting on Bhadra 29, the board decided to distribute the dividend on the paid-up capital of Rs. 93.17 Crore. 11% bonus shares have been proposed. Thus, the bonus shares are worth Rs. 10.24 crores.
The book closure date is on Ashwin 7. Thus, shareholders are still entitled to the dividend payout and can attend this AGM.
Similarly, Today is the last day to grab the 5.26316% dividend proposed by
Oriental Hotel Limited (OHL).
The company called its 27th AGM on Ashwin 20, 2081. The meeting will be held in the Nepal Administrative Training Institute, Jawalakhel, Lalitpur, starting at 11 am that day.
The board of directors meeting has proposed a 5.26316% dividend for the fiscal year 2080/81. A 5% bonus shares worth Rs. 5.64 Crores and 0.26316% cash dividend worth Rs. 29.68 lakhs (including tax) has been proposed. The company's existing paid-up capital is Rs. 1.12 Arba.
The book closure date is on Ashwin 7. Thus, shareholders are still entitled to the dividend payout and can attend this AGM.",0.9082760214805603
2024-09-13,Oriental Hotel Limited Proposes 5.26316% Dividend for FY 2080/81; AGM To Be Convened on Ashwin 20,https://www.sharesansar.com/newsdetail/oriental-hotel-limited-proposes-526316-dividend-for-fy-208081-agm-to-be-convened-on-ashwin-20-2024-09-13,"Oriental Hotel Limited (OHL)
proposes a 5.26316% dividend for FY 2080/81 and has called the 27th AGM on Ashwin 20, 2081.
The meeting of the board of directors has proposed a 5.26316% dividend for the fiscal year 2080/81. A 5% bonus shares worth Rs. 5.64 Crores and 0.26316% cash dividend worth Rs. 29.68 lakhs (including tax) has been proposed. The company's existing paid-up capital is Rs. 1.12 Arba.
The book closure date is on Ashwin 7. Thus, investors maintained before that date are entitled to the dividend payout and can also attend the AGM.
OHL closed at Rs. 1,074.00.
Dividend History:",0.9201652407646179
2024-08-25,Delving into Q4 2080/81: Performance Analysis of Leading Hotel Companies with Key Financial Insights,https://www.sharesansar.com/newsdetail/delving-into-q4-208081-performance-analysis-of-leading-hotel-companies-with-key-financial-insights-2024-08-25,"The fourth-quarter reports for the fiscal year 2080/81 have been publicly disclosed by six companies from Nepal’s hotels and tourism sector, providing a detailed insight into their financial performance. This analysis aims to meticulously evaluate the financial health of these companies, focusing on their unaudited fourth-quarter results for FY 2080/81.
Net Profit:
Among the hotels, Soaltee Hotel Limited (SHL) reported the highest net profit for the period, amounting to Rs. 60.11 Crores. Taragaon Regency Hotel Limited (TRH) follows closely, with a net profit of Rs. 51.83 Crores. Chandragiri Hills Limited (CGH) secured the third position with a net profit of Rs. 22.34 Crores.
Notably, Chandragiri Hills Limited (CGH) demonstrated the highest growth in net profit at 99.39% for Q4 FY 2080/81.
Paid-up Capital:
Taragaon Regency Hotel Limited (TRH) leads the sector with the highest paid-up capital, amounting to Rs. 196.21 Crores. City Hotels Limited (CITY) holds the second-highest position with a paid-up capital of Rs. 167.40 Crores. In contrast, Kalinchowk Darshan Limited (KDL) reported the lowest paid-up capital at Rs. 59.64 Crores.
Retained Earnings and Reserves:
Oriental Hotel Limited (OHL) leads in retained earnings and reserves with Rs. 274.59 Crores. Soaltee Hotel Limited (SHL) follows with Rs. 143.31 Crores, while Taragaon Regency Hotel Limited (TRH) ranks third with Rs. 91.47 Crores.
On the other hand, Chandragiri Hills Limited (CGH) and City Hotels Limited (CITY) reported negative reserves and surpluses.
Loans and Long-Term Liabilities:
As of Q4 2080/81, the total loans and long-term liabilities of hotels reached Rs. 3.86 Arba, with an average loan size of Rs. 64.46 Crores. City Hotels Limited (CITY) disbursed the highest loan amount at Rs. 325.1 Crores. Chandragiri Hills Limited (CGH) and Oriental Hotel Limited (OHL) are followed by loans of Rs. 201.6  Crores and Rs. 144.30 Crores, respectively.
Net Fixed Assets:
City Hotels Limited (CITY) leads with net fixed assets of Rs. 467.02 Crores. Oriental Hotel Limited (OHL) comes in second with Rs. 425.80 Crores, followed by Chandragiri Hills Limited (CGH), which reported a net fixed assets of Rs. 300.86 Crores.
Investment:
Soaltee Hotel Limited (SHL) recorded the highest investment of Rs. 36.08 Crores, followed by City Hotels Limited (CITY) with Rs. 35.82 Crores. Meanwhile, Oriental Hotel Limited (OHL) reported the lowest investment for this period.
Operating Income:
As of Q4 2080/81, the operating income of hotels reached Rs. 7.13 Arba, with an average operating income of Rs. 1.19 Arba. Soaltee Hotel Limited (SHL) disbursed the highest operating income of Rs. 2.5 Arba. Taragaon Regency Hotel Limited (TRH) and Oriental Hotel Limited (OHL) follow with operating income of Rs. 1.74 Arba and Rs. 1.22 Arba, respectively.
Operating Expenses:
The operating expenses of hotels reached Rs. 4.31 Arba, with an average operating expenses of Rs. 72 Crores. Soaltee Hotel Limited (SHL) disbursed the highest operating expenses of Rs. 1.61 Arba. Taragaon Regency Hotel Limited (TRH) and Oriental Hotel Limited (OHL) follow with operating expenses of Rs. 1 Arba and Rs. 86 Crores, respectively.
Earnings Per Share (EPS):
Taragaon Regency Hotel Limited (TRH) topped the list in terms of earnings per share (EPS), reporting Rs. 26.41 per share. Chandragiri Hills Limited (CGH) followed with an EPS of Rs. 14.56 per share.
*SHL -Par Value is Rs 10
Net Worth Per Share:
Oriental Hotel Limited (OHL) reported the highest net worth per share at Rs. 343.41, followed by Taragaon Regency Hotel Limited (TRH) at Rs. 146.62 and Kalinchowk Darshan Limited (KDL) at Rs. 101.30. The average net worth per share across the 6 companies stands at Rs. 134.45.
*SHL -Par Value is Rs 10
Price-to-Earnings (P/E) Ratio:
The P/E ratio, which indicates the price investors pay for each rupee of earnings, shows Taragaon Regency Hotel Limited (TRH) with the lowest P/E ratio at 30.55 times. In contrast, Kalinchowk Darshan Limited (KDL) reported the highest P/E ratio at 261.88 times. It is essential for investors to examine a company's fundamentals, as a lower valuation might indicate underlying issues. The P/E ratio is calculated based on the quarter-end closing prices, and current prices in the secondary market may differ.
Finally, the table below provides a full picture of the major indicators of hotel companies as of the fourth quarter of FY 2080-2081.",0.5160306692123413
2023-11-28,How Many Listed Companies Have Declared Dividend So Far of Last Fiscal Year,https://www.sharesansar.com/newsdetail/how-many-listed-companies-have-declared-dividend-so-far-of-last-fiscal-year-2023-11-28,"Companies listed in NEPSE have declared the dividend (both cash and bonus) for the fiscal year 2079/80. Proposed Dividend is the dividends that are distributed among the shareholders of the company during a financial year and will be paid in the Next Year. Hence, the dividends of last FY-79/80 are distributed in this FY 80/81.
Investors do not just earn from the rise in the share price of their portfolio stocks. They also earn from the dividends and bonuses announced by the company from time to time. Hence, it becomes important for secondary market enthusiasts to know the names of stocks that are going to pay dividends in the near future.
The book closure date marks when a company finalizes its books for dividend distribution. While investors can purchase shares after this date, they won't receive dividends. To qualify for the company's dividend, one needs to buy shares before the book closure date and hold onto them until that date. For instance, buying shares on the day preceding the book closure still grants eligibility for the dividend, even if the shares are sold on the closure date.
Commercial Banks
10 commercial banks have already proposed the dividend for the fiscal year 2079/80. Among them, NIC Asia Bank has proposed the highest dividend, i.e. 30.52%. Similarly, Citizens International Bank and Siddhartha Bank have paid the lowest dividends, i.e. 5.79% and 4.21% respectively.
Commercial Bank
S.N.
Symbol
Company
Bonus Dividend (%)
Cash Dividend (%)
Total Dividend (%)
Book Closure Date
1
NICA
NIC Asia Bank Limited
29
1.52
30.52
2023-10-03 (Closed)
2
EBL
Everest Bank Limited
10
10.53
20.53
2023-10-03 (Closed)
3
SCB
Standard Chartered Bank Nepal Limited
19
19
2023-11-23 (Closed)
4
SANIMA
Sanima Bank Limited
9
5.7
14.7
2023-10-09 (Closed)
5
MBL
Machhapuchchhre Bank Limited
13.3
0.7
14
2023-09-25 (Closed)
6
NABIL
Nabil Bank Limited
11
11
7
SBI
Nepal SBI Bank Limited
3.75
6.8
10.55
8
GBIME
Global IME Bank Limited
1
8
9
11/29/2023
9
CZBIL
Citizens Bank International Limited
5.79
5.79
2023-10-02 (Closed)
10
SBL
Siddhartha Bank Limited
4.21
4.21
2023-11-07 (Closed)
Development Bank
Similarly, 3 of the total 17 development banks listed in NEPSE have declared the dividend for the fiscal year 2079/80. Except for the Miteri Development Bank, all other development banks' book closure dates have already elapsed. As of now, Shine Resunga Development Bank Limited and Miteri Development Bank have paid the highest dividend viz. 11.05% and 10% respectively. Accordingly, Shangrila Development Bank Limited has paid the lowest dividend of 5.263%.
Development Bank
S.N.
Symbol
Company
Bonus Dividend (%)
Cash Dividend (%)
Total Dividend (%)
Book Closure Date
1
SHINE
Shine Resunga Development Bank Limited
10.5
0.55
11.05
2023-11-27 [Closed]
2
MDB
Miteri Development Bank Limited
9.5
0.5
10
3
SADBL
Shangrila Development Bank Limited
5
0.263
5.263
2023-11-27 [Closed]
Finance
None of the finance companies have proposed any dividend for the fiscal year 2079/80.
Micro-Finance
6 microfinance companies listed in NEPSE have declared the dividend for the fiscal year 2079/80 so far. Unique Laghubitta Bittiya Sanstha Limited paid the highest dividend of 20% followed by Dhaulagiri Laghubitta Bittiya Sanstha Limited (DLBS) and NIC Asia Laghubitta Bittiya Sanstha paying 15% of the dividend (Both bonuses as well as cash).
However, 4 out of the 6 microfinance companies are yet to declare their book closure; UNLB, DLBS, SMB, and SWBBL.
Microfinance
S.N.
Symbol
Company
Bonus Dividend (%)
Cash Dividend (%)
Total Dividend (%)
Book Closure Date
1
UNLB
Unique Nepal Laghubitta Bittiya Sanstha Limited
19
1
20
2
DLBS
Dhaulagiri Laghubitta Bittiya Sanstha Limited
14.25
0.75
15
3
NICLBSL
NIC Asia Laghubitta Bittiya Sanstha Limited
15
15
12/11/2023
4
SMB
Support Laghubitta Bittiya Sanstha Limited
13
0.6842
13.6842
5
SWBBL
Swabalamban Laghubitta Bittiya Sanstha Limited
12.3599
0.6505
13.0104
6
RSDC
RSDC Laghubitta Bittiya Sanstha Limited
8.6
0.4526
9.0526
2023-11-23 [Closed]
Hydropower
2 hydropower companies have declared the dividend for the fiscal year 2079/80. As of now, Sanima Mai Hydro Company Limited has paid the highest, i.e. 10%. The book closure date of all of hydropower companies has elapsed.
Hydropower
S.N.
Symbol
Company
Bonus Dividend (%)
Cash Dividend (%)
Total Dividend (%)
Book Closure Date
1
SHPC
Sanima Mai Hydropower Limited
10
0.5263
10.53
2023-10-11 [Closed]
2
MANDU
Mandu Hydropower Limited
10
10
2023-11-20 [Closed]
Mutual Funds
19 mutual fund schemes have also unveiled the dividend. Sanima Equity Fund proposed the highest (18% cash dividend) for the fiscal year 2079/80. However, the book closure date of all of these funds has elapsed.
Mutual Funds
S.N.
Symbol
Company
Bonus Dividend (%)
Cash Dividend (%)
Total Dividend (%)
Book Closure Date
1
CMF2
Citizens Mutual Fund - 2
0
8
8
2023-09-05 [Closed]
2
GIBF1
Global IME Balance Fund-I
5
5
2023-10-12 [Closed]
3
KDBY
Kumari Dhanabriddhi Yojana
6
6
2023-09-04 [Closed]
4
KEF
Kumari Equity Fund
10
10
2023-09-04 [Closed]
5
LEMF
Laxmi Equity Fund
8
8
2023-08-17 [Closed]
6
LUK
Laxmi Unnati Kosh
9.5
9.5
2023-08-17 [Closed]
7
NADDF
NIC Asia Dynamic Debt Fund
10
10
2023-08-04 [Closed]
8
NBF2
Nabil Balanced Fund - 2
9.6
9.6
2023-10-13 [Closed]
9
NIBLPF
NIBL Pragati Fund
6.8
6.8
2023-09-19 [Closed]
10
NIBLSF
NIBL Sahabhagita Fund
4
4
2023-07-27 [Closed]
11
NICBF
NIC ASIA Balanced Fund
10
10
2023-11-08 [Closed]
12
NICGF
NIC Asia Growth Fund
10.5
10.5
2023-11-08 [Closed]
13
NMB50
NMB 50
15
15
2023-09-29 [Closed]
14
NMBHF1
NMB Hybrid Fund L- 1
15
15
2023-09-29 [Closed]
15
PSF
Prabhu Select Fund
9.5
9.5
2023-09-29 [Closed]
16
SAEF
Sanima Equity Fund
18
18
2023-10-01 [Closed]
17
SEF
Siddhartha Equity Fund
5
5
2023-08-30 [Closed]
18
SFMF
Sunrise First Mutual Fund
0
16
16
2023-10-01 [Closed]
19
SIGS2
Siddhartha Investment Growth Scheme-2
6.5
6.5
2023-08-30 [Closed]
Investments
Meanwhile, out of 7 listed only 2 investment companies have declared their dividend of FY-79/80.
Investment
S.N.
Symbol
Company
Bonus Dividend (%)
Cash Dividend (%)
Total Dividend (%)
Book Closure Date
1
ENL
Emerging Nepal Limited
8.4211
8.4211
2023-11-22 [Closed]
2
NIFRA
Nepal Infrastructure Bank Limited
4.2105
4.2105
Life Insurance
None of the Life Insurance have proposed dividend for the Fiscal Year 2079/80.
Non-Life Insurance
Out of the 12 listed non-life insurance in Nepal, Only Nepal Insurance Company Limited have declared 10.5263% dividends for the FY 2079/80.
Non-Life Insurance
S.N.
Symbol
Company
Bonus Dividend (%)
Cash Dividend (%)
Total Dividend (%)
Book Closure Date
3
NICL
Nepal Insurance Company Limited
10
0.5263
10.5263
Manufacturing and products
Out of the nine companies in the manufacturing & products sector, Unilever Nepal Limited declared the highest dividend of 1580%, which is wholly cash-based.
Manufacturing and Products
S.N.
Symbol
Company
Bonus Dividend (%)
Cash Dividend (%)
Total Dividend (%)
Book Closure Date
1
UNL
Unilever Nepal Limited
1,580.00
1580
11/28/2023
2
BNT
Bottlers Nepal (Terai) Limited
60
60
Hotel and Tourism
Out of the six companies in the hotel and tourism sector, Soaltee Hotel Limited declared the highest dividend of 31.5789%.
Hotel and Tourism
S.N.
Symbol
Company
Bonus Dividend (%)
Cash Dividend (%)
Total Dividend (%)
Book Closure Date
1
SHL
Soaltee Hotel Limited
5
26.5789
31.5789
12/21/2023
2
OHL
Oriental Hotel Limited
5.2632
5.2632
2023-09-29 [Closed]",0.9236229658126831
2023-09-27,Reminder! Last Day to Grab Cash Dividend Proposed by Oriental Hotels (OHL),https://www.sharesansar.com/newsdetail/reminder-last-day-to-grab-cash-dividend-proposed-by-oriental-hotels-ohl-2023-09-27,"Today is the last day to grab the cash dividend proposed by
Oriental Hotels Limited (OHL).
The company has called its 26th AGM on 25th Ashwin, 2080. The meeting will be held in the Nepal Administrative Training Institute, Jawalakhel, Lalitpur, starting at 11 a.m. that day.
Among the other agendas, the AGM will endorse the 5.2632% cash Dividend worth Rs 5,93,73,180.93 (including tax) for the FY 2079/80. The paid-up capital of the company stands at Rs. 1.12 Arba.
Books will be closed on Ashwin 12. Therefore the shareholders maintained till today are entitled to dividend payout.",0.9232798218727112
2023-09-19,Oriental Hotel (OHL) Calls AGM on Ashwin 25; Book Closure for 5.2632% dividend on Ashwin 12,https://www.sharesansar.com/newsdetail/oriental-hotel-ohl-calls-agm-on-ashwin-25-book-closure-for-52632-dividend-on-ashwin-12-2023-09-19,"Oriental Hotel Limited (OHL)
has called its 26th AGM on 25th Ashwin, 2080. The meeting will be held in the Nepal Administrative Training Institute, Jawalakhel, Lalitpur, starting at 11 am that day.
These are the agendas of the AGM:
1) Endorse the annual report of the fiscal year 2079/80.
2) Endorse the auditor's report with PNL statements, financial reports, and cash flow reports.
3) Endorsement of 5.2632% Cash Dividend worth Rs 5,93,73,180.93 (including tax) for the FY 2079/80.
4) Endorse the appointment of the auditor and determination of their remuneration for the fiscal year 2080/81.
Books will be closed on Ashwin 12. The LTP of OHL is Rs. 779.
OHL has announced dividend after the interval of 3 fiscal year. Last time the company had announced 15.79% dividend on 2075/76 financial year.
AGM Notice:",0.9277843236923218
2023-06-21,Nabil Bank signs agreement with Radisson Hotel; MoU to enable bank’s customers to receive discount of 10% at Lazimpat based hotel and TIA based lounge,https://www.sharesansar.com/newsdetail/nabil-bank-signs-agreement-with-radisson-hotel-mou-to-enable-banks-customers-to-receive-discount-of-10-at-lazimpat-based-hotel-and-tia-based-lounge-2023-06-21,"Nabil Bank Ltd
has entered into an agreement with Radisson Hotel in Kathmandu. The MoU was signed with the hotel on Asar 5, 2080 between the two institutions.
Following the agreement, customers of the bank using its cards will get an attractive discount of 10% while availing of different services at the Lazimpat-based hotel and TIA-based lounge of the hotel chain, as per the media statement.
The bank currently has 255 branches, and 18 extension counters under its network, as per the media statement.",-0.02684849500656128
2022-11-16,Radisson Hotel concludes Fruit Soaking Ceremony 2022,https://www.sharesansar.com/newsdetail/radisson-hotel-concludes-fruit-soaking-ceremony-2022-2022-11-16,"Radisson Hotel Kathmandu has organized a “Fruit Soaking” ceremony on 13th November 2022, which is traditionally done to celebrate the advent of Christmas and the start of winter festivities. The event was held at Terrace Garden, an outdoor venue located on the fourth floor. Women professionals from different sectors were invited by the hotel to celebrate the mixing.
General Manager, Mr. Subrata Banerjee started the ceremony by welcoming and thanking all the invitees and media houses for joining the event. Executive Chef, Sunal Thakur then took the event forward by briefly describing the fruit-soaking event, its history, and procedures to mix the fruits.
The attendees followed the Chef’s guidelines and mixed the comprehensive list of dry fruits with spices, herbs, wine, beer, rum and whisky. It is believed that fruits should be soaked and mixed more than a month prior to getting the authentic taste and flavour of Christmas cake. The hotel’s chefs prepared a delicious feast to commemorate the celebrations with a perfect blend of Christmas spirit and cheer. Everyone participated to make the event merry and fun-filled.",0.7777261734008789
2022-09-05,Oriental Hotel (OHL) Calls AGM on Ashwin 13; What are the Agendas?,https://www.sharesansar.com/newsdetail/oriental-hotel-ohl-calls-agm-on-ashwin-13-what-are-the-agendas-2022-09-05,"Oriental Hotel Limited (OHL)
has called its 25th AGM on 13th Ashwin, 2079. The meeting will be held in the Rastriya Sabha Griha (City Hall), Kathmandu, via ZOOM app, starting at 11 am that day.
These are the agendas of the AGM:
1) Endorse the annual report of the fiscal year 2078/79.
2) Endorse the auditor's report with PNL statements, financial reports, and cash flow reports.
3) Endorse the appointment of the auditor for the fiscal year 2079/80.
4) Misc.
Books will be closed from Bhadra 31 to Ashwin 13. Investors maintained before Bhadra 31 can attend the AGM.
AGM notice",0.9257673025131226
2022-02-03,Government gives seven days ultimatum to casino companies to clear arrears,https://www.sharesansar.com/newsdetail/government-gives-seven-days-ultimatum-to-casino-companies-to-clear-arrears-2022-02-03,"The government has given a seven-day ultimatum to seven casino companies that have yet to clear arrears of their royalty and renewal fees.
It has also warned of taking action against them if they fail to clear the arrears. The seven casino companies including Hotel Yak and Yeti Pvt Ltd, Oriental Hotels Limited, Happy Hour, Rock International, and Central Media Pvt Ltd have to clear arrears amounting to over Rs 871 million remained of their royalty and renewal fees until the fiscal year of 2020/21, it has been said.
Repeated calls of the Department of Tourism to the casino companies to settle the arrears have gone unheard so far. Of them, Hotel Yak and Yeti Pvt Ltd has to settle over Rs 206 million in arrear, Oriental Hotels Limited over Rs 187 million, Happy Hour over Rs 215 million, Rock International over Rs 114 million and Central Media over Rs 133 million.",0.1365262269973755
2021-11-02,Radisson Hotel Kathmandu organizes fruit soaking event; women professionals from different fields gather to honor the  mixing,https://www.sharesansar.com/newsdetail/radisson-hotel-kathmandu-organizes-fruit-soaking-event-women-professionals-from-different-fields-gather-to-honor-the-mixing-2021-11-02,"Radisson Hotel Kathmandu organized the fruit soaking event on 31st October 2021. The event was held at Terrace Garden, which is a spectacular outdoor venue located on the fourth floor where the elaborated ingredients were placed in order. The women professionals; diplomats, women entrepreneurs, public figures, athletes, and social activists were invited by the hotel to honor the mixing.
General Manager Mr. Subrata Banerjee started the event with a welcome speech and introduced the new Executive Chef of the hotel Mr. Sunal Krishna Kabiraj Thakur to everyone. Executive Chef then took the event forward by giving a brief description of the fruit soaking event, its history, and procedures to mix the fruits.
The attendees followed the Chef’s guidelines and mixed the comprehensive list of dry fruits with spices, herbs, wine, beer, rum, and whisky. It is believed that fruits should be soaked and mixed more than a month prior to getting the authentic taste and flavor for Christmas cake. Radisson Hotel Kathmandu, therefore, was the first amongst other hotels to organize the fruit soaking ceremony this year. Everyone participated to make the event merry and fun-filled.",0.836348295211792
2021-10-06,Oriental Hotel convenes its 24th AGM; COVID crises creates massive dent in hotel’s financial statement with Rs 22.57 crore operational loss,https://www.sharesansar.com/newsdetail/oriental-hotel-convenes-its-24th-agm-covid-crises-creates-massive-dent-in-hotels-financial-statement-with-rs-2257-crore-operational-loss-2021-10-06,"Oriental Hotel (Radisson) has convened its 24
th
AGM on Aswin 19, 2078 under the leadership of its chairperson Ms. Subhadra Shrestha.
The hotel had earned a net income of Rs 13.12 crore, registered operational expenses of Rs 33.42 crore, thereby registering an operational loss of Rs 22.57 crore and net loss of Rs 20.36 crore with no distribution of dividend for this year, as per the media statement.",-0.011212129145860672
2021-09-09,Oriental Hotels Limited (OHL) Calls AGM on 19th Ashwin; No Dividend for FY 2077/78,https://www.sharesansar.com/newsdetail/oriental-hotels-limited-ohl-calls-agm-on-19th-ashwin-no-dividend-for-fy-207778-2021-09-09,"Oriental Hotels Limited
has called its 24th AGM on 19th Ashwin, 2078. The meeting will be held in the company's registered office in Lazimpat, Kathmandu, starting at 11 am that day.
As is the norm with an Annual General Meeting, the usual agenda is the discussion on the annual report for the fiscal year 2077/78, cash flow and PNL, auditor appointment, etc. The AGM will appoint 4 board members from the promoters, 2 from the ordinary investors, and an independent board member.
Meanwhile, Oriental Hotels Limited is not distributing any dividend for the fiscal year 2077/78. The book closure for the AGM is declared on Ashoj 04. Thus, investors maintained before that date are eligible to attend the AGM.
AGM notice",0.9265115857124329
2021-05-14,Hotel industry hit hard by Covid-19; Oriental Hotel Limited reports net loss in Q3,https://www.sharesansar.com/newsdetail/hotel-industry-hit-hard-by-covid-19-oriental-hotel-limited-reports-net-loss-in-q3-2021-05-14,"Oriental
Hotel Limited (OHL)
has reported a net loss of Rs. 22.11 crore. The net loss is primarily due to the impact of the COVID-19 outbreak and lockdown imposed by the government. Amongst all these problems, the hotel and tourism industry was the most affected.
Publishing the unaudited report for the third quarter today, the company that runs Hotel Radisson has stated that its net profit after tax has fallen to Rs -22.11 crores in the third quarter compared to a net profit of Rs 11.46 crores in the corresponding quarter of the last fiscal year 2076/77.
Oriental Hotels has a share capital of Rs 1.12 Arba and a reserve/surplus of Rs 88.85 crores till Q3 of the FY 2077/78.
OHL succeeded to collect a total of only Rs 5.59 crore as revenue from operations which was Rs 69.03 crores in the corresponding quarter of the last FY.
Its earnings per share (EPS) stands negative and, its net worth per share is at Rs 178.77.
Click here for the Q3 report
Major Highlights:
Particulars
Oriental Hotels Limited
Q3, 2077/2078
Q3, 2076/2077
Difference
Paid-Up Capital
1,128,090.44
1,128,090.44
-
Reserve and Surplus
888,579.67
1,132,085.54
-22%
Property, Plant, and Equipment
2,230,311.48
2,386,355.35
-7%
Loans and Borrowings
858,345.42
638,484.59
34%
Revenue from Operations
55,972.59
690,339.96
-92%
Administrative Expenses
53,103.32
108,426.71
-51%
Net Profit
-221,148.55
114,696.56
-
Earnings per share (Rs.)
-26.14
13.56
-
Net worth per share (Rs.)
178.77
200.35
-
P/E ratio (times)
-
-
-",0.05835448578000069
2020-10-22,Oriental Hotels Limited announces AGM on 4th Mangsir; No Dividend for FY 2076/77,https://www.sharesansar.com/newsdetail/oriental-hotels-limited-announces-agm-on-4th-mangsir-no-dividend-for-fy-207677-2020-10-22,"Oriental Hotels Limited (OHL) has announced its 23rd AGM on 4th Mangsir, i.e. November 19. Because of the ongoing threats of the pandemic, the AGM will be hosted online via Zoom. Investors willing to participate will be provided access credentials.
As is the norm with an Annual General Meeting, the usual agenda is the discussion on the annual report for fiscal year 2076/77, cash flow and PNL, auditor appointment, etc.
Meanwhile, Oriental Hotels Limited is not distributing any dividend for the fiscal year 2076/77. This is likely because of the reduced profitability of the Hotel sector because of the Covid-19 pandemic and the travel restriction that followed. Oriental Hotels Limited had reported a fall in its net profit by 79.8% in the fiscal year 2076/77 compared to the fiscal year before it.
The book closure for the AGM is declared on Kartik 20. Thus, investors maintained until that date are eligible to attend the AGM.
AGM notice",0.039690274745225906
2020-09-04,Which stock should I buy? Which stock will give me the highest returns? Should I hold it or should I just sell it at a fair margin?,https://www.sharesansar.com/newsdetail/which-stock-should-i-buy-which-stock-will-give-me-the-highest-returns-should-i-hold-it-or-should-i-just-sell-it-at-a-fair-margin-2020-09-04,"Every new investor in the stock market has these questions, else similar questions in their mind. Either they ask for a tip with existing investors or they try to buy stock on their gut feeling. And the interesting thing is sometimes they are right when they follow their gut. But most of the time they end up losing their money and when asked, they say “
I am holding it for a long time and let my investment grow
”. But is it really the case?
With the stock market expanding every day and lots of ticker symbols to choose from, new investors get puzzled and end up choosing a stock without any research/analysis of their own. And
as said by Oracle of Omaha
,
“don’t put all your eggs in one basket”
. So, if there are so many stocks in the market which stock should new investors choose?
To answer that question,
Sharesansar carried out research on 5-year horizon historical returns of the top 2 highest market cap companies of every sector and studied the correlation between those stocks and compared the total return with the market return
. Now, there are lots of other ways to evaluate the returns an investor can achieve in the long-time horizon. However, this is just one way a new investor with higher capital can pick stocks to build a well-balanced portfolio.
Before we get started with the comparison of returns let’s look at what higher market capitalization means to the investors and the company itself. Mathematically, the market cap is calculated by multiplying the total number of outstanding shares by the latest market price of the company.
The company with a higher market capitalization is considered a safer investment because in most the cases the company has a long and proven track record.
Companies with a longer track record and higher market cap tend to have steady dividend payments.
Higher market cap stocks have lower growth potential which makes them less volatile.
So, let’s dive into investment in every sector and find out the historical returns on a 5-year time horizon.
To understand the importance of diversification, let’s take a look at the portfolio that constitutes the top 2 high market caps companies of every sector in NEPSE. Investors might confuse this strategy with index fund but this is not an index fund investment rather it is one of the strategies to diversify the investment over a long haul for passive and defensive investors.
Let’s look at the returns that these investments have provided over a 5-year period. Now, some of the investment has given a negative return but what this strategy signifies is if one investment has a negative return then another investment with low correlation to that investment will even out the odds of losing the portfolio value.
When we look at the total returns till August 28, 2020, from Jan 1, 2015, the portfolio value has increased to Rs. 86.89 lakhs i.e. the compounded annual return of 29.43% over a 5-year period which has overperformed the market rate of return of 10.03%. Though the stocks have underperformed compared to market return some stocks have done very well. Salt Trading Corporation Limited (STC) has the highest compounded annual return of 86.37%, outperforming the market by 76.34%. On the flip side, Chilime Hydropower Company Limited (CHCL) underperformed relative to the total market return with a negative return of (10.54%). Having the highest Market Capitalization of Rs. 1 kharba, Nepal Doorsanchar Company Limited (NTC) has the compounded annual return of just 8.76%; underperforming by just 1.27%. However, when we observe the overall portfolio, only 2 companies have negative returns and only a few companies have underperformed other than that 9 companies have outperformed relative to the market return which has enabled the portfolio to even out the losses taking the net worth to Rs. 86.89 lakhs.
It is interesting to observe that Salt Trading Corporation Limited (STC) provided the highest return to shareholders with a total of 95% bonus shares in 5 years which has increased the number of shares and the price appreciation that contributed to value increment.
At the beginning of 2015, the price of STC was just Rs. 224, which clarifies investors that the price you pay has an inverse relation to the return you get; meaning that if paid a higher price, the return will simultaneously decrease, decreasing the possible upside.
To conclude, diversifying investments in higher market capitalization might be one strategy for a new investor because of the potential upside and less downside risk. Companies having a long track record is likely to thrive in the market which is a plus point for an investor because in the long haul, investment is likely to grow and one main reason for diversifying your investments is that the nature of investments which can even out the loss of other investment and stabilize the total returns. But as
Warren Buffet says
“Whether it’s socks or stocks, I like buying quality merchandise when it's marked down
” which signifies that just buying and holding doesn’t guarantee the return, the fundamentals, and the price you pay for a stock matters when it comes to returns.",0.8548033237457275
2020-08-16,Profit of Oriental Hotel plunges by 79.8% in the FY 2076/77; Travel Restrictions because of the Covid-19 Pandemic Brings EPS down at Rs. 5.52,https://www.sharesansar.com/newsdetail/profit-of-oriental-hotel-plunges-by-798-in-the-fy-207677-travel-restrictions-because-of-the-covid-19-pandemic-brings-eps-down-at-rs-552,"Oriental Hotel Limited (OHL) has reported a fall in its net profit by 79.8% in the fiscal year 2076/77 compared to the fiscal year before it. The decrease in net profit is primarily due to the impact of COVID-19 outbreak and lockdown imposed by the government. Amongst all these problems, the hotel and tourism industry was the most affected.
Publishing the unaudited report for the fourth quarter today, the company that runs Hotel Radisson has stated that its net profit after tax has fallen to Rs 6.22 crores in the fourth quarter compared to a net profit of Rs 30.85 crores in the corresponding quarter of the last fiscal year 2075/76.
Oriental Hotels has a share capital of Rs 1.12 Arba and reserve/surplus of Rs 1.07 Arba till Q4 of the FY 2076/77.
OHL succeeded to collect a total of only Rs 69.04 crore as revenue from operations which was Rs 1.23 Arba in the corresponding quarter of the last FY.
Its earnings per share (EPS) stands at Rs 5.52, net worth per share is at Rs 195.71, and quarter-end P/E ratio at 55.42 times.
Click here for Q4 report:",0.01765327714383602
2020-07-20,Comparative analysis of hotel industry: Find out the performance of the only three listed hotels in the third quarter,https://www.sharesansar.com/newsdetail/comparative-analysis-of-hotel-industry-find-out-the-performance-of-the-only-three-listed-hotels-in-the-third-quarter,"All the three hotels listed in Nepal Stock Exchange (NEPSE) has published their third quarter’s financial highlights. Since Tourism industry is the hardest hit by the global pandemic Covid-19, the hotel industry’s profitability has been hit severely.
The three hotels have been compared below based on major indicators:
Share Capital:
Among the three hotels, Taragaon Regency leads the way with the highest Paid-up capital of Rs. 1.88 Arba which is followed by the Oriental Hotel with Rs. 1.12 Arba. Soaltee Hotel stands last at Rs. 73.67 crores. The par value of TRH and OHL is Rs. 100 while SHL’s par value if Rs. 10.
Unlike banks and financial institutions and Insurance companies. The Hotel Sector doesn’t have a minimum paid-up capital requirement.
Reserve and Surplus:
OHL leads the way in terms of Reserve and Surplus with Rs. 1.13 Arba among three Hotels. TRH, despite having the highest paid-up capital has the lowest Reserve and Surplus of Rs. 55.56 crores. Similarly, SHL has Rs. 95.30 crores in its Reserve Fund.
Revenue from Operation:
The major source of any hospitality industry comes from selling its services like rooms and other services which come along with it to its customers. Among three hotels, SHL has earned the most Revenue with Rs. 1.16 Arba showing a higher turnover than its competitors. Similarly, TRH and OHL have reported Revenue of Rs. 85.83 crore and Rs. 69.03 crore respectively.
With the fear of global pandemic and lockdown enforced by the government, the top line of the hotel industry has been hit severely.
Net Profit:
SHL, having the highest revenue ranks second in terms of Net Profit. TRH earned the most profit after tax amounting to Rs. 25.78 crores followed by SHL and OHL at Rs. 14.05 crore and Rs. 11.46 crore respectively.
Since the revenue of all three hotels decreased, the Net Profit of all three hotels has been decreased. This Quarter’s Net Profit of SHL has been decreased by 39.16%, TRH by 27.70, and OHL by 44.71%.
Annualized Earnings per share (EPS):
The annualized EPS of TRH and OHL stands at Rs. 19.26 and Rs. 13.55 respectively. In the case of SHL the annualized EPS stands at Rs. 2.55 with the par value of the share at Rs. 10.
Net Worth per share:
Like in the EPS of SHL, its par value has to be considered in Net worth per share. Its Net worth per share stands at Rs. 23.01 for an Rs. 10 per share. Similarly, the Net worth per share of TRH and OHL stands at Rs. 134.12 and Rs. 200.35 respectively.
Return on Equity:
This ratio indicates how efficiently the company is using the shareholder's fund. The most efficient company in terms of utilizing equity is TRH with ROE of 10.55%. SHL has an ROE of 8.33% whereas OHL has the lowest ROE of 5.07%.
Debt-Equity Ratio:
The companies despite being in a capital-intensive industry, are not highly leveraged. All three companies having the Debt-Equity of less than 1 indicates that most of their assets are financed from the equity of the company. Among the three companies, SHL has the least D-E ratio with 0.002 times. Similarly, TRH and OHL have the D-E equity ratio of 0.01x and 0.28x respectively.
Current Ratio:
The minimum requirement of the current ratio is 1.5x which indicates that the company has 1.5 times the asset than it has liabilities. Looking at the current ratio of all three companies, they sit in a fair liquidity position. OHL has the highest ratio of 2.28x followed by TRH with CR of 2.01x. similarly, SHL also fulfills the requirement of the Current ratio with 1.51x.
Price to Earnings Ratio:
There are always two ways of interpreting the P/E ratio. On the one hand, high P/E ratio indicates that the scrip is overvalued and costing more than its earning capacity. On the contrary, higher P/E also indicates the goodwill and image of the company because investors are willing to pay a premium for per unit earning.
The P/E ratio of SHL is the highest at 82.81x followed by OHL and TRH at 30.31x and 13.46x respectively.
What to expect in the future?
Since the major revenue of hotel industry comes from the frequent flow of customers, due to the lockdown enforced by the government all around the world, the inflow of foreigners will be lower than before which will be affecting the occupancy of the rooms for every hotel until this whole pandemic gets settled down and everything comes back to normal. This will directly affect profitability. Also, as per the management, due to lower profitability, the company can also be facing liquidity crunch for next quarter.
Since the most awaited event for Nepal, “Visit Nepal 2020” has been postponed till 2022 and the decline of people traveling for quite some time may hinder the hotel industry for a while and may take few months to recover.
But on the wider side, after this situation gets settled, the tourism sector will prosper. Also, Nepal’s Budget 2077/2078 show some hope for the industry.
Overall performance:
Particulars (in '000)
3rd Quarter of 2076/2077
SHL
TRH
OHL
Total Paid-Up Capital
732,675.37
1,886,654.00
1,128,090.43
Reserve & Surplus
953,011.22
555,605.91
1,132,085.54
Revenue from Operation
1,166,871.60
858,834.46
690,339.95
Net Profit
140,547.70
257,801.52
114,696.55
Annualized Earnings Per Share
2.55
19.26
13.55
Net Worth Per Share
23.01
134.12
200.35
Profitability Ratios (%)
Gross Profit Margin
100%
67.37%
86.80%
Net Profit Margin
12.04%
30.01%
16.61%
Return on Equity
8.33%
10.55%
5.07%
Liquidity Ratios (Times)
Debt-Equity Ratio
0.002
0.01
0.28
Current Ratio
1.51
2.01
2.28
Market Value Ratios (Times)
Price to book ratio
6.91
1.37
1.53
P/E Ratio
82.81
13.46
30.31",0.01959351822733879
2020-07-20,Hotels and Hospitality sector to give minimum wages for workers for the lockdown period,https://www.sharesansar.com/newsdetail/hotels-and-hospitality-sector-to-give-minimum-wages-for-workers-for-the-lockdown-period,"The workers and laborers in the hotel and hospitality sector would get their minimum wages for the lockdown period.
The Hotel Association of Nepal (HAN) and three major trade unions active in the tourism and hospitality sector inked a deal ending a longstanding dispute over the workers’ salary for the lockdown period.
The HAN said that the agreement was done for the period of April 13 to December 31 by considering that the situation caused by the pandemic coronavirus infection will last till 2020.
As per the agreement, the workers in the hotels would get minimum salaries as per the grading of the hotels.
Laborers working in the hotels having 200 plus rooms will get Rs 10,000 per month while the workers of five-star hotels with less than 200 rooms will collect Rs 9,000 per month. Similarly, the staff of four-star hotels with 100 plus rooms would be given Rs 8,455 per month and Rs 8,000 to those workers employed in the four-star hotels with less than 100 rooms. Likewise, the staff of three-star hotels and resorts will get Rs 5,000 per month, the HAN said at a news conference in the capital on Sunday.",0.5878126621246338
2020-07-15,Taragaon Regency Hotels and Oriental Hotels profit drops in Q3 amid lock-down and COVID-19 outbreak,https://www.sharesansar.com/newsdetail/taragaon-regency-hotels-and-oriental-hotels-profit-drops-in-q3-amid-lock-down-and-covid-19-outbreak,"Taragaon Regency Hotels (TRH)
has published a quarterly report for the third quarter of the fiscal year 2076/77. The profit before tax in the Q3 has decreased by 27.70% than the corresponding quarter of the previous year. The decreased in profit is mainly due to the closedown of the hotel due to ongoing lockdown imposed by the government amid COVID-19 fear, increasing competition, and poor road access to the hotels.
As per the unaudited financial statement published, its profit before taxes is Rs 25.78 crore in the third quarter which was Rs 35.65 crore in the corresponding quarter of the last fiscal year.
Its revenue from the operation has decreased to Rs 85.88 crore till the third quarter of the fiscal year 2076/77 from Rs 1.04 arba of the corresponding quarter of the previous year.
It's paid-up capital stands at Rs 1.88 arba with Rs 55.56 crore in the reserve.
Its annualized EPS stands at Rs 18.21 and net worth per share at Rs 134.12 as of the third quarter of the fiscal year 2076/77. It's quarter-end PE stands at 10.70 times and its liquidity ratio stands at 1.99.
Click here for Q3 report:
Oriental Hotel Limited (OHL)
has reported a fall in its net profit by 44.71% in the third quarter of the current fiscal year 2076/77. The decrease in net profit is mainly due to the impact of COVID-19 outbreak and lockdown imposed by the government.
Publishing the unaudited report for the third quarter report today, the company that runs Hotel Radisson has stated that its net profit after tax has fallen to Rs 11.46 crore in the third quarter compared to a net profit of Rs 20.74 crore in the corresponding quarter of the last fiscal year 2075/76.
Oriental Hotels has a share capital of Rs 1.12 arba with reserve and surplus of Rs 1.13 arba till Q3 up from Rs 1.07 arba and Rs 1.08 arab in the corresponding quarter of last fiscal year respectively.
OHL succeeded to collect a total of Rs 69.03 crore as revenue from sales which was Rs 87.61 crore in the corresponding quarter.
Its annualized earnings per share (EPS) stands at Rs 13.55, net worth per share is at Rs 200.35 and quarter-end P/E ratio at 25 times.
Click here for Q3 report:",0.020627513527870178
2020-02-24,"As the market takes upward stride, where does the PE ratio of listed companies stand? Find out the latest PE ratio of all sectors and all companies",https://www.sharesansar.com/newsdetail/as-the-market-takes-upward-stride-where-does-the-pe-ratio-of-listed-companies-stand-find-out-the-latest-pe-ratio-of-all-sectors-and-all-companies-2020-02-24,"The secondary market of Nepal is striding upwards with the NEPSE index rising along with the share prices of many listed companies. This rise in prices has a significant impact on the price to earnings ratio of the companies relative to the ratio that was posted in the second quarter report of the companies.
The article below shows the PE ratio of all listed companies categorized based on the sector. The prices are taken as of Falgun 11, 2076 (Yesterday). Similarly, the annualized EPS is taken from the second-quarter report and has been adjusted for any dividend that has been declared and approved by the company.
Commercial Bank
The industry average PE ratio of commercial banks stands at 14.86 times as of yesterday. The table below shows the PE ratio of each bank individually.
Development Bank
The industry average PE ratio of the Development Bank Sector is higher than that of commercial banks at 16.80 times. The table below shows the list of development banks and their latest PE ratio:
The above table only includes 23 development banks as the majority are under the merger and acquisition process due to which their transaction has been halted in NEPSE. Likewise, KRBL is the only development bank that hasn't published its Q2 report yet.
Finance Companies
Similarly, the average PE ratio of finance companies stands at 15.96 times. Two of the companies, PROFL and SFCL, have negative EPS and therefore doesn't have PE ratio.
Likewise, four finance companies' trading has been halted in NEPSE as they are undergoing mergers and acquisitions.
Hotels
The Hotel sector reports a higher PE ratio than the above sectors. It has an industry average PE ratio of 35.81 times.
Hydropower Companies
Out of the 32 listed Hydropower Companies, 2 haven't published Q2 while the rest have. Among the 30, nine companies have failed to report net profit till the second quarter of 2076/77.
The industry average PE ratio stands at 15.36 times as shown in the table below.
Life Insurance Companies
The industry average PE ratio of life insurance companies stands at 76.04 times with average annualized EPS of Rs 13.30 only.
Among the 7 life insurance companies, LICN and NLIC have the highest price despite average EPS. This shows that the demand for shares of these companies is higher relative to others.
Manufacturing and processing companies
In the case of the manufacturing sector, the industry average may not be very accurate. BNL was last traded on Ashwin 23, 2076 and therefore has been included. Similarly, NLO and SRS haven't published their financial report in order to know about their EPS and finally, UNL is traded very infrequently. It was last traded on Falgun 06, 2076 at Rs 17,849.
The remaining three - BNT, HDL, and SHIVM - have reported an average PE ratio of 24.28 times as shown below.
Microfinance Companies
The industry average PE ratio of the microfinance sector stands at 58.41 times. It includes 38 companies, while the other 12 companies have been excluded.
The table below shows the list of companies that are undergoing mergers and acquisitions and therefore aren't being traded in NEPSE.
Non-life Insurance Companies
The fifteen listed non-life insurance companies report an industry average PE Ratio of 44.12 times. The table below shows the list of companies, their price as on Falgun 11, 2076, their adjusted annualized EPS and the PE ratio.
Others
The other sector has a total of four companies under it. Among them, NFD (Nepal Film Development) is inactive. The remaining three make up an industry average PE ratio of 30.85 times with average EPS of Rs 39.98.
Trading
In the case of the trading sector, both the companies i.e. BBC and STC haven't published their financial reports and therefore don't have the latest PE ratio.
Overall
The table below shows the industry average annualized EPS and PE ratio of all sectors. The insurance companies and microfinance companies have the highest price in comparison to the earnings.",0.2999306619167328
2020-02-14,Hotels sector first to get hit in any instability situation; Find out how listed hotels performed in the second quarter of 2076/77,https://www.sharesansar.com/newsdetail/hotels-sector-first-to-get-hit-in-any-instability-situation-find-out-how-listed-hotels-performed-in-the-second-quarter-of-207677,"All the three hotels listed in Nepal Stock Exchange (NEPSE) have published their second quarter's financial highlights. Due to the global tension and recent epidemic of Corona Virus, all the companies seem to be in a bit of a slump.
The three hotels have been compared below based on major indicators:
Share Capital
Among the three hotels, Taragaon Regency has the highest capital at Rs 1.88 arba followed by Oriental Hotels at Rs 1.12 arba. Soaltee Hotel stands last at Rs 73.26 crore. The par value of TRH and OHL is Rs 100, while that of SHL is Rs 10.
Unlike banks and financial institutions and Insurance Companies, the Hotels sector doesn't have a minimum paid-up capital requirements.
Reserves and surplus
OHL has the highest reserves of Rs 1.10 arba among the three hotels. TRH despite the highest paid-up capital has the lowest reserves at Rs 71.37 crores only. Likewise, SHL has Rs 1.01 arba in its reserves fund.
Revenue from operation
The main operation for the hotels is selling rooms and its services to the customers. Thus among the three SHL has earned the most, showing higher turnover than others. It's revenue stands at Rs 82.11 crore till the second quarter of 2076/77. Similarly, TRH and OHL have reported revenue of Rs 59.89 crore and Rs 50.79 crore respectively.
The total revenue from operations of all three companies have fallen in comparison to the second quarter of last FY 2075/76.
Net profit
Despite having the highest revenue, SHL ranks second in terms of net profit. TRH earned the highest net profit of Rs 17.76 crore followed by SHL and OHL at Rs 11.59 crore and Rs 10.14 crore respectively.
Similar to revenue, the net profit of all three hotels has fallen in comparison to last FY's second quarter. OHL's profit has been by 24%, SHL by 23% and TRH by 16%.
Annualized Earnings per share (EPS)
The annualized EPS of TRH and OHL stand at Rs 18.83 and 17.98.
In case of SHL, the annualized EPS stands at Rs 3.16 with par value per share at Rs 10.
Net worth per share
Similarly in this indicator too, the par value of SHL's share has to be considered. Its net worth per share is Rs 23.80 for a Rs 10 share. Likewise, the net worth per share of TRH and OHL are Rs 142.51 and Rs 197.66 respectively.
PE Ratio
There are always two ways of interpreting the P/E ratio. On one hand high P/E ratio indicates that the scrip is overvalued and is costing more than its earning capacity. On the other hand higher P/E ratio also indicates the goodwill and image of the company because of which the investors are willing to pay higher for per unit earning.
The PE ratio of SHL is highest at 128.95 times followed by OHL and TRH at 50.50 times and 28.78 times respectively.
Overall
Particulars (in '000)
Second Quarter of 2076/77
SHL
TRH
OHL
Share Capital
732,675.37
1,886,654.00
1,128,090.44
Reserves and surplus
1,011,285.58
713,765.54
1,103,877.13
Revenue from operation
821,170.47
598,906.46
507,961.21
Net profit
115,911.56
177,646.97
101,406.57
Annualized earnings per share
3.16
18.83
17.98
Net worth per share
23.80
142.51
197.66
PE Ratio
128.95
28.78
50.50",0.017479564994573593
2020-02-12,Oriental Hotel reports 24% decline in net profit till Q2; Annualized EPS at Rs 17.98,https://www.sharesansar.com/newsdetail/oriental-hotel-reports-24-decline-in-net-profit-till-q2-annualized-eps-at-rs-1798,"Oriental Hotel Limited (OHL)
has reported fall in its net profit by 24.32% in the second quarter of the current fiscal year 2076/77.
Publishing the unaudited report for the second quarter report today, the company that runs Hotel Radisson has stated that its net profit after tax has fallen to Rs 10.14 crore in the second quarter compared to net profit of Rs 13.39 crore in the corresponding quarter of the last fiscal year 2075/76.
Oriental Hotels has a share capital of Rs 1.12 arba with reserve and surplus of Rs 1.10 arba in Q2 up from Rs 1.07 arba and Rs 1 arab in the corresponding quarter of last fiscal year respectively.
OHL succeeded to collect a total of Rs 50.79 crore as revenue from sales.
Its annualized earnings per share (EPS) stands at Rs 17.98, net worth per share is at Rs 197.66 and quarter end P/E ratio at 25.25 times.
Second Quarter Report",0.008957848884165287
2019-12-10,Oriental Hotels distribute bonus shares directly in demat account; Urges shareholders to dematerialize their shares,https://www.sharesansar.com/newsdetail/oriental-hotels-distribute-bonus-shares-directly-in-demat-account-urges-shareholders-to-dematerialize-their-shares,"Oriental Hotels (OHL)
has published a notice today informing that the bonus shares have been deposited in the shareholders' demat account directly. Therefore, shareholders who haven't yet dematerialized their shares are requested to do it kin order to claim the bonus dividend.
OHL had approved 5% bonus shares for its shareholders from the profit of FY 2075/76 in the 22nd AGM held on Kartik 07, 2076.
The bonus shares have already been listed in NEPSE and CDS and Clearing and is ready for transaction. Similarly, shareholders who haven't claimed their cash dividends from past years are requested to contact the share registrar of the company, NIBL Ace Capital and update their bank information in demat account.
Announcement",0.9081788063049316
2019-12-08,NEPSE lists more than 5 Lakh units of bonus shares of Oriental Hotel Limited,https://www.sharesansar.com/newsdetail/nepse-lists-more-than-5-lakh-units-of-bonus-shares-of-oriental-hotel-limited,"Nepal Stock Exchange Limited (NEPSE) has published a notice regarding the listing of bonus shares of Oriental Hotel Limited (OHL).
As per the notice, 537,185.92 Bonus Shares of Oriental Hotels Limited (OHL) has been listed in NEPSE. These shares can now be traded in the secondary market.
OHL had distributed 5% bonus shares and 10.79% cash dividend out of the profits of FY 75/76.",0.9270616769790649
2019-11-21,Which listed Hotel leads the race in the first quarter of FY 2076/77 based on comparison of major indicators?,https://www.sharesansar.com/newsdetail/which-listed-hotel-leads-the-race-in-the-first-quarter-of-fy-207677-based-on-comparison-of-major-indicators,"Currently there are only three Hotels that have been listed on NEPSE and they together make up the Hotels sub-index on NEPSE. They are Soaltee Hotel Limited, Taragaon Regency Hotel (Hyatt Hotel) and Oriental Hotels Limited (Radisson Hotel).
Based on the first quarter reports published by these hotels; a comparative analysis has been prepared to give a clear picture to the investor about the performance of listed hotels till the first quarter end of FY 76/77. Some key indicators have been compared that will give a clear picture regarding the performance of hotels.
Share Capital and Reserves & Surplus
Since there is no minimum paid-up capital requirement for listed hotels, high disparity can be seen in the share capital of the Hotels. Taragaon Regency Hotel (TRH) has the highest share capital among the three which is standing at Rs.1.88 Arba. Oriental Hotels Limited (OHL) posted share capital of Rs.1.07 Arba while Soaltee Hotel’s (SHL) share capital is the lowest at Rs.73.26 Crore.
Although TRH posted the highest share capital, its reserves and surplus is at lowest highest among the three at Rs.55.02 Crore. Oriental Hotels Limited (OHL) has the highest reserves and surplus standing at Rs.1.20 Arba. SHL posted reserves and surplus of Rs.92.49 Crore.
Revenue from Operation
As per the first quarter reports, Soaltee Hotel Limited (SHL) generated highest revenue worth Rs.31.64 Crore from operations while Taragaon Regency Hotel (TRH) generated Rs.20.47 Crore. Oriental Hotel (OHL) generated Rs.19.28 Crore as revenue from operation.
Net Profit
Looking at the net profit posted by each of these hotels, Soaltee Hotel Limited (SHL) has posted a net profit of Rs.2.95 Crore which is the highest among three. Taragaon Regency Hotel (TRH) was able to post a net profit of Rs.1.46 Crore. Oriental Hotel Limited (OHL) posted a net profit of Rs.1.31 Crore which is lowest in the industry. The profit of TRH is the profit before bonus and tax deduction so, this factor might change the position of net profit and EPS of hotels.
Annualized Earnings per Share
The par value of SHL shares is Rs.10 while that of the other two is Rs.100. If we assume Soaltee Hotel Limited (SHL) share prices to be at par value of Rs.100, the annualized EPS of SHL stands at Rs.16 which is the highest among the three. Oriental Hotel Limited (OHL) posted an EPS of Rs.4.88 and Taragaon Regency Hotel (TRH) posted an EPS of Rs.3.17 which is the lowest in the industry.
*The EPS has been annualized based on the data from the first quarter reports
Net Worth per Share
As mentioned earlier, SHL shares’ par value is Rs.10 due to which there is disparity among the posted values. If we are to equate Soaltee Hotel Limited (SHL) shares’ par value with that of other hotels, its net worth per share will be at Rs.226.20 which is the highest in the industry. Taragaon Regency Hotel (TRH) posted net worth per share of Rs.133.84 which is the lowest in the industry while Oriental Hotel Limited (OHL) posted net worth per share of Rs.211.91.
P/E Ratio
There are always two ways of interpreting the P/E ratio. On one hand high P/E ratio indicates that the scrip is overvalued and is costing more than its earning capacity. On the other hand higher P/E ratio also indicates the goodwill and image of the company because of which the investors are willing to pay higher for per unit earning. Soaltee Hotel Limited (SHL) posted the highest P/E ratio of 129.38 times while Taragaon Regency Hotel (TRH) posted the lowest P/E ratio of 91.03 times. Oriental Hotel Limited (OHL) posted a P/E ratio of 92.21 times.
*The PE Ratio has been calculated on the basis of annualized EPS and LTP on 30th Ashwin, 2076.",0.7852464318275452
2019-11-15,Oriental Hotels reports decline in Q1 indicator; Net profit at Rs 1.31 crore,https://www.sharesansar.com/newsdetail/oriental-hotels-reports-decline-in-q1-indicator-net-profit-at-rs-131-crore,"Oriental Hotel Limited (OHL)
has reported fall in its net profit by 67.53% in the first quarter of the current fiscal year 2076/77.
Publishing the unaudited report for the first quarter report today, the company that runs Hotel Radisson has stated that its net profit after tax has fallen to Rs 1.31 crore in the first quarter compared to net profit of Rs 4.04 crore in the corresponding quarter of the last fiscal year 2075/76.
Oriental Hotels has a share capital of Rs 1.07 arba with reserve and surplus of Rs 1.20 arba in Q1 from Rs 93.42 crore and Rs 1.15 arab in the corresponding quarter of last fiscal year respectively.
OHL succeeded to collect a total of Rs 19.28 crore as revenue from sales.
Its earnings per share (EPS) stands at Rs 4.88, net worth per share is at Rs 211.91 and P/E ratio at 420.02 times.
First Quarter Report",0.010368024930357933
2019-11-05,Orientals Hotels urges shareholders to update account information to receive dividend; Company distributing 10.79% cash dividend,https://www.sharesansar.com/newsdetail/orientals-hotels-urges-shareholders-to-update-account-information-to-receive-dividend-company-distributing-1079-cash-dividend,"Orientals Hotels Limited (OHL)
has published a notice stating that the 10.79% cash dividend approved by the 22nd Annual General Meeting of the company has been distributed directly to the bank accounts of the shareholders. Similarly, for shareholders who haven't dematerialized their shares or haven't updated their account information in Demat account will receive the dividend after the shares have been dematerialized and accounts updated.
Likewise, for shareholders who have updated their account information but haven't received cash dividend, are requested to contact the Share Registrar of OHL, NIBL Ace Capital.
The company has approved the following dividend to be distributed to its shareholders from the profit of FY 2075/76:
Current paid-up capital
: Rs 1.07 arba
Bonus shares
: 5% worth Rs 5.37 crore
Cash dividend:
10.79% worth Rs 11.59 crore (Including tax)
C
apital after adjustment of bonus
: Rs 1.12 arba
Announcement",0.9111175537109375
2019-10-25,Oriental Hotel convenes 22nd AGM; endorses 15.79% cash dividend for shareholders,https://www.sharesansar.com/newsdetail/oriental-hotel-convenes-22nd-agm-endorses-1579-cash-dividend-for-shareholders,"Oriental Hotels has convened its 22
nd
AGM on Kartik 7, 2076 under the leadership of hotel’s chairman Ms. Subhadra Shrestha. Ms. Shrestha presented the financial reports for the FY 2075-76 where she highlighted that the hotel had managed to earn Rs 1.32 arba in net earning, had operational expenses of Rs 89.29 crore thereby earning operational profit of Rs 43.41 crore and net profit of Rs 30.85 crore.
The AGM has also endorsed the board’s proposal to provide 5% bonus and 10.79% cash dividend including for the tax purposes.",0.11226969957351685
2019-10-24,"AGM of 4 companies (ALBSL, OHL, UNL and SBL) to be held today; Find their agendas",https://www.sharesansar.com/newsdetail/agm-of-4-companies-albsl-ohl-unl-and-sbl-to-be-held-today-find-their-agendas,"Asha Laghubitta Bittiya Sanstha (ALBSL)'s
3rd Annual General Meeting (AGM) is being held on Kartik 07, 2076 (today) at Fall and Trout Village Hotel and Restaurant, Kakani, Nuwakot from 10 AM onwards.
The major agendas of the AGM are:
Discussion and approval of Annual report presented by BOD along with the financial statements for the year 2075/76.
Approval of 12% bonus shares and 0.631579% cash dividend for tax purpose
Appointment of Auditor and fixation of remuneration for the same.
Election of 2 directors from the general public.
The books closure for the purpose of AGM and dividend distribution had been set on Ashwin 15, 2076.
The current paid-up capital of microfinance stands at Rs 20.74 crore.
Oriental Hotels (OHL)
is holding its 22nd Annual General Meeting on Kartik 07, 2076 (today) at Nepal Prasaasanik Prasichyan Pratisthan, Jawalakhel, Lalitpur from 11 AM onwards. The book closure date for the same had been announced on Ashwin 28, 2076. Therefore, shareholders maintained on Ashwin 27 will be eligible for the dividend.
The major agenda of the AGM involves approval of the dividend proposed by the Board. The details are:
Current paid-up capital
: Rs 1.07 arba
Bonus shares
: 5% worth Rs 5.37 crore
Cash dividend:
10.79% worth Rs 11.59 crore (Including tax)
C
apital after adjustment of bonus
: Rs 1.12 arba
Other agendas include:
Discussion and approval of Annual Report to be presented by the Board along with Financial statements of the year.
Appointment of the auditor and fixation of remuneration for the same.
The 20th AGM had proposed FPO to change shareholding structure to 55:45 (promoter:ordinary), however this will now be canceled maintaining the ratio at 70:30
Siddhartha bank limited (SBL)
is convening its 18
th
AGM  on Kartik 7, 2076 (October 24, 2019) at Army Officers’ Club, Bhadrakali from 11 AM onwards (Today).
The agenda of the meeting is to endorse the audited financial highlights of FY 75/76 and appoint a statutory auditor for FY 76/77. The AGM will also endorse the bank's decision to distribute 10% bonus shares worth Rs.88.87 Crore and 15.26% cash dividend worth Rs.1.35 Arba (including tax) out of the profits of FY 75/76 for the shareholders.
Other agendas include adjustment of paid-up capital in the books of the company and authorize the board to make decisions regarding merger and acquisitions.
For this purpose, the book closure of the bank was on Ashwin 29, 2076. Investors holding shares of the bank till Ashwin 28, 2076 will be eligible to participate in the AGM of the company.
Unilever Nepal Limited (UNL)
is also convening 26th Annual General Meeting (AGM) on Kartik 7,2076 (Today). The AGM is going to be held at Silver Oak Banquet, Gairidhara, Kathmandu, from 4:30 PM onwards.
The main agendas of the AGM are:
Discussion and approval of 075/076 (July 17, 2018, to July 16, 2019) P/L, balance sheet, cash flow and other financial highlights and discussion on reports of BOD along with the Auditor reports up to 31st Asar 2076.
As per the decision of BOD the approval of dividend. The company has proposed 770% cash dividend.
Appointment of auditor for 2076/2067 and approval of their remuneration.
Re-appointment of Shree Subhas Bajracharya as an independent director as per the decision on 26th yearly AGM for a maximum 4 years.
The book closure date had been set on Ashwin 22, 2076. Thus shareholders owning share on Ashwin 17, 2076 are eligible to participate in the AGM.",0.929150402545929
2019-10-14,Last day to hold shares of Oriental Hotel Limited to participated in the AGM and claim 15.79% dividend,https://www.sharesansar.com/newsdetail/last-day-to-hold-shares-of-oriental-hotel-limited-to-participated-in-the-agm-and-claim-1579-dividend,"Today is the last day to hold shares of Oriental Hotel Limited (OHL) to participate in the 22
nd
AGM of the company.
The 22
nd
AGM of the company will be held on Kartik 7, 2076 at Nepal Staff College, Jawlakhel from 11 AM onwards. The agenda of the AGM is to endorse 10.79% cash dividend and 5% bonus shares out of the profits of FY 75/76.
For this purpose, the books of the company will remain closed tomorrow. Investors holding shares of the company till today will be eligible to participate in the AGM and claim the dividend.",0.9267680644989014
2019-10-02,"Oriental Hotel to convene its 22nd AGM on Kartik 07, 2076; Book Closure for 15.79% dividend on Ashwin 28",https://www.sharesansar.com/newsdetail/oriental-hotel-to-convene-its-22nd-agm-on-kartik-07-2076-book-closure-for-1579-dividend-on-ashwin-28,"Oriental Hotels (OHL)
will be holding its 22nd Annual General Meeting on Kartik 07, 2076 at Nepal Prasaasanik Prasichyan Pratisthan, Jawalakhel, Lalitpur from 11 AM onwards. The book closure date for the same has been announced on Ashwin 28, 2076. Therefore, shareholders maintained on Ashwin 27 will be eligible for the dividend.
The major agenda of the AGM involves approval of the dividend proposed by the Board. The details are:
Current paid-up capital
: Rs 1.07 arba
Bonus shares
: 5% worth Rs 5.37 crore
Cash dividend:
10.79% worth Rs 11.59 crore (Including tax)
C
apital after adjustment of bonus
: Rs 1.12 arba
Other agendas include:
Discussion and approval of Annual Report to be presented by the Board along with Financial statements of the year.
Appointment of the auditor and fixation of remuneration for the same.
The 20th AGM had proposed FPO to change shareholding structure to 55:45 (promoter:ordinary), however this will now be canceled maintaining the ratio at 70:30
Announcement
Also read:
Oriental hotel proposes 10.79% cash and 5% bonus dividend from the profit of 2075/76; Book closure on Ashwin 28",0.9259176254272461
2019-10-01,Oriental hotel proposes 10.79% cash and 5% bonus dividend from the profit of 2075/76; Book closure on Ashwin 28,https://www.sharesansar.com/newsdetail/oriental-hotel-proposes-1079-cash-and-5-bonus-dividend-from-the-profit-of-207576-book-closure-on-ashwin-28,"Oriental Hotel Limited (OHL)
proposes 15.79% dividend for its shareholders from the profit of FY 2075/76.
The Board Meeting held on Ashwin 13, 2076 has decided to propose 10.79% cash dividend and 5% bonus dividend for its shareholders. The details are:
Current paid-up capital
: Rs 1.07 arba
Bonus shares
: 5% worth Rs 5.37 crore
Cash dividend:
10.79% worth Rs 11.59 crore (Including tax)
C
apital after adjustment of bonus
: Rs 1.12 arba
The company will be holding its 22nd Annual General Meeting on Kartik 07, 2076 at Nepal Prasaasanik Prasichyan Pratisthan, Jawalakhel, Lalitpur from 11 AM onwards. Similarly, the book closure date for the same has been announced on Ashwin 28, 2076. Therefore, shareholders maintained on Ashwin 27 will be eligible for the dividend.
The dividend history of the company is:",0.9190360307693481
2019-08-27,Look at the performance of the three listed Hotels by the end of the fourth quarter; are they ready for upcoming challenges?,https://www.sharesansar.com/newsdetail/look-at-the-performance-of-the-three-listed-hotels-by-the-end-of-the-fourth-quarter-are-they-ready-for-upcoming-challenges,"As we inch close towards Visit Nepal 2020, hotel industries must be on their toes to attract as many visitors as they can. Nepal aims to welcome 2 million tourist in the year 2020. According to the latest report, Nepal’s tourist influx in first half of 2019 increased by 12.6% year on year to reach at 585,531. Though the number is not adequate, we expect the number to increase in the other half of this year.
As the days to come looks promising for hotel industry, let’s look into performance of Nepalese hotel industry in the past financial year 2075-76. There are only three Hotels that have been listed on NEPSE and they are Soaltee Hotel Limited (SHL), Taragaon Regency Hotel (TRH) and Oriental Hotels Limited (OHL).
EQUITY CAPITAL
Equity capital among the listed hotels differs at large, TRH equity exceeds that of SHL by more than Rs 1.1 arba. With 15% increase in its share capital, thanks to bonus dividend, OHL touches Rs 1 arba mark. If minimum paid-up capital requirement for hotel industry isn’t prescribed, such we would continue to see such disparity in future.
RESERVES AND SURPLUS
With Rs 1.17 arba as reserves and surplus OHL leads from the front, followed by SHL and TRH at Rs 87 crores and 53.5 crores respectively. TRH reserves witnessed double digit growth of 27.1% while that of SHL suffered loss of -5.4%.
REVENUE
Anchored by double digit growth of 11.7%, SHL bags highest revenue of Rs 1.75 arba. TRH and OHL lags behind with single digit growth of 8.8% and 5.4%. Their total revenue stands at 1.60 arba and 1.33 arba respectively. This revenue includes both revenue from operations and other sources.
NET PROFIT
TRH surpasses OHL in terms of net profit to be the highest earner this year. Dismal 2.4% growth costs OHL while with 25.4% growth, TRH leads comfortably. SHL also shows impressive growth rate of 28.8%, however, still lags behind both hotels.
EARNINGS PER SHARE
The effect of change in net profit could be seen directly on the EPS of these hotels. EPS of OHL falls from Rs 31.1 to 27.7 while that of TRH increases from Rs 14.9 to 18.7. Earnings per share of SHL improves from Rs 3.2 to Rs 3.7. This variation in EPS is due to face value of SHL share, which stands at Rs 10 unlike Rs 100 for other hotels. Thus, EPS of SHL would be Rs 37 if its par value is assumed at Rs 100.
NETWORTH PER SHARE
Only TRH witnessed increase in net-worth per share by 4.9% to reach at 128.4, while both OHL and SHL suffered decline in their net-worth. High increase in equity capital in comparison with its reserves and surplus led to decline in net-worth for OHL and SHL.
PE RATIO
The quarter end PE ratio of SHL stands at whopping 65.2 while that of OHL and TRH stands at 21.9 and 16.9 respectively. PE ratio basically helps investor to identify the value stock, and is also believed that companies with high PE ratio indicates investors have good faith in the company to provide superior return in future.
The hotel industry will definitely observe a substantial growth in revenue in the upcoming days. However, with the average spending and average days of stay in decline, as per government statistics, will the increased flow of tourist able to offset such declines to lift hotel’s profit as expected? Will upcoming new hotels dilute revenue of listed hotels? Are the listed hotels ready take on competition with internationally acclaimed brands like Marriott and its subsidiaries like Aloft and Fairfield? What do you think?",-0.8925420641899109
2019-08-14,Oriental Hotel reports increase of 2.40% in the net profits; revenue from sale stands at Rs.1.23 Arba till Q4,https://www.sharesansar.com/newsdetail/oriental-hotel-reports-increase-of-240-in-the-net-profits-revenue-from-sale-stands-at-rs123-arba-till-q4,"Oriental Hotel Limited
(OHL) has reported hike in its net profit by 2.40% in the fourth quarter of the current fiscal year 2075/76.
Publishing the unaudited report for the fourth quarter report today, the company that runs Hotel Radisson has stated that its net profit after tax has risen to Rs 29.78 crore in the fourth quarter compared to net profit of Rs 29.08 crore in the corresponding quarter of the last fiscal year 2074/75.
Oriental Hotels has a share capital of Rs 1.07 arba with reserve and surplus of Rs 1.17 arba in Q4 from Rs 93.42 crore and Rs 1.11 arab in the corresponding quarter of last fiscal year respectively.
OHL succeeded to collect a total of Rs 1.23 arba as revenue from sales.
Its earnings per share (EPS) stands at Rs 27.72, net worth per share is at Rs 209.07 and P/E ratio at 21.90 times.",-0.9102011322975159
2019-06-02,Comparative analysis of hotel industry: Find out the performance of the only three listed hotels in the recent quarter,https://www.sharesansar.com/newsdetail/comparative-analysis-of-hotel-industry-find-out-the-performance-of-the-only-three-listed-hotels-in-the-recent-quarter,"Nepal has been gifted with natural scenic beauty which is a huge tourist attractor. Many tourists visit Nepal for the purpose of exploring the natural beauty of our country and to experience the diverse culture and tradition that exist in Nepal. The inflow of tourists works in favor for the Hotels industry in Nepal. However, currently there are only three Hotels that have been listed on NEPSE and they together make up the Hotels sub-index on NEPSE. They are Soaltee Hotel Limited, Taragaon Regency Hotel (Hyatt Hotel) and Oriental Hotels Limited (Radisson Hotel).
Like all listed companies, these Hotels also have to publish their quarterly reports in the prescribed format. Thus, based on the third quarter reports published by these hotels; we have prepared a comparative analysis to give a clear picture to the investor about the performance of listed hotels and to take decision accordingly. We have compared some key indicators that will give a clear picture regarding the performance of hotels.
Share Capital and Reserves & Surplus
Since there is no minimum paid-up capital requirement for listed hotels, high disparity can be seen in the share capital of the Hotels
. Taragaon Regency Hotel (TRH)
has the highest share capital among the three which is standing at Rs.1.88 arba.
Oriental Hotels Limited (OHL)
posted share capital of Rs.1.07 arba while
Soaltee Hotel’s (SHL)
share capital is the lowest at Rs.66.61 Crore.
Although TRH posted the highest share capital, its reserves and surplus is at lowest highest among the three at Rs. 77.78 Crore.
Oriental Hotels Limited (OHL)
has the highest reserves and surplus standing at Rs.1.08 arba. SHL posted reserves and surplus of Rs 89.43 Crore.
Revenue from Operation
Hotels’ major source of revenue is from its core operation of providing hospitality services to its guests which includes sale of rooms, revenue from restaurants and banquets etc. As per the third quarter reports,
Soaltee Hotel Limited (SHL)
generated highest revenue worth Rs. 1.31 arba from its operation while
Taragaon Regency Hotel (TRH)
generated Rs.86.97 Crore.
Oriental Hotel (OHL)
generated Rs.83.34 Crore as operating income.
Net Profit
Looking at the net profit posted by each of these hotels,
Taragaon Regency Hotel (TRH)
has posted a net profit of Rs.35.66 Crore which is the highest among three.
Soaltee Hotel Limited (SHL)
was able to post a net profit of Rs.23.10 Crore.
Oriental Hotel Limited (OHL)
posted a net profit of Rs.20.75 Crore which is lowest in the industry. The profit of TRH is the profit before bonus and tax deduction so, this factor might change the position of net profit and EPS of hotels.
Earnings per Share
We can see huge disparity in the value of earnings per share posted by these hotels due to the difference in their par value. The par value of SHL shares is Rs.10 while that of the other two is Rs.100. If we assume
Soaltee Hotel Limited (SHL)
share prices to be at par value of Rs.100, the EPS of SHL stands at Rs.46.2 which is the highest among the three.
Oriental Hotel Limited (OHL)
posted an EPS of Rs.25.75 and
Taragaon Regency Hotel (TRH)
posted an EPS of Rs.25.20 which is the lowest in the industry.
Net Worth per Share
As mentioned earlier, SHL shares’ par value is Rs.10 due to which there is disparity among the posted values. If we are to equate
Soaltee Hotel Limited (SHL)
shares’ par value with that of other hotels, its net worth per share will be at Rs.234.30 which is the highest in the industry.
Taragaon Regency Hotel (TRH)
posted net worth per share of Rs.141.23 which is the lowest in the industry while
Oriental Hotel Limited (OHL)
posted net worth per share of Rs.200.66.
P/E Ratio
There are always two ways of interpreting the P/E ratio. On one hand high P/E ratio indicates that the scrip is overvalued and is costing more than its earning capacity. On the other hand higher P/E ratio also indicates the goodwill and image of the company because of which the investors are willing to pay higher for per unit earning.
Soaltee Hotel Limited (SHL)
posted the highest P/E ratio of 51.89 times while
Taragaon Regency Hotel (TRH)
posted the lowest P/E ratio of 10.12 times.
Oriental Hotel Limited (OHL)
posted a P/E ratio of 25.40 times.
Summary
Although currently there are only three Hotels to choose from when it comes to investment aspect, Nepalese investors may get other options to invest in the coming years as many renowned Hotels are opening their chains in Nepal and might choose to go for IPO to invite investment from the public.",0.8658369779586792
2019-05-12,Oriental Hotel's net profit crosses Rs.20 Crore by the end of third quarter; net worth per share stands at Rs.200.66,https://www.sharesansar.com/newsdetail/oriental-hotels-net-profit-crosses-rs20-crore-by-the-end-of-third-quarter-net-worth-per-share-stands-at-rs20066,"Oriental Hotel Limited
(OHL) has reported hike in its net profit by 6.32% in the third quarter of the current fiscal year 2075/76.
Publishing the unaudited report for the third quarter report today, the company that runs Hotel Radisson has stated that its net profit after tax has risen to Rs 20.74 crore in the third quarter compared to net profit of Rs 19.51 crore in the corresponding quarter of the last fiscal year 2074/75.
Oriental Hotels has a share capital of Rs 1.07 arba with reserve and surplus of Rs 1.08 arba in Q3 from Rs 93.42 crore and Rs 1.02 arab in the corresponding quarter of last fiscal year respectively.
OHL succeeded to collect a total of Rs 87.61 crore as revenue from sales.
Its earnings per share (EPS) stands at Rs 19.31, net worth per share is at Rs 200.66 and P/E ratio at 22.58 times.",-0.902824342250824
2019-02-14,The three listed hotels in NEPSE and their performance! How did these hotels perform in the second quarter?,https://www.sharesansar.com/newsdetail/the-three-listed-hotels-in-nepse-and-their-performance-how-did-these-hotels-perform-in-the-second-quarter,"Nepal has been gifted with natural scenic beauty which is a huge tourist attractor. Many tourists visit Nepal for the purpose of exploring the natural beauty of our country and to experience the diverse culture and tradition that exist in Nepal. The inflow of tourists works in favor for the Hotels industry in Nepal. However, currently there are only three Hotels that have been listed on NEPSE and they together make up the Hotels sub-index on NEPSE. They are Soaltee Hotel Limited, Taragaon Regency Hotel (Hyatt Hotel) and Oriental Hotels Limited (Radisson Hotel).
Like all listed companies, these Hotels also have to publish their quarterly reports in the prescribed format. Thus, based on the second quarter reports published by these hotels; we have prepared a comparative analysis to give a clear picture to the investor about the performance of listed hotels and to take decision accordingly. We have compared some key indicators that will give a clear picture regarding the performance of hotels.
Share Capital and Reserves & Surplus
Since there is no minimum paid-up capital requirement for listed hotels, high disparity can be seen in the share capital of the Hotels
. Taragaon Regency Hotel (TRH)
has the highest share capital amongst the three which is standing at Rs.1.88 arba.
Oriental Hotels Limited (OHL)
posted share capital of Rs.1.07 arba while
Soaltee Hotel’s (SHL)
share capital is the lowest at Rs.66.61 Crore.
Although TRH posted the highest share capital, its reserves and surplus is the lowest among the three at Rs.63.51 Crore.
Oriental Hotels Limited (OHL)
has the highest reserves and surplus standing at Rs.1.00 arba. SHL posted reserves and surplus of Rs 92.36 Crore.
Revenue from Operation
Hotels’ major source of revenue is from its core operation of providing hospitality services to its guests which includes sale of rooms, revenue from restaurants and banquets etc. As per the second quarter reports,
Soaltee Hotel Limited (SHL)
generated highest revenue worth Rs.88.05 Crore from its operation while
Taragaon Regency Hotel (TRH)
generated Rs.56.08 Crore.
Oriental Hotel (OHL)
generated Rs.24.97 Crore as operating income.
Net Profit
Looking at the net profit posted by each of these hotels,
Taragaon Regency Hotel (TRH)
has posted a net profit of Rs.21.39 Crore which is the highest among three.
Soaltee Hotel Limited (SHL)
was able to post a net profit of Rs.15.16 Crore.
Oriental Hotel Limited (OHL)
posted a net profit of Rs.13.40 Crore which is lowest in the industry. The profit of TRH is the profit before bonus and tax deduction so, this factor might change the position of net profit and EPS of hotels.
Earnings per Share
We can see huge disparity in the value of earnings per share posted by these hotels due to the difference in their par value. The par value of SHL shares is Rs.10 while that of the other two is Rs.100. If we assume
Soaltee Hotel Limited (SHL)
share prices to be at par value of Rs.100, the EPS of SHL stands at Rs.45 which is the highest among the three.
Oriental Hotel Limited (OHL)
posted an EPS of Rs.24.94 and
Taragaon Regency Hotel (TRH)
posted an EPS of Rs.22.67 which is the lowest in the industry.
Net Worth per Share
As mentioned earlier, SHL shares’ par value is Rs.10 due to which there is disparity among the posted values. If we are to equate
Soaltee Hotel Limited (SHL)
shares’ par value with that of other hotels, its net worth per share will be at Rs.238.70 which is the highest in the industry.
Taragaon Regency Hotel (TRH)
posted net worth per share of Rs.133.66 which is the lowest in the industry while
Oriental Hotel Limited (OHL)
posted net worth per share of Rs.193.82.
P/E Ratio
There are always two ways of interpreting the P/E ratio. On one hand high P/E ratio indicates that the scrip is overvalued and is costing more than its earning capacity. On the other hand higher P/E ratio also indicates the goodwill and image of the company because of which the investors are willing to pay higher for per unit earning. Having mentioned that,
Soaltee Hotel Limited (SHL)
posted the highest P/E ratio of 45.24 times while
Taragaon Regency Hotel (TRH)
posted the lowest P/E ratio of 10.59 times.
Oriental Hotel Limited (OHL)
posted a P/E ratio of 16.84 times.
Summary
Although currently there are only three Hotels to choose from when it comes to investment aspect, Nepalese investors may get other options to invest in the coming years as many renowned Hotels are opening their chains in Nepal and might choose to go for IPO to invite investment from the public.",0.7952707409858704
2019-02-12,Paid up capital of Oriental Hotels crosses Rs.1 Arba; net profit by the end of second quarter stands at Rs.13.39 Crore,https://www.sharesansar.com/newsdetail/paid-up-capital-of-oriental-hotels-crosses-rs1-arba-net-profit-by-the-end-of-second-quarter-stands-at-rs1339-crore,"Oriental Hotels Limited
(OHL) has reported hike in its net profit by 14% in the second quarter of the current fiscal year 2075/76.
Publishing the unaudited report for the second quarter report today, the company that runs Hotel Radisson has stated that its net profit after tax has risen to Rs 13.39 crore in the second quarter compared to net profit of Rs 11.75 crore in the corresponding quarter of the last fiscal year 2074/75.
Oriental Hotels has a share capital of Rs 1.07 arba with reserve and surplus of Rs 1 arba in Q2 from Rs 94.63 crore in the corresponding quarter of last fiscal year.
OHL succeeded to collect a total of Rs 56.93 crore from sales and operations.
Its annualized earnings per share (EPS) stands at Rs 12.47, net worth per share is at Rs 193.82 and P/E ratio at 35.04 times.",-0.9033061861991882
2019-01-25,"Who are the defaulters from hydropower, manufacturing, hotels, others and trading sector in the matter of AGM? For how long have they delayed it in the past?",https://www.sharesansar.com/newsdetail/who-are-the-defaulters-from-hydropower-manufacturing-hotels-others-and-trading-sector-in-the-matter-of-agm-for-how-long-have-they-delayed-it-in-the-past,"~Rishab Agrawal
There have been defaulters in all sectors regarding the issue of AGM. There are a few companies in each sector who have taken their duty to conduct AGM within the stipulated time for granted. The importance of conducting AGM timely cannot be stressed enough. And all the efforts to bring this issue to the concerned authorities notice have gone in vain. The companies continue to deprive stakeholders of their rights and the authorities continue to overlook the fact and refuse to have a clear stand regarding the matter.
Similar to the BFI and insurance sector, the reaming sectors also have some defaulters when it comes to the issue of AGM. To know about the matter, a sector-wise list has been compiled reflecting the AGM date of respective companies for FY 74/75 as well as FY 73/74.
A total of 10 hydropower companies have not conducted or even proposed their AGM for FY 74/75. While 3 companies have not conducted their AGM for FY 73/74. They are- Joshi Hydropower Company (JOSHI), Kalika Power Company (KPCL) and Panchakanya Mai Hydropower (PMHPL). However, three companies, namely Chhyangdi Group Power Company (CHL), Arun Kabeli Power Limited (AKPL) and Dibyashwari Hydropower Company (DHPL), conducted joint AGM for FY 73/74 and FY 74/75. Out of the remaining companies to conduct AGM for FY 74/75, only Nepal Hydro Developer (NHDL) has proposed dividend. Hydropower companies have a history of delaying their AGM up to a period of July.
Among manufacturing companies, only one company is at default for not only FY 74/75 but also for FY 73/74. This company is Shree Ram Sugar Mills (SRS). The company has neither conducted AGM, nor declared any dividends for both the years. The reaming companies in this sector have successfully conducted AGM on time and have endorsed dividends. SRS lags behind its competitors in both these aspects.
Looking at the Hotels sector, only Taragaon Regency Hotel (TRH) has not conducted the AGM for FY 74/75 while the remaining two have conducted it timely. Even for the previous year, TRH was the only hotel to delay their AGM up to a period of March. However, all three have endorsed dividends for FY 74/75.
Similarly, among Others, only Citizen Investment Trust (CIT) has defaulted in this matter and has not endorsed any dividend for FY 74/75 yet. The remaining companies have successfully conducted their AGM. CIT had recently conducted the AGM for FY 73/74 on 21
st
December, 2018 and endorsed 23.22% dividend for the mentioned fiscal year.
Finally, looking at the Trading sector, both the companies i.e. Salt Trading Corporation (STC) and Bishal Bazar Company (BBC) haven’t conducted their AGM for FY 74/75 yet while only STC has endorsed dividend of 35% for that period. BBC defaulted in this matter for FY 73/74 as well while STC delayed their AGM until 6
th
March, 2018.
To conclude, the list of defaulters in this matter is ever growing while an appropriate reason for this cannot be ascertained. However, with the authorities turning a blind eye towards the matter, these public companies are functioning under improper authority. In this scenario, the stakeholders of these companies are losing the most while the companies are running without any retribution for their actions.
Look at defaulter companies from
Commercial Banks
,
Development Banks
,
Insurance Sector
,
Finance Sector
and
Microfinance Sector
.",0.6922045350074768
2018-12-26,14.01 Lakh unit bonus shares of Oriental Hotels Limited has been listed by NEPSE,https://www.sharesansar.com/newsdetail/1401-lakh-unit-bonus-shares-of-oriental-hotels-limited-has-been-listed-by-nepse,"Nepal Stock Exchange has listed 14.01 Lakh unit bonus shares of Oriental Hotels Limited (OHL).
Oriental Hotels had distributed 15% bonus shares from the profits of FY 74/75 for the shareholders. The company had distributed 1,401,354.58 units as bonus shares which can now be traded in the secondary market.",0.9188745021820068
2018-12-23,Three listed hotels and their performance in the first quarter! How did they do?,https://www.sharesansar.com/newsdetail/three-listed-hotels-and-their-performance-in-the-first-quarter-how-did-they-do,"Nepal has been gifted with natural scenic beauty which is a huge tourist attractor. Many tourists visit Nepal for the purpose of exploring the natural beauty of our country and to experience the diverse culture and tradition that exist in Nepal. The inflow of tourists works in favor for the Hotels industry in Nepal. However, currently there are only three Hotels that have been listed on NEPSE and they together make up the Hotels sub-index on NEPSE. They are Soaltee Hotel Limited, Taragaon Regency Hotel (Hyatt Hotel) and Oriental Hotels Limited (Radisson Hotel).
Like all listed companies, these Hotels also have to publish their quarterly reports in the prescribed format. Thus, based on the first quarter reports published by these hotels; we have prepared a comparative analysis to give a clear picture to the investor about the performance of listed hotels and to take decision accordingly. We have compared some key indicators that will give a clear picture regarding the performance of hotels.
Share Capital and Reserves & Surplus
Since there is no minimum paid-up capital requirement for listed hotels, high disparity can be seen in the share capital of the Hotels. Oriental Hotels Limited (OHL) posted share capital of Rs.93.42 Crore while Soaltee Hotel’s (SHL) share capital is the lowest at Rs.66.61 Crore. Taragaon Regency Hotel (TRH) has the highest share capital amongst the three which is standing at Rs.188.67 Crore. Although TRH posted the highest share capital, its reserves and surplus is the lowest among the three at Rs.48.03 Crore. While OHL has the highest reserves and surplus standing at Rs.115.97Cror,. SHL posted reserves and surplus of Rs.83 Crore.
Revenue from Operation
Hotels’ major source of revenue is from its core operation of providing hospitality services to its guests which includes sale of rooms, revenue from restaurants and banquets etc. As per the first quarter reports, Soalte Hotels generated highst revenue worth Rs.36.79 Crore from its operation while Oriental Hotel generated Rs.24.97 Crore and Taragaon Regency Hotel generated Rs.19.93 Crore.
Net Profit
Looking at the net profit posted by each of these hotels, SHL has posted a net profit of Rs.5.81 Crore which is the highest among three. OHL was able to post a net profit of Rs.4.04 Crore. TRH posted a net profit of Rs.3.91 Crore which is lowest in the industry.
Earnings per Share
We can see huge disparity in the value of earnings per share posted by thse hotls due to the difference in their par value. The par value of SHL shares is Rs.10 while that of the other two is Rs.100. If we assume SHL share prices to be at par value of Rs.100, the EPS of SHL stands at Rs.34 which is the highest among the three. Oriental Hotels posted an EPS of Rs.17.30 and TRH posted an EPS of Rs.8.29 which is the lowest in the industry.
Net Worth per Share
As mentioned earlier, SHL shares’ par value is Rs.10 due to which there is disparity among the posted values. If we are to equate SHL shares’ par value with that of other hotels, its net worth per share will be at Rs.224.46 which is the highest in the industry. TRH posted net worth per share of Rs.125.46 which is the lowest in the industry while OHL posted net worth per share of Rs.224.13.
P/E Ratio
There are always two ways of interpreting the P/E ratio. On one hand high P/E ratio indicates that the scrip is overvalued and is costing more than its earning capacity. On the other hand higher P/E ratio also indicates the goodwill and image of the company because of which the investors are willing to pay higher for per unit earning. Having mentioned that, SHL posted the highest P/E ratio of 57.01 times while OHL posted the lowest P/E ratio of 26.12 times. TRH posted a P/E ratio of 29.56 times.
Summary
Although currently there are only three Hotels to choose from when it comes to investment aspect, Nepalese investors may get other options to invest in the coming years as many renowned Hotels are opening their chains in Nepal and might choose to go for IPO to invite investment from the public.",0.8386732935905457
2018-11-16,Oriental Hotel enters the new fiscal year with 21% hike in net profit; annualized EPS stands at Rs 17.32,https://www.sharesansar.com/newsdetail/oriental-hotel-enters-the-new-fiscal-year-with-21-hike-in-net-profit-annualized-eps-stands-at-rs-1732,"Oriental Hotels Limited (OHL) has reported hike in its net profit by 21.20% in the first quarter of the current fiscal year 2075/76.
Publishing the unaudited report for the first quarter report today, the company that runs Hotel Radisson has stated that its net profit after tax has risen to Rs 4.04 crore in the first quarter compared to net profit of Rs 2.56 crore in the corresponding quarter of the last fiscal year 2074/75.
Oriental Hotels has a share capital of Rs 93.42 crore with reserve and surplus of Rs 1.16 arba in Q1 from Rs 1.05 arba in the corresponding quarter of last fiscal year.
OHL succeeded to collect a total of Rs 22.34 crore from sales and operations.
Its annualized earnings per share (EPS) stands at Rs 17.32, net worth per share is at Rs 224.13 and P/E ratio at 32.22 times.",-0.9010006785392761
2018-10-11,Do you think putting money at Bank is better than investing in stock market? Let’s debunk this myth,https://www.sharesansar.com/newsdetail/do-you-think-putting-money-at-bank-is-better-than-investing-in-stock-market-lets-debunk-this-myth,"Aakriti Thakali
Bear & bull, up & down, peak & trough are the natural characteristics of any stock market, or any market in general. However, most often we tend to find comfort in the false belief that the only way is UP and that is when disappointment occurs. When the bull of 2016, 27th of July touched 1,888 points no one anticipated the loss they were going to incur, some left the market and some are still paying the dues. Amidst all this chaos, a true investor could find relief in the fact that, “if you’re in it for long term and are devoting enough time to analyze all the fundamentals, then the chances of incurring losses are close to zero.”
Similarly, in this year’s bear when the banks started to push their rates up, we often got to hear that the money is Fixed Deposit (FD) provided a better yield than the stock market. Well, it’s true but only if you are a trader and looking for short term gains. But if you want to be an investor then it might be the symptom of “Myopic vision” (
short sightedness).
Look at all the great, successful and influential investors, what do you find in common? The basic traits are:
PATIENCE
LONG-TERM VISION
PORTFOLIO DIVERSIFICATION
Focus on MINIMIZING the losses along with MAXIMIZING the returns
This is what Warren Buffet says and if you want a local figure, this is what Ambika Pd. Poudel says.
So when we say long-term, how long is the long term? In context of Nepal, we can take 5 years as long term because the market cycle usually takes 5 years to complete a bear and a bull run. Keeping this in mind, the analysis here on out has considered a period of 5 years from October 10th, 2013 to October 10th, 2018.
One of the important traits of successful investor is portfolio diversification. The problem here is that more than 80% of Nepal’s capital market is dominated by Banks and Financial Institutions (BFIs). Nonetheless, we can diversify our portfolio by investing all the sectors as segregated by Nepal Stock Exchange (NEPSE).
Let us suppose that on October 10th, 2013 you had Rs. 10 lakhs at your disposal. The two options you had were either to keep it on Fixed Deposit account at a bank or invest in the capital market. You’d like to access both your options and the returns that each alternative will yield. So the analysis is presented below:
Investing in stock market
Since you didn’t have any extensive knowledge regarding fundamental analysis of the companies, you decided to minimize your risk by diversifying your portfolio and investing in all the sectors that were selling that day. Based on this premise, you choose following stocks and invest Rs 1 Lakh each on all 10 stocks:
So by using SSPro software, we can easily access how much each of these shares are worth today if we had made the investment as shown in above table. So analyzing each stock, we have:
Everest Bank Limited (EBL):
(Image taken from SSPro software)
Muktinath Bikas Bank (MNBBL):
(Image taken from SSPro software)
Shree Investment Finance Company (SIFC):
(Image taken from SSPro software)
Oriental Hotels (OHL):
(Image taken from SSPro software)
National Hydropower Company (NHPC):
(Image taken from SSPro software)
Gurans Life Insurance Company (GLICL):
(Image taken from SSPro software)
Neco Insurance Company (NIL):
(Image taken from SSPro software)
Himalayan Distillery (HDL):
(Image taken from SSPro software)
Womi Laghubitta Bittiya Sanstha (WOMI):
(Image taken from SSPro software)
Nepal Doorsanchar Company (NTC):
(Image taken from SSPro software)
Thus, if we incorporate all the above details in one picture, we can see that the initial investment of Rs 1 lakh on October 10th, 2013 can yield Rs. on October 10th, 2018.
From the table above, it is clear that diversifying the portfolio has surely been a boon to your investment. The value of NHPC has gone below par now, but still it has made you a Compounded Annual Growth Rate (CAGR) of 5.97%, which is in fact higher than the rise in Fixed Deposit Rates from the year 2013 till now. Similarly, the bull of this cycle was led by Microfinance and Insurance sector, which is depicted by the awesome CAGR of the companies that you chose from this sector. So in totality, within a period of 5 years you have multiplied your investment by 7 times.
Fixed Deposit at Bank
We have seen a substantial rise in the FD rates over the years. However, the rise in bank rate are easily surpassed by the returns given by the capital market. A few years back, the FD rates were as low as 5% to 6% and due to the to liquidity shortage in market the rates had gone up to as high as 13%, which was later brought down to 11% by the Gentleman's agreement signed by the Nepal Bankers’ Association (NBA). So, considering the most optimistic condition let the FD rate be 13%. Now, considering all factors constant, if you had deposited Rs 10 lakh in a FD account at 13% compound interest paid annually on October 10th, 2013, your money on October 10th, 2018 will amount to Rs 18 lakh 42 thousand only. This means by putting your money at bank you can barely double your amount in 5 years.
Verdict
It is true that the decision making technique and process of each individual varies along with our risk appetite and our goals. For this reason, the shares picked were taken in random manner with no underlying premise -- the only objective was portfolio diversification. So when we are able to multiply our fund by 7 times just by diversifying our portfolio based on sectors, think about the gain we could have made if we also had done fundamental analysis of the companies that we chose.
If a thorough fundamental analysis was also done, then maybe we wouldn’t have bought NHPC and that would have changed your CAGR to a new direction. So the conclusion is, if you have patience to wait for the market to complete a cycle and if your carefully diversify your portfolio among all sectors then the returns are guaranteed.",0.8348509669303894
2018-10-04,Have you secured your 26.32% dividend of Oriental Hotel? Last day to hold the shares,https://www.sharesansar.com/newsdetail/have-you-secured-your-2632-dividend-of-oriental-hotel-last-day-to-hold-the-shares,"Today is the last day to hold the shares of Oriental Hotel to be eligible to participate in the 21
st
AGM of the company.
The meeting will be convened in the premises of Nepal Administrative Staff College, Jawlakhel at 11:00 AM on Kartik 12, 2075.
The main agendas of the meeting include:
Approval for the distribution of 15% bonus shares.
To make decisions about the issuance of FPO to convert promoters and ordinary shareholders ratio at 55:45
The other agendas of the meeting are endorsement of financial statement for the FY 2074/75, distribution of 11.32% cash dividend including tax and appointment of statutory auditor for the FY 2075/76.",0.9318947196006775
2018-09-26,Oriental Hotel to convene 21st AGM on Kartik 12; Meeting to approve 26.32% dividend & issuance of FPO,https://www.sharesansar.com/newsdetail/oriental-hotel-to-convene-21st-agm-on-kartik-12-meeting-to-approve-2632-dividend-and-issuance-of-fpo,"Oriental Hotel Limited (OHL) has announced its 21
st
annual general meeting (AGM) to be convened on Kartik 12, 2075. The meeting will be convened in the premises of Nepal Administrative Staff College, Jawlakhel at 11:00 AM.
The main agendas of the meeting include:
Approval for the distribution of 15% bonus shares.
To make decisions about the issuance of FPO to convert promoters and ordinary shareholders ratio at 55:45
The other agendas of the meeting are endorsement of financial statement for the FY 2074/75, distribution of 11.32% cash dividend including tax and appointment of statutory auditor for the FY 2075/76.",0.9331867694854736
2018-09-25,Oriental Hotels proposes 26.32% dividend for FY 2074/75; To distribute after AGM on Kartik 12,https://www.sharesansar.com/newsdetail/oriental-hotels-proposes-2632-dividend-for-fy-207475-to-distribute-after-agm-on-kartik-12,"Oriental Hotels Limited (OHL) has announced 26.32% dividend for its shareholders.
The hotel has proposed 11.32% cash dividend worth Rs 10.57 crore and 15% bonus shares worth Rs 14.01 crore for the FY 2074/75.
After the adjustment of 15% bonus shares, the paid-up capital will reach Rs 1.07 arba.
The decision is subject to approval from Nepal Rastra Bank and the upcoming AGM.
The company’s AGM will be convened on Kartik 12, 2075. For the purpose of the AGM, the shareholders register book will remain closed from Ashoj 19 till Kartik 12, 2075 i.e. the shareholders holding the share till Ashoj 18 will receive the dividend.
For the FY 2073/74, the company had declared 18% bonus share and 6.21% cash dividend.",0.9244661331176758
2018-09-14,Hotels not only good for accommodation but also for investment; here is listed Hotels’ analysis,https://www.sharesansar.com/newsdetail/hotels-not-only-good-for-accommodation-but-also-for-investment-here-is-listed-hotels-analysis,"~Rishab Agrawal
Nepal has been gifted with natural scenic beauty which is a huge tourist attractor. Many tourists visit Nepal for the purpose of exploring the natural beauty of our country and to experience the diverse culture and tradition that exist in Nepal. The inflow of tourists works in favor for the Hotels industry in Nepal. However, currently there are only three Hotels that have been listed on NEPSE and they together make up the Hotels sub-index on NEPSE. They are Soaltee Hotel Limited, Taragaon Regency Hotel (Hyatt Hotel) and Oriental Hotels Limited (Radisson Hotel).
Like all listed companies, these Hotels also have to publish their quarterly reports in the prescribed format. Thus, based on the fourth quarter reports published by these hotels; we have prepared a comparative analysis to give a clear picture to the investor about the performance of listed hotels and to take decision accordingly. We have compared some key indicators that will give a clear picture regarding the performance of hotels.
Share Capital and Reserves & Surplus
Since there is no minimum paid-up capital requirement for listed hotels, high disparity can be seen in the share capital of the Hotels. Oriental Hotels Limited (OHL) posted share capital of Rs.93.42 Crore while Soaltee Hotel’s (SHL) share capital is the lowest at Rs.66.61 Crore. Taragaon Regency Hotel (TRH) has the highest share capital amongst the three which is standing at Rs.188.67 Crore. Although TRH posted the highest share capital, its reserves and surplus is the lowest among the three at Rs.43.03 Crore. While OHL has the highest reserves and surplus standing at Rs.111.91 Crore. SHL posted reserves and surplus of Rs.92.01 Crore.
Revenue from Operation
Hotels’ major source of revenue is from its core operation of providing hospitality services to its guests which includes sale of rooms, revenue from restaurants and banquets etc. As per the fourth quarter reports, Oriental Hotels generated Rs.117.26 Crore from its operation while Soaltee Hotel generated Rs.156.02 Crore and Taragaon Regency Hotel generated Rs.132.24 Crore.
Net Profit
Looking at the net profit posted by each of these hotels, OHL has posted a net profit of Rs.29.03 Crore which is the highest among the three even though it has the lowest revenue from operations. SHL having highest revenue from operation, was only able to post a net profit of Rs.21.29 Crore which is the lowest in the industry. TRH posted a net profit of Rs.25.71 Crore which is close to the industry average of Rs.25.34 Crore.
Earnings per Share
We can see huge disparity in the value of earnings per share posted by Soaltee Hotel and other hotels. This is because the par value of SHL shares is Rs.10 while that of the other two is Rs.100. If we assume SHL share prices to be at par value of Rs.100, the EPS of SHL stands at Rs.32 which is the highest among the three. Oriental Hotels posted an EPS of Rs.31.07 and TRH posted an EPS of rs.13.63 which is the lowest in the industry.
Net Worth per Share
As mentioned earlier, SHL shares’ par value is Rs.10 due to which there is disparity among the posted values. If we are to equate SHL shares’ par value with that of other hotels, its net worth per share will be at Rs.238.10 which is the highest in the industry. TRH posted net worth per share of Rs.128 which is the lowest in the industry while OHL posted net worth per share of Rs.219.79.
P/E Ratio
There are always two ways of interpreting the P/E ratio. On one hand high P/E ratio indicates that the scrip is overvalued and is costing more than its earning capacity. On the other hand higher P/E ratio also indicates the goodwill and image of the company because of which the investors are willing to pay higher for per unit earning. Having mentioned that, SHL posted the highest P/E ratio of 76.02 times while TRH posted the lowest P/E ratio of 20.11 times. OHL posted a P/E ratio of 20.98 times.
Summary
From the table above we can see that Oriental Hotels is leading in Reserves and Net Profit, Taragaon Regency Hotel is leading in terms of Share Capital and Soaltee Hotel is leading in rest of the indicators which are Revenue from Operations, EPS, P/E Ratio and Net Worth per Share. The industry average has also been mentioned below each indicator for comparison sake.
Although currently there are only three Hotels to choose from when it comes to investment aspect, Nepalese investors may get other options to invest in the coming years as many renowned Hotels are opening their chains in Nepal and might choose to go for IPO to invite investment from the public.",0.8589451313018799
2018-08-13,Oriental Hotels’ EPS rises to Rs 31.07; Profit rises by 21.20% to Rs 29.02 crore in the fourth quarter,https://www.sharesansar.com/newsdetail/oriental-hotels-eps-rises-to-rs-3107-profit-rises-by-2120-to-rs-2902-crore-in-the-fourth-quarter,"Oriental Hotels Limited (OHL) has reported hike in its net profit by 21.20% in the fourth quarter of the current fiscal year 2074/75.
Publishing the unaudited report for the fourth quarter report today, the company that runs Hotel Radisson has stated that its net profit after tax has risen to Rs 29.02 crore in the fourth quarter compared to net profit of Rs 23.94 crore in the corresponding quarter of the last fiscal year 2073/74
Oriental Hotels has a share capital of Rs 93.42 crore in the fourth quarter of the fiscal year 2074/75.
Its reserve and surplus has appreciated to Rs 1.11 arba in Q4 from Rs 1.02 arba in the same period of corresponding quarter.
OHL succeeded to collect Rs 1.03 arba as revenue after deducting cost of food, provision and beverage.
Its earnings per share (EPS) stands at Rs 31.07, net worth per share is at Rs 219.79 and P/E ratio at 20.98 times.",-0.9243217706680298
2018-06-07,Comparative analysis of listed Hotels; Find out your suitable investment arena,https://www.sharesansar.com/newsdetail/comparative-analysis-of-listed-hotels-find-out-your-suitable-investment-arena,"Tourism is one of the few greatest strengths of our country. We are naturally endowed with great diversity in geography and natural beauty and yearly millions of tourists visit our country to enjoy the scenic beauty and experience the diverse culture and traditions. However so far only three big hotels are listed in our bourse, namely Soaltee Hotel, Taragaon Regency Hotel (Hyatt Hotel) and Oriental Hotel (Radisson Hotel).
Like all the other listed companies, these companies to publish their financial statement each quarter. Thus based on the 3
rd
quarter report of these 3 Hotels, a comparative story has been developed here forth:
The comparison is done based on few major indicators of the report. They are:
Paid-up capital:
There is no minimum paid-up capital requirements for Hotels like Banks and financial institutions and insurance companies. As seen in the figure below Taragaon Regency has the highest paid-up capital of Rs 1.88 arba, whereas Soaltee Hotel has the lowest paid-up of Rs 66.61 crore. We can see a huge discrepancy between the values, so even though they belong to the same industry their operations vary widely.
Reserve and surplus:
The reserve and surplus is the safety cushion for the organization and basis for further expansion and development of the business. As seen in the figure below, despite the huge paid-up capital base the reserve and surplus of TRH is significantly lower amounting to Rs 41.60 crore only. On the other hand OHL has the highest reserve of Rs 1.02 arba followed by SHL standing at Rs 85.90 crore.
Net fixed assets:
Being in the service industry, the fixed assets says a lot about the hotel too. Large successful Hotels are often categorized with huge asset base and infrastructures. As seen on the graph below, Oriental Hotels have the highest fixed property worth Rs 228.55 crore and Soaltee has the lowest worth Rs 76.83 crore.
Income from room sales, banquets, restaurants & others
The main source of revenue for Hotels comes from the room sales, services provided, banquets, restaurants etc. provided to the customers. Soaltee Hotel has the highest income from room sales, banquets, restaurants and others amounting to Rs 112.75 crore, Taragaon Regency ranks second with Rs 91.58 crore. Finally Oriental Hotels has earned Rs 81.27 crore.
Net Profit:
Although the income from operating activities of Soaltee Hotel was the highest, it hasn’t performed so well in terms of the Net Profit. This means that it has significantly high operating and other expenses. Tara Gaon Regency has earned the highest net profit of Rs 27.54 crore. Similarly, Oriental Hotels has reported a net profit of Rs 19.51 crore.
Net worth per share:
As seen in the graph below, there is a huge discrepancy between the net worth per share of the Hotels. This is because the par value per share of Soaltee Hotel is Rs 10 and of Oriental Hotel and Tara Gaon Regency is Rs 100. So if Soaltee Hotel’s par value was also Rs 100 then its net worth per share would be Rs 229, which is highest among the three. Secondly, Oriental Hotels’ net worth stands at Rs 209.60 and finally Tara Gaon with Rs 122.05 per share.
Earning per share:
Similarly, like in the previous heading here too the Soaltee’s EPS is based on Rs 10 par share. So if it’s par were Rs 100 then it’s annualized EPS would stand at Rs 30.4 making it the winner among the three. Similarly, Oriental Hotels stands seconds with Rs 27.85 and finally Taragaon Regency with Rs 19.46.
Price to earning ratio:
There are always two ways of interpreting the p/e ratio. On one hand high p/e ratio indicates that the scrip is overvalued and is costing more than its earning capacity. On the other hand higher p/e ratio also indicates the goodwill and image of the company because of which the investors are willing to pay higher for per unit earning.
Among the companies under review, Soaltee has the highest p/e ratio of 81.95 times, followed by Oriental at 20.76 times and Taragaon at 13.36 times.
Return on equity:
ROE gives the return or profit generated per unit of Equity. Unlike other parameters, ROE of all three hotels are more or less the same, which means that the equity being used by these companies are being utilized at industry standard. However, for the sake of comparison we can see that the ROE of Taragaon is highest standing at 15.95%, followed by Oriental and Soaltee at a very close range of 13.29% and 13.27% respectively.
Overall scenario:
The below table gives the overview of all the indicators discussed above. Soaltee and Taragaon leads in three heading each and Oriental leads in two indicators. However no judgement has been passed on for p/e ratio as it may vary based on the investors’ opinion.
*
The par value per share of Soaltee is Rs 10. So if it’s par were also Rs 100 it’s Networth per share and EPS would be Rs 229 and Rs 30.4 respectively making it the highest.",0.8400132060050964
2018-05-13,Oriental Hotels report decent hike in profit of 16.47%; Net worth per share stand at Rs 209.60,https://www.sharesansar.com/newsdetail/oriental-hotels-report-decent-hike-in-profit-of-1647-net-worth-per-share-stand-at-rs-20960,"Oriental Hotels Limited (OHL) has reported hike in its net profit by 16.47% in the third quarter of the current fiscal year 2074/75.
Publishing the unaudited report for the third quarter report today, the company that runs Hotel Radisson has stated that its net profit after tax has rise to Rs 19.51 crore in the third quarter compared to net profit of Rs 16.75 crore in the corresponding quarter of the last fiscal year 2073/74
Oriental Hotels has a share capital of Rs 93.42 crore in the third quarter of the fiscal year 2074/75.
Its reserve and surplus has appreciated to Rs 1.02 arba in Q3 from Rs 94.85 crore in the same period of corresponding quarter.
OHL succeed to collect Rs 71.42 crore as revenue after deducting cost of food, provision and beverage.
Its earnings per share (EPS) stands at Rs 20.88 (annualized EPS = Rs 27.84) , net worth per share is at Rs 209.60 and P/E ratio at 22.41 times.",-0.9224929809570312
2018-04-03,"If you had invested Rs 1 lakh in stocks like NTC, NABIL & Chilime 5 years ago, here’s what it’s worth now",https://www.sharesansar.com/newsdetail/if-you-had-invested-rs-1-lakh-in-stocks-like-ntc-nabil-chilime-5-years-ago-heres-what-its-worth-now,"- Suramya Khanal
“The stock market is designed to transfer money from the active to the patient” – Warren Buffet
It is no secret that Warren Buffet, the self-made billionaire investor, has always valued investing over the long-term. His slow and steady approach has proved to be successful in building wealth—making him one of the richest people in the world with net worth of almost $85 billion (Rs 88 kharba). One of the most popular mantras of Buffet is about giving more importance to long-term investment on growing companies, rather than focusing on trading and short-term investments. So what can we learn from the man whose personal net worth is 6 times more than NEPSE’s entire market capitalization of Rs 14.30 kharba?
On several occasions, Warren Buffet has said that if one does not have the patience to hold stocks for 10 years, they shouldn’t hold it for even 10 minutes. Keeping this in mind, ShareSansar analyzed what would have happened if we had invested just Rs 1 lakh in some of the 15 popular stocks from different sectors and let it grow for 5 years. We analyzed 14 different companies (plus 1 mutual fund scheme) for this analysis, and projected the returns. Siddhartha Investment Growth Scheme-1, a mutual fund that matured in December 2017, was also analyzed to see if mutual funds could also provide good returns in Nepali share market.
The below graphic shows what Rs 1 lakh invested in these 15 scrips five fiscal years ago would have grown (or shrunk) to in today’s value. For simplification, we made a
few assumptions
. We assumed that any cash dividends received in the five-year period (FY 2069/70 to FY 2073/74) were not reinvested, and capital gains tax was also not calculated. Since 7.50% capital gains on profit will not matter much in the long-term (due to adjustment of average base prices), this will also not offset the final worth by a big value. Amount invested for right share was also adjusted in the overall value, and any cash flow in these five years were totaled for the whole 5 years. Also, Rs 10 was taken as the per unit cost of SIGS1 since its initial offering (IPO) came in Mangsir, 2069. Finally, we have assumed the prices of 5 fiscal years ago i.e. on Asadh 31, 2069 to fully compound the dividends of all the 5 years.
Companies Analyzed
S.N.
Company
Symbol
Sector
1
Nabil Bank Limited
NABIL
Commercial Bank
2
Nepal Investment Bank Limited
NIB
Commercial Bank
3
Everest Bank Limited
EBL
Commercial Bank
4
Standard Chartered Bank Limited
SCB
Commercial Bank
5
Muktinath Bikas Bank Limited
MNBBL
Development Bank
6
ICFC Finance Limited
ICFC
Finance
7
Nepal Life Insurance Company Limited
NLIC
Life Insurance
8
Shikhar Insurance Company Limited
SICL
Non-life Insurance
9
Soaltee Hotels Limited
SHL
Hotels
10
Oriental Hotels Limited
OHL
Hotels
11
Chilime Hydropower Company Limited
CHCL
Hydropower
12
First Microfinance  Laghubitta Bittiya Sanstha Limited
FMDBL
Microfinance
13
Chhimek Laghubitta Bittiya Sanstha Limited
CBBL
Microfinance
14
Nepal Doorsanchar Company Limited
NTC
Others
15
Siddhartha Investment Growth Scheme – 1
SIGS1
Mutual Fund
These 15 scrips have always been hot stocks for their sectors, including the 4 commercial banks that are considered blue-chips: Everest Bank, Nabil Bank, Standard Chartered Bank and Nepal Investment Bank.
Results:
Annualized Returns:
Scrip
Initial Value (Rs.)
Today's Value (Rs.)
CAGR (%)
FMDBL
100,000.00
2,161,680.31
84.91%
SICL
100,000.00
1,835,367.91
78.96%
CBBL
100,000.00
1,695,398.88
76.14%
MNBBL
100,000.00
1,556,553.28
73.15%
OHL
100,000.00
1,130,287.59
62.42%
NLIC
100,000.00
867,483.08
54.05%
SHL
100,000.00
364,240.20
29.50%
ICFC
100,000.00
342,284.80
27.90%
SIGS1
100,000.00
342,200.00
27.90%
NIB
100,000.00
322,376.11
26.38%
EBL
100,000.00
271,437.43
22.11%
NABIL
100,000.00
249,300.96
20.05%
SCB
100,000.00
200,716.76
14.95%
NTC
100,000.00
189,463.22
13.63%
CHCL
100,000.00
188,248.46
13.49%
TOTAL
1,500,000.00
11,717,038.99
50.85%
It might be surprising to see that the 4 commercial banks (NIB, NABIL, SCB and EBL) were nowhere to be found at the top, although the annualized returns they provided was not bad (14.95% to 26.38%). However, among these scrips, First Microfinance was the clear winner with almost 85% Compounded Annual Growth Rate. In the 5 fiscal years, FMDBL has provided 15% cash dividend for 2 years, 15% bonus share for 3 years, 100% right share once and 50% right share for 2 consecutive years. If one had invested Rs 1 lakh in First Microfinance 5 years ago, it would have grown to Rs 21 lakh as of today.
Oriental Hotels (the operator of Radisson Hotel Chain in Nepal), as a hotel company, had also posted a remarkable growth in this period and distributed dividends for the last 4 years, along with hotcakes such as Muktinath Bikas Bank (MNBBL) and Shikhar Insurance (SICL). Chilime Hydropower (CHCL) and Nepal Doorsanchar (NTC) stood at the bottom of the 15 reviewed scrips, with annualized returns at 13.49% and 13.63% only. Rs 1 lakh invested in Shikhar Insurance five years ago would have yielded Rs 18 lakh today (including all the money reinvested as right share).
And if Rs 15 lakh was invested in these 15 companies five years ago, it would have become Rs 1crore and 17lakhs today
.
Takeaways:
1. Choose mutual funds over fixed deposits
If one does not have time or knowledge for making personal investment decisions, they can always opt for buying mutual funds. Mutual funds invest in many companies from different sectors, are regulated, and are managed by expert fund managers and analysts. SIGS1 provided regular cash dividends during its time, with compounded annual growth of 27.90%. No fixed deposit scheme will ever come close to providing this return.
2. There's almost no correlation between company’s operations and stock performance over the short-term, but 100% correlation in long-term.
Often, there does not seem to be much correlation between how the company is performing and its market performance. When the market is bearish, the prices of every companies start to fall. Using this dip to buy stocks of companies with growth potential will help reach investments goals over broader term. It pays to be patient and to own successful companies.
3. Ride the bear into the bull
Ever since making a high of 1,881 points almost two years ago, market has been in a consolidation phase. Those who had invested at the peak of the bull market in Shrawan 2073 may be at a loss today, however, holding on to the stocks of growing companies will surely lead to a good return. For the last 2 years, NEPSE has been on a downward trend, leading to many moments of panic selling. This has sharply decreased the price of the companies. For example, First Microfinance (FMDBL) had reached over Rs 1600 per kitta last year (2017 April), whereas its price is Rs 500 at the moment. Shikhar Insurance (SICL) can be bought at Rs 950 today, but it had reached Rs 4,300.
What we have to learn is that even when the companies have been devalued by such an extent, the number of shares one possesses has been steadily growing for the past few years. Eventually, this will outweigh all the risks of short-term trading and short-term swings. When the next bull market comes, we can offload the shares bought in bear market and get maximum returns on our investments. So, don’t feel afraid to buy undervalued companies in the bear market. The market may crash, but your share on the good company will only increase. Eventually when the bull arrives (and it will surely arrive), we can ride it. By focusing on long-term value instead of short-term emotions, by being patient when everyone is running to sell their shares, and by choosing companies with good future growth prospects, good returns can be anticipated in the next few years.
This article was first published in ShareSansar on April 3, 2018.",0.8035262823104858
2018-02-15,"NEPSE lists 62.88 lakh units bonus & right shares of Oriental Hotels, Guheshowori Merchant Banking & Jebils Finance",https://www.sharesansar.com/newsdetail/nepse-lists-62-88-lakh-units-bonus-right-shares-of-oriental-hotels-guheshowori-merchant-banking-jebils-finance,"Nepal Stock Exchange (NEPSE) has listed 33.99 lakh units bonus and right shares of Oriental Hotels Limited (OHL) and Guheshowori Merchant Banking & Finance Co. Ltd. (GMFIL) today.  Now, shareholders holding these right and bonus shares can sell them after they are deposited in their demat accounts.
Listing of Bonus Shares of Oriental Hotels Limited (OHL)
1425106.35 Units Bonus Shares of Oriental Hotels Limited has been listed for trading. This listing includes 18% bonus shares to its shareholders.
Listing of Right Shares of Guheshowori Merchant Banking & Finance Co. Ltd. (GMFIL)
1973928.77 Units Rights Shares of Guheshwori Merchant Banking & Finance Co. Ltd. has been listed. This listing includes 40% right shares which was issued to its shareholders.
Listing of Right Shares of Jebils Finance Ltd. (JEFL)
2889562.50 Units Rights Shares of Jebils Finance Ltd. has been listed for trading. This listing includes 100% right shares which was issued to its shareholders.",0.9289487600326538
2018-02-12,Oriental Hotel net profit enlarge by 15.30% to Rs 11.75 crore in Q2; EPS & Net worth at Rs 24.86 & Rs 201.15,https://www.sharesansar.com/newsdetail/oriental-hotel-net-profit-enlarge-by-15-30-to-rs-11-75-crore-in-q2-eps-net-worth-at-rs-24-86-rs-201-15,"Oriental Hotels Limited (OHL) has reported hike in its net profit by 15.30% in the second quarter of the current fiscal year 2074/75.

Publishing the unaudited report for the second quarter report today, the company that runs Hotel Radisson has stated that its net profit after tax has rise to Rs 11.75 crore in the second quarter compared to net profit of Rs 10.19 crore in the corresponding quarter of the last fiscal year 2073/74

Oriental Hotels has a share capital of Rs 93.42 (including 18% bonus shares from the net profit of FY 2073/74) crore in the second quarter of the fiscal year 2074/75.

Its reserve and surplus has appreciated to Rs 94.63 crore in Q2 from Rs 92.35 crore in the same period of corresponding quarter.

OHL succeed to collect Rs 46.76 crore as revenue after deducting cost of food, provision and beverage.

Its earnings per share (EPS) stands at Rs 12.43 (annualized EPS = Rs 24.86) , net worth per share is at Rs 201.15 and P/E ratio at 51.89 times.",-0.9104889035224915
2017-11-16,"Oriental Hotels earns Rs 2.55 crore, registers annualized EPS of Rs 12.93",https://www.sharesansar.com/newsdetail/oriental-hotels-earns-rs-2-55-crore-registers-annualized-eps-of-rs-12-93,"Oriental Hotels Limited (OHL) has reported net profit of Rs 2.55 crore in the first quarter of the current fiscal year 2074/75.

Publishing the unaudited report for the first quarter today, the company that runs Hotel Radisson has stated that its net profit after tax has rised to Rs 2.56 crore in the first quarter compared to net profit of Rs 2.55 lakhs in the corresponding quarter of the last fiscal year 2073/74

Oriental Hotels has a share capital of Rs 79.17 crore in the first quarter of the fiscal year 2074/75.

Its reserve and surplus has appreciated to Rs 1.04 arba in Q1 from Rs 98.08 crore in the same period of corresponding quarter.

Its earnings per share (EPS) stands at Rs 3.23 (annualized EPS = Rs 12.93) , net worth per share is at Rs 232.12 and P/E ratio at 292.47 times.",-0.9194231033325195
2017-11-09,Oriental Hotel 22nd & Global IME Bank 11th AGM today; endorsing 24.21% & 20% dividend respectively,https://www.sharesansar.com/newsdetail/oriental-hotel-22nd-global-ime-bank-11th-agm-today-endorsing-24-21-20-dividend-respectively,"Oriental Hotels Limited (OHL) is convening its 22
nd
Annual General Meeting (AGM) today (Kartik 23, 2074). The AGM is being held at Nepal Prasasanik Prasichan Kendra, Jawalakhel, Lalitpur at 11:00 AM.
The main agendas of the AGM are:
To endorse 18% bonus shares and 6.21% cash dividend from the net profit of the FY 2073/74.
To endorse decision for Further Public Offerng (FPO) to maintain promoter – public ratio of 55:45.
To amend Memorandum of Association (MOA) and Articles of Association (AOA).
To conduct election for the Board of Directors.
Other agendas of the AGM are major financial highlights of the FY 2073/74 and appointment of auditor for the FY 2074/75.

The book closure date for the AGM was set from Kartik 9 to Kartik 23, 2074. Only those shareholders owning their shares till Kartik 8, 2074, i.e. one day ahead of the book closure date are eligible to participate in the AGM and for proposed dividends.

It has earned Rs 17.29 crore in the third quarter of the FY 2073/74.
Global IME Bank Limited (GBIME)
is also conducting its 11
th
Annual General Meeting (AGM) on Kartik 23, 2074. The AGM is being held at Karki Banquet, Babarmahal, Kathmandu at 11:00 AM.
The main agendas of the AGM are:
To endorse 10% bonus and 10% cash dividend from the net profit of FY 2073/74.
To increase issued and paid up capital.
To increase meeting allowances and other facilities of Board of Directors.
To amend Memorandum of Association (MOA) and Articles of Association (AOA).
To endorse decision for provisioning 1% of net profit for Corporate Social Responsibility (CSR).
Other agendas of the AGM are major financial highlights of FY 2073/74 and appointment of auditor for the FY 2074/75.

The book closure date for the AGM and proposed dividend was set on Kartik 8 to Kartik 23, 2074. But only those shareholders holding shares one day ahead of the book closure date, i.e. till Kartik 5, 2074 are eligible to participate in the AGM and proposed dividend.

The bank has earned net profit of Rs 34.67 crore in first quarter of FY 2074/75.

Its paid up capital currently stands at Rs 8.08 arba, and after the issuance of 10% bonus, its paid up capital will reach Rs 8.88 arba. Shareholders of recently acquired Reliable Development Bank Limited are also eligible for the above dividends.",0.9087009429931641
2017-10-25,Last day to clinch 24.21% dividends of Oriental Hotel; LTP at Rs 845,https://www.sharesansar.com/newsdetail/last-day-to-clinch-24-21-dividends-of-oriental-hotel-ltp-at-rs-845,"Today is the last day to secure 24.21% dividend of Oriental Hotels Limited (OHL).

OHL will distribute 18% bonus shares and 6.21% cash dividend to its shareholders from the net profit of FY 2073/74.

OHL has set the book closure date from Kartik 9 to Kartik 23, 2074. Only those shareholders owning their shares till today (Kartik 8, 2074) i.e. one day ahead of the book closure date are eligible to participate in the AGM and for proposed dividends.

It will be convening its 22
nd
Annual General Meeting (AGM) on Kartik 23, 2074. The AGM is going to be held at Nepal Prasasanik Prasichan Kendra, Jawalakhel, Lalitpur at 11:00 AM.

It has earned Rs 17.29 crore in the third quarter of the FY 2073/74.

Its LTP stood at Rs 845 as of last trading day.",0.9291242361068726
2017-10-17,"Oriental Hotels 20th AGM on Kartik 23, to endorse 24.21% dividend and issue FPO",https://www.sharesansar.com/newsdetail/oriental-hotels-20th-agm-on-kartik-23-to-endorse-24-21-dividend-and-issue-fpo,"Oriental Hotels Limited (OHL) will be convening its 22
nd
Annual General Meeting (AGM) on Kartik 23, 2074. The AGM is going to be held at Nepal Prasasanik Prasichan Kendra, Jawalakhel, Lalitpur at 11:00 AM.

The main agendas of the AGM are:
To endorse 18% bonus shares and 6.21% cash dividend from the net profit of the FY 2073/74.
To endorse decision for Further Public Offerng (FPO) to maintain promoter – public ratio of 55:45.
To amend Memorandum of Association (MOA) and Articles of Association (AOA).
To conduct election for the Board of Directors.
Other agendas of the AGM are major financial highlights of the FY 2073/74 and appointment of auditor for the FY 2074/75.

The book closure date for the AGM has been set from Kartik 9 to Kartik 23, 2074. Only those shareholders owning their shares till Kartik 8, 2074, i.e. one day ahead of the book closure date are eligible to participate in the AGM and for proposed dividends.

It has earned Rs 17.29 crore in the third quarter of the FY 2073/74.",0.9326549768447876
2017-10-16,"Oriental Hotel proposes 24.21% dividend; AGM on Kartik 23 , Book Closure on Kartik 9",https://www.sharesansar.com/newsdetail/oriental-hotel-proposes-24-21-dividend-agm-on-kartik-23-book-closure-on-kartik-9,"Oriental Hotel Limited (OHL) has declared 18% bonus share along with 6.21% cash dividend including for tax purpose to its shareholders from the profits it earned in FY 2073/74, for a total dividend of 24.21%.

As per the notice published by the company in Nepal Stock Exchange (NEPSE) today, The company’s BOD meeting held today has proposed the above dividends, subjected to approval from the company’s upcoming 20th Annual General Meeting (AGM) which is going to be held on Kartik 23, 2074 at 11 AM.

Earlier, from the profit of FY 2072/73, it had distributed 20% bonus shares and 6.32% cash dividend to its shareholders.

The book closure date for the dividend has been set on Kartik 9, 2074 till Kartik 23,2074. Thus, shareholders owning their shares one day ahead of the book closure i.e. till Kartik 8, 2074 are entitled for proposed dividends and for participation in the AGM.

OHL has earned net profit of Rs .22.60 crore in last fiscal year 2073/74. Its paid up capital currently stands at Rs 79.17 crore, and after 18% bonus share, it will hike to Rs 93.42 crore.",0.8435317873954773
2016-11-22,3 companies listed 15.92 lakh units bonus shares in NEPSE,https://www.sharesansar.com/newsdetail/3-companies-listed-15-92-lakh-units-bonus-shares-in-nepse,"Nepal Stock Exchange Limited (NEPSE) has listed 15, 92,142.92 units bonus shares of  three companies. Now the investors holding bonus share of these three companies can sell their bonus shares.
Listing of Bonus Shares of Bhargav Bikas Bank Limited
2,00,000 units Bonus Shares of Bhargav Bikas Bank Ltd. has been listed. Bhargav Bikas Bank 8
th
AGM held on Ashad 25, 2073 had endorsed 20% bonus share from the net profit it earned from the fiscal year 2071/72
Listing of Bonus Shares of Matribhumi Bikas Bank Limited
72,600 units Bonus Shares of Matribhumi Bikas Bank Ltd. has been listed. Bikas Bank 6
th
AGM held on Poush 30, 2072 had endorsed 15% bonus share from the net profit it earned from the fiscal year 2071/72
Listing of Bonus Shares of Oriental Hotels Limited
13,19,542.92 units Bonus Shares of Oriental Hotels Ltd. has been listed. Oriental Hotel 18
th
AGM held on Mangsir 14, 2072 had endorsed 20% bonus share from the net profit it earned from the fiscal year 2071/72",0.9013323783874512
2016-11-07,Oriental Hotels earns Rs 2.67 crore from net loss of Rs 39.76 lakh in Q1; EPS at Rs 3.38,https://www.sharesansar.com/newsdetail/oriental-hotels-earns-rs-2-67-crore-from-net-loss-of-rs-39-76-lakh-in-q1-eps-at-rs-3-38,"Oriental Hotels Limited (OHL) has reported net profit of Rs 2.67 crore in the first quarter of the current fiscal year 2073/74.

Publishing the unaudited report for the first quarter today, the company that runs Hotel Radisson has stated that its net profit after tax has surged to Rs 2.67 crore in the first quarter compared to net loss of Rs 39.76 lakhs in the corresponding quarter of the last fiscal year 2072/73.

Its operational profit has also increased to Rs 6.68 crore from Rs 2.58 crore in the corresponding quarter of the last fiscal year.

Oriental Hotels has a share capital of Rs 79.17 crore in the first quarter of the fiscal year 2073/74.

Its reserve and surplus has depreciated to Rs 5.43 crore in Q1 from Rs 18.72 crore in the same period of corresponding quarter.

Its total operating expenditure stood at Rs 14.78 crore in Q1.

Its earnings per share (EPS) stands at Rs 3.38 , net worth per share is at Rs 106.86 and P/E ratio at 165.39 times.",-0.9156619906425476
2016-10-05,19th AGM of Oriental Hotels to endorse 20% bonus share; AGM today,https://www.sharesansar.com/newsdetail/19th-agm-of-oriental-hotels-to-endorse-20-bonus-share-agm-today,"Oriental Hotels Limited (OHL) is convening its 19th Annual General Meeting (AGM) today (Ashwin 19, 2073). The AGM is being held at Nepal Prasasanik Prasikshan Kendra, Jawalakhel, Lalitpur at 11: 00 AM.

The main agendas of the AGM will be:
To endorse 20 percent bonus share and 6.32 percent cash dividend (for tax purpose only) from the net profit it earned in the fiscal year 2072/73.
To amend article of association and memorandum of association to increase it’s paid up capital.
To approve purchase of the land used by the BoD of the hotel.
Other main agendas of the AGM include financial highlights of 2072/73 and appointment of auditor.

The register of the shareholders remained closed from Ashwin 6, 2073 till Ashwin 19, 2073 for the purpose of its AGM. Only those shareholders owning shares till Ashwin 5, 2073 are entitled to the bonus share of the company.

OHL has earned net profit of Rs 1.17arba in the fourth quarter of the last fiscal year 2072/73.Its paid up capital remains at Rs 6.59 arba. After 20% bonus share distribution, its paid up capital will reach to Rs 7.90 arba.",0.9023088812828064
2016-09-21,Last day to secure 15.80% & 20% bonus share of Citizens Bank & Oriental Hotels respectively,https://www.sharesansar.com/newsdetail/last-day-to-secure-15-80-20-bonus-share-of-citizens-bank-oriental-hotels-respectively,"Today is the last day to get hold of 15.80% bonus share of Citizens Bank International Limited (CZBIL) for the fiscal year 2072/73.

Only those shareholders owning shares till today (Ashwin 5, 2073) will be entitled to the bonus share of the company. The register of their shareholders will remain closed from tomorrow (Ashwin 6, 2073) till Ashwin 16, 2073 for the purpose of its AGM.

CZBIL had earned a net profit of Rs. 1.09 arba in the fourth quarter of the last fiscal year 2072/73.Its paid up capital remains at Rs 3.65 arba. After the issuance of 15.80 % bonus its paid up capital will reach to Rs 4.22 arba.

Also today is the last day to secure 20% bonus share of
Oriental Hotels Limited (OHL)
for the fiscal year 2072/73.

Only those shareholders owning shares till today (Ashwin 5, 2073) will be entitled to the bonus share of the company.

The register of the shareholders will remain closed from tomorrow (Ashwin 6, 2073) till Ashwin 19, 2073 for the purpose of its AGM.

OHL has earned net profit of Rs 1.17 arba in the fourth quarter of the last fiscal year 2072/73.Its paid up capital remains at Rs 6.59 arba. After 20% bonus share distribution, its paid up capital will reach to Rs 7.90 arba.",0.9063281416893005
2016-09-18,Know the companies that have announced dividend from the profit of FY 72/73,https://www.sharesansar.com/newsdetail/know-the-companies-that-have-announced-dividend-from-the-profit-of-fy-7273,"With the beginning of fiscal year 2073/74, the listed companies have started to provide dividends to its shareholders from the profit of company’s past fiscal year.

Commercial Banks, Development Banks, Finance Companies, Microfinances, Hotels and other sectors have a good record of providing dividends in the FY 2071/72 and FY 2072/73.
Commercial Bank
Nabil Bank Limited has announced 45% dividend from the profit it earned in the FY 2072/73.Whereas the least dividend providing commercial bank for the FY 2072/73 is Sanima Bank Limited. In the FY 2071/72, NIC Asia Bank Limited had provided the highest dividend of 41.05%. Sanima Bank and Citizens Bank International Limited had provided the least dividend from the profit it earned in the FY 2071/72.Both commercial banks had provided 21.05% dividend each in FY 2071/72.

The table below details about the commercial banks with their dividend history in the FY 2071/72 and FY 2072/73 :
Development Bank
In the course of providing dividends, a number of development banks had provided handful of dividends to its shareholders in the FY 2071/72.

Miteri Development Bank Limited (MDBL) has become the highest dividend paying development bank among the developments bank to propose dividend in FY 2072/73. The development bank had provided highest dividend i.e. 31.58% for the FY 2072/73. Also the dev. bank had provided highest dividend i.e. 31.58 % in the FY 2071/72. The least dividend providing development banks turn out to be Country Dev Bank. The development bank had announced 7.63% dividend each for the FY 2072/73 and 2071/72.

The table below details about the development bank with their dividend history in the FY 2071/72 and FY 2072/73.
Finance Companies
Goodwill Finance Company Limited tops the list to propose 26.320 % dividend for the FY 2073/74 whereas Pokhara Finance was the highest dividend providing company in FY 2071/72 .Shree Investment Finance Company is the least dividend paying company for the FY 2072/73. The company had allocated 11.05% dividend to its shareholders. Whereas Unique Finance Limited had provided the least dividend of 7.036 % for the FY 2071/72.
Microfinance Companies
Summit Microfinance Development Bank remains on the top dividend providing Microfinance Company with 47.36% dividend for the FY 2072/73 whereas Nerude Laghubitta Bikas Bank  with  46.32 %  dividend was in the top dividend providing companies list for the FY 2071/72.Meanwhile First Microfinance Development Bank Limited is the least dividend providing company for the FY 2072/73. The company has announced 15.79 percent dividend. Similarly in the FY 2071/72, NMB Microfinance Company Limited had become the least dividend providing company with 15% dividend in total.
Hotels
Orientals Hotel Limited is the only hotel to announce 26.32 % dividend from the profit it earned in the FY 2072/73.The hotel had also distributed 20% dividend in the FY 2071/72.
Manufacture and Production
Unilever Nepal Limited has announced cash dividend of Rs 1020 per kitta from the profit it earned in the last FY 2072/73.Likewise in the FY 2071/72, the company had declared Rs 990 cash dividend to its shareholders.
Hydropower Company
Arun Valley Hydropower Development Company and Ridi Hydropower Development Company has announced a total of 10.53 % and 6.32 % respectively  in the FY 2072/73.The hydropower companies duo had provided dividend of 11% and 10.56 % respectively in the FY 2071/72.",0.8282917141914368
2016-09-14,19th AGM of Oriental Hotels to endorse 20% stock & 6.32% cash dividend; AGM on Ashwin 19,https://www.sharesansar.com/newsdetail/19th-agm-of-oriental-hotels-to-endorse-20-bonus-share-agm-on-ashwin-19,"Oriental Hotels Limited (OHL) will be convening its 19th Annual General Meeting (AGM) on Ashwin 19, 2073. The AGM will be held at Nepal Prasasanik Prasikshan Kendra, Jawalakhel, Lalitpur at 11: 00 AM.

The main agendas of the AGM will be:
To endorse 20 percent bonus share and 6.32 percent cash dividend (for tax purpose only) from the net profit it earned in the fiscal year 2072/73.
To amend article of association and memorandum of association to increase it’s paid up capital.
To approve purchase of the land used by the BoD of the hotel.
Other main agendas of the AGM include financial highlights of 2072/73 and appointment of auditor.

The register of the shareholders will remain closed from Ashwin 6, 2073 till Ashwin 19, 2073 for the purpose of its AGM. Only those shareholders owning shares till Ashwin 5, 2073 will be entitled to the bonus share of the company.

OHL has earned net profit of Rs 1.17 arba in the fourth quarter of the last fiscal year 2072/73.Its paid up capital remains at Rs 6.59 arba. After 20% bonus share distribution, its paid up capital will reach to Rs 7.90 arba.",0.8925839066505432
2016-06-09,"﻿ 4 companies listed 27,19,087 unit bonus shares  in Nepse; Investors now can sell FY 71/72 bonus shares",https://www.sharesansar.com/newsdetail/%ef%bb%bf-4-companies-listed-2719087-unit-bonus-shares-in-nepse-investors-now-can-sell-fy-7172-bonus-shares,,0.8739872574806213
2016-05-15,Sunrise Bank & 7 other companies 1.76 cr units bonus & right share listed on NEPSE,https://www.sharesansar.com/newsdetail/sunrise-bank-7-other-companies-1-76-cr-units-bonus-right-share-listed-on-nepse,"Nepal Stock Exchange Limited (NEPSE) has listed 1, 76, 23, 833 units of bonus and right share of 8 different companies today (Jestha 2, 2073) for trading. Investors holding bonus and right shares of these companies can sell their shares from now onward.

The shares of following companies have been listed in NEPSE for trading:
Listing of Bonus Shares of
Garima Bikas Bank
Ltd
14, 22,000 units Bonus Shares of Garima Bikas Bank Ltd. has been listed.
Listing of Bonus Shares of
Oriental Hotels
Ltd
1, 05, 30,838 units Bonus Shares of Oriental Hotels Ltd. have been listed.
Listing of Bonus Shares of
Womi Microfinance Bittiya Sanstha
Ltd
60,000 units Bonus Shares of Womi Microfinance Bittiya Sanstha Ltd. has been listed.
Listing of Bonus Shares of
Neco Insurance Co.
Ltd
4, 22,665 units Bonus Shares of Neco Insurance Co. Ltd. has been listed.
Listing of Right Shares of
Sunrise Bank
Ltd
36, 90,473 units Rights Shares of Sunrise Bank Ltd. has been listed.
Listing of Right Shares of
Excel Development Bank
Ltd
5, 25,000 units Rights Shares of Excel Development Bank Ltd. has been listed.
Listing of Bonus Shares of
Jebils Finance
Ltd
3,68,500 units Bonus Shares of Jebils Finance Ltd. has been listed.
Listing of Bonus Shares of
United Finance
Ltd
6,04,357 units Bonus Shares of United Finance Ltd. has been listed.",0.9210342764854431
2016-05-09,Oriental Hotel earns Rs 4.74 crore in Q3;  EPS mere Rs 7.19,https://www.sharesansar.com/newsdetail/oriental-hotel-earns-rs-4-74-crore-in-q3-eps-mere-rs-7-19,"Oriental Hotels Limited (OHL) has reported a 68.52 percent decline in its net profit in the third quarter of the current fiscal year 2072/73.

Publishing the unaudited report for the third quarter today, the company that runs Hotel Radisson has stated that its net profit after tax  has drop to Rs 4.74 crore in the third quarter compared to Rs 15.06 crore in the corresponding quarter of the last fiscal year 2071/72.

Its operational profit has also decreased to Rs 16.78 crore from Rs 32.41 crore in the corresponding quarter of the last fiscal year.

Oriental Hotel has a share capital of Rs 65.97 crore in the third quarter of the fiscal year 2072/73.

The positive aspect of the report is that its reserve and surplus has risen to Rs 12.89 crore in Q3 compared to Rs 15.13 crore in the same period corresponding quarter.

Its total operating expenditure stood at Rs 38.71 crore in Q3.

Its earnings per share (EPS) stand at Rs 7.19, net worth per share is at Rs 119.55 and P/E ratio at 51.34 times..",0.004915938712656498
2015-11-30,Oriental Hotel’s AGM today; to endorse 20% stock dividend,https://www.sharesansar.com/newsdetail/oriental-hotels-agm-today-to-endorse-20-stock-dividend,"Oriental Hotel Limited will be holding its Annual General Meeting (AGM) on Mangsir 14, 2072 (today). The AGM will be held at Staff College, Jawalakhel Lalitpur.

The AGM is set to endorse 20% bonus share and 1.05% cash dividend for tax purpose.

The other agendas of the AGM are the financial highlights of fiscal year 2071/72 and appointment of auditor.",0.9316731691360474
2015-11-10,"Reminder: Last day to clinch 20% stock dividend of Oriental Hotel, Book closure on Kartik 29",https://www.sharesansar.com/newsdetail/reminder-last-day-to-clinch-20-stock-dividend-of-oriental-hotel-book-closure-on-kartik-29,"Today is the last day for the investors to get hold of the dividend pledged by Oriental Hotel Limited (OHL) for the fiscal year 2071/72.

Oriental Hotels has proposed 20 percent stock dividend to its shareholders from the profit of FY 2071/72 which is to be endorsed by its AGM onMangsir 14, 2072.

Oriental Hotel is closing its shareholder register book from Kartik 29 to Mangsir 14 to convene its annual general meeting (AGM).

Only those investors buying shares of the bank till today (Kartik 24, 2072) will be entitled for the dividend that it has been announced and also be allowed to attend the AGM.

The hotel had earned Rs. 19.85 crore in its fourth quarter of the fiscal year 2071/72.",0.9166814088821411
2015-10-29,Oriental Hotel announces 20% bonus share,https://www.sharesansar.com/newsdetail/oriental-hotel-to-distribute-20-bonus-share,"Oriental Hotel Ltd (OHL) has proposed to distribute 20 percent bonus share and 1.05 percent cash dividend for tax purpose.

The BOD Meeting of the company held on Kartik 11 has proposed 20 percent bonus share and 1.05 percent cash dividend for tax purpose to its shareholders from the net profit it earned in the last fiscal year 2071/72.

The decision is subject to approval from the hotel’s upcoming Annual General Meeting (AGM).

Earlier in the fiscal year 2070/71, Oriental Hotels had distributed 10 percent bonus share to their shareholders.

As per unaudited report, OHL had earned net profit of Rs 19.85 crore in the fourth quarter of last fiscal year 2071/72.",0.8452997803688049
2015-10-18,"Cut off price for 19,045 units ordinary shares of Oriental Hotel stood at Rs 541",https://www.sharesansar.com/newsdetail/cut-off-price-for-19045-units-ordinary-shares-of-oriental-hotel-stood-at-rs-541,"Oriental Hotel Limited (OHL) had auctioned its 19,045 units ordinary right shares to the general public from Ashad 22 to Ashad 28, 2072. The bid was opened on Ashad 29 (Last Friday)

Bijendra Pradhan , Company Secretary of NCM Merchant Banking Limited, said that the company set the cutoff price for the 19,045 units ordinary shares at Rs 541. The highest bid amount for the auction shares received was Rs 561.77. Only 5 applicants were allotted shares out of the 38 applicants who submitted their bids for 19,045 units of ordinary shares.

Oriental Hotel had earned net profit of Rs.19.85 crore million in its fourth quarter of the last fiscal year 2071/72.

The Last traded price of OHL stood at Rs 567 as on October 15.",0.743071436882019
2015-10-15,"Last day to bid Oriental Hotel 19,045 units auction shares at Rs 100 & above; LTP stood at Rs 561",https://www.sharesansar.com/newsdetail/last-day-to-bid-oriental-hotel-19045-units-auction-shares-at-rs-100-above-ltp-stood-at-rs-561,"Interested Investors in acquiring the shares of Oriental Hotel Limited (OHL) have one more day to file their bids for the auctioned ordinary shares.

The deadline for submitting sealed bids for the auctioned shares is closing today (Ashwin 28) and the bids will be opened to conclude the auction tomorrow ( Ashwin 29, 2072) .

OHL is selling 19,045 units of seized ordinary share through auction.

The investors applying for the auction can deposit the bid amount in the account number 0010000132001 of the NIDC Capital Market Limited.

Bidders must quote a minimum price of Rs 100 per unit, which means that the lowest bid amount must be more than Rs 100.

The hotel has urged the interested bidders to submit their bids by 3:00 PM today at the NCM Merchant Banking Limited located at Kamalpokhari, Kathmandu.

NCM Merchant Banking limited is the issue manager for this auction which is located at Kamalpokhari, Kathmandu.

The Last traded price of OHL stood at Rs561 as on October 14.",0.9232882857322693
2015-10-09,"Oriental Hotel reopens auction of 19,045 units seized ordinary shares at Rs 100 & above; LTP stood at Rs 570",https://www.sharesansar.com/newsdetail/oriental-hotel-reopens-auction-of-19045-units-seized-ordinary-shares-at-rs-100-above-ltp-stood-at-rs-570,"Oriental Hotel Limited (OHL) is auctioning its ordinary shares to the general public from today (Ashwin 22, 2072)

As per the notice published by the hotel today, OHL is selling 19,045 units of seized ordinary share through auction. On September 18, Oriental Hotels had cancelled its auction of 20,949.5 units’ shares due to the issues of bonus shares of forfeited shares.

The auction starts from today (Ashwin 22, 2072) and will last till Ashwin 28, 2072.

Bidders must quote a minimum price of Rs 100 per unit, which means that the lowest bid amount must be more than Rs 100.

The hotel has urged the interested bidders to submit their bids by 3:00 PM till Ashwin 28 at the NCM Merchant Banking Limited located at Kamalpokhari, Kathmandu.

The investors applying for the auction can deposit the bid amount in the account number 0010000132001 of the NIDC Capital Market Limited.

NCM Merchant Banking limited is the issue manager for this auction which is located at Kamalpokhari, Kathmandu.

The last trading price of Oriental Hotel stood at Rs 570 yesterday (Ashwin 21,2072).",0.8231781721115112
2015-09-14,Oriental Hotel to auction 20949.50 units ordinary shares; LTP stood at Rs 620,https://www.sharesansar.com/newsdetail/oriental-hotel-to-auction-20949-50-units-ordinary-shares-ltp-stood-at-rs-620,"Oriental Hotel Limited (OHL) is auctioning its ordinary shares to the general public from today, Bhadra 28, 2072.

As per Bijaya Lal Shrestha, CEO of NCM merchant Banking ltd, OHL will be selling 20949.50 units of ordinary share through auction. The hotel is auctioning the 19,045 unit seized ordinary shares and 1904.5 units of bonus share of seized ordinary shares.

The auction starts from today, Bhadra 28, 2072 and will last till Ashwin 3, 2072.

Bidders must quote a minimum price of Rs 100 per unit, which means that the lowest bid amount must be more than Rs 100.

The investors applying for the auction can deposit the bid amount in the account number 0010000132001 of the NIDC Capital Market Limited.

NCM Merchant Banking Limited is the issue manager for this auction which is located at Kamapokhari, Kathmandu.

The last trading price of Oriental Hotel stood at Rs 620 yesterday, September 13, 2015.
Click Here For Announcement",0.9272010326385498
2015-08-13,Listing of Bonus Shares of Oriental Hotels Ltd.,https://www.sharesansar.com/newsdetail/listing-of-bonus-shares-of-oriental-hotels-ltd,"Sharesansar: 13th August, 2015
Listing of Bonus Shares of Oriental Hotels Ltd.
4,80,955 units bonus share of Oriental Hotels Ltd.has been listed for trading.",0.9215671420097351
2015-05-07,Oriental Hotel Q3 profit rises marginally to Rs 15.06,https://www.sharesansar.com/newsdetail/oriental-hotel-q3-profit-rises-marginally-to-rs-15-06,"ShareSansar May 7:
Oriental Hotels Limited has reported a 0.06 percent rise in its net profit by the end of the third quarter of the current fiscal year 2070/71.
Publishing the unaudited report for the third quarter today, the company that runs Hotel Radisson has stated that its net profit has risen to Rs 15.06 crore in the third quarter, up from Rs 15.05 crore in the corresponding quarter of the last fiscal year 2070/71.
Its operational income has risen to Rs 77.24 crore from Rs 77.02 crore in the corresponding quarter of the last fiscal year.
Its expenditure stood at Rs 44.82 crore by the third quarter end, up from Rs 44.27 crore.
Its net worth per share stands at Rs 127.58 and earnings per share at Rs 47.46",-0.923562228679657
2015-02-25,Radisson gets new GM,https://www.sharesansar.com/newsdetail/radisson-gets-new-gm,"KATHMANDU:
Radisson Hotel Kathmandu has announced appointment of Janet Fitzner to position of general manager. With a long and distinguished career in hospitality, Fitzner brings 26 years of international experience, as per press statement. Fitzner, a German national, started her hospitality career in 1988 at Inter-Continental, Cologne, and joined Rezidor in 1992 as director of sales and marketing at Radisson SAS Hotel in Dusseldorf. She then took on role of GM at Radisson SAS Hotel in Hannover in 2000. She became hotel manager in Hamburg at Radisson SAS until 2003 when she left to spend six years in Poland. She was general manager at Radisson SAS Hotel Szczecin until 2006, when she became general manager at Radisson Blu Centrum Hotel, Warsaw, and in 2007 was promoted to district director Poland. In 2010, Fitzner relocated to UAE where she spent three years as GM at Radisson Deira Creek, Dubai and two years as GM of Radisson Blu Resort Fujairah.
Source: THT",0.8822142481803894
2015-02-02,Oriental Hotels profit decline by 4.77%; core business activities remain stable,https://www.sharesansar.com/newsdetail/oriental-hotels-profit-decline-by-4-77-core-business-activities-remain-stable,"ShareSansar, February 2:
Oriental Hotels Limited (OHL) has reported a net profit decline of 4.77 percent in the second quarter of the current fiscal year 2071/72.
According to the unaudited financial report for the second quarter published by the operator of Hotel Radisson, it earned a net profit of Rs 8.90 crore, down from Rs 9.35 crore in the corresponding quarter of the last fiscal year 2070/71.
The income from the rooms, restaurants, banquets and other sources income, which remain stable compared to previous year. The company earns Rs 48.92 crore in the second quarter, up from Rs 48.27 crore in the second quarter of the last fiscal.
Oriental Hotels managed to pull off the profit despite provisioning Rs 1.14 crore for staff bonus and Rs Rs 3.05 crore depreciation amortization expenses.
Its annualized EPS has decline to Rs 16.25 down from Rs 18.82 and its net worth per share stands at Rs 116.37. P/E ratios stand at 38.15 times.",-0.009392326697707176
2014-11-09,Increase is expenses forced Oriental Hotel's Income decline by 4%,https://www.sharesansar.com/newsdetail/increase-is-expenses-forced-oriental-hotels-income-decline-by-4,"ShareSansar, November 9:
Oriental Hotels Limited has reported a net profit decline of 4 percent in the first quarter of the current fiscal year 2071/72.
According to the unaudited financial report for the first quarter published by the operator of Hotel Radisson, it earned a net profit of Rs 2.01 crore, up from Rs 2.09 crore in the corresponding quarter of the last fiscal year 2070/71.
Despite the increase in the revenue income this quarter, the hotel profit declined mainly due to increased expenses on payments & provisions for employees and operating & Administrative expenses headings.
Its EPS stands at Rs 4.05 and its net worth per share is Rs.114.22",0.0039143310859799385
2014-10-10,Oriental Hotels holding AGM; 10 percent bonus shares to be endorsed,https://www.sharesansar.com/newsdetail/oriental-hotels-holding-agm-10-percent-bonus-shares-to-be-endorsed,"ShareSansar, October 10:
Oriental Hotels Ltd is holding its 17th annual general meeting today at Nepal Staff College Jawalakhel, Lalitpur.
The AGM is scheduled to endorse the proposal of distributing 10 percent bonus shares to its shareholders.
This is the first time that the hotel is offering dividend to its shareholders since it went to the public in 2057 BS. Oriental is operating Hotel Radisson in Lazimpat Kathmandu. The AGM is beginning from 11 AM.
According to Oriental Hotels, it has earned a net profit of Rs 21 crore in the last fiscal year, which is a significant gain as compared to a loss of Rs 15.94 crore it suffered in the previous fiscal year 2069/70.",-0.5379882454872131
2014-09-17,STOCK WATCH: Last day to clinch 10% bonus shares of Oriental Hotels,https://www.sharesansar.com/newsdetail/stock-watch-last-day-to-clinch-10-bonus-shares-of-oriental-hotels,"ShareSansar, September 17:
Today is the last day to get hold of 10 percent bonus shares that Oriental Hotels Private Limited has pledged to the shareholders from the impressive net profit it earned in the last fiscal year 2070/71.
The company, which runs Radisson Hotel in Nepal, has announced book closure for its upcoming AGM from tomorrow (September 18), which means that only those who already hold shares of the company by today will be entitled to the bonus share.
This is the first time the hotel has pledged any dividend to the shareholders for any fiscal year ever since it floated its Initial Public Offering (IPO) back in 2057 BS.
According to Oriental Hotels, it has earned a net profit of Rs 21 crore in the last fiscal year, which is a significant gain as compared to a loss of Rs 15.94 crore it suffered in the previous fiscal year 2069/70.
Its earning in the last fiscal year stood at Rs 1.07 arba  while its operating cost was Rs 63.47 crore.",-0.27251672744750977
2014-09-10,Oriental Hotels pledges 10 percent bonus share; book closure from September 18.,https://www.sharesansar.com/newsdetail/oriental-hotels-pledges-10-percent-bonus-share-book-closure-from-september-18,"ShareSansar, September 10:
Oriental Hotels Private Limited, which runs Radisson Hotel in Nepal, has pledged 10 percent bonus share to the shareholders from the impressive net profit it earned in the last fiscal year 2070/71.
This is the first time the hotel has pledged any dividend to the shareholders for any fiscal year ever since it floated its Initial Public Offering (IPO) back in 2057 BS.
According to Oriental Hotels, it has earned a net profit of Rs 21 crore in the last fiscal year, which is a significant gain as compared to a loss of Rs 15.94 crore it suffered in the previous fiscal year 2069/70.
Its earning in the last fiscal year stood at Rs 1.07 arba  while its operating cost was Rs 63.47 crore.
Meanwhile, the company has announced book closure for its upcoming AGM from September 18.",-0.8971304297447205
2014-04-23,"Fuelled by new infrastructure, Oriental Hotels net profit rise by 69.9 % in Q3",https://www.sharesansar.com/newsdetail/fuelled-by-new-infrastructure-oriental-hotels-net-profit-rise-by-69-9-in-q3,"ShareSansar, April 23:
Oriental Hotels Limited has reported a massive 69.92 percent rise in its net profit by the end of the third quarter of the current fiscal year 2070/71.
Publishing the unaudited report for the third quarter today, the company that runs Hotel Radisson has stated that its net profit has surged to Rs 15.05 crore in the third quarter, up from Rs 8.62 crore in the corresponding quarter of the last fiscal year 2069/70.
Its operational earning has risen to Rs 77.02 crore from just Rs 59.44 crore in the corresponding quarter of the last fiscal—a rise of 28.62 percent. Its expenditure stood at Rs 44.27 crore by the third quarter end, up from Rs 34.50 crore.
Oriental Hotels has been reporting good profit this fiscal year has stated that it was able to significantly increase its income (though its expenses has also risen) following the operation of its new buildings and high quality service it has been providing to its customers in the face of cut-throat competition in the market.
Through the added new rooms it has managed to secure 35.27 percent by the end of the third quarter, according to the company’s financial report.",-0.92532879114151
2014-02-04,Oriental Hotels report impressive 75.75% profit rise in Q2,https://www.sharesansar.com/newsdetail/oriental-hotels-report-impressive-75-75-profit-rise-in-q2,"ShareSansar, February 4:
Oriental Hotels Limited has reported a net profit rise of 75.75 percent in the second quarter of the current fiscal year 2070/71.
According to the unaudited financial report for the second quarter published by the operator of Hotel Radisson, it earned a net profit of Rs 9.35 crore, up from Rs 5.32 crore in the corresponding quarter of the last fiscal year 2069/70.
The profit was made out of income from the rooms, restaurants, banquets and other sources income, which surged to Rs 48.28 crore in the second quarter, up from Rs 38.93 crore in the second quarter of the last fiscal.
Oriental Hotels managed to pull off the profit despite provisioning Rs 1.20 crore for staff bonus and Rs Rs 3.13 crore depreciation amortization expenses.
Its EPS has risen to Rs 18.82 up from 10.71 and its net worth per share has also surged to Rs 83.06, up from Rs 54.34.",-0.9268295168876648
2013-11-29,"Oriental Hotels Limited has announced its 16th AGM going to be held on 5th Poush, 2070.",https://www.sharesansar.com/newsdetail/oriental-hotels-limited-has-announced-its-16th-agm-going-to-be-held-on-5th-poush-2070,"Oriental Hotels Limited has announced its 16th AGM going to be held on 5th Poush, 2070.",0.9190413355827332
2013-11-28,"Oriental Hotels Limited has published its 16th AGM book closure date on 5th Poush, 2070.",https://www.sharesansar.com/newsdetail/oriental-hotels-limited-has-published-its-16th-agm-book-closure-date-on-5th-poush-2070,"Oriental Hotels Limited has published its 16th AGM book closure date on 5th Poush, 2070.",0.5016534328460693
2013-11-08,Oriental Hotels Limited has posted net profit of Rs.0.20 million and published its 1st quarter company analysis of the fiscal year 2070/71.,https://www.sharesansar.com/newsdetail/oriental-hotels-limited-has-posted-net-profit-of-rs-0-20-million-and-published-its-1st-quarter-company-analysis-of-the-fiscal-year-207071,Oriental Hotels Limited has posted net profit of Rs.0.20 million and published its 1st quarter company analysis of the fiscal year 2070/71.,0.8932942152023315
2013-08-13,Oriental Hotels Limited has posted net profit of Rs.1.47 million and published its 4th quarter company analysis of the fiscal year 2069/70.,https://www.sharesansar.com/newsdetail/oriental-hotels-limited-has-posted-net-profit-of-rs-1-47-million-and-published-its-4th-quarter-company-analysis-of-the-fiscal-year-206970,Oriental Hotels Limited has posted net profit of Rs.1.47 million and published its 4th quarter company analysis of the fiscal year 2069/70.,0.8915547728538513
2013-05-01,Oriental Hotel Limited has posted net profit of Rs.0.86 million and published its 3rd quarter company analysis of the fiscal year 2069/70.,https://www.sharesansar.com/newsdetail/oriental-hotel-limited-has-posted-net-profit-of-rs-0-86-million-and-published-its-3rd-quarter-company-analysis-of-the-fiscal-year-206970,Oriental Hotel Limited has posted net profit of Rs.0.86 million and published its 3rd quarter company analysis of the fiscal year 2069/70.,0.8907970786094666
2013-01-29,Oriental Hotel Limited has posted net profit of Rs.53.23 million and published its 2nd quarter company analysis of the fiscal year 2069/70.,https://www.sharesansar.com/newsdetail/oriental-hotel-limited-has-posted-net-profit-of-rs-53-23-million-and-published-its-2nd-quarter-company-analysis-of-the-fiscal-year-206970,Oriental Hotel Limited has posted net profit of Rs.53.23 million and published its 2nd quarter company analysis of the fiscal year 2069/70.,0.8911316990852356
2012-11-18,Oriental Hotel Limited has posted net profit of Rs.16.43 million and published its 1st quarter company analysis of the fiscal year 2069/70.,https://www.sharesansar.com/newsdetail/oriental-hotel-limited-has-posted-net-profit-of-rs-16-43-million-and-published-its-1st-quarter-company-analysis-of-the-fiscal-year-206970,Oriental Hotel Limited has posted net profit of Rs.16.43 million and published its 1st quarter company analysis of the fiscal year 2069/70.,0.8904861807823181
2012-11-08,Radisson profit up 37.02%,https://www.sharesansar.com/newsdetail/radisson-profit-up-37-02,"KATHMANDU, NOV 8:
Radisson Hotel Kathmandu profited Rs 111.50 million in the last fiscal year -- a rise of 37.02 percent compared to a year ago, a statement said on Wednesday. Speaking at the annual general meeting of the hotel, Bidhya Krishna Shrestha, managing director of the hotel, said total transactions were up by 17.74 percent compared to a year ago.
Total revnue
of the hotel during the year stood at Rs 710.10 million -- the highest so far, said the statement. The hotel´s revenue per available room (RevPAR) also increased by 19.57 percent to Rs 6,201, according to the statement.
Source: Republica",-0.9321225881576538
2012-10-17,"Oriental Hotels Limited has announced its 15th AGM going to be held on 22nd Kartik, 2069.",https://www.sharesansar.com/newsdetail/oriental-hotels-limited-has-announced-its-15th-agm-going-to-be-held-on-22nd-kartik-2069,"Oriental Hotels Limited has announced its 15th AGM going to be held on 22nd Kartik, 2069.",0.9206746220588684
2012-08-16,Oriental Hotels Ltd. has rectified its 4th quarter company data of fiscal year 2068/69.,https://www.sharesansar.com/newsdetail/oriental-hotels-ltd-has-rectified-its-4th-quarter-company-data-of-fiscal-year-206869,Oriental Hotels Ltd. has rectified its 4th quarter company data of fiscal year 2068/69.,0.702318549156189
2012-08-14,Oriental Hotels Limited has posted net profit of Rs 110 million and published its 4th quarter company analysis of the fiscal year 2068/69.,https://www.sharesansar.com/newsdetail/oriental-hotels-limited-has-posted-net-profit-of-rs-110-million-and-published-its-4th-quarter-company-analysis-of-the-fiscal-year-206869,Oriental Hotels Limited has posted net profit of Rs 110 million and published its 4th quarter company analysis of the fiscal year 2068/69.,0.8787219524383545
2012-05-07,Oriental Hotels Limited has posted net profit of Rs.83.95 million and published its third quarter company analysis of the fiscal year 2068/69.,https://www.sharesansar.com/newsdetail/oriental-hotels-limited-has-posted-net-profit-of-rs-83-95-million-and-published-its-third-quarter-company-analysis-of-the-fiscal-year-206869,Oriental Hotels Limited has posted net profit of Rs.83.95 million and published its third quarter company analysis of the fiscal year 2068/69.,0.8924964666366577
2012-02-03,Oriental Hotel Limited has posted net profit of Rs.51.01 million and published its second quarter company analysis of the fiscal year 2068/69.,https://www.sharesansar.com/newsdetail/oriental-hotel-limited-has-posted-net-profit-of-rs-51-01-million-and-published-its-second-quarter-company-analysis-of-the-fiscal-year-206869,Oriental Hotel Limited has posted net profit of Rs.51.01 million and published its second quarter company analysis of the fiscal year 2068/69.,0.8869787454605103
2011-11-14,Oreintal Hotels Limited has posted net profit of Rs.13.4 million and published its first quarter company analysis of the fiscal year 2068/69.,https://www.sharesansar.com/newsdetail/oreintal-hotels-limited-has-posted-net-profit-of-rs-13-4-million-and-published-its-first-quarter-company-analysis-of-the-fiscal-year-206869,Oreintal Hotels Limited has posted net profit of Rs.13.4 million and published its first quarter company analysis of the fiscal year 2068/69.,0.8922628164291382
2011-08-31,Oriental Hotels Limited has announced its 14th AGM going to be held on 4th Asoj 2068.,https://www.sharesansar.com/newsdetail/oriental-hotels-limited-has-announced-its-14th-agm-going-to-be-held-on-4th-asoj-2068,Oriental Hotels Limited has announced its 14th AGM going to be held on 4th Asoj 2068.,0.92311692237854
2011-08-14,Oriental Hotel Limited has posted net profit of Rs.26.35 million and published its fourth quarter company analysis of the fiscal year 2067/68.,https://www.sharesansar.com/newsdetail/oriental-hotel-limited-has-posted-net-profit-of-rs-26-35-million-and-published-its-fourth-quarter-company-analysis-of-the-fiscal-year-206768,Oriental Hotel Limited has posted net profit of Rs.26.35 million and published its fourth quarter company analysis of the fiscal year 2067/68.,0.8788713812828064
2011-05-13,Oriental Hotel Limited has posted a net profit of Rs 260.02 million and published its 3rd quarter company analysis of the fiscal year 2067/68.,https://www.sharesansar.com/newsdetail/oriental-hotel-limited-has-posted-a-net-profit-of-rs-260-02-million-and-published-its-3rd-quarter-company-analysis-of-the-fiscal-year-206768,Oriental Hotel Limited has posted a net profit of Rs 260.02 million and published its 3rd quarter company analysis of the fiscal year 2067/68.,0.8552550673484802
