Date,Headline,Link,Full Content,Sentiment_Score
2023-07-12,National Microfinance and Summit Laghubitta To Commence Joint Operation From Ashad 30,https://www.sharesansar.com/newsdetail/national-microfinance-and-summit-laghubitta-to-commence-joint-operation-from-ashad-30-2023-07-12,"National Microfinance Laghubitta Bittiya Sanstha Limited (NMFBS)
and
Summit Laghubitta Bittiya Sanstha Limited (SMFDB)
, a licensed financial institution of the ""D"" category from Nepal Rastra Bank have completed the final merger procedure.
The special resolution passed by the SGMs of National Microfinance held on 3rd Ashad endorsed the swap ratio of 1:0.73, implying that for every 100 units of Summit Laghubitta shares, the shareholders will get 73-unit shares of National Microfinance’s. Likewise, in accordance with the letter from the NRB, SEBON, and the Office of the Registrar of Companies, the merger has also gained final permission.
""National Microfinance Laghubitta Bittiya Sanstha Limited""
has been agreed upon as the name of the new company that will be formed as a result of the merger and the integrated business will be carried out from 30th Ashad, 2080. The companies signed the Memorandum of Understanding (MoU) on Ashwin 26, 2079.
The current paid-up capital of NMFBS is Rs. 67.46 Crores and that of SMFDB is Rs. 56.1 Crores. The total paid-up capital will reach Rs. 1.08 Arba after the merger.
After the merger, the central office of the company will be located in Banepa. Also, since the integrated business will start from Ashad 30, all branch offices of both institutions will remain closed on 29th Ashad, for data migration and other purposes.
Notice",0.911324143409729
2023-07-10,NRB Grants Final Approval For Merger Between National (NMFBS) and Summit Microfinance (SMFDB),https://www.sharesansar.com/newsdetail/nrb-grants-final-approval-for-merger-between-national-nmfbs-and-summit-microfinance-smfdb-2023-07-10,"The Nepal Rastra Bank (NRB) has granted the final approval for merger between National Microfinance Laghubitta Bittiya Sanstha Limited (NMFBS) and Summit Laghubitta Bittiya Sanstha Limited (SMFDB).
In a press release issued by National Microfinance (NMFBS) on Sunday, the company informed of the same.
Earlier, National Microfinance's proposal for a merger was presented at the Special General Meeting (SGM) held on 2080/03/03. As decided by the 151st meeting of the Board of Directors (BOD) held on 2080/03/05, the final merger agreement between the two companies was signed on 2080/03/06.
The SGM had passed a resolution regarding evaluating the Due Diligence Audit, and Memorandum of Understanding and endorse a share swap ratio of 1:0.73 for the merger between National Microfinance Laghubitta and Summit Laghubitta Bittiya Sanstha Limited (SMFDB), implying that for every 100 units of Summit’s shares, the shareholders will get 73-unit shares of National Microfinance.
The meeting had also approved a proposal to start the joint transaction under the name ""National Summit Microfinance Laghubitta"" after the successful merger.
Currently, National Microfinance has a paid-up capital of Rs. Rs. 674,676,300 while Summit microfinance maintains a paid-up capital of Rs. Rs. 561,000,000.",0.7715104222297668
2023-07-09,6.7 Lakh Unit Bonus Shares of Summit Laghubitta Listed in NEPSE,https://www.sharesansar.com/newsdetail/67-lakh-unit-bonus-shares-of-summit-laghubitta-listed-in-nepse-2023-07-09,"6,70,000 unit bonus shares of
Summit Laghubitta Bittiya Sanstha Limited (SMFDB)
have been listed in NEPSE.
The company convened its 14th AGM on 3rd Ashad and endorsed a 14.276582% dividend for the fiscal year 2078/79. The 33rd meeting of the board of directors held on Falgun 15 decided to distribute the dividend on the paid-up capital of Rs. 49.40 crores. 13.56% bonus shares worth Rs 6.70 Crores and 0.713829% cash dividend worth Rs 35.26 Lakh were proposed. The same bonus shares are now listed in NEPSE.
As of writing, SMFDB has an LTP of Rs. 945",0.9019075632095337
2023-06-23,Final Merger Agreement Between National and Summit Microfinance Penned,https://www.sharesansar.com/newsdetail/final-merger-agreement-between-national-and-summit-microfinance-penned-2023-06-23,"The final agreement between National Microfinance Laghubitta Bittiya Sanstha Limited (NMFBS) and Summit Laghubitta Bittiya Sanstha Limited (SMFDB) has been signed on Wednesday.
In a press release issued by National microfinance to notify of the same, it stated that following approval of proposal of merger at the Special General Meeting (SGM) held on 2080/03/03, and as decided by the 151th meeting of the Board of Directors (BODs) organized on 2080/03/05, the final merger agreement between the two companies were signed on 2080/03/06.
The SGM passed a resolution regarding evaluating the Due Diligence Audit, and Memorandum of Understanding and endorse a share swap ratio of 1:0.73 for the merger between National Microfinance Laghubitta and Summit Laghubitta Bittiya Sanstha Limited (SMFDB), implying that for every 100 units of Summit’s shares, the shareholders will get 73-unit shares of National Microfinance.
The meeting also approved a proposal to start the joint transaction under the name ""National Summit Microfinance Laghubitta"" after the successful merger.
Currently, National Microfinance has a paid-up capital of Rs. Rs. 674,676,300 while Summit microfinance maintains a paid-up capital of Rs. Rs. 561,000,000.
According to the notice of National Microfinance (NMFBS) published in NEPSE, states after the evaluation of the Due Diligence Audit (DDA) of the companies, the share swap ratio for the merger has been changed from 100:82.",0.6674872636795044
2023-06-04,Reminder! Last Day to Clinch Dividend Proposed by Summit Laghubitta (SMFDB),https://www.sharesansar.com/newsdetail/reminder-last-day-to-clinch-dividend-proposed-by-summit-laghubitta-smfdb-2023-06-04,"Today is the last day to grab the dividend proposed by
Summit Laghubitta Bittiya Sanstha Limited (SMFDB).
The company has called its 14th AGM on 3rd Ashad, 2080. The meeting will be held in Arniko Party Palace, Banepa, starting at 10:30 AM that day.
Among the other agendas, the AGM will endorse a 14.276582% dividend for the fiscal year 2078/79. The 33rd meeting of the board of directors held on Falgun 15 decided to distribute the dividend on the paid-up capital of Rs. 49.40 crores. 13.562753 percent bonus dividend worth Rs 6.70 Crores and 0.713829 percent cash dividend worth Rs 35.26 Lakh (Tax Purpose) has been proposed.
The book closure date is on Jestha 22. Thus, shareholders maintained till today are entitled to the dividend payout and can also attend this AGM.",0.9132934212684631
2023-05-28,"Summit Laghubitta Re-announces AGM on 3rd Ashad to Endorse Dividend, Share Swap Ratio and Discuss FPO Issuance",https://www.sharesansar.com/newsdetail/summit-laghubitta-re-announces-agm-on-3rd-ashad-to-endorse-dividend-share-swap-ratio-and-discuss-fpo-issuance-2023-05-28,"Summit Laghubitta Bittiya Sanstha Limited (SMFDB)
has re-announced its 14th AGM on 3rd Ashad, 2080 which was supposed to be conducted on 30th Jestha, 2080. The meeting will be held in Arniko Party Palace, Banepa, starting at 10:30 AM that day.
Among the other agendas, the AGM will endorse a 14.276582% dividend for the fiscal year 2078/79. The 33rd meeting of the board of directors held on Falgun 15 decided to distribute the dividend on the paid-up capital of Rs. 49.40 crores. 13.562753 percent bonus dividend worth Rs 6.70 Crores and 0.713829 percent cash dividend worth Rs 35.26 Lakh (Tax Purpose) has been proposed.
Furthermore, the meeting will pass a resolution regarding evaluating and endorsing the Due Diligence Audit and Memorandum of Understanding for a merger between Summit Laghubitta and National Microfinance Laghubitta Bittiya Sanstha Limited (NMFBS). For the merger between NMFBS and SMFDB, the share swap ratio for merger has been changed from 100:82 to 100:73, meaning for every 100 units of Summit's shares, the shareholders will receive 73 units of National Microfinance shares.
The AGM will also discuss issuing Further Public Offerings (FPO) of 853,665 units at premium prices to the general public to increase the public shareholding ratio of the company to 30 percent. The current promoter to a public shareholding ratio of the company is 80.63: 19.37. There's also an agenda to increase the authorized capital to Rs. 65 Crores
The book closure date is on Jestha 22. Thus, shareholders maintained before that day are entitled to the dividend payout and can also attend this AGM.
AGM Notice",0.6691843867301941
2023-05-26,Summit Laghubitta's AGM Postponed Till Further Notice; Swap Ratio Changed to 1:0.73,https://www.sharesansar.com/newsdetail/summit-laghubittas-agm-postponed-till-further-notice-swap-ratio-changed-to-1073-2023-05-26,"Summit Laghubitta Bittiya Sanstha Limited (SMFDB)
has postponed its 14th AGM until further notice which was supposed to be conducted on 30th Jestha, 2080.
According to the notice of National Microfinance (NMFBS) published in NEPSE, states after the evaluation of the Due Diligence Audit (DDA) of the companies, the share swap ratio for the merger has been changed from 100:82 to 100:73, meaning for every 100 units of Summit's shares, the shareholders will receive 73 units of National Microfinance shares, which is the reason that the SMFDB's AGM has been postponed.
The LTP of SMFDB and NMFBS is Rs. 950 and Rs. 1,282 respectively.
AGM Postponed Notice",0.7628301382064819
2023-05-23,"Summit Laghubitta Calls AGM on Jestha 30 to Endorse 14.27% Dividend, Discuss FPO Issuance and Merger-Related Agendas",https://www.sharesansar.com/newsdetail/summit-laghubitta-calls-agm-on-jestha-30-to-endorse-1427-dividend-discuss-fpo-issuance-and-merger-related-agendas-2023-05-23,"Summit Laghubitta Bittiya Sanstha Limited (SMFDB)
has called its 14th AGM on 30th Jestha, 2080. The meeting will be held in Arniko Party Palace, Banepa, starting at 10:30 AM that day.
Among the other agendas, the AGM will endorse a 14.276582% dividend for the fiscal year 2078/79. The 33rd meeting of the board of directors held on Falgun 15 decided to distribute the dividend on the paid-up capital of Rs. 49.40 crores. 13.562753 percent bonus dividend worth Rs 6.70 Crores and 0.713829 percent cash dividend worth Rs 35.26 Lakh (Tax Purpose) has been proposed.
Furthermore, the meeting will pass a resolution regarding evaluating and endorsing the Due Diligence Audit and Memorandum of Understanding for a merger between Summit Laghubitta and National Microfinance Laghubitta Bittiya Sanstha Limited (NMFBS). For the merger between NMFBS and SMFDB, the share swap ratio of 100:82 has been fixed i.e., for every 100 units of Summit’s shares, the shareholders will get 82-unit shares of National Microfinance.
The AGM will also discuss issuing Further Public Offerings (FPO) to the general public to increase the public shareholding ratio of the company by 30 percent. The current promoter to a public shareholding ratio of the company is 80.63: 19.37. There's also an agenda to increase the authorized capital to Rs. 70 Crores
The book closure date is on Jestha 18. Thus, shareholders maintained before that day are entitled to the dividend payout and can also attend this AGM.
AGM Notice",0.6889488101005554
2023-03-15,How Did the 64 Microfinance Companies Performed Till The Second Quarter Of Fiscal Year 2079/2080?,https://www.sharesansar.com/newsdetail/how-did-the-64-microfinance-companies-performed-till-the-second-quarter-of-fiscal-year-20792080-2023-03-15,"Nepal Rastra Bank (NRB) has published the supervision report of Microfinance companies till the second quarter of Fiscal Year 2079/80 i.e till Poush 2079.
There were 65 ""D"" class microfinance financial institutions by the end of Ashad 2079, and 64 microfinance financial institutions are still active and under NRB's supervision as of the end of Poush 2079. The Nepal Rastra Bank has given the report that, overall, highlights the situation of the microfinance companies to date. The report is based on the unrefined financial statements up to the second quarter of the financial year 2079/80 submitted by the aforementioned microfinance institutions.
Capital
: Primary capital and capital funds, taken together, made up 12.23 percent and 13.45 percent of the risk-weighted assets of microfinance financial institutions at the close of Poush 2079. The risk-weighted assets of microfinance financial institutions grew by 1.07 percent during the review period, while their paid-up capital increased by 2.23 percent. The paid-up capital and risk-weighted assets of microfinance financial institutions increased by 16.57 percent and 15.60 percent, respectively, during the same time of the prior fiscal year.
Financial Sources:
The overall number of microfinance organizations that offer wholesale loans has generally increased. Capital and debt are the microfinance financial organizations' primary financial resources. Wholesale microfinance financial institutions had amassed Rs. 50 Arba by the end of Poush 2079, which appears to have grown by 5.57 percent from the end of Ashad 2079. The gathering of financial resources increased by 10.49 percent in the second quarter of the fiscal year 2078–79.
Loans and Concessions
: By the end of Poush 2079, the percentage of non-performing loans from microfinance financial institutions that offered wholesale loans have increased. In comparison to Ashad 2079, the total quantity of loans and mortgages disbursed by wholesale loan providers and microfinance financial organizations rose by 3.17 percent to Rs. 59 Arba 78 Crores. Only Rs. 52 crores (0.87 percent) of the microfinance financial institutions' total loans and receivables during the evaluation period were non-performing loans.
Loans and Advances:
By the end of Poush 2079, there has been a significant increase in the amount of non-performing loans of microfinance financial institutions providing retail loans. The total amount of loans and mortgages disbursed by retail credit providers microfinance financial institutions decreased by 0.08 percent compared to Ashad 2079 and reached Rs. 3 Kharba 91 Arba 44 crores.
Investments:
The amount of funds that microfinance financial organizations are investing in has increased. The entire investment made by microfinance institutions at the end of Poush 2079 was Rs. 9 Arba 37 crores, which is a 53.72 percent increase from the end of Ashad 2079. The overall investment fell by 32.61 percent in the second quarter of the previous fiscal year.
Risk-Weighted Assets and Total Assets
: At the end of Poush 2079, both the total assets and risk-weighted assets of microfinance financial institutions have increased. During that period, the total assets of Microfinance Financial Institutions were Rs. 5 Kharba 11 Arba 8 crores. This is 0.62 percent more than the end of Ashad 2079. During the same period of the previous financial year, total assets increased by 12.29 percent. At the end of Poush 2079, the total risk-weighted assets were 94.41 percent of the total assets, which was 93.99 percent at the end of Ashad 2079.
Profitability:
The total profit of the microfinance financial institutions offering wholesale loans has decreased over the review period compared to the second quarter of the prior fiscal year. By the end of Poush 2079, the microfinance financial institutions had interest expenditures of Rs. 1 Arba 91 crores and revenue of Rs. 3 Arba 39 crores.
Liquidity Position:
The liquid assets of financial institutions providing micro-loans to the general population have increased over the course of the review period. By the end of Poush 2079, these microfinance financial institutions had liquid assets totaling Rs. 4 Arba 48 Crores, a rise of 24.90% over Ashad 2079.
Your browser does not support pdfs,
click here to download the file.
6",-0.17143326997756958
2023-02-28,Summit Laghubitta (SMFDB) Proposes 14.27% Dividend for FY 2078/79,https://www.sharesansar.com/newsdetail/summit-laghubitta-smfdb-proposes-1427-dividend-for-fy-207879-2023-02-28,"Summit Laghubitta Bittiya Sanstha Limited (SMFDB)
has proposed a 14.276582% dividend for the fiscal year 2078/79.
The 33rd meeting of the board of directors held on Falgun 15 decided to distribute the dividend on the paid-up capital of Rs. 49.40 crores. 13.562753 percent bonus dividend worth Rs 6.70 Crores and 0.713829 percent cash dividend worth Rs 35.26 Lakh (Tax Purpose) has been proposed.
The dividend will be distributed only after approval by the central bank and endorsement by the company's upcoming AGM. As of writing, SMFDB has an LTP of Rs. 1045.
Also, National Microfinance Laghubitta Bittiya Sanstha Limited (NMFBS)
and Summit Laghubitta signed a Memorandum of Understanding (MoU) for the merger on Ashwin 26, 2079. For the merger between NMFBS and SMFDB, the share swap ratio of 100:82 has been fixed i.e., for every 100 units of Summit’s shares, the shareholders will get 82-unit shares of National Microfinance.
Past Dividend History:",0.8670510649681091
2023-02-21,Net Profit of Microfinance Companies has Decreased Significantly by 42.58% ; Find Out the Performance of the 59 Listed MF's in the Second Quarter,https://www.sharesansar.com/newsdetail/net-profit-of-microfinance-companies-has-decreased-significantly-by-4258-find-out-the-performance-of-the-59-listed-mfs-in-the-second-quarter-2023-02-21,"Microfinance companies are 'D' classified banks licensed by NRB which targets individuals and small businesses that lack access to conventional banking services. The prime objective of microfinance companies is to provide micro-credit and other financial facilities to underprivileged people with little or no capital.
Outreach of Nepalese Micro-Finance Institutions (MFIs) has increased significantly since the beginning of the millennium, however, most of them have yet to reach financial self-sufficiency and very few have achieved operational self-sufficiency.
The second quarterly report of all microfinance has been published recently. With available data from their Q2 reports, we can analyze their performance, financial position, growth, and many more. But there are so many reports to look at, read and analyze which might be hectic and time-consuming.
Sharesansar has picked the most important metrics to help investors analyze the companies and compare each company with its peers. Therefore, in this article, we will be focusing on the comparison of the most important metrics which will give you as an investor an overview as to which companies are investment-worthy. So, let's take a deep look into it.
Note: As of October, 2022, there are a total of 65 MFIs in Nepal, out of which 59 microfinance companies are currently listed on Nepal Stock Exchange (NEPSE).
Net Profit:
During the review period, Microfinance Sector profit declined by 42.58% compared to the previous year.
Chhimek Laghubitta Bittiya Sanstha Limited (CBBL)
has reported the highest net profit in this quarter with a total of Rs. 55.61 Crores in the National category. CBBL is closely trailed by
JBLB
with a profit of Rs. 26.47 Crores.
Now coming towards the National-Wholesale level,
Sana Kisan (SKBBL)
reported the highest net profit of Rs 43.50 Crores for the Q2. Likewise, at the regional level Mithila
Laghubitta Bittiya Sanstha Limited
reported a net profit of Rs. 2.17 Crores.
Capital:
In terms of share capital,
Chhimek Laghubitta Bittiya Sanstha Limited (CBBL)
has the highest capital of Rs. 232.41 crores, followed by
Nirdhan Utthan Laghubitta Bittiya Sanstha Limited (NUBL)
with Rs. 219.50 crores in the national level.
The same for the National-Wholesale level is led by
Sana Kisan (SKBBL)
with a total share capital of Rs. 156.44 Crores. Likewise, for the regional level,
Mithila Laghubitta (MLBBL)
reported the highest share capital of Rs. 17.04 Crores.
At the national level,
Dhaulagiri
Laghubitta Bittiya Sanstha Limited (DLBS)
has the lowest capital of Rs. 10.31 Crores.
Reserve and Surplus:
Chhimek Laghubitta Bittiya Sanstha Limited (CBBL)
has the highest reserve amounting to Rs. 403.70 crores in terms of National Level.
In the National-wholesale working area,
Sana Kisan Laghubiita Bittya Sanstha Limited (SKBBL)
has the highest reserve of Rs. 304.26 crores.
At the national level,
Aviyan Laghubitta Bittiya Sanstha Limited (AVYAN)
has the lowest reserve of Rs. 4.49 Crores as per the Q2 report of the fiscal year 2079/80.
Now coming towards the regional level,
Unique Nepal Laghubitta Bittiya Sanstha Limited (UNLBSL)
reported the highest reserves and surplus of Rs. 27.02 Crores.
Companies with optimal reserves are considered secure and financially stable.
Provision/Writeback:
As per the provisions for possible losses and write backs for the second quarter,
SKBBL
is in the lead with the highest net provision of Rs. 8.28 Crores. Also,
from the national working area,
NUBL
has the highest negative provision of Rs 41.13 Crores in the same quarter. Likewise,
UNLBSL
has the highest net provision of Rs. 8.65 Crores in terms of the regional microfinance company.
*Net Provision = +Provision/-Writeback
Net Interest Income:
Net interest income is the difference between the revenue a bank earns from its interest-bearing assets and the expenses of its interest-bearing liabilities. High Net Interest Income indicates the investment efficiency of any financial company.
Chhimek Laghubitta Bittiya Sanstha Limited (CBBL)
has a net interest income of Rs. 1.43 Arba which is the highest among all microfinance companies.
Nirdhan Utthan Laghubitta Bittiya Sanstha Limited (NUBL)
comes in the second position with a net interest income of Rs. 96.68 crores.
If we look into working area-wise,
Sana Kisan (SKBBL)
has the highest net interest income of Rs. 84.99 Crores in the wholesale-national category.
Unique Nepal Laghubitta Bittiya Sanstha Limited (UNLBSL)
has the highest net interest income of Rs. 12.25 crores in the regional category.
Borrowings and Deposits:
For National Wholesale
- In the context of borrowings,
Sana Kisan Laghubitta Bittiya Sanstha Limited (SKBBL)
comes in the first position with total borrowings of Rs. 17.22 Arba.
For National
-
NIC Asia Laghubitta Bittiya Sanstha Limited (NICLBSL)
reports the highest borrowings worth Rs. 15.10 Arba and the lowest borrowings is reported by Forward Microfinance Laghubitta (FOWAD) worth Rs. 3 Crores.
For deposits, Chhimek Laghubitta Bittiya Sanstha Limited (CBBL) reported the highest deposits of Rs. 29.56 Arba.
For Regional Level
-
Mahila Laghubitta Bittiya Sanstha Limited (MLBBL)
reports the highest borrowings of Rs. 1.30 Arba and the lowest is reported by Adarsha Laghubitta (ADLB) worth Rs. 11 Crores.
The industry average borrowings stand at Rs. 3.11 Arba and deposits stand at Rs. 2.83 Arba.
Loans and Advances:
As per the reports,
Chhimek Laghubitta Bittiya Sanstha Limited (CBBL)
has disbursed the highest amount of loan of Rs. 33.53 Arba.
In terms of the National-wholesale level,
Sana Kisan Laghubitta Bittiya Sanstha Limited (SKBBL)
reports loans to its customer worth Rs. 30.87 Arba.
Till this quarter of the fiscal year, a total of Rs. 4.39 Kharba of loan has been disbursed by all the microfinance combined.
Earnings per Share:
Sana Kisan (SKBBL)
has reported the highest EPS of Rs. 55.61 for the national-wholesale area. Likewise,
Nesdo Sambridha Laghubitta Bittiya Sanstha Limited(NESDO)
reported an EPS of Rs. 86.45 in terms of the national working area and lastly,
Mithila Laghubitta Bittiya Sanstha Limited (MLBBL)
reported an EPS of Rs. 25.52.
The average EPS in the microfinance sector is Rs. 17.09.
Networth Per Share:
As per the second quarterly report,
Nesdo Sambridha Laghubitta Bittiya Sanstha Limited (NESDO)
has the highest net worth value per share of Rs. 352.77. In the national-wholesale region,
Sana Kisan
has the highest net worth of Rs. 294.49.
Likewise,
Unique Nepal
Laghubitta (UNLBSL)
in terms of the regional area has the highest net worth per share of  Rs. 344.23.
Capital Fund to RWA (Capital Adequacy Ratio):
National Wholesale
- According to the Q2 reports of the fiscal year 2079/80,
RMDC Laghubitta Bittiya Sanstha Limited (RMDC)
has reported the highest Capital Adequacy Ratio of 26.10%. It is followed by
RSDC Laghubitta Bittiya Sanstha Limited (RSDC)
, which has a CAR of 17.52%.
National
-
Nesdo Sambridha (NESDO)
reported highest CAR of 19.77% and
CYC Nepal
Laghubitta (CYCL)
reported the lowest CAR of 8.46%.
Regional
-
Manakamana Smart Laghubitta (MKLB)
has reported the highest Capital Adequacy Ratio of 16.31%.
Non-Performing Loan (NPL):
In terms of non-performing loans, First Microfinance Laghubitta Bittiya Sanstha Limited (FMDBL) has reported an NPL of 0.17% and
Sana Kisan Laghubitta Bittiya Sanstha Limited (SKBBL)
has reported an NPL of 1.37% in terms of National-wholesale working area.
The highest NPL is reported by
Grameen Bika
s
Laghubitta Bittiya Sanstha Limited (GBLBS)
with an NPL of 8.91% at the national level, whereas, the lowest is of 0.94% of CBBL from the same category.
Likewise, Samudayik Laghubitta Bittiya Sanstha Limited (SLBSL) has reported the highest NPL of 9.04% in terms of the regional working area.
Price to Earnings:
P/E ratio, or price-to-earnings ratio, is a quick way to see if a stock is undervalued or overvalued. And so generally speaking, the lower the P/E ratio is, the better it is for both the business and potential investors.
SKBBL
has reported the lowest P/E ratio of 22.71,
AVYAN
has lowest P/E ratio of 6.2 and
MLBBL
has lowest P/E ratio of 45.5, in terms of National-wholesale, National, and regional working place respectively.
NOTE: Above P/E is calculated by taking the quarter-end price. Investors are requested to calculate the P/E with the current market price before making an investment decision.
Conclusion:
While National MFIs are extremely successful in spreading their services throughout urban and densely populated peri-urban areas, regional-based MFIs have a comparative advantage in spreading their services over more remote locations.
Regardless of location,  the micro-finance industry is increasingly adopting best practice standards and regulations and correcting any potential market distortions. As a result, the sector will be able to develop further into a successful business offering financial services to the underprivileged citizens of Nepal.
Note: The scope of fundamental analysis should not be limited only to the company's financial report. Further, analysis of the overall economy, macroeconomic indicators, liquidity situation, and sectoral analysis should be carried out to make rational investment decisions
.
Finally, the table below shows the overall picture with the major indicators of 59 microfinance companies as of the second quarter of FY 2079/2080.",0.06470958888530731
2023-02-16,Microfinance Institutions to reimburse Rs 1.60 arba worth illegally raised service charge to respective borrowers; not to levy more than 1.50% service charge,https://www.sharesansar.com/newsdetail/microfinance-institutions-to-reimburse-rs-160-arba-worth-illegally-raised-service-charge-to-respective-borrowers-not-to-levy-more-than-150-service-charge-2023-02-16,"Microfinance institutions have decided to reimburse Rs 1.60 arba worth of illegally raised service charges to the respective customers within a week.
Likewise, microfinance will not be allowed to charge more than 1.5% service charge per year while these institutions will make sure that the borrowers don’t receive loans from more than one institution, as per the media statement.
The agreement was reached amid the joint effort between the finance ministry and the minister Mr. Bishnu Paudel, the microfinance bankers association, and microfinance finance operators, as per the media statement.",0.8297063708305359
2023-01-02,NRB Gives  In-Principle Approval for the Merger of National Microfinance Laghubita and Summit Laghubitta,https://www.sharesansar.com/newsdetail/nrb-gives-in-principle-approval-for-the-merger-of-national-microfinance-laghubita-and-summit-laghubitta-2023-01-02,"National Microfinance Laghubitta Bittiya Sanstha Limited (NMFBS)
and
Summit Laghubitta Bittiya Sanstha Limited (SMFDB)
signed a Memorandum of Understanding (MoU) for the merger on Ashwin 26, 2079. Likewise, the companies have also received in-principle approval for the merger in accordance with the letter dated Poush 07, 2079, as per Section 70 of the Bank and Financial Institution Act 2073 and the ""Bank and Financial Institution Merger Regulations 2073 (Fifth Amendment 2079).
For the merger between NMFBS and SMFDB, the share swap ratio of 100:82 has been fixed i.e., for every 100 units of Summit’s shares, the shareholders will get 82-unit shares of National Micro finance.
The current paid-up capital of National microfinance is Rs.58.66 Crores, whereas the paid-up capital of Summit Laghubitta is Rs. 49.40 Crores. Hence, the revamped institution which will be known as National Summit Microfinance will have a paid-up capital of over Rs 1 arba with more than 2 lakh customers, a credit portfolio of over Rs 17 arba, and will have a presence in 74 districts of the nation with 204 branches.
As of writing, the last trading price (LTP) of National Microfinance and Summit Microfinance as of Jan 1, 2023, is, is Rs. 2000 and Rs. 1153, respectively.",0.8955554962158203
2022-12-07,NEPSE Resumes Share Trading of Summit Laghubitta (SMFDB) and Sanima Life Insurance  (SLI),https://www.sharesansar.com/newsdetail/nepse-resumes-share-trading-of-summit-laghubitta-smfdb-and-sanima-life-insurance-sli-2022-12-07,"Nepal Stock Exchange (NEPSE) has issued a circular stating that the trading of securities for the
Summit Laghubitta Bittiya Sanstha Limited
(
SMFDB)
and
Sanima Life Insurance Company Limited
(SLI)
has opened to the general public, except for Basic shareholders of both companies.
National Microfinance signed a merger agreement with Summit Laghubitta on Ashoj 26, 2079. The share swap ratio of 100: 82 has been fixed i.e. for every 100 units of Summit’s shares, the shareholders will get 82-unit shares of National Microfinance. Likewise, the last trading price (LTP) of SMFDB as of October 12 is Rs. 963.90.
On the other hand, an agreement has been reached between SLI and Reliance Life Insurance (RLI) companies to merge in a ratio of 1:1. After the merger agreement was reached between the two companies, Nepse also suspended its share trading from Ashad 29 and the last transaction price of SLI is Rs. 345.90.",0.8936449289321899
2022-12-06,Trading of Securities for the National Microfinance (NMFBS) has been Resumed,https://www.sharesansar.com/newsdetail/trading-of-securities-for-the-national-microfinance-nmfbs-has-been-resumed-2022-12-06,"The trading of securities for the
National Microfinance Laghubitta Bittiya Sanstha Limited (NMFBS)
has opened to the general public, except for Basic shareholders National microfinance.
National Microfinance signed a merger agreement with Summit Laghubitta Bittiya Sansthan Limited (SMFDB) on Ashoj 26, 2079. The share swap ratio of 100:82 has been fixed i.e., for every 100 units of Summit’s shares, the shareholders will get 82-unit shares of National Micro finance.
As of writing, the last trading price (LTP) of national microfinance as of October 12, 2022, is Rs. 2000.",0.8630304932594299
2022-11-28,"NRB Amends the Integrated Guidelines, 2078; Removes the 30% Limit for Microfinance's Dividend Distribution",https://www.sharesansar.com/newsdetail/nrb-amends-the-integrated-guidelines-2078-removes-the-30-limit-for-microfinances-dividend-distribution-2022-11-28,"The 30 percent ceiling (maximum limit) imposed on microfinance dividend distributions has been lifted by Nepal Rastra Bank (NRB). The NRB eliminated the prior cap of a 30% cash dividend and revised the Integrated Guidelines, 2078, issued to Microfinance Institutions on Monday, Mangsir, 12.
The ability to distribute cash dividends exceeding 30% of distributable profit was previously unavailable to microfinance financial organizations. The amended regulation, however, stipulates that microfinance financial institutions that desire to distribute an annual dividend (cash or bonus) of more than 20% must deposit an amount equal to 50% of that dividend in the general reserve fund.",0.826242983341217
2022-11-25,Net Profit of Microfinance Companies has Decreased Significantly; Find Out the Performance of the Listed MF's  in the First Quarter,https://www.sharesansar.com/newsdetail/net-profit-of-microfinance-companies-has-decreased-significantly-find-out-the-performance-of-the-listed-mfs-in-the-first-quarter-2022-11-25,"Microfinance companies are 'D' classified banks licensed by NRB which targets individuals and small businesses that lack access to conventional banking services. The prime objective of microfinance companies is to provide micro-credit and other financial facilities to underprivileged people with little or no capital.
Outreach of Nepalese Micro-Finance Institutions (MFIs) has increased significantly since the beginning of the millennium, however, most of them have yet to reach financial self-sufficiency and very few have achieved operational self-sufficiency.
The first quarterly report of all microfinance has been published recently. With available data from their Q1 reports, we can analyze their performance, financial position, growth, and many more. But there are so many reports to look at, read and analyze which might be hectic and time-consuming.
Sharesansar has picked the most important metrics to help investors analyze the companies and compare each company with its peers. Therefore, in this article, we will be focusing on the comparison of the most important metrics which will give you as an investor an overview as to which companies are investment-worthy. So, let's take a deep look into it.
Note: As of October, 2022, there are a total of 65 MFIs in Nepal, out of which 59 microfinance companies are currently listed on Nepal Stock Exchange (NEPSE).
Net Profit:
During the review period, Microfinance Sector profit declined by 42.23% compared to the previous year.
Chhimek Laghubitta Bittiya Sanstha Limited (CBBL)
has reported the highest net profit in this quarter with a total of Rs. 32.91 Crores in the National category. CBBL is closely trailed by
JBLB
with a profit of Rs. 14.76 Crores.
Now coming towards the National-Wholesale level,
Sana Kisan (SKBBL)
reported the highest net profit of Rs 23.27 Crores for the Q1. Likewise, at the regional level
Samudayik Laghubitta Bittiya Sanstha Limited
reported a net profit of Rs. 97 Lakhs.
Capital:
In terms of share capital,
Chhimek Laghubitta Bittiya Sanstha Limited (CBBL)
has the highest capital of Rs. 232.41 crores, followed by
Nirdhan Utthan Laghubitta Bittiya Sanstha Limited (NUBL)
with Rs. 219.55 crores in the national level.
The same for the National-Wholesale level is led by
Sana Kisan (SKBBL)
with a total share capital of Rs. 156.44 Crores. Likewise, for the regional level,
Mithila Laghubitta (MLBBL)
reported the highest share capital of Rs. 17.04 Crores.
At the national level,
Dhaulagiri Laghubitta Bittiya Sanstha Limited (DLBS)
has the lowest capital of Rs. 10.31 crores.
Reserve and Surplus:
Chhimek Laghubitta Bittiya Sanstha Limited (CBBL)
has the highest reserve amounting to Rs. 358.37 crores in terms of National Level.
In the National-wholesale working area,
Sana Kisan Laghubiita Bittya Sanstha Limited (SKBBL)
has the highest reserve of Rs. 285.04 crores.
At the national level,
Aviyan Laghubitta Bittiya Sanstha Limited (AVYAN)
has the lowest reserve of Rs. 1.91 crores as per the Q1 report of the fiscal year 2079/80.
Now coming towards the regional level,
Unique Nepal Laghubitta Bittiya Sanstha Limited (UNLBSL)
reported the highest reserves and surplus of Rs. 26.16 Crores.
Companies with optimal reserves are considered secure and financially stable.
Borrowings and Deposits:
For National Wholesale
- In the context of borrowings,
Sana Kisan Laghubitta Bittiya Sanstha Limited (SKBBL)
comes in the first position with total borrowings of Rs. 17.77 Arba.
For National
-
NIC Asia Laghubitta Bittiya Sanstha Limited (NICLBSL)
reports the highest borrowings worth Rs. 15.87 Arba and the lowest borrowings is reported by Nesdo Samriddha Laghubitta (NESDO) worth Rs. 41 Crores.
For deposits, Chhimek Laghubitta Bittiya Sanstha Limited (CBBL) reported the highest deposits of Rs. 28.52 Arba.
For Regional Level
-
Janautthan Samudayic Laghubitta Bittiya Sanstha Limited (JSLBB)
reports the highest borrowings of Rs. 1.45 Arba and the lowest is reported by Adarsha Laghubitta (ADLB) worth Rs. 12 Crores.
The industry average borrowings stand at Rs. 3.66 Arba and deposits stand at Rs. 2.78 Arba.
Provision/Writeback:
As per the provisions for possible losses and write backs for the first quarter,
SKBBL
is in the lead with the highest net provision (reversal) of Rs. 3.45 Crores. Also,
from the national working area,
NADEP
has the highest negative provision of Rs 2.63 Crores in the same quarter. Likewise,
GBLBS
has the highest net provision of Rs. 1.34 Arba in terms of the national microfinance company.
Loans and Advances:
As per the reports,
Chhimek Laghubitta Bittiya Sanstha Limited (CBBL)
has disbursed the highest amount of loan of Rs. 33.59 Arba.
In terms of the National-wholesale level,
Sana Kisan Laghubitta Bittiya Sanstha Limited (SKBBL)
reports loans to its customer worth Rs. 29.93 Arba.
Till this quarter of the fiscal year, a total of Rs. 4.47 Kharba of loan has been disbursed by all the microfinance combined.
Net Interest Income:
Net interest income is the difference between the revenue a bank earns from its interest-bearing assets and the expenses of its interest-bearing liabilities. High Net Interest Income indicates the investment efficiency of any financial company.
Chhimek Laghubitta Bittiya Sanstha Limited (CBBL)
has a net interest income of Rs. 74 crore which is the highest among all microfinance companies.
Nirdhan Utthan Laghubitta Bittiya Sanstha Limited (NUBL)
comes in the second position with a net interest income of Rs. 48.01 crores.
If we look into working area-wise,
Sana Kisan (SKBBL)
has the highest net interest income of Rs. 43 Crores in the wholesale-national category.
Unique Nepal Laghubitta Bittiya Sanstha Limited (UNLBSL)
has the highest net interest income of Rs. 5.89 crores in the regional category.
Earnings per Share:
Sana Kisan (SKBBL)
has reported the highest EPS of Rs. 59.52 for the national-wholesale area. Likewise,
Nesdo Sambridha Laghubitta Bittiya Sanstha Limited(NESDO)
reported an EPS of Rs. 88.57 in terms of the national working area and lastly,
Samudayik Laghubitta Bittiya Sanstha Limited (SLBSL)
reported an EPS of Rs. 29.32.
The average EPS in the microfinance sector is Rs. 16.05.
Networth Per Share:
As per the first quarterly report,
Nesdo Sambridha Laghubitta Bittiya Sanstha Limited(NESDO)
has the highest net worth value per share of Rs. 347.35. In the national-wholesale region,
RMDC
has the highest net worth of Rs. 275.30.
Likewise,
Upakar Laghubitta (ULBSL)
in terms of the regional area has the highest net worth per share of  Rs. 368.55.
Capital Fund to RWA (Capital Adequacy Ratio):
National Wholesale
- According to the Q1 reports of the fiscal year 2079/80,
RMDC Laghubitta Bittiya Sanstha Limited (RMDC)
has reported the highest Capital Adequacy Ratio of 24.78%. It is followed by
RSDC Laghubitta Bittiya Sanstha Limited (RSDC)
, which has a CAR of 16.45%.
National
-
Nesdo Sambridha (NESDO)
reported highest CAR of 18.38% and
Sabaiko Laghubitta Bittiya Sanstha Limited (SABSL)
reported the lowest CAR of 8.85%.
Regional
-
Manakamana Smart Laghubitta (MKLB)
has reported the highest Capital Adequacy Ratio of 16.09%.
Non-Performing Loan (NPL):
In terms of non-performing loans, First Microfinance Laghubitta Bittiya Sanstha Limited (FMDBL) has reported an NPL of 0.00% and
Sana Kisan Laghubitta Bittiya Sanstha Limited (SKBBL)
has reported an NPL of 0.75% in terms of National-wholesale working area.
The highest NPL is reported by
Nirdhan Utthan Laghubitta Bittiya Sanstha Limited (NUBL)
with an NPL of 7.14% at the national level, whereas, the lowest is of 0.81% of CBBL from the same category.
Likewise, Manakamana Smart Laghubitta Bittiya Sanstha Limited (MKLB) has reported the highest NPL of 7.85% in terms of the regional working area.
Price to Earnings:
P/E ratio, or price-to-earnings ratio, is a quick way to see if a stock is undervalued or overvalued. And so generally speaking, the lower the P/E ratio is, the better it is for both the business and potential investors.
RSDC
has reported the highest P/E ratio of 25.59,
Civil Laghubitta Bittiya Sanstha Limited (CLBSL)
has lowest P/E ratio of 10.11 and
Samudayik
Laghubitta
has P/E ratio of 43.18, in terms of National-wholesale, National, and regional working place respectively.
NOTE: Above P/E is calculated by taking the quarter-end price. Investors are requested to calculate the P/E with the current market price before making an investment decision.
Conclusion:
While National MFIs are extremely successful in spreading their services throughout urban and densely populated peri-urban areas, regional-based MFIs have a comparative advantage in spreading their services over more remote locations.
Regardless of location,  the micro-finance industry is increasingly adopting best practice standards and regulations and correcting any potential market distortions. As a result, the sector will be able to develop further into a successful business offering financial services to the underprivileged citizens of Nepal.
Note: The scope of fundamental analysis should not be limited only to the company's financial report. Further, analysis of the overall economy, macroeconomic indicators, liquidity situation, and sectoral analysis should be carried out to make rational investment decisions
.
Finally, the table below shows the overall picture with the major indicators of 59 microfinance companies as of the first quarter of FY 2079/2080.",0.03266251087188721
2022-11-07,"With a Decline In Core Business Revenue, Net Profit Decreases by 52.81% For Summit Laghubitta In Q1; Company Recently Signed Merger Deal With National Microfinance",https://www.sharesansar.com/newsdetail/with-a-decline-in-core-business-revenue-net-profit-decreases-by-5281-for-summit-laghubitta-in-q1-company-recently-signed-merger-deal-with-national-microfinance-2022-11-07,"Summit Laghubitta Bittiya Sanstha Limited
(SMFDB)
published its first-quarter report of FY 2079/2080 with a decrease in Net Profit by 52.81%. As per the report published by the company, the net profit decreased to Rs. 1.85 crores as compared to Rs. 3.92 crores in the corresponding quarter of the previous year.
The borrowings of the company increased by 71.85% to Rs. 3.72 Arba which was Rs. 2.17 Arba in the corresponding quarter of the previous year. The company’s loans and advances have also increased by a margin of 19.20% to 5.89 Arba in this quarter.
The net interest income (core revenue) has however decreased by 9.11% to Rs. 7.80 crores compared to Rs. 8.58 crores in the corresponding quarter of the previous year.
The paid-up capital of the company increased to Rs. 49.40 crores in this quarter and its reserve and surplus stood at Rs. 27.17 crores which is an increase of 3.71% in this quarter.
Its annualized earnings per share (EPS) stand at Rs. 15.01. The net worth per share is Rs. 155.02 and the company traded at a P/E multiple of 50.88 times.
Note: Recently, National Microfinance signed a merger agreement with Summit Laghubitta at a swap ratio of 100:82, i.e. for every 100 units of Summit’s shares, the shareholders will get 82-unit shares of National.
Click here for the Q1 report:
Particulars (In Rs '000)
Summit Laghubitta Bittiya Sanstha
Q1 2079/80
Q1 2078/79
Difference
Paid Up Capital
494,000
394,300
25.29%
Reserve & Surplus
271,799
262,081
3.71%
Deposits
1,367,076
1,110,594
23.09%
Borrowings
3,729,339
2,170,106
71.85%
Loans & Advances
5,896,700
4,946,962
19.20%
Net Interest Income
78,062
85,884
-9.11%
Provision for possible losses
16,563
16,499
0.38%
Operating Profit
29,433
62,374
-52.81%
Net Profit
18,543
39,296
-52.81%
Capital Adequacy (%)
12.19
12.30
-0.89%
NPL (%)
2.25
2.56
-12.11%
Annualized EPS (In Rs.)
15.01
39.86
-62.34%
Net Worth per Share (In Rs.)
155.02
166.47
-6.88%
PE Ratio (times)
50.88
-
-
Qtr End Market Price
764",0.053349532186985016
2022-10-14,National Microfinance signs merger agreement with Summit Laghubitta; merged institution to have presence in 74 districts with 204 branches and 17 Arba plus credit portfolio,https://www.sharesansar.com/newsdetail/national-microfinance-signs-merger-agreement-with-summit-laghubitta-merged-institution-to-have-presence-in-74-districts-with-204-branches-and-17-arba-plus-credit-portfolio-2022-10-14,"National Microfinance signed a merger agreement with Summit Laghubitta on Ashoj 26, 2079.
The share swap ratio of 100;82 has been fixed i.e., for every 100 units of Summit’s shares, the shareholders will get 82-unit shares of National. Mr. Keshav Prasad Acharya from National Microfinance will remain as the chairman of the merged institution while Mr. Ram Bahadur Yadav will remain as the CEO, as per the media statement.
The revamped institution will be known as National Summit Microfinance which will have a paid-up capital of over Rs 1 arba with more than 2 lakh customers, a credit portfolio of over Rs 17 arba, and will have a presence in 74 districts of the nation with 204 branches.",0.8267809748649597
2022-10-13,NEPSE Halts Trading of National Microfinance Laghubitta and Summit Laghubitta; Companies Sign Merger Agreement,https://www.sharesansar.com/newsdetail/nepse-halts-trading-of-national-microfinance-laghubitta-and-summit-laghubitta-companies-sign-merger-agreement-2022-10-13,"National Microfinance Laghubitta Bittiya Sanstha Limited (NMFBS)
and
Summit Laghubitta Bittiya Sanstha Limited (SMFDB)
have signed Memorandum of Understanding (MoU) for the merger on Ashwin 26, 2079 at 5 PM.
According to the Merger and Acquisition of Banks and Financial Institutions (Regulation 61 of 2073), Nepal Stock Exchange (NEPSE) has notified that the transaction of the two microfinance companies has been halted from today i.e. Ashwin 27, 2079.
The current paid-up capital of NMFBS is Rs 58.66 Crores, while SMFDB's paid-up capital is currently Rs 49.4 Crores. As of October 12, 2022, NMFBS and SMFDB's last trading prices were Rs. 2,000 and Rs. 963.90, respectively.
Following this, NEPSE has halted the trading of both the companies in the secondary market of Nepal.",0.1218205988407135
2022-08-22,A Look Into the Comparative Analysis of Important Metrics of Microfinance Sector; 26 MFI's Reported Reduced Net Profit for Q4,https://www.sharesansar.com/newsdetail/a-look-into-the-comparative-analysis-of-important-metrics-of-microfinance-sector-26-mfis-reported-reduced-net-profit-for-q4-2022-08-22,"Microfinance companies are 'D' classified banks licensed by NRB which targets individuals and small businesses that lack access to conventional banking services. The prime objective of microfinance companies is to provide micro-credit and other financial facilities to underprivileged people with little or no capital.
Outreach of Nepalese Micro-Finance Institutions (MFIs) has increased significantly since the beginning of the millennium, however, most of them have yet to reach financial self-sufficiency and very few have achieved operational self-sufficiency.
The fourth quarterly report of all microfinance has been published recently. With available data from their Q4 reports, we can analyze their performance, financial position, growth, and many more. But there are so many reports to look at, read and analyze which might be hectic and time-consuming.
Sharesansar has picked the most important metrics to help investors analyze the companies and compare each company with its peers. Therefore, in this article, we will be focusing on the comparison of the most important metrics which will give you as an investor an overview as to which companies are investment-worthy. So, let's take a deep look into it.
Note: There are 56 MFIs that issued shares to the general public, out of which 54 microfinance companies are listed on Nepal Stock Exchange (NEPSE). Apart from this, Aviyan (AVI) and Dhaulagiri (DLBS) Laghubitta Bittiya Sanstha Limited have already issued IPO but are yet to be listed in the NEPSE.
Thus, the compiled data of 56 microfinance companies are presented in the table below.
Net Profit:
During the review period, Microfinance Sector profit declined by 2.26% compared to the previous year.
Chhimek Laghubitta Bittiya Sanstha Limited (CBBL)
has reported the highest net profit in this quarter with a total of Rs. 1.03 Arba in the National category. CBBL is closely trailed by
Nirdhan Utthan Laghubitta Bittiya Sanstha (NUBL)
with a profit of Rs. 1.02 Arba.
Forward Microfinance Laghubitta Bittiya Sanstha Limited (FOWAD)
has secured the third position with a net profit of Rs. 84.54 crores.
Now coming towards the National-Wholesale level,
Sana Kisan (SKBBL)
reported the highest net profit of Rs 70.83 Crores for the Q4. Likewise, at the regional level
Mithila Laghubitta (MLBBL)
reported a net profit of Rs. 5.77 Crores.
Out of the total 56 Microfinance companies in Nepal, 26 companies reported reduced Net Profit for the fourth quarter of FY 78/79 as compared to the same period of the corresponding year.
Capital:
In terms of share capital,
Chhimek Laghubitta Bittiya Sanstha Limited (CBBL)
has the highest capital of Rs. 232.41 crores, followed by
Nirdhan Utthan Laghubitta Bittiya Sanstha Limited (NUBL)
with Rs. 219.55 crores in the national level.
The same for the National-Wholesale level is led by
Sana Kisan (SKBBL)
with a total share capital of Rs. 156.44 Crores. Likewise, for the regional level,
Mithila Laghubitta (MLBBL)
reported the highest share capital of Rs. 17.04 Crores.
At the national level,
Dhaulagiri Laghubitta Bittiya Sanstha Limited (DLBS)
has the lowest capital of Rs. 7 crores (Capital after IPO yet to be adjusted).
Reserve and Surplus:
Chhimek Laghubitta Bittiya Sanstha Limited (CBBL)
has the highest reserve amounting to Rs. 358.37 crores in terms of National Level.
In the National-wholesale working area,
Sana Kisan Laghubiita Bittya Sanstha Limited (SKBBL)
has the highest reserve of Rs. 259.81 crores.
At the national level,
Aviyan Laghubitta Bittiya Sanstha Limited (AVI)
has the lowest reserve of Rs. 1.91 crores as per the Q4 report of the fiscal year 2078/79.
Now coming towards the regional level,
Upakar Laghubitta (ULBSL)
reported the highest reserves and surplus of Rs. 17.03 Crores.
Companies with optimal reserves are considered secure and financially stable.
Borrowings and Deposits:
For National Wholesale
- In the context of borrowings,
Sana Kisan Laghubitta Bittiya Sanstha Limited (SKBBL)
comes in the first position with total borrowings of Rs. 16.30 Arba.
For National
-
NIC Asia Laghubitta Bittiya Sanstha Limited (NICLBSL)
reports the highest borrowings worth Rs. 16.31 Arba and the lowest borrowings is reported by Nesdo Samriddha Laghubitta (NESDO) worth Rs. 44 Crores.
For deposits, Chhimek Laghubitta Bittiya Sanstha Limited (CBBL) reported the highest deposits of Rs. 27.02 Arba.
For Regional Level
- Swabhimaan Laghubitta (SMFBS) reports the highest borrowings of Rs. 1.33 Arba and the lowest is reported by Adarsha Laghubitta (ADLB) worth Rs. 11 Crores.
For deposits, Upakar Laghubitta (ULBSL) reported the highest deposits of Rs. 1.04 Arba for Q4.
The industry average borrowings stand at Rs. 3.95 Arba and deposits stand at Rs. 2.76 Arba.
Loans and Advances:
As per the reports,
Chhimek Laghubitta Bittiya Sanstha Limited (CBBL)
has disbursed the highest amount of loan of Rs. 32.89 Arba.
In terms of the National-wholesale level,
Sana Kisan Laghubitta Bittiya Sanstha Limited (SKBBL)
reports loans to its customer worth Rs. 29.35 Arba.
Till this quarter of the fiscal year, a total of Rs. 4.34 Kharba of loan has been disbursed by all the microfinance combined.
Net Interest Income:
Net interest income is the difference between the revenue a bank earns from its interest-bearing assets and the expenses of its interest-bearing liabilities. High Net Interest Income indicates the investment efficiency of any financial company.
Chhimek Laghubitta Bittiya Sanstha Limited (CBBL)
has a net interest income of Rs. 249.05 crore which is the highest among all microfinance companies.
Nirdhan Utthan Laghubitta Bittiya Sanstha Limited (NUBL)
comes in the second position with a net interest income of Rs. 209.74 crores.
If we look into working area-wise,
Sana Kisan (SKBBL)
has the highest net interest income of Rs. 134.73 Crores in the wholesale-national category.
Janautthan Laghubitta Bittiya Sanstha Limited (JSLBB)
has the highest net interest income of Rs. 17.13 crores in the regional category.
Provision/Writeback:
As per the provisions for unpaid risk for the fourth quarter of 2078/79,
SKBBL
is in the lead with an unpaid risk of Rs. 5.59 Crores. Also,
from the national working area,
CBBL
has the highest net provision of Rs 24.13 Crores in the same quarter. Likewise,
SLBSL
has the highest net provision of Rs. 2.48 Crores in terms of the regional microfinance company.
Non-Performing Loan (NPL):
In terms of non-performing loans, First Microfinance Laghubitta Bittiya Sanstha Limited (FMDBL) has reported an NPL of 0.00% and RMDC Laghubitta Bittiya Sanstha Limited (RMDC) has reported an NPL of 0.05% in terms of National-wholesale working area.
The highest NPL is reported by Aarambha Chautari Laghubitta Bittiya Sanstha Limited (ACLBSL) with an NPL of 4.94% at the national level, whereas, the lowest is of 0.83% of CBBL from the same category.
Likewise, Wean Nepal Laghubitta Bittiya Sanstha Limited (WNLB) has reported the highest NPL of 4.93% in terms of the regional working area.
Capital Fund to RWA (Capital Adequacy Ratio):
National Wholesale
- According to the Q4 reports of the fiscal year 2078/79,
RMDC Laghubitta Bittiya Sanstha Limited (RMDC)
has reported the highest Capital Adequacy Ratio of 24.61%. It is followed by
RSDC Laghubitta Bittiya Sanstha Limited (RSDC)
, which has a CAR of 18.89%.
National
-
Nesdo Sambridha (NESDO)
reported highest CAR of 19.25% and
Aviyan Laghubitta (AVI)
reported the lowest CAR of 8.56%.
Regional
-
Manakamana Smart Laghubitta (MKLB)
has reported the highest Capital Adequacy Ratio of 15.75%.
Earnings per Share:
Sana Kisan (SKBBL)
has reported the highest EPS of Rs. 45.28 for the national-wholesale area. Likewise,
Mahila Laghubitta Bittiya Sanstha Limited (MLBSL)
reported an EPS of Rs. 101.76 in terms of the national working area and lastly,
Upakar Laghubitta (ULBSL)
reported an EPS of Rs. 68.09.
The average EPS in the microfinance sector is Rs. 37.67.
Networth Per Share:
As per the fourth quarterly report,
Jalpa Samudayik (JALPA)
has the highest net worth value per share of Rs. 395.42. In the national-wholesale region,
RMDC
has the highest net worth of Rs. 268.18.
Likewise,
Upakar Laghubitta (ULBSL)
in terms of the regional area has the highest net worth per share of  Rs. 359.55.
Price to Earnings:
P/E ratio, or price-to-earnings ratio, is a quick way to see if a stock is undervalued or overvalued. And so generally speaking, the lower the P/E ratio is, the better it is for both the business and potential investors.
Sana Kisan (SKBBL)
has reported the lowest P/E ratio of 23.52, S
wabalamban Laghubitta (SWBBL)
has P/E ratio of 18.72 and
Andhikhola Laghubitta
has P/E ratio of 30.06, in terms of National-wholesale, National, and regional working place respectively.
NOTE: Above P/E is calculated by taking the quarter-end price. Investors are requested to calculate the P/E with the current market price before making an investment decision.
Conclusion:
While National MFIs are extremely successful in spreading their services throughout urban and densely populated peri-urban areas, regional-based MFIs have a comparative advantage in spreading their services over more remote locations.
Regardless of location,  the micro-finance industry is increasingly adopting best practice standards and regulations and correcting any potential market distortions. As a result, the sector will be able to develop further into a successful business offering financial services to the underprivileged citizens of Nepal.
Note: The scope of fundamental analysis should not be limited only to the company's financial report. Further, analysis of the overall economy, macroeconomic indicators, liquidity situation, and sectoral analysis should be carried out to make rational investment decisions
.
The summary of the microfinance industry report for Q4 of FY 2078/79.",0.018437134101986885
2022-06-30,Summit Laghubitta Urges Shareholders to Pay Tax for 25.28% Bonus Shares,https://www.sharesansar.com/newsdetail/summit-laghubitta-urges-shareholders-to-pay-tax-for-2528-bonus-shares-2022-06-30,"Summit Laghubitta Bittiya Sanstha (SMFDB)
has urged its shareholders to pay the tax amount for 25.28% bonus shares.
The 13th AGM of the company endorsed a 25.285316% dividend for the fiscal year 2077/78. The 17th meeting of the board of directors held on Mangsir 13 decided to distribute the dividend on the paid-up capital of Rs. 39.43 crores. The entirety of the dividend has been proposed in bonus shares. Thus, 25% bonus shares are worth Rs. 9.97 crores.
The bonus shares have already been listed in NEPSE. Shareholders maintained before joint operation after the acquisition of Sajilo Laghubitta had received tax exemption on bonus shares. However, shareholders who bought the shares after the commencement of joint operation (6th Ashoj, 2078) will have to pay the tax amount on the dividend proposed.
The details of the tax amount that a shareholder has to pay can be found on the website of the share registrar Civil Capital Market.
The tax amount should be paid to the following account while mentioning the shareholder's account number, name, and phone number/ email:
Bank: Civil Bank Limited., C.T.C Mall, Sundhara, Kathmandu
Name: CCML (SMFDB/ BONUS TAX 77.78)
Account Number: 00210000482689
Notice",0.9282388091087341
2022-06-28,Bonus Shares of These Three Companies Now Listed in NEPSE,https://www.sharesansar.com/newsdetail/bonus-shares-of-these-three-companies-now-listed-in-nepse-2022-06-28,"2,95,812 unit bonus shares of
Janautthan Samudayik Laghubitta Bittiya Sanstha Limited (JSLBB)
have been listed in NEPSE.
The 11th AGM of the company endorsed the dividend for the fiscal year 2077/78. The 177th meeting of the board of directors held on Mangsir 19 decided to distribute the dividend on the paid-up capital of Rs. 11.83 Arba. 25% bonus shares worth Rs. 2.95 crores and 1.3157% cash dividend (for tax purposes) worth Rs. 15.56 lakh were proposed. The same bonus shares are now listed.
9,97,000 unit bonus shares of
Summit Laghubitta Bittiya Sanstha Limited (SMFDB)
have been listed in NEPSE.
The 13th AGM of the company endorsed a 25.285316% dividend for the fiscal year 2077/78. The 17th meeting of the board of directors held on Mangsir 13 decided to distribute the dividend on the paid-up capital of Rs. 39.43 crores. The entirety of the dividend has been proposed in bonus shares. Thus, 25% bonus shares are worth Rs. 9.97 crores.
Similarly, 7,10,162.64 unit bonus shares of
Everest Insurance Company Limited (EIC)
have been listed in NEPSE.
The company had convened its 27th AGM on 21st Baisakh, 2079. The AGM had endorsed 6.3158% dividend for the fiscal year 2077/78. The 121st meeting of the board of directors held on Falgun 10 decided to distribute the dividend on the paid-up capital of Rs. 1,18,36,04,400. 6% bonus shares and 0.3158% cash dividend were proposed. Thus, the bonus shares are worth Rs. 7.1 crores and the cash dividend is worth Rs. 37.37 lakhs. The cash dividend was proposed for the tax amount on bonus shares. The same bonus shares are now listed in NEPSE.",0.9103864431381226
2022-04-26,With A Growth In Core Business Revenue Bottom Line Increases For Summit Laghubitta In Q3,https://www.sharesansar.com/newsdetail/with-a-growth-in-core-business-revenue-bottom-line-increases-for-summit-laghubitta-in-q3-2022-04-26,"Summit Laghubitta Bittiya Sanstha
(SMFDB)
published its third-quarter report of FY 2078/2079 with an increase in Net Profit by 17.20%. As per the report published by the company, the net profit increased to Rs. 11.74 crores as compared to Rs. 10.01 crores in the corresponding quarter of the previous year.
The borrowings of the company increased by 39.59% to Rs. 3.65 Arba which was Rs. 2.62 Arba in the corresponding quarter of the previous year. The company’s loans and advances have also increased by 39.21% to 5.83 Arba in this quarter.
The net interest income (core revenue) has increased by 41.60% to Rs. 26.32 crores compared to Rs. 18.59 crores in the corresponding quarter of the previous year.
The paid-up capital of the company increased to Rs. 49.40 crores in this quarter and its reserve and surplus stood at Rs. 22.53 crores which is an increase of 11.31% in this quarter.
Its annualized earnings per share (EPS) stand at Rs. 31.69. The net worth per share is Rs. 145.62 and the company traded at a P/E multiple of 35.59 times.
Click here for the Q3 report:
Financial Highlights:
Particulars
Summit Laghubitta Bittiya Sanstha Limited
Q3, 2078/2079
Q3, 2078/2079
Difference
Paid-Up Capital
494,000.00
394,300.00
25.29%
Reserve & Surplus
225,360.76
202,470.61
11.31%
Deposits
1,327,778.23
1,134,537.61
17.03%
Borrowings
3,658,964.73
2,621,305.55
39.59%
Loans and Advances
5,832,602.03
4,189,700.64
39.21%
Net Interest Income
263,256.50
185,914.10
41.60%
Provision for possible losses
22,749.09
63,767.72
-
Operating Profit
186,375.79
159,026.61
17.20%
Write Back of provision for possible losses
-
-
-
Net Profit
117,416.75
100186.76
17.20%
Capital Adequacy Ratio
11.64%
13.01%
-
NPL (%)
1.76%
3.10%
-
Cost of Fund (%)
11.62%
6.79%
-
Annualized EPS (In Rs.)
31.69
25.41
24.73%
Net Worth per share (In Rs.)
145.62
151.35
-3.79%
Price to Earnings Ratio (times)
35.59
-
-",-0.13729402422904968
2022-02-23,How Did Microfinance Companies Perform This Second Quarter? A Thorough Comparison,https://www.sharesansar.com/newsdetail/how-did-microfinance-companies-perform-this-second-quarter-a-thorough-comparison-2022-02-23,"Microfinance companies are 'D' classified banks licensed by NRB which targets individuals and small businesses that lack access to conventional banking services. The prime objective of microfinance companies is to provide micro-credit and other financial facilities to underprivileged people with little or no capital.
Microfinance companies comparatively have a minimum paid-up capital, so the supply of shares is very low which makes them the most preferred investment sector in the Nepalese stock market.
The second quarterly report of all microfinance has been published recently. With available data from their Q2 reports, we can analyze their performance, financial position, growth, and many more. But there are so many reports to look at, read and analyze which might be hectic and time-consuming.
Sharesansar has picked the most important metrics to help investors analyze the companies and compare each company with its peers. Therefore, in this article, we will be focusing on the comparison of the most important metrics which will give you as an investor an overview as to which companies are investment-worthy. So, let's take a deep look into it.
Net Profit:
Chhimek Laghubitta Bittiya Sanstha Limited (CBBL) has reported the highest net profit in this quarter with a total of Rs. 49.84 crores. CBBL is closely trailed by Nirdhan Utthan Laghubitta Bittiya Sanstha (NUBL) with a profit of Rs. 49.40 crores. Forward Microfinance Laghubitta Bittiya Sanstha Limited (FOWAD) has secured the third position with a net profit of Rs. 45.81 crores.
In this quarter 14 companies have reported a decline in their net profit as compared to the corresponding quarter of the previous year.
Provision:
As per the Q2 of the Fiscal year 2078/79, Swabalamban Laghubitta Bittiya Sanstha Limited (SWBBL) has created the highest provision for possible losses which is Rs. 31.93 crores. On the contrary, Forward Microfinance Laghubitta Bittiya Sanstha Limited (FOWAD) hasn't allocated any funds for provision.
The average provision for losses in microfinance sectors is Rs. 4.16 crores.
Capital:
In terms of share capital, Chhimek Laghubitta Bittiya Sanstha Limited (CBBL) has the highest capital of Rs. 232.41 crores, followed by Nirdhan Utthan Laghubitta Bittiya Sanstha Limited (NUBL) with Rs. 219.50 crores.
Support Laghubitta Bittiya Sanstha Limited (SMB) has the lowest capital of Rs. 8.58 crores.
Reserve:
Chhimek Laghubitta Bittiya Sanstha Limited (CBBL) has the highest reserve amounting to Rs. 240 crores. After CBBL, Sana Kisan Laghubiita Bittya Sanstha Limited (SKBBL) has a reserve of Rs. 227.65 crores.
Gurans Laghubitta Bittiya Sanstha Limited (GLBSL) has the lowest reserve of Rs. 2.76 crores as per the Q2 report of the fiscal year 2078/79.
Companies with optimal reserves are considered secure and financially stable.
Borrowings:
In the context of borrowings, Sana Kisan Laghubitta Bittiya Sanstha Limited (SKBBL) comes in the first position with total borrowings of Rs. 22.61 Arba. NIC Asia Laghubitta Bittiya Sanstha Limited (NICLBSL) and Mero Microfinance Laghubitta Bittiya Sanstha Limited (MERO) are in second and third positions with borrowings of Rs. 19.69 Arba and Rs. 11.35 Arba respectively.
The industry average borrowings stand at Rs. 4.63 Arba.
Deposits:
Chhimek Laghubitta Bittiya Sanstha Limited (CBBL) has collected the highest amount of deposit from its customers which amount to Rs. 24.51 Arba. CBBL is followed by Nirdhan Utthan Laghubitta Bittiya Sanstha Limited (NUBL) with a total deposit of Rs. 17.05 Arba. Similarly, Swabalamban Laghubitta Bittiya Sanstha Limited (SWBBL) has the third-highest deposit with a deposit figure of Rs. 11.27 Arba.
Among all microfinance companies, 4 companies have no deposit in their books, since they all are wholesale microfinance companies. The companies have been disbursing loans from borrowings and equity financing.
Loans and Advances:
As per the reports, Chhimek Laghubitta Bittiya Sanstha Limited (CBBL) has disbursed the highest amount of loan of Rs. 28.72 Arba. CBBL is followed by Sana Kisan Laghubitta Bittiya Sanstha Limited (SKBBL) with loans to its customer worth Rs. 26.79 Arba.
Till this quarter of the fiscal year, a total of Rs. 3.93 Kharba of loan has been disbursed by all the microfinance combined.
Net Interest Income:
Net interest income is the difference between the revenue a bank earns from its interest-bearing assets and the expenses of its interest-bearing liabilities. High Net Interest Income indicates the investment efficiency of any financial company.
Chhimek Laghubitta Bittiya Sanstha Limited (CBBL) has a net interest income of Rs. 112.10 crore which is the highest among all microfinance companies. Nirdhan Utthan Laghubitta Bittiya Sanstha Limited (NUBL) comes in the second position with a net interest income of Rs. 106.35 crores.
Gurans Laghubitta Bittiya Sanstha Limited (GLBSL) has the lowest net interest income of Rs. 3.51 crores.
Non-Performing Loan (NPL):
In terms of non-performing loans, First Microfinance Laghubitta Bittiya Sanstha Limited (FMDBL) has reported an NPL of 0.00%. RMDC Laghubitta Bittiya Sanstha Limited (RMDC) has reported an NPL of 0.05%.
The highest NPL is reported by Support Laghubitta Bittiya Sanstha Limited (SMB) with an NPL of 33.74%.
Chhimek Laghubitta Bittiya Sanstha Limited (CBBL) has not unveiled its NPL figure.
Capital Adequacy Ratio (CAR):
According to the Q2 reports of the fiscal year 2078/79, RMDC Laghubitta Bittiya Sanstha Limited (RMDC) has reported the highest Capital Adequacy Ratio of 22.50%. RSDC Laghubitta Bittiya Sanstha Limited (RSDC) has a CAR of 18.50%.
Both, Suryodaya Laghubitta Bittiya Sanstha Limited (SLBS) and Sabaiko Laghubitta Bittiya Sanstha Limited (SABSL) have reported the lowest Capital Adequacy Ratio of 8.59%.
Earnings per Share:
Jeevan Bikas Laghubitta Bittiya Sanstha Limited (JBLB) has reported the highest EPS of Rs. 132.04. Mahila Laghubitta Bittiya Sanstha Limited (MLBSL) and Forward Microfinance Laghubitta Bittiya Sanstha Limited (FOWAD) have second and third-highest EPS of Rs. 110.97 and Rs. 108.50 respectively.
The average EPS in the microfinance sector is Rs. 42.79.
Book Value Per Share:
As per the second quarterly report, Jeevan Bikas Laghubitta Bittiya Sanstha Limited (JBLB) has the highest book value per share of Rs. 383.07. JBLB is followed by Forward Microfinance Laghubitta Bittiya Sanstha Limited (FOWAD) with a book value of Rs. 277.64.
Likewise, the lowest book value is reported by Manakamana Smart Laghubitta Bittiya Sanstha Limited (MKLB) which is Rs. 119.86.
Price to Earnings:
Forward Microfinance Laghubitta Bittiya Sanstha Limited (FOWAD) has reported the lowest Price to Earnings ratio of 20.14. Kalika Laghubitta Bittiya Sanstha Limited (KMCDB) comes second with a P/E ratio of 21.62.
The highest PE ratio: 109.16 is reported by Manakamana Smart Laghubitta Bittiya Sanstha Limited (MKLB). As per the second quarterly report, the industry average is 43.95.
NOTE: Above P/E is calculated by taking the quarter-end price. Investors are requested to calculate the P/E with the current market price before making an investment decision.
Conclusion:
With economic activities coming back to normal and ease in covid restrictions, most microfinance companies have managed to increase their net profit compared to the previous corresponding quarter. However, it will be more tactical to look at the above figures and indicators from a macro perspective. Thus, the compiled data of 48 listed microfinance companies is presented in the table below.
The scope of fundamental analysis should not be limited only to the company's financial report. Further, analysis of the overall economy, macroeconomic indicators, liquidity situation, and sectoral analysis should be carried out to make rational investment decisions.",0.03262556344270706
2022-01-28,"With The Increment In Revenue, Summit Laghubitta Sees Major Improvement In Net Profit In Q2",https://www.sharesansar.com/newsdetail/with-the-increment-in-revenue-summit-laghubitta-sees-major-improvement-in-net-profit-in-q2-2022-01-28,"Summit Laghubitta Bittiya Sanstha Limited (SMFDB)
has posted a net profit of Rs 8.50 crore and published its 2nd quarter company analysis of the fiscal year 207/78.
The profit of the company in Q2 2078/79 has increased by 100.28% compared to Rs 4.24 crores in Q2 2077/78.
The borrowings of the company have increased by 84.98% to Rs 3.42 Arba from Rs 1.85 Arba in Q2 2077/78. The microfinance company collected deposits of Rs 1.24 Arba and has floated loans of Rs 5.47 Arba in Q2 2077/78. Loan & advances of the company have increased by 60.72% compared to the corresponding quarter of last fiscal year.
The net interest income of the company has grown by 81.59% to Rs. 17.95 crores.
The Paid-Up capital and reserve of Summit Laghubitta Bittiya Sanstha Limited stand at Rs 49.40 crores and Rs 19.30 crores respectively.
The EPS and net worth per share stood at Rs 34.45 and Rs 139.07 respectively in Q2 2078/79. Moreover, the P/E ratio according to the report is 38.64 times.
Click here for the Q1 report
Major financial highlights:
Particulars
Summit Laghubitta Bittiya Sanstha Limited
Q2, 2078/2079
Q2, 2077/2078
Difference
Paid-Up Capital
494,000.00
394,300.00
25.29%
Reserve & Surplus
193,025.69
144,765.16
33.34%
Borrowings
3,422,462.09
1,850,175.91
84.98%
Deposits
1,246,205.76
1,055,052.61
18.12%
Loans & Advances
5,470,140.67
3,403,463.00
60.72%
Net Interest Income
179,502.73
98,850.08
81.59%
Provision for losses
19,933.28
67,548.84
-
Net Profit
85,081.68
42,481.32
100.28%
Capital Adequacy (%)
11.76%
14.64%
-
NPL (%)
2.35%
3.94%
-
Cost of fund (%)
11.45%
7.07%
-
EPS (Rs.)
34.45
21.55
-
Net worth per share (Rs.)
139.07
136.71
-
Qtr end PE ratio (Times)
38.64
-
-
Qtr End Market Price
1331
-
-",-0.06288793683052063
2021-12-29,Last Day to Grab Dividend Proposed By These 5 Companies,https://www.sharesansar.com/newsdetail/last-day-to-grab-dividend-proposed-by-these-5-companies-2021-12-28,"Summit Laghubitta Bittiya Sanstha Limited (SMFDB)
has called its 13th AGM on 24th Poush, 2078. The meeting will be held in Anbukhaireni Restaurant and Party Palace, Tanahun, starting at 10 am that day.
Among other agendas, the AGM will endorse a 25.285316% dividend for the fiscal year 2077/78. The 17th meeting of the board of directors held on Mangsir 13 decided to distribute the dividend on the paid-up capital of Rs. 39.43 crores. The entirety of the dividend has been proposed in bonus shares. Thus, the bonus shares are worth a little over Rs. 9.97 crores. Since the company started joint operation after the merger with Sajilo Laghubitta on 6th Ashoj last year, it has received tax exemption on dividends. Thus, no cash dividend has been proposed.
For the dividend and the AGM, Poush 15 is the book closure date. Thus, shareholders maintained till today are entitled to the dividend payout and can also attend the AGM.
Manjushree Finance Limited (MFIL)
has called its 14th AGM on 29th Poush, 2078. The meeting will be held in the company's office in New Baneshwor, Kathmandu, starting at 11 am that day.
Among other agendas, the AGM will endorse a 40% dividend for the fiscal year 2077/78. The 213th meeting of the board of directors held on Mangsir 24 decided to distribute the dividend on the paid-up capital of Rs. 93,53,94,892. From the paid-up capital, 40% bonus shares worth slightly over Rs 38.61 crores and 6% cash dividend (including tax) worth Rs 5.79 crore have been proposed.
There is also an agenda to endorse the decision of raising the company's existing authorized capital from Rs. 1 Arba to Rs. 1.36 Arba and issued capital from Rs. 96,53,94,892 to Rs. 1,35,15,52,849. The new paid-up capital of the company is Rs. 1,35,15,52,849.
For the dividend and the AGM, Poush 15 is the book closure date. Thus, shareholders maintained till today are entitled to the dividend payout and can also attend the AGM.
Chilime Hydropower Company Limited (CHCL)
has also declared its 25th AGM on Poush 23, i.e. January 7.
The 392nd meeting of the board of directors held on Mangsir 24 has also proposed a 15% dividend for the fiscal year 2077/78. 7.5% will be distributed as bonus shares and 7.5% in cash dividends. The company's existing paid-up capital is Rs. 6.28 arba. For the fiscal year before this (i.e. 2076/77), the company distributed 10% bonus shares and 10% cash dividends.
For the dividend and the AGM, Poush 15 is the book closure date. Thus, shareholders maintained till today are entitled to the dividend payout and can also attend the AGM.
NRN Infrastructure and Development Limited (NRN)
has called its 9th AGM on Poush 29.
The company has proposed a 5.26% dividend for the fiscal year 2077/78. The meeting of the board of directors held on Poush 02 decided to distribute the dividend on the paid-up capital. 5% bonus shares worth slightly over Rs 5.82 crores and 0.26% cash dividend (including tax) worth Rs 30.65 lakhs have been proposed.
The dividend will be distributed only after approval by the central bank and endorsement by the company's upcoming AGM. Poush 15 is the book closure date. Thus, shareholders maintained till today are entitled to the dividend payout and can also attend the AGM.
Infinity Laghubitta Bittiya Sanstha Limited (ILBS)
has called its 5th AGM on 27th Poush, 2078. The meeting will be held in Hotel The Narayani, Nawalparasi, starting at 10 am that day.
Among other agendas, the AGM will endorse a 29.16% dividend for FY 2077/78. The company has proposed 27.7% bonus shares and a 1.46% cash dividend. The bonus shares are worth slightly over Rs. 8.99 crores and the cash dividend is worth Rs. 47.32 lakhs.
Furthermore, the AGM will also elect 4 board members from the promoters. There is also an agenda to endorse the decision of raising the company's existing authorized capital from Rs. 50 crores to Rs. 1 Arba.
Poush 15 is the book closure date. Thus, shareholders maintained till today are entitled to the dividend payout and can also attend this AGM.",0.9157188534736633
2021-12-17,"Summit Laghubitta (SMFDB) Calls AGM on Poush 24, When's the Book Closure?",https://www.sharesansar.com/newsdetail/summit-laghubitta-smfdb-calls-agm-on-poush-24-whens-the-book-closure-2021-12-17,"Summit Laghubitta Bittiya Sanstha Limited (SMFDB)
has called its 13th AGM on 24th Poush, 2078. The meeting will be held in Anbukhaireni Restaurant and Party Palace, Tanahun, starting at 10 am that day.
Among other agendas, the AGM will endorse a 25.285316% dividend for the fiscal year 2077/78. The 17th meeting of the board of directors held on Mangsir 13 decided to distribute the dividend on the paid-up capital of Rs. 39.43 crores. The entirety of the dividend has been proposed in bonus shares. Thus, the bonus shares are worth a little over Rs. 9.97 crores. Since the company started joint operation after the merger with Sajilo Laghubitta on 6th Ashoj last year, it has received tax exemption on dividends. Thus, no cash dividend has been proposed.
For the dividend and the AGM, Poush 15 is the book closure date. Thus, shareholders maintained before that day are entitled to the dividend payout and can also attend the AGM.
As of writing, SMFDB has an LTP of Rs 1,370.
AGM notice",0.9194939136505127
2021-11-30,Summit Laghubitta (SMFDB) Proposes 25.28% Dividend for FY 2077/78,https://www.sharesansar.com/newsdetail/summit-laghubitta-smfdb-proposes-2528-dividend-for-fy-207778-2021-11-30,"Summit Laghubitta Bittiya Sanstha Limited (SMFDB)
has proposed a 25.285316% dividend for the fiscal year 2077/78.
The 17th meeting of the board of directors held on Mangsir 13 decided to distribute the dividend on the paid-up capital of Rs. 39.43 crores. The entirety of the dividend has been proposed in bonus shares. Thus, the bonus shares are worth a little over Rs. 9.97 crores.
Since the company started joint operation after the merger with Sajilo Laghubitta on 6th Ashoj last year, it has received tax exemption on dividends. Thus, no cash dividend has been proposed.
The dividend will be distributed only after approval by the central bank and endorsement by the company's upcoming AGM. As of writing, SMFDB has an LTP of Rs. 1,345.
Dividend History",0.9049285650253296
2021-11-30,How Have Microfinance Companies Performed in the First Quarter? A Comprehensive Study of Major Financial Indicators,https://www.sharesansar.com/newsdetail/how-have-microfinance-companies-performed-in-the-first-quarter-a-comprehensive-study-of-major-financial-indicators-2021-11-30,"Microfinance companies are 'D' class financial institutions issued by NRB. There are altogether 50 listed microfinance companies to date. Among them, 4 companies are segregated into wholesale companies, 36 companies in National Level, 1 in 19 district level, 1 in 10 district level, 6 in 4-10 district level, 1 in Province-1, and 1 in Province-3.
Since all the companies have reported their quarterly reports, investors might be eager as to which companies they should invest in. However, investors have to go through different listed companies and access each report which might be time-consuming. So, ShareSansar, picked some of the most important metrics to help investors analyze the companies and compare each company with their peers. So, in this article, we will be focusing on the comparison of the most important metrics which will give you as an investor an overview as to which companies are investment-worthy. So, let's take a deep look into it.
Net Profit:
In terms of Net Profit,
RMDC Laghubitta Bittiya Sanstha Limited (RMDC)
reported the highest net profit of Rs. 26.24 crores. RMDC is followed by
Chhimek Laghubitta Bittiya Sanstha Limited (CBBL)
with a net profit of Rs. 21.41 crores.
On the flip side, only 1 company;
Nepal Seva Laghubitta Bittiya Sanstha (NSEWA)
Limited reported negative net profit in this quarter.
The average Net profit stood at Rs. 5.51 crores.
Net Interest Income:
In the first quarter of the fiscal year 2078-2079,
Chhimek Laghubitta Bittiya Sanstha Limited (CBBL)
reported a net interest income of 53.38 crores making it the highest in the industry. CBBL is followed by
Nirdhan Utthan Laghubitta Bittiya Sanstha Limited (NUBL)
with a net interest income of Rs. 51.44 crores.
In terms of Net Interest Income, 16 companies reported an above-average figure.
Capital:
The minimum required capital for wholesale level, national, regional, and district-level microfinance are Rs 600 million, Rs 100 million, Rs 60 million, and Rs 10 million respectively.
Chhimek Laghubitta Bittiya Sanstha Limited (CBBL)
has the highest capital of Rs. 1.83 Arba.
Reserve:
The microfinance company with the highest reserve is
Nirdhan Utthan Laghubitta Bittiya Sanstha Limited (NUBL)
with a total of Rs. 3.61 Arba. NUBL is followed by
Chhimek Laghubitta Bittiya Sanstha Limited (CBBL)
with a total reserve of Rs. 3.28 Arba.
Borrowings:
Borrowings is one of the major sources of fund for microfinance companies. Some of the companies rely highly on borrowings themselves.
Sana Kisan Laghubitta Bittiya Sanstha Limited (SKBBL)
reported the highest borrowings in its book amounting to Rs. 21.40 Arba. SKBBL is followed by
NIC Asia Laghubitta Bittiya Sanstha Limited (NICLBSL)
with a total borrowing of Rs. 20.61 Arba.
Deposit:
In terms of deposit,
Chhimek Laghubitta Bittiya Sanstha Limited (CBBL)
has the highest deposit amount in its book with a total of Rs. 23.57 Arba.
Loans:
In the first quarter of the fiscal year 2077-2078,
Chhimek Laghubitta Bittiya Sanstha Limited (CBBL)
tops the list with a total of Rs. 26.16 Arba worth of Loans.
The industry average stood at Rs. 7.41 Arba.
Financial Ratios:
Annualized Earnings per share:
Earnings per Share is one of the key indicators investors need to be updated about as it gives an idea about what the investor might get in return as a dividend. In terms of this ratio,
Jeevan Bikas Laghubitta Bittiya Sanstha Limited (JBLB)
has the highest annualized EPS of Rs. 116.11.
On the other hand,
Nepal Seva Laghubitta Bittiya Sanstha Limited (NSEWA)
reported negative EPS.
Net Worth per share:
Jeevan Bikas Laghubitta Bittiya Sanstha Limited (JBLB)
reported the highest net worth per share of Rs. 346.08.
Non-Performing Loan:
The non-Performing loan gives investors a picture of the quality of disbursement of loans from the management. the higher the ratio the lower the loan quality.
So, in this quarter,
First Microfinance Laghubitta Bittiya Sanstha Limited (FMDBL)
reported 0.00% NPL.
Price to Earnings Ratio:
Price to earnings ratio is one of the important indicators used by value investors to find out possible investment opportunities. The benchmark for PE ratio varies across sectors.
(NOTE: Since the figure calculated below has factored in the market price of quarter-end, Investors are requested to factor in the current market price while calculating the P/E ratio to get the latest figure)
Capital Adequacy Ratio:
In a nutshell:
Conclusion:
Observing the profitability figures of microfinance companies, the sector has seen massive growth in the bottom line. It is clear that the lower interest environment has affected the top line but the companies have been able to maintain their bottom line which is reflected by the growth compared to the corresponding quarter of the previous year.",0.856306791305542
2021-09-01,Microfinance Companies Performed Well Despite The Second Wave Of Pandemic; A Detail Look Into the Major Fundamentals As Per Q4 Report,https://www.sharesansar.com/newsdetail/microfinance-companies-performed-well-despite-the-second-wave-of-pandemic-a-detail-look-into-the-major-fundamentals-as-per-q4-report-2021-09-01,"Microfinance companies are 'D' class financial institutions issued by NRB. There are altogether 50 listed microfinance companies to date. Among them, 4 companies are segregated into wholesale companies, 47 companies in National Level, 1 in 19 district level, 1 in 10 district level, 5 in 4-10 district level, 1 in Province-1, and 1 in Province-3.
Since all the companies have reported their quarterly reports, investors might be eager as to which companies they should invest in. However, investors have to go through different listed companies and access each report which might be time-consuming. So, ShareSansar, picked some of the most important metrics to help investors analyse the companies and compare each company with their peers. So, in this article, we will be focusing on the comparison of the most important metrics which will give you as an investor an overview as to which companies are investment-worthy. So, let's take a deep look into it.
Net Profit:
In terms of Net Profit,
Chhimek Laghubitta Bittiya Sanstha Limited (CBBL)
reported the highest net profit of Rs. 1.21 arba. CBBL is followed by
Nirdhan Utthan Laghubitta Bittiya Sanstha Limited (NUBL)
with a net profit of Rs. 91.91 crores.
On the flip side, only 1 company;
Ghodaghodi Laghubitta Bittiya Sanstha (GGBSL)
Limited reported negative net profit in this quarter.
The average Net profit stood at Rs. 22.17 crores.
Net Interest Income:
In the fourth quarter of the fiscal year 2077-2078,
Nirdhan Utthan Laghubitta Bittiya Sanstha Limited (NUBL)
reported a net interest income of 2.14 Arba making it the highest in the industry. NUBL is followed by
Chhimek Laghubitta Bittiya Sanstha Limited (CBBL)
with a net interest income of Rs. 2.06 Arba.
In terms of Net Interest Income, 13 companies reported an above-average figure.
Capital:
The minimum required capital for wholesale level, national, regional, and district-level microfinance are Rs 600 million, Rs 100 million, Rs 60 million, and Rs 10 million respectively.
Chhimek Laghubitta Bittiya Sanstha Limited (CBBL)
has the highest capital of Rs. 1.83 Arba.
Reserve:
The microfinance company with the highest reserve is
Chhimek Laghubitta Bittiya Sanstha Limited (CBBL)
with a total of Rs. 3.12 Arba. CBBL is followed by
Nirdhan Utthan Laghubitta Bittiya Sanstha Limited (NUBL)
with a total reserve of Rs. 2.80 Arba.
Borrowings:
Borrowings is one of the major sources of fund for microfinance companies. Some of the companies rely highly on borrowings themselves.
Sana Kisan Laghubitta Bittiya Sanstha Limited (SKBBL)
reported the highest borrowings in its book amounting to Rs. 20.31 Arba. SKBBL is followed by
NIC Asia Laghubitta Bittiya Sanstha Limited (NICLBSL)
with a total borrowing of Rs. 15.59 Arba.
Deposit:
In terms of deposit,
Chhimek Laghubitta Bittiya Sanstha Limited (CBBL)
has the highest deposit amount in its book with a total of Rs. 22.43 Arba.
Loans:
In the fourth quarter of the fiscal year 2077-2078,
Chhimek Laghubitta Bittiya Sanstha Limited (CBBL)
tops the list with a total of Rs. 25.10 Arba worth of Loans.
The industry average stood at Rs. 6.72 Arba.
Financial Ratios:
Earnings per share:
Earnings per Share is one of the key indicators investors need to be updated about as it gives an idea about what the investor might get in return as a dividend. In terms of this ratio,
Jeevan Bikas Laghubitta Bittiya Sanstha Limited (JBLB)
has the highest EPS of Rs. 113.34.
On the other hand,
Ghodaghodi Laghubitta Bittiya Sanstha Limited (GGBSL)
reported negative EPS.
Net Worth per share:
Mahila Laghubitta Bittiya Sanstha Limited (MLBSL)
reported the highest net worth per share of Rs. 320.9.
Non-Performing Loan:
The non-Performing loan gives investors a picture of the quality of disbursement of loans from the management. the higher the ratio the lower the loan quality.
So, in this quarter,
First Microfinance Laghubitta Bittiya Sanstha Limited (FMDBL)
reported 0.00% NPL.
Price to Earnings Ratio:
Price to earnings ratio is one of the important indicators used by value investors to find out possible investment opportunities. The benchmark for PE ratio varies across sectors.
(NOTE: Since the figure calculated below has factored in the market price of quarter-end, Investors are requested to factor in the current market price while calculating the P/E ratio to get the latest figure)
Capital Adequacy Ratio:
In a nutshell:
Conclusion:
Observing the profitability figures of microfinance companies, the sector has seen massive growth in the bottom line. It is clear that the lower interest environment has affected the top line, but what pushed the operating profit higher? When we observe the reports, we find that the companies have reported higher ""other operating profits"". This has shown that the financial institutions have been able to maintain their position in the market despite the external factors affecting them.",0.8887598514556885
2021-05-16,Too much companies to choose from microfinance sector for investment? Take a deep dive into the comparative analysis of the sector,https://www.sharesansar.com/newsdetail/too-much-companies-to-choose-from-microfinance-sector-for-investment-take-a-deep-dive-into-the-comparative-analysis-of-the-sector-2021-05-16,"Microfinance companies are 'D' class financial institutions issued by NRB. There are altogether 49 listed microfinance companies to date. Among them, 4 companies are segregated into wholesale companies, 35 companies in National Level, 1 in 19 district level, 1 in 10 district level, 6 in 4-10 district level, 1 in Province-1 and 1 in Province-3.
Among the listed companies,
Nadep Laghubitta Bittiya Sanstha Limited (NADEP)
recently signed an acquisition agreement with
Deprosc Laghubitta Bittiya Sanstha Limited (DDBL), Mahila Sahayatra Laghubitta Bittiya Sanstha Limited is acquisition process with National Microfinance Laghubitta Bittiya Sanstha Limited; similarly, Infinity Laghubitta Bittiya Sanstha Limited is acquiring Nepal Agro Laghubitta Bittiya Sanstha Limited. Adhikhola Laghubitta Bittiya Sanstha Limited signed merger MoU with Dhaulagiri Laghubitta Bittiya Sanstha Limited, Ghodighoda Laghubitta Bittiya Sanstha Limited with Unique Nepal Laghubitta Bittiya Sanstha Limited,
that is why there trading has been halted.
Since all the companies have reported their quarterly reports, investors might be eager as to which companies they should invest in. However, investors have to go through different listed companies and access each report which might be time-consuming. So, Sharesansar, picked some of the most important metrics to help investors analyze the companies and compare each company with their peers. So, in this article, we will be focusing on the comparison of the most important metrics which will give you as an investor an overview as to which companies are investment-worthy. So, let's take a deep look into it.
Net Profit:
In terms of Net Profit,
Chhimek Laghubitta Bittiya Sanstha Limited (CBBL)
reported the highest net profit of Rs. 95.59 crore. CBBL is followed by
Nirdhan Utthan Laghubitta Bittiya Sanstha Limited (NUBL)
with a net profit of Rs. 71.48 crores.
On the flip side, only 1 company;
Ghodaghodi Laghubitta Bittiya Sanstha (GGBSL)
Limited reported negative net profit in this quarter.
The average Net profit stood at Rs. 15.26 crores where 13 companies reported more than average net profit.
Net Interest Income:
In the third quarter of the fiscal year 2077-2078,
Nirdhan Utthan Laghubitta Bittiya Sanstha Limited (NUBL)
reported a net interest income of 1.59 Arba making it the highest in the industry. NUBL is followed by
Chhimek Laghubitta Bittiya Sanstha Limited (CBBL)
with a net interest income of Rs. 1.52 Arba.
In terms of Net Interest Income, 14 companies reported an above-average figure.
Provision:
Capital:
The minimum required capital for wholesale level, national, regional, and district-level microfinance are Rs 600 million, Rs 100 million, Rs 60 million, and Rs 10 million respectively.
Chhimek Laghubitta Bittiya Sanstha Limited (CBBL)
has the highest capital of Rs. 1.83 Arba.
Reserve:
The microfinance company with the highest reserve is
Chhimek Laghubitta Bittiya Sanstha Limited (CBBL)
with a total of Rs. 2.90 Arba. CBBL is followed by
Nirdhan Utthan Laghubitta Bittiya Sanstha Limited (NUBL)
with a total reserve of Rs. 2.62 Arba.
Borrowings:
Borrowings is one of the major sources of fund for microfinance companies. Some of the companies rely highly on borrowings themselves.
Sana Kisan Laghubitta Bittiya Sanstha Limited (SKBBL)
reported the highest borrowings in its book amounting to Rs. 20.09 Arba. SKBBL is followed by
NIC Asia Laghubitta Bittiya Sanstha Limited (NICLBSL)
with a total borrowing of Rs. 13.69 Arba.
Deposit:
In terms of deposit,
Chhimek Laghubitta Bittiya Sanstha Limited (CBBL)
has the highest deposit amount in its book with a total of Rs. 21.82 Arba.
From the wholesale Microfinance Companies, 3 companies have no deposit in their book.
Loans:
In the third quarter of the fiscal year 2077-2078,
Chhimek Laghubitta Bittiya Sanstha Limited (CBBL)
tops the list with a total of Rs. 26.42 Arba worth of Loans.
The industry average stood at Rs. 6.27 Arba.
Financial Ratios:
Earnings per share:
Earnings per Share is one of the key indicators investors need to be updated about as it gives an idea about what the investor might get in return as a dividend. In terms of this ratio,
National Microfinance Laghubitta Bittiya Sanstha Limited (NMFBS)
has the highest EPS of Rs. 103.98.
On the other hand,
Ghodaghodi Laghubitta Bittiya Sanstha Limited (GGBSL)
reported negative EPS.
Net Worth per share:
Mahila Laghubitta Bittiya Sanstha Limited (MLBSL)
reported the highest net worth per share of Rs. 291.84.
Non-Performing Loan:
The non-Performing loan gives investors a picture of the quality of disbursement of loans from the management. the higher the ratio the lower the loan quality.
So, in this quarter,
First Microfinance Laghubitta Bittiya Sanstha Limited (FMDBL)
reported 0.00% NPL.
(NOTE: this is the figure reported in the quarterly, however, if investors take a deep dive into the company's annual report, the figure is 0.00%).
Price to Earnings Ratio:
Price to earnings ratio is one of the important indicators used by value investors to find out possible investment opportunities. The benchmark for PE ratio varies across sectors.
(NOTE: Since the figure calculated below has factored in the market price of quarter-end, Investors are requested to factor in the current market price while calculating the P/E ratio to get the latest figure)
Capital Adequacy Ratio:
In a nutshell:",0.8939490914344788
2021-03-21,Summit Laghubitta (SMFDB) Calls AGM; Agenda to Discuss FPO Issuance,https://www.sharesansar.com/newsdetail/summit-laghubitta-smfdb-calls-agm-agenda-to-discuss-fpo-issuance-2021-03-21,"Summit Laghubitta Bittiya Sanstha Limited (SMFDB)
has called its 12th AGM on 29th Chaitra, 2077. The AGM will be held in Aanbukhaireni Restaurant and Party Palace, Tanahun, starting at 10 am that day.
The 198th meeting of the board members has decided to not distribute any dividend for the fiscal year 2076/77.
Also, the merger process with Sajilo Laghubitta Bittiya Sanstha Limited (SLBBSL) has been completed and they have commenced their joint operation from Ashwin 06. Thus, in order to adjust the promoter and public shareholding ratio after the merger, the company has decided to issue 6 lakh ordinary shares via a Further Public Offering (FPO). This agenda will discuss the matter.
Furthermore, the AGM will also elect 2 board members representing the general investors and four board members representing the promoters.
The book closure date is declared on Chaitra 17. Thus, investors maintained before that day can also attend the AGM. As of writing, SMFDB has the last trading day's closing at Rs. 1,213.
AGM notice",0.9319929480552673
2021-02-15,Higher Provisioning of Microfinance Companies Might Signal Bad Loans and Defaults but the Rise in Profitability Says Something Else,https://www.sharesansar.com/newsdetail/higher-provisioning-of-microfinance-companies-might-signal-bad-loans-and-defaults-but-the-rise-in-profitability-says-something-else-2021-02-15,"Every economic downturn has a negative impact on financial institutions. During the Covid crisis, challenges arose for microfinance companies because of the nature of the business. They provide uncollateralized loans to their customers which could lead to huge losses for the industry if the loans default. During the second quarter of FY 2077/2078, microfinance companies had enough provision in their books to affect the bottom line.
Talking about the second quarter, a lot of companies have created a huge provision but also written back a fair amount of provisions which has somewhat positively impacted their profitability.
So, let’s dissect the major indicators of the second quarter of all the microfinance companies.
Net Profit:
Chhimek Laghubitta Bittiya Sanstha Limited (CBBL)
has reported the highest net profit in this quarter with a total of Rs. 61.54 crores. CBBL is followed by
Deprosc Laghubitta Bittiya Sanstha Limited
(DDBL)
which has reported a total of Rs. 32.40 crores.
Sana Kisan
Laghubitta Bittiya Sanstha Limited (SKBBL)
has secured the third position with a net profit of Rs. 31.73 crores.
In this quarter 7 companies have reported a decline in their net profit as compared to the corresponding quarter of the previous year.
Provision:
As per Q2 of FY 2077/2078,
Aarambha Chautari Laghubitta Bittiya Sanstha Limited (ACLBSL
) seems to have not created a provision account. When we observe the loans of the company, it doesn’t have disbursed many loans which might be a reason for lower/no provision.
The highest provision is created by
Deprosc Laghubitta Bittiya Sanstha Limited (DDBL)
amounting to Rs. 1.40 Arba.
Paid-Up Capital:
In terms of paid-up capital,
Chhimek Laghubitta Bittiya Sanstha Limited (CBBL)
and
Nirdhan Utthan Laghubitta Bittiya Sanstha Limited (NUBL)
has reported the highest paid-up capital amounting to Rs. 1.83 Arba and 1.50 Arba respectively. This is followed by
NIC Asia Laghubitta Bittiya Sanstha Limited (NICLBSL)
with a paid-up capital of Rs. 1.48 Arba.
The lowest paid-up capital is reported by
Ghodadhodi Laghubitta Bittiya Sanstha Limited (GGBSL)
amounting to Rs. 2.76 crores.
Reserve & Surplus:
Nirdhan Utthan Laghubitta Bittiya Sanstha Limited (NUBL)
has reported the highest amount of reserve amounting to Rs. 2.88 Arba. This is followed by
Chhimek Laghubitta Bittiya Sanstha Limited (CBBL)
which has reported a reserve of Rs. 2.61 Arba.
Sana Kisan
Laghubitta Bittiya Sanstha Limited (SKBBL)
has reported a reserve of Rs. 2.00 Arba securing the third position.
Ghodaghodi Laghubitta Bittiya Sanstha Limited (GGBSL)
has reported
negative
reserve.
Borrowings:
Other than equity source and deposit, borrowing is also one of the major sources of funds for microfinance.
Sana Kisan Laghubitta Bittiya Sanstha Limited (SKBBL)
has the highest amount of borrowings which amounts to Rs. 18.46 Arba.
Forward Microfinance Laghubitta Bittiya Sanstha Limited (FOWAD)
has the second-highest borrowings amounting to Rs. 8.77 Arba. Similarly,
NIC Asia Laghubitta Bittiya Sanstha Limited (NICLBSL)
has the third-highest borrowings with a total of Rs. 8.51 Arba.
Deposit:
In terms of Deposit,
Chhimek Laghubitta Bittiya Sanstha Limited (CBBL)
has collected the highest amount of deposit from its customers which amount to Rs. 20.86 Arba. CBBL is followed by
Nirdhan Utthan Laghubitta Bittiya Sanstha Limited (NUBL)
with a total deposit of Rs. 14.70 Arba. Similarly,
Swabalamban Laghubitta Bittiya Sanstha Limited (SWBBL)
has the third-highest deposit which amounts to Rs. 10.10 Arba.
Among all microfinance, 4 companies has no deposit in its books. The company has been disbursing loans from borrowings and equity financing.
Loans and Advances:
As of the second quarter of the fiscal year 2077/2078,
Chhimek Laghubitta Bittiya Sanstha Limited (CBBL)
has disbursed the highest amount of loans to its customers which amounts to Rs. 25.29 Arba. Similarly,
Nirdhan Utthan Laghubitta Bittiya Sanstha Limited (NUBL)
has reported the 2
nd
highest amount of loan amounting to Rs. 22.94 Arba.
Till this quarter of Fiscal year, a total of
Rs. 2.73 Kharba
of loan has been disbursed by all the microfinance combined.
Net Interest Income:
In terms, of Net interest income,
Nirdhan Utthan Laghubitta Bittiya Sanstha Limited (NUBL)
has earned the highest net interest income with a total of Rs. 1.03 Arba in this quarter. NUBL is followed by
Chhimek Laghubitta Bittiya Sanstha Limited (CBBL)
which has earned a total of Rs. 98.41 crores. Similarly,
Deprosc Laghubitta Bittiya Sanstha Limited (DDBL)
has earned a net interest income of Rs. 66.14 crores.
The industry average net interest income stood at Rs. 20.84 crores.
Earnings per share (Annualized):
As of the second quarter,
National Microfinance
Laghubitta Bittiya Sanstha Limited (NMFBS)
has reported the highest number of earnings per share of Rs. 101.62 per share.
Forward Microfinance
Laghubitta Bittiya Sanstha Limited (FOWAD)
has reported the second-highest eps of Rs. 89.93 per share. Similarly,
Swadeshi Laghubitta Bittiya Sanstha Limited (SDESI)
has reported an EPS of Rs. 87.13 per share.
The average EPS of the industry stood at Rs. 41.78 per share.
Net worth per share:
In terms of Net worth per share,
Forward Microfinance
Laghubitta Bittiya Sanstha Limited (FOWAD)
has reported the highest number with Rs. 320.39 per share. This is followed by
Swabalamban Laghubitta Bittiya Sanstha Limited (SWBBL)
with a net worth per share of Rs. 293.32 per share. Similarly,
Nirdhan Utthan Laghubitta Bittiya Sanstha Limited (NUBL)
has reported a net worth per share of Rs. 292.62 per share.
Out of 50 microfinance, 31 companies have reported below industry average net worth per share of Rs. 174.03 per share.
Non-performing loan:
In terms of the non-performing loans, F
irst Microfinance Laghubitta Bittiya Sanstha Limited (FMDBL)
has reported NPL of 0.00%.
RMDC Laghubitta Bittiya Sanstha Limited (RMDC)
has reported an NPL of 0.06%. This is followed by
Deprosc Laghubitta Bittiya Sanstha Limited (DDBL)
with an NPL of 0.62%.
The highest NPL is reported by
Nirdhan Utthan Laghubitta Bittiya Sanstha Limited (NUBL)
with an NPL of 15.15%.
Capital Adequacy Ratio:
RMDC Laghubitta Bittiya Sanstha Limited (RMDC)
has the highest CAR of 23.63%. This is followed by
NIC Asia
Laghubitta Bittiya Sanstha Limited (NICLBSL)
with a CAR of 21.17%. RSDC
Laghubitta Bittiya Sanstha Limited (RSDC)
has reported a CAR of 20.26%.
Price to Earnings Ratio:
In terms of price to earnings,
Swadeshi Laghubitta Bittiya Sanstha Limited (
SDESI)
has the lowest P/E of 9.18 times followed by
Adhikhola Laghubitta Bittiya Sanstha Limited (AKBSL)
with a P/E ratio of 12.90 times.
Nepal Agro Laghubitta Bittiya Sanstha Limited (NAGRO)
has a P/E of 14.38 times.
The average P/E for the industry stood at 36.25 times. Out of all companies, 34 companies have reported a P/E below industry average in this quarter.
NOTE: Investors are requested to consider the current market price to calculate the latest P/E rather than using the P/E mentioned in the above chart for an investment decision.
In a Nutshell:
Wrapping Up
Every sector was affected by the pandemic and the months-long lockdown that followed. It seems that microfinance companies weren't spared either, obviously. The reports indicate a surge in the Provisions of microfinance companies. The instruction of
Nepal Rastra Bank requires microfinance companies to allocate more in Provisions if the probable instances of bad loans and defaults are high.
Nonetheless, microfinance companies are known to have a higher risk: higher reward distribution of investment. Since that is the case, one can hope that the microfinance companies will at least try to save the bad loan and defaults, fingers crossed.
On the other hand, the microfinance companies have reported a rise in profitability during such an uncertain time. While one might expect that companies would barely manage their losses when a virus that shook the world affected business, the promising rise in profitability is arguably the light in the tunnel that investors had hoped for.",0.048010263592004776
2020-11-30,Has NRB's regulations hurt Business for Microfinance Companies in First Quarter? How have they played out?,https://www.sharesansar.com/newsdetail/has-nrbs-regulations-hurt-business-for-microfinance-companies-in-first-quarter-how-have-they-played-out-2020-11-30,"Every economic downturn has a negative impact on financial institutions. During the Covid crisis, challenges arose for microfinance companies because of the nature of the business. They provide uncollateralized loans to their customers which could lead to huge losses for the industry if the loans default. During the fourth quarter of FY 2076/2077, microfinance companies had a huge provision in their books which they had to create because of the risk of default from their customers. This led to pressure on its profitability in the fourth quarter.
Talking about the first quarter, a lot of companies have created a huge provision but also written back a fair amount of provisions which has somewhat positively impacted their profitability.
So, let’s dissect the major indicators of the first quarter of all the microfinance companies.
Net Profit:
Deprosc Laghubitta Bittiya Sanstha Limited (DDBL)
has reported the highest net profit in this quarter with a total of Rs. 19.80 crores. DDBL is followed by
Sana Kisan Laghubitta Bittiya Sanstha Limited (SKBBL)
which has reported a total of Rs. 14 crores.
Swabhimaan Laghubitta Bittiya Sanstha Limited (SWBBL)
has secured the third position with a net profit of Rs. 12.77 crores.
In this quarter 3 companies have reported a negative net profit and 17 companies have reported a decline in their net profit as compared to the corresponding quarter of the previous year.
Provision:
After the pandemic hit the nation, there was speculation as to how the bank would recover their loans since the country was in a lockdown. In the report published by the companies, all the companies have created a provision for the possible loan losses.
As per Q1 of FY 2077/2078,
Adhikhola Laghubitta Bittiya Sanstha Limited (AKBSL
) seems to have not created a provision account. When we observe the loans of the company, it doesn’t have disbursed many loans which might be a reason for lower/no provision.
Mithila Laghubitta Bittiya Sanstha Limited (MLBBL)
has created a provision of Rs. 1 Lakhs in this quarter.
The highest provision is created by
Deprosc Laghubitta Bittiya Sanstha Limited (DDBL)
amounting to Rs. 1.37 Arba.
Paid-Up Capital:
In terms of paid-up capital,
Chhimek Laghubitta Bittiya Sanstha Limited (CBBL)
and
Nirdhan Utthan Laghubitta Bittiya Sanstha Limited (NUBL)
has reported the highest paid-up capital amounting to Rs. 1.50 Arba. This is followed by
NIC Asia Laghubitta Bittiya Sanstha Limited (NICLBSL)
with a paid-up capital of Rs. 1.48 Arba.
The lowest paid-up capital is reported by
Samaj Laghubitta Bittiya Sanstha Limited (SAMAJ)
amounting to Rs. 2 crores.
Reserve & Surplus:
Nirdhan Utthan Laghubitta Bittiya Sanstha Limited (NUBL)
has reported the highest amount of reserve amounting to Rs. 2.27 Arba. This is followed by
Sana Kisan Laghubitta Bittiya Sanstha Limited (SKBBL)
which has reported a reserve of Rs. 2.10 Arba.
Chhimek Laghubitta Bittiya Sanstha Limited (CBBL)
has reported a reserve of Rs. 1.77 Arba securing the third position.
Ghodaghodi Laghubitta Bittiya Sanstha Limited (GGBSL)
has reported the
lowest reserve
of Rs. 15.63 thousand.
Borrowings:
Other than equity source and deposit, borrowings are also one of the major sources of funds for microfinance.
Sana Kisan Laghubitta Bittiya Sanstha Limited (SKBBL)
has the highest amount of borrowings which amounts to Rs. 18.46 Arba.
NIC Asia Laghubitta Bittiya Sanstha Limited (NICLBSL)
has the second-highest borrowings amounting to Rs. 10.22 Arba. Similarly,
Forward Microfinance Laghubitta Bittiya Sanstha Limited (FOWAD)
has the third-highest borrowings with a total of Rs. 6.98 Arba.
Deposit:
In terms of Deposit,
Chhimek Laghubitta Bittiya Sanstha Limited (CBBL)
has collected the highest amount of deposit from its customers which amount to Rs. 19.89 Arba. CBBL is followed by
Nirdhan Utthan Laghubitta Bittiya Sanstha Limited (NUBL)
with a total deposit of Rs. 14 Arba. Similarly,
Swabalamban Laghubitta Bittiya Sanstha Limited (SWBBL)
has the third-highest deposit which amounts to Rs. 9.68 Arba.
RSDC Laghubitta Bittiya Sanstha Limited (RSDC)
has no deposit in its books. The company has been disbursing loans from borrowings and equity financing.
Loans and Advances:
As of the first quarter of the fiscal year 2077/2078,
Chhimek Laghubitta Bittiya Sanstha Limited (CBBL)
has disbursed the highest amount of loans to its customers which amounts to Rs. 22.03 Arba. Similarly,
Nirdhan Utthan Laghubitta Bittiya Sanstha Limited (NUBL)
has reported the 2
nd
highest amount of loan amounting to Rs. 20.43 Arba.
Till this quarter of Fiscal year, a total of
Rs. 2.40 Kharba
of loan has been disbursed by all the microfinance combined.
Net Interest Income:
In terms, of Net interest income, N
irdhan Utthan Laghubitta Bittiya Sanstha Limited (NUBL)
has earned the highest net interest income with a total of Rs. 43.82 crores in this quarter. NUBL is followed by
Chhimek Laghubitta Bittiya Sanstha Limited (CBBL)
which has earned a total of Rs. 43.22 crores. Similarly,
Deprosc Laghubitta Bittiya Sanstha Limited (DDBL)
has earned a net interest income of Rs. 36.35 crores.
The industry average net interest income stood at Rs. 8.89 crores.
Earnings per share (Annualized):
As of the first quarter,
Deprosc Laghubitta Bittiya Sanstha Limited (DDBL)
has reported the highest number of earnings per share of Rs. 78.81 per share.
Samaj Laghubitta Bittiya Sanstha Limited (SAMAJ)
has reported the second-highest eps of Rs. 78.18 per share. Similarly,
Forward Microfinance Laghubitta Bittiya Sanstha Limited (FOWAD)
has reported an EPS of Rs. 71.48 per share.
The average EPS of the industry stood at Rs. 26.87 per share.
Net worth per share:
In terms of Net worth per share,
Swabalamban Laghubitta Bittiya Sanstha Limited (SWBBL)
has reported the highest number with Rs. 312.87 per share. This is followed by
Sana Kisan Laghubitta Bittiya Sanstha Limited (SKBBL)
with a net worth per share of Rs. 310.82 per share. Similarly,
Forward Laghubitta Bittiya Sanstha Limited (FOWAD)
has reported a net worth per share of Rs. 302.57 per share.
Out of 50 microfinance, 33 companies have reported below industry average net worth per share of Res. 166.45 per share.
Non-performing loan:
In terms of the non-performing loans,
first microfinance Laghubitta Bittiya Sanstha Limited (FOWAD)
and
RMDC Laghubitta Bittiya Sanstha Limited (RMDC)
has reported an NPL of 0.00%. This is followed by
Samaj Laghubitta Bittiya Sanstha Limited (SAMAJ)
with an NPL of 0.04%.
The highest NPL is reported by
Samudayik Laghubitta Bittiya Sanstha Limited (SLBSL)
with an NPL of 16.08%.
Capital Adequacy Ratio:
RSDC Laghubitta Bittiya Sanstha Limited (RSDC)
has the highest CAR of 27.22%. This is followed by
RMDC Laghubitta Bittiya Sanstha Limited (RMDC)
with a CAR of 26.24%.
NIC Asia Laghubitta Bittiya Sanstha Limited (NICLBSL)
has reported a CAR of 20.60%.
Price to Earnings Ratio:
In terms of price to earnings,
Deprosc Laghubitta Bittiya Sanstha Limited (
DDBL)
has the lowest P/E of 10.77 times followed by
Mithila Laghubitta Bittiya Sanstha Limited (MLBBL)
with a P/E ratio of 14.33 times.
Nadeep Laghubitta Bittiya Sanstha Limited (NADEP)
has a P/E of 14.50 times.
The average P/E for the industry stood at 49.53 times. Out of all companies, 33 companies have reported a P/E below industry average in this quarter.
NOTE: Investors are requested to consider the current market price to calculate the latest P/E rather than using the P/E mentioned in the above chart for an investment decision.
Wrapping Up:
It is obvious that the financial sectors have been hit quite badly in this pandemic which can be seen from the reports. From interest rate slab 15% for microfinance to high provisioning has really had a major impact on the profitability.
Also, according to NRB's regulations, those with a lower capital base have to depend on mergers with other companies rather than the issuance of bonus shares and right share. However, this will play out better for the industry because the competition will be much lower than before.
Since the microfinance companies have a relatively higher risk of credit than other class of financial institutions, it is key for investors to frequently look at how the management of each company manages their asset quality.
So, considering all the factors how do you think the microfinance industry will play out?",0.021049946546554565
2020-10-20,Summit Laghubitta's trading resumes after 8 months; 8% positive gain already,https://www.sharesansar.com/newsdetail/summit-laghubittas-trading-resumes-after-8-months-8-positive-gain-already-2020-10-20,"The shares of Summit Laghubitta Bittiya Sanstha Limited (SMFDB) have resumed trading from today.
The stock trading of Summit Laghubitta Bittiya Sanstha Limited was halted in NEPSE due to a merger with Sajilo Laghubitta. During this period of no trading, 4,43,000 units of bonus shares of Summit Laghubitta had been listed in NEPSE. The microfinance company had issued a 21.10% bonus shares for the FY 75/76.
It should also be noted that the 198th meeting of the board members had decided to not distribute any dividend for the fiscal year 2076/77.
The merger process with Sajilo Laghubitta Bittiya Sanstha Limited (SLBBSL) is already complete and they have commenced their joint operation from Ashwin 06. The paid-up capital of the company after the merger is Rs. 39.43 crores.
The shares of both the companies, which will trade under the name Summit Laghubitta Bittiya Sanstha Limited and stock ticker SMFDB are open for trading from today. As of writing, the stock has already gained 8%.",0.17652618885040283
2020-09-18,No Dividend for FY 2076/77: Summit Laghubitta; Joint Operation from Ashwin 06 after merger with Sajilo Laghubitta,https://www.sharesansar.com/newsdetail/no-dividend-for-fy-207677-summit-laghubitta-joint-operation-from-ashwin-06-after-merger-with-sajilo-laghubitt-2020-09-18,"The 198th meeting of the board members of Summit Laghubitta Bittiya Sanstha Limited (SMFDB) has decided to not distribute any dividend for the fiscal year 2076/77.
Also, the merger process with Sajilo Laghubitta Bittiya Sanstha Limited (SLBBSL) has been completed and they will commence their joint operation from Ashwin 06.
Summit Laghubitta had posted a net profit of Rs 39.71 million in Q4 of the fiscal year 2076/77.",0.8464049696922302
2020-08-23,Update of micro finance companies' performance in the fourth quarter! Chhimek Laghubitta maintains the lead in terms of net profit,https://www.sharesansar.com/newsdetail/update-of-micro-finance-companies-performance-in-the-fourth-quarter-chhimek-laghubitta-maintains-the-lead-in-terms-of-net-profit-2020-08-23,,-0.6888811588287354
2020-08-02,21.10% Bonus share of Summit Laghubitta Bittiya Sanstha listed on NEPSE; stock trading is in halt due to merger,https://www.sharesansar.com/newsdetail/2110-bonus-share-of-summit-laghubitta-bittiya-sanstha-listed-on-nepse-stock-trading-is-in-halt-due-to-merger,"Nepal Stock Exchange Limited (NEPSE)
has published a notice regarding the listing of bonus shares of Summit Laghubitta Bittiya Sanstha Limited (SMFDB).
As per the notice; 4,43,000 Units Bonus Shares of Summit Laghubitta Bittiya Sanstha Limited (SMFDB) has been listed in NEPSE for regular trading. The microfinance company had issued a 21.10% bonus shares for the FY 75/76.
The stock trading of Summit Laghubitta Bittiya Sanstha Limited has been halted in NEPSE due to a merger with Sajilo Laghubitta.",0.31636887788772583
2020-06-12,Update of micro finance companies' performance in the third quarter! Sana Kisan maintains the lead,https://www.sharesansar.com/newsdetail/update-of-micro-finance-companies-performance-in-the-third-quarter-sana-kisan-maintains-the-lead-2020-06-12,"In NEPSE, there are 50 listed microfinance companies, the number is highest amongst other sector.
Thus, in this analysis we look into various indicators of 50 listed microfinance companies based on the unaudited 3rd Quarter report of FY 2076/77.
Paid-up Capital:
The minimum required capital for wholesale level, national, regional and district level microfinance are Rs 600 million, Rs 100 million, Rs 60 million and Rs 10 million respectively. Both Chhimek Laghubitta (CBBL) and Nirdhan Utthan Laghubitta (NUBL) has a paid up capital worth Rs 1.50 arba which is highest in the industry.
Reserves and Surplus:
Microfinance companies with highest reserves and surplus are Sana Kisan (SKBBL), Chhimek Laghubitta (CBBL) and RMDC Laghubitta (RMDC) with Rs 1.86 arba, 1.64 arba and 1.56 arba reserves respectively.
Net Profit:
As of the third quarter report of FY 2076/77, the listed microfinance institutes with the highest net profit are:
Chhimek Laghubitta Bittiya Sanstha Limited (CBBL) with a net profit of Rs 59.79 crores
Nirdhan Utthan Bank Limited (NUBL) with a net profit of Rs 47.33 crores
Sana Kisan Bikas Bank Limited (SKBBL) with a net profit of Rs 43.51 crores
Net worth per Share:
Sana Kisan Microfinance leads in terms of net worth with Rs 286.10 per share followed by FORWAD Microfinance and RMDC with net worth of Rs 278.10 and 273.70 respectively.
Earnings per Share:
Earnings per Share is one of the key indicators investor need to be updated about as it gives an idea about what the investor might get in return as dividend. Sana Kisan (SKBBL), Forward Laghubitta (FOWAD) and National Microfinance Bittiya Sanstha Limited (NMFBS) make to the top list with EPS of Rs 58.00,57.98 and 57.48 respectively.
Price to Earnings Ratio (PE):
Price to earnings ratio is one of the important indicators used by value investors to find out possible investment opportunities. The benchmark for PE ratio varies across sectors. As of 3
rd
Quarter 2076/77, companies with lowest PE ratio are Sana Kisan (SKBBL), Unnati Laghubitta (UMB) and Chhimek Laghubitta (CBBL) with PE ratio of 17.07, 17.37 and 17.97 respectively. These PE ratios were published in the quarterly reports.
In a nutshell",0.8944500088691711
2020-05-14,Summit Laghubitta's net profit decline by 16.17% in Q3; Company is in merger with Sajilo Laghubitta,https://www.sharesansar.com/newsdetail/summit-laghubittas-net-profit-decline-by-1617-in-q3-company-is-in-merger-with-sajilo-laghubitta,"Summit Laghubitta Bittiya Sanstha Limited (SMFDB)
has published its third quarter (Q3) report of FY 2076/77. The microfinance has reported a net profit of Rs 3.59 crore, which is a 16.17% fall from the corresponding quarter of the previous year.
SMFDB’s net interest income has also increased from Rs 11.25 crore in the corresponding quarter of the previous year to Rs 11.82 crore in the third quarter of 2076/77. Its paid-up capital remains at Rs 25.43 crore with reserve and surplus of Rs 9.26 crore.
The company has borrowings of Rs 61.43 crore in the third quarter, falling from Rs 65.09 crore in the corresponding quarter of last year. Likewise, it has extended loans and advances of Rs 1.77 arba till Q3 whereas in the same period last year the figure stood at Rs 1.60 arba. Its non-performing loan (NPL) has increased to 3.03% in Q3 from 1.95% in the previous year report.
Its annualized earning per share (EPS) stands at Rs 18.83, net worth per share at Rs 136.42. Its quarter-end PE stands at 41.16.
NEPSE halts trading of Summit Laghubitta Bittiya Sanstha; Company signs merger agreement with Sajilo Laghubitta
Rastra Bank grants LOI to merger and acquisition of 6 BFIs; NRB also approves debenture of NMB bank
Major Highlights:
Particulars (In Rs '000)
Summit Laghubitta
Q3 2076/77
Q3 2075/76
Difference
Paid Up Capital
254,300.00
210,000.00
21.10%
Reserve & Surplus
92,622.84
88,285.01
4.91%
Borrowings
614,358.34
650,984.84
-5.63%
Deposits
836,884.98
732,962.48
14.18%
Loans & Advances
1,774,864.11
1,603,454.79
10.69%
Net Interest Income
118,215.60
112,516.71
5.06%
Staff Expenses
52,241.93
49,187.97
6.21%
Provision for possible losses
10,706.42
5,640.98
-
Operating Profit
61,758.43
67,319.83
-8.26%
Net Profit
35,912.23
42,839.89
-16.17%
Capital Adequacy (%)
17.65
17.39
1.50%
NPL (%)
3.03
1.95
-
Cost of Fund (%)
9.83
10.12
-2.87%
EPS (In Rs.)
18.83
27.20
-30.77%
Net Worth per Share (In Rs.)
136.42
142.04
-3.96%
Qtr end PE Ratio (times)
41.16
-
-
Qtr End Market Price
775
-
-",0.027065962553024292
2020-03-02,Rastra Bank grants LOI to merger and acquisition of 6 BFIs; NRB also approves debenture of NMB bank,https://www.sharesansar.com/newsdetail/rastra-bank-grants-loi-to-merger-and-acquisition-of-6-bfis-nrb-also-approves-debenture-of-nmb-bank,"Nepal Rastra Bank (NRB) has granted the Letter Of Intent (LOI) to six banks and financial institutions for mergers and acquisitions. These BFIs are:
Sunrise Bank (SRBL) acquiring Srijana Finance (SFFIL)
The current paid-up capital of SRBL is Rs 8.96 arba and of SFFIL is Rs 73 crore. After the merger, the total number of branches will reach 133.
Sarathi Laghubitta merging with Naya Nepal Laghubitta (NNLB)
The current paid-up capital of Sarathi Laghubitta is 11.04 crore and that of NNLB is Rs 10.08 crore.
Sajilo Laghubitta merging with Summit Laghubitta (SMFDB)
The current paid up capital of Sajilo Laghubitta is Rs 14.89 crore and that of SMFDB is Rs 21 crore.
Similarly, NRB has also granted NMB Bank permission to issue debentures worth Rs 2 arba with the maturity of 6 years. The debentures will be offering 10.26% interest rate.",0.8356397151947021
2020-02-24,"As the market takes upward stride, where does the PE ratio of listed companies stand? Find out the latest PE ratio of all sectors and all companies",https://www.sharesansar.com/newsdetail/as-the-market-takes-upward-stride-where-does-the-pe-ratio-of-listed-companies-stand-find-out-the-latest-pe-ratio-of-all-sectors-and-all-companies-2020-02-24,"The secondary market of Nepal is striding upwards with the NEPSE index rising along with the share prices of many listed companies. This rise in prices has a significant impact on the price to earnings ratio of the companies relative to the ratio that was posted in the second quarter report of the companies.
The article below shows the PE ratio of all listed companies categorized based on the sector. The prices are taken as of Falgun 11, 2076 (Yesterday). Similarly, the annualized EPS is taken from the second-quarter report and has been adjusted for any dividend that has been declared and approved by the company.
Commercial Bank
The industry average PE ratio of commercial banks stands at 14.86 times as of yesterday. The table below shows the PE ratio of each bank individually.
Development Bank
The industry average PE ratio of the Development Bank Sector is higher than that of commercial banks at 16.80 times. The table below shows the list of development banks and their latest PE ratio:
The above table only includes 23 development banks as the majority are under the merger and acquisition process due to which their transaction has been halted in NEPSE. Likewise, KRBL is the only development bank that hasn't published its Q2 report yet.
Finance Companies
Similarly, the average PE ratio of finance companies stands at 15.96 times. Two of the companies, PROFL and SFCL, have negative EPS and therefore doesn't have PE ratio.
Likewise, four finance companies' trading has been halted in NEPSE as they are undergoing mergers and acquisitions.
Hotels
The Hotel sector reports a higher PE ratio than the above sectors. It has an industry average PE ratio of 35.81 times.
Hydropower Companies
Out of the 32 listed Hydropower Companies, 2 haven't published Q2 while the rest have. Among the 30, nine companies have failed to report net profit till the second quarter of 2076/77.
The industry average PE ratio stands at 15.36 times as shown in the table below.
Life Insurance Companies
The industry average PE ratio of life insurance companies stands at 76.04 times with average annualized EPS of Rs 13.30 only.
Among the 7 life insurance companies, LICN and NLIC have the highest price despite average EPS. This shows that the demand for shares of these companies is higher relative to others.
Manufacturing and processing companies
In the case of the manufacturing sector, the industry average may not be very accurate. BNL was last traded on Ashwin 23, 2076 and therefore has been included. Similarly, NLO and SRS haven't published their financial report in order to know about their EPS and finally, UNL is traded very infrequently. It was last traded on Falgun 06, 2076 at Rs 17,849.
The remaining three - BNT, HDL, and SHIVM - have reported an average PE ratio of 24.28 times as shown below.
Microfinance Companies
The industry average PE ratio of the microfinance sector stands at 58.41 times. It includes 38 companies, while the other 12 companies have been excluded.
The table below shows the list of companies that are undergoing mergers and acquisitions and therefore aren't being traded in NEPSE.
Non-life Insurance Companies
The fifteen listed non-life insurance companies report an industry average PE Ratio of 44.12 times. The table below shows the list of companies, their price as on Falgun 11, 2076, their adjusted annualized EPS and the PE ratio.
Others
The other sector has a total of four companies under it. Among them, NFD (Nepal Film Development) is inactive. The remaining three make up an industry average PE ratio of 30.85 times with average EPS of Rs 39.98.
Trading
In the case of the trading sector, both the companies i.e. BBC and STC haven't published their financial reports and therefore don't have the latest PE ratio.
Overall
The table below shows the industry average annualized EPS and PE ratio of all sectors. The insurance companies and microfinance companies have the highest price in comparison to the earnings.",0.2999306619167328
2020-02-14,Comparative study of second quarter report of micro finance institutes: Chhimek Laghubitta reports the highest profit,https://www.sharesansar.com/newsdetail/comparative-study-of-second-quarter-report-of-micro-finance-institutes-chhimek-laghubitta-reports-the-highest-profit-2020-02-14,"In NEPSE, there are 50 listed microfinance companies, the number is highest amongst other sector. Among 50 listed companies, Nadep Laghubitta Bittiya Sanstha Limited (NADEP) is yet to publish its 2nd quarter report for 2076/77.
Thus, in this analysis we look into various indicators of 49 listed microfinance companies based on the unaudited 2nd Quarter report of 2076/77.
Paid-up Capital:
The minimum required capital for wholesale level, national, regional and district level microfinance are Rs 600 million, Rs 100 million, Rs 60 million and Rs 10 million respectively. Both Chhimek Laghubitta (CBBL) and Nirdhan Utthan Laghubitta (NUBL) has a paid up capital worth Rs 1.50 arba which is highest in the industry.
Reserves and Surplus:
Microfinance companies with highest reserves and surplus are Sana Kisan (SKBBL), RMDC Laghubitta (RMDC) and Chhimek Laghubitta (CBBL) with Rs 1.72 arba, 1.55 arba and 1.52 arba reserves respectively.
Net Profit:
As of the second quarter report of FY 2076/77, the listed microfinance institutes with the highest net profit are:
Chhimek Laghubitta Bittiya Sanstha Limited (CBBL) with a net profit of Rs 48.16 crores
Nirdhan Utthan Bank Limited (NUBL) with a net profit of Rs 40.42 crores
Sana Kisan Bikas Bank Limited (SKBBL) with a net profit of Rs 30.17 crores
Net worth per Share:
Forward Community Microfinance leads in terms of net worth with Rs 274.42 per share followed by RMDC and Sana Kisan with net worth of Rs 273.34 and 272.88 respectively.
Earnings per Share:
Earnings per Share is one of the key indicators investor need to be updated about as it gives an idea about what the investor might get in return as dividend. Forward Laghubitta (FOWAD), National Microfinance Bittiya Sanstha Limited (NMFBS) and Unnati Laghubitta Bittiya Sanstha Limited (UMB) make to the top list with EPS of Rs 80.33, 70.10 and 70 respectively.
Price to Earnings Ratio (PE):
Price to earnings ratio is one of the important indicators used by value investors to find out possible investment opportunities. The benchmark for PE ratio varies across sectors. As of 2nd Quarter 2076/77, companies with lowest PE ratio are Unnati Laghubitta (UMB), Chhimek Laghubitta (CBBL) and Swabalamban Laghubitta (SWBBL) with PE ratio of 12.54, 13.83 and 14.67 respectively. These PE ratios were published in the quarterly reports.
In a nutshell",0.9034890532493591
2020-02-10,Summit laghubitta's net interest income till Q2 at Rs 8.99 crore; Annualized EPS at Rs 31.79,https://www.sharesansar.com/newsdetail/summit-laghubittas-net-interest-income-till-q2-at-rs-899-crore-annualized-eps-at-rs-3179,"Summit Laghubitta Bittiya Sanstha Limited (SMFDB)
has published its second quarter (Q2) report of FY 2076/77. The microfinance has reported a net profit of Rs 3.33 crore, which is a 28.02% rise from the corresponding quarter of the previous year.
Similarly, its net interest income has also increased from Rs 7.21 crore in the corresponding quarter of the previous year to Rs 8.99 crore in the second quarter of 2076/77. Its paid-up capital remains at Rs 21 crore with reserve and surplus of Rs 13.79 crore.
The company has borrowings of Rs 56.12 crore in the second quarter, falling from Rs 74.04 crore in the corresponding quarter of last year. Likewise, it has extended loans and advances of Rs 1.69 arba till Q2 whereas in the same period last year the figure stood at Rs 1.57 arba.
Its non-performing loan (NPL) has increased to 2.82% in Q2 from 1.36% in the previous year report.
Its annualized earning per share (EPS) stands at Rs 31.79, net worth per share at Rs 165.68. Its quarter-end PE stands at 41.27. The company has recently signed merger MoU with Sajila Laghubittiya Sansthan Limited.
Second Quarter Report",-0.8250998258590698
2020-02-06,NEPSE halts trading of Summit Laghubitta Bittiya Sanstha; Company signs merger agreement with Sajilo Laghubitta,https://www.sharesansar.com/newsdetail/nepse-halts-trading-of-summit-laghubitta-bittiya-sanstha-company-signs-merger-agreement-with-sajilo-laghubitta,"Nepal Stock Exchange (NEPSE)
has halted the transaction of Summit Laghubitta Bittiya Sanstha Limited (SMFDB) from Magh 23, 2076.
Summit Laghubitta has signed the agreement for merger and acquisition with Sajilo Laghubitta Bittiya Sanstha. Sajilo Laghubitta isn't listed in NEPSE. The LTP of SMFDB in NEPSE stood Rs 775 as on 5th February, 2020.",0.1497611254453659
2019-12-31,"Last day to grab shares of Summit Microfinance, Jyoti Bikas Bank, Sindhu Bikas Bank, Goodwill finance and Nepal Seva laghubitta to claim dividend",https://www.sharesansar.com/newsdetail/last-day-to-grab-shares-of-summit-microfinance-jyoti-bikas-bank-sindhu-bikas-bank-goodwill-finance-and-nepal-seva-laghubitta-to-claim-dividend,"Summit Laghubitta Bittiya Sanstha (SMFDB)
will be convening its eleventh AGM on Poush 29, 2076 at Agrasen Bhawan, Birtamod, Jhapa from 10 AM onwards.
The 185th Board Meeting held on Poush 06, 2076 has decided on the following agendas to be discussed in the meeting:
Approval of the annual report to be presented by the Chairman.
Approval of the audited financial statements for the year 2075/76.
Appointment of auditor for 2076/77 and determination of the remuneration.
Approval of 21.0952% bonus shares worth Rs.4.43 Crore and 1.1103% cash dividend worth Rs.23.31 Lakhs (for tax purpose) for the shareholders out of the profits of FY 75/76.
Enforcing the decisions of SGM:
Appointment of auditor, valuator, etc. for Due Diligence Audit Report for the purpose of merger and acquisition with another appropriate microfinance institutions.
The SGM will also endorse the decision to distribute 100% right shares after the completion of the merger and acquisition process.
The SGM is also endorsing the agendas to change the capital structure from the existing promoter(70%) and public(30%) to promoter(51%) and public(49%).
The book closure is on Poush 16, 2076. Therefore shareholders maintained till Poush 15, 2076 will be eligible to participate in AGM and claim the dividend.
Jyoti Bikash Bank Limited (JBBL)
will be convening its 12th AGM on Poush 29, 2076 at Rastriya Sabhagriha, Pradarshani Marga, Kathmandu from 11 AM onwards.
The 347th Board Meeting held on Poush 07, 2076 has decided on the following agendas for the meeting:
Approval of the annual report for 2075/76 of the BOD.
Approval of the audited financial statements for the year 2075/76.
Appointment of the auditor for 2076/77 and determination of the remuneration.
Approval of 12.75% bonus shares for its shareholders from the profit of FY 2075/76.
Election of one female director from the ordinary shareholders' group.
The book closure is on Poush 16, 2076. Therefore, shareholders maintained on Poush 15, 2076 will be eligible to participate in AGM and claim dividend.
Sindhu Bikas Bank Limited (SINDU)
will be convening its 10th AGM on Poush 29, 2076 at Sindhupalchowk Udhyog Banijya Sangh, Barabishey, Sindhupalchowk from 11:30 AM.
The 269th Board Meeting held on Poush 07, 2076 has decided on the following agendas for the meeting:
Approval of the annual report for 2075/76 of the BOD.
Approval of the audited financial statements for the year 2075/76.
Appointment of the auditor for 2076/77 and determination of the remuneration.
Approval of 11.513% bonus shares worth Rs 5.75 crore and 0.575% cash dividend worth Rs 28.78 lakh for tax purpose.
Election of 2 Directors from the ordinary shareholders' group.
The book closure is on Poush 16, 2076. Therefore, shareholders maintained on Poush 15, 2076 will be eligible to participate in AGM and claim dividend.
Goodwill Finance Company Limited (GFCL)
will be convening its 25th AGM on Poush 29, 2076 at Goodwill Finance, Goodwill Complex, Hattisar, Kathmandu from 11 AM onwards.
The 346th Board Meeting held on Poush 07, 2076 has decided on the following agendas for the meeting:
Approval of the annual report for 2075/76 of the BOD.
Approval of the audited financial statements for the year 2075/76.
Appointment of the auditor for 2076/77 and determination of the remuneration.
Approval of 10% cash dividend worth Rs 8 crore.
Election of 3 directors from promoter shareholders' group with at least one woman and 3 directors from ordinary shareholders' group.
The book closure is on Poush 16 2076. Therefore, shareholders maintained on Poush 15, 2076 will be eligible to participate in AGM and claim dividend.
Nepal Seva Laghubitta Bittiya Sanstha Limited (NSEWA)
will be convening its fifth AGM on Poush 29, 2076 at Shree Indrawati Samudayik Sewa Kendra, Fakatshila-08, Sindhupalchowk from 11 AM onwards.
The 100th Board Meeting held on Poush 08, 2076 has decided on the following agendas for the meeting:
Approval of the annual report for 2075/76 of the BOD.
Approval of the audited financial statements for the year 2075/76.
Appointment of the auditor for 2076/77 and determination of the remuneration.
Approval of 2.625% dividend out of the profits of FY 75/76 for the shareholders. The company proposed 2.5% bonus shares and 0.125% cash dividend (for tax purpose).
Issuing 100% right shares worth Rs 6.15 crore from the capital after adjustment of bonus.
Election of 3 directors from promoter shareholders' group.
The book closure is on Poush 16 2076. Therefore, shareholders maintained on Poush 15, 2076 will be eligible to participate in AGM and claim dividend.",0.9271643161773682
2019-12-23,Summit Laghubitta to convene AGM on Poush 29; Book closure for 22.2% dividend on Poush 16,https://www.sharesansar.com/newsdetail/summit-laghubitta-to-convene-agm-on-poush-29-book-closure-for-222-dividend-on-poush-16,"Summit Laghubitta Bittiya Sanstha (SMFDB)
will be convening its eleventh AGM on Poush 29, 2076 at Agrasen Bhawan, Birtamod, Jhapa from 10 AM onwards.
The 185th Board Meeting held on Poush 06, 2076 has decided on the following agendas to be discussed in the meeting:
Approval of the annual report to be presented by the Chairman.
Approval of the audited financial statements for the year 2075/76.
Appointment of auditor for 2076/77 and determination of the remuneration.
Approval of 21.0952% bonus shares worth Rs.4.43 Crore and 1.1103% cash dividend worth Rs.23.31 Lakhs (for tax purpose) for the shareholders out of the profits of FY 75/76.
Enforcing the decisions of SGM:
Appointment of auditor, valuator, etc. for Due Diligence Audit Report for the purpose of merger and acquisition with another appropriate microfinance institutions.
The SGM will also endorse the decision to distribute 100% right shares after the completion of the merger and acquisition process.
The SGM is also endorsing the agendas to change the capital structure from the existing promoter(70%) and public(30%) to promoter(51%) and public(49%).
The book closure is on Poush 16, 2076. Therefore shareholders maintained till Poush 15, 2076 will be eligible to participate in AGM and claim the dividend.
Announcement",0.9304425716400146
2019-11-22,Time to review performance of micro finances! Find out how these institutes performed this quarter!,https://www.sharesansar.com/newsdetail/time-to-review-performance-of-micro-finances-find-out-how-these-institutes-performed-this-quarter-2019-11-22,"In NEPSE, there are 50 listed microfinance companies, the number is highest amongst other sector. Among 50 listed companies, Nadep Laghubitta Bittiya Sanstha Limited (NADEP), Ghodighoda Laghubitta Bittiya Sanstha Limited ( GGBSL ) and Swabhiman Laghubitta are yet to publish its 1st quarter report for 2076/77.
Thus, in this analysis we look into various indicators of 47 listed microfinance companies based on the unaudited 1st Quarter report of 2076/77.
Paid-up Capital:
The minimum required capital for wholesale level, national, regional and district level microfinance are Rs 600 million, Rs 100 million, Rs 60 million and Rs 10 million respectively. As per Q1 reports, Janautthan microfinance and Nepal Agro are yet to meet their capital requirement. Nirdhan Utthan (NUBL) has a paid up capital worth Rs 1.20 arba which is highest in the industry. Chimek Laghubitta (CBBL) has a paid up capital worth Rs 1.18 arba.
Reserves and Surplus:
Microfinance companies with highest reserves and surplus are Nirdhan Utthan (NUBL), Chhimek  Laghubitta (CBBL) and Sana Kisan (SKBBL) with Rs 2.29 arba, 1.86 arba and 1.89 arba reserves respectively.
Net Profit:
As of the first quarter report of FY 2076/77, the listed microfinance institutes with the highest net profit are:
Chhimek Laghubitta Bittiya Sanstha Limited (CBBL) with a net profit of Rs 22.26 crores
Nirdhan Utthan Bank Limited (NUBL) with a net profit of Rs 21.64 crores
Sana Kisan Bikas Bank Limited (SKBBL) with a net profit of Rs 13.78 crores
Networth per Share:
Forward Community Microfinance leads in terms of networth with Rs 352.74 per share followed by Sana Kisan and RMDC with networth of Rs 331.09 and 316.43 respectively.
Earnings per Share:
Earnings per Share is one of the key indicators investor need to be updated about as it gives an idea about what the investor might get in return as dividend. Forward Laghubitta (FOWAD), Swabalamban Laghubitta (SWBBL) and Chhimek Microfinance (CBBL) make to the top list with EPS of Rs 88.73, 77.63 and 75.46 respectively.
Price to Earnings Ratio (PE):
Price to earnings ratio is one of the important indicators used by value investors to find out possible investment opportunities. The benchmark for PE ratio varies across sectors. As of 1st Quarter 2076/77, companies with lowest PE ratio are Swabalambhan Laghubitta (SWBBL), Nirdhan Laghubitta (NUBL) and Vijaya Laghubitta (VLBS) with PE ratio of 11.79, 11.92 and 12.23 respectively. These PE ratios were published in the quarterly reports.
In a nutshell",0.8788931965827942
2019-11-13,Summit Laghubitta reports 99% rise in provision for loan loss with NPL of 2.82%; Net profit for Q1 2076/77 at Rs 1.35 crore,https://www.sharesansar.com/newsdetail/summit-laghubitta-reports-99-rise-in-provision-for-loan-loss-with-npl-of-282-net-profit-for-q1-207677-at-rs-135-crore,"Summit Laghubitta Bittiya Sanstha Limited (SMFDB)
has published its first quarter (Q1) report of FY 2076/77. The microfinance has reported a net profit of Rs 1.35 crore, which is a 25.70% rise from the corresponding quarter of the previous year.
Similarly, its net interest income has also increased from Rs 3.43 crore in the corresponding quarter of the previous year to Rs 4.23 crore in the first quarter of 2076/77. Its paid-up capital remains at Rs 21 crore with reserve and surplus of Rs 11.81 crore.
The company has borrowings of Rs 56.02 crore in the first quarter, falling from Rs 83.35 crore in the corresponding quarter of last year. Likewise, it has extended loans and advances of Rs 1.63 arba till Q1 whereas in the same period last year the figure stood at Rs 1.62 arba.
Its non-performing loan (NPL) has increased to 2.82% in Q1 from 0.91% in the previous year report.
Its annualized earning per share (EPS) stands at Rs 25.83, net worth per share at Rs 156.25. Its quarter-end PE stands at 78.04.
First Quarter Report
Major Highlights:
Particulars (In Rs '000)
Summit Laghubitta
Q1 2076/77
Q1 2075/76
Difference
Paid Up Capital
210,000
170,000
23.53%
Reserve & Surplus
118,118
102,162
15.62%
Deposits
773,080
654,009
18.21%
Borrowings
560,266
833,556
-32.79%
Loans & Advances
1,631,029
1,620,098
0.67%
Net Interest Income
42,338
34,309
23.40%
Staff Expenses
20,054
19,319
3.80%
Provision for possible losses
2,676
1,341
99.55%
Operating Profit
21,312
16,955
25.70%
Net Profit
13,562
10,789
25.70%
Capital Adequacy (%)
18.73
15.93
17.58%
NPL (%)
2.82
0.91
209.89%
Cost of Fund (%)
9.9
10.4
-4.81%
Annualized EPS (In Rs.)
25.83
25.39
1.76%
Net Worth per Share (In Rs.)
156.25
Qtr End PE Ratio (times)
78.04",-0.04020130634307861
2019-09-15,Did some companies use retained earnings for higher dividend amount? Look at the dividend payout and yield of the past years,https://www.sharesansar.com/newsdetail/did-some-companies-use-retained-earnings-for-higher-dividend-amount-look-at-the-dividend-payout-and-yield-of-the-past-years,"In the stock market, the players declare hefty dividend amounts as a percentage of the existing paid up capital of the company. However, it is equally important to know the dividend payout from net profits to track how much of the profit does a company retain and how much of it is paid out as dividend. Some companies have consistently maintained the payout ratio, while some companies have fluctuated these ratios in order to show growth in the amount of dividend paid out.
Similarly, another important factor to be considered is the dividend yield. The yield is obtained by dividing the dividend per share by the price of that share. The yield gives an idea regarding the return generated on the existing price of the company. It shows the percentage of reward on the basis of the market price of the company’s stocks.
For this purpose, a list has been compiled that shows the dividend payout and yield of the companies that have declared dividends for FY 75/76. Moreover, it has been compared with that of past two years to analyze the existence of a particular pattern. To arrive at the dividend payout, the amount of dividend and net profit for that period was divided. Similarly, for dividend yield, the dividend declared for the last two years was taken into consideration. The dividend per share was divided with the LTP of the stock one day prior to the book closure date.
Dividend Payout
*Net profit and dividend amount in Crore
As we can see, some companies have opted to distribute dividend out of retained earnings in order to maintain the amount paid out as dividend which has helped in keeping the prices of the stock inflated. While companies have used dividend as a means to influence the stock prices, others have actually performed exceptionally well and consistently retained profits for unforeseen circumstances. Also, in only few cases, the amount of dividend has fallen from that of the previous year.
Dividend Yield
Similarly, in most of the cases, the dividend yield has increased as a result of increase in dividend amount and fall in the prices of the stocks. Since, the companies have not closed their books for the dividends of FY 75/76, the LTP of the stock before book closure date cannot be determined.",0.6814584136009216
2019-09-02,Make informed decision after knowing which company has proposed how much dividend for FY 75/76 as of yet?,https://www.sharesansar.com/newsdetail/make-informed-decision-after-knowing-which-company-has-proposed-how-much-dividend-for-fy-7576-as-of-yet,"After the previous fiscal year ended, the market is in a phase where companies announce dividends from the profits of the year. This has an impactful effect on the performance of the stock in the share market. The investors expect the companies to payout attractive dividends, hence, the dividend decision of the company can either make or break the company in the stock market.
For some companies, the previous year has been a bundle of troubled times which drove down profits and dividend expectation of investors. While for others it has been an array of opportunities to grow and expand resulting in unanticipated growth. Also, the market saw entry of number of new players intensifying the competition in the market.
While most of companies are yet to declare dividends, some companies have made a quick move and announced rewards for the shareholders. These companies are as follows:
*Global IME Laghubitta declared bonus share is adjusted with 100% right shares
Apart from the above mentioned companies, Himalayan Distillery Limited (HDL) had distributed interim cash dividend of 68.42%. The book closure for the same was on May 21, 2019. The company hasn’t declared any other dividend yet.",0.521414041519165
2019-08-27,Summit Laghubitta announces 21.09% bonus shares for FY 75/76; to endorse 1.11% cash dividend for tax purpose,https://www.sharesansar.com/newsdetail/summit-laghubitta-announces-2109-bonus-shares-for-fy-7576-to-endorse-111-cash-dividend-for-tax-purpose,"Nepal Stock Exchange Limited (NEPSE) has published a notice regarding the dividend decision of Summit Laghubitta Bittiya Sanstha Limited (SMFDB).
The 181
st
BOD meeting of the company has decided that the company will distribute 21.0952% bonus shares worth Rs.4.43 Crore and 1.1103% cash dividend worth Rs.23.31 Lakhs (for tax purpose) for the shareholders out of the profits of FY 75/76.
The decision is subject to approval from the NRB after which it will be endorsed in the upcoming AGM of the company.
The micro finance has reported a net profit of Rs.5.97 Crore by the end of the fourth quarter of FY 75/76, which is a 49.16% rise from the corresponding quarter of previous year.",-0.5839967131614685
2019-08-02,Summit Laghubitta earns Rs 5.97 crore with EPS of Rs 28.43 in Q4; non performing loan rises to 2.26%,https://www.sharesansar.com/newsdetail/summit-laghubitta-earns-rs-597-crore-with-eps-of-rs-2843-in-q4-non-performing-loan-rises-to-226,"Summit Laghubitta Bittiya Sanstha Limited (SMFDB)
has published its fourth quarter (Q4) report of FY 2075/76. The micro finance has reported a net profit of Rs 5.97 crore, which is a 49.16% rise from the corresponding quarter of previous year.
Similarly, its net interest income has also increased from Rs 11.35 crore in corresponding quarter of previous year to Rs 15.72 crore in the fourth quarter of 2075/76. Its paid-up capital remains at Rs 21 crore with reserve and surplus of Rs 10.51 crore.
The company has borrowings of Rs 60.24 crore in the fourth quarter, falling from Rs 78.86 crore in the corresponding quarter of last year. Likewise, it has extended loans and advances of Rs 1.58 arba till Q4 whereas in the same period last year the figure stood at Rs 1.54 arba.
Its non-performing loan (NPL) has increased to 2.26% in Q4 from 0.68% in the previous year report.
It earning per share (EPS) stands at Rs 28.43, net worth per share at Rs 150.07. Its quarter end PE stands at 17.94.
Major Highlights:
Particulars (In Rs '000)
Summit Laghubitta
Q4 2075/76
Q4 2074/75
Difference
Paid Up Capital
210,000.00
170,000.00
23.53%
Reserve & Surplus
105,152.55
91,371.95
15.08%
Borrowings
602,451.85
788,607.79
-23.61%
Deposits
741,841.64
617,325.94
20.17%
Loans & Advances
1,580,783.67
1,548,633.77
2.08%
Net Interest Income
157,278.68
113,506.08
38.56%
Staff Expenses
64,485.25
56,182.40
14.78%
Provision for possible losses
9,987.31
3,066.75
-
Operating Profit
93,825.97
62,903.43
49.16%
Net Profit
59,707.44
40,029.45
49.16%
Capital Adequacy (%)
18.51
16.21
14.19%
NPL (%)
2.26
0.68
232.35%
Cost of Fund (%)
10.19
10.33
-1.36%
EPS (In Rs.)
28.43
23.55
20.75%
Net Worth per Share (In Rs.)
150.07
153.75
-2.39%
PE Ratio (times)
17.94
-
-",0.03956999629735947
2019-07-04,Summit Laghubitta to conduct SGM on Shrawan 4; endorse agendas of 100% right shares and change promoter:public ratio to 51:49,https://www.sharesansar.com/newsdetail/summit-laghubitta-to-conduct-sgm-on-shrawan-4-endorse-agendas-of-100-right-shares-and-change-promoterpublic-ratio-to-5149,"The 179th BOD meeting of Summit Laghubitta Bittiya Sanstha Limited (SMFDB) has decided to conduct Special General Meeting (SGM) of the company on Shrawan 4, 2076 (20th July, 2019).
For this purpose, the books of the company will remain closed on Ashadh 27, 2076. Investors holding shares of the company till Ashadh 26, 2076 will be eligible to participate in the SGM of the company.
The agenda of the SGM is to appoint auditor, valuator etc. for Due Diligence Audit Report for the purpose of merger and acquisition with another appropriate microfinance institutions. The SGM will also endorse decision to distribute 100% right shares after the completion of merger and acquisition process.
The SGM is also endorsing the agendas to change capital structure from existing promoter(70%) and public(30%) to promoter(51%) and public(49%).
Other agendas include increasing the authorized paid up capital of the company and making necessary changes in the memorandum and articles of the company.",0.902204692363739
2019-05-21,Which microfinance in which position? Find out the details,https://www.sharesansar.com/newsdetail/which-microfinance-in-which-position-find-out-the-details-2019-05-21,"In a developing country like Nepal, where majority of population still lacks a proper access to finance, microfinance and co-operatives have been designed to fulfill the need of such population. NEPSE has 43 listed microfinance institutes. The objective of microfinance institute of the country is to provide access of finance to the bankable poor and entrepreneurial poor. However, the dark side of microfinance sector in Nepal lies on the fact that most of these remain concentrated in urban areas of the country. NRB has been encouraging microfinances to get inro merger and acquisition.
Recently (Womi Laghubitta Bittiya Sanstha Limited and Nagarik Laghubitta Bittiya Sanstha Limited), (Sadhana Laghubitta Bittiya Sanstha Limited and Aarthik Samriddhi Laghubitta Bittiya Sanstha Limited), (Kalika Laghubitta Bittiya Sanstha Limited and Jansewi Laghubitta Bittiya Sanstha Limited), (Nagbeli Laghubitta Bittiya Sanstha Limited, Mirmire Laghubitta Bittiya Sanstha Limited and Kisan Laghubitta Bittiya Sanstha Limited) signed MoU for merger.
The majority of microfinance institutes have published their third quarter report as of 2075/76 fiscal year. The overall analysis of majority of indicators such as paid up capital, reserve and surplus, net profit, earning per share (EPS), PE ratio, Net worth per share, promotes investor’s understandings on performance assessment of these microfinance units.
The further analysis focuses only on the 43 listed microfinance institutes. The non-listed microfinance institutes are not compared with the listed microfinance institutes.
Paid-up capital
: The central bank has directed national level, regional level and district level microfinance institutes to increase their paid up capital requirement. The wholesale level microfinance should meet the paid up capital of Rs 600 million. The national level microfinance institutes should have the paid up capital of Rs 100 million, regional level microfinance of Rs 60 million and finally, district level microfinance of Rs 10 million. The microfinance institutes with highest paid up capital are:
Nirdhan Utthan Laghubitta Bittiya Sanstha Limited (NUBL) with a paid up capital worth Rs 1.20 arba
Chhimek Laghubitta Bittiya Sanstha Limited (CBBL) with a paid up capital worth Rs 1 arba
RMDC Laghubitta Bittiya Sanstha Limited (RMDC) with a paid up capital worth Rs 79.94 crore
Reserve and surplus:
The microfinance institutes are required to serve the riskiest category of the country. So, a reserve and surplus can be useful at times of crisis. The microfinance institutes with highest amount of reserve fund are as follows:
Chhimek Laghubitta Bittiya Sanstha Limited (CBBL) with a reserve of Rs 1.81 arba
Sana Kisan Bikas Bank Limited (SKBBL) with a reserve of Rs 1.5293 arba
RMDC Laghubitta Bittiya Sanstha Limited (RMDC) with a reserve of Rs 1.5287 arba
Net Profit:
As of the third quarter report of FY 2075/76, the listed microfinance institutes with the highest net profit are:
Chhimek Laghubitta Bittiya Sanstha Limited (CBBL) with a net profit of Rs 64.30 crores
Nirdhan Utthan Bank Limited (NUBL) with a net profit of Rs 52.76 crores
Sana Kisan Bikas Bank Limited (SKBBL) with a net profit of Rs 34.60 crores
Net worth per share:
Net worth per share is a critical tool to identify the worth of a company. The microfinance institutes with the highest net worth per share are as follows:
Forward Community Microfinance Bittiya Sanstha (FOWAD) with a net worth of Rs 313.29
Sana Kisan Bikas Laghubitta Bittiya Sanstha Limited (SKBBL) with a net worth of Rs 294.56
RMDC Laghubitta Bittiya Sanstha Limited (RMDC) with a net worth of Rs 291.23
Earnings per share:
The increment of paid up capital has influenced the EPS of majority of microfinance institutes. The microfinance institutes with highest level of EPS are:
Chhimek Laghubitta Bittiya Sanstha Limited (CBBL) with an EPS of Rs 85.74
Forward Community Microfinance Bittiya Sanstha (FOWAD) with an EPS of Rs 83.27.
National Microfinance Bittiya Sanstha Limited (NMFBS) with an EPS of Rs 81.94
PE ratio:
The general rule of thumb in finance believes the least PE ratio is better for investors. So, following the general rule, the microfinance institutes with least PE ratio are:
Grameen Bikas Laghubitta Bittiya Sanstha Limited (GBLBS) with a PE ratio of 10.58 times
Chhimek Laghubitta Bittiya Sanstha Limited with a PE ratio of 10.98 times
Mero Microfinance Bittiya Sanstha Limited (MERO) with PE of 13.41 times
In a nutshell:
There are 91 licensed microfinance institutions in the country. In the near future, we can expect number of IPOs from microfinance sector.
The microfinance institutes have to face a trade off when it comes to their profitability and outreach to the bankable poor. Dear readers, do you think microfinance institutes in Nepal have the capability to develop innovative products for the bankable poor? Why do you think many people in rural areas still lack access to finance although the microfinance industry is rapidly mushrooming? Please write your opinions in the comment section below.",0.7988386750221252
2019-05-09,Summit Laghubitta reports 50% rise in net profit forQ3 of FY 2075/76; NPL stands at 1.95% with provision of Rs 56 lakh,https://www.sharesansar.com/newsdetail/summit-laghubitta-reports-50-rise-in-net-profit-forq3-of-fy-207576-npl-stands-at-195-with-provision-of-rs-56-lakh,"Summit Laghubitta Bittiya Sanstha Limited (SMFDB)
has published its third quarter report of FY 2075/76. The microfinance has reported a net profit of Rs 4.28 crore, which is a 50% rise from the corresponding quarter of previous year.
Similarly, its net interest income has also increased from Rs 8.19 crore in corresponding quarter of previous year to Rs 11.25 crore in the third quarter of 2075/76. Its paid-up capital remains at Rs 21 crore with reserve and surplus of Rs 8.82 crore.
The company has borrowings of Rs 65.09 crore in the third quarter, falling from Rs 84.71 crore in the corresponding quarter of last year. Likewise, it has extended loans and advances of Rs 1.60 arba in Q3 whereas in the same period last year the figure stood at Rs 1.49 arba.
Its non-performing loan (NPL) has increased to 1.95% in Q3 from 0.41% in the previous year report.
It earning per share (EPS) stands at Rs 20.40, net worth per share at Rs 142.04.
Major Highlights:
Particulars (In Rs '000)
SMFDB
Q3 2075/76
Q3 2074/75
Difference
Paid Up Capital
210,000
170,000
23.53%
Reserve & Surplus
88,285
79,889
10.51%
Deposits
732,962
584,309
25.44%
Borrowings
650,985
847,129
-23.15%
Loans & Advances
1,603,455
1,496,428
7.15%
Net Interest Income
112,517
81,912
37.36%
Provision for possible losses
5,641
1,664
238.98%
Operating Profit
67,319
44,858
50.07%
Net Profit
42,840
28,546
50.07%
NPL (%)
1.95
0.41
375.61%
EPS (In Rs.)
20.4
Net Worth per Share (In Rs.)
142.04
P/E Ratio (In times)
31.37",-0.3357860743999481
2019-04-28,NEPSE lists 23.53% bonus shares of Summit Microfinance; 4 Lakh units of shares made tradeable,https://www.sharesansar.com/newsdetail/nepse-lists-2353-bonus-shares-of-summit-microfinance-4-lakh-units-of-shares-made-tradeable,"Nepal Stock Exchange Limited (NEPSE) has published a circular regarding the listing of bonus shares of Summit Microfinance Development Bank Limited (SMFBD).
As per the notice published, 400,000 Units Bonus Shares of Summit Micro Finance Development Bank Ltd. has been listed by NEPSE on the secondary market. These shares can now be freely traded.
The microfinance company had distributed 23.53% bonus shares and 1.24% cash dividend out of the profit of FY 74/75 for the shareholders.",0.9188525080680847
2019-02-26,Find out how forty listed micro finance institutes performed in the recent quarter?,https://www.sharesansar.com/newsdetail/find-out-how-forty-listed-micro-finance-institutes-performed-in-the-recent-quarter-2019-02-26,"In a developing country like Nepal, where majority of population still lacks a proper access to finance, microfinance and co-operatives have been designed to fulfill the need of such population. NEPSE has 40 listed microfinance institutes. The objective of microfinance institute of the country is to provide access of finance to the bankable poor and entrepreneurial poor. However, the dark side of microfinance sector in Nepal lies on the fact that most of these remain concentrated in urban areas of the country.
The majority of microfinance institutes have published their second quarter report as of 2075/76 fiscal year. The overall analysis of majority of indicators such as paid up capital, reserve and surplus, net profit, earning per share (EPS), PE ratio, Net worth per share, promotes investor’s understandings on performance assessment of these microfinance units.
The further analysis focuses only on the 40 listed microfinance institutes. The non-listed microfinance institutes are not compared with the listed microfinance institutes.
Paid-up capital
: The central bank has directed national level, regional level and district level microfinance institutes to increase their paid up capital requirement. The wholesale level microfinance should meet the paid up capital of Rs 600 million. The national level microfinance institutes should have the paid up capital of Rs 100 million, regional level microfinance of Rs 60 million and finally, district level microfinance of Rs 10 million. The average paid up capital is Rs 28.89 crores. The microfinance institutes with highest paid up capital are:
Nirdhan Utthan Laghubitta Bittiya Sanstha Limited (NUBL) with a paid up capital worth Rs 1.20 arba
Chhimek Laghubitta Bittiya Sanstha Limited (CBBL) with a paid up capital worth Rs 1 arba
RMDC Limited (RMDC) with a paid up capital worth Rs 79.94 crore
Reserve and surplus:
The microfinance institutes are required to serve the riskiest category of the country. So, a reserve and surplus can be useful at times of crisis. The average reserve of the industry is Rs 27.71 crores. The microfinance institutes with highest amount of reserve fund are as follows:
Chhimek Laghubitta Bittiya Sanstha Limited (CBBL) with a reserve of Rs 1.56 arba
RMDC Laghubitta Bittiya Sanstha Limited (RMDC) with a reserve of Rs 1.43 arba
Sana Kisan Bikas Bank Limited (SKBBL) with a reserve of Rs 1.42 arba
Net Profit:
As of the second quarter report of FY 2075/76, the listed microfinance institutes with the highest net profit are:
Chhimek Laghubitta Bittiya Sanstha Limited (CBBL) with a net profit of Rs 39.29 crores
Nirdhan Utthan Bank Limited (NUBL) with a net profit of Rs 33.32 crores
Sana Kisan Bikas Bank Limited (SKBBL) with a net profit of Rs 23.91 crores
The average net profit is Rs 5.90 crores of the overall industry. Nine microfinance institutes are above the average net profit.
Net worth per share:
Net worth per share is a critical tool to identify the worth of a company. The microfinance institutes with the highest net worth per share are as follows:
Forward Community Microfinance Bittiya Sanstha (FOWAD) with a net worth of Rs 393.96
Mahuli Samudayak Laghubitta Bittiya Sanstha Limited (MSLB) with a net worth of Rs 325.57
Sana Kisan Bikas Laghubitta Bittiya Sanstha Limited (SKBBL) with a net worth of Rs 280.94
Earnings per share:
The increment of paid up capital has influenced the EPS of majority of microfinance institutes. The industry average EPS stands at Rs 32.43. The microfinance institutes with highest level of EPS are:
Forward Community Microfinance Bittiya Sanstha (FOWAD) with an EPS of Rs 103.36.
Chhimek Laghubitta Bittiya Sanstha Limited (CBBL) with an EPS of Rs 78.47
National Microfinance Bittiya Sanstha Limited (NMFBS) with an EPS of Rs 75.87
PE ratio:
The general rule of thumb in finance believes the least PE ratio is better for investors. So, following the general rule, the microfinance institutes with least PE ratio are:
Chhimek Laghubitta Bittiya Sanstha Limited with a PE ratio of 11.15 times
Deprocs Laghubitta (DDBL) with PE of 11.33 times
Nirdhan Utthan Laghubitta Bittiya Sanstha Limited (NUBL) with a PE ratio of 12.78 times.
The industry average p/e ratio is 36.37 times.
In a nutshell:
There are 71 licensed microfinance institutions in the country. In the near future, we can expect number of IPOs from mirofinance sector.
The microfinance institutes have to face a trade off when it comes to their profitability and outreach to the bankable poor. Dear readers, do you think microfinance institutes in Nepal have the capability to develop innovative products for the bankable poor? Why do you think many people in rural areas still lack access to finance although the microfinance industry is rapidly mushrooming? Please write your opinions in the comment section below.",0.7570230960845947
2019-02-10,Get ready for more than 2 Crore units right shares from the microfinance sector; see which microfinance companies will be issuing rights in the coming months,https://www.sharesansar.com/newsdetail/get-ready-for-more-than-2-crore-units-right-shares-from-the-microfinance-sector-see-which-microfinance-companies-will-be-issuing-rights-in-the-coming-months-2019-02-10,"~Rishab Agrawal
In the stock market, the laws of demand and supply are one of the major forces that make the share prices fluctuate and keeps the market moving. A perfect example of how these forces work can be seen in the microfinance sector. The companies listed under this sector usually offer very small number of share to the general public compared to other sectors. Now, limited number of shares results in limited supply and higher dividend per share. The expectation of higher dividend drives investors to hold these shares and hence the demand shoots up. This in turn makes the share prices of microfinance companies’ increase. To keep the investors interested, these companies have to constantly come out with satisfactory dividends and rights for the shareholders. The expectation of dividend and rights adds to the demand and results in increase in the prices of the shares.
Recently, the stock market saw a wave of rights distributed by microfinance companies which is still continuing and is expected to go on for another couple of months. While, some microfinance companies have already distributed rights, some have endorsed it in their AGMs, some have applied for approval from SEBON and are under preliminary review. However, there are some microfinance companies who have no plans of issuing right shares for the shareholders. For the purpose of ease and clarity, a list has been compiled containing all the information regarding the rights proposed and distributed by microfinance companies.
The following companies have already issued rights to the shareholders. In the year 2018/19, a total of 1.22 Crore units have been issued as rights by microfinance companies. First Microfinance (FMDBL) offered the highest number of shares at 22.81 Lakh units while Womi Microfinance (WOMI) offered the lowed at 2.33 Lakh units. The sector has seen an inflow of capital worth Rs.1.22 Arba through right shares issue.
Out of 16 microfinance companies who had endorsed right shares in their recent AGMs, only 2 companies i.e. Mero Microfinance (MERO) and Unnati Microfinance (UMB) have received approval from SEBON for the issue of right share. Rest of the fourteen companies have only endorsed it in their AGM but have not applied for approval from SEBON. Apart from these companies, Mithila Laghubitta (MLBBL) is distributing 50% right share or 3.29 Lakh units and the issue is currently open.
In a couple of days, MERO and UMB right shares totaling to 34.65 Lakh units will be available for the respective shareholders. While the rights from rest of the above mentioned companies can be expected in a few months of time. These rights total to 1.66 Crore units. A total investment of more than Rs.2.01 Arba is awaited to flow into this sector through the means of right share issue.
Right shares of microfinance companies are an opportunity for the existing shareholders to hold more share of more value with relatively less investment. Even after considering the adjustment aspect upon issue of rights, the investor will still be in overall gain post investment in rights. Right shares of microfinance companies can influence the market in a positive way and a thoughtful and wise investor would never miss to capitalize this opportunity.
In a nutshell, the following table is the overall look on the rights proposed by microfinance companies and their current status.",0.8660281896591187
2019-01-31,Summit Laghubitta’s profit surges by more than 51% in Q2; Annualized EPS reaches Rs 24.83,https://www.sharesansar.com/newsdetail/summit-laghubittas-profit-surges-by-more-than-51-in-q2-annualized-eps-reaches-rs-2483,"Summit Laghubitta Bittiya Sanstha Limited (SMFDB)
has published its second quarter report of FY 2075/76. The microfinance has reported a net profit of Rs 2.60 crore, which is a 51.32% rise from the corresponding quarter of previous year.
Similarly, its net interest income has also increased from Rs 5.22 crore in corresponding quarter of previous year to Rs 7.21 crore in the second quarter of 2075/76. Its paid-up capital remains at Rs 21 crore with reserve and surplus of Rs 7.15 crore.
The company has borrowings of Rs 74.04 crore in the second quarter, falling from Rs 86.34 crore in the corresponding quarter of last year. Likewise, it has extended loans and advances of Rs 1.57 arba in Q2 whereas in the same period last year the figure stood at Rs 1.33 arba.
Its non-performing loan (NPL) has increased to 1.36% in Q2 from 0.38% in the previous year report.
Its annualized earning per share (EPS) stands at Rs 24.83, net worth per share at Rs 134.06.
Major Highlights:
Particulars (In Rs '000)
SMFDB
Q2 2075/76
Q2 2074/75
Difference
Paid Up Capital
210,000
170,000
23.53%
Reserve & Surplus
71,518
56,780
25.95%
Deposits
697,073
537,732
29.63%
Borrowings
740,429
863,424
-14.25%
Loans & Advances
1,578,890
1,334,933
18.27%
Net Interest Income
72,110
52,261
37.98%
Provision for possible losses
3,095
985
214.38%
Operating Profit
40,971
27,075
51.32%
Net Profit
26,072
17,230
51.32%
NPL (%)
1.36
0.38
257.89%
Annualized EPS (In Rs.)
24.83
20.27
22.50%
Net Worth per Share (In Rs.)
134.06
133.40
0.49%",-0.26026833057403564
2019-01-22,"Out of 40 listed Microfinance companies, 8 remain to convene AGM; Comparatively better than commercial and development banks",https://www.sharesansar.com/newsdetail/out-of-40-listed-microfinance-companies-8-remain-to-convene-agm-comparatively-better-than-commercial-and-development-banks-2019-01-22,"Similar to the Class A and B banks, Microfinance Companies are also under the purview of Nepal Rastra Bank (NRB). So they are also required to conduct their AGM within 6 months of the completion of the Fiscal Year i.e. by the end of Poush.
When it comes to conducting AGM on time, Microfinance Companies seem to do better than the commercial bank (LINK) and development banks (LINK). Out of the total 40 listed Microfinance companies, only 8 are yet to convene their Annual General Meeting (AGM). Similarly, out of those 8, 5 haven't endorsed any dividend yet. The others have already endorsed the dividend as mentioned in the table.
Apart from the companies mentioned in the table above, there are 6 more microfinance companies that will be issuing IPO soon.
Asha Laghubitta Bittiya Sanstha
has been already approved by SEBON. Similarly,
Ganapati Microfinance Bittiya Sanstha, Gurans Laghubitta Bittiya Sanstha, Swabhimaan Mirofinance Bittiya Sanstha, Janasewi Laghubitta Bittiya Sanstha and Sparsha Laghubitta Bittiya Sanstha
are in SEBON's IPO pipeline.
According to the report published by Nepal Rastra Bank (NRB), there are 71 licensed Microfinance companies as of Mangsir end. Out of the 71, 40 companies are already listed in NEPSE, which means we can expect 31 more companies to issue IPO in the near future.",0.8501448631286621
2019-01-11,3 companies to convene AGM today; See the details,https://www.sharesansar.com/newsdetail/3-companies-to-convene-agm-today-see-the-details,"Global IME Bank Limited (GBIME)
will be convening its 12th AGM today. The meeting will be convened in the premises of Naxal Banquet, Kathmandu at 10:00 AM.
The main agendas of the meeting include:
To increase the authorized capital of Rs 10 arba to Rs 16 arba
To endorse 16% bonus shares for the FY 2074/75
To make amendments in the MoA and regulations of the bank and to provide authority to the BOD to make such changes in future
To provide authority to the BOD to make decisions regarding merger and acquisition of other financial institutions
Other agendas of the meeting include endorsement of audited financial report for the FY 2074/75, appointment of statutory auditor for the FY 2075/76 and appointment of director in the vacant position and appointment of independent director.
Summit Laghubitta Bittiya Sanstha Limited (SMFDB)
will be convening its 10th AGM. The meeting will be convened in the premises of Agrasen Bhawan, Birtamode, Jhapa at 8:30 AM.
The main agendas of the meeting include:
To endorse 23.53% bonus shares worth Rs 4 crore for its shareholders and to increase the issued capital and paid capital of the company.
To approve the decision to issue 50% right shares after adjustment of bonus shares
To make amendments in the MoA and regulations and to provide approval to the BOD to make such changes in future
Other agendas of the meeting include endorsement of audited financial report for the FY 2074/75, appointment of statutory auditor for the FY 2075/76 and distribution of Rs 21.05 lakhs as cash dividend for tax purpose.
Purnima Bikas Bank Limited (PURBL)
will be convening its 11
th
AGM on Poush 27i.e today. The meeting will be convened in the premises of Hotel Pauwa Pvt. Ltd. Rupandehi at 09:00 AM.
The main agendas of the meeting include:
To endorse 5% bonus shares worth Rs 2.62 core for the FY 2074/75
To make amendments in the MoA and regulations of the bank as per requirements and to provide authority the the BOD to make such changes in future
To make provisions for working as an agent of the insurance companies
To make previsions for merger and acquisition of the bank and to provide authority to the BOD to make decisions regarding the same.
Other agendas of the meeting include endorsement of audited financial statement for the FY 2074/75, appointment of statutory auditor for the FY 2075/76, endorsement of Rs 3.33 crore as cash dividend and appointment of directors in the vacant position.",0.8955196738243103
2018-12-31,Mahila Sahayatra Microfinance and Summt Microfinance to close shareholders register books tomorrow; Last day to secure the dividends,https://www.sharesansar.com/newsdetail/mahila-sahayatra-microfinance-and-summt-microfinance-to-close-shareholders-register-books-tomorrow-last-day-to-secure-the-dividends,"Today is the last day to hold the shares of Mahila Sahayatra Microfinance and Summit Laghubitta to secure 8% cash dividend and 23.53% bonus shares respectively.
Mahila Sahayatra Microfinance Bittiya Sanstha Limited (MSMBS)
will be convening its AGM on Magh 05, 2075. The meeting will be convened in the central office of the microfinance company, Chitlang, Makawanpur.
The company is looking forward to distribute 8% cash dividend for the FY 2074/75 worth Rs 96.80 lakhs.
Summit Laghubitta Bittiya Sanstha Limited (SMFDB)
has proclaimed its AGM to be convened on Poush 27, 2075. The meeting will be convened in the premises of Agrasen Bhawan, Birtamode, Jhapa at 8:30 AM.
The main agendas of the meeting include:
To endorse 23.53% bonus shares worth Rs 4 crore for its shareholders and to increase the issued capital and paid capital of the company.
To approve the decision to issue 50% right shares after adjustment of bonus shares
To make amendments in the MoA and regulations and to provide approval to the BOD to make such changes in future
Other agendas of the meeting include endorsement of audited financial report for the FY 2074/75, appointment of statutory auditor for the FY 2075/76 and distribution of Rs 21.05 lakhs as cash dividend for tax purpose.",0.9074574708938599
2018-12-18,AGM of Summit Laghubitta to be convened on Poush 27; Shareholders to receive 23.53% bonus shares,https://www.sharesansar.com/newsdetail/agm-of-summit-laghubitta-to-be-convened-on-poush-27-shareholders-to-receive-2353-bonus-shares,"Summit Laghubitta Bittiya Sanstha Limited (SMFDB) has proclaimed its AGM to be convened on Poush 27, 2075. The meeting will be convened in the premises of Agrasen Bhawan, Birtamode, Jhapa at 8:30 AM.
The main agendas of the meeting include:
To endorse 23.53% bonus shares worth Rs 4 crore for its shareholders and to increase the issued capital and paid capital of the company.
To approve the decision to issue 50% right shares after adjustment of bonus shares
To make amendments in the MoA and regulations and to provide approval to the BOD to make such changes in future
Other agendas of the meeting include endorsement of audited financial report for the FY 2074/75, appointment of statutory auditor for the FY 2075/76 and distribution of Rs 21.05 lakhs as cash dividend for tax purpose.
For the purpose of the AGM, the shareholders register book will remain closed from Poush 16 till Poush 27 i.e. the shareholders holding the shares till Poush 15 will be able to receive 23.53% bonus shares.",0.8090322017669678
2018-11-27,Which microfinance is in which position? A comparative study!,https://www.sharesansar.com/newsdetail/which-microfinance-is-in-which-position-a-comparative-study-2018-11-27,"In a developing country like Nepal, where majority of population still lacks a proper access to finance, microfinance and co-operatives have been designed to fulfill the need of such population. In Nepal, there are 66 microfinance companies in operation. Out of these, 38 microfinance institutes are listed. The objective of microfinance institute of the country is to provide access of finance to the bankable poor and entrepreneurial poor. However, the dark side of microfinance sector in Nepal lies on the fact that most of these remain concentrated in urban areas of the country.
The majority of microfinance institutes have published their first quarter report as of 2075/76. The overall analysis of majority of indicators such as paid up capital, reserve and surplus, net profit, earning per share (EPS), PE ratio, Net worth per share, promotes investor’s understandings on performance assessment of these microfinance units.
The further analysis focuses only on the 38 listed microfinance institutes. The non-listed microfinance institutes are not compared with the listed microfinance institutes.
Paid-up capital
: The central bank has directed national level, regional level and district level microfinance institutes to increase their paid up capital requirement. The wholesale level microfinance should meet the paid up capital of Rs 600 million. The national level microfinance institutes should have the paid up capital of Rs 100 million, regional level microfinance of Rs 60 million and finally, district level microfinance of Rs 10 million. The average paid up capital is Rs 27.29 crores. The microfinance institutes with highest paid up capital are:
Chhimek Laghubitta Bittiya Sanstha Limited (CBBL) with a paid up capital worth Rs 1 arba
Nirdhan Utthan Laghubitta Bittiya Sanstha Limited (NUBL) with a paid up capital worth Rs 1 arba
RMDC Limited (RMDC) with a paid up capital worth Rs 79.94 crore
Reserve and surplus:
The microfinance institutes are required to serve the riskiest category of the country. So, a reserve and surplus can be useful at times of crisis. The average reserve of the industry is Rs 30.06 crores. The microfinance institutes with highest amount of reserve fund are as follows:
Nirdhan Utthan Bank Limited with a reserve of Rs 1.74 arba
Sana Kisan Bikas Bank Limited (SKBBL) with a reserve of Rs 1.71 arba
RMDC Laghubitta with a reserve of Rs 1.35 arba
Net Profit:
As of the first quarter report of FY 2075/76, the listed microfinance institutes with the highest net profit are:
Chhimek Laghubitta Bittiya Sanstha Limited (CBBL) with a net profit of Rs 15.62 crores
Nirdhan Utthan Bank Limited (NUBL) with a net profit of Rs 15.08 crores
Sana Kisan Bikas Bank Limited (SKBBL) with a net profit of Rs 12.25 crores
The average net profit is Rs 2.72 crores of the overall industry. Nine microfinance institutes are above the average net profit.
Net worth per share:
Net worth per share is  acritical tool to identify the worth of a company. The microfinance institutes with the highest net worth per share are as follows:
Forward Community Microfinance Bittiya Sanstha (FOWAD) with a net worth of Rs 372.83
Sana Kisan Bikas Bank Limited (SKBBL) with a net worth of Rs 372.78
Mahuli Samudayak (MSLB) with a net worth of Rs 371.92
Earnings per share:
The increment of paid up capital has influenced the EPS of majority of microfinance institutes. The industry average EPS stands at Rs 32.43. The microfinance institutes with highest level of EPS are:
Forward Community Microfinance Bittiya Sanstha (FOWAD) with an EPS of Rs 107.18.
Sana Kisan Bikas Laghubbita (SKBBL) with an EPS of Rs 77.89
National Microfinance (NMFBS) with an EPS of Rs 70.38
PE ratio:
The general rule of thumb in finance believes the least PE ratio is better for investors. So, following the general rule, the microfinance institutes with least PE ratio are:
Deprocs Laghubitta (DDBL) with PE of 13.06 times
Nirdhan Utthan Laghubiita (NUBL) with a PE ratio of 13.11 times
Sana Kishan Bikas Laghubitta (SKBBL) with a PE ratio os 13.42 times.
The industry average p/e ratio is 42.46 times.
In a nutshell:
The microfinance institutes have to face a trade off when it comes to their profitability and outreach to the bankable poor. Dear readers, do you think microfinance institutes in Nepal have the capability to develop innovative products for the bankable poor? Why do you think many people in rural areas still lack access to finance although the microfinance industry is rapidly mushrooming? Please write your opinions in the comment section below.
(Disclaimer:  Any kind of information that is provided in the article should not be used as a sole advice or recommendation by investors in order to design their investment portfolio. So, before taking steps for any kind of the information, the investors are required to base their judgment on their own financial analysis, appropriateness of the information and seek independent financial advice. The information of the company has been taken from the authorized sources such as website of the company, NEPSE, financial reports and press releases of the companies so, any changes not updated in these may differ in the analysis.)",0.8313140869140625
2018-11-16,Summit Microfinance reports 31% rise in net profit amounting to Rs 1.08 crore; EPS stands at Rs 25.4 with p/e ratio of 148.89 times,https://www.sharesansar.com/newsdetail/summit-microfinance-reports-31-rise-in-net-profit-amounting-to-rs-108-crore-eps-stands-at-rs-254-with-pe-ratio-of-14889-times,"Summit Microfinance Development Bank Limited (SMFDB) has published its first quarter report of FY 2075/76. After continuous downtrend in net profit growth, this quarter SMFDB has shown some signs of comeback. The microfinance has reported a net profit of Rs 1.08 crore, which is a 31% rise from the corresponding quarter of previous year.
Similarly, it's net interest income has also increased from Rs 2.60 crore in corresponding quarter of previous year to Rs 3.43 crore in the first quarter of 2075/76. Its paid-up capital remains at Rs 17 crore with reserve and surplus of Rs 10.22 crore.
The company has borrowings of Rs 83.36 crore in the first quarter, up from Rs 69.42 crore in the corresponding quarter of last year. Likewise, it has extended loans and advances of Rs 1.62 arba in Q1 whereas in the same period last year the figure stood at Rs 1.26 arba.
Its non-performing loan (NPL) has increased to 0.91% in Q1 from 0.33% in the previous year report.
Its annualized earning per share (EPS) stands at Rs 25.4, net worth per share at Rs 160.1 and the P/E ratio at 148.89 times.
Particulars (In Rs '000)
SMFDB
Q1 2075/76
Q1 2074/75
Difference
Paid Up Capital
170,000.00
72,500.00
134%
Reserve & Surplus
102,161.87
94,377.40
8%
Deposits
654,008.96
489,956.10
33%
Borrowings
833,556.20
692,415.65
20%
Loans & Advances
1,620,097.71
1,262,862.45
28%
Net Interest Income
34,308.97
26,013.83
32%
Provision for possible losses
1,341.47
587.24
128%
Operating Profit
16,955.58
12,894.74
31%
Net Profit
10,789.91
8,205.75
31%
NPL (%)
0.91%
0.33%
176%
Annualized EPS (In Rs.)
25.4
Net Worth per Share (In Rs.)
160.1
P/E Ratio (In times)
148.89",-0.8068102598190308
2018-09-17,Dividend decreases for Summit Microfinance with decrease in profit; announces 23.53% bonus shares for FY 2074/75,https://www.sharesansar.com/newsdetail/dividend-decreases-for-summit-microfinance-with-decrease-in-profit-announces-2353-bonus-shares-for-fy-207475,"The 169
th
BOD meeting of Summit Microfinance Development Bank Limited (SMFDB) has proposed 23.53% bonus shares for its shareholders.
As per the notice published in NEPSE, the microfinance company will be distributing 23.53% bonus shares worth Rs 4 crore and 1.24% cash dividend for tax purpose worth Rs 21.05 lakh for the FY 2074/75.
The decision is subject to approval from Nepal Rastra Bank and upcoming 10th AGM of the microfinance company.
For the FY 2073/74, the microfinance company had provided 34.48% bonus shares and 10.52% cash dividend.",0.13707464933395386
2018-08-23,Institutes that work in favor of the poor: How did the microfinance institutes perform this quarter?,https://www.sharesansar.com/newsdetail/institutes-that-work-in-favor-of-the-poor-how-did-the-microfinance-institutes-perform-this-quarter,"In a developing country like Nepal, where majority of population still lacks a proper access to finance, microfinance and co-operatives have been designed to fulfill the need of such population. In Nepal, there are 66 microfinance companies in operation. Out of these, 38 microfinanace institutes are listed. The objective of microfinance institute of the country is to provide access of finance to the bankable poor and entrepreneurial poor. However, the dark side of microfinance sector in Nepal lies on the fact that most of these remain concentrated in urban areas of the country.
The majority of microfinance institutes have published their fourth quarter report as of 2074/75. The overall analysis of majority of indicators such as paid up capital, reserve and surplus, net profit, earning per share (EPS), PE ratio, Net worth per share, promotes investor’s understandings on performance assessment of these microfinance units.
The further analysis focuses only on the 38 listed microfinance institutes. The non-listed microfinance institutes are also not compared with the listed microfinance institutes.
Paid-up capital
: The central bank has directed national level, regional level and district level microfinance institutes to increase their paid up capital requirement. The wholesale level microfinance should meet the paid up capital of Rs 600 million. The national level microfinance institutes should have the paid up capital of Rs 100 million, regional level microfinance of Rs 60 million and finally, district level microfinance of Rs 10 million. The microfinance institutes with highest paid up capital are:
Chhimek Laghubitta Bittiya Sanstha Limited (CBBL) with a paid up capital worth Rs 1 arba
Nirdhan Utthan Laghubitta Bittiya Sanstha Limited (NUBL) with a paid up capital worth Rs 1 arba
Rural Microfinance Development Centre Limited (RMDC) with a paid up capital worth Rs 72.67 crore
Reserve and surplus:
The microfinance institutes are required to serve the riskiest category of the country. So, a reserve and surplus can be useful at times of crisis. The microfinance institutes with highest amount of reserve fund are as follows:
Rural Microfinance Development Centre Limited (RMDC) with a reserve of Rs 143.22 crores
Sana Kisan Bikas Bank Limited (SKBBL) with a reserve of Rs 137.75 crores
Nirdhan Utthan Bank Limited with a reserve of Rs 125.10 crores
Net Profit:
As of the fourth quarter report of FY 2074/75, the listed microfinance institutes with the highest net profit are:
Chhimek Laghubitta Bittiya Sanstha Limited (CBBL) with a net profit of Rs 66.39 crores
Nirdhan Utthan Bank Limited (NUBL) with a net profit of Rs 55.92crores
Sana Kisan Bikas Bank Limited (SKBBL) with a net profit of Rs 40.09 crores
Net worth per share:
Net worth per share can be defined as an expression for net assets value per share. The microfinance institutes with the highest net worth per share are as follows:
Mahuli Samudayik Laghubitta Bittiya Sanstha Limited (MSLB) with net worth per share of Rs 351.19
Forward Community Microfinance Bittiya Sanstha (FOWAD) with a net worth of Rs 346.03
Sana Kisan Bikas Bank Limited (SKBBL) with a net worth of Rs 319.06.
Earnings per share:
The increment of paid up capital has influenced the EPS of majority of microfinance institutes. Yet some of the microfinance institutes have demonstrated higher level of EPS such as:
Forward Community Microfinance Bittiya Sanstha (FOWAD) with an EPS of Rs 93.63.
National Microfinance Bittiya Sanstha Limited (NMFBS) with an EPS of Rs 71.26
Swabalamban Laghubitta Bittiya Sanstha Limited (SWBBL) with an EPS of Rs 68.86
PE ratio:
The general rule of thumb in finance believes the least PE ratio is better for investors. So, following the general rule, the microfinance institutes with least PE ratio are:
Chhimek Laghubitta Bittiya Sanstha Limited (CBBL) with a PE ratio of 13.65 times
Nirdhan Utthan Bank Limited (NUBL) with a PE ratio of 16.81 times
Sana Kisan Bikas Bank Limited (SKBBL) with a PE ratio of 17.51 times
In a nutshell:
The microfinance institutes have to face a trade off when it comes to their profitability and outreach to the bankable poor. Dear readers, do you think microfinance institutes in Nepal have the capability to develop innovative products for the bankable poor? Why do you think many people in rural areas still lack access to finance although the microfinance industry is rapidly mushrooming? Please write your opinions in the comment section below.
(Disclaimer:  Any kind of information that is provided in the article should not be used as a sole advice or recommendation by investors in order to design their investment portfolio. So, before taking steps for any kind of the information, the investors are required to base their judgment on their own financial analysis, appropriateness of the information and seek independent financial advice. The information of the company has been taken from the authorized sources such as website of the company, NEPSE, financial reports and press releases of the companies so, any changes not updated in these may differ in the analysis.)",0.8437894582748413
2018-08-15,Summit Microfinance continues downward trend in net profit; reports net profit of Rs 4 crore and EPS of Rs 23.55 per share,https://www.sharesansar.com/newsdetail/summit-microfinance-continues-downward-trend-in-net-profit-reports-net-profit-of-rs-4-crore-and-eps-of-rs-2355-per-share,"Summit Microfinance Development Bank Limited (SMFDB) has shown continuation to the downward movement in net profit. The microfinance’s net profit has dropped by 20.09 percent in the fourth quarter (Q4) of the current fiscal year 2074/75.
Publishing the unaudited financial report for the third quarter, the microfinance company stated that its net profit has diminished to Rs 4 crore in the Q4 of current fiscal year 2074/75, down from Rs 5 crore in the corresponding period of the previous fiscal year 2073/74.
Its net interest income has also fallen from Rs 11.9 crore in corresponding quarter of previous year to Rs 11.35 crore in the fourth quarter of 2074/75.
Its paid-up capital remains at Rs 17 crore with reserve of Rs 9.14 crore in Q4.
The company has borrowings of Rs 78.86 crore in the fourth quarter, up from Rs 54.04 crore in the corresponding quarter. Likewise, it has extended loans and advances of Rs 1.55 arba in Q4 whereas in the same period last year the figure stood at Rs 1.08 arba.
Its non-performing loan (NPL) has increased to 0.68% in Q4 from 0.34% in the previous year report.
Its annualized earning per share (EPS) stands at Rs 23.55, net worth per share at Rs 153.75 and the P/E ratio at 54.15 times.
Major Highlights:
Particulars (In Rs '000)
SMFDB
Q4 2074/75
Q4 2073/74
Difference
Paid Up Capital
170,000
72,500
134.48%
Reserve & Surplus
91,372
81,483
12.14%
Deposits
617,326
454,518
35.82%
Borrowings
788,608
540,447
45.92%
Loans & Advances
1,548,634
1,087,911
42.35%
Net Interest Income
113,506
119,725
-5.19%
Provision for possible losses
3,067
1,072
186.13%
Operating Profit
62,903
78,722
-20.09%
Net Profit
40,029
50,096
-20.09%
NPL (%)
0.68
0.34
100.00%
Annualized EPS (In Rs.)
23.55
69.09
-65.91%
Net Worth per Share (In Rs.)
153.75
212.39
-27.61%
P/E Ratio (In times)
54.15
-
Fourth quarter report",0.009135574102401733
2018-06-19,Know the paid up capital of microfinance companies working area-wise! Which microfinance companies have the highest capital?,https://www.sharesansar.com/newsdetail/know-the-paid-up-capital-of-microfinance-companies-working-area-wise-which-microfinance-companies-have-the-highest-capital,"Ruchi Rayamajhi
As of Poush 2074, there are total 63 Microfinance Companies in Nepal. Among them, 28 are of national level out of which 4 microfinance companies are wholesale microfinance companies, 1 microfinance company is with a working area of 45 districts, 1 microfinance company is with a working area of 17+15 districts, 6 microfinance companies are with a working area of 10+5 districts, 1 microfinance company is with a working area of 5 districts, 25 microfinance companies are with a working area of 4-10 districts and 1 is with a working area of 1-3 districts.
There is no minimum capital requirement for the microfinance companies of Nepal. However, the four wholesale microfinance companies (i.e. RMDC, SKBBL, FMDBL and RSDC) that provide loans to the other microfinance companies have to meet the minimum paid-up capital requirement of Rs 60 crore within the end of the ongoing fiscal year.
Among the four wholesale microfinance companies, RMDC Laghubitta Bittiya Sanstha Limited (RMDC), Sana Kisan Laghubitta Bittiya Sanstha Limited (SKBBL) and First Microfinance Development Bank Limited (FMDBL) have met the minimum capital requirement of Rs 60 crore. However, RSDC Laghubitta Bittiya Sanstha Limited (RSDC) has the paid-up capital of Rs 57.59 crore and hence, is yet to meet its minimum capital requirement.
Nirdhan Utthan Bank Ltd. (NUBL) and Chhimek Microfinance Development Bank Ltd. (CBBL) have the highest paid-up capital of Rs 100 crore out of all the national level finance companies.
Global IME Laghubitta Bittiya Sanstha Ltd. (GILB) being the only microfinance company operating in 45 district level, has the paid-up capital of Rs 9.60 crore.
Womi Microfinance Bittiya Sanstha Limited (WOMI), the only microfinance company working in 17+15 districts, has the paid-up capital of Rs 10.10 crore.
Likewise, Mirmire Microfinance Development Bank Limited (MMFDB) has the paid-up capital of Rs 10.38 crore which is the highest among 10+5 district level microfinance companies.
Samata Microfinance Bittiya Sanstha Limited (SMATA), being the only microfinance company operating in 5 district level, has the paid-up capital of Rs 3.79 crore.
Likewise, Summit Microfinance Development Bank Limited (SMFDB) has the highest paid up capital of Rs 17.01 crore out of all 4-10 district level microfinance companies.
Nepal Sewa Laghubitta Bittiya Sanstha Ltd. is the only microfinance company working in 1-3 district level and has the paid-up capital of Rs 6 crore.
Given below is the list of finance companies in Nepal along with their working areas and paid-up capital as per the third quarter of FY 2074/75 for unlisted companies and for listed companies, as per Nepal Stock Exchange Limited (NEPSE) in which all the rights and bonus are already adjusted with the paid-up capital of the third quarter:",0.8928598165512085
2018-05-16,"While the profits of majority of MFIs are decreasing, which MFIs made it to the top this quarter?",https://www.sharesansar.com/newsdetail/while-the-profits-of-majority-of-mfis-are-decreasing-which-mfis-made-it-to-the-top-this-quarter-2018-05-16,"In a developing country like Nepal, where majority of population still lacks a proper access to finance, microfinance and co-operatives have been designed to fulfill the need of such population. In Nepal, there are 35 listed microfinance companies and few non listed microfinance companies excluding 2 microfinance companies that have just listed/allotted their shares for public. The objective of microfinance institute of the country is to provide access of finance to the bankable poor and entrepreneurial poor. However, the dark side of microfinance sector in Nepal lies on the fact that most of these remain concentrated in urban areas of the country.
The majority of microfinance institutes have published their third quarter report as of 2074/75. The overall analysis of majority of indicators such as paid up capital, reserve and surplus, net profit, Earning per share (EPS), PE ratio, Net worth per share, Non-performing loan promotes investor’s understandings on performance assessment of these microfinance units.
The further analysis has discarded the newly listed microfinance institutes Aarambha Microfinance and Nepal Seva Laghubitta. The non-listed microfinance institutes are also not compared with the listed microfinance institutes.
Paid-up capital
: The central bank has directed national level, regional level and district level microfinance institutes to increase their paid up capital requirement. The national level microfinance institutes should have the paid up capital of Rs 100 million, regional level microfinance of Rs 60 million and finally, district level microfinance of Rs 10 million. The microfinance institutes with highest paid up capital are:
Nirdhan Uthan Bank Limited with a paid up capital worth Rs 1 arba
Chhimek Laghubitta Bittiya Sanstha limited with a paid up capital worth Rs 1 arba
Rural Microfinance Development Centre Limited with a paid up capital worth Rs 72.67 crore
Reserve and surplus:
The microfinance institutes are required to serve the riskiest category of the country. So, a reserve and surplus can be useful at times of crisis. The microfinance institutes with highest amount of reserve fund are as follows:
1. Rural Microfinance Development Centre Limited with a reserve of Rs 135.70 crores
2. Sana Kisan Bikas Bank Limited with a reserve of Rs 125.65 crores
3. Nirdhan Uthan Bank limited with a reserve of Rs 108.24 crores
Also, Support Microfinance Bittiya Sanstha Limited (SMB) has a negative reserve of Rs 0.10 crores.
Net Profit:
As of the third quarter report of FY 2074/75, the listed microfinance institutes with the highest net profit are:
1.Nirdhan Uthan Bank limited with a net profit of Rs 39.91 crores
2. Chhimek Laghubitta Bittiya Sanstha limited with a net profit of Rs 35.81 crores
3. Sana Kisan Bikas Bank limited with a net profit of Rs 27.84 crores
The microfinance institute working in loss is Support Microfinance Bittiya Sanstha Limited (SMB) among the listed microfinance institutes and Nagarik Microfinance Limited among the unlisted microfinance units.
Net worth per share:
Net worth per share can be defined as an expression for net assets value per share. The microfinance institutes with the highest net worth per share are as follows:
1. Mahuli Samudayak Laghubitta Bittiya Sanstha Limited with net worth per share of Rs 365.20
2. Forward Community Microfinance Bittiya Sanstha Limited with a net worth of Rs 323.41
3. Sana Kisan Bikas Bank limited with a net worth of Rs 299.81.
Earnings per share: The increment of paid up capital has influenced the EPS of majority of microfinance institutes. Yet some of the microfinance institutes have demonstrated higher level of EPS such as:
1. Forward Community Microfinance Bittiya Sanstha Limited with an EPS of Rs 94.67
2. National Microfinance Bittiya Sanstha Limited with an EPS of Rs 66.58
3. Mirmire Microfinance Development Bank Limited with an EPS of Rs 62.86
Support Microfinance Limited and Nagarik Microfinance Limited have negative EPS due to the negative profit.
PE ratio:
The general rule of thumb in finance believes the least PE ratio is better for investors. So, following the general rule, the microfinance institutes with least PE ratio are:
1. Rural Microfinance Development Centre Limited with a PE ratio of 20.81 times
2. Sana Kisan Bikas Bank limited with a PE ratio of 20.85 times
3. Unnati microfinance Bittiya Sanstha Limited with a PE ratio of 21.08 times
Based on the provided analysis, if you have any microfinance of your preference, here is the list of LTP as of 15
th
May, 2018 for your investment:
The microfinance institutes have to face a trade off when it comes to their profitability and outreach to the bankable poor. Dear readers, do you think microfinance institutes in Nepal have the capability to develop innovative products for the bankable poor? Why do you think many people in rural areas still lack access to finance although the microfinance industry is rapidly mushrooming? Please write your opinions in the comment section below.
(Disclaimer:  Any kind of information that is provided in the article should not be used as a sole advice or recommendation by investors in order to design their investment portfolio. So, before taking steps for any kind of the information, the investors are required to base their judgment on their own financial analysis, appropriateness of the information and seek independent financial advice. The information of the company has been taken from the authorized sources such as website of the company, NEPSE, financial reports and press releases of the companies so, any changes not updated in these may differ in the analysis.)",0.8216570615768433
2018-05-11,Summit Microfinance shows decrease in profit in the third quarter; Net profit of Rs 2.85 crore and EPS at Rs 22.39,https://www.sharesansar.com/newsdetail/summit-microfinance-shows-decrease-in-profit-in-the-third-quarter-net-profit-of-rs-285-crore-and-eps-at-rs-2239,"Summit Microfinance Development Bank Limited (SMFDB) has shown downward movement in net profit by 25.09 percent in the third quarter (Q3) of the current fiscal year 2074/75.
Publishing the unaudited financial report for the third quarter, the microfinance company stated that its net profit has diminished to Rs 2.85 crore in the Q3 of current fiscal year 2074/75, down from Rs 3.81 crore in the corresponding period of the previous fiscal year 2073/74.
Its net interest income has also fallen from Rs 8.84 crore in corresponding quarter to Rs 8.19 crore in the third quarter.
Its paid up capital remains at Rs 17 crore with reserve of Rs 7.98 crore in Q2.
The company has borrowings of Rs 84.71 crore in the third quarter, up from Rs 47.10 crore in the corresponding quarter. Likewise, it has extended loans and advances of Rs 1.49 arba in Q3 whereas in the same period last year the figure stood at Rs 1.04 arba.
Its non-performing loan (NPL) has increased to 0.41% in Q3 from 0.36% in the previous year report.
Its annualized earning per share (EPS) stands at Rs 22.39, net worth per share at Rs 146.99 and the P/E ratio at 41.4 times.
Major Highlights:
Particulars (In Rs '000)
SMFDB
Q3 2074/75
Q3 2073/74
Difference
Paid Up Capital
170,000
72,500
134.48%
Reserve & Surplus
79,889
69,494
14.96%
Deposits
584,309
425,358
37.37%
Borrowings
847,129
471,083
79.83%
Loans & Advances
1,496,428
1,049,215
42.62%
Net Interest Income
81,912
88,471
-7.41%
Provision for possible losses
1,664
1,068
55.79%
Operating Profit
44,858
59,883
-25.09%
Net Profit
28,546
38,107
-25.09%
NPL (%)
0.41
0.36
13.89%
Annualized EPS (In Rs.)
22.39
70.08
-68.05%
Net Worth per Share (In Rs.)
146.99
195.85
-24.95%
P/E Ratio (In times)
41.4
-
-",0.009738982655107975
2018-02-14,Summit Microfinance EPS slides to Rs 20.27 from Rs 69.69 after capital rises by 134.48% to Rs 17 crore; Asha Laghubitta posted net loss of Rs 26.77 lakh in Q2,https://www.sharesansar.com/newsdetail/summit-microfinance-eps-slides-to-rs-20-27-from-rs-69-69-after-capital-rises-by-134-48-to-rs-17-crore-asha-laghubitta-posted-net-loss-of-rs-26-77-lakh-in-q2,"Summit Microfinance Development Bank Limited (SMFDB) has shown diminish in net profit by 31.80 percent in the second quarter (Q2) of the current fiscal year 2074/75.
Publishing the unaudited financial report for the second quarter, the microfinance company stated that its net profit diminish to Rs 1.72 crore in the Q2 of current fiscal year 2074/75, down from Rs 2.52 crore in the corresponding period of the previous fiscal year 2073/74.

Its net interest income has also fallen from Rs 5.75 crore in corresponding quarter to Rs 5.22 crore in the second quarter.

Its paid up capital remains at Rs 17 crore with reserve of Rs 5.67 crore in Q2.

The company has borrowings of Rs 86.34 crore in the second quarter, up from Rs 41.63 crore in the corresponding quarter. Likewise, it has extended loans and advances of Rs 1.33 arba in Q2 whereas in the same period last year the figure stood at Rs 93.79 crore.

Its non-performing loan (NPL) has decreased to 0.38% in Q2 from 0.43% in the previous year report.

Its annualized earning per share (EPS) stands at Rs 20.27, net worth per share at Rs 133.40 and the P/E ratio at 67.58 times.
Major Highlights:
Particulars (In Rs '000)
SMFDB
Q2 2074/75
Q2 2073/74
Difference
Paid Up Capital
170,000
72,500
134.48%
Reserve & Surplus
56,780
71,087
-20.13%
Deposits
537,731
387,197
38.88%
Borrowings
863,424
416,373
107.37%
Loans & Advances
1,334,933
937,963
42.32%
Net Interest Income
52,261
57,527
-9.15%
Provision for possible losses
985
768
28.13%
Operating Profit
27,075
39,700
-31.80%
Net Profit
17,229
25,264
-31.80%
NPL (%)
0.38
0.43
-11.63%
Annualized EPS (In Rs.)
20.27
69.69
-70.92%
Net Worth per Share (In Rs.)
133.40
198.05
-32.64%
P/E Ratio (In times)
67.58
Asha Laghubitta Bittiya Sanstha Limited has published second quarter report of the ongoing FY 2074/75.
Publishing the unaudited financial report for the second quarter, the microfinance company has stated net loss of Rs 26.77 lakh which was Rs 32.69 lakh in the corresponding quarter of the FY 2073/74.

Its net interest income has also risen hugely from Rs 1.84 lakh in corresponding quarter to Rs 2.09 crore in the second quarter.

Its paid up capital remains at Rs 7 crore with negative reserve of Rs 1.36 crore.

The company has collected deposit of Rs 13.95 crore and borrowing of Rs 69.25 crore. Likewise, it has floated loans of Rs 85.33 crore.

Its non-performing loan (NPL) stands at 0.32%.

Its net worth per share stands at Rs 80.44 only.
Major Highlights:
Particulars (In Rs '000)
Asha Laghubitta
Q2 2074/75
Q2 2073/74
Difference
Paid Up Capital
70,000
70,000
0.00%
Reserve & Surplus
(13,693)
(3,717)
268.39%
Deposits
139,578
1,876
7340.19%
Borrowings
692,559
92,123
651.78%
Loans & Advances
853,392
30,595
2689.32%
Net Interest Income
20,917
184
11267.93%
Provision for possible losses
5,389
309
1644.01%
Operating Profit
(2,743)
(3,269)
-16.09%
Net Profit
(2,677)
(3,269)
-18.11%
NPL (%)
0.32
-
#VALUE!
Annualized EPS (In Rs.)
(7.65)
(9.34)
-18.11%
Net Worth per Share (In Rs.)
80.44
94.69
-15.05%
P/E Ratio (In times)
-",0.013757058419287205
2018-01-12,"See the 15 companies including Everest, Himalayan & Janata Bank convening AGM today",https://www.sharesansar.com/newsdetail/see-the-15-companies-including-everest-himalayan-janata-bank-convening-agm-today,,0.893825113773346
2017-12-28,"NEPSE lists 18.34 lakh unit right shares of Kanchan Development Bank, Summit & Kisan Microfinance",https://www.sharesansar.com/newsdetail/nepse-lists-18-34-lakh-unit-right-shares-of-kanchan-development-bank-summit-kisan-microfinance,,0.9121773838996887
2017-12-28,Last day to secure 15% right share of Pokhara Finance & dividend of 6 other companies,https://www.sharesansar.com/newsdetail/last-day-to-secure-15-right-share-of-pokhara-finance-dividend-of-6-other-companies,"Today is the last day to secure right share of Pokhara Finance Limited (PFL) and dividend of Mission Development Bank Limited (MIDBL), Purnima Bikas Bank Limited (PURBL), Jyoti Bikas Bank Limited (JBBL), United Finance Limited (UFL), Summit Microfinance Development Bank Limited (SMFDB) and Deprosc Laghubitta Bikas Bank Limited (DDBL).
MIDBL has set the book closure date for the AGM from Poush 16 to Poush 27, 2074. Only shareholders owning their shares till today (Poush 13, 2074) i.e. days ahead of the book closure date are eligible to participate in the AGM.
It had announced 20% bonus shares and 1.05% cash dividend (for tax purpose) from the net profit of FY 2073/74.

MIDBL will be convening 8
th
Annual General Meeting (AGM) on Poush 27, 2074. The AGM is going to be held at Siddhartha Cottage Restaurant Meeting Hall, Butwal, Rupandehi at 11:00 AM.

Its current paid up capital stands at Rs 43.27. After distribution of 20% bonus shares, it will reach to Rs 51.92 crore.

It had earned Rs 1.41 crore in the first quarter of the FY 2074/75. Its LTP stood at Rs 255 as of last trading day.
PURBL has set the book closure date for the AGM on Poush 14, 2074. Thus, shareholders holding shares till today (Poush 13, 2074) i.e. one day ahead of the book closure date are eligible to participate in AGM and for proposed dividend.
It had announced 19.19% bonus shares and 1.01% cash dividend (for tax) from the net profit of FY 2073/74.

PURBL will be convening 10
th
Annual General Meeting (AGM) on Poush 28, 2074. The AGM is being held at Peach Night Restaurant, Rupandehi at 8:30AM.

Its paid up capital stands at Rs 44.04 crore. After distribution of bonus shares, it will reach to Rs 52.50 crore.

It had earned Rs 1.31 crore in the first quarter of the FY 2074/75. Its LTP stood at Rs 277 as of last trading day.
JBBL has set the book closure date for the AGM from Poush 16 to Poush 30, 2074. Thus, shareholders holding shares till today (Poush 13, 2074) i.e. days ahead of the book closure date are eligible to participate in AGM and for proposed dividend.
It had announced 10% bonus shares from the net profit of FY 2073/74.

JBBL will be convening 10
th
Annual General Meeting (AGM) on Poush 30, 2074. The AGM is being held at Rastriya Sabha Griha, Kathmandu at 11:00 AM.

JBBL had earned Rs 4.52 crore in the first quarter of current fiscal year 2074/75. Its paid up capital after acquisition reached Rs 2.36 arba and after the issuance of this bonus share, its paid up capital will reach Rs 2.59 arba. Jyoti Bikas Bank will maintain the minimum paid up capital requirement by issuing bonus share. Its LTP stood at Rs 174 as of last trading company.
UFL has set the book closure date for the AGM has been set on Poush 14, 2074. Thus, only those shareholders owning shares till today (Poush 13, 2074) i.e. ahead of the book closure date are eligible to participate in the AGM and proposed bonus shares. Separate book closure will be announced for right shares.
UFL had announced 19 % bonus shares to its shareholders for the FY 2073/74.

After distribution of 19% bonus shares, its paid up capital will reach to Rs 80.05 crore from existing 67.27 crore.

The finance is going for foreign strategic partnership with Muthoot Finance Limited, Kochi, India. Muthoot Finance will have at least 20% shares of UFL and will remain under promoter shareholder.

UFL will be conducting 23
rd
Annual General Meeting (AGM) on Poush 29, 2074. The AGM is being held at Amrapali Banquet, Kathmandu at 11:00 AM.

UFL has earned Rs 11.69 crore in the fourth quarter of the FY 2073/74. Its LTP stood at Rs 255 as of last trading day.
PFL has set a book closure date on Poush 14, 2074. Thus, only those shareholders holding their shares till today (Poush 13, 2074) i.e. one day ahead of the book closure date are eligible for right shares.
Pokhara Finance’s 20
th
AGM had approved to issue 15 percent right share to its shareholders. The finance company will be issuing a total of 983,682.74 units right shares worth Rs 9.83 crore to its shareholders at the par value of Rs 100.

NIBL Capital Markets Limited has been assigned as the issue manager for right share issue.

PFl had issued 9,83,682 units FPO shares worth Rs  21.64 crore at Rs 220 per unit on Shrawan 29, 2074. After the FPO, its paid up capital reached around Rs 65.57 crore from Rs 55.74 crore. Finally, after proposed 15% right share issuance, its paid up capital will reach Rs 75.40 crore. As a national level finance company, it should hike its paid up capital to a minimum of Rs 80 crore by the end of FY 2073/74.

It had posted net profit of Rs 1.48 crore in the first quarter of the FY 2074/75.

Its LTP stood at Rs 193 as of last trading day.
SMFDB has set the book closure date for the AGM on Poush 14, 2074. Thus, only those shareholders owning their shares till today (Poush 13, 2074) i.e. one day ahead of the book closure date are eligible to participate in the AGM.
It had announced 34.48% bonus shares and 10.52% cash dividend (including tax) from the net profit of FY 2073/74.

SMFDB will be convening 9
th
Annual General Meeting (AGM) on Poush 28, 2074. The AGM is going to be held at Aggression Building, Birtamode, Jhapa at 8:30 AM.

Its paid up capital will reach to Rs 17 crore after adjustment of bonus shares.

It had earned Rs 82.01 lakh in the first quarter of the FY 2074/75. Its LTP stood at Rs 1,746 as of last trading day.
DDBL has set the book closure date for the AGM from Poush 14 to Poush 27, 2074. Thus only those shareholders holding their shares till today (Poush 13, 2074) i.e. one day ahead of the book closure date are eligible to participate in the AGM.
It had announced 16% bonus shares and 15% cash dividend (including tax) from the net profit of FY 2073/74.

DDBL will be convening 16
th
Annual General Meeting (AGM) on Poush 27, 2074. The AGM is going to be held at Bharatpur Garden Resort, Chitwan at 11:00 AM.

DDBL has earned net profit of 5.41 crore in the first quarter of fiscal year 2074/75.

Its paid up capital stands at Rs 60.61 crore. After issuance of 16% bonus share, the paid up capital will reach Rs 70.31 crore.

Its LTP stood at Rs 1,015 as of last trading day.",0.923167884349823
2017-12-18,Summit Microfinance 9th AGM on Poush 28; endorsing 34.48% bonus shares and 10.52% cash dividend,https://www.sharesansar.com/newsdetail/summit-microfinance-9th-agm-on-poush-28-endorsing-34-48-bonus-shares-and-10-52-cash-dividend,"Summit Microfinance Development Bank Limited (SMFDB) will be convening 9
th
Annual General Meeting (AGM) on Poush 28, 2074. The AGM is going to be held at Aggression Building, Birtamode, Jhapa at 8:30 AM.

The main agendas of the AGM are:
To endorse 34.48% bonus shares and 10.52% cash dividend from the net profit of FY 2073/74.
To conduct election of Board of Directors (BOD).
To increase authorized capital.
To change the name of the company.
To extend the working areas.
To change the registered office of the company.
To amend the Memorandum of Association (MOA) and Articles of Association (AOA).
Other agendas of the AGM are major financial highlights of the FY 2073/74 and appointment of auditor for the FY 2074/75.

The book closure date for the AGM has been set on Poush 14, 2074. Thus, only those shareholders owning their shares till Poush 13, 2074 i.e. one day ahead of the book closure date are eligible to participate in the AGM.

Its paid up capital will reach to Rs 17 crore after adjustment of bonus shares.

It had earned Rs 82.01 lakh in the first quarter of the FY 2074/75.",0.9003681540489197
2017-12-05,"9 bidders grabbed 4,082 units auctioned ordinary shares of Summit Microfinance; Cut-off price stood Rs 1,606",https://www.sharesansar.com/newsdetail/9-bidders-grabbed-4082-units-auctioned-ordinary-shares-of-summit-microfinance-cut-off-price-stood-rs-1606,"Summit Microfinance Development Bank Limited (SMFDB)
had auctioned its 4,082 units ordinary shares and 22,467 unit promoter shares to the general public from Mangsir 4, 2074 till Mangsir 11, 2074. The bids were opened on Mangsir 18, 2074 at Sanima Capital, Naxal at  3 PM.

An official of Sanima Capital Limited, which managed the auction for SMFDB informed that, the cut off price for 4,082 unit ordinary shares stood at Rs 1,606. The highest bid amount for the auction shares received was Rs 1,761. Total 117 applicants have submitted their bids for ordinary shares and only 9 of them grabbed shares.

Similarly, for 22,467 units promoter shares, the cut off price was Rs. 225. The highest bid amount received was Rs 355.09. Total 10 applicants submitted their bids for promoter shares and 5 of them grabbed shares. All the promoter shares were subscribed by the investors.

Its current paid up capital stands at Rs 7.25 crore. After the issuance of 100% right shares, its paid up capital will reach Rs 14.5 crore. Also from the net profit of FY 2073/74, it had announced 34.48% bonus shares and 10.52% cash dividend. After bonus shares, its paid up capital will reach to Rs 17 crore.

SMFDB has earned Rs 80.21 lakh in the first quarter of the FY 2074/75. Its last traded price (LTP) stood at Rs 1,920 as of yesterday.",0.8403266668319702
2017-12-01,Himalayan General Insurance to refund auction money to non-allottee investors from Mangsir 18; Summit Microfinance bid opening on Mangsir 18,https://www.sharesansar.com/newsdetail/himalayan-general-insurance-to-refund-auction-money-to-non-allottee-investors-from-mangsir-18-summit-microfinance-bid-opening-on-mangsir-18,"Himalayan General Insurance Company Limited (HGI) will be refunding 71,530 units shares auction money to the non-allottee investors from Mangsir 18, 2074. The non- allottee investor’s money will be refunded in their respective bank accounts.

Himalayan General Insurance Company Limited (HGI) had auctioned 71,530 units ordinary shares to the general public from Kartik 27, 2073 to Mangsir 4, 2073. The bid was opened on Mangsir 8, 2073.

NMB Capital Limited has been assigned as the issue manager for this auction.

The cut off price for ordinary auctioned shares stood at Rs 634.

Recently, Himalayan General Insurance has proposed 15% cash dividend to its shareholders from the profit it made in the fiscal year 2073/74. Earlier it had issued 166.67% right share and after issuance of 166.67% right share, its paid up capital reached Rs 1.02 arba. HGI has already met the capital requirement of Rs 1 arba as directed by the Insurance Board,

HGI has earned net profit of Rs 2.23 crore in the first quarter of FY 2074/75.

Meanwhile, Summit Microfinance Development Bank Limited (SMFDB) has published the notice about bid opening date of auction shares.

The microfinance company has auctioned 4,085 units ordinary shares and 22,476 unit promoter shares from Mangsir 4, 2074. The bid closed on Mangsir 11, 2074.

As per the notice published by the microfinance company today, Sanima capital, the issue manager for the auction shares, will be opening bid on Mangsir 18, 2074 at 3 PM in the premises of Sanima Capital located at Narayanchaur, Naxal, Kathmandu.",0.9046868681907654
2017-11-27,"Last day to bid 26,549 unit auctioned shares of Summit Microfinance; LTP at Rs 1,750",https://www.sharesansar.com/newsdetail/last-day-to-bid-26549-unit-auctioned-shares-of-summit-microfinance-ltp-at-rs-1750,"Summit Microfinance Development Bank Limited (SMFDB)
is auctioning 26,549 units unsold right shares from today (Mangsir 4, 2074).

The microfinance company is selling 4,082 units ordinary shares and 22,467 unit promoter shares after the right shares issued from Bhadra 29 to Kartik 1, 2074 were not fully subscribed by its shareholders. The company had offered 7,25,000 unit right shares in the ratio 1:1 and around 3.66% of the total right issue was unsubscribed.

The auction will last till Mangsir 11.

Bidders must quote a minimum price of Rs 100 per unit, which means that the lowest bid amount must be more than Rs 100. Interested bidders must bid for a minimum of 100 units of share. The number of shares applied must be a multiple of 10. Only existing promoter are eligible to bid for the promoter shares.

Sanima Capital Limited is the issue manager for this auction.

The microfinance company has urged interested bidders to submit their bids by 3:00 PM till Mangsir 11, 2074 at Sanima Capital located at Naxal, Kathmandu.

The investors applying for the auction can deposit the bid amount in the name of Sanima Capital Limited in account number 0010001058607 of Sanima Bank Limited or applicants can issue Good For Payment cheque in the name of Sanima Capital.

The forms of the auction can be obtained from Sanima Capital and designated branches of Sanima Bank Limited.

Its current paid up capital stands at Rs 7.25 crore. After the issuance of 100% right shares, its paid up capital will reach Rs 14.5 crore. Also from the net profit of FY 2073/74, it had announced 34.48% bonus shares and 10.52% cash dividend. After bonus shares, its paid up capital will reach to Rs 17 crore.

SMFDB has earned Rs 80.21 lakh in the first quarter of the FY 2074/75.

Its last closing price stood at Rs 1,750 as of last trading day.
Click here to see announcement:",0.9073001146316528
2017-11-21,Summit Microfinance EPS slides to Rs 22.63 from Rs 56.71 after adjustment of 100% right shares,https://www.sharesansar.com/newsdetail/summit-microfinance-eps-slides-to-rs-22-63-from-rs-56-71-after-adjustment-of-100-right-shares,"Summit Microfinance Development Bank Limited (SMFDB) has posted diminish in net profit by 20.17 percent in the first quarter (Q1) of the FY 2074/75.
Publishing the unaudited financial report for the first quarter today, the microfinance company stated that its net profit decrease to Rs 82.05 lakh in the current fiscal year 2074/75, down from Rs 1.02 crore in the corresponding period of the previous fiscal year 2073/74.

Its paid up capital remains at Rs 14.50 crore (including 100% right shares) with reserve of Rs 8.96 crore in Q1. It had announced 34.48% bonus shares and 10.52% cash dividend from the net profit of FY 2073/74. After 34.48% bonus share, its paid up capital will reach to Rs 17 crore.

The company has borrowings of Rs 69.24 crore in the first quarter, up from Rs 43.36 crore in the corresponding quarter. Likewise, it has extended loans and advances of Rs 1.26 arba in Q1 whereas in the same period last year the figure stood at Rs 86.76 crore.

Its non-performing loan (NPL) has decreased to 0.33 % in Q1 from 0.39 % in the previous year report.

Its annualized earning per share (EPS) stands at Rs 22.63, net worth per share at Rs 161.85 and the P/E ratio at 184.22 times.
Major Highlights:
Particulars (In Rs '000)
SMFDB
Q1 2074/75
Q1 2073/74
Difference
Paid Up Capital
145,000
72,500
100.00%
Reserve & Surplus
89,688
47,538
88.67%
Deposits
489,956
352,198
39.11%
Borrowings
692,415
433,636
59.68%
Loans & Advances
1,262,862
867,648
45.55%
Net Interest Income
26,013
25,938
0.29%
Provision for possible losses
587
403
45.66%
Operating Profit
12,894
16,151
-20.17%
Net Profit
8,205
10,278
-20.17%
NPL (%)
0.33
0.39
-15.38%
Annualized EPS (In Rs.)
22.63
56.71
-60.08%
Net Worth per Share (In Rs.)
161.85
165.57
-2.24%
P/E Ratio (In times)
184.22
-
-",0.0300279688090086
2017-11-20,"Summit Microfinance auctioning 26,549 unit unsold right shares from today, LTP at Rs 1,706",https://www.sharesansar.com/newsdetail/summit-microfinance-auctioning-26549-unit-unsold-right-shares-from-today-ltp-at-rs-1706,"Summit Microfinance Development Bank Limited (SMFDB)
is auctioning 26,549 units unsold right shares from today (Mangsir 4, 2074).

The microfinance company is selling 4,085 units ordinary shares and 22,476 unit promoter shares after the right shares issued from Bhadra 29 to Kartik 1, 2074 were not fully subscribed by its shareholders. The company had offered 7,25,000 unit right shares in the ratio 1:1 and around 3.66% of the total right issue was unsubscribed.

The auction will last till Mangsir 11.

Bidders must quote a minimum price of Rs 100 per unit, which means that the lowest bid amount must be more than Rs 100. Interested bidders must bid for a minimum of 100 units of share. The number of shares applied must be a multiple of 10. Only existing promoter are eligible to bid for the promoter shares.

Sanima Capital Limited is the issue manager for this auction.

The microfinance company has urged interested bidders to submit their bids by 3:00 PM till Mangsir 11, 2074 at Sanima Capital located at Naxal, Kathmandu.

The investors applying for the auction can deposit the bid amount in the name of Sanima Capital Limited in account number 0010001058607 of Sanima Bank Limited or applicants can issue Good For Payment cheque in the name of Sanima Capital.

The forms of the auction can be obtained from Sanima Capital and designated branches of Sanima Bank Limited.

Its current paid up capital stands at Rs 7.25 crore. After the issuance of 100% right shares, its paid up capital will reach Rs 14.5 crore. Also from the net profit of FY 2073/74, it had announced 34.48% bonus shares and 10.52% cash dividend. After bonus shares, its paid up capital will reach to Rs 17 crore.

SMFDB has earned Rs 5.01 crore in the fourth quarter of the FY 2073/74.

Its last closing price stood at Rs 1,706 as of last trading day.
Click here to see announcement:",0.9128345251083374
2017-11-13,"Summit Microfinance auctioning 26,549 unit unsold right shares from Mangsir 4, LTP at Rs 1,710",https://www.sharesansar.com/newsdetail/summit-microfinance-auctioning-26549-unit-unsold-right-shares-from-mangsir-4-ltp-at-rs-1710,"Summit Microfinance Development Bank Limited (SMFDB)
will be auctioning 26,549 units unsold right shares from Mangsir 4, 2074.

The microfinance company is selling 4,082 units ordinary shares and 22,467 unit promoter shares after the right shares issued from Bhadra 29 to Kartik 1, 2074 were not fully subscribed by its shareholders. The company had offered 7,25,000 unit right shares in the ratio 1:1 and around 3.66% of the total right issue was unsubscribed.

The auction will last till Mangsir 11.

Bidders must quote a minimum price of Rs 100 per unit, which means that the lowest bid amount must be more than Rs 100. Interested bidders must bid for a minimum of 100 units of share. The number of shares applied must be a multiple of 10. Only existing promoter are eligible to bid for the promoter shares.

Sanima Capital Limited is the issue manager for this auction.

The microfinance company has urged interested bidders to submit their bids by 3:00 PM till Mangsir 11, 2074 at Sanima Capital located at Naxal, Kathmandu.

The investors applying for the auction can deposit the bid amount in the name of Sanima Capital Limited in account number 0010001058607 of Sanima Bank Limited or applicants can issue Good For Payment cheque in the name of Sanima Capital.

The forms of the auction can be obtained from Sanima Capital and designated branches of Sanima Bank Limited.

Its current paid up capital stands at Rs 7.25 crore. After the issuance of 100% right shares, its paid up capital will reach Rs 14.5 crore. Also from the net profit of FY 2073/74, it had announced 34.48% bonus shares and 10.52% cash dividend. After bonus shares, its paid up capital will reach to Rs 17 crore.

SMFDB has earned Rs 5.01 crore in the fourth quarter of the FY 2073/74.

Its last closing price stood at Rs 1,710 as of last trading day.
Click here to see announcement:",0.9136763215065002
2017-10-18,Last day to apply 100% right shares of Summit Microfinance; Sanima Capital manages the issue,https://www.sharesansar.com/newsdetail/last-day-to-apply-100-right-shares-of-summit-microfinance-sanima-capital-manages-the-issue,"Summit Microfinance Development Bank Limited (SMFDB)
is closing 1:1 (100%) right shares to its existing shareholders today (Kartik 1, 2074).

The right issue was open for 35 days from Bhadra 29, 2074.

The microfinance company is issuing a total of 7,25,000 unit right shares worth Rs 7.25 crore at the face value of Rs 100.

The book closure date for 100% right issue was set for Bhadra 9, 2074 for one day. Only the shares registered one day ahead of the book closure date are eligible for applying for the right shares.

Sanima Capital Limited has been assigned as the issue manager for the right issue.

Interested shareholders can collect the application forms from Sanima Capital, Nagpokhari, Naxal Kathmandu as well as from designated branch offices of Sanima Bank and Summit Microfinance.

Its current paid up capital stands at Rs 7.25 crore. After the issuance of 100% right hares, its paid up capital will reach Rs 14.5 crore.

SMFDB has earned Rs 5.01 crore in the fourth quarter of the FY 2073/74.

Its last closing price stood at Rs 2085 as of last trading day.",0.9219982028007507
2017-09-17,Summit Microfinance proposes 34.48% bonus along with 10.52% after-tax cash dividend; Paid up to reach Rs 17 crore,https://www.sharesansar.com/newsdetail/summit-microfinance-proposes-34-48-bonus-along-with-10-52-after-tax-cash-dividend-paid-up-to-reach-rs-17-crore,"Summit Microfinance Development Bank Limited (SMFDB) has proposed a total of 46.82% dividends to its shareholders.

As per the notice published in NEPSE today, 155
th
BOD meeting of the microfinance company held on Bhadra 30, 2074 has proposed 34.48% bonus shares, 1.81% cash dividend for tax purpose, and after tax cash dividend of 10.52% to its shareholders from the profits it had earned in the FY 2073/74.

The decision is subjected to the approval from the concerned authorities and the company's upcoming AGM.

SMFDB has also been issuing 100% right shares worth Rs 7.25 crore to its shareholders from Bhadra 29, 2074. After 100% right and 34.48% bonus shares, its paid up capital will reach to Rs 17 crore from existing Rs 7.25 crore.

SMFDB has earned Rs 5.01 crore in the fourth quarter of the FY 2073/74. Its LTP stood at Rs 2,085 as of September 14, 2017.",0.7540428042411804
2017-09-14,Summit Microfinance issuing 7.25 lakh units (100%) right shares from today; offer ends Kartik 1,https://www.sharesansar.com/newsdetail/summit-microfinance-issuing-7-25-lakh-units-100-right-shares-from-today-offer-ends-kartik-1,"Summit Microfinance Development Bank Limited (SMFDB)
is issuing 1:1 (100%) right shares to its existing shareholders from today (Bhadra 29, 2074). The right issue will remain open for 35 days before closing on Kartik 1, 2074.

The microfinance company is issuing a total of 7,25,000 unit right shares worth Rs 7.25 crore at the face value of Rs 100.

The book closure date for 100% right issue was set for Bhadra 9, 2074 for one day. Only the shares registered one day ahead of the book closure date are eligible for applying for the right shares.

Sanima Capital Limited has been assigned as the issue manager for the right issue.

Interested shareholders can collect the application forms from Sanima Capital, Nagpokhari, Naxal Kathmandu as well as from designated branch offices of Sanima Bank and Summit Microfinance.

Its current paid up capital stands at Rs 7.25 crore. After the issuance of 100% right hares, its paid up capital will reach Rs 14.5 crore.

SMFDB has earned Rs 5.01 crore in the fourth quarter of the FY 2073/74.

Its last closing price stood at Rs 2005 as of September 13, 2017.",0.9223187565803528
2017-08-31,Summit Microfinance issuing 7.25 lakh units (100%) right shares from Bhadra 29; offer ends Kartik 1,https://www.sharesansar.com/newsdetail/summit-microfinance-issuing-7-25-lakh-units-100-right-shares-from-bhadra-29-offer-ends-kartik-1,"Summit Microfinance Development Bank Limited (SMFDB)
is issuing 1:1 (100%) right shares to its existing shareholders from Bhadra 29, 2074.

As per the notice published by the microfinance company today, the right issue will remain open for 35 days before closing on Kartik 1, 2074.

The microfinance company is issuing a total of 7,25,000 unit right shares worth Rs 7.25 crore at the face value of Rs 100.

The book closure date for 100% right issue was set for Bhadra 9, 2074 for one day. Only the shares registered one day ahead of the book closure date are eligible for applying for the right shares.

Sanima Capital Limited has been assigned as the issue manager for the right issue.

Interested shareholders can collect the application forms from Sanima Capital, Nagpokhari, Naxal Kathmandu as well as from designated branch offices of Sanima Bank and Summit Microfinance.

Its current paid up capital stands at Rs 7.25 crore. After the issuance of 100% right shares, its paid up capital will reach Rs 14.5 crore.

SMFDB has earned Rs 5.01 crore in the fourth quarter of the FY 2073/74.

Its last closing price stood at Rs 2200 as of August 30, 2017.",0.918602705001831
2017-08-24,Last day to clinch 100% & 80% right shares of Summit Microfinance & Sindhu Bikas Bank respectively,https://www.sharesansar.com/newsdetail/last-day-to-clinch-100-80-right-shares-of-summit-microfinance-sindhu-bikas-bank-respectively,"Today is the last day to clinch 100% right shares of
Summit Microfinance Development Bank Limited (SMFDB)
.
The microfinance company has decided to close the register of their shareholders on Bhadra 9, 2074 for the purpose of issuing right share. Only those shareholders that have shares traded ahead of the book closure date will be eligible to apply for the right shares, i.e. till Bhadra 8, 2074. SEBON had given approval for the issuance of right shares on Shrawan 23, 2074.

Sanima Capital Limited has been assigned as the issue manager for right share issue.

SMFDB will now be issuing 7,25,000 units right shares at a par value of Rs 100 per unit. After the issuance of 100% right shares, its paid up capital will reach Rs 15 crore.

SMFDB has earned Rs 5.01 crore in the fourth quarter of the FY 2073/74.

Its last closing price stood at Rs 3694 as of August 23, 2017.

NIBL Capital Markets Limited is the issue manager for the right issue of Sindhu Bikas Bank while Global IME Capital Limited is the issue manager for the right issue of Kabeli Bikas Bank.
Likewise, today is also last day to clinch 80% right shares of
Sindhu Bikas Bank Limited (SINDU).
It
will be issuing a total of 20,97,540 unit right shares worth Rs 2.09 crore at the face value of Rs 100.

Sindhu Bikas Bank has set book closure date for the 80% right issue on Bhadra 9, 2074. Only those shareholders holding shares traded one trading day ahead of the book closure date i.e. until Bhadra 8, 2074 are eligible to apply for the right shares.

After the adjustment of the rights shares, the bank’s total paid-up capital will reach Rs 47.19 crore from the existing Rs 26.21 crore. The bank has authorized capital of 70 crore.

Interested applicants can collect application forms from NIBL Capital Markets Limited, Lazimpat, Kathmandu and from all branches of Sindhu Bikas Bank and designated branch office of Nepal Investment Bank.

SINDU has earned net profit of Rs 3.72 crore in the fourth quarter of the last FY 2073/74. As per NRB’s directive for all 1-3 district level development banks to increase their paid up capital to a minimum of Rs 50 crore by the end of FY 2073/74, SINDU will need to issue a further capital hike of around 6%.

Its LTP stood at Rs 334 as of August 23, 2017.",0.9161199331283569
2017-08-17,"Despite issuing 6 lakh units IPO, Forward Microfinance’s profit rises by 44.91% to Rs 25.06 crore, Q4’s EPS of Forward, Nepal Grameen & Summit Microfinance stands at Rs 125.35, Rs 28.96 & Rs 69.10 respectively",https://www.sharesansar.com/newsdetail/despite-issuing-6-lakh-units-ipo-forward-microfinances-profit-rises-by-44-91-to-rs-25-06-crore-q4s-eps-of-forward-nepal-grameen-summit-microfinance-stands-at-rs-125-35-rs-2,"Forward Community Microfinance Bittiya Sanstha Limited (FOWAD)
has posted profit growth of 44.91 percent in the fourth quarter (Q4) of the last fiscal year 2073/74.

Publishing the unaudited financial report for the fourth quarter today, the microfinance company stated that its net profit rose to Rs 25.06 crore in the current fiscal year 2073/74, up from Rs 17.30 crore in the corresponding period of the previous fiscal year 2072/73.

Its net interest income has risen from Rs 49.26 crore in corresponding quarter to Rs 65.74 crore in the fourth quarter.

FOWAD’s paid up capital remains at Rs 20 crore with reserve of Rs 59.97 crore in Q4. FOWAD has issued 6 lakh units IPO shares to the public in the FY 2073/74.

The company has borrowings of Rs 3.49 arba in the fourth quarter, up from Rs 2.78 arba in the corresponding quarter. Likewise, it has extended loans and advances of Rs 6.15 arba in Q4 whereas in the same period last year the figure stood at Rs 4.28 arba.

Its non-performing loan (NPL) has decreased to 0.29% in Q4 from 0.38% in the previous year report.

FOWAD’s annualized earning per share (EPS) stands at Rs 125.35, net worth per share at Rs 399.89 and the P/E ratio at 30.4 times.
Similarly, Summit Microfinance Development Bank Limited (SMFDB) has posted profit growth of 34.54 percent in the fourth quarter (Q4) of the last fiscal year 2073/74.
Publishing the unaudited financial report for the fourth quarter today, the microfinance company stated that its net profit inclined to Rs 5.01 crore in the current fiscal year 2073/74, up from Rs 3.72 crore in the corresponding period of the previous fiscal year 2072/73.

Its net interest income has risen from Rs 8.82 crore in corresponding quarter to Rs 11.97 crore in the fourth quarter.

SMFDB’s paid up capital remains at Rs 7.25 crore with reserve of Rs 8.14 crore in Q4. Yesterday, it has published book closure date for 100% right shares to its shareholders on Bhadra 9, 2074. Thus, those who are holding their shares or buying ahead of the book closure date are entitled to right shares. After 100% right issue, its paid up capital will reach Rs 15 crore.

The company has borrowings of Rs 54.04 crore in the fourth quarter, up from Rs 41.47 crore in the corresponding quarter. Likewise, it has extended loans and advances of Rs 1.08 arba in Q4 whereas in the same period last year the figure stood at Rs 76.95 crore.

Its non-performing loan (NPL) has decreased to 0.34% in Q4 from 0.41% in the previous year report.

SMFDB’s earning per share (EPS) stands at Rs 69.10, net worth per share at Rs 212.39 and the P/E ratio at 43.43 times.
Nepal Grameen Bikas Bank Limited (NGBBL) has posted decline of 34.33 percent profit in the fourth quarter (Q4) of the last fiscal year 2073/74.
Publishing the unaudited financial report for the fourth quarter today, the microfinance company stated that its net profit declined to Rs 16.14 crore in the current fiscal year 2073/74, down from Rs 24.58 crore in the corresponding period of the previous fiscal year 2072/73.

Its net interest income has risen from Rs 86.09 crore in corresponding quarter to Rs 1.01 arba in the fourth quarter.

NGBBL’ paid up capital remains at Rs 55.75 crore with reserve of Rs 17.33 crore in Q4. NGBBL is issuing 9,75,000 unit shares as Further Public Issue (FPO) at Rs 100 and SEBON has already given approval for the FPO. Prabhu Capital Limited is the issue manager for the FPO.

The company has borrowings of Rs 4.53 arba in the fourth quarter, up from Rs 4.29 arba in the corresponding quarter. Likewise, it has extended loans and advances of Rs 7.72 arba in Q4 whereas in the same period last year the figure stood at Rs 6.41 arba.

Its non-performing loan (NPL) has decreased to 3.76% in Q4 from 4.73% in the previous year report.

NGBBL’s earning per share (EPS) stands at Rs 28.96, net worth per share at Rs 131.10 and the P/E ratio at 25.73 times.

Major Highlights:",-0.914320170879364
2017-08-16,Book Closure for 100% right shares of Summit Microfinance on Bhadra 9; LTP at Rs 3606; Only 6 trading days left,https://www.sharesansar.com/newsdetail/book-closure-for-100-right-shares-of-summit-microfinance-on-bhadra-9-ltp-at-rs-3606-only-6-trading-days-left,"Summit Microfinance Development Bank Ltd (SMFDB) has set book closure date for its upcoming 1:1 (100%) right shares.

As per the notice published in NEPSE today, the microfinance company has decided to close the register of their shareholders on Bhadra 9, 2074 for the purpose of issuing right share.

Only those shareholders that have shares traded ahead of the book closure date will be eligible to apply for the right shares, i.e. till Bhadra 7, 2074. SEBON had given approval for the issuance of right shares on Shrawan 23, 2074.

Sanima Capital Limited has been assigned as the issue manager for right share issue.

SMFDB will now be issuing 7,25,000 units right shares at a par value of Rs 100 per unit. After the issuance of 100% right shares, its paid up capital will reach Rs 15 crore.

SMFDB has earned Rs 3.81crore in the third quarter of the FY 2073/74. Its annualized earning per share (EPS) stands at Rs 52.56 and net worth per share at Rs 225.89.

Its last closing price stood at Rs 3606 as of August 15, 2016.",0.9198587536811829
2017-08-13,Summit Microfinance receives ICRA Grade 4+ for 100% right issue; Green Development Bank got Grade 5 for upcoming 400% right share,https://www.sharesansar.com/newsdetail/summit-microfinance-receives-icra-grade-4-for-100-right-issue-green-development-bank-got-grade-5-for-upcoming-400-right-share,"ICRA Nepal has assigned an “[ICRANP] IPO Grade 4+ and Grade 5”, to the proposed rights issue of Summit Microfinance Development Bank Limited (SMFDB) and Green Development Bank Limited (GRDBL).

Summit Microfinance right share has already been approved by Securities Board of Nepal (SEBON) while the process to issue right share of GRDBL is in review process.
Summit Microfinance
is issuing 1:1 (100%) rights share of 725,000 numbers of equity shares at the face value of Rs 100 each to be issued to the existing shareholders at par. The proposed rating of SMFDB indicates below-average fundamental.

As per ICRA Nepal, the grading is constrained by the recent regulatory constriction for MFIs capping lending rates at 18% which is expected to impact profitability of the sector going forward. Additionally, Monetary Policy of FY17 also required commercial banks to directly lend 2% to deprived sector (rest 3% of deprived sector lending requirements could be through intermediaries). Any further changes in regulations and banking sector’s preference to route deprived sector lending through MFIs could significantly impact funding support for the sector and hence its growth and profitability prospects of SMFDB.

Sanima Capital Limited has been appointed as the issue manager.

SMFDB has earned net profit of Rs 3.81 crore in the third quarter of the fiscal year 2073/74 as per unaudited report. SMFDB has a paid up capital of Rs 7.25 crore at present. After issuance of 100% right share, its paid up capital will reach to Rs 14.50 crore.

Likewise,
Green Development Bank
is proposing to issue 1:4 (400%) rights share of 4,000,000 numbers of equity shares at the face value of Rs 100 each to be issued to the existing shareholders at par. The proposed rating of GRDBL indicates poor fundamental.

As per Icra Nepal, The grading is mainly constrained by significant deterioration seen in asset quality indicators of the bank in recent periods despite limited track record in banking (operating from August 2013) and hence low seasoning of credit portfolio. GRDBL’s pace of credit growth has remained high over small base (CAGR of ~119% achieved from Jul-15 to Apr-17) and hence portfolio size still remains much smaller (credit portfolio of NPR 306 million as of mid-Apr-2017). GRDBL’s credit portfolio primarily composed of personal loans (33%), hire purchase loans (17%), business loans (14%), term loans (9%), gold loans (8%), deprived sector loans (7%), agriculture loans (6%) and balance being other loans

Laxmi Capital Markets Limited has been appointed as the issue manager.

GRDBL has a paid up capital of Rs 10 crore at present. After issuance of 400% right share, its paid up capital will reach to Rs 50 crore. Nepal Rastra Bank’s (NRB) Monetary Policy has directed 1-3 district level development banks to maintain their paid up capital to a minimum of Rs 50 crore by the end of FY 2073/74, and after the issuance of 400% right share, the 3-district level development bank will meet NRB’s requirement.

ICRA Nepal assigns IPO grading on a scale of IPO Grade 1 through IPO Grade 5, with Grade 1 indicating strong fundamentals and Grade 5 indicating poor fundamentals.",0.11670733243227005
2017-08-08,SEBON approves to issue 100% & 50% Right Shares of Summit Microfinance & Excel Development Bank respectively,https://www.sharesansar.com/newsdetail/sebon-approves-to-issue-100-50-right-shares-of-summit-microfinance-excel-development-bank-respectively,"Securities Board of Nepal (SEBON) has provided final approval to issue right shares of Summit Microfinance Development Bank Limited (SMFDB) and Excel Development Bank Limited (EDBL).
Summit Microfinance
will be now issuing 7,25,000 units shares in the ratio 1:1 (100%) to its shareholders at a face value of Rs 100 per share. Sanima Capital Limited has been appointed as the issue manager.

SMFDB has earned net profit of Rs 3.81 crore in the third quarter of the fiscal year 2073/74 as per unaudited report. SMFDB has a paid up capital of Rs 7.25 crore at present. After issuance of 100% right share, its paid up capital will reach to Rs 14.50 crore.

Likewise,
Excel Development Bank
will be floating 19,22,812.50 units shares in the ratio 2:1 (50%) to its shareholders at a face value of Rs 100 per share. Ace Capital Limited has been appointed as the issue manager.

EDBL has earned net profit of Rs 11.70 crore in the third quarter of the fiscal year 2073/74 as per unaudited report. EDBL has a paid up capital of Rs 38.45 crore at present. After issuance of 50% right share, its paid up capital will reach to Rs 57.68 crore.",0.8128114938735962
2017-06-21,Summit Microfinance & Asian Life Insurance 100% & 50% right shares respectively added in SEBON pipeline for approval,https://www.sharesansar.com/newsdetail/summit-microfinance-asian-life-insurance-100-50-right-shares-respectively-added-in-sebon-pipeline-for-approval,"Summit Microfinance Development Bank Limited (SMFDB) and Asian Life Insurance Company Limited (ALICL) have been added in Securities Board of Nepal (SEBON) pipeline to seek approval for the issuance of 1:1 (100%) and 2:1 (50%) right shares respectively.
Summit Microfinance Development Bank’s
8
th
AGM had approved to issue 100% right share to its shareholders. Sanima Capital Limited has been appointed as its issue manager for issuing 100% right share. The microfinance company will be floating 7.25 lakh units worth Rs 7.25 crore right shares.

SMFDB earned net profit of Rs 3.81 crore in the third quarter of the current fiscal year 2073/74. It has a paid up capital of Rs 7.25 crore. The company had issued 45% bonus share to its shareholders for the FY 2072/73. After issuance of 100% right share, its paid up capital will reach Rs 14.50 crore.
Asian Life Insurance
will be issuing 50% (2:1) right share i.e. 40,27,966 units to its shareholders. The insurance company’s 8
th
& 9
th
AGM held on Chaitra 17, 2073 had approved to issue 50% right share to its shareholders. NIBL Capital Markets Limited has been assigned as its issue manager for issuing 50% right share.

ALICL had earned Rs 2.96 crore in the third quarter of the fiscal year 2073/74. Its paid up capital remains at Rs 80.55 crore. After the issuance of 50% right share, its paid up capital will reach Rs 1.20 arba.",0.8628698587417603
2017-05-19,Summit Microfinance appoints Sanima Capital as issue manager to issue 100% right share,https://www.sharesansar.com/newsdetail/summit-microfinance-appoints-sanima-capital-as-issue-manager-to-issue-100-right-share,"Summit Microfinance Development Bank Limited (SMFDB) has appointed Sanima Capital Limited as its issue manager for issuing 100% right share.

Summit Microfinance Development Bank’s 8
th
AGM had approved to issue 100% right share to its shareholders.

The microfinance company will be floating 7.25 lakh units right shares. The process to issue right share is yet to be approved by SEBON.
SMFDB earned net profit of Rs 3.81 crore in the third quarter of the current fiscal year 2073/74. It  has a paid up capital of Rs 7.25 crore. The company had issued 45% bonus share to its shareholders for the FY 2072/73. After issuance of 100% right share, its paid up capital will reach Rs 14.50 crore.",0.7611940503120422
2017-05-17,Summit Microfinance earns Rs 3.81 crore in Q3; EPS at Rs 70,https://www.sharesansar.com/newsdetail/summit-microfinance-earns-rs-3-81-crore-in-q3-eps-at-rs-70,"Summit Microfinance Development Bank Limited (SMFDB) has posted a net profit growth of 44.10% in the third quarter of the ongoing fiscal year 2073/74. As per its unaudited report published today, its net profit has increased to Rs 3.81 crore till the end of Chaitra, 2073.

Majority of increase in its net profit is the rise in net interest income, which has grown to Rs 8.84 crore this year from Rs 6.37 crore last year. Likewise, its operating profit has also increased by 44% to Rs 5.98 crore.

As of Q3, its deposits base has reached Rs 42.53 crore, borrowings at Rs 47.10 crore and loans at a whopping Rs 1.05 arba. It was able to increase its floated loans by 45% in this period.

Its paid up capital now stands at Rs 7.25 crore, reserve at Rs 9.12 crore with net worth per share of Rs 225.89. As of the end of Q3, its annualized EPS has reached Rs 70.08 and it has a P/E ratio of 36.24 times.
Major Highlights:
Indicators (Rs in ""000"")
FY 2073/74 Q3
FY 2072/73 Q3
Difference (%)
Paid Up Capital
72,500.00
50,000.00
45.00%
Reserve and Surplus
91,269.68
63,248.66
44.30%
Deposits
425,357.57
305,342.59
39.31%
Loans and Advances
1,049,215.32
723,062.73
45.11%
Borrowings
471,083.30
428,567.40
9.92%
Net Interest Income
88,471.02
63,752.91
38.77%
Provision
1,069.18
345.25
209.68%
Write Back
-
-
-
Operating Profit
59,882.80
41,555.52
44.10%
Net Profit
38,107.24
26,444.42
44.10%
Capital Adequacy Ratio
15.37%
15.12%
-
NPL
0.36%
0.25%
44.00%
Cost of Fund
6.75%
6.36%
CD Ratio (as per NRB)
246.67%
236.80%
-
EPS (Annualized)
70.08
70.52
-0.62%
PE Ratio
36.24
Networth Per Share
225.89",-0.6773281693458557
2017-04-20,"Nepal SBI Bank, Mero microfinance & 9 other companies lists 1.69 crore units bonus shares in NEPSE",https://www.sharesansar.com/newsdetail/nepal-sbi-bank-mero-microfinance-10-other-companies-lists-1-69-crore-units-bonus-shares-in-nepse,"Nepal Stock Exchange Limited (NEPSE) has listed 1.69 crore units bonus shares of 11 different companies today (Baisakh 7, 2074) for trading. Now the investors holding bonus share of these companies can sell their bonus shares
Listing of bonus shares of Lumbini Finance and Leasing Co. Ltd
1443750 units bonus shares of Lumbini Finance and Leasing Co. Ltd. has been listed.
Listing of bonus shares Central Finance Co. Ltd.
555204.15 units bonus shares of Central Finance Ltd. has been listed.
Listing of Bonus Shares of Sahara Bikas Bank Ltd
57348 units bonus shares of Sahara Bikas Bank Ltd. has been listed.
Listing of Bonus Shares of Summit Microfinance Development Bank Ltd
225000 units bonus shares of Summit Microfinance Development Bank Ltd. has been listed.
Listing of Bonus Shares of Mero Microfinance Bittiya Sanstha Ltd
200000 units bonus shares of Mero Microfinance Bittiya Sanstha Ltd. has been listed.
Listing of Bonus Shares of Sana Kisan Bikas Bank Ltd.
1006124.69 units bonus shares of Sana Kisan Bank Ltd. has been listed
Listing of Bonus Shares of Nepal SBI Bank Ltd
10889272 units bonus shares of Nepal SBI Bank Ltd. has been listed.
Listing of Bonus Shares of Purnima Bikas Bank Ltd
498220.54 units bonus shares of Purnima Bikas Bank Ltd. has been listed
Listing of Bonus Shares of Alpine Development Bank Ltd.
329353 units bonus shares of Alpine Development Bank Ltd. has been listed.
Listing of Bonus Shares of Butwal Power Company Ltd.
1184563 units bonus shares of Butwal Power Company Limited has been Listed.
Listing of Bonus Shares of Guheshwori Merchant and Finance Ltd.
528730.92 units Bonus shares of Guheshwori merchant and Finance company has been listed.",0.9063389897346497
2017-02-14,Summit Microfinance Development Bank reports 50% surge in net profit to Rs 2.52 crore; net worth per share at Rs 189,https://www.sharesansar.com/newsdetail/summit-microfinance-development-bank-reports-50-surge-in-net-profit-to-rs-2-52-crore-net-worth-per-share-at-rs-189,"Summit Microfinance Development Bank (SMFDB) has registered a net profit growth of 50.56% in the second quarter of the current FY 2073/74.

According to the
unaudited financial report published by the microfinance today
, its net profit has increased to Rs 2.52 crore in second quarter, up from Rs 1.67 crore in the corresponding quarter of the previous fiscal year.

SMFDB’s net interest income has risen to Rs 5.75 crore in Q2 as compared to Rs. 4.23 crore in the corresponding quarter of the last fiscal year.

As of Q2, it has a paid up capital of Rs 7.25 crore with a reserve of Rs 7.10 crore.

The bank has borrowed Rs 41.63 crore in Q2, down from Rs 44.04 crore in the corresponding quarter of the previous year. Likewise, it has extended loans and advances of Rs. 93.79 crore in Q2 whereas in the same period last year, the figure stood at Rs 65.67 crore.

SMFDB’s annualized Earnings per Share (EPS) has increased to Rs 69.69 per share up from Rs 67.12 per share. Its net worth stands at Rs 189.05 and P/E ratio at 77.14 times.

Its
18
th
AGM has endorsed 45% bonus share and right share of 100%
. After the issuance of right and bonus share, the paid up capital of the microfinance company will reach Rs 21.20 crore.",-0.846074640750885
2017-01-09,Summit Microfinance 8th AGM today; to approve 45% bonus & 100% right shares,https://www.sharesansar.com/newsdetail/summit-microfinance-8th-agm-today-to-approve-45-bonus-100-right-shares,"Summit Microfinance Development Bank Limited (SMFDB) will be convening its 8
th
Annual General Meeting (AGM) today (Poush 25, 2073). The AGM will be held at Agrasen Bhawan, Birtamod, Jhapa at 8:30 AM.

Main agendas of the AGM are:
To endorse 45% bonus shares and cash dividend worth Rs 11,84,210.53 for tax purpose from the net profit it earned from the fiscal year 2072/73. After issuance of bonus share, to increase paid up and issued capital and amend article of association accordingly.
To endorse 1:1 (100%) right share after bonus share distribution.
To increase authorized and issued capital accordingly.
To amend article of association per directed by registrar office or the Nepal Rastra Bank.
Other main agendas of the AGM include financial highlights of 2072/73 and appointment of auditor.

Only those shareholders owning shares till Poush 7, 2073 were entitled to the dividend of the company. The register of their shareholders was closed from Poush 8, 2073 till Poush 25, 2073 for the purpose of its AGM.

SMFDB has earned net profit of Rs 1.02 crore in the first quarter of the FY 2073/74. The microfinance company has paid up capital of Rs 7.25 crore. After 45% bonus & 100% right share endorsement, its paid up capital will reach Rs 21.02 crore.",0.8520651459693909
2016-12-22,"Reminder; Last day to secure dividend & right shares of Saptakoshi Dev. Bank , Hamro Bikas , Siddhartha Insurance, Summit Microfinance & other 5  companies",https://www.sharesansar.com/newsdetail/reminder-last-day-to-secure-dividend-right-shares-of-saptakoshi-dev-bank-hamro-bikas-siddhartha-insurance-summit-microfinance-other-5-companies,"Many Bank and Financial Institutions have been endorsing bonus and right share to their shareholders. And today is the last day to get hold of dividends (stock and cash dividend) and even right shares of 9 different companies.

There are altogether 9 companies whose book closure date is getting closer. Only those shareholders owning shares till today (Poush 7, 2073) are eligible for the dividends and right share of the following companies.
S.No.
Company Name
Proposed Dividend/ Right share
Book Closure Date
AGM Date
1
Saptakoshi development Bank  Limited (SKDBL)
11% Bonus & 100% Right share
Poush 8, 2073
Poush 28
2
Hamro Bikas Bank Limited (HAMRO)
25% Bonus Share
""
Poush 29
3
Purnima Bikas Bank Limited (PURBL)
24.7% Bonus Share
""
Poush 23
4
Siddhartha Insurance Company limited (SIL)
30% Bonus Share
""
Poush 22
5
Summit Microfinance Development Bank Limited (SMFDB)
45% Bonus Share
""
Poush 25
6
Mithila Laghubitta Bikas Bank Limited (MLBBL)
12.66% Bonus Share
""
Poush 23
7
Chilime Hydropower Company Limited (CHCL)
10% Bonus & 10% Cash Dividend
""
Poush 29
8
Bhargav Bikas Bank Limited (BHBL)
20% Bonus Share
Poush 10, 2073
Poush 23
9
Manjushree Finance Company limited (MFIL)
14% Bonus & 175% Right Share
Poush 9, 2073
Poush 29
The register of the shareholders will be closed one trading day ahead of book closure date till the conduction of their AGMs.",0.924793541431427
2016-12-18,Summit Microfinance 8th AGM on Poush 29; to approve 45% bonus & 100% right share,https://www.sharesansar.com/newsdetail/summit-microfinance-8th-agm-on-poush-29-to-approve-45-bonus-100-right-share,"Summit Microfinance Development Bank Limited (SMFDB) will be convening its 8
th
Annual General Meeting (AGM) on Poush 25, 2073. The AGM will be held at Agrasen Bhawan, Birtamod, Jhapa at 8:30 AM.

Main agendas of the AGM are:
To endorse 45% bonus shares and cash dividend worth Rs 11, 84,210.53 for tax purpose from the net profit it earned from the fiscal year 2072/73. After issuance of bonus share to increase paid up and issued capital and amend article of association accordingly.
To endorse 1:1 (100%) right share after bonus share distribution.
To increase authorized and issued capital accordingly.
To amend article of association per directed by registrar officer or the Nepal Rastra Bank.
Other main agendas of the AGM include financial highlights of 2072/73 and appointment of auditor.

Only those shareholders owning shares till Poush 7, 2073 will be entitled to the dividend of the company. The register of their shareholders will be closed from Poush 8, 2073 till Poush 25, 2073 for the purpose of its AGM.

SMFDB has earned net profit of Rs 1.02 crore in the first quarter of the FY 2073/74.The microfinance company has paid up capital of Rs 7.25 crore. After 45% bonus & 100% right share endorsement, its paid up capital will reach to Rs 21 crore.",0.8672666549682617
2016-12-15,Summit Microfinance AGM on Poush 25; Book closure on Poush 8; to endorse 45% bonus & 100% right share,https://www.sharesansar.com/newsdetail/summit-microfinance-agm-on-poush-25-book-closure-on-poush-8,"Summit Microfinance Development Bank Limited (SMFDB) will be convening its Annual General Meeting on Poush 25, 2073 and the microfinance company has announced book closure date for the same.

The book closure date for the AGM has been set from Poush 8, 2073 till Poush 25, 2073. Only the shares registered one trading day ahead of the book closure date i.e. Poush 7, 2073 will be eligible for the bonus share of the company.

The same AGM is supposed to approve 45% bonus share and 1:1 (100 %) right share to its shareholders.

It has earned net profit of Rs 1.02 crore in the first quarter of the FY 2073/74.The microfinance company has paid up capital of Rs 7.25 crore. After 45% bonus & 100% right share endorsement, its paid up capital will reach to Rs 21.02 crore.",0.9058287739753723
2016-09-18,Know the companies that have announced dividend from the profit of FY 72/73,https://www.sharesansar.com/newsdetail/know-the-companies-that-have-announced-dividend-from-the-profit-of-fy-7273,"With the beginning of fiscal year 2073/74, the listed companies have started to provide dividends to its shareholders from the profit of company’s past fiscal year.

Commercial Banks, Development Banks, Finance Companies, Microfinances, Hotels and other sectors have a good record of providing dividends in the FY 2071/72 and FY 2072/73.
Commercial Bank
Nabil Bank Limited has announced 45% dividend from the profit it earned in the FY 2072/73.Whereas the least dividend providing commercial bank for the FY 2072/73 is Sanima Bank Limited. In the FY 2071/72, NIC Asia Bank Limited had provided the highest dividend of 41.05%. Sanima Bank and Citizens Bank International Limited had provided the least dividend from the profit it earned in the FY 2071/72.Both commercial banks had provided 21.05% dividend each in FY 2071/72.

The table below details about the commercial banks with their dividend history in the FY 2071/72 and FY 2072/73 :
Development Bank
In the course of providing dividends, a number of development banks had provided handful of dividends to its shareholders in the FY 2071/72.

Miteri Development Bank Limited (MDBL) has become the highest dividend paying development bank among the developments bank to propose dividend in FY 2072/73. The development bank had provided highest dividend i.e. 31.58% for the FY 2072/73. Also the dev. bank had provided highest dividend i.e. 31.58 % in the FY 2071/72. The least dividend providing development banks turn out to be Country Dev Bank. The development bank had announced 7.63% dividend each for the FY 2072/73 and 2071/72.

The table below details about the development bank with their dividend history in the FY 2071/72 and FY 2072/73.
Finance Companies
Goodwill Finance Company Limited tops the list to propose 26.320 % dividend for the FY 2073/74 whereas Pokhara Finance was the highest dividend providing company in FY 2071/72 .Shree Investment Finance Company is the least dividend paying company for the FY 2072/73. The company had allocated 11.05% dividend to its shareholders. Whereas Unique Finance Limited had provided the least dividend of 7.036 % for the FY 2071/72.
Microfinance Companies
Summit Microfinance Development Bank remains on the top dividend providing Microfinance Company with 47.36% dividend for the FY 2072/73 whereas Nerude Laghubitta Bikas Bank  with  46.32 %  dividend was in the top dividend providing companies list for the FY 2071/72.Meanwhile First Microfinance Development Bank Limited is the least dividend providing company for the FY 2072/73. The company has announced 15.79 percent dividend. Similarly in the FY 2071/72, NMB Microfinance Company Limited had become the least dividend providing company with 15% dividend in total.
Hotels
Orientals Hotel Limited is the only hotel to announce 26.32 % dividend from the profit it earned in the FY 2072/73.The hotel had also distributed 20% dividend in the FY 2071/72.
Manufacture and Production
Unilever Nepal Limited has announced cash dividend of Rs 1020 per kitta from the profit it earned in the last FY 2072/73.Likewise in the FY 2071/72, the company had declared Rs 990 cash dividend to its shareholders.
Hydropower Company
Arun Valley Hydropower Development Company and Ridi Hydropower Development Company has announced a total of 10.53 % and 6.32 % respectively  in the FY 2072/73.The hydropower companies duo had provided dividend of 11% and 10.56 % respectively in the FY 2071/72.",0.8282917141914368
2016-09-11,Summit Microfinance & Gandaki Bikas Bank announces 45 % stock & 19.57 % dividend respectively,https://www.sharesansar.com/newsdetail/summit-microfinance-gandaki-bikas-bank-announces-45-stock-19-57-dividend-respectively,"Summit Microfinance Development Bank Limited (SMFDB)
has announced to distribute 45 percent bonus and 2.3684 percent cash dividend to its shareholders.

The BOD meeting of the microfinance company held on Bhadra 24, 2073 has proposed 45 percent bonus share and 2.3684 percent cash dividend to its shareholders from the net profit it earned in the last fiscal year 2072/73.

The decision is subjected to approval from Nepal Rastra Bank and its upcoming AGM.

Earlier the bank had provided 41.72 percent stock dividend to its shareholders from the net profit it earned in the fiscal year 2071/72.

SMFDB has earned net profit of Rs 3.72 crore in the fourth quarter of the last fiscal year 2072/73 as per unaudited report. It’s paid up capital stands at Rs 5 crore and after the issuance of 45 percent bonus share it’s paid up capital will rise to Rs 7.25 crore.

Likewise,
Gandaki Bikas Bank Limited (GDBL)
has declared to distribute 19.57 percent bonus share and 1.03 percent cash dividend for tax purpose to its shareholders.

The BOD Meeting of the development bank held on Bhadra 26, 2073 has proposed 19.57 percent bonus share and 1.03 percent cash dividend for tax purpose to its shareholders from the net profit it earned in the last fiscal year 2072/73.

The decision is subjected to approval from Nepal Rastra Bank and its upcoming AGM.

Earlier the bank had provided 23 percent stock dividend to its shareholders from the net profit it earned in the fiscal year 2071/72.

At present GDBL has earned net profit of Rs 13.12 crore in fourth quarter of last fiscal year 2072/73. It has paid up capital of Rs 53.85 crore. After the issuance of 23 percent bonus share, its paid up capital will reach to Rs 66.23 crore.

Trading of Gandaki Bikas Bank Limited (GDBL) has been suspended from today in Nepal Stock Exchange Limited (NEPSE) for the merger process with Fewa Bikas Bank Limited (FBBL).",0.7758997082710266
2016-08-16,Summit micro finance net profit upswings by   33.77 % in Q4; EPS at Rs 74.47,https://www.sharesansar.com/newsdetail/summit-micro-finance-net-profit-upswings-by-33-77-in-q4-eps-at-rs-74-47,"Summit Microfinance Development Bank has reported net profit increment by 33.77% for the fourth quarter of the fiscal year 2072/73. The finance company earned Rs 3.72 in Q4 of the last fiscal year compared to the net profit Rs 2.78 crore of the corresponding quarter of the previous fiscal year.

Publishing the unaudited financial report for the fourth quarter today, the microfinance company has stated that it has borrowings of Rs 41.47 crore in Q4 increasing from Rs 33.59 crore of the previous year corresponding quarter.

Summit Micro Finance has collected deposit amount of Rs 32.81 crore and mobilized loans of Rs 76.95 crore in Q4. The deposit and loan and advance figure stood at Rs 22.33 crore and Rs 59.37 crore respectively in previous year corresponding quarter.

The microfinance company’s net interest income increased to Rs 8.82 crore from Rs 6.49 crore in the Q4 of FY 2072/73.Its operating profit increased to Rs 5.85 crore .

Summit Micro Finance’s paid up capital remains at Rs 5crore with reserve of Rs 5.89 crore in Q4.

Its Non-Performing Loan increased to 0.41% from 0.33%. Its EPS now stands at Rs 74.47, net worth per share at Rs 217.86, and P/E ratio at 33.84 times.",-0.8815727829933167
2016-05-24,4 Commercial Banks & 2 other companies listed 1.68 cr units bonus share for trading;  21.21 lakh units preferential shares of Taragaon Regency Hotel listed,https://www.sharesansar.com/newsdetail/4-commercial-banks-2-other-companies-listed-1-68-cr-units-bonus-share-for-trading-taragaon-regency-hotel-converts-21-21-lakh-units-preferential-shares-into-ordinary-shares,"Nepal Stock Exchange Limited (NEPSE) has listed 1, 68, 49, 118 units of bonus share of six different companies today (Jestha 11, 2073) for trading. Also 21, 21, 750 units preference shares of Taragaon Regency Hotels Limited converted into ordinary share and has been listed for trading. Investors holding the bonus shares of these six companies can sell their shares from now onward.

The shares of following companies have been listed in NEPSE for trading:
Listing of Bonus Shares of
Century Commercial Bank
Ltd
19, 08, 000 units bonus share of Century Commercial Bank Ltd. has been listed for trading.
Listing of Bonus Shares of
Mega Bank
Nepal Ltd
26, 09, 600 units Bonus share of Mega Bank Nepal Ltd. has been listed for trading.
Listing of Bonus Shares of
Nepal SBI Bank
Ltd
82, 55, 458 units Bonus share of Nepal SBI Bank Ltd. has been listed for trading.
Listing of Bonus Shares of Nepal
Credit and Commercial Bank
Ltd
32, 45,760 units Bonus share of Nepal Credit and Commerce Bank Ltd. has been listed for trading.
Listing of Bonus Shares of
Summit Microfinance Development Bank
Ltd
1, 47, 200 units bonus share of Summit Microfinance Development Bank Ltd. has been listed for trading.
Listing of Converted share of Taragaon Regency Hotels Ltd
21,21,750 units Preferential share of Taragaon Regency Hotels Ltd. converted to ordinary share has been listed for trading.
Listing of Bonus Shares of
NLG Insurance Company
Ltd
6, 83,100 units bonus share of NLG Insurance Co. Ltd. has been listed for trading.",0.9136216640472412
2016-05-11,Summit micro finance net profit upswings by   39.57 % in Q3,https://www.sharesansar.com/newsdetail/summit-micro-finance-net-profit-upswings-by-39-57-in-q3,"Summit Microfinance Development Bank has reported net profit increment by 39.57% for the third quarter of the fiscal year 2072/73. The finance company earned Rs 2.64 in Q3 of the current fiscal year compared to the net profit Rs 1.89 crore of the corresponding quarter of the previous fiscal year.

Publishing the unaudited financial report for the third quarter today, the microfinance company has stated that its has borrowings of Rs 42.85 crore in Q3.The borrowing increased from Rs 29.33 crore of the previous year corresponding quarter.

Summit Micro Finance has collected deposit amount of Rs 30.53 crore and mobilized loans of Rs 72.30 crore in Q3. The  deposit and loan and advance figure stood at Rs 19.97 crore and Rs 54.18 crore respectively in last year corresponding quarter.

The microfinance company’s net interest income increased to Rs 6.37 crore from Rs 4.45 crore in the Q3 of FY 2072/73.Its operating profit increased to Rs 4.15 crore .

Summit Micro Finance’s paid up capital remains Rs 5crore with reserve of Rs  6.32 crore in Q3.

Its Non Performing Loan dropped to 0.25% from 0.42%. Its EPS now stands at Rs 52.89, net worth per share at Rs 226.50, and P/E ratio at 47.65 times.",-0.8273084163665771
2016-02-19,Summit Micro Finance  net profit upswings by   45.08 % ; Kalika Micro Credit earns Rs 1.13 crore in Q2,https://www.sharesansar.com/newsdetail/summit-micro-finance-net-profit-upswings-by-45-08-kalika-micro-credit-earns-rs-1-13-crore-in-q2,"Summit Micro Finance Development Bank Limited (SMFDB)
has reported a net profit of Rs 1.67 crore for the second quarter of the fiscal year 2072/73. The net profit increased by 45.08 % in Q2 of FY 2072/73 as compared to the net profit of the corresponding quarter of the previous fiscal year.

Publishing the unaudited financial report for the second quarter , the microfinance company has stated that its borrowings doubled to Rs 44.04 crore increasing from Rs 22.92 crore as compared in the corresponding quarter of the previous fiscal year 2071/72.

Summit Micro Finance has collected deposit amount of Rs 27.66 crore  and mobilized loans of Rs 65.67 crore in Q2.

The microfinance company’s net interest income increased to Rs 4.23 crore from Rs2.74 crore in the Q2 of FY 2072/73.Its operating profit increased to Rs 2.63 crore .

Summit Micro Finance’s paid up capital remains Rs 5crore with reserve of Rs 4.80 crore in Q2.

Its Non Performing Loan dropped to 0.28% from 0.59%. Its net worth per share at Rs 196.12, and P/E ratio at 43.61 times.
Kalika Microcredit Development Bank  Limited (KMCDB)
has posted a net profit of Rs 1.13 crore for the second quarter of the fiscal year 2072/73. The net profit lowered by 31.25 % in this Q2 as compared to the net profit of the corresponding quarter of the previous fiscal year.

Publishing the unaudited financial report for the second quarter , the microfinance company has stated that its borrowings reached to Rs 20.53 crore in this quarter. The figure stood at Rs 26.23 crore in the corresponding quarter of the previous fiscal year.

Kalika Microcredit has deposit amount of Rs 17.06 crore  up from Rs 10.16 crore and mobilized loans of Rs 39.28 crore increasing from Rs 29.16 crore in Q2.

The microfinance company’s net interest income increased to Rs 4.23 crore from Rs2.74 crore in the Q2 of FY 2072/73.Its operating profit increased to Rs 2.63 crore .

Kalika Microcredit has paid up capital of Rs 5crore with reserve of Rs 5.53 crore in Q2.

Its Non Performing Loan increased to 1.08% from 0.86%. Its EPS now stands at Rs 45.56, net worth per share at Rs 210.63, and P/E ratio at 33.36 times.",-0.8658219575881958
2016-01-14,Summit Microfinance to approve 41.72% bonus share; 7th AGM today,https://www.sharesansar.com/newsdetail/summit-microfinance-to-approve-41-72-bonus-share-7th-agm-today,"Summit Microfinance Development Bank Limited (SMFDB) is convening its 7
th
Annual General Meeting (AGM) today (Poush 30, 2072). The AGM is going to be held at Atithi Sadan-1, Jhapa at 8:30 AM.

Main agendas of the AGM are:
To endorse 41.7234% bonus shares and 2.19 percent cash dividend for tax purpose from the net profit it earned from the fiscal year 2071/72. After issuance of bonus share to increase paid up and issued capital and amend article of association accordingly.
To increase authorized and issued capital accordingly.
To change the address of central office of the bank.
To amend article of association per directed by registrar officer or the Nepal Rastra Bank.
Other main agendas of the AGM include financial highlights of 2071/72 and appointment of auditor.

Only those shareholders owning shares till Poush 14 is entitled to the dividend of the company. The register of their shareholders has been closed from Poush 16, 2072 till today for the purpose of its AGM.

Summit Microfinance had earned a net profit of Rs 84.15 lakh in the current fiscal year 2072/73. It’s paid up capital remains at 3.52 crore. After 41.7234percent bonus it’s paid up capital will rise to 4.98 crore.",0.8889268636703491
2016-01-03,Heafty dividends propels Microfinance sector,https://www.sharesansar.com/newsdetail/heafty-dividends-propels-microfinance-sector,"In Nepal Stock Exchange Limited, the charm towards microfinance sector has increased. The increased charm in microfinance sector is due to the high dividends provided by microfinance companies.
There is also a rumour in the market regarding rise in paid up capital of microfinance companies. The rumour has contributed towards the increase in charm in microfinance companies.
Let us look at the price of few of the selected  microfinance companies on October 01, before the book closure day and at present.  We have selected Chimmek Laghubitta Bikas Bank Limited (CCBL), Nirdhan Uthhan Bank Limited (NUBL), Swabhalamban Bikas bank Limited(SWBBL), Diprox Development Bank Limited (DDBL), Nerude Laghubitta Bikas Bank Limited and Summit Microfinance Development Bank Limited(SMFDB)  for this study.
CBBL
NUBL
SWBBL
DDBL
NLBBL
SMFDB
Stock Dividend (%)
40
48.81
42
50
44
41
Cash Dividend (%)
12.7
10.13
10.63
2.63
2.32
2.19
LTP on October 1 (Rs/unit)
1700
1740
2191
1841
1840
1989
LTP on  Book Closure (Rs/unit)
2046
2150
2392
2299
2460
2825
LTP after Adjusted  Price (Rs/unit)
1515
1570
1686
1490
1770
2003
LTP on December 31 (Rs /unit)
1650
1604
1848
1674
1877
2060
The above data shows the recent increase in share price of microfnace has been due to the dividends announced.  Summit Microfinace had the highest difference in share price of Rs 836/unit as compared on October 01 and on the day of its book closure.
The share price of Kalika Microcredit Development Bank Ltd. is increasing in hope of nice dividend from the microfinance.
Microfinances such as Vijaya laghubitta Bittiya Sanstha Ltd, Mirmire Microfinance Development Bank Ltd. have.not declared any dividends or right shares. However, their share price have increased well above the expected level. This indicates that the investors might be investing on whim of various rumors surrounding the microfinance.",0.28907692432403564
2015-12-24,Summit Microfinance 7th AGM on Poush 30; to approve 41.72% bonus share,https://www.sharesansar.com/newsdetail/summit-microfinance-7th-agm-on-poush-30-to-approve-41-72-bonus-share,"Summit Microfinance Development Bank Limited (SMFDB) will be convening its 7
th
Annual General Meeting (AGM) on Poush 30, 2072. The AGM will be held at Atithi Sadan-1, Jhapa at 8:30 AM.

Main agendas of the AGM are:
To endorse 41.7234% bonus shares and 2.19 percent cash dividend for tax purpose from the net profit it earned from the fiscal year 2071/72. After issuance of bonus share to increase paid up and issued capital and amend article of association accordingly.
To increase authorized and issued capital accordingly.
To change the address of central office of the bank.
To amend article of association per directed by registrar officer or the Nepal Rastra Bank.
Other main agendas of the AGM include financial highlights of 2071/72 and appointment of auditor.

Only those shareholders owning shares till Poush 14 will be entitled to the dividend of the company. The register of their shareholders will remain close from Poush 16, 2072 till Poush 30, 2072 for the purpose of its upcoming (AGM).

Summit Microfinancehas earned a net profit of Rs 84.15 lakh in the current fiscal year 2072/73. It’s paid up capital remains at 3.52 crore. After 41.7234 percent bonus it’s paid up capital will rise to 4.98 crore.",0.8536735773086548
2015-12-04,Summit Microfinance reports astounding profit rise by 72.43%; EPS stand at Rs.23.86,https://www.sharesansar.com/newsdetail/summit-microfinance-reports-astounding-profit-rise-by-72-43-eps-stand-at-rs-23-86,"Summit Microfinance Development Bank Limited (SMFDB) has reported massive growth in net profit of 72.43 percent for the first quarter of the current fiscal year 2072/73.

Publishing the unaudited financial report for the first quarter today, the microfinance has stated that its net profit rose to Rs 84.15 lakh, up from Rs 48.80 lakh reported in the corresponding quarter of the previous fiscal year 2071/72.

The microfinance has collected deposits of Rs 24.53 crore in the 1st quarter compared to Rs 15.66 crore in the corresponding quarter last year. Likewise, it extended loans of Rs 64.79 crore up from Rs 41.04 crore.  It has borrowings of Rs 36.38 crore.

Summit Microfinance net interest income has risen from Rs 1.25 crore in the corresponding quarter last year to Rs 2.10 crore in the first quarter of 2072/73.

It paid up capital remains at Rs 3.52 crore with reserve of Rs 5.06 crore in Q1.

The microfinance’s NPL has declined from 0.70 % in in the corresponding quarter.to 0.30% in Q1.
Its earning per share (EPS) now stands at Rs 23.86 and net worth per share at Rs 243.50.",-0.44971951842308044
2015-10-28,Summit Microfinance declares 41.72% stock dividend; paid up capital will reach Rs 4.99 crore,https://www.sharesansar.com/newsdetail/summit-microfinance-declares-41-72-stock-dividend-paid-up-capital-will-reach-rs-4-99-crore,"Summit Microfinance Development Bank Limited (SMFDB) has decided to distribute 41.7234 percent bonus share and 2.196 percent cash dividend for tax purpose.

The 128
th
BOD Meeting of the company held on Kartik 27 has proposed 41.7234 percent bonus share and 2.196 percent cash dividend for tax purpose to its shareholders from the net profit it earned in the last fiscal year 2071/72.

The decision is subject to approval from Nepal Rastra Bank and the Bank’s upcoming Annual General Meeting (AGM).

Earlier in the fiscal year 2070/71, Summit Microfinance had distributed 26 percent bonus share and 12.95 percent cash dividend to their shareholders

As per unaudited report SMFDB had earned net profit of Rs 2.78 crore in the fourth quarter of last fiscal year 2071/72. It’s paid up capital remains at Rs 3.52 crore. After distributing 41.7234 percent bonus share it’s paid up capital will rise to Rs 4.99 crore.",0.7393330931663513
2015-08-02,Listing of Bonus Shares of Summit Microfinance Development Bank Ltd.,https://www.sharesansar.com/newsdetail/listing-of-bonus-shares-of-summit-microfinance-development-bank-ltd,"Sharesansar: 2nd August, 2015
Listing of Bonus Shares of Summit Microfinance Development Bank Ltd.
72,800 units bonus share of Summit Microfinance Development Bank Ltd.has been listed for trading.",0.9182049632072449
2015-07-14,Technical Call - Summit Micro Finance Development Bank Ltd.,https://www.sharesansar.com/newsdetail/technical-call-summit-micro-finance-development-bank-ltd,"ShareSansar, July 14:
Summit Micro Finance Development Bank Ltd.
Buy: Rs.1,740
Stop Loss: Rs.1,680
Take Profit: Rs.1,990
Current Market Price: Rs.1,800
Last Traded Volume: 2,246
Sagun Shakya
Jeevan Shrestha
-Technical Analyst-
Disclamer:
Opinions expressed are those of the individual authors and do not necessarily represent the opinion of sharesansar.com This commentary is a guideline to interpreting the specified indicators. This information should only be used by investors who are aware of the risk inherent in securities trading. IMS Investment Management Services Pvt. Ltd accepts no liability whatsoever for any loss arising from any use of this contents.",0.9191716313362122
2015-06-02,Summit Micro Finance distributing 26% Bonus Share Certificate from 19th Jestha,https://www.sharesansar.com/newsdetail/summit-micro-finance-distributing-26-bonus-share-certificate-from-19th-jestha,"ShareSansar June 2:
Summit Micro Finance Development Bank Limited is distributing 26% Bonus Share Certificate to its shareholders from Jestha 19, 2072 (today).
6th AGM of Summit Micro Finance Development Bank Limited had endorsed 26% percent bonus share to the shareholders from the net profit it earned in the last fiscal year 2070/71.
The stock dividend would be distributed from 10:00 AM to 3:00 PM Sunday through Thursday and from 10:00 AM to 1:30 PM on Friday at its RTS, Civil Capital Market Limited located at Kathmandu Plaza, Kamaladi, Kathmandu.",0.9091266393661499
2015-01-09,Summit Microfinance to hold its 6th AGM today; 38.95% dividend to be approved,https://www.sharesansar.com/newsdetail/summit-microfinance-to-hold-its-6th-agm-today-38-95-dividend-to-be-approved,"ShareSansar, January 9:
Summit Microfinance Development Bank Limited (SMFDB) is convening its 6th annual general meeting (AGM) today. The AGM is schedule to starts at 8:30 AM at Agrasan Building, Birtamod, Jhapa.
It has already proposed 38.95 percent dividend – 26 percent bonus share and 12.95 percent cash – to its shareholders from the profit it earned in the last fiscal year 2070/71.The decision, however, is subject to the approval of Bank’s AGM.
The major agendas for the AGM are approval of financial statement of FY 2070/71 and approval of dividend declared by the BOD.
Summit Microfinance has earned net profit of Rs 1.4 crore and has paid up capital of Rs 2.8 crore.",0.8299099206924438
2014-12-16,STOCK WATCH: Last day to clinch 38.95% dividend of Summit Microfinance,https://www.sharesansar.com/newsdetail/stock-watch-last-day-to-clinch-38-95-dividend-of-summit-microfinance,"Sharesansar,December 16:
Today is the last day for the investors to get hold of the dividend pledged by Summit Microfinance Development Bank Limited (SMFDB) for the fiscal year 2070/71.
SMFDB is closing its shareholder register book from tomorrow (Poush 2) to convene its annual general meeting (AGM).
The bank has scheduled its AGM on Poush 25, 2071.  Only those investors buying shares of the bank till today (Tuesday) will be entitled for the dividend that it has announced for the fiscal year 2070/71 and allowed to attend the AGM.
Bank has already proposed 26 percent bonus and 12.95 cash dividend to its shareholders from the profit of FY 2070/71",0.8917257189750671
2014-12-11,Summit Microfinance Development bank announces AGM on Poush 25; 38.95% dividend in offing,https://www.sharesansar.com/newsdetail/summit-microfinance-development-bank-announces-agm-on-poush-25-38-95-dividend-in-offing,"ShareSansar, December 11:
Summit Microfinance Development Bank (SMFDB) is going to hold its 6th Annual General Meeting on Poush 25, 2071; which will endorse 26 percent bonus share and 12.95 cash dividend to its shareholders from the net profit earned in the last fiscal year 2070/71.
The annual general meeting is schedule to sit at Agrasen Bhawan, Birtamod 6, Jhapa  at 8:30 AM on poush 25, 2071. The bank also announced book closure date on Poush 2 to Poush 25.
Other agenda includes the approval of financial statement of FY 2070/71.
In the previous year Bank offered 12 percent bonus share and 14.32 percent cash dividend to its shareholders.",0.9234161376953125
2014-05-23,"Summit Micro Finance Development Bank Limited has listed its 30,000 units Bonus Shares in NEPSE for trading.",https://www.sharesansar.com/newsdetail/summit-micro-finance-development-bank-limited-has-listed-its-30000-units-bonus-shares-in-nepse-for-trading,"Summit Micro Finance Development Bank Limited has listed its 30,000 units Bonus Shares in NEPSE for trading.",0.9114551544189453
2013-11-15,"Summit Micro Finance Development Bank Limited has announced its 5th AGM going to be held on 5th Poush, 2070.",https://www.sharesansar.com/newsdetail/summit-micro-finance-development-bank-limited-has-announced-its-5th-agm-going-to-be-held-on-5th-poush-2070,"Summit Micro Finance Development Bank Limited has announced its 5th AGM going to be held on 5th Poush, 2070.",0.9170382022857666
2013-01-27,"Summit Micro Finance Development Bank Limited is going to distribute 15.79% Cash Dividend warrant to its shareholders from 17th Magh, 2069.",https://www.sharesansar.com/newsdetail/summit-micro-finance-development-bank-limited-is-going-to-distribute-15-79-cash-dividend-warrant-to-its-shareholders-from-17th-magh-2069,"Summit Micro Finance Development Bank Limited is going to distribute 15.79% Cash Dividend warrant to its shareholders from 17th Magh, 2069.",0.8794614672660828
2012-12-19,"Summit Micro Finance Development Bank Limited has announced its 4th AGM going to be held on 25th Poush, 2069.",https://www.sharesansar.com/newsdetail/summit-micro-finance-development-bank-limited-has-announced-its-4th-agm-going-to-be-held-on-25th-poush-2069,"Summit Micro Finance Development Bank Limited has announced its 4th AGM going to be held on 25th Poush, 2069.",0.9008961915969849
2012-09-17,Summit Micro Finance Development Bank Limited has posted net profit of Rs 4.47 million in 4th quarter of the fiscal year 2068/69.,https://www.sharesansar.com/newsdetail/summit-micro-finance-development-bank-limited-has-posted-net-profit-of-rs-4-47-million-in-4th-quarter-of-the-fiscal-year-206869,Summit Micro Finance Development Bank Limited has posted net profit of Rs 4.47 million in 4th quarter of the fiscal year 2068/69.,0.8594427704811096
2012-07-10,"Summit Microfinance Development Bank Limited has listed its 2,50,000 units IPO share in Nepse for trading.",https://www.sharesansar.com/newsdetail/summit-microfinance-development-bank-limited-has-listed-its-250000-units-ipo-share-in-nepse-for-trading,"Summit Microfinance Development Bank Limited has listed its 2,50,000 units IPO share in Nepse for trading.",0.9240051507949829
2012-06-03,"Summit Micro Finance Development Bank Limited is distributing IPO share certificates to its allottee shareholders from today (21st Jestha, 2069).",https://www.sharesansar.com/newsdetail/summit-micro-finance-development-bank-limited-is-distributing-ipo-share-certificates-to-its-allottee-shareholders-from-today-21st-jestha-2069,"Summit Micro Finance Development Bank Limited is distributing IPO share certificates to its allottee shareholders from today (21st Jestha, 2069).",0.9166814088821411
2012-05-22,"Summit Micro Finance Development Bank Limited has published a notice regarding allotment of 75,000 units IPO shares to the general public.",https://www.sharesansar.com/newsdetail/summit-micro-finance-development-bank-limited-has-published-a-notice-regarding-allotment-of-75000-units-ipo-shares-to-the-general-public,"Summit Micro Finance Development Bank Limited has published a notice regarding allotment of 75,000 units IPO shares to the general public.",0.9222191572189331
2012-04-20,"Summit Micro Finance Development Bank Limited is going to close its 75,000 units IPO share issue from today (8th Baisakh, 2069)",https://www.sharesansar.com/newsdetail/summit-micro-finance-development-bank-limited-is-going-to-close-its-75000-units-ipo-share-issue-from-today-8th-baisakh-2069,"Summit Micro Finance Development Bank Limited is going to close its 75,000 units IPO share issue from today (8th Baisakh, 2069)",0.8931410908699036
2012-04-08,"Summit Micro Finance Development Bank Limited is issuing 75,000 units IPO share to general public from 3rd Baisakh 2069.",https://www.sharesansar.com/newsdetail/summit-micro-finance-development-bank-limited-is-issuing-75000-units-ipo-share-to-general-public-from-3rd-baisakh-2069,"Summit Micro Finance Development Bank Limited is issuing 75,000 units IPO share to general public from 3rd Baisakh 2069.",0.8979718089103699
