Date,Headline,Link,Full Content
2025-12-08,Comprehensive Data Compilation on Lock-In Periods of Hydropower Companies Listed on NEPSE,https://www.sharesansar.com/newsdetail/comprehensive-data-compilation-on-lock-in-periods-of-hydropower-companies-listed-on-nepse-2025-12-08,"A lock-in period refers to a set timeframe during which investors are not allowed to sell or transfer their shares, a rule generally imposed through regulations or contractual terms to maintain stability and curb short-term speculation. In Nepal, companies in sectors such as hydropower, investment, manufacturing & processing, and hotels are subject to a mandatory three-year lock-in period on NEPSE after IPO allotment to the public. For hydropower and manufacturing & processing firms, both promoters and project-affected locals must hold their units throughout this period. In the investment and hotel sectors—where there is no separate IPO reservation for locals—the lock-in requirement applies only to promoter shares. This setup ensures long-term commitment from key stakeholders and limits abrupt sell-offs during the early phase of a company’s market presence.
Regulators highlight that combining the three-year lock-in rule with the provision allowing companies to distribute dividends from their first profitable year creates a balanced approach for both investors and the market. By requiring promoters to stay invested in the initial years, the market is protected from sudden, large-scale disposals of shares during uncertain conditions. This mechanism plays a vital role in preserving market confidence, enhancing resilience, and supporting sustainable growth within Nepal’s capital markets.
The lock-in duration applicable to listed hydropower companies is detailed below:
The Nepal Stock Exchange (NEPSE) currently has 97 listed hydropower companies. Among those companies actively traded, a considerable portion has already completed their lock-in periods.
In 2025 alone, two companies will see their lock-in periods expire. This will be followed by nine companies in 2024, sixteen in 2026, and an additional seven companies in 2028."
2025-08-28,Arun Kabeli Power Limited Calls AGM on Ashwin 3 With An Agenda to Issue Right Shares,https://www.sharesansar.com/newsdetail/arun-kabeli-power-limited-calls-agm-on-ashwin-3-with-an-agenda-to-issue-right-shares-2025-08-28,"Arun Kabeli Power Limited (AKPL)
has called its 15th AGM on 3rd Ashwin, 2082. The meeting will be held in Hotel Crystal Pashupati, Pingalasthan, Kathmandu, starting at 11 am that day.
These are the agendas of the AGM:
1) Endorsement of the annual report of the company
2) Endorse the auditor's report of 2081/082 with PNL statements, financial reports, and cash flow reports.
3) Appointment of the auditor and determination of their remuneration for the fiscal year 2082/83.
4) Miscellaneous.
Among the other agendas, there is an agenda to issue the right shares of a 1:0.50 ratio to increase the company's authorized and issued capital.
The book closure date is announced on Bhadra 25. Investors who maintained before that day are eligible to attend the AGM.
AGM Notice:"
2024-11-13,"Arun Kabeli Power Posts Rs. 8.33 Crore Net Profit in Q1, Powered by Revenue Growth and Cost Reductions",https://www.sharesansar.com/newsdetail/arun-kabeli-power-posts-rs-833-crore-net-profit-in-q1-powered-by-revenue-growth-and-cost-reductions-2024-11-13,"Arun Kabeli Power Limited (AKPL)
has delivered a remarkable financial recovery in the first quarter of fiscal year 2081/82, transforming from a net loss to a strong net profit. The company reported a net profit of Rs. 8.33 Crores, a notable improvement from the Rs. 15.94 Crores loss recorded in Q1 of the previous fiscal year.
A key factor in this turnaround was AKPL’s power sales revenue, which reached Rs. 21.43 Crores, a significant addition compared to no revenue recorded in the same quarter last year. The company also effectively controlled costs, with administrative expenses dropping by 29.30% and finance expenses decreasing by 35.89%, which supported profit growth.
AKPL’s financial strength was bolstered by a 90.91% increase in paid-up capital, rising to Rs. 3.89 Arba from Rs. 2.04 Arba. Property, plant, and equipment assets grew by 4.55%, amounting to Rs. 2.11 Crores. On the other hand, long-term borrowings decreased by 22.78%, reducing from Rs. 3.04 Arba in the previous year to Rs. 2.35 Arba this quarter, further improving the company’s financial stability.
For shareholders, AKPL achieved an annualized earnings per share (EPS) of Rs. 8.56, rebounding from a negative Rs. 31.25 in the prior year. Net worth per share rose by 4.89%, reaching Rs. 97.53 from Rs. 92.98, reflecting strengthened shareholder value. At the end of the quarter, AKPL’s price-to-earnings (PE) ratio stood at 31.04, with a market price per share of Rs. 265.7.
Report:
Major Highlights:
Particulars (In Rs '000)
Arun Kabeli Power Limited
Q1 2081/82
Q1 2080/81
Difference
Paid Up Capital
3,895,942.10
2,040,731.60
90.91%
Other Equity
-96,422.35
-143,359.95
-
Property, Plant & Equipment
21,182.38
20,261.47
4.55%
Loan Fund
2,355,160.00
3,049,941.94
-22.78%
Revenue from Power Sales
214,310.69
0.00
-
Administrative Expenses
4,806.62
6,798.88
-29.30%
Finance Expenses
61,038.75
95,208.49
-35.89%
Net Profit
83,379.30
-159,414.18
-
EPS (In Rs.)
8.56
-31.25
-
Net Worth per Share (In Rs.)
97.53
92.98
4.89%
Qtr end PE Ratio (times)
31.04
-
-
Qtr End Market Price
265.7
-
-"
2024-09-27,Arun Kabeli Power Calls AGM to Approve Share Investment for 37.60 MW Hydropower Project,https://www.sharesansar.com/newsdetail/arun-kabeli-power-calls-agm-to-approve-share-investment-for-3760-mw-hydropower-project-2024-09-27,"Arun Kabeli Power Limited (AKPL)
has called its 14th AGM on 4th Kartik, 2081. The meeting will be held at Hotel Crystal Pashupati, Gaushala, Kathmandu starting at 11 a.m. that day.
These are the agendas of the AGM:
1) Endorsement of the annual report of the company
2) Endorse the auditor's report of 2080/081 with PNL statements, financial reports, and cash flow reports.
3) Appointment of the auditor and determination of their remuneration for the fiscal year 2081/82.
Arun Kabeli Power Limited is set to construct Kabeli Energy Limited's 37.60 MW Kabeli A Hydropower Project using funds raised through a 1:1 rights share issue. Additionally, the company will approve the corporate guarantee provided to Kumari Bank Limited, which has invested in the project. As part of its asset management strategy, Arun Kabeli Power Limited has also decided to sell old vehicles, motorcycles, and scrap materials under its ownership, streamlining resources to focus on the development of the hydropower project.
18th Ashwin 2081 is the book closure date. Therefore, the shareholders maintained before that day are entitled to attend this AGM.
AGM Notice:"
2024-09-04,"ICRA Nepal Withdraws BB+ ""Issuer Not Cooperating"" Rating for Arun Kabeli Power Limited",https://www.sharesansar.com/newsdetail/icra-nepal-withdraws-bb-issuer-not-cooperating-rating-for-arun-kabeli-power-limited-2024-09-04,"ICRA Nepal Limited has officially withdrawn the BB+ ""Issuer Not Cooperating"" rating previously assigned to Arun Kabeli Power Limited. The withdrawal comes as a result of non-cooperation from the company.
Before the rating was withdrawn, it had been placed on a notice of withdrawal for six months. The decision to withdraw the rating was ultimately made due to the company's lack of engagement with the rating agency during this notice period.
This development underscores the importance of cooperation between companies and rating agencies in maintaining transparent and accurate credit assessments."
2024-01-24,Arun Kabeli Power Successfully Resumes Kabeli B-1 Hydroelectric Project After Weather-Induced Setback,https://www.sharesansar.com/newsdetail/arun-kabeli-power-successfully-resumes-kabeli-b-1-hydroelectric-project-after-weather-induced-setback-2024-01-24,"Arun Kabeli Power Limited (AKPL)
has successfully recommenced operations of the Kabeli B-1 hydroelectric project, featuring a 25-megawatt capacity. Located along the Kabeli River on the border between Panchthar and Taplejung districts, the project faced a temporary suspension due to damage caused by persistent rainfall and flooding in eastern Nepal since Jestha 32, 2080.
The damage to various structures associated with the project led to the suspension of power generation at the Kabeli B-1 hydroelectric. In response to the challenges posed by the damage inflicted upon the Kabeli B-1 hydroelectric project, Arun Kabeli Power Limited (AKPL) diligently pursued a multifaceted approach to address the issues and resumed operations from 3:00 am on Magh 10, 2080.
As of the first quarter of the fiscal year 2080/81, AKPL reported a net loss of Rs. 14.33 Crores with a paid-up capital of Rs. 2.04 Arba. During this period, no revenue was recorded from electricity, given the interruption in the generation of the Kabeli B-1 hydroelectric project caused by the flood in the Kabeli River. The flooding also resulted in the accumulation of silt and sand in the dam area where the penstock pipes of the project were installed."
2023-12-21,Arun Kabeli Power And Asian Hydropower Limited Calls AGM With These Agendas,https://www.sharesansar.com/newsdetail/arun-kabeli-power-and-asian-hydropower-limited-calls-agm-with-these-agendas-2023-12-21,"Arun Kabeli Power Limited (AKPL)
has called its 13th AGM on 26th Poush, 2080. The meeting will be held at Maitri Hall Indreni Complex, New Baneshwor, Kathmandu starting at 11 a.m. that day.
These are the agendas of the AGM:
1) Endorse the annual report of the fiscal year 2079/80.
2) Endorse the auditor's report with PNL statements, financial reports, and cash flow reports.
3) Appointment of the auditor and determination of their remuneration for the fiscal year 2080/81.
Poush 19 is the book closure date. Thus, shareholders maintained before that day can attend this AGM.
AGM Notice:
Asian Hydropower Limited (AHL)
has called its 5th AGM on 27th Poush, 2080. The meeting will be held in The Entrance Cafe, Lalitpur, starting at 12:30 PM that day.
These are the agendas of the AGM:
1) Endorsement of financial reports for the fiscal year 2079/80.
2) Endorse the auditor's report with PL statements, financial reports, and cash flow reports.
3) Endorse the appointment of the auditor for the fiscal year 2080/81.
4) To endorse the appointment of an Independent Director.
5) Elect 3 directors from the promoter shareholding group
Poush 17 is the book closure date. Thus, shareholders maintained before that day can attend the AGM.
AGM Notice:"
2023-12-11,100% Right Shares of Arun Kabeli Power Limited Now Listed on NEPSE,https://www.sharesansar.com/newsdetail/100-right-shares-of-arun-kabeli-power-limited-now-listed-on-nepse-2023-12-11,"1,85,52,105 units of right shares of
Arun Kabeli Power Limited (AKPL)
have been listed in NEPSE.
Earlier, Arun Kabeli Power Limited (AKPL) issued a 1:1 ratio right share i.e. 1,85,52,105 units to its shareholders from 11th Bhadra to 31st Bhadra, 2080. Out of which only 1,65,37,288 units were allotted to the eligible shareholders of the company. The remaining 20,14,817 units of unsubscribed right shares were later sold through an auction from 30th Ashwin to 14th Kartik, 2080.
The same 18,552,105 units of right shares are now listed in NEPSE.
Nabil Investment Banking Limited was the auction manager for the company.
As of writing, AKPL has an LTP of Rs. 171.10."
2023-11-07,Bids Received in Auction of Arun Kabeli Power Ordinary Shares Opened; What is the Cut-Off Rate?,https://www.sharesansar.com/newsdetail/bids-received-in-auction-of-arun-kabeli-power-ordinary-shares-opened-what-is-the-cut-off-rate-2023-11-07,"The bids received in the auction of 20,14,817 unit ordinary shares of
Arun Kabeli Power Limited (AKPL)
opened on 20th Kartik, 2080.
The auction opened on 30th Ashwin and concluded on 14th Kartik at the end of banking hours. 20,14,817 units of ordinary right shares were auctioned.
This is the unclaimed portion of the rights offering. The company opened a 1: 1 ratio right share issue to its shareholders from 11th Bhadra to 31st Bhadra, 2080. The same unsold right shares were auctioned to the general public.
Nabil Investment Banking Limited was appointed as the auction manager. Bids opened at the head office of the company located at Narayanchaur, Naxal, Kathmandu, starting at 10 a.m. The general public and institutions were all eligible to bid for the auction.
Rs. 100 was the minimum bid rate for the auction. While the minimum bid quantity for shares was 100 units, there was no upper limit. Although bidders could bid for the entirety of the issue, they were required to abide by the regulatory body rule to not exceed the specified quantity of shares per entity.
According to the auction manager, a total of 2,092 applicants placed bids for around 20,14,817 unit ordinary shares.
The tentative cut-off rate is Rs. 146.1
.
Once all of the checks get reconciled and cleared, the cut-off price may vary.
The last traded price of the scrip stands at Rs 171.80 per share."
2023-11-05,Arun Kabeli Power to open bids for its unsubscribed right shares on Kartik 20,https://www.sharesansar.com/newsdetail/arun-kabeli-power-to-open-bids-for-its-unsubscribed-right-shares-on-kartik-20-2023-11-05,"Arun Kabeli Power is set to open the bids that were submitted for its unsubscribed right shares which were submitted between Ashoj 30 till Kartik 14, 2080.
The company is opening the bids at 10 a.m. on Kartik 20, 2080 at the premise of the issue manager Nabil Investment Banking, as per the media statement."
2023-10-31,Arun Kabeli Power Closing Auction of 20.14 Lakh Unclaimed Right Shares from Today,https://www.sharesansar.com/newsdetail/arun-kabeli-power-closing-auction-of-2014-lakh-unclaimed-right-shares-from-today-2023-10-31,"Arun Kabeli Power Limited (AKPL)
is closing the auction of 20,14,817 units of unsold ordinary right shares from today i.e. 14th Kartik, 2080.
The company has been auctioning 20,14,817 units of unsold ordinary right shares from 30th Ashwin, 2080. This is the unclaimed portion of the rights offering. The company had issued a 1: 1 ratio right share issue to its shareholders from 11th Bhadra to 31st Bhadra.
Out of the total right shares issued only 1,65,37,288 units were allotted to 78,203 eligible shareholders. The remaining 20,14,817 units of unsold right shares were being auctioned to the general public from Ashwin 30. The total paid-up capital of the company post this auction would be Rs 3.89 arba.
Individuals and institutions are all eligible to bid for the auction.
Nabil Investment Banking Limited is appointed as the issue manager of this right share. Rs. 100 is the minimum bid rate for the auction. While the minimum bid quantity is 100 units, there is no upper limit for the shares. Although bidders can bid for the entirety of the issue, they are required to abide by the regulatory board's rule to not exceed the specified quantity of shares per entity.
As of writing, AKPL has an LTP of Rs. 174.50."
2023-10-10,Arun Kabeli Power (AKPL) Auctioning 20.14 Lakh Unclaimed Right Shares from 30th Ashwin,https://www.sharesansar.com/newsdetail/arun-kabeli-power-akpl-auctioning-2014-lakh-unclaimed-right-shares-from-30th-ashwin-2023-10-10,"Arun Kabeli Power Limited (AKPL)
is set to auction 20,14,817 unsold ordinary right shares from its previous 1:1 rights offering. The auction will open from 30th Ashwin to 14th Kartik, 2080.
20,14,817 units of ordinary right shares will be auctioned. This is the unclaimed portion of the rights offering. The company had issued a 1: 1 ratio right share issue to its shareholders from 11th Bhadra to 31st Bhadra.
Out of the total right shares issued only 1,65,37,288 units were allotted to 78,203 eligible shareholders. The remaining 20,14,817 units of unsold right shares will now be auctioned to the general public from Ashwin 30. The total paid up capital of the company post this auction would be Rs 3.89 arba.
Individuals and institutions are all eligible to bid for the auction.
Nabil Investment Banking Limited has been appointed as the issue manager of this right share. Rs. 100 is the minimum bid rate for the auction. While the minimum bid quantity is 100 units, there is no upper limit for the shares. Although bidders can bid for the entirety of the issue, they are required to abide by the regulatory board's rule to not exceed the specified quantity of shares per entity.
As of writing, AKPL has an LTP of Rs. 182.90.
Auction Notice:"
2023-10-09,"Arun Kabeli Power Allots 100% Right Shares to Shareholders, Company Refunding Non-Allottees From Ashwin 24",https://www.sharesansar.com/newsdetail/arun-kabeli-power-allots-100-right-shares-to-shareholders-company-refunding-non-allottees-from-ashwin-24-2023-10-09,"Arun Kabeli Power Limited (AKPL)
has allotted 1,65,37,288 units of right share to its shareholders on 19th Ashwin. The company is refunding money to the non-allotted investors from 24th Ashwin, 2080.
The hydropower company opened its 100% right shares offering from 11th Bhadra to 31st Bhadra, 2080. The hydropower company issued 100% right shares worth Rs. 1.85 Arba through the issue of 1,85,52,105 units of right shares to its existing shareholders. After the adjustment of the proposed right share, the paid-up capital of the company will increase to Rs. 3.89 Arba.
According to the notice published today, out of the total right shares issued only 1,65,37,288 units were allotted to 78,203 eligible shareholders. The remaining 20,14,817 units of right shares will be later sold via auction.
Nabil Investment Banking Limited was appointed as the issue manager.
As of writing, AKPL has an LTP of Rs. 185.90.
Notice:"
2023-09-26,SEBON to Enforce Stricter Rules for Hydropower Companies: Strengthening Corporate Governance and Share Sale Protocols,https://www.sharesansar.com/newsdetail/sebon-to-enforce-stricter-rules-for-hydropower-companies-strengthening-corporate-governance-and-share-sale-protocols-2023-09-26,"The Securities Board of Nepal (SEBON) is planning to implement significant changes in the rules and regulations governing hydropower companies, particularly in the issuance of Initial Public Offerings (IPOs) and the issuance of right shares. These changes will involve amendments to the registration and expulsion regulations related to hydropower companies.
Hydropower companies have been known to issue shares to the general public to raise capital for their projects. However, concerns have arisen when these companies deviate from their intended goals and prioritize profit-making. In response, the SEBON is considering introducing provisions that would make the registration and expulsion of hydropower companies more structured and transparent.
In the proposed amendments to the regulations, SEBON aims to collaborate with representatives of hydropower producers, the Independent Power Producers' Association Nepal (IPPAN), to make the initial expulsion process more systematic and accountable. These changes would require the consent of energy producers as well.
IPO Issuance
Hydropower companies seeking IPOs will be required to provide a progress report indicating that at least 50% of their work, aligned with their objectives, has been completed. Additionally, they must furnish a certified statement from relevant banks regarding any loans they have taken for their projects. Final approval for the IPO will only be granted by the board once there is documented evidence of at least 65% completion of the physical infrastructure.
Hydropower companies will also need to commit to using the funds from the IPO for their ongoing projects or for repaying their loans to the bank. The provision to use IPO funds for expanding new projects or repaying loans will only apply if the internal rate of return (IRR) of the hydropower project exceeds 12%.
Right Shares Issuance
For hydropower companies listed on the Nepal Stock Exchange (NEPSE) that intend to invest in new projects and issue the right shares, the regulatory board will mandate that the company's net worth must not fall below the paid-up capital. However, it's important to note that this requirement will only apply to future proposals for the issuance of right shares by companies and will not affect those companies that have already submitted such proposals.
In cases where the company's net worth does not meet the requirement, the company will have to commit to raising the necessary funds through bank loans or other sources to cover the expenses of the new project or to repay the loans. Such practices will be subject to approval by the board.
Lock-In Period
Following the expiration of the lock-in period as per the hydropower company's regulations, shareholders who remain in the capacity of founders will have the option to sell their shares. However, this will be subject to a provision requiring the company to be actively engaged in commercial electricity production.
In accordance with this provision, once shareholders decide to sell their shares post the lock-in period, the company must have been actively involved in the production of electricity. The decision to permit such sales will be subject to approval from the company's board, which will include any necessary modifications to the company's articles of association and regulations.
Information regarding the lock-in period for shares held by foundational groups and other essential details will be communicated to the board and the securities market. Additionally, the relevant company will be required to publish this information on its website and in a nationally recognized daily newspaper at least 15 days before the commencement of share trading.
These changes are aimed at strengthening the corporate governance of listed hydropower companies and ensuring that the role of independent directors is more empowered and effective. The regulatory board expects listed companies to fully adhere to these regulations for the benefit of both investors and the hydropower sector as a whole."
2023-09-17,Arun Kabeli Power Closing Issue of 1: 1 Right Shares from Today,https://www.sharesansar.com/newsdetail/arun-kabeli-power-closing-issue-of-1-1-right-shares-from-today-2023-09-17,"Arun Kabeli Power Limited (AKPL)
is closing the issue of a 1:1 ratio of right share to its shareholders at a par value of Rs. 100 from today i.e. on 31st Bhadra. The issue opened on 11th Bhadra, 2080.
The hydropower company is issuing 100% right shares worth Rs. 1.85 Arba through the issue of 1,85,52,105 units of right shares to its existing shareholders. After the adjustment of the proposed right share, the paid-up capital of the company will increase to Rs. 3.89 Arba.
Nabil Investment Banking Limited is appointed as the issue manager.
The book closure date was scheduled on Ashad 25, 2080. Thus, the shareholders maintained until the same are deemed eligible for the rights offering.
Notice"
2023-09-10,DATA COMPILATION: Nepal's Hydropower Lock-In Period,https://www.sharesansar.com/newsdetail/data-compilation-nepals-hydropower-lock-in-period-2023-09-10,"A lock-in period is a predetermined duration during which investors are restricted from selling, transferring, or disposing of their shares or assets in a company or investment. This period is typically established by a contractual agreement or regulatory requirement and is designed to promote stability, discourage short-term trading, and align the interests of investors with the long-term success of the company or investment.
In Nepal, there is a lock-in period of 3 years on NEPSE only sectors like hydro, investment, manufacturing & processing, and hotels following the initial public offering (IPO) allotment to the general public. During this lock-in period, in the case of hydro and manufacturing & processing, the unit shares held by the project-affected locals and promoters are locked in for the said tenure. Meanwhile, in the case of the investment and hotel sector, as there is no reservation while issuing IPO for locals, only promoter shareholdings are locked in. Shareholders are typically restricted from selling or transferring their shares. The enduring lock-in period mandates that main promoters and early investors maintain their shares for three years after the IPO allotment to the general public.
This measure ensures that key stakeholders remain committed to the sustained growth and prosperity of enterprises listed on the Nepal Stock Exchange.
Notably, companies listed on the Nepal Stock Exchange have the flexibility to provide dividends to shareholders as early as the first year following their listing, contingent on the company's profitability.
The regulatory authorities in Nepal affirm that the combination of the 3-year lock-in period and the option for early dividend distribution effectively balances the interests of investors while fortifying market stability. By ensuring that main promoters maintain their shares during the initial phase, the risk of rapid share sell-offs during challenging market conditions is mitigated, safeguarding the resilience and integrity of Nepal's capital markets.
The lock-in duration of listed hydropower firms is outlined as follows:
The lock-in duration of hydropower firms that are yet to be listed in NEPSE is outlined as follows:
The Nepal Stock Exchange (NEPSE) boasts a total of 82 hydropower companies listed, with an additional 4 companies awaiting listing. Furthermore, 4 hydropower companies are actively preparing to issue their Initial Public Offering (IPO) shares to the public, while 3 others are patiently awaiting approval from the Securities Board of Nepal (SEBON) before proceeding with their IPO issuance plans after which there will be a total of 93 hydropower companies listed in NEPSE.
Among the 82 hydropower companies listed on the Nepal Stock Exchange, a significant number have reached the end of their lock-in periods. Specifically, in 2023, two companies see their lock-in periods conclude. Looking ahead, 9 more companies are set to reach their lock-in periods in 2024, followed by 16 companies in 2025, and 19 more in 2026.
Numerous hydropower companies are expected to be added to SEBON's pipeline gradually due to the absence of proper regulatory guidelines. This influx of companies into the stock market could potentially pose a risk to the overall hydropower sector. It is essential to establish robust regulatory measures to ensure the sector's stability and prevent any adverse effects from this rapid expansion."
2023-08-28,Right Alert! Issue of 1: 1 Right Shares of Arun Kabeli Power Opening from Today,https://www.sharesansar.com/newsdetail/right-alert-issue-of-1-1-right-shares-of-arun-kabeli-power-opening-from-today-2023-08-28,"Arun Kabeli Power Limited (AKPL)
is opening the issue of a 1:1 ratio of right share to its shareholders at a par value of Rs. 100 from today i.e. on 11th Bhadra. The closing date is on 31st Bhadra, 2080. (Office hours)
The hydropower company will be issuing 100% right shares worth Rs. 1.85 Arba through the issue of 1,85,52,105 units of right shares to its existing shareholders. After the adjustment of the proposed right share, the paid-up capital of the company will increase to Rs. 3.89 Arba.
Nabil Investment Banking Limited is appointed as the issue manager.
The book closure date was scheduled on Ashad 25, 2080. Thus, the shareholders maintained until the same are deemed eligible for the rights offering.
Opening Notice"
2023-08-10,Offer Letter Published for 'Arun Kabeli Power’; Right Shares Issue Opens from Bhadra 08,https://www.sharesansar.com/newsdetail/offer-letter-published-for-arun-kabeli-power-right-shares-issue-opens-from-bhadra-08-2023-08-10,"Arun Kabeli Power Limited (AKPL)
has published an offer letter for the issuance of its 100% rights shares.
According to the offer letter made public by the company, it is set to open applications for its right shares in the ratio 1:1 or 100% from 8th Bhadra to 28th Bhadra, 2080.
The hydropower company will be issuing 100% right shares worth Rs. 1.85 Arba through the issue of 1,85,52,105 units of right shares to its existing shareholders. After the adjustment of the proposed right share, the paid-up capital of the company will increase to Rs. 3.89 Arba.
Nabil Investment Banking Limited is appointed as the issue manager.
The book closure date was scheduled on Ashad 25, 2080. Thus, the shareholders maintained until the same are deemed eligible for the rights offering.
Offer Letter"
2023-07-19,10% Bonus Shares of Arun Kabeli Power Listed in NEPSE,https://www.sharesansar.com/newsdetail/10-bonus-shares-of-arun-kabeli-power-listed-in-nepse-2023-07-19,"18,55,211 unit bonus shares of
Arun Kabeli Power Limited (AKPL)
have been Listed in NEPSE.
The company convened its 12th AGM on 30th Kartik and endorsed the 10.5263% dividend for the fiscal year 2078/79. The meeting of the board of directors held on Kartik 06 decided to distribute the dividend on the paid-up capital of Rs. 1.85 Arba. 10% bonus shares worth Rs. 18.55 Crores and 0.5263% cash dividend worth Rs. 1.05 Crores were proposed. The same bonus shares are now listed in NEPSE.
As of writing, AKPL has an LTP of Rs. 227.50."
2023-07-09,Last Day to Be Eligible for 1: 1 Rights Offering of Arun Kabeli Power,https://www.sharesansar.com/newsdetail/last-day-to-be-eligible-for-1-1-rights-offering-of-arun-kabeli-power-2023-07-09,"Today is the last day to be eligible for the rights offering of
Arun Kabeli Power Limited (AKPL).
The hydropower company will be issuing 100% right shares worth Rs. 1.85 Arba through the issue of 18,552,105 units of right shares to its existing shareholders. The paid-up capital of the company will increase to Rs. 3.89 Arba after the issuance of the right shares. The current paid-up capital of AKPL after the adjustment of 10% bonus shares for FY 2078/79 is Rs. 2.04 Arba.
The book closure date is on Ashad 25, 2080. Thus, the shareholders maintained till today are eligible for the rights offering. The last traded price as of Thursday stood at Rs 332 per share."
2023-07-03,Arun Kabeli Hydropower Unveils Book Closure Date for 100% Rights Offering,https://www.sharesansar.com/newsdetail/arun-kabeli-hydropower-unveils-book-closure-date-for-100-rights-offering-2023-07-03,"Arun Kabeli Hydropower (AKPL)
has unveiled the book closure date for its 100% right shares on Ashad 25, 2080. Thus, the shareholders maintained before the 25th of Ashad are eligible for the rights offering.
The hydropower company will be issuing 100% right shares worth Rs. 1.85 Arba through the issue of 18,552,105 units of right shares to its existing shareholders. The paid-up capital of the company will increase to Rs. 3.89 Arba after the issuance of the right shares. The current paid-up capital of AKPL after the adjustment of 10% bonus shares for FY 2078/79 is Rs. 2.04 Arba.
As of writing, AKPL has an LTP of Rs. 357.60."
2023-06-29,SEBON Approves Arun Kabeli Hydropower's Proposal for 100% Right Share Distribution,https://www.sharesansar.com/newsdetail/sebon-approves-arun-kabeli-hydropowers-proposal-for-100-right-share-distribution-2023-06-29,"Arun Kabeli Hydropower's (AKPL)
proposal to distribute 100% rights shares to its shareholders has been approved by the Securities Board of Nepal (SEBON).
As per the notice issued by SEBON on Wednesday, it stated that the proposal of Arun Kabeli Hydropower to issue 18,552,105 unit rights shares with Nabil Investment Banking Limited as the issue manager for the issuance has been approved by SEBON. Following the approval, the company can now release a notice for right share applications in line with the existing laws.
In the same manner, SEBON has also requested the company and its issue manager to fulfil all criteria and guidelines as specified by the existing laws with regard to the same.
After the issue of 100% right shares worth Rs. 1.85 Arba through the issue of 18,552,105 (1:1) unit shares to its existing shareholders, the paid-up capital of the company will increase to Rs. 3.89 Arba. The current paid-up capital of AKPL after the adjustment of 10% bonus shares for FY 2078/79 is Rs. 2.04 Arba.
Arun Kabeli Power Limited (AKPL) was incorporated on January 17, 2011, under the Company Act of Nepal, 2063. It is a part of the Arun Valley Hydropower Group and has been established as an SPV for the construction and operation of 25 MW Kabeli B1 HEP. The company is promoted by Arun Valley Hydropower (~24% shareholding) and Api Power Limited (~3% shareholding)."
2023-05-10,Incline in Operating & Interest Cost Affects the Profitability of Arun Kabeli Power Limited for Q3; Net Profit Falls by 35.35%,https://www.sharesansar.com/newsdetail/incline-in-operating-interest-cost-affects-the-profitability-of-arun-kabeli-power-limited-for-q3-net-profit-falls-by-3535-2023-05-10,"Arun Kabeli Power Limited (AKPL)
has reported a fall in net profit by 35.35% in the third quarter (Q3) of the current FY 2079/80. The profit decreased to Rs. 14.35 crores in this quarter from Rs. 22.20 crores in the corresponding quarter of the previous year.
AKPL has sold electricity worth Rs. 56.50 crores in Q3 which is a decline of 4.64%. As per the report published by company, the administrative expenses has increased by 184.36% in this quarter, which has also impacted the overall profitability of the company for Q3. The finance expenses of the company also increased by 14.82%.
Its reserve fund stands at Rs. 35.42 crores with share capital at Rs 1.85 Arba. With this capital, the annualized earning per share stands of AKPL stands at Rs. 10.32. The net worth per share at Rs 119.09 and the P/E ratio stood at 39.15 times.
Click here for Q3 Report:
Major Financial Highlights
Particulars (In Rs '000)
Arun Kabeli Power
Q3 2079/80
Q3 2078/79
Difference
Paid Up Capital
1,855,210.50
1,855,210.50
0.00%
Reserve Funds
354,239.62
230,566.76
53.64%
Property, Plant & Equipment
5,114,315.03
5,295,936.41
-3.43%
Revenue from Power Sales
565,073.07
592,560.65
-4.64%
Administrative Expenses
15,678.45
5,513.56
184.36%
Finance Expenses
206,152.24
179,549.73
14.82%
Net Profit
143,572.25
222,064.98
-35.35%
EPS (In Rs.)
10.32
15.96
-35.35%
Net Worth per Share (In Rs.)
119.09
112.43
5.93%
Qtr end PE Ratio (times)
39.15
-
-
Qtr End Market Price
404
-
-"
2023-04-17,Country Adds Around 500 Megawatts Power and Exported 425 Megawatts of electricity to India in 2079 BS,https://www.sharesansar.com/newsdetail/country-adds-around-500-megawatts-power-and-exported-425-megawatts-of-electricity-to-india-in-2079-bs-2023-04-17,"Shoulder-to-shoulder efforts and cooperation between the government and the private sector in the development and expansion of electricity considered to be a foundation for the country's economic prosperity have started bearing fruits.
As we just welcome the Nepali New Year, 2080 BS, approximately 500 megawatts of power have been added to the national grid throughout the year, 2079 BS.
Electricity addition has continued, according to the Nepal Electricity Authority (NEA), the public power utility, adding that the country's total installed capacity would reach around 3,000 megawatts within the current fiscal year, 2022/23 ending mid-July, if this continues.
So far, 2689 megawatts of power have been linked with the national grid, it said. Until mid-July, 2023, additional 15 hydropower projects are expected to be over.
In the year, 2079 BS, a total of 19 hydropower projects have come into full operation, and the test of nine others has reached the final stage, it has been said.
The biggest project developed by the private sector that has been completed within the year is the Solukhola (Dudhkoshi) Hydroelectricity Project. Inaugurated by Prime Minister Pushpa Kamal Dahal 'Prachanda', the project developed by Sahas Urja started commercial production on March 1, 2023.
Nepal has been already self-sufficient in power during the monsoon season and the situation for the winter is also improving.
Projects with an accumulative capacity of 3,280 megawatts are under development and once they are complete, the national grid will have around 7,000 megawatts of electricity.
The NEA prepares to export around 1,200 MW of electricity in the coming rains (monsoon).
According to Independent Power Producers Association Nepal (IPPAN), some projects promoted by the private sector are in the phase of test production.
Those projects will begin commercial production following the 15-day test production in the presence of NEA employees. The test production of 19.8 MW Upper Solu River Hydropower Project promoted by the Beni Hydropower has neared the final phase. As said by company managing director Ganesh Karki, the project's power has been already connected to the national grid and commercial production is likely within the next few days.
Likewise, the 14.9 MW Mayakhola Project based in the Sankhuwasabha district will be starting commercial production very soon.
The 5 MW Rukumgad Project based in Rukum, the Sindhupalchowk-based Ghattekhola Project of around one megawatt will be entering the phase of commercial production.
The 54 MW Super Dordi 'B' in Lamjung
and the 2 MW Solar Power Project in Nawalparasi, 6.8 MW Solar Power Project in Morang, and the 10 MW in Banke have been already connected to the national grid.
As the NEA stated, the 10 MW capacity Makarigad Project also started commercial production this year. Based in Darchula, this project has contributed to managing the power supply in the Sudurpaschim province.
NEA executive director Kulman Ghising has directed the construction companies concerned to complete the construction of the Rasuwagadhi, Sanjen, and Mid Bhotekoshi hydel projects by the end of the current fiscal year. These projects are being constructed through the public-private partnership model.
Rasuwagadhi project has a total capacity of producing 111 megawatts, the Upper and Lower Sanjen 57 megawatts, and the Mid Bhotekoshi project 102 megawatts. Once the power produced from these projects is connected to the national grid, it would make a positive impact on the power supply sector.
NEA exported 425 megawatts of electricity to India in the year 2079 BS. It has made an income equivalent to Rs 8.44 billion in the current fiscal year through power export alone. Preparations are being made to export 1,200 megawatts of excess power in this fiscal year.
Important talks were held in the year 2079 BS with India for power trade. An agreement has also been reached with Bangladesh for exporting 50 megawatts of power initially.
The process of constructing the New Butwal-Gorakhpur 400 kV transmission line has moved ahead. The government has registered a company and forwarded the process of building the 1,200-megawatt capacity Budhigandaki Hydroelectricity Project.
Indian companies have shown interest in constructing some big projects. The Indian company, NHPC, has moved ahead with the necessary process for the construction of the 750 MW capacity West Seti and the 450 MW Seti River-6 Project.
Foreign investment has been gradually attracted to the energy sector. In the same way, the domestic investors are preparing to go ahead with the construction of projects with a capacity of generating 1,553 MW power, IPPAN's executive member Prakash Dulal said.
The total production capacity of the under-construction projects and those that are in the process of construction is 4,834 MW. Electricity has reached nearly 96.5 percent of households.
Seen in this backdrop, the year 2079 BS has become an important year for the development and expansion of the energy sector."
2023-03-29,ICRA Nepal assigns Issuer Rating of ICRANP-IR BBB- to Arun Kabeli Power indicating moderate degree of safety regarding timely servicing of financial obligations,https://www.sharesansar.com/newsdetail/icra-nepal-assigns-issuer-rating-of-icranp-ir-bbb-to-arun-kabeli-power-indicating-moderate-degree-of-safety-regarding-timely-servicing-of-financial-obligations-2023-03-29,"ICRA Nepal Limited has assigned Issuer Rating of  [ICRANP-IR] BBB- (Pronounced as ICRA NP Issuer Rating  Triple B Minus) to Arun Kabeli Power Limited. Issuers with this rating are considered to have moderate degree of safety regarding timely servicing of financial obligations. Such  issuers carry moderate credit risk.
The Rating is only an opinion on the general creditworthiness of the rated entity and not specific to any  particular debt instrument.
For the Rating categories [ICRANP-IR] AA through to [ICRANP-IR] C the sign of + (plus) or – (minus) may be appended to the Rating symbols to indicate their relative position within the Rating categories concerned. Thus, the Rating of  [ICRANP-IR] BBB+ is one notch higher than [ICRANP-IR] BBB, while  [ICRANP-IR] BBB- is one notch lower than [ICRANP-IR] BBB."
2023-02-10,Incline in Operating & Interest Cost Affects the Profitability of Arun Kabeli Power Limited for Q2; Net Profit Falls by 26.09%,https://www.sharesansar.com/newsdetail/incline-in-operating-interest-cost-affects-the-profitability-of-arun-kabeli-power-limited-for-q2-net-profit-falls-by-2609-2023-02-10,"Arun Kabeli Power Limited (AKPL)
has reported a fall in net profit by 26.09% in the second quarter (Q2) of the current FY 2079/80. The profit decreased to Rs. 15.13 crores in this quarter from Rs. 20.47 crores in the corresponding quarter of the previous year.
AKPL has sold electricity worth Rs. 43.63 crores in Q2 which is a decline of 3.92%. As per the report published by company, the administrative expenses has increased by 24.25% in this quarter, which has also impacted the overall profitability of the company for Q2. The finance expenses of the company also increased by 15.01%.
Its reserve fund stands at Rs. 36.20 crores with share capital at Rs 1.85 Arba. With this capital, the annualized earning per share stands of AKPL stands at Rs. 16.32. The net worth per share at Rs 119.51 and the P/E ratio stood at 25 times.
Click here for Q2 Report:
Major Financial Highlights
Particulars (In Rs '000)
Arun Kabeli Hydropower
Q2 2079/80
Q2 2078/79
Difference
Paid Up Capital
1,855,210.50
1,855,210.00
0.00%
Reserve Funds
362,035.42
210,748.55
71.79%
Loan Fund
3,162,122.67
3,410,471.13
-7.28%
Property, Plant & Equipment
5,180,501.89
5,341,591.80
-3.02%
Investments
155,741.67
144,314.47
7.92%
Revenue from Power Sales
436,368.73
454,169.52
-3.92%
Administrative Expenses
7,317.94
5,889.88
24.25%
Finance Expenses
140,222.28
121,917.24
15.01%
Net Profit
151,368.05
204,792.31
-26.09%
EPS (In Rs.)
16.32
22.08
-26.09%
Net Worth per Share (In Rs.)
119.51
111.36
7.32%
Qtr end PE Ratio (times)
25.00
-
-
Qtr End Market Price
408
-
-"
2022-11-15,Incline in Operating Cost Affects the Profitability of Arun Kabeli Power Limited for Q1; Net Profit Falls by 28.04%,https://www.sharesansar.com/newsdetail/incline-in-operating-cost-affects-the-profitability-of-arun-kabeli-power-limited-for-q1-net-profit-falls-by-2804-2022-11-15,"Arun Kabeli Power Limited (AKPL)
has reported a fall in net profit by 28.04% in the first quarter (Q1) of the current FY 2079/80. The profit decreased to Rs. 9.74 crores in this quarter from Rs. 13.5 crores in the corresponding quarter of the previous year.
AKPL has sold electricity worth Rs. 27.51 crores in Q1 which is an incline of 3.11%. As per the report published by company, the administrative expenses has increased by huge margin of 608.97% in this quarter, which has also impacted the overall profitability of the company for Q1.
Its reserve fund stands at Rs. 30.80 crores with share capital at Rs 1.85 Arba. With this capital, the annualized earning per share stands of AKPL stands at Rs. 21.01. The net worth per share at Rs 116.61 and the P/E ratio stood at 18 times.
Click here for Q1 Report:
Major Highlights:
Particulars (Rs in 000)
Arun Kabeli Power Limited
Q1 2079/80
Q1 2078/79
Difference
Paid Up Capital
1,855,210.50
1,585,650.00
17.00%
Reserve Fund
308,089.67
425,084.51
-27.52%
Property, Plant and Equipment
5,594,419.48
5,529,645.59
1.17%
Investment
5,234,435.23
5,383,243.21
-2.76%
Cash and Cash Equivalents
17,070.13
2,590.54
558.94%
Sale of Electricity
275,189.24
266,900.88
3.11%
Administrative Expenses
36,997.25
5,218.48
608.97%
Royalty
6,143.68
5,902.20
4.09%
Financial Expenses
69,935.66
63,659.33
9.86%
Net Profit
97,422.30
135,380.37
-28.04%
EPS (In Rs.)
21.01
34.15
-38.49%
Net Worth per Share (In Rs.)
116.61
126.81
-8.04%
Qtr End P/E Ratio
18.00
-
0.00%"
2022-11-03,Last Day to Grab Dividend Proposed By These 2 Companies,https://www.sharesansar.com/newsdetail/last-day-to-grab-dividend-proposed-by-these-2-companies-2022-11-03,"Today is the last trading day in NEPSE to grab dividends of
Arun Kabeli Power Limited (AKPL)
and
Nepal Life Insurance Company Limited (NLIC).
Arun Kabeli Power Limited (AKPL) has called its 12th AGM on 30th Kartik, 2079.
The AGM will endorse the 10.5263% dividend for the fiscal year 2078/79. The meeting of the board of directors held on Kartik 06 decided to distribute the dividend on the paid-up capital of Rs. 1.85 Arba. 10% bonus shares and 0.5263% cash dividend have been proposed. Thus, the bonus shares are worth Rs. 18.55 Crores and the cash dividend is worth Rs. 1.05 Crores. The cash dividend has been proposed for the tax amount on bonus shares.
Kartik 18 is the book closure date. Thus, shareholders maintained till today are entitled to the dividend payout and can also attend the AGM.
Similarly,
Nepal Life Insurance Company Limited (NLIC)
has also called its 22nd AGM on 8th Mangsir, 2079. The meeting will be held in Hotel Vishuwa, Birgunj, starting at 9am that day.
Among the other agendas, the AGM will endorse a 15.7895% dividend for the fiscal year 2077/78. The meeting of the board of decided to distribute 15.7895% cash dividend (including tax) from its paid-up capital.
Kartik 18 is the book closure date. Thus, shareholders maintained till today are entitled to the dividend payout and can also attend the AGM."
2022-10-29,Arun Kabeli Power Unveils Book Closure Date for its 10.5263% Dividend; Calls AGM on Kartik 30,https://www.sharesansar.com/newsdetail/arun-kabeli-power-unveils-book-closure-date-for-its-105263-dividend-calls-agm-on-kartik-30-2022-10-29,"Arun Kabeli Power Limited (AKPL)
has called its 12th AGM on 30th Kartik, 2079.
The AGM will endorse the 10.5263% dividend for the fiscal year 2078/79. The meeting of the board of directors held on Kartik 06 decided to distribute the dividend on the paid-up capital of Rs. 1.85 Arba. 10% bonus shares and 0.5263% cash dividend have been proposed. Thus, the bonus shares are worth Rs. 18.55 Crores and the cash dividend is worth Rs. 1.05 Crores. The cash dividend has been proposed for the tax amount on bonus shares.
Kartik 18 is the book closure date. Thus, shareholders maintained till that day are entitled to the dividend payout and can also attend the AGM."
2022-09-20,Arun Kabeli Power (AKPL) Proposes 10% Dividend for FY 2078/79,https://www.sharesansar.com/newsdetail/arun-kabeli-power-akpl-proposes-10-dividend-for-fy-207879-2022-09-20,"Arun Kabeli Power Limited (AKPL)
has proposed a 10% dividend for the fiscal year 2078/79.
The meeting of the board of directors held on Ashwin 02, 2079 decided to distribute the dividend on the paid-up capital of Rs. 1.85 Arba. 10% bonus shares worth Rs 18.55 crores (excluding tax) have been proposed for FY 2078/79. The cash dividend will be for tax purposes only.
The dividend will be distributed only after endorsement by the company's upcoming 12th AGM.
As of writing, AKPL has an LTP of Rs. 403.50.
Dividend History:"
2022-09-02,Right Shares of Arun Kabeli Hydropower Added in SEBON Pipeline; Company to Issue Massive 100% Right Share,https://www.sharesansar.com/newsdetail/right-shares-of-arun-kabeli-hydropower-added-in-sebon-pipeline-company-to-issue-massive-100-right-share-2022-09-02,"Securities Exchange Board of Nepal (SEBON) has added right shares of
Arun Kabeli Hydropower (AKPL)
to its pipeline under preliminary review, worth a total of Rs. 1.85 Arba.
The hydropower company is looking to issue 100% right shares worth Rs. 1.85 Arba through issue of 18,552,105 (1:1) units right shares to its existing shareholders. The company's paid-up capital had increased to Rs. 1.85 Arba following the distribution of the 17% bonus shares for FY 2077/78.
Therefore, the company's share capital would rise to Rs. 3.7 Arba after issuing rights shares at a ratio of 1:1 from its current share capital of Rs. 1.85 Arba as of the fourth quarter of FY 78/79.
Nabil Investment Banking is appointed as the issue manager.
Arun Kabeli Power Limited (AKPL) was incorporated on January 17, 2011, under Company Act of Nepal, 2063. It is a part of the Arun Valley Hydropower Group and has been established as an SPV for the construction and operation of 25 MW Kabeli B1 HEP.The company is promoted by Arun Valley Hydropower (~24% shareholding) and Api Power Limited (~3% shareholding)."
2022-08-28,Arun Kabeli Hydropower Gets Approval from Electricity Regulatory Commission to Issue Rights Share at 1:1 Ratio,https://www.sharesansar.com/newsdetail/arun-kabeli-hydropower-gets-approval-from-electricity-regulatory-commission-to-issue-rights-share-at-11-ratio-2022-08-28,"Electricity Regulatory Commission has given permission to Arun Kabeli Hydropower (AKPL) to issue right shares.
AKPL has been given permission by the Nepal Electricity Regulatory Commission to issue rights shares.
The company is now permitted by the commission to issue right shares at a 1:1 ratio.
Only after obtaining clearance from the Securities Exchange Board of Nepal (SEBON) will the company's right shares be offered.
A special resolution was approved by the company's 11th Annual General Meeting to issue 100% right shares of the paid-up capital after the proposed 17% bonus shares in the paid-up capital of the fiscal year 2077–2078. Likewise, Arun Kabeli's paid-up capital had increased to Rs. 1.85 Arba following the distribution of the bonus shares.
Hence, the company's share capital would rise to Rs. 3.7 Arba after issuing rights shares at a ratio of 1:1 from its current share capital of Rs. 1.85 Arba as of the fourth quarter of FY 78/79.
About the company:
Arun Valley Hydropower Development Company is established in 2054 BS with the objectives of generating hydroelectricity as a Private limited company.
Currently, the 25 MW Kabeli B-1 hydroelectric project is now being run by the company. Also, the company and the Electricity Authority have concluded a (
Power Purchase Agreement)
PPA for 141.75 GW of electricity.
Promoters of the company possess a 70% share holding in the company, While the public own 30% of the stock."
2022-08-09,How Has Arun Kabeli Power Limited Performed In The Fourth Quarter? Look At The Major Highlights,https://www.sharesansar.com/newsdetail/how-has-arun-kabeli-power-limited-performed-in-the-fourth-quarter-look-at-the-major-highlights-2022-08-09,"Arun Kabeli Power Limited (AKPL)
has reported a fall in net profit by 13.89% in the fourth quarter (Q4) of the current FY 2078/79. The profit decreased to Rs. 24.95 crores in this quarter from Rs. 28.97 crores in the corresponding quarter of the previous year.
AKPL has sold electricity worth Rs. 75.10 crores in Q4 and earned Rs 47.81 lakhs from other sources.
Its reserve fund stands at Rs. 25.80 crores with share capital at Rs 1.85 Arba.
The company sits in a liquidity position of 0.08 times. It's earning per share stands at Rs. 13.45. The net worth per share at Rs 113.91 and the P/E ratio stood at 34.12 times.
Click here for Q4 Report:
Major Highlights:
Particulars (Rs in 000)
Arun Kabeli Power
Q4 2078/79
Q4 2077/78
Difference
Paid Up Capital
1,855,211
1,585,650
17.00%
Reserve Fund
258,043
292,258
-11.71%
Loan Fund
3,331,413
3,405,368
-2.17%
Short Term Borrowing
145,623
258,540
-43.67%
Cash and Bank
13,194
2,270
481.22%
Fixed Assets - Net Block
5,283,537
5,431,401
-2.72%
Income from Power Sales
751,099
706,707
6.28%
Income from Other Sources
4,781
20,622
-76.82%
Royalty
17,437
16,640
4.79%
Admin Expenses
14,432
13,480
7.06%
Financial Expenses
250,534
318,499
-21.34%
Net Profit
249,542
289,792
-13.89%
EPS (In Rs.)
13.45
18.28
-26.40%
Net Worth per Share (In Rs.)
113.91
118.43
-3.82%
Qtr End P/E Ratio
34.12
-
0.00%
Current Ratio
1.85
1.98
-6.57%
Liquidity Ratio
0.08
-
-"
2022-05-10,How Has Arun Kabeli Power Limited Performed In The Third Quarter? Look At The Major Highlights - FY 78/79,https://www.sharesansar.com/newsdetail/how-has-arun-kabeli-power-limited-performed-in-the-third-quarter-look-at-the-major-highlights-fy-7879-2022-05-10,"Arun Kabeli Power Limited (AKPL)
has reported an increment in net profit by 10.35% in the third quarter (Q3) of the current FY 2078/79. The profit increased to Rs. 22.4 crores in this quarter from Rs. 20.3 crores in the corresponding quarter of the previous year.
AKPL has sold electricity worth Rs. 59.2 crores in Q3.
Its reserve fund stands at Rs. 23.2 crores with share capital at Rs 1.85 Arba.
The company sits in a fair liquidity position of 0.05 times. Its annualized earning per share stands at Rs. 16.12. The net worth per share at Rs 112.55 and the P/E ratio stood at 26.61 times.
Particulars (Rs in 000)
Arun Kabeli Power Limited
Q3 2078/79
Q3 2077/78
Difference
Paid Up Capital
1,855,210.50
1,585,650.00
17.00%
Reserve Fund
232,832.72
205,760.14
13.16%
Net Fixed Assets
5,295,936.41
5,274,972.17
0.40%
Investment
166,975.23
Cash and Cash Equivalents
10,311.78
3,837.70
168.70%
Advances, Prepaid, Loans and Deposits
58,058.41
148,023.14
-60.78%
Short Term Borrowings
115,225.46
233,539.29
-50.66%
Income from Power Sales
592,560.65
516,935.31
14.63%
Royalty
13,625.12
12,207.26
11.61%
Administrative Expenses
10,784.06
12,954.75
-16.76%
Operating Profit
548,350.98
476,428.41
15.10%
Financial Expenses
179,549.73
230,613.63
-22.14%
Net Profit
224,330.94
203,293.55
10.35%
EPS (In Rs.)
16.12
17.09
-5.69%
Net Worth per Share (In Rs.)
112.55
112.98
-0.38%
Qtr End P/E Ratio
26.61
-
0.00%
Qtr End Market Price
429"
2022-03-04,Himalayan Hydro Expo 2022 to be on the floor at  Bhrikutimandap; 100 plus companies in hydro sector to showcase new innovation including hydro robotics,https://www.sharesansar.com/newsdetail/himalayan-hydro-expo-2022-to-be-on-the-floor-at-bhrikutimandap-100-plus-companies-in-hydro-sector-to-showcase-new-innovation-including-hydro-robotics-2022-03-04,"Himalayan Hydro Expo is all set to organize the third edition of its expo during the third week of Chaitra, 2078 at Bhrikutimandap of Kathmandu.
The hydro expo will have Indian Embassy as the coordinator while British Embassy and Canadian High Commission as the country partners between Chaitra 18 to 20, 2078.
The expo will have 100 plus stalls from both national and international players who are engaged in the hydropower sector where they will showcase a number of new and innovative technology that could be utilized to revolutionize the hydropower sector of the nation, as per the media statement."
2022-02-06,"Arun Valley Hydropower (AHPC) Selling Shares of AKPL Worth Over Rs. 1 Arba, Sale Will Help Company to Re-establish Strong Financial Footing",https://www.sharesansar.com/newsdetail/arun-valley-hydropower-ahpc-selling-shares-of-akpl-worth-over-rs-1-arba-sale-will-help-company-to-re-establish-strong-financial-footing-2022-02-06,"Arun Valley Hydropower Development Company Limited (AHPC)
is selling the promoter shares of
Arun Kabeli Power Limited (AKPL)
in NEPSE.
The Electricity Regulatory Commission requires companies to disclose their decision to sell the shares of hydropower companies listed in NEPSE. As such, AHPC has unveiled a public announcement informing about its decision to sell 22,32,570 promoter shares of Arun Kabeli Limited.
The promoter shares can be sold at the price of AKPL's ordinary shares. AKPL closed at Rs. 601 per share last week. Assuming that the shares can be sold at the same average price, Arun Valley Hydropower (AHPC) will earn Rs. 1.34 Arba from the sale. According to its 2nd quarterly report, AHPC has around Rs. 47 crores worth of borrowings and payables. This sale may enable it to pay back the due amount and establish a strong financial position.
As of writing, AKPL is trading at Rs. 590, a loss of 1.83% from last week's closing. Meanwhile, AHPC has gained 2.87% and is trading at Rs. 610."
2021-11-17,17% Bonus Shares of Arun Kabeli Power Limited (AKPL) Listed in NEPSE,https://www.sharesansar.com/newsdetail/17-bonus-shares-of-arun-kabeli-power-limited-akpl-listed-in-nepse-2021-11-17,"26,95,605 units bonus shares of
Arun Kabeli Power Limited (AKPL)
have been listed in NEPSE.
The company convened its 11th AGM for the FY 2077-78 under the leadership of its chairman Mr. Guru Prasad Neupane on Bhadra 26, 2078. The AGM endorsed the board’s proposal to provide 17% bonus shares and 0.89% cash dividends for taxation purposes to its shareholders.
The same bonus shares are now listed. As of writing, AKPL has an LTP of Rs. 648.
The AGM also endorsed the proposal to float 1:1 right share to the shareholders following which the amount thus collected would be utilized to pay the outstanding bank loan which will thereby enable the company to provide a more handsome dividend in the coming days, as per the company's media statement.
AKPL has been producing and selling 25 MW hydro energy from its project located at Kabeli river in province 1 and has generated revenue of Rs 70.67 crore solely through trading of the electricity during the last fiscal year."
2021-11-14,How Has Arun Kabeli Power Limited Performed In The First Quarter? Look At The Major Highlights,https://www.sharesansar.com/newsdetail/how-has-arun-kabeli-power-limtied-performed-in-the-first-quarter-look-at-the-major-highlights-2021-11-14,"Arun Kabeli Power Limited (AKPL)
has reported an increment in net profit by 19.23% in the first quarter (Q1) of the current FY 2078/79. The profit increased to Rs. 13.53 crores in this quarter from Rs. 11.35 crores in the corresponding quarter of the previous year.
AKPL has sold electricity worth Rs. 26.69 crores in Q1.
Its reserve fund stands at Rs. 42.50 crores with share capital at Rs 1.58 Arba.
The company sits in a fair liquidity position of 1.05 times. The acceptable ratio is 1.5 times.
Its annualized earning per share stands at Rs. 34.15. The net worth per share at Rs 126.81 and the P/E ratio stood at 14.06 times.
Click here for the Q1 report
Major Highlights:
Particulars
Arun Kabeli Power Limited
Q1 2078/79
Q1 2077/78
Difference
Paid Up Capital
1,585,650.00
1,500,000.00
5.71%
Retained Earnings
425,084.51
206,011.41
106.34%
Property, Plant and Equipment
5,383,243.21
4,732,292.67
13.76%
Cash and Cash Equivalents
2,590.54
896.82
188.86%
Sale of Electricity
266,900.88
225,256.18
18.49%
Finance Income
0.95
180.85
-99.48%
Operation and Maintenance Expenses
6,180.10
5,144.81
20.12%
Operating Profit
249,554.51
208,982.56
19.41%
Net Profit
135,380.37
113,544.82
19.23%
Annualized EPS (In Rs.)
34.15
30.28
12.79%
Net Worth per Share (In Rs.)
126.81
113.73
11.50%
Qtr End P/E Ratio
14.06
-
0.00%"
2021-11-12,How Many Companies Have Distributed Dividend for FY 2077/78 As of Now? Summary of All Sectors With Exact Dividend Figure,https://www.sharesansar.com/newsdetail/dividend-distributed-by-companies-2021-11-12,"Companies listed in NEPSE have already started to declare the dividend for the fiscal year 2077/78.
Commercial Banks
21 out of the 26 commercial banks have already proposed the dividend for the fiscal year 2077/78. Nabil Bank has proposed the highest dividend, i.e. 38%. As of now, Sunrise Bank has paid the least, i.e. 7%.
The book closure date for dividends of five of these companies has already elapsed, meaning investors won't be able to claim the dividend of these companies. Meanwhile, other banks have yet to declare their book closure dates, and investors can buy the shares of these companies anytime before the book closure date to be eligible for the dividend.
Note for Beginners:
You can buy the shares of a company after it has proposed its dividend and still be eligible to get the dividend. In other words, you do not have to invest in the company for one whole fiscal year, which is a misconception among amateur investors.
The book closure date is simply the date on which the company closes its books for the dividend. Investors can still buy the shares after that date but they won’t get the dividend. To get the dividend of the company, you must buy the shares before the book closure date and you must not sell those shares till the book closure date. For example, investors can buy the shares of a company on the last day before its book closure date and still be entitled to the dividend. The investor remains eligible even if they sell the shares at the book closure date.
S.N.
Symbol
Company
Bonus Dividend(%)
Cash Dividend(%)
Total Dividend(%)
Book Closure Date
1
NMB
NMB Bank Limited
12.5
3.3
15.8
Not declared
2
SBL
Siddhartha Bank Limited
14.25
0.75
15
Not declared
3
KBL
Kumari Bank Limited
6
2.67
8.67
2021-10-25 [Closed]
4
LBL
Laxmi Bank Limited
8
3.5
11.5
Not declared
5
MBL
Machhapuchchhre Bank Limited
13.3
0.7
14
2021-10-24 [Closed]
6
EBL
Everest Bank Limited
6
4.32
10.32
Not declared
7
NBB
Nepal Bangladesh Bank Limited
12
3.5
15.5
2021-11-01 [Closed]
8
HBL
Himalayan Bank Limited
21.38
4.62
26
Not declared
9
SCB
Standard Chartered Bank Nepal Limited
10
3.06
13.06
Not declared
10
NIB
Nepal Investment Bank Limited
12.611
3.389
16
11/22/2021
11
NABIL
Nabil Bank Limited
33.6
4.4
38
Not declared
12
CZBIL
Citizens Bank International Limited
12.913
3.087
16
2021-10-08 [Closed]
13
PCBL
Prime Commercial Bank Limited
16
0.6313
16.6313
Not declared
14
SRBL
Sunrise Bank Limited
6.65
0.35
7
Not declared
15
SANIMA
Sanima Bank Limited
17
0.8947
17.8947
2021-10-24 [Closed]
16
MEGA
Mega Bank Nepal Limited
12.07
0
12.07
Not declared
17
NBL
Nepal Bank Limited
14
3
17
Not declared
18
GBIME
Global IME Bank Limited
10
3.5
13.5
Not declared
19
NICA
NIC Asia Bank Limited
15
0.7895
15.7895
Not declared
20
PRVU
Prabhu Bank Limited
12
0.63
12.63
Not declared
21
BOKL
Bank of Kathmandu Limited
10
4
14
Not declared
Development Banks
Similarly, 5 of the total 16 development banks listed in NEPSE have declared the dividend for the fiscal year 2077/78. The book closure dates of two of them have already elapsed. As of now, Kamana Sewa Bikas Bank Limited (KSBBL) has paid the highest 19.47% and Shangrila Development Bank Limited (SADBL) has paid the least 10.5263%.
S.N.
Symbol
Company
Bonus Dividend(%)
Cash Dividend(%)
Total Dividend(%)
Book Closure Date
1
SADBL
Shangrila Development Bank Limited
10
0.5263
10.5263
2021-10-22 [Closed]
2
MNBBL
Muktinath Bikas Bank Limited
17.575
0.925
18.5
Not declared
3
SHINE
Shine Resunga Development Bank Limited
10.93
0.57
11.5
Not declared
4
KSBBL
Kamana Sewa Bikas Bank Limited
18.5
0.97
19.47
2021-10-27 [Closed]
5
LBBL
Lumbini Bikas Bank Limited
10
3.712
13.712
Not declared
Microfinance Companies
28 microfinance companies listed in NEPSE have declared the dividend for the fiscal year 2077/78. A total of 50 microfinance companies are listed. Mahila Laghubitta Bittiya Sanstha Limited (MLBSL) has paid the highest dividend, i.e. 50%, and that too, a whopping 47.5% in bonus shares.
S.N.
Symbol
Company
Bonus Dividend(%)
Cash Dividend(%)
Total Dividend(%)
Book Closure Date
1
MMFDB
Mirmire Laghubitta Bittiya Sanstha Limited
20
0
20
Not declared
2
DDBL
Deprosc Laghubitta Bittiya Sanstha Limited
20
1.053
21.053
2021-09-28 [Closed]
3
FMDBL
First Microfinance Laghubitta Bittiya Sanstha Limited
10
0.53
10.53
11/21/2021
4
SLBBL
Swarojgar Laghubitta Bittiya Sanstha Limited
25
0
25
2021-10-29 [Closed]
5
SDLBSL
Sadhana Laghubitta Bittiya Sanstha Limited
25
1.32
26.32
2021-10-20 [Closed]
6
GLBSL
Gurans Laghubitta Bittiya Sanstha Limited
16.9064
0.8894
17.796
2021-10-25 [Closed]
7
CLBSL
Civil Laghubitta Bittiya Sanstha Limited
19
1
20
2021-10-31 [Closed]
8
RSDC
RSDC Laghubitta Bittiya Sanstha Limited
10
0.5263
10.5263
11/16/2021
9
LLBS
Laxmi Laghubitta Bittiya Sanstha Limited
20
7.3684
27.3684
11/16/2021
10
SMFBS
Swabhimaan Laghubitta Bittiya Sanstha Limited
32.3
1.7
34
Not declared
11
ALBSL
Asha Laghubitta Bittiya Sanstha Limited
25
1.3158
26.3158
2021-10-29 [Closed]
12
NICLBSL
NIC Asia Laghubitta Bittiya Sanstha Limited
0
5.41
5.41
2021-11-09 [Closed]
13
MERO
Mero Microfinance Laghubitta Bittiya Sanstha Limited
20
1.0526
21.0526
Not declared
14
SABSL
Sabaiko Laghubitta Bittiya Sanstha Limited
31.05
1.63
32.68
Not declared
15
GILB
Global IME Laghubitta Bittiya Sanstha Limited
28
28
Not declared
16
SWBBL
Swabalamban Laghubitta Bittiya Sanstha Limited
19
6
25
Not declared
17
MLBSL
Mahila Laghubitta Bittiya Sanstha Limited
47.5
2.5
50
Not declared
18
NLBBL
Nerude Laghubitta Bittiya Sanstha Limited
21.4876
1.1309
22.6185
Not declared
19
SMB
Support Laghubitta Bittiya Sanstha Limited
30
1.5789
31.5789
Not declared
20
GMFBS
Ganapati Laghubitta Bittiya Sanstha Limited
19
1
20
Not declared
21
NADEP
NADEP Laghubitta Bittiya Sanstha Limited
20
1.053
21.053
Not declared
22
USLB
Unnati Sahakarya Laghubitta Bittiya Sanstha Limited
32
0
32
Not declared
23
NMBMF
NMB Laghubitta Bittiya Sanstha Limited
21.5
1.13
22.63
Not declared
24
MSLB
Mahuli Samudayik Laghubitta Bittiya Sanstha Limited
26
0
26
Not declared
25
SMATA
Samata Gharelu Laghubitta Bittiya Sanstha Limited
20
5
25
Not declared
26
MKLB
Manakamana Smart Laghubitta Bittiya Sanstha Limited
17
0
17
Not declared
27
SLBS
Suryodaya Laghubitta Bittiya Sanstha Limited
20
0
20
Not declared
28
WOMI
Womi Laghubitta Bittiya Sanstha Limited
20
0
20
Not declared
Hydropower
Meanwhile, 9 hydropower companies have declared the dividend. 43 hydropower companies are listed. As of now, Ngadi Group Power Limited has paid the highest, i.e. 21.05%. The book closure date of all 9 hydropower companies has elapsed.
S.N.
Symbol
Company
Bonus Dividend(%)
Cash Dividend(%)
Total Dividend(%)
Book Closure Date
Bonus Listing Date
1
SPDL
Synergy Power Development Limited
10
0.5263
10.5263
2021-08-20 [Closed]
11/3/2021
2
NGPL
Ngadi Group Power Limited
20
1.05
21.05
2021-09-03 [Closed]
Not Listed Yet
3
API
Api Power Company Limited
10.5
0.55
11.05
2021-09-03 [Closed]
Not Listed Yet
4
AKPL
Arun Kabeli Power Limited
17
0.89
17.89
2021-08-31 [Closed]
Not Listed Yet
5
RURU
Ru Ru Jalbidhyut Pariyojana Limited
10
0.5263
10.5263
2021-09-23 [Closed]
Not Listed Yet
6
SHPC
Sanima Mai Hydropower Limited
10
0.5263
10.5263
2021-10-04 [Closed]
Not Listed Yet
7
AHPC
Arun Valley Hydropower Development Company Limited
10
0.526
10.526
2021-09-27 [Closed]
Not Listed Yet
8
RHPC
Ridi Hydropower Development Company Limited
0
12.6
12.6
2021-10-19 [Closed]
Not Listed Yet
9
RRHP
Rairang Hydropower Development Company Limited.
0
12.6
12.6
2021-10-21 [Closed]
Not Listed Yet
Mutual Funds
21 mutual funds have also unveiled the dividend. Global IME Samunnat Scheme 1 (GIMES1) proposed the highest (100% cash dividend) for the fiscal year. It is also the only mutual fund scheme that hasn't declared a book closure date yet, among others that declared their respective dividend. The book closure date of all other funds among the 21 funds has elapsed. Meanwhile, 3 mutual funds have yet to unveil their dividend.
S.N.
Symbol
Company
Bonus Dividend(%)
Cash Dividend(%)
Total Dividend(%)
Book Closure Date
1
NIBSF1
NIBL Samriddhi Fund 1
0
35
35
2021-08-13 [Closed]
2
GIMES1
Global IME Samunnat Scheme 1
0
100
100
Not declared
3
NMBHF1
NMB Hybrid Fund L- 1
0
20
20
2021-09-03 [Closed]
4
NEF
Nabil Equity Fund
0
40
40
2021-09-27 [Closed]
5
NIBLPF
NIBL Pragati Fund
0
50
50
2021-08-13 [Closed]
6
LEMF
Laxmi Equity Fund
0
35
35
2021-07-30 [Closed]
7
SEF
Siddhartha Equity Fund
0
30
30
2021-08-16 [Closed]
8
CMF1
Citizens Mutual Fund-1
0
40
40
2021-09-09 [Closed]
9
SAEF
Sanima Equity Fund
0
33
33
2021-09-17 [Closed]
10
NICGF
NIC Asia Growth Fund
0
30
30
2021-09-12 [Closed]
11
NIBLSF
NIBL Sahabhagita Fund
0
50
50
2021-07-29 [Closed]
12
NICBF
NIC ASIA Balanced Fund
0
30
30
2021-09-12 [Closed]
13
SIGS2
Siddhartha Investment Growth Scheme-2
0
30
30
2021-08-16 [Closed]
14
CMF2
Citizens Mutual Fund - 2
0
40
40
2021-09-09 [Closed]
15
NBF2
Nabil Balanced Fund - 2
0
35
35
2021-09-27 [Closed]
16
NMB50
NMB 50
0
30
30
2021-09-03 [Closed]
17
LUK
Laxmi Unnati Kosh
0
25
25
2021-07-28 [Closed]
18
SFMF
Sunrise First Mutual Fund
0
50
50
2021-09-01 [Closed]
19
SLCF
Sanima Large Cap Fund
0
4
4
2021-09-17 [Closed]
20
NADDF
NIC Asia Dynamic Debt Fund
0
10
10
2021-08-12 [Closed]
21
KEF
Kumari Equity Fund
0
5
5
2021-08-09 [Closed]
Other Sectors
For the fiscal year 2077/78, only ICFC Finance Limited has proposed a 14% dividend from the Finance sector. The company has proposed 10% bonus shares and 4% cash dividends. It hasn't declared a book closure date yet.
S.N.
Symbol
Company
Bonus Dividend(%)
Cash Dividend(%)
Total Dividend(%)
Book Closure Date
1
ICFC
ICFC Finance Limited
10
4
14
Not declared
In the same way, two companies from the Investment sector and three from the Manufacturing sector have unveiled their dividend. There are 5 companies in the Investment sector and 7 in the Manufacturing sector.
S.N.
Symbol
Company
Bonus Dividend(%)
Cash Dividend(%)
Total Dividend(%)
Book Closure Date
1
HIDCL
Hydroelectricity Investment and Development Company Limited
8
0.421
8.421
Not declared
2
NIFRA
Nepal Infrastructure Bank Limited
8
0.5
8.5
Not declared
S.N.
Symbol
Company
Bonus Dividend(%)
Cash Dividend(%)
Total Dividend(%)
Book Closure Date
1
NLO
Nepal Lube Oil Limited
30
5
35
2021-09-21 [Closed]
2
UNL
Unilever Nepal Limited
0
650
650
2021-10-11 [Closed]
3
SHIVM
Shivam Cements Limited
0
29
29
2021-10-25 [Closed]
In contrast, no companies from the Insurance sector or the Trading sector have unveiled the dividend for the fiscal year 2077/78. 12 Life Insurance companies, 18 Non-Life Insurance companies, and 2 Trading companies are listed in NEPSE.
Disclaimer:
This article is intended to keep investors updated about the dividends declared by companies till now. It can be used to compare the trend of dividend proposals among companies and sectors. However, it should be noted that the dividend amount isn't the only valuation metric, and depending on it solely may result in speculation errors. As mentioned
in this article
, higher dividend-paying stocks may already have a higher market price (hence reducing the profitability of buying).
Additionally, it is not owning more of something that has little value. Investors in NEPSE are overly attracted to bonus shares distribution, almost as if that is all that matters. As the legendary investor Mark Cuban puts it, a small stake in a watermelon is more than 100% of a grape."
2021-11-02,Arun Kabeli Power Limited (AKPL) Appoints Issue Manager for Rights Offering,https://www.sharesansar.com/newsdetail/arun-kabeli-power-limited-akpl-appoints-issue-manager-for-rights-offering-2021-11-02,"Nabil Investment Banking Limited has been appointed the issue manager for the rights issue of
Arun Kabeli Power Limited (AKPL).
The 11th AGM of the company held on 26th Bhadra, 2078, endorsed a 17.89% dividend for the fiscal year 2077/78: 17% in bonus shares and 0.89% in cash dividends for tax purposes. Furthermore, the AGM also endorsed the issuance of a 1: 1 right share on the paid-up capital maintained after bonus shares adjustment.
The media statement unveiled after the AGM claimed that the amount thus collected from the rights issue will be utilized to pay the outstanding bank loan which will thereby enable the company to provide a more handsome dividend in the coming days."
2021-09-27,Electricity Regulatory Commission Unveils Liberal Policy on Right Shares Issuance for Hydropower Companies,https://www.sharesansar.com/newsdetail/electricity-regulatory-commission-unveils-liberal-policy-on-right-shares-issuance-for-hydropower-companies-2021-09-27,"The Electricity Regulatory Commission has approved the pre-approval and regulation directive on the public issue of shares of electricity-related companies, 2078 BS. The meeting of the commission held on Ashwin 06 approved the directive.
In the directive, the commission has specified various conditions and made arrangements for the rights issuance by hydropower companies, opening the path for the companies to issue rights shares for new projects and projects under construction.
If a company establishes a subsidiary company with 51 percent or more ownership as the parent company, the way is open to issuing up to 200 percent of right shares. The parent company must have started commercial production of electricity from its project. Similarly, the power purchase agreement should have been completed and the project must have the power generation license. Furthermore, the parent company should be a company listed in the stock market of Nepal.
Meanwhile, a company other than the parent company may also issue right shares for the purpose of investing for less than 50% ownership in the project being constructed or going to be constructed. However, the physical progress of the construction of the project should have been more than 25% while issuing shares in this way. At most 100% rights shares can be issued for this purpose.
In case of rights issuance from one's subsidiary company or from a project under construction, the monetary amount collected via the rights shares issued earlier should have been fully spent on the construction of the project.
Similarly, hydropower companies can issue the right shares to complete the remaining construction work of the project in case it can't be completed with initial resources. But for this, the cost of project construction has to have gone higher than the company can bear due to uncontrollable circumstances. Uncontrollable conditions include disasters caused by natural disasters, epidemics, wars, internal rebellions, shutdowns, strikes, blockades, etc. that cause an obstruction in needed manpower and resources.
For this, the physical progress of the project should be at least 80%. A clear financial and scheduled action plan regarding the capital investment required to complete the construction must be passed by the Board of Directors and the AGM.
Although not related directly to the context of rights shares issuance, this directive has mentioned an added procedure for institutional investors to trade shares of hydropower companies. Any institution, company, or corporation that wishes to buy or sell the shares of a hydropower company should publicly unveil the intention 15 days prior to trading and also report to the Electricity Regulatory Commission.
To conclude this directive, these are the provisions:
1) Issuance of 200% rights for establishing a subsidiary with 51%+ ownership.
2) Issuance of up to 100% rights for investing in another company for less than 50% ownership.
3) Issuance of rights shares to complete projects affected by unfavorable conditions.
This is the directive document:
Your browser does not support pdfs,
click here to download the file."
2021-09-12,Arun Kabeli Power convenes its 11th AGM; endorses 17.89% dividend and 100% right shares to its shareholders,https://www.sharesansar.com/newsdetail/arun-kabeli-power-convenes-its-11th-agm-endorses-1789-dividend-and-100-right-shares-to-its-shareholders-2021-09-12,"Arun Kabeli Power Company has convened its 11
th
AGM for the FY 2077-78 under the leadership of its chairman Mr. Guru Prasad Neupane on Bhadra 26, 2078.
The AGM has endorsed the board’s proposal to provide 17% bonus shares and 0.89% cash dividends for taxation purposes to its shareholders. the AGM also endorsed the proposal to float 1:1 right share to the shareholders following which the amount thus collected would be utilized to pay the outstanding bank loan which will thereby enable the company to provide a more handsome dividend in the coming days, as per the media statement.
The AGM has endorsed all the financial reports of the hydro company for the previous fiscal year as presented by the chairman. The AGM also endorsed the board’s proposal to appoint G. and Associate as the external auditor of the company for the current fiscal year.
AKPL has been producing and selling 25 MW hydro energy from its project located at Kabeli river in province 1 and has generated revenue of Rs 70.67 crore solely through trading of the electricity during the last fiscal year, as per the media statement."
2021-08-29,Last Day to Grab 17.89% Dividend of Arun Kabeli Power Limited (AKPL),https://www.sharesansar.com/newsdetail/last-day-to-grab-1789-dividend-of-arun-kabeli-power-limited-akpl-2021-08-29,"Today is the last day to grab the dividend of
Arun Kabeli Power Limited.
The company has called its 11th AGM on 26th Bhadra, 2078. The meeting will be held in the company's central office in Thapathali, Kathmandu, starting at 11 am that day.
Among other agendas, the AGM will endorse a 17.89% dividend for the fiscal year 2077/78. The board has proposed 17% in bonus shares and 0.89% in cash dividends for tax purposes. Furthermore, the AGM will also endorse the issuance of a 1: 1 right share on the paid-up capital maintained after bonus shares adjustment.
Bhadra 15 is the book closure date. Thus, shareholders maintained before that day are entitled to the dividend payout and can also attend the AGM. Today is the last trading day before the book closure (NEPSE will remain closed tomorrow on the occasion of Krishna Janmashtami). Books will be closed from Bhadra 15 to Bhadra 25.
As of writing, AKPL has an LTP of Rs. 827.
AGM notice"
2021-08-19,"While the Hydro Frenzy is at its Highest, Hydropower Sector's Regulator Issues a Note of Caution",https://www.sharesansar.com/newsdetail/while-the-hydro-frenzy-is-at-its-highest-hydropower-sectors-regulator-issues-a-note-of-caution-2021-08-19,"The Electricity Regulatory Commission's attention has been drawn to news circulated across platforms that the promoters of hydropower companies have caused unnatural stock price hikes in shares of hydropower companies.
The commission states that it is a normal principle of the capital market that an investor should only invest in companies that have sound financials. Thus, it is the responsibility of companies listed on the exchange to unveil accurate information. The commission has stated that it will take strict action against any hydropower company unveiling incorrect financial reports with the hidden intent to mislead investors.
The Electricity Regulatory Commission has requested shareholders to invest in hydropower companies after properly ascertaining their technical and fundamental health, and correctly anticipating the expected returns. Since investors have varying investment strategies, the commission has requested investors to have a risk management strategy according to their respective strategies.
Furthermore, the commission has also clarified that no decision has been taken so far on allowing the companies to issue the right shares to repay the loan of the project. The commission has stated that only the draft of the revised directive has been made public so far. Thus, the provisions mentioned in the draft may or may not be included in the final guideline.
The Electricity Regulatory Commission has unveiled a checklist to ensure the financial health of hydropower companies. The checklist is attached below:
Your browser does not support pdfs,
click here to download the file."
2021-08-18,Arun Kabeli Power Limited Proposes 17.89% Dividend; Calls AGM to Also Endorse 1: 1 Rights Offering,https://www.sharesansar.com/newsdetail/arun-kabeli-power-limited-proposes-1789-dividend-calls-agm-to-also-endorse-1-1-rights-offering-2021-08-18,"Arun Kabeli Power Limited
has called its 11th AGM on 26th Bhadra, 2078. The meeting will be held in the company's central office in Thapathali, Kathmandu, starting at 11 am that day.
Among other agendas, the AGM will endorse a 17.89% dividend for the fiscal year 2077/78. The board has proposed 17% in bonus shares and 0.89% in cash dividends for tax purposes. Furthermore, the AGM will also endorse the issuance of a 1: 1 right share on the paid-up capital maintained after bonus shares adjustment.
Bhadra 15 is the book closure date. Thus, shareholders maintained before that day are entitled to the dividend payout and can also attend the AGM. Books will be closed from Bhadra 15 to Bhadra 25 that day. As of writing, AKPL has an LTP of Rs. 729 after gaining 10% yesterday.
AGM notice"
2021-08-11,Attention: Arun Kabeli Power Limited Issuing Right Shares?,https://www.sharesansar.com/newsdetail/attention-arun-kabeli-power-limited-issuing-right-shares-2021-08-11,"The ""offer letter"" of Arun Kabeli Power Limited's rights issue seems to have been circulating throughout social media platforms. It has been brought to Sharesansar's attention that some ill doers have misused our brand identity and logo to make it appear like an authentic announcement.
Arun Kabeli Power Limited has made no such announcement. The image seems to have been photoshopped from another announcement of ours.
All concerned entities are requested to take information related to the capital market from credible sources only. As we keep upgrading our credibility and reader base, we keep seeing people trying to misuse our brand image.
Digitally Altered Image That is Not Authentic:
The Actual Announcement That We Published:
Take information shared on social media platforms with a grain of salt. If the news is authentic, it can be tracked down with a link to our official website. In this case, we haven't published any news or announcement related to the rights issue, and the image is an altered version of one of our earlier announcements, created solely to mislead readers.
P.S.
We repeat, there has been no public announcement about the rights offering of Arun Kabeli Power Limited. Investors can now stop contacting Muktinath Capital on this matter. We have had a conversation with Mr. Kabindra Dhoj Joshi, CEO of Muktinath Capital, and the answer they will give is the one that is mentioned in this article itself."
2021-08-02,Increment in Net Profit Supported by Healthy Revenues in Q4 of Arun Kabeli; Look at the Major Highlights,https://www.sharesansar.com/newsdetail/increment-in-net-profit-supported-by-healthy-revenues-in-q4-of-arun-kabeli-look-at-the-major-highlights-2021-08-02,"Arun Kabeli Power Limited (AKPL)
has posted net profit growth by a massive 168.38% in the fourth quarter (Q4) of the current FY 2077/78. The profit increased to Rs. 28.97 crores in this quarter from Rs. 10.79 crores in the corresponding quarter of the previous year.
AKPL has sold electricity worth Rs 70.67 crores and collected revenue from other sources worth Rs. 2.06 crores by the end of Q4.
Its reserve fund stands at Rs 29.22 crores with share capital at Rs 1.58 Arba. The short-term and long-term borrowings of the company rose to Rs. 5.54 Arba by the end of the third quarter.
The company sits in a liquidity position of 0.56 times. The acceptable ratio is 1.5 times.
Its annualized earning per share stands at Rs. 18.28. The net worth per share at Rs 118.43 and the P/E ratio stood at 25.94 times.
Click here for the Q4 report
Major Highlights:
Particulars
Arun Kabeli Power Company Limited
Q3, 2077/2078
Q3, 2076/2077
Difference
Paid-Up Capital
1,585,650.00
1,500,000.00
-
Reserve & Surplus
292,258.31
92,466.61
-
Plant and Property
5,431,400.76
4,774,955.17
13.75%
Capital WIP
0.00
0.00
-
Borrowings
5,541,816.23
5,148,030.39
7.65%
Revenue
727,328.48
430,124.15
69.10%
Administrative Expenses
13,480.34
4,476.97
201.10%
Financial Expenses
318,499.17
266,672.03
19.43%
Net Profit
289,791.70
107,977.23
168.38%
Earnings per share (Rs.)
18.28
7.20
-
Net worth per share (Rs.)
118.43
106.16
11.55%
P/E Ratio (times)
25.94
-
-
Current Ratio (times)
0.56
-
-"
2021-05-30,Still Fishing for Hydropower Companies To Invest In? Read This Before Diving Into Any Conclusions,https://www.sharesansar.com/newsdetail/still-fishing-for-hydropower-companies-to-invest-in-2021-05-28,"From trading below the book value to massive increment of price, the Hydropower sector has brought a lot of fuss in the market and it sure has raised a question to fundamental analysts who prefers to invest in sound companies.
To that respect, Sharesansar carried out research on the major fundamental ratios of all hydropower companies which might or might not justify the price increment. In this article we compared the fundamental ratios of the third quarter of this FY with the corresponding quarter of last year and price increment is based on comparison from Baisakh 02, 2078.
Some of the major ratios which are used in this study are Profit Growth, Revenue Growth, Current Ratio, ROE, and EPS.
(NOTE: Investors can use other ratios in this analysis to get a broader picture)
Out of 40 listed companies, 8 companies have yet to publish their third-quarter report.
This analysis is divided into three categories:
Companies that have a positive net profit
Companies that reported a net loss
Companies that have not published their Q3 report yet.
First, let’s deal with the companies which have reported positive net profit.
From the above table, it is clear that
RURU Jalavidhyut Company Limited’s (RURU)
price increased the most and stood at Rs. 1085 /share. RURU is followed by
Radhi Bidyut Company Limited (RADHI)
whose price increased by 114.72%. However, this is not what we are looking for in this article. We are interested in if the price increment is justified by the fundamentals of respective companies.
Let us know about RURU Jalvaidhyut, shall we? RURU Jalavidhyut currently operates a 5 MW power plant that started its commercial operation from Chaitra-09, 2071. The project cost comes at Rs 74.94 crores.
Now let's dive into the financial part, in this quarter, RURU Jalavidhyut Company Limited (RURU) reported a 12.89% increment in net profit compared to the corresponding quarter which seems fair because the revenue grew by just 2.82%.
However, if an investor takes a careful look at the quarterly report, he/she will see that the production has been directly affected due to the frequent problem in the transmission line (as per the management). This might impact the overall revenue in the coming quarters if not solved. The company has also not invested in any other projects till this quarter.
The company has reported an ROE of 16.69% which is probably higher than its peers. In terms of solvency, the company seems to be in a fair position to pay off its liabilities.  If we look at the most used valuation ratio, the company seems to have been trading at a Price to Earnings (P/E) ratio of 48.69 times.
Investors might be anticipating dividends from the company in this FY since it has Rs. 12.27 crores worth of reserve which might be one of the factors for an increased price, however, if an investor decides to buy the stock at the current market price, the value he/she will gain is from the increased profit in the upcoming FY which the company can play a crucial role in effectively investing its untied cash.
The second company
we will access is Radhi Jalavidhyut Company Limited which operates a 4.4 MW power plant. It started its commercial operation on Jestha-31, 2071. The profit in this quarter grew by 9.06%, however, the revenue declined by 3.95%.
This is mainly because the transmission line had a frequent technical fault (mentioned by the management)
. In terms, of solvency, the company seems to have the ability to pay off its liabilities without external sources. The company doesn’t have much long-term borrowings in its book. However, investors are requested to access the liabilities side a little deeper since the liabilities might be due in upcoming years.
The company has invested in 4 other projects; Universal Power Company Limited (UPCL) (11 MW), Dordi Khola Jalavidyut Company Limited (DKJBSL) (12 MW), and Rapti Hydro & General Construction Limited which is currently involved in the construction of Rukum Gadh Jalavidhyut Aayojana (5 MW) hydropower.
The company proposed a bonus share of 36.5% for FY 2076-77 on May-17, 2021 during which the price was Rs. 774/share. When the company created its quarterly report, which was on April-03, 2021, its shares were trading at Rs. 492/share. The price has increased more than 100% since then and currently trading at a Price to Earnings (P/E) of 60.40 times which yields earnings of 1.65%. If investors wish to buy the stock at the current level of price, investors need to find a concrete reason which makes them sure that there is value at the current market price.
Since price is what you pay and value is what you get.
Now Let’s deal with companies with Net loss in Q3 of FY 2077-78.
One of the first thing investors will notice in this table is two things (excluding the obvious; Net Profit and EPS) are common in almost all the companies; first is that the company has a negative reserve and second is except for NHPC and SSHL, all companies are insolvent, meaning that the company might face difficulty in paying off its short-term liabilities. On top of that, the company has a huge debt burden in its books.
From the table above, Dibyashwari Hydropower Company Limited’s (DHPL) price increased by 100.79% and the price per share stands at Rs. 255. The company is developing a 4 MW hydropower plant in the Sabhakhola River located in Sankhuwasabha District. The project has already come into operation. From the report, investors can see that the company expects an increment in the project cost since the contractors have yet to submit the final bill and job completion report.
Finally, the companies above are the ones who have yet to publish their third-quarter report.
Khani Khola Hydropower Company Limited’s (KKHC) price has increased the most which is about 88.81%. Since there is no official website of the company, we could not access much information on KKHC.
Conclusion:
Having adequate knowledge of what the company does and how the company is doing in terms of profitability, helps investors make an informed decision.
From this article, if there is one thing investors can take with themselves is that just looking at two or three common ratios won’t tell investors much about the company.  There are many other ratios that help the investor make an informed decision and not worry much about what the stock will do 1 or 2 months down the line.
(Disclaimer: Investors are requested to not take these analyses as a buy/sell suggestion This is just an opinion piece of Sharesansar.)"
2021-04-29,Arun Kabeli reports a massive increment in profitability in Q3; EPS at Rs. 17.09,https://www.sharesansar.com/newsdetail/arun-kabeli-reports-a-massive-increment-in-profitability-in-q3-eps-at-rs-1709-2021-04-29,"Arun Kabeli Power Limited (APL)
has posted net profit growth of a massive 348.16% in the third quarter (Q3) of the current FY 2077/78. The profit increased to Rs. 20.32 crores in this quarter from Rs. 4.53 crores in the corresponding quarter of the previous year.
AKPL has sold electricity of worth Rs 51.69 crores and collected revenue from other sources worth Rs. 5.42 lakhs by the end of Q3.
Its reserve fund stands at Rs 20.57 crores with share capital at Rs 1.58 Arba. The short-term and long-term borrowings of the company rose to Rs. 3.63 Arba by the end of the third quarter.
The company sits in a liquidity position of 0.77 times. The acceptable ratio is 1.5 times.
Its annualized earning per share stands at Rs. 17.09. The net worth per share at Rs 112.98 and P/E ratio stood at 19.60 times.
Click here for Q3 report
Major Highlights:
Particulars
Arun Kabeli Power Limited
Q3, 2077/2078
Q3, 2076/2077
Difference
Paid-Up Capital
1,585,650.00
1,500,000.00
5.71%
Reserve & Surplus
205,760.14
29,851.66
589.28%
Plant, Property and Equipment
5,274,972.17
54,384.72
9599.36%
Investment in Subsidiary
0.00
0.00
-
Borrowings
3,638,906.85
3,498,307.90
4.02%
Total Income
517,477.87
220,548.54
134.63%
Administrative Expenses
12,954.75
2,705.76
378.78%
Financial Expenses
230,613.63
162,507.04
41.91%
Net Profit
203,293.55
45,362.29
348.16%
Earnings per share (Rs.)
17.09
4.03
323.95%
Net worth per share (Rs.)
112.98
101.99
10.77%
P/E Ratio (times)
19.60
-
-
Current Ratio (times)
0.77
-
-"
2021-03-10,"Shares Listed: 8,56,500 Units Bonus Shares of Arun Kabeli Power Limited (AKPL)",https://www.sharesansar.com/newsdetail/shares-listed-856500-units-bonus-shares-of-arun-kabeli-power-limited-akpl-2021-03-10,"8,56,500 units bonus shares of
Arun Kabeli Power Limited (AKPL)
are listed in NEPSE. This is a portion of the dividend distributed for the fiscal year 2076/77.
Arun Kabeli Power has virtually convened its 10th AGM for the FY 2076-77 on Mangsir 22, 2077 under the leadership of its chairperson Mr. Guru Prashad Neupane. The AGM has endorsed the board’s proposal to provide 5.71% bonus shares and 0.29% cash dividend to the shareholders. The same bonus shares are now listed in NEPSE.
As of writing, AKPL has an LTP of Rs. 320."
2021-02-03,Arun Kabeli reported massive growth in Net profit in Q2; EPS at Rs.24.36,https://www.sharesansar.com/newsdetail/arun-kabeli-reported-massive-growth-in-net-profit-in-q2-eps-at-rs2436-2021-02-03,"Arun Kabeli Power Limited (APL)
has posted net profit growth of massive 326.11% in the second quarter (Q2) of the current FY 2077/78. The profit increased to Rs. 18.26 crores in this quarter from Rs. 4.28 crores in the corresponding quarter of previous year.
AKPL has sold electricity of worth Rs 38.85 crores and collected revenue from other sources worth Rs. 3.53 lakhs by the end of Q2.
Its reserve fund stands at Rs 27.51 crores with share capital at Rs 1.50 Arba. The short-term and long-term borrowings of the company rose to Rs. 3.60 Arba by the end of the second quarter.
The company sits in a fair liquidity position of 1.00 times. The acceptable ratio is 1.5 times.
Its annualized earning per share stands at Rs. 24.36. The net worth per share at Rs 118.34 and P/E ratio stood at 11.37 times.
Click here for Q2 report
Major Highlights:
Particulars
Arun Kabeli Power Limited
Q2, 2077/2078
Q2, 2076/2077
Difference
Paid-Up Capital
1,500,000.00
1,500,000.00
-
Reserve & Surplus
275,152.59
27,362.66
905.58%
Plant, Property and Equipment
5,273,361.85
54,636.75
9551.68%
Borrowings
3,605,677.91
3,499,606.22
3.03%
Total Income
388,929.33
113,541.28
242.54%
Administrative Expenses
9,491.39
1,192.45
695.95%
Financial Expenses
150,734.52
64,757.62
132.77%
Net Profit
182,686.00
42,873.29
326.11%
Earnings per share (Rs.)
24.36
5.72
-
Net worth per share (Rs.)
118.34
101.82
-
P/E Ratio (times)
11.37
-
-
Current Ratio (times)
1.00
-
-"
2020-12-08,Arun Kabeli Power virtually convenes its 10th AGM; endorses proposal of 6% dividend to its shareholders,https://www.sharesansar.com/newsdetail/arun-kabeli-power-virtually-convenes-its-10th-agm-endorses-proposal-of-6-dividend-to-its-shareholders-2020-12-08,"Arun Kabeli Power has virtually convened its 10
th
AGM for the FY 2076-77 on Mangsir 22, 2077 under the leadership of its chairperson Mr. Guru Prashad Neupane.
The AGM has endorsed the board’s proposal to provide 5.71% bonus shares and 0.29% cash dividend to the shareholders, as per the media statement."
2020-11-26,Last Day to Grab 6% Dividend of Arun Kabeli Power Limited (AKPL),https://www.sharesansar.com/newsdetail/last-day-to-grab-6-dividend-of-arun-kabeli-power-limited-akpl-2020-11-25,"Today is the last day to grab the 6% dividend from Arun Kabeli Power Limited (AKPL).
The company has proposed a 5.71% bonus shares and 0.29% cash (for tax purposes) as a dividend for the fiscal year 2076/77. Books will be closed from Mangsir 12 to Mangsir 21. This book closure is also for the upcoming AGM of the company. Thus, investors who can buy the shares of AKPL today, i.e. Mangsir 11 are also entitled to the dividend and can attend the AGM.
The company has announced its 10th AGM on Mangsir 22, i.e. December 07. The AGM will commence at 11 am that day. Because of the Covid-19 pandemic, the AGM will be hosted online and investors will have to participate via Zoom.
As of writing, the LTP of the company stands at Rs. 273."
2020-11-18,Arun Kabeli Power Limited to endorse 6% dividend for FY 2076/77 via upcoming AGM,https://www.sharesansar.com/newsdetail/arun-kabeli-power-limited-to-endorse-6-dividend-for-fy-207677-via-upcoming-agm-2020-11-18,"Arun Kabeli Power Limited (AKPL) has announced its 10th AGM on Mangsir 22, i.e. December 07. The AGM will commence at 11 am that day. Because of the Covid-19 pandemic, the AGM will be hosted online and investors will have to participate via Zoom.
Among other proposals, the AGM will endorse the dividend from the profit of the fiscal year 2076/77. The company has proposed a 5.71% bonus shares and 0.29% cash (for tax purposes) as a dividend for the fiscal year 2076/77. Also, another agenda of significance is that the company will discuss new project development and investment.
The book closure date is declared on Mangsir 12. Books will be closed from Mangsir 12 to Mangsir 21. Thus, investors maintained before Mangsir 12 are entitled to the 6% dividend and can also attend the AGM."
2020-11-12,Arun Kabeli reports significant growth in Q1; annualized EPS at Rs. 30.28,https://www.sharesansar.com/newsdetail/arun-kabeli-reports-significant-growth-in-q1-eps-at-rs-3028-2020-11-12,"Arun Kabeli Power Limited (AKPL)
has published the unaudited first-quarter report for FY 2077/2078. As per the report, the net profit of the company increased to Rs. 11.35 crores which were
negative
Rs. 43 thousand in the corresponding quarter of the previous year.
The company’s paid-up capital stood at Rs. 1.50 Arba. Similarly, the company has Rs. 20.60 crores as reserves and surplus.
The company sits at a liquidity position of 2.08 times signifying that the company won’t be having any problem in paying out the short-term obligations.
The annualized EPS of the company stood at Rs. 30.28 and Net worth per share stood at Rs. 113.73. The company traded at a P/E multiple of 8.09 times.
Click here for the Q1 report
Financial Highlights:
Particulars
Arun Kabeli Power Limited
Q1, 2077/2078
Q1, 2076/2077
Difference
Paid-Up Capital
1,500,000.00
1,500,000.00
-
Reserves and Surplus
206,011.41
-15,949.96
-
Plant, Property, and Equipment
4,732,292.67
54,751.45
8543.23%
Capital Work in Progress
0.00
4,941,164.15
-100.00%
Borrowings
3615092.69
3365417.47
7.42%
Income from Sale of Electricity
225,256.18
0.00
-
Other Income
180.85
0.00
-
Administrative Expenses
4,321.81
50.00
8543.62%
Finance Costs
84,273.10
0.00
-
Operating Profit/(Loss)
209,982.56
-50.00
-
Net Profit/(Loss)
113,544.82
-439.33
-
EPS (Rs.)
30.28
-0.12
-
Net Worth per share (Rs.)
113.73
98.94
14.96%
Qtr End Price (Rs.)
245.00
-
-
Qtr End P/E Ratio (Times)
8.09
-
-
Current Ratio (times)
2.08
-
-"
2020-09-25,Bullish on Hydro: Everything you need to know about the Hydro Craze in NEPSE,https://www.sharesansar.com/newsdetail/bull-on-hydro-everything-you-need-to-know-about-the-hydro-craze-in-nepse-2020-09-25,"The Hydropower index in NEPSE was sluggish for quite a long time.
For one reason or another, investors believed the sector was a slowly ticking time-bomb: You don't know when but the loss will destroy your investment hopes eventually.
However, hydropower companies have shown an unprecedented bullish surge. The overall index has shown more than a 40% surge upwards in the last 30 days. The sector which investors liked to toss to the dark corner has now been a major attraction, as if because of some mysterious Midas touch.
Like always, Sharesansar wanted to knock on the doors of experts and compile a general consensus about what might have fueled the aggressive rise of Hydro. This article is a condensed version of all the opinions we collected.
1) The Hydro sector has already sustained massive hits
If we look back on the bearish run that lasted a little over four years, we see that hydropower companies took the most hits. They lost voraciously, and the stock price essentially plunged.
While the overall NEPSE index lost about 42% in the bearish downtrend, the Hydropower index lost almost a massive 70%.
Even investors who bought the IPOs of hydropower companies lost. Keep in mind that
IPOs are believed to give guaranteed profits
to subscribers as seen in the overall history.
Thus, several hydropower companies are still trading below their par value of Rs. 100. Before this sudden bullish run, you could ask any knowledgeable investor and they would advise you to stay away from hydropower companies.
On the flip side, this means that this could be the worst that we can see. When something is at the lowest bottom, the only place it can now go is up and above. For this reason, an investor can speculate that the sector won't be as bad as the bottom of the bear phase in the upcoming days. Also, given that the general consensus is that NEPSE is already in a bullish run now, the hydropower sector might also get some light.
2) Excess Liquidity in the economy; Low-interest rates; Less Interest payment expenses; Increased profits
Establishing and operating a hydropower plant is a costly enterprise altogether. Thus, almost all hydro companies operate on borrowed capital. It is just a matter of which company has more or fewer borrowings and can effectively utilize the borrowed funds.
During and after the first three months of lockdown, the banking sector witnessed a huge surge in liquidity. Since people's spending has been severely cut by the pandemic, it is logical for banks and financial institutions (BFIs) to see an increase in deposits.
And at the same time, very few entities are taking loans from the BFIs. This is because every constructive/ productive activity has been brought to a halt. Industries and factories are operating with very limited resources or not operating at all. The expansion of businesses and construction activities is almost null at this time. Thus, banks currently have more than 200 billion rupees in liquidity.
For all these reasons, banks are compelled to reduce their interest rates on loans and deposits. As a result, the interest payment expenses of hydropower companies have been slashed. Fewer expenses in any form only mean that the fund will be collected as profits.
Thus, investors believe that excess liquidity has actually created a favorable scenario for hydro companies, and thus, their investors.
3) Hydropower companies' operations weren't harshly affected by the pandemic
We still have to accept that construction and reinstallation projects were affected. However, for plants that are already up and running, the pandemic did not pose a challenge.
For example, Chilime Hydropower is producing its projected quantity of electricity from its hydropower projects. The company has an agreement with NEA to sell the electricity at a pre-determined price. NEA can't deny buying the produced electricity in any case. Thus, the pandemic and the lockdown posed no major challenge whatsoever to Chilime Hydropower and numerous other hydro companies.
4) Investor speculation
All the points elaborated above may not be entirely true. However, since they are what the majority of investors believe in, a self-fulfilling prophecy is created in the market.
The stock market does what its participants believe it does. If enough investors believe that a stock will go up for any reason whatsoever, their actions will be in sync and the stock will go up indeed.
This is called investor speculation in technical terms. The stock market is gigantic machinery with microscopic functional parts. Each part has its own conscience. But the action of each part affects the upcoming actions of other parts. Essentially, if we consider that the market participants are the microscopic parts, this speculation has the potential to drive prices higher via a domino effect.
Nevertheless, if investors' faith isn't backed up by a fundamental explanation, the uptrend can become a bubble and eventually burst. Thus, investors should be wary while following the trend (more on this later).
5) New investors demand the stock but the old ones hold
There is a popular saying that, if even your milkman is talking about stocks, you should know that the market is in an aggressive bullish momentum.
While NEPSE was gaining aggressively in February this year, an intense amount of volume was seen on an intra-day basis. This can either be explained as the active participation of existing investors or the addition of new ones. The latter is not unlikely because:
a)
NEPSE was at the start of a bullish phase, and a bullish market attracts investors like a midnight street lamp attracts moths.
b)
NEPSE has gone through immense technological changes in the last few years. Now, even the online trading platform can be made online. Investors can also pay and receive funds from the comfort of their bedroom.
Note that these new investors did not witness the decline of the hydro sector during the last bearish trend. These are beginners who think cheap is always better like we all thought when we started. God bless them, because no matter whether they are right or wrong, they are in part responsible for this upwards momentum.
6) The sector can potentially witness policy reforms
Rumors spread the fastest in the stock market.
Investors are barraged with countless rumors and myths regarding the capital market on a daily basis. Social media sites are the target of such inauthentic news portals to spread their fake news.
As a result, there have been rumors that the regulatory bodies will increase the license period of hydropower companies. If this happens, hydro companies can keep generating profits for long before their hydropower plants are eventually handed over to the Nepal Electricity Authority (NEA).
Furthermore, we've also seen a significant number of investors highly optimistic towards the refinancing policies of Nepal Rastra Bank towards these hydro companies.
In a lack of conclusive evidence, Sharesansar cannot rule any of the rumors above as true or false. Nevertheless, it is plausible that investors highly expect the aforementioned reforms to happen. Some might have also bought the shares already expecting to grab a portion of the profits when such news is finally published by authentic portals like ours.
Proceed with caution
Financial markets are always prone to volatility and unexpected loss. Also, by the law of the market, anything that goes up fast has the potential to come down faster.
Short-selling isn't allowed in NEPSE. In simpler words, short-selling is to bet that the stock goes down instead of up. A short seller profits when the market is losing. Since short selling isn't allowed in NEPSE, our stock market only has one half of a standard capital market. Everyone in NEPSE wants the index to go up. Evidently, investors have cheerfully welcomed the rise in the hydropower sector as well.
However, there are a handful of concerns in the bullish rise of hydropower companies. No one knows whether these parameters will bring the index down eventually. But it is always wise to know of the potential constraints that can weigh the trend down.
1) Not all apples in the basket are edible
There are companies that do not lose even during a bear market. And there are companies that do not gain even during a bull market.
A basic rule of thumb here is that only those companies which have net worth per share of more than Rs. 100 are able to distribute dividends.
Out of 23 hydropower companies who have posted the Q4 report of the last fiscal year, 9 companies have reported net worth per share less than Rs. 100. This is less than the par value which means that they have a negative reserve. Consequently, they are unable to distribute a dividend.
2) Embrace the trend but fear the promoters
The provision for the promoters of hydropower companies is unique from the provision for the promoters of other companies.
Three years after a hydropower company issues an IPO, its promoters can sell their shares in whatever the market price is determined by the general consensus.
How exactly will this affect us?
If investors get overly aggressive and take prices higher, the promoters will want to sell their shares. After all, even the promoters want to squeeze maximum profits from their investment. Thus, the entry of promoters in the secondary market will topple the supply-demand balance.
The market will be flooded by an excess supply of shares. If the supply is more than the demand, the price will eventually plunge until another equilibrium is reached.
3) If you're looking for short-term profits, maybe you missed the train already
""I feel that the price has already discounted all the positive expectations and improved conditions,"" says a techno-fundamental investor who chooses to remain anonymous.
For him, the price is already overextended.
His thoughts are commendable. Many amateur investors enter a stock when the price has already gained significantly. This is because he develops the fear of missing out. He does not want to remain empty-handed when his friends and colleagues count their profits. As a result, he buys the stock even if the price has already gained.
But sadly for our innocent investor, the stock has already peaked out. The early buyers begin exiting the stock, which drives the price downwards. As a result, he is left with his underappreciated quantity of shares.
The stock market is a mentally challenging game. Greed and fear drive the stock market more than any other fundamentals or indicators. If you are reading this article and are looking forward to buying a few shares of hydropower companies, you will have to evaluate with more diligence than those who entered a month ago.
Or, if you want to avoid the extra burden and uncertainty like our anonymous techno-fundamentalist, you are better off avoiding this sector altogether.
4) You might be getting manipulated
Because the paid-up capital of hydropower companies is small, a handful of players might be manipulating the stock price, says Dipendra Agrawal, an investor with experience.
This is because it is easy for big investors to direct their chunk of investing capital towards a company and manipulate its stock price via multiple transactions.
In the stock market, and especially in NEPSE, shady activities like intentional speculation, cornering, and price manipulation are common.
Wrapping Up
Like in every other area of life, we want to look for meaning and rationale in the stock market. We want to look for the cause behind every effect.
However, the stock market is the most irrational entity put together by mankind. Any expert opinion or future projection can fail when the market notices a slight change of mood.
But this is also what makes the stock market beautiful because it provides an equal ground for amateurs and experts. While we tried to derive the rationale and logic behind the rise of hydropower companies, Sharesansar still requests readers to do their own research and make their own decisions."
2020-09-20,"NEPSE on rising mood - Hydropower, Hotel, and Others Sectors outperformed NEPSE Index; Know which sector and Hydropower Companies rises more in the last 1 month",https://www.sharesansar.com/newsdetail/hydropower-gains-from-aug-20-to-sep-17-2020-09-18,"After more than 3 years of the long bearish cycle of NEPSE, it created a high of 1632.17 on 27 Feb 2020. During this time the world was already affected by the deadly coronavirus; some of the countries were already shut down to contain the virus. However, Nepal was hit a bit later and the government decided to announce a lockdown in the nation. This created huge panic among the investors and the market started to plunge from the high of 1632.17 to 1188.70 (-37.34%). However, the market had a major pullback from 30 June 2020 and the market is already up almost 33%.
Since the major pullback from 30 June 2020, the market has gone through crazy volatility but from 20 Aug 2020, the market seems to have grip onto a steady momentum with a huge turnover. So, for this study, we will be looking at the gains of all index and Hydropower Sub-index in specific from Aug 20, 2020, to Sep-17, 2020.
Index
20-Aug
17-Sep
Gain
NEPSE Index
1397.57
1572.18
12.49%
Banking
1178.8
1249.37
5.99%
Development Bank
1727.64
1837.96
6.39%
Finance
655.54
726.85
10.88%
Hotel
1497.2
1884.54
25.87%
Hydropower
951.02
1290.05
35.65%
Life Insurance
8520.22
9879.95
15.96%
Manufacturing and Processing
2696.51
3066.17
13.71%
Microfinance
2355.56
2605.46
10.61%
Non-life Insurance
6735.3
8147.47
20.97%
Others
828.37
1020.69
23.22%
Trading
866.86
1016.83
17.30%
Mutual Fund
10.58
10.97
3.69%
Observing the table above all the indexes are up. NEPSE was at 1397.57 points on 20 Aug 2020 before gaining the momentum and after 27 days of upward momentum, it gained 12.49% reaching 1572.18 points with an average volume of 2.28 Arba. Mutual Fund has gained a minimal point of 3.69% while the Hydropower sub-index has gained the highest of 35.65% showing that investors are drawn towards hydropower and are optimistic about the hydropower in specific.
Let’s have a look at the gains of all hydropower companies from Aug-20 to Sep-17.
Companies
Symbol
Closing price (Aug 20)
Closing Price (Sep 17)
Gain
Arun Valley Hydropower Development Company Limited
AHPC
92.00
178
93.48%
Joshi Hydropower Development Company Limited
JOSHI
62.00
113
82.26%
Arun Kabeli Power Limited
AKPL
113.00
204
80.53%
Ankhukhola Hydropower Company Limited
AKJCL
51.00
90
76.47%
Synergy Power Development Limited
SPDL
106.00
181
70.75%
Nepal Hydro Developer Limited
NHDL
128.00
218
70.31%
Union Hydropower Company Limited
UNHPL
60.00
102
70.00%
Barun Hydropower Company Limited
BARUN
86.00
145
68.60%
Universal Power Company Limited
UPCL
70.00
118
68.57%
Ghalemdi Hydro Limited
GHL
57.00
96
68.42%
Khani Khola Hydropower Company Limited
KKHC
48.00
80
66.67%
Ridi Hydropower Development Company Limited
RHPC
86.00
141
63.95%
Radhi Bidyut Company Limited
RADHI
179.00
284
58.66%
Api Power Company Limited
API
108.00
171
58.33%
Dibyashwari Hydropower Company Limited
DHPL
50.00
79
58.00%
Himalaya Urja Bikas Company Limited
HURJA
90.00
141
56.67%
Himalayan Power Partner Limited
HPPL
133.00
202
51.88%
Chhyangdi Hydropower Company Limited
CHL
89.00
135
51.69%
Rairang Hydropower Development Company Limited.
RRHP
90.00
135
50.00%
National Hydro Power Company Limited
NHPC
53.00
79
49.06%
Ngadi Group Power Limited
NGPL
117.00
173
47.86%
United Modi Hydropower Limited
UMHL
100.00
147
47.00%
Kalika Power Company Limited
KPCL
107.00
155
44.86%
Panchthar Power Company Limited
PPCL
114.00
163
42.98%
Mountain Hydro Nepal Limited
MHNL
82.00
117
42.68%
Panchakanya Mai Hydropower Limited
PMHPL
82.00
115
40.24%
Chilime Hydro power Company Limited
CHCL
384.00
521
35.68%
Sanjen Jalavidhyut Company Limited
SJCL
133.00
179
34.59%
Sanima Mai Hydropower Limited
SHPC
223.00
300
34.53%
Rasuwagadhi Hydropower Company Limited
RHPL
146.00
195
33.56%
Upper Tamakoshi Hydropower Limited
UPPER
220.00
284
29.09%
Himal Dolakha Hydropower Company Limited
HDHPC
90.00
110
22.22%
Butwal Power Company Limited
BPCL
358.00
420
17.32%
Since the market gained momentum, almost all companies started to soar with the index. However, it seems that investors are highly drawn towards Arun Valley Hydropower Development Company Limited (AHPC). AHPC in specifically has gained about 93.48%. the stock was trading at Rs. 92 in Aug-20 and in 27 days’ time frame the stock traded at Rs. 178.
On the flip side, Butwal Power Company Limited (BPCL) gained the least percentage point of 17.32%. The stock traded at Rs. 420 in Sep-17, 2020.
It is interesting to observe the recent momentum because the stock market has been reacting to the current scenario in the opposite way. However, when we study past scenarios, the Nepalese stock market shows no correlation to the economic downturn rather the market moves in a cycle. Despite different uncertainties in the economy in the current scenario, people are drawn towards the stock market to hedge against different uncertainties. With not much investment opportunity in the country, investors are highly invested in the stock market which is shown by the daily turnover. However, we cannot be so sure as to why the market is reacting the way it is and we definitely cannot bet against the momentum."
2020-09-06,Know which listed hydropower companies have positive net worth per share and dividend distribution capacity,https://www.sharesansar.com/newsdetail/hydropower-dividend-capacity-draft-2020-09-06,"Most of the hydropower companies have published their fourth-quarter report of fiscal year 2076/2077. Despite the lockdown enforced by the government in the nation, most of the companies have maintained their consistency. Out of 33 listed hydropower companies in NEPSE, only 23 companies have published their Q4 report. However, all the companies will not able to distribute dividends to their shareholders.
We have divided the companies into 2 different categories;
1) Net worth per share of
more
than Rs. 100.
2) Net worth per share
less
than Rs. 100.
Let’s look into all the company’s financials and see which company has the capacity to distribute dividends this year:
S. N
Company Name
Symbol
Paid-Up Capital (‘000)
Reserve (‘000)
Net Profit (‘000)
Net Worth Per Share (Rs.)
1
Butwal Power Company Limited
BPCL
2,683,882
4,534,569
722,945
268.96
2
Chilime Jalavidyut Company Limited
CHCL
5,709,763
4,296,295
748,059
175
3
Radhi Bidyut Company Limited
RADHI
473,556.50
184,290.93
74,043.08
138.92
4
Sanima Mai Hydropower Limited
SHPC
2,553,100
659,709.99
368,384.63
125.84
5
Api Power Company Limited
API
1,190,700
170,010.80
95,779.48
114.28
6
Kalika Power Company Limited
KPCL
600,000
63,479.24
51,907.56
110.57
7
Arun Valley Hydropower Development Company Limited
AHPC
998,323.20
81,953.31
72,889.31
108.21
8
Ridi Hydropower Development Company Limited
RHPC
557,674.30
36,100.70
34,498.48
106.47
9
Arun Kabeli Power Limited
AKPL
1,500,000
94,241.38
94,241.48
106.28
10
United Modi Hydropower Limited
UMHL
1,150,000
69,438
57,526
106.04
11
Chhyangdi Hydropower Limited
CHL
283,500
15,415.86
14,957.11
105.44
12
Synergy Power Development Limited
SPDL
700,000
36,128.05
109,378.99
105.16
13
Universal Power Company Limited
UPCL
2,100,350
101,468.77
57,107.89
104.83
14
Rairang Hydropower Development Company Limited
RRHP
560,000
12,554.38
12,405.49
102.24
A basic rule of thumb here is that those companies which has net worth per share of more than Rs. 100, are only able to distribute the dividends. Out of 33 companies, 14 companies have their net worth per share above Rs. 100 and all the companies reported positive net profit which tells investors that these companies have the capacity to distribute dividends this year.
S. N
Company Name
Symbol
Paid-Up Capital (‘000)
Reserve (‘000)
Net Profit (‘000)
Net Worth Per Share (Rs.)
1
Himalaya Urja Bikas Company Limited
HURJA
990,000
-8,535.55
4,290.29
99.14
2
Rasuwagadhi Hydropower Company Limited
RHPL
6,157,890
-197,978
-69,234
96.78
3
Sanjen Jalavidyut Company Limited
SJCL
3,285,000
-106,556
-21,437
96.76
4
Upper Tamakoshi Hydropower Limited
UPPER
10,590,000
-707,923.84
-69,308.38
93.32
5
Union Hydropower Company Limited
UNHPL
750,000
-77,193.30
-77,193.30
89.71
6
Panchthar Power Company Limited
PPCL
962,500
-139,703.00
84,008.12
85.49
7
Mountain Hydro Nepal Limited
MHNL
1,250,000
-230,139.66
-66,732.15
81.59
8
Ankhu Khola Jalabidhyut Company Limited
AKJCL
800,000
-258,862.51
-31,076.10
67.64
9
Dibyashwari Hydropower Limited
DHPL
264,000
-175,021
-43,466
33.7
Out of 23 companies who have posted the Q4 report, 9 companies have reported net worth per share less than Rs. 100 which is less than par value which means company has a negative reserve and are unable to distribute dividend.
However,
this is just one way to anticipate if the company can provide the dividend. It is not guaranteed that companies having net worth per share of more than Rs. 100 will distribute, but those companies have the capacity to distribute."
2020-08-30,Arun Kabeli Power earns Rs 10.97 crore in Q4; Income from power sales stand at Rs 40.73 crore,https://www.sharesansar.com/newsdetail/arun-kabeli-power-limited-reports-a-massive-growth-in-net-profit-in-q4-profit-stands-at-1097-crores-eps-at-732-2020-08-30,"Arun Kabeli Power Limited (AKPL)
has published the unaudited fourth-quarter report for the FY 2076/2077 today. As per the report, the net profit of the company has increased to Rs. 10.97 crores from Rs. 1.50 Lakhs. This massive increase is due to the income generated from sales of electricity this year.
The company’s paid-up capital remains at Rs. 1.50 Arba with a reserve and surplus of Rs. 9.42 crores in the fiscal year 2076/2077. The company has reported a positive figure in this quarter compared to the corresponding quarter of the previous year.
The company has increased borrowings by 9.98% and stood at Rs. 3.51 Arba in this quarter which has led to an increase in financial costs for the company.
The operating profit of the company has increased to Rs. 40.67 crore in Q4, 2076/2077 from 11.47 lakhs in the corresponding quarter of the previous year. The company sits at a liquidity position of 1.13X which is less than the minimum requirement of 1.50X.
The company’s EPS stands at Rs. 7.32 and net worth per share stands at Rs. 106.28. The qtr end P/E ratio of the company stood at 15.85 times for the end of the fourth quarter.
Click here for Q4 report:
Major Highlights:
Particulars ('000)
Arun Kabeli Power Limited
Q4, 2076/2077
Q4,2075/2076
Difference
Paid-up capital
1,500,000.00
1,500,000.00
-
Reserve Fund
94,241.48
-15,389.19
-
Plant Property and Equipment
4,741,754.39
65,656.46
7122.07%
Borrowings
3,515,151.12
3,196,252.24
9.98%
Income from Sale of Electricity
407,357.51
-
-
Administrative and other Operating Expenses
4,011.18
545.78
634.95%
Finance Costs
264,523.31
-
-
Operating Profit/(Loss)
406,789.86
1,147.23
35358.38%
Net Profit/(Loss)
109,752.11
150.03
73051.49%
EPS (In Rs.)
7.32
0.01
73051.49%
Net worth per share (In Rs.)
106.28
98.97
7.38%
Qtr End Price (In Rs.)
116
-
-
Qtr End P/E Ratio (times)
15.85
-
-
Current Ratio (times)
1.13
-"
2020-02-24,"As the market takes upward stride, where does the PE ratio of listed companies stand? Find out the latest PE ratio of all sectors and all companies",https://www.sharesansar.com/newsdetail/as-the-market-takes-upward-stride-where-does-the-pe-ratio-of-listed-companies-stand-find-out-the-latest-pe-ratio-of-all-sectors-and-all-companies-2020-02-24,"The secondary market of Nepal is striding upwards with the NEPSE index rising along with the share prices of many listed companies. This rise in prices has a significant impact on the price to earnings ratio of the companies relative to the ratio that was posted in the second quarter report of the companies.
The article below shows the PE ratio of all listed companies categorized based on the sector. The prices are taken as of Falgun 11, 2076 (Yesterday). Similarly, the annualized EPS is taken from the second-quarter report and has been adjusted for any dividend that has been declared and approved by the company.
Commercial Bank
The industry average PE ratio of commercial banks stands at 14.86 times as of yesterday. The table below shows the PE ratio of each bank individually.
Development Bank
The industry average PE ratio of the Development Bank Sector is higher than that of commercial banks at 16.80 times. The table below shows the list of development banks and their latest PE ratio:
The above table only includes 23 development banks as the majority are under the merger and acquisition process due to which their transaction has been halted in NEPSE. Likewise, KRBL is the only development bank that hasn't published its Q2 report yet.
Finance Companies
Similarly, the average PE ratio of finance companies stands at 15.96 times. Two of the companies, PROFL and SFCL, have negative EPS and therefore doesn't have PE ratio.
Likewise, four finance companies' trading has been halted in NEPSE as they are undergoing mergers and acquisitions.
Hotels
The Hotel sector reports a higher PE ratio than the above sectors. It has an industry average PE ratio of 35.81 times.
Hydropower Companies
Out of the 32 listed Hydropower Companies, 2 haven't published Q2 while the rest have. Among the 30, nine companies have failed to report net profit till the second quarter of 2076/77.
The industry average PE ratio stands at 15.36 times as shown in the table below.
Life Insurance Companies
The industry average PE ratio of life insurance companies stands at 76.04 times with average annualized EPS of Rs 13.30 only.
Among the 7 life insurance companies, LICN and NLIC have the highest price despite average EPS. This shows that the demand for shares of these companies is higher relative to others.
Manufacturing and processing companies
In the case of the manufacturing sector, the industry average may not be very accurate. BNL was last traded on Ashwin 23, 2076 and therefore has been included. Similarly, NLO and SRS haven't published their financial report in order to know about their EPS and finally, UNL is traded very infrequently. It was last traded on Falgun 06, 2076 at Rs 17,849.
The remaining three - BNT, HDL, and SHIVM - have reported an average PE ratio of 24.28 times as shown below.
Microfinance Companies
The industry average PE ratio of the microfinance sector stands at 58.41 times. It includes 38 companies, while the other 12 companies have been excluded.
The table below shows the list of companies that are undergoing mergers and acquisitions and therefore aren't being traded in NEPSE.
Non-life Insurance Companies
The fifteen listed non-life insurance companies report an industry average PE Ratio of 44.12 times. The table below shows the list of companies, their price as on Falgun 11, 2076, their adjusted annualized EPS and the PE ratio.
Others
The other sector has a total of four companies under it. Among them, NFD (Nepal Film Development) is inactive. The remaining three make up an industry average PE ratio of 30.85 times with average EPS of Rs 39.98.
Trading
In the case of the trading sector, both the companies i.e. BBC and STC haven't published their financial reports and therefore don't have the latest PE ratio.
Overall
The table below shows the industry average annualized EPS and PE ratio of all sectors. The insurance companies and microfinance companies have the highest price in comparison to the earnings."
2020-02-23,Track the performance of Hydropower companies by the end of the second quarter on the basis of major financial indicators,https://www.sharesansar.com/newsdetail/track-the-performance-of-hydropower-companies-by-the-end-of-the-second-quarter-on-the-basis-of-major-financial-indicators,"Nepal has very few natural resources, one of them being availability of water bodies in abundance. To make optimal use of the resource, hydropower companies use these water bodies to generate electricity. They then sell the generated electricity to the Nepal Electricity Authority (NEA) at a pre-determined price. The hydropower sector of the country has great potential, but the companies have not yet been able to harness decent benefits from the resources.
To track the performance of listed hydropower companies, the major indicators from the second quarter report for FY 2076/77 has been compared. There are currently 32 listed hydropower companies in the Nepalese stock market, out of them only 28 have published the second quarter for FY 76/77.
The companies that have not published the Q2 report are Ghalemdi Hydropower Limited (GHL), Himalayan Power Partner Limited (HPPL), Joshi Hydropower Company Limited (JOSHI) and Panchakanya Mai Hydropower Limited (PMHPL).
The indicators that have been considered are paid up capital, reserves, investments, long term loans, revenue from sale of electricity, net profits, net worth per share and quarter-end earnings per share.
Paid up Capital and Reserves
In terms of paid up capital, Upper Tamakoshi Hydropower (UPPER) stood ahead with massive capital of Rs.10.59 Arba. The company currently has negative reserves of Rs.66.21 Crore. Barun Hydropower Company (BARUN) has the lowest paid up capital at Rs.25.51 Crore and reserves of Rs.3.24 Crore.
Twelve companies have posted negative reserves by the end of the second quarter. UPPER has the highest negative reserve while Butwal Power Company (BPCL) has the highest positive reserves at Rs.4.29 Crore. The paid up capital of BPCL stands at Rs.2.68 Arba.
Long-Term Loans
UPPER stood ahead in terms of loans with highest loan of Rs.55.38 Arba which includes interest on loans. Arun Valley Hydropower (AHPC) is the only company with no long term borrowings. Only two companies have loans below Rs.10 Crore (National Hydro and Chilime Hydro) while twelve companies including UPPER have loans more than Rs.1 Arba.
Investments
While Chilime Hydropower (CHCL) has the highest investment of Rs.5.94 Arba followed by Sanima Mai Hydropower (SHPC) with Rs.1.14 Arba, eleven companies have not made any investments. The two mentioned companies are the only ones with investment more than Rs.1 Arba. Kalika Power Company (KPCL) has the lowest investment worth Rs.20 Thousand.
Revenue from Electricity Sale
CHCL leads the industry with highest revenuer form sale of electricity worth Rs.61.86 Crore, however it is a fall of 0.90% compared to the corresponding quarter of the previous year. The lowest revenue was posted by Rairang Hydropower (RRHP) worth Rs.47.47 Lakhs, which grew by 184.69% compared to the previous year’s corresponding quarter. Only five companies have not started commercial sale of electricity, they are Himalaya Urja Bikas Company (HURJA), Rasuwagadhi Hydropower (RHPL), Sanjen Jalavidhyut (SJCL), Universal Power (UPCL) and UPPER.
Net Profits
BPCL has posted the highest profit by the end of the second quarter at Rs.85.88 Crore, which grew by 13.27% compared to the corresponding quarter of the previous year. Only three companies managed to report net profit above Rs.10 Crore including BPCL, they were CHCL and SHPC with net profit of Rs.38.66 Crore and Rs.28.79 Crore respectively. Seven companies reported a loss by the end of the second quarter. The highest loss was posted by Khani Khola Hydropower (KKHC) at Rs.6.68 Crore which is 6.76% less than previous year’s loss of Rs.7.17 Crore.
Panchthar Power Company (PPCL) and HURJA has posted a loss in the corresponding quarter of the previous year but managed to post profit by the end of the second quarter of the previous year. Similarly, Ankhukhola Hydropower (AKJCL) had a profit of Rs.20.09 Lakhs in the same quarter of the previous year but had posted a net loss of Rs.91.54 Lakhs in the review period, losing massive 555%.
Net worth per Share and Quarter-End EPS
Due to the seasonal nature of the business of hydropower companies, the EPS has been calculated on the basis of the second quarter reports and have not been annualized. BPCL leads in both the aspects with net worth per share at Rs.260.21 and EPS at Rs.32 by the end of the second quarter. Only three companies were able to report quarter end EPS higher than Rs.10, they were BPCL, SHPC and NHDL.
Seven companies posted negative EPS. The lowest EPS was reported by KKHC at negative Rs.14.36 and was the only company in the sector to post negative net worth per share of Rs.7.57. Including KKHC, 12 companies have reported net worth below Rs.100 by the end of the second quarter of FY 76/77."
2020-02-04,Arun Kabeli Power reports favorable indicators for Q2 of 2076/77; Net profit at Rs 4.28 crore,https://www.sharesansar.com/newsdetail/arun-kabeli-power-reports-favorable-indicators-for-q2-of-207677-net-profit-at-rs-428-crore,"Arun Kabeli Power Limited (AKPL)
has reported a net profit of Rs 4.28 crore till the second quarter of the FY 2076/77.
According to the unaudited financial report, its net profit has risen from Rs 25.51 lakh in the second quarter of FY 2075/76 to Rs 4.28 crore in the second quarter of the current fiscal year.
Its Share Capital remains at Rs. 1.50 arba with a reserve of Rs 2.73 crore.
Its net worth per share is Rs 98.94 and annualized EPS stands at Rs 5.72.
The production of electricity from Kabeli B-1 project located at the border of Panchthar and Taplejung Districts has started. It has a capacity of 25 MW and has been added to the national transmission line. With this addition, the company will start generating revenue from the next quarter.
Second Quarter Report"
2020-01-01,Arun Kabeli Power Company convenes 9th AGM; chairman promises to provide dividend from next fiscal year,https://www.sharesansar.com/newsdetail/arun-kabeli-power-company-convenes-9th-agm-chairman-promises-to-provide-dividend-from-next-fiscal-year,"Arun Kabeli Power Company has convened its 9
th
AGM on Poush 15, 2076 under the leadership of company’s chair Mr. Guru Prasad Neupane.
The AGM has endorsed all the financial reports of the previous fiscal year after discussion.  The AGM has appointed G. Paudel and Associates as the external auditor for the current fiscal year, as per the media statement."
2019-12-15,Listed Hydropower companies has mopped up more than Rs.1 Kharba worth of funds from the market as per latest quarterly reports,https://www.sharesansar.com/newsdetail/listed-hydropower-companies-has-mopped-up-more-than-rs1-kharba-worth-of-funds-from-the-market-as-per-latest-quarterly-reports,"Nepal has very few natural resources that can provide the required amount of energy. One such resource is abundance of water bodies. The energy harnessed from water bodies can meet the energy demands of the nation. For this purpose, hydropower plants are put in place to generate ample electricity. Nepal has great potential in the hydropower sector which is why it is in the process of becoming among popular investment options.
However, setting up a hydropower plant requires huge amount of funds. Additionally, there are minimal or no returns for the first couple of years. After the plant is capable enough to generate and sell its electricity, revenue is generated and used to adjust previous year losses. Finally, the project starts to generate returns for the investors. For investment, these hydropowers look towards banks for loans and towards the public through IPO.
As a result, huge amount of funds are locked in for a long period of time. A list has been prepared depicting the amount of paid up capital and long term borrowings of each listed hydropower company. For that purpose, the latest quarterly reports of the companies have been referred.
Out of a total of 32 listed hydropower companies, Ghalemdi Hydro Limited (GHL) and Joshi Hydropower Limited (JOSHI) have not published any quarterly reports after going public. Third quarter report of Panchakanya Mai Hydropower (PMHPL) and fourth quarter report of Barun Hydropower (BARUN) FY 75/76 were the latest available reports. First quarter reports FY 76/77 have been considered for the rest of the companies.
In terms of paid up capital, a total of Rs.49.64 Arba has been locked as investments in the hydropower industry and the industry has a combined long term borrowings of Rs.66.58 Arba. In total, a sum of Rs.1.16 Kharba has been mopped up by the hydropower industry. The list is topped by Upper Tamakoshi Hydropower (UPPER) with paid up capital of Rs.10.59 Arba and borrowings of Rs 32.40 Arba. As a result, huge amount of investment depends on the efficient and consistent functioning of the hydropower plants."
2019-12-09,"Arun Kabeli Power to convene 9th AGM on Poush 15, 2076; book closure on Poush 8, 2076",https://www.sharesansar.com/newsdetail/arun-kabeli-power-to-convene-9th-agm-on-poush-15-2076-book-closure-on-poush-8-2076,"The BOD meeting of Arun Kabeli Power Limited (AKPL) has decided that the 9
th
AGM of the company will be held on Poush 15, 2076 (December 31, 2019) at Meteri Hall Indreni Food Land, New Baneshwor from 11 AM onwards.
The AGM will endorse audited financial highlights for FY 75/76 and appoint statutory auditor for FY 76/77. The company has not declared any dividend from FY 75/76.
The books of the company will remain closed from Poush 8, 2076 till the day of AGM. Investors holding shares of the company till Poush 7, 2076 will be eligible to participate in the AGM."
2019-11-14,Arun Kabeli reports net loss of Rs 1.39 lakh for Q1 of 2076/77; Revenue to flow in from next quarter as production starts in Kabeli B-1,https://www.sharesansar.com/newsdetail/arun-kabeli-reports-net-loss-of-rs-139-lakh-for-q1-of-207677-revenue-to-flow-in-from-next-quarter-as-production-starts-in-kabeli-b-1,"Arun Kabeli Power Limited (AKPL)
has reported a net loss of Rs 4.39 lakh till the first quarter of the FY 2076/77.
According to the unaudited financial report, its net profit has fallen from Rs 25.51 lakh in the first quarter of FY 2075/76 to negative Rs 4.39 lakh in the first quarter of the current fiscal year.
Its Share Capital remains at Rs. 1.50 arba with a negative reserve of Rs 1.59 crore.
Its net worth per share is Rs 98.94.
The production of electricity from Kabeli B-1 project located at the border of Panchthar and Taplejung Districts has started. It has a capacity of 25 MW and has been added to the national transmission line. With this addition, the company will start generating revenue from the next quarter.
First Quarter Report"
2019-08-07,"Arun Kabeli Hydropower reports net profit of Rs.28,592 by the end of fourth quarter; income from other sources stand at Rs.20.55 Lakhs",https://www.sharesansar.com/newsdetail/arun-kabeli-hydropower-reports-net-profit-of-rs28592-by-the-end-of-fourth-quarter-income-from-other-sources-stand-at-rs2055-lakhs,"Arun Kabeli Power Limited (AKPL)
has reported a profit after tax of Rs 28,592 till the fourth quarter of the FY 2075/76.
According to the unaudited financial report, its net profit after income tax has increased from negative Rs 16.14 lakh in the fourth quarter of FY 2074/75 to Rs 28,592 in the fourth quarter of the current FY 2075/76.
The hydropower company has earned Rs 20.55 lakh from other sources as per the profit & loss account. Its Share Capital remains at Rs. 1.50 arba with a negative reserve of Rs 1.55 crore.
Its net worth per share is Rs 98.97. The company has not started the sale of electricity yet. By the starting of this fiscal year, the company may start generating revenue by the selling of electricity to NEA."
2019-05-13,Arun Kabeli Power reports revenue of Rs 16.93 lakhs from other sources for Q3 of FY 2075/76; Paid up capital stands at Rs 1.5 arba with net profit of Rs 1.5 lakhs for the period,https://www.sharesansar.com/newsdetail/arun-kabeli-power-reports-revenue-of-rs-1693-lakhs-from-other-sources-for-q3-of-fy-207576-paid-up-capital-stands-at-rs-15-arba-with-net-profit-of-rs-15-lakhs-for-the-period,"Arun Kabeli Power Limited (AKPL)
has reported a profit after tax of Rs. 1.50 lakhs till the third quarter of the FY 2075/76.
According to the unaudited financial report, its net profit after income tax has increased from negative Rs 10.25 lakh in the third quarter of FY 2074/75 to Rs 1.5 lakh in the third quarter of the current FY 2075/76.
The hydropower company has made a sum of Rs 16.93 lakh from the other sources heading of profit & loss account. Its Share Capital remains at Rs. 1.50 arba with a negative reserve of Rs 1.53 crore.
Its net worth per share is Rs 98.97. The company has not started the sale of electricity yet. By the starting of next fiscal year, the company may start generating revenue by the selling of electricity to NEA.
Q3 report"
2019-03-10,Chilime and Butwal power in the lead among hydropower companies! Know more about the sector's status,https://www.sharesansar.com/newsdetail/chilime-and-butwal-power-in-the-lead-among-hydropower-companies-know-more-about-the-sectors-status,"We cannot deny the potentiality of the development of our country lies in the water infrastructures. The abundant rivers, glaciers and lakes in Nepal shows that water resources can be a foundation for the infrastructural development of the country. One of the sectors that can make optimum utilization of water resources is hydropower sector. However, have the hydro powers been able to make a sustainable utilization of the water resources? The problem of power cut has been solved through the management of current resources. However, the question remains: have hydropower companies been able to boost up their productivity?
The provided are the existing 25 hydropower companies listed in NEPSE:
Four of the listed companies have not published their Q2 reports. They are PMHPL, UPPER, JOSHI and GHL.
Financial statements can further be an answer to the questions, investors have about the performance of this sector. Therefore, the article promotes reader’s understanding on hydropower fundamental evaluation based on these indicators:
Net profit:
As per the net profit of second quarter of 2075/76, Butwal Power Company Limited is in the lead with a profit of Rs 75.82 crore. Similarly, Chilime Hydropower Company (CHCL) has the second highest net profit of Rs 45.31 crore in the same quarter. The hydro powers with negative profit are Dibyashwari Hydropower Company Limited (DHPL) and Khani Khola Hydropower Company Limited (KKHC).
Paid up capital:
Chilime Hydropower Company Limited (CHCL) has the highest amount of paid up capital worth Rs 4.75 arba followed by Butwal Power Company Limited (BPCL) with paid up capital of Rs 2.44 arba.
Reserve and surplus:
Chilime Jalavidhyut Company Limited (CHCL) has maintained its lead in reserve and surplus of Rs 4.42 arba. Butwal Power Company Limited (BPCL) has maintained second position with Rs 4.22 arba reserve and surplus fund. Investors are requested to note down the hydro powers with negative reserve and surplus are AKPL (-1.49 crore), DHPL (-10.07 crore), SPDL (- 11.79), AKJCL (-18.57 crore), KKHC (-35.69 crore) and NHPC (-41.49 crore).
Income from sales of electricity:
The sale of electricity is the main source of income for hydro power companies. Therefore, any investors should consider the income from sales of electricity of a hydropower company while making investment decision. Chilime hydropower (CHCL) again maintained its lead with an income of Rs 62.43 crore. It is further followed by Sanima Mai Hydropower (SHPC) and Butwal Power Company (BPCL) with an income of Rs 44.84 crore and Rs 21.75 crore respectively.
Major indicators:
Earnings per share (Annualized):
Nepalese investors often regard EPS as the base of their investment decision. The top position, is occupied by Butwal Power Company Limited (BPCL) with a quarterly EPS of Rs 31.07 per share. EPS of BPCL is not annualized because a major part of its net profit belongs to dividend income so an annualized EPS may not reflect the true picture. Similarly, it is followed by Sanima Mai Hydropower Limited (SHPC) with EPS of Rs 19.79 and Chilime Hydropower Company Limited (CHCL) with an EPS of Rs 19.05.
P/E Ratio:
Nepal Hydro Developer Limited (NHDL) has the least PE ratio of 7.29 times. It is further followed by Radhi Bidyut Company Limited (RADHI) with P/E ratio of 10.73 times.
Net worth per share:
The highest net worth per share among these hydropower companies is Rs 273.21 of Butwal power Company Limited (BPCL). Chilime Hydropower Company Limited (CHCL) has the second highest net worth per share as of Q2 of FY 2075/76 i.e. Rs 192.90.
A full picture:
Finally the table below provides a full picture with major indicators of the hydropower companies as of the second quarter of FY 2075/76:
Provided the analysis, what is your opinion regarding hydropower companies? Do you think for a country with abundant water resources, there should be only two hydro power companies leading on the top of the chart? As an investor, have you lost your confidence in this sector? Or, are you positive towards this sector due to the absence of power cut which is the new achievement?
Please feel free to drop a comment below."
2019-02-22,Fate of Hydropower Sector after listing of Upper Tamakoshi; somethings will never change no matter what,https://www.sharesansar.com/newsdetail/fate-of-hydropower-sector-after-listing-of-upper-tamakoshi-somethings-will-never-change-no-matter-what,"~ Rishab Agrawal
It is a known fact that Nepal has huge potential for energy generation through hydropower projects. The electricity that can be generated from hydropower is a bit more than 40,000 MW which is more than enough to export even after meeting energy demands of the country. If the right path is taken and corruption is reduced, hydropower sector can be the sector that uplifts the economics and standards of the country. Utilized in right way, this sector can initiate the process of development and growth.
However, this sector is currently at a nascent stage and lacks stability which adds to the risk while looking at it in terms of investment prospects. Only a handful of investors believe in holding share of hydropower sector while the rest invest in it for speculation purposes. Although this has no impact on the hydropower companies currently listed on the stock exchange or those which are in the pipeline of going public.
Recently, Upper Tamakoshi Hydropower Project (UPPER) got listed on NEPSE on 10
th
January, 2019 and it took the market by storm after consecutively hitting the positive circuit day after day. The shares of the project that could be obtained at Rs.100 per share through IPO, peaked at Rs.342 per share within a few days of listing. A total of 3.45 Lakh units were exchanged at this price after which oversupply made the prices of the shares fall to a low of Rs.219 per share. Since the date of listing till the last trading day, the following were the top buyer broker of the scrip:
Top 10 Buyer Broker
Broker No.
Name
Units Bought
Average Price
Loss per share
Total loss
44
Dynamic Money Managers Securities Pvt. Ltd.
150,336
274.00
49.00
7,366,464
34
Vision Securities Pvt. Ltd
139,349
269.36
44.36
6,181,522
45
Imperial Securities Company Pvt. Ltd.
134,402
270.52
45.52
6,117,979
40
Creative Securities Pvt Ltd
121,365
273.79
48.79
5,921,398
57
Aryatara Investment & Securities
118,814
276.62
51.62
6,133,179
22
Siprabi Securities Pvt. Ltd.
109,562
271.11
46.11
5,051,904
58
Naasa Securities Co. Ltd.
103,785
267.82
42.82
4,444,074
49
Online Securities Pvt. Ltd.
101,095
281.10
56.10
5,671,430
19
Nepal Investment And Securities Trading Pvt. Ltd.
92,311
278.28
53.28
4,918,330
41
Linch Stock Market Ltd.
93,244
263.08
38.08
3,550,732
In the mentioned time period, a total of 3,060,059 units of shares were traded and the weighted average price of the scrip stands at Rs.270.24 per share. At the LTP of Rs.225 per share (as of 21
st
Feb 2019) all the top buyer brokers of the scrip are in loss. The amount of loss per share is as high as Rs.56, incurred by Online Securities. In terms of total loss, Dynamic Money Managers are at the top with loss of Rs.73.66 Lakhs.
However, UPPER is at a relatively better position than some of its competitors. Some hydropower companies are trading at below par prices while some are trading very close to par value. Also, most hydropower companies are very close to their respective 52 week low prices. For analysis, a table containing the LTP and 52 week high/low of all the companies in this sector has been prepared.
Hydropower Sector
S.No
Company Name
Symbol
LTP
52 Week High
52 Week Low
Dividend 74/75
1
Chilime Hydro power Company Limited
CHCL
505.00
910.00
500.00
25.00%
2
Butwal Power Company Limited
BPCL
345.00
559.00
338.00
28.00%
3
Ghalemdi Hydro Limited
GHL
266.00
300.00
190.00
-
4
Upper Tamakoshi Hydropower Limited
UPPER
225.00
342.00
219.00
-
5
Sanima Mai Hydropower Limited
SHPC
214.00
415.00
212.00
15.00%
6
Joshi Hydropower Development Company
JOSHI
191.00
279.00
191.00
-
7
Himalayan Power Partner Limited
HPPL
171.00
370.00
164.00
-
8
Radhi Bidyut Company Limited
RADHI
153.00
319.00
151.00
AGM not done
9
Arun Kabeli Power Limited
AKPL
152.00
349.00
146.00
-
10
Api Power Company Limited
API
126.00
400.00
124.00
5.00%
11
Nepal Hydro Developer Limited
NHDL
118.00
262.00
117.00
4.00%
12
Ngadi Group Power Limited
NGPL
117.00
231.00
114.00
10.00%
13
United Modi Hydropower Limited
UMHL
111.00
235.00
106.00
5.00%
14
Panchakanya Mai Hydropower Limited
PMHPL
106.00
142.00
103.00
-
15
Chhyangdi Hydropower Company Limited
CHL
102.00
173.00
97.00
-
16
Arun Valley Hydropower Development Company
AHPC
98.00
202.00
97.00
-
17
Barun Hydropower Company Limited
BARUN
94.00
197.00
92.00
-
18
Rairang Hydropower Development Company
RRHP
91.00
261.00
91.00
AGM not done
19
Dibyashwari Hydropower Company Limited
DHPL
91.00
142.00
91.00
-
20
Kalika Power Company Limited
KPCL
90.00
133.00
89.00
-
21
Ridi Hydropower Development Company
RHPC
88.00
151.00
87.00
6.32%
22
Synergy Power Development Limited
SPDL
87.00
162.00
86.00
AGM not done
23
Ankhukhola Hydropower Company Limited
AKJCL
78.00
106.00
78.00
AGM not done
24
Khani Khola Hydropower Company Limited
KKHC
75.00
144.00
74.00
-
25
National Hydro Power Company Limited
NHPC
62.00
110.00
59.00
AGM not done
Out of 25 listed hydropower companies, 10 of them are trading below the par value while a few are just above par. Many companies are currently trading close to the 52 week low while only 8 companies have declared dividends for shareholders from profits of FY 74/75. 5 companies are still due to conduct their AGMs. The remaining 12 companies are either newly listed companies, or haven’t declared any dividends.
Investors have the impression that they can get the scrips of hydropower companies in the secondary market at a value below par so why apply for IPOs worth Rs.100 per share. Due to these risks, investors want to sell the shares obtained in IPO soon after listing. This will have a negative impact on the upcoming hydropower companies who have received approval or are in the process of going public.
Upcoming Issues from Hydropower Sector
S.No.
Name
Units
Status
Remarks
1
Rasuwagadhi Hydropower
10,263,150
Under Review
For General Public
2
Himal Dolkha Hydropower
7,800,000
Under Review
For Locals and General Public
3
Sanjen Jalavidhyut
5,475,000
Under Review
For General Public
4
Union Hydropower Limited
3,534,340
Approved
Including unsubscribed by locals
5
Mountain Hydro Nepal Limited
1,816,110
Approved
Including unsubscribed by locals
6
Greenlife Hydropower Limited
1,800,000
Open
For Locals
7
Panchthar Power Company Limited
1,750,250
Approved
Including unsubscribed by locals
8
Himalaya Urja Bikas Company
1,485,000
Approved
For General Public
9
Laughing Buddha Power Nepal
978,000
Under Review
For Locals
10
Mailung Khola Jal Vidhyut
736,286
Under Review
For General Public
11
Shuvam Power
580,580
Under Review
Including unsubscribed by locals
12
Ru Ru jalabidhyut
407,705
Under Review
For Locals
13
Garjang Upatyaka Hydropower
200,000
Under Review
For Locals
The above mentioned companies will be coming out with IPO in the coming months. If the current situation of the hydropower sector is not improved, then these issues will face a major problem of unsubscription due to lack of confidence in the sector.
This sector is considered to be one of the most unsafe and risky sectors for investment despite the fact that Nepal has massive hydropower potential. It can not only generate sustainable energy for the country but also export excess electricity to neighboring countries. But the only resource that Nepal has in abundance lacks stability in terms of investment due to various reasons. This is a sector that can be a turning point in the path of the country’s development if the resources are used at their full potential.
This issue should be amongst the top priorities of the concerned authorities. They must take steps to make this sector more reliable and stable, this will encourage investment in hydropower projects which will be the first step towards the economic growth and overall development of the country."
2019-02-11,Arun Kabeli and Kalika Power reported profit after tax of Rs. 6.26 lakhs and Rs. 2.03 crore respectively as per Q2 report; Net worth per share stand at Rs. 99.01 and Rs. 100.86 respectively,https://www.sharesansar.com/newsdetail/arun-kabeli-and-kalika-power-reported-profit-after-tax-of-rs-626-lakhs-and-rs-203-crore-respectively-as-per-q2-report-net-worth-per-share-stand-at-rs-9901-and-rs-10086-respectively,"Arun Kabeli Power Limited (AKPL)
has reported a profit after tax of Rs. 6.26 lakhs till this month in the second quarter of the FY 2075/76.
According to the unaudited financial report, its net profit after income tax has increased from negative Rs 16.61 lakh in the second quarter of FY 2074/75 to Rs 6.26 lakh in the second quarter of the current FY 2075/76.
The hydropower company has made a sum of Rs 17.35 lakh from the other sources heading of profit & loss account. Its Share Capital remains at Rs. 1.50 arba with a negative reserve of Rs 1.49 crore.
Its net worth per share is Rs 99.01. The LTP of the stock stands at Rs 177.
The company has not started its core operation yet - the sale of electricity.
Q2 report
Kalika Power Company Limited (KPCL
)
has posted a profit after income tax of Rs 2.03 crore in the second quarter (Q2) of FY 2075/2076.
According to an unaudited financial report published today, the company has made Rs 10 crore by selling electricity till the end of Poush in Q2 of FY 2075/2076 which has increased by 5.34% compared to income of worth Rs 9.49 crore in the corresponding quarter of last FY 2074/2075. However, the cost of sale has increased by 43.28% to Rs 95.17 lakh from Rs 66.42 lakhs in the corresponding quarter of the last year.
The company's income after tax has increased from Rs 1.19 crore in Q2 of FY 2074/75 to Rs 2.03 crore in Q2 of the current fiscal year. Its share capital remains at Rs 60 crore and a reserve has increased to Rs 51.87 lakhs in a current fiscal year from negative Rs 54.80 lakhs in the corresponding quarter of last fiscal year.
An annualized EPS of the company stands at Rs 6.78, Net worth per share stands at Rs 100.86 and a P/E ratio of the company is 14.60 times. The LTP of Kalika Power's stock is Rs 99.
Q2 report"
2019-01-25,"Who are the defaulters from hydropower, manufacturing, hotels, others and trading sector in the matter of AGM? For how long have they delayed it in the past?",https://www.sharesansar.com/newsdetail/who-are-the-defaulters-from-hydropower-manufacturing-hotels-others-and-trading-sector-in-the-matter-of-agm-for-how-long-have-they-delayed-it-in-the-past,"~Rishab Agrawal
There have been defaulters in all sectors regarding the issue of AGM. There are a few companies in each sector who have taken their duty to conduct AGM within the stipulated time for granted. The importance of conducting AGM timely cannot be stressed enough. And all the efforts to bring this issue to the concerned authorities notice have gone in vain. The companies continue to deprive stakeholders of their rights and the authorities continue to overlook the fact and refuse to have a clear stand regarding the matter.
Similar to the BFI and insurance sector, the reaming sectors also have some defaulters when it comes to the issue of AGM. To know about the matter, a sector-wise list has been compiled reflecting the AGM date of respective companies for FY 74/75 as well as FY 73/74.
A total of 10 hydropower companies have not conducted or even proposed their AGM for FY 74/75. While 3 companies have not conducted their AGM for FY 73/74. They are- Joshi Hydropower Company (JOSHI), Kalika Power Company (KPCL) and Panchakanya Mai Hydropower (PMHPL). However, three companies, namely Chhyangdi Group Power Company (CHL), Arun Kabeli Power Limited (AKPL) and Dibyashwari Hydropower Company (DHPL), conducted joint AGM for FY 73/74 and FY 74/75. Out of the remaining companies to conduct AGM for FY 74/75, only Nepal Hydro Developer (NHDL) has proposed dividend. Hydropower companies have a history of delaying their AGM up to a period of July.
Among manufacturing companies, only one company is at default for not only FY 74/75 but also for FY 73/74. This company is Shree Ram Sugar Mills (SRS). The company has neither conducted AGM, nor declared any dividends for both the years. The reaming companies in this sector have successfully conducted AGM on time and have endorsed dividends. SRS lags behind its competitors in both these aspects.
Looking at the Hotels sector, only Taragaon Regency Hotel (TRH) has not conducted the AGM for FY 74/75 while the remaining two have conducted it timely. Even for the previous year, TRH was the only hotel to delay their AGM up to a period of March. However, all three have endorsed dividends for FY 74/75.
Similarly, among Others, only Citizen Investment Trust (CIT) has defaulted in this matter and has not endorsed any dividend for FY 74/75 yet. The remaining companies have successfully conducted their AGM. CIT had recently conducted the AGM for FY 73/74 on 21
st
December, 2018 and endorsed 23.22% dividend for the mentioned fiscal year.
Finally, looking at the Trading sector, both the companies i.e. Salt Trading Corporation (STC) and Bishal Bazar Company (BBC) haven’t conducted their AGM for FY 74/75 yet while only STC has endorsed dividend of 35% for that period. BBC defaulted in this matter for FY 73/74 as well while STC delayed their AGM until 6
th
March, 2018.
To conclude, the list of defaulters in this matter is ever growing while an appropriate reason for this cannot be ascertained. However, with the authorities turning a blind eye towards the matter, these public companies are functioning under improper authority. In this scenario, the stakeholders of these companies are losing the most while the companies are running without any retribution for their actions.
Look at defaulter companies from
Commercial Banks
,
Development Banks
,
Insurance Sector
,
Finance Sector
and
Microfinance Sector
."
2019-01-15,Arun Kabeli Power concludes its 7th and 8th AGM; assures shareholders to expect dividend after 2 years,https://www.sharesansar.com/newsdetail/arun-kabeli-power-concludes-its-7th-and-8th-agm-assures-shareholders-to-expect-dividend-after-2-years,"Arun Kabeli Power has combinely concluded its 7
th
and 8
th
AGM on Poush 30, 2075 in Kathmandu under the leadership of hydro company’s chairman Mr. Guru Prasad Neupane. The AGM has elected new members to the board which include Mr. Guru Prasad Neupane, Mr. Bachchha Raj Tater, Mr. Jeevan Raj Shakya and Mr. Bhej Prasad Timilsina from the promoters’ group while Mr. Milan Khadka and Ms. Nolkumari Acharya from the public shareholder group.
The hydro developer is currently developing 25 MW project in eastern Nepal which is expected to come online within some time. After the project comes online, the shareholders can expect to receive dividend from the company after the FY 2076-77, as per the media statement."
2019-01-14,"Seven listed Companies to convene their AGM today; Check the agendas of NTC, NCDB, SADBL and more",https://www.sharesansar.com/newsdetail/seven-listed-companies-to-convene-their-agm-today-check-the-agendas-of-ntc-ncdb-sadbl-and-more,"Nepal Doorsanchar Company Limited (NTC)
will be convening 11
th
Annual General Meeting (AGM) on Poush 30, 2075. The AGM will be held at Tribhuvan Army Officers Club, Kathmandu from 3 PM. The main agendas of the AGM are:
To endorse cash dividend of Rs.55 per share, from the net profit of FY 2074/75.
To amend the Memorandum of Association (MOA) and Articles of Association (AOA).
Other agendas of the AGM are major financial highlights of the FY 2074/75 and appointment of auditor for the FY 2075/76.
Nepal Community Development Bank (NCDB)
will be convening its 9
th
AGM on 30
th
Poush i.e. today at Dreamland Gold Resort, Rupandehi from 9 AM.
The agendas of the AGM includes:
Endorsement of audited financial report of FY 74/75.
To approve 6.42% cash dividend worth Rs.3.37 Crore.
To appoint 4 directors from promoter shareholder group.
To approve 1% bonus shares worth Rs.92.64 Lakhs to be distributed for the shareholders and make necessary adjustments in the issued and paid up capital.
Appointment of statutory auditor for the FY 75/76.
To make necessary adjustments related to merger and acquisition process.
Shangrila Development Bank (
SADBL
)
will be convening its 14
th
AGM today at Amritbhog, Kalikasthan from 9:30 AM.
The agendas of the AGM includes:
Endorsement of audited financial report of FY 74/75.
To approve 5.45% cash dividend (Including tax).
To appoint 3 directors each from promoter shareholder group and ordinary shareholders group.
To approve 4% bonus shares worth Rs.10.02 Crore to be distributed for the shareholders and make necessary adjustments in the issued and paid up capital.
Appointment of statutory auditor for the FY 75/76.
To make necessary adjustments related to merger and acquisition process.
Naya Nepal Laghubitta Bittiya Sanstha Limited(
NNLB
)
will be convening its 10
th
AGM on 30
th
Poush 2075 at Hotel Jugal, Dhulikhel from 11 AM.
The microfinance company will be endorsing audited financial reports of FY 74/75 and will be appointing statutory auditor for FY 75/76. The company will also appoint 3 directors each from promoter shareholders group and ordinary shareholders group. Other agendas of the AGM include making necessary amendments for the purpose of merger and acquisition and to authorize the BOD for the same.
Hydroelectricity Investment and Development Company Limited (HIDCL)
will be convening its
7
th
AGM  on 30
th
Poush 2075 at Nepal Pragya Pratisthan, Kamladi from 11 AM.
The book closure date for this purpose is on 17
th
Poush 2075. Shareholders holding shares of the company till 16
th
Poush will be eligible to attend the AGM of the company.
The company has proposed to distribute 10% bonus shares worth Rs.1 Arba and cash dividend worth Rs.2.10 Crore for tax purpose.
The company will be proposing 100% right shares.
Dibyashwari Hydropower Limited (DHPL)
will be convening its 4
th
, 5
th
and 6
th
AGM for FY 72/73, 73/74 and 74/75 today at Yogambar Banquet, Singh durbar from 11 AM. The agendas of the AGM includes endorsement of audited financial reports of the past three fiscal years and appointment of statutory auditor for FY 75/76. Appointment of directors from promoter shareholder group is also one of the agendas. Other agendas include making necessary changes in the Memorandum and regulations of the company.
Similarly,
Arun Kabeli Power Limited (AKPL)
will be convening its 7
th
and 8
th
AGM for the FY 73/74 and 74/75 today at Indreni Complex, New Baneshowr from 11 AM. The agendas of the AGM includes endorsement of audited financial reports of the past two fiscal years and appointment of statutory auditor for FY 75/76. Other main agendas include appointment of 4 directors from promoter shareholders group and 2 directors from ordinary shareholder group."
2018-12-23,"Dibyashwari Hydropower’s 4th, 5th and 6th AGM and Arun Kabeli Power’s 7th and 8th AGM to be conducted on 30th Poush 2075",https://www.sharesansar.com/newsdetail/dibyashwari-hydropowers-4th-5th-and-6th-agm-and-arun-kabeli-powers-7th-and-8th-agm-to-be-conducted-on-30th-poush-2075,"Dibyashwari Hydropower Company (DHPL) and Arun Kabeli Power Limited (AKPL) have published notice regarding AGM of past fiscal years.
DHPL will be convening its 4
th
, 5
th
and 6
th
AGM for FY 72/73, 73/74 and 74/75 on 30
th
Poush 2075 at Yogambar Banquet, Singh durbar from 11 AM. The agendas of the AGM includes endorsement of audited financial reports of the past three fiscal years and appointment of statutory auditor for FY 75/76. Appointment of directors from promoter shareholder group is also one of the agendas. Other agendas include making necessary changes in the Memorandum and regulations of the company.
Similarly, AKPL will be convening its 7
th
and 8
th
AGM for the FY 73/74 and 74/75 on 30
th
Poush 2075 at Indreni Complex, New Baneshowr from 11 AM. The agendas of the AGM includes endorsement of audited financial reports of the past two fiscal years and appointment of statutory auditor for FY 75/76. Other main agendas include appointment of 4 directors from promoter shareholders group and 2 directors from ordinary shareholder group."
2018-11-18,"Kalika Power, Arun Kabeli Power and Nepal Hydro posted a net profit of Rs 1.78, Rs 0.25 and Rs 1.72 crore in Q1 of FY 2075/76; Net worth per share stands at Rs 100, Rs 99, and Rs 110 respectively",https://www.sharesansar.com/newsdetail/kalika-power-arun-kabeli-power-and-nepal-hydro-posted-a-net-profit-of-rs-178-rs-025-and-rs-172-crore-in-q1-of-fy-207576-net-worth-per-share-stands-at-rs-100-rs-99-and-rs-110-respectively,"Kalika Power Company Limited (KPCL
) has posted a net profit after income tax of Rs 1.78 crore in the first quarter of FY 2075/2076.
According to unaudited financial report, the company has made Rs 5.87 crore by selling electricity by the end of Q1 in FY 2075/2076 which has increased by 10.75% compared to income of worth Rs 5.30 crore in the corresponding quarter of last fiscal year 2074/2075. However, the cost of sale has increased by 159% to Rs 3.73 crore from Rs 1.47 crore in the corresponding quarter of last fiscal year.
The company's income after tax has increased from Rs 1.16 crore in Q1 of FY 2074/75 to Rs 1.78 crore in Q1 of current fiscal year. Its share capital remains at Rs 60 crore its reserve has increased to Rs 27.77 lakhs in a current fiscal year from negative Rs 57.03 lakhs in the corresponding quarter of last fiscal year.
An annualized EPS of the company stands at Rs 11.87, Net worth per share stands at Rs 100.46 and P/E ratio of the company is 10.02 times. The LTP of Kalika Power's stock is Rs 111.
Arun Kabeli Power Limited (AKPL)
has reported a net profit growth of 264% in the first quarter of the FY 2075/76.
According to the unaudited financial report, its net profit after income tax has increased from negative Rs 9.65 lakh in the first quarter of fiscal year 2074/75 to Rs 25.51 lakh in the first quarter of the current fiscal year 2075/76.
The hydropower company has made a sum of Rs 32.35 from the other sources heading of profit & loss account. Its share Capital remains at Rs 1.50 arba with a negative reserve of Rs 34.53 lakhs. Its net worth per share is Rs 99.77. LTP of the stock stands at Rs 219. The company has not started its core operation yet i., e sale of electricity.
Nepal Hydro Developer Limited (NHDL)
has posted net profit growth of 20.27% in the first quarter of the current FY 2075/76.
According to the unaudited financial report, its net profit after bonus and tax has increased to Rs 1.72 crore in first quarter of fiscal year 2075/76 from Rs 1.43 crore in the first quarter of the last fiscal year 2074/75.
NHDL's income from sales of electricity decreased by 8.4% to Rs 3.41 crore in this quarter from Rs 3.7 crore in the corresponding quarter of last fiscal year.
It's paid up capital stands at Rs 26 crore and its reserve fund has increased from negative Rs 62.61 lakhs in the corresponding quarter of FY 2074/75 to Rs 2.84 crore in the first quarter of the FY 2075/76.
The Company's annualized earning per share (EPS) stands at Rs 26.46 (EPS in Q1 = Rs 6.64), its net worth per share is Rs 110.93 and annualized P/E ratio stands at 5.11 times.
The company's latest share price is Rs 121 thus latest P/E is 4.57 times."
2018-08-13,Net loss of Arun Kabeli decreases by huge margin; electricity sales yet to happen,https://www.sharesansar.com/newsdetail/net-loss-of-arun-kabeli-decreases-by-huge-margin-electricity-sales-yet-to-happen,"Arun Kabeli Power Limited (AKPL) has reported a
net loss in the fourth quarter of the FY 2074/75.
According to the unaudited financial report published today, its net loss after income tax has reached Rs 16.14 lakh in the fourth quarter of the current year from Rs 28.44 lakh loss of the corresponding quarter.
It made no income from selling electricity while its income from other sources amounted to Rs 13.66 lakhs in the fourth quarter.
The hydropower company’s net current assets stand at Rs 5.60 crore. Its share capital remains at Rs 1.50 arba with negative reserve of Rs 1.55 crore.
Its net worth per share stands at Rs 98.96 as per the fourth quarter report."
2018-05-31,Eighteen hydropower companies yet only two (Chilime Hydropower and Butwal Power) in the lead!,https://www.sharesansar.com/newsdetail/eighteen-hydropower-companies-yet-only-two-chilime-hydropower-and-butwal-power-in-the-lead,"“Nepal is the second richest country in terms of water resources”
-A lie that we have been telling ourselves since decades.
Yet, we cannot deny the potentiality of the development of the country lies in the water infrastructures. The abundant rivers, glaciers and lakes in Nepal shows that water resources can be a foundation for the infrastructural development of the country. One of the sectors that can make optimum utilization of water resources is hydropower sector. However, have the hydro powers been able to make a sustainable utilization of the water resources? The problem of power cut has been solved through the management of current resources. However, the question remains: have hydropower companies been able to boost up their productivity?
The provided are the existing hydropower companies listed in NEPSE:
Financial statements can further be an answer to the questions investors have about the performance of this sector. Therefore, the article promotes reader’s understanding on hydropower fundamental evaluation based on these indicators:
Net profit:
As per the net profit of third quarter of 2074/75, Chilime Hydropower Company Limited is in the lead with a profit of Rs 65.85 crore. Similarly, Butwal Power Company Limited (BPCL) has the second highest net profit of Rs 65.78 crore in the same quarter. The hydro powers with negative profit are Arun Kabeli Power Limited (AKPL), Dibyashwari Hydropower Company Limited (DHPL) and Khani Khola Hydropower Company Limited (KKHC).
(Please download and study the image in case of difficulty upon studying).
Paid up capital:
The central bank has not imposed any restriction on the increment of paid up capital of hydropower sectors. Chilime Hydropower Company Limited (CHCL) has the highest amount of paid up capital worth Rs 3.96 arba followed by Sanima Mai Hydropower Limited (SHPC) with paid up capital of Rs 2.11 arba and Butwal Power Company Limited (BPCL) with Rs 1.81 arba. However, BPCL’s paid up capital has increased post FPO which stands a Rs 2.21 arba.
(Please download and study the image in case of difficulty upon studying).
Reserve and surplus:
In terms of reserves and surplus, a tough competition is seen between CHCL and BPCL. Butwal Power Company (BPCL) has maintained its lead in reserve and surplus of Rs 4.84 arba. Chilime Hydropower Company (CHCL) has maintained second position with Rs 4.70 arba reserve and surplus fund. Investors are requested to note down the hydro powers with negative reserve and surplus are AKPL (-1.49 crore), DHPL (-5.23 crore), SPDL (-13.06 crore), KKHC (-23.59 crore) and NHPC (-44.28 crore).
(Please download and study the image in case of difficulty upon studying).
Income from sales of electricity:
The sale of electricity is the main source of income for hydro power companies. Therefore, any investors should consider the income from sales of electricity of a hydropower company while making investment decision. Chilime hydropower (CHCL) again maintained its lead with an income of Rs 80.46 crore. It is further followed by Sanima Mai Hydropower (SHPC) and Butwal Power Company (BPCL) with an income of Rs 56.69 crore and Rs 53.50 crore respectively.
(Please download and study the image in case of difficulty upon studying).
Major indicators:
Earnings per share (Annualized):
Nepalese investors often regard EPS as the base of their investment decision. The top position, is occupied by Butwal Power Company Limited (BPCL) with an annualized EPS of Rs 48.44 per share. Similarly, it is followed by Chilime Hydropower Company (CHCL) with EPS of Rs 22.14 and United Modi Hydropower Limited (UMHL) with an EPS of Rs 19.33.
(Please download and study the image in case of difficulty upon studying).
P/E Ratio:
Butwal Power Company (BPCL) has the least PE ratio of 9.70 times. It is further followed by United Modi Hydropower Limited (UMHL) with P/E ratio of 9.88 times. RADHI is in the third place with a P/E ratio of 16.48 times.
(Please download and study the image in case of difficulty upon studying).
Net worth per share:
The highest net worth per share among these hydropower companies is Rs 367.47 of Butwal power Company Limited (BPCL). Chilime Hydropower Company Limited (CHCL) has the second highest net worth per share as of Q3 of FY 2074/75 i.e. Rs 218.60.
(Please download and study the image in case of difficulty upon studying).
Market price:
After the analysis, investors willing to invest in any of these hydropower companies can consider the following market price in descending order:
(Please download and study the image in case of difficulty upon studying).
A full picture:
Finally the table below provides a full picture with major indicators of the hydropower companies as of the third quarter of FY 2074/75:
(Please download and study the image in case of difficulty upon studying).
From the table above, we can see that Chilime Hydropower Limited (CHCL) is leading in 3 indicators while Butwal Power Company (BPCL) is leading in the four indicators. However, this doesn’t capture the entire picture as there are numerous exogenous factors that must be kept on mind before making any investment decision. Provided the analysis, what is your opinion regarding hydropower companies? Do you think for a country with abundant water resources, there should be only two hydro power companies leading on the top of the chart? As an investor, have you lost your confidence in this sector? Or, are you positive towards this sector due to the absence of power cut which is the new achievement?
Please feel free to drop a comment below."
2018-05-11,Arun Kabeli witnesses loss of Rs 10.24 lakh in the third quarter; Net worth per share stand at Rs 99,https://www.sharesansar.com/newsdetail/arun-kabeli-witnesses-loss-of-rs-1024-lakh-in-the-third-quarter-net-worth-per-share-stand-at-rs-99,"Arun Kabeli Power Limited (AKPL) has reported a
net loss
in the third quarter of the FY 2074/75.
According to the unaudited financial report published today, its net loss after income tax has reached Rs 10.24 lakh in the third quarter of the current year from Rs 27.95 lakh loss of the corresponding quarter.
It made no income from selling electricity.
The hydropower company’s net current assets stand at Rs 8.94 crore. Its share capital remains at Rs 1.50 arba with negative reserve of Rs 1.49 crore.
Its net worth per share stands at Rs 99.
The company is on a
final phase to produce 25 MW
electricity within a months time."
2018-04-20,Arun Kabeli on final phase to produce 25 MW electricity; production expected to start within a month,https://www.sharesansar.com/newsdetail/arun-kabeli-on-final-phase-to-produce-25-mw-electricity-production-expected-to-start-within-a-month,"Arun Kabeli Power Limited has finished all the work related to 25 MW Kabeli B 1 project and is preparing to produce electricity soon. According to a press notice sent by Arun Kabeli, the project will be producing electricity from the end of this month.
The project is constructed on Kabeli River running on the boundaries of Pachthar and Taplejung. Arun Kabeli is the subsidiary of Arun Valley Hydropower Limited. When the Arun Kabeli starts to generate 25 MW electricity, it will provide huge assistance in meeting the electricity demand. As per the press notice, it will be selling electricity to Nepal Electricity Authority (NEA) at Rs 4.80 in summer and Rs. 8.40 in winter.
API Power Company had Rs 4 crore worth investment in Arun Kabeli, so when the operation starts the shareholder of API Power Company will also benefit.
However even after the production starts, the project will be facing the problem of transmission line. The 90 km long transmission line being constructed in Kabeli Corridor by Government hasn’t finished yet and the consistent postponement has affected the Arun Kabeli project too. The mentioned transmission line should have been completed by Baisakh 2074, but is still under construction.
Similarly, the project also has investment from 6 commercial banks including Nepal Investment Bank. The shares of Arun Kabeli were listed in NEPSE from Baisakh 2074 and is trading in the market.
The project has forecasted a net income of Rs. 76 crore once the production starts and in the fifth year the amount is expected to reach Rs. 87 crore. Similarly, since the project still has a lot of avenues to invest, bonus shares are likely to be distributed than cash dividend."
2018-04-03,"Vibor Capital to perform as share registrar of 3 hydropowers; inks deal with Api, Arun-Kaveli and Arun-Valley hydropower",https://www.sharesansar.com/newsdetail/vibor-capital-to-perform-as-share-registrar-of-3-hydropowers-inks-deal-with-api-arun-kaveli-and-arun-valley-hydropower,"Vibor Capital Limited has received responsibility to function as a share registrar for 3 popular Hydropower companies namely Api Power Company Limited, Arun Valley Hydropower Development Company Limited and Arun Kaveli Hydropower Limited. After the agreement which was signed on Chaitra 20, 2074, all the matters pertaining to share registration of these 3 hydropower companies would be handled from Baisakh 2, 2075 by Vibor Capital.
Issuing the press statement, it has been informed that chairman of Arun Kaveli Mr. Guru Prashad Neupane, chairman of Arun Valley Mr. Ramesh Prashad Neupane, Company Secretary of Api Power Ms Srijana Dangal and CEO of Vibor Capital Mr. Badri Bikram Thapa signed the agreement on behalf of their respective organizations."
2018-04-03,"Vibor Capital to perform as share registrar of 3 hydropowers; inks deal with Api, Arun Kabeli and Arun-Valley hydropower",https://www.sharesansar.com/newsdetail/vibor-capital-to-perform-as-share-registrar-of-3-hydropowers-inks-deal-with-api-arun-kabeli-and-arun-valley-hydropower,"Vibor Capital Limited has received responsibility to function as a share registrar for 3 popular Hydropower companies namely Api Power Company Limited, Arun Valley Hydropower Development Company Limited and Arun Kaveli Hydropower Limited. After the agreement which was signed on Chaitra 20, 2074, all the matters pertaining to share registration of these 3 hydropower companies would be handled from Baisakh 2, 2075 by Vibor Capital.
Issuing the press statement, it has been informed that chairman of Arun Kaveli Mr. Guru Prashad Neupane, chairman of Arun Valley Mr. Ramesh Prashad Neupane, Company Secretary of Api Power Ms Srijana Dangal and CEO of Vibor Capital Mr. Badri Bikram Thapa signed the agreement on behalf of their respective organizations."
2018-03-26,Hydropower companies share price have hit 52-weeks low; see where the shareholders of these companies stand,https://www.sharesansar.com/newsdetail/hydropower-companies-share-price-have-hit-52-weeks-low-see-where-the-shareholders-of-these-companies-stand,"Hydropower, being the sector with second highest market capitalization in NEPSE after Banks and Financial institutions (BFIs), hasn’t remained untouched with the bearish nature of market. The plight of this intensifies when we consider the fact that they have a longer payback period and on top of that most of them are relatively new.

Given the nature of industry, hydropower sector has to operate in loss until the construction is completed and operation starts. Similarly, they require a huge sum of initial investment and their debt composition downsizes the amount of equity put in. So basically, investing in hydropower requires an appetite for risk and the returns can be equally rewarding too, but patience is of utmost importance.

Hydropower industry, particularly in Nepal, is still in crawling phase. Except a few, most are still under construction and some are yet to generate any significant revenue. So this fiscal year when the market started to turn bearish, almost all of the hydropower companies’ share price has fallen to a 52 weeks low. In case of the newly established ones, they have come to an all-time-low price.

The prevalent directives of Securities Board of Nepal (SEBON) states that the Initial Public Offering (IPO) be floated at a par value of Rs. 100. So once they get listed under Nepal Stock Exchange (NEPSE), their shares start to trade in thrice their net worth i.e. approx. Rs. 200-300 range. After that the price is dependent upon the mechanism of demand and supply. However as you can see in the table below, all of the prices have fallen below Rs. 300 after adjusting the right and bonus shares distributed this year. So for the investors having stake on these companies, there return till now is in Red.
S.No
Company Name
Symbol
Closing Price as on March 22,2018
52 weeks high
52 weeks low
Rights, bonus and cash dividend in 2073/74
Adjusted price
1
United Modi Hydropower Limited
UMHL
163
434
163
5% (cash)
-
2
Synergy Power Development Limited
SPDL
130
387
128
-
-
3
Sanima Mai Hydropower Limited
SHPC
332
1,239
323
1:1 (right)
474 (2017.12.31)
4
Ridi Hydropower Development Company Limited
RHPC
126
255
122
6% (bonus)
159 (2017.10.17)
5
Ngadi Group Power Limited
NGPL
208
350
193
10% (bonus)
224 (2017.09.10)
6
Nepal Hydro Developer Limited
NHDL
180
328
177
-
-
7
National Hydro Power Company Limited
NHPC
93
173
90
-
-
8
Khani Khola Hydropower Company Limited
KKHC
131
260
126
-
-
9
Himalayan Power Partner Limited
HPPL
285
471
284
-
-
10
Chilime Hydro power Company Limited
CHCL
711
1,009.00
700
15% (Bonus)

10% (cash)
766 (2017.10.24)
11
Chhyangdi Hydropower Company Limited
CHL
150
355
148
-
-
12
Butwal Power Company Limited
BPCL
464
783
464
-
-
13
Barun Hydropower Company Limited
BARUN
187
319
162
5% (Bonus)
214 (2017.10.04)
14
Arun Valley Hydropower Development Company Limited
AHPC
160
318
155
10% (Bonus)
240 (2017.08.27)
15
Arun Kabeli Power Limited
AKPL
235
503
230
-
-
16
Api Power Company Limited
API
271
683
249
8% (Bonus)
430 (2018.01.07)
17
Dibyashwari Hydropower Company
DHPL
122
271
120
-
-
The above table shows the closing price as on March 22, 2018, the 52 weeks high and low prices and the adjusted price after adjusting all the right and bonus shares given in the fiscal year 2073/74. The 52 weeks high and low price gives the highest and lowest price for the given period in time. As you can see in the table, 2 companies BPCL and UMHL are already in their 52 weeks low. Similarly, the other 14 companies’ closing price is only slightly above their lowest price.

Comparing the vertical column of closing price, CHCL stands atop with a price of Rs. 766, but comparing with itself that price is below its 52 weeks low. The higher level of CHCL’s can be attributed to its longer time of establishment from 1995. They are past their development phase and now are in income generating phase. Similarly, BPCL has the second highest price in the list but the shareholders of this company are at loss. Only few months back, BPCL had issued Further Public Offering (FPO) at a price of Rs. 501, which was hugely undersubscribed. For those who did buy, are currently at a loss of Rs. 37 per share.

Despite the down turns in market, hydropower is a productive sector. Once the development is completed, dividends and bonuses are bound to follow. So for market-timers and short term traders scrips of hydropower won’t be very profitable for now, but for those seeking long term investment this might be a prime time to make some investments. However, this solely can’t be the base for deciding to invest or not. You’ll also have to resort to financial analysis, future plans and forecasts and importantly your hunch.

However, if you’re interested to invest in hydropower one more company is adding from Chaitra 11, 2074. Radhi Hydropower Company will be the 18
th
listed hydropower in the bourse. One of the prime reasons for widespread distress prevalent among the investors is because of the fact that such huge sector still doesn’t have a regulator. On many occasions, the high stake parties have taken benefit of this, leaving the general shareholders in the blind side. Even when the market was bullish, the prices of hydropower companies were lower than other sectors. As of now SEBON is taking this case more seriously. It has been stricter before passing the right shares of many hydropower companies. You can learn further on this topic
here.
So, if an authoritative regulatory body is established to maintain accountability and credibility of this sector, investors might generate a favorable attitude to hydropower industry. This might also give them the courage and incentive to build courage to develop an appetite for risk."
2018-02-23,No regulator yet for a sector with Market Cap. of over Rs 77 arba; MD Kulman Ghising hopeful for formation of Electricity Regulatory Authority with new federal government in full shape,https://www.sharesansar.com/newsdetail/no-regulator-yet-for-a-sector-with-market-cap-of-over-rs-77-arba-md-kulman-ghising-hopeful-for-formation-of-electricity-regulatory-authority-with-new-federal-government-in-full-shape,"Hydropower experts voice it quite frequently that Nepal has a potential to produce 83K MW of electricity from its white gold which has been going in total waste towards our southern neighbor. Not even a single government formed under one or other leadership hasn’t failed to give out honey-laced announcements that they would produce 10k MW or even more volume of electricity in 10-20 years while some even went on declaring that Nepal would be net exporter of electricity in couple of years or so.

The sector of hydropower time and again produces lot of vibes in both public sphere and among policy makers which is justified by the growing interest of public towards shares of hydropower trading in the secondary market of Nepal. Considering a long-time investment, there is no doubt that hydropower sector could be good investment option which has been reported time and again in different media.
Here is one such example
.

Despite of having such a bright prospect in Nepal, the most unfortunate part of the story is that hydropower sector still doesn’t have any regulatory body with an authority to guide the fair and transparent transaction of this sector. The following tables summarize the contribution of hydropower sector in greater lengths and breaths to our market capitalization and ultimately to our economy.
Hydropower
Stock Symbol
Total listed shares
Market Capitalization as of Magh 25, 2074 (Rs.)
Api Power Company Ltd
API
11,340,000
4,309,200,000
Arun Kabeli Power Ltd.
AKPL
15,000,000
4,815,000,000
Arun Valley Hydropower Development Co. Ltd.
AHPC
9,330,123
1,838,034,231
Barun Hydropower Co. Ltd.
BARUN
2,551,500
461,821,500
Butwal Power Company Limited
BPCL
18,105,999
9,940,193,451
Chhyangdi Hydropower Ltd.
CHL
2,700,000
464,400,000
Chilime Hydropower Company Limited
CHCL
39,651,131
34,575,786,232
Dibyashwori Hydropower Ltd.
DHPL
2,640,000
374,880,000
Himalayan Power Partner Ltd.
HPPL
10,654,170
3,888,772,050
Khanikhola Hydropower Co. Ltd.
KKHC
4,657,143
675,285,735
National Hydro Power Company Limited
NHPC
13,851,862
1,523,704,820
Nepal Hydro Developers Ltd.
NHDL
2,600,000
538,200,000
Ngadi Group Power Ltd.
NGPL
5,355,548
1,242,487,136
Ridi Hydropower Development Company Ltd.
RHPC
5,009,510
726,378,950
Sanima Mai Hydropower Ltd.
SHPC
21,100,000
8,376,700,000
Synergy Power Development Ltd.
SPDL
7,000,000
1,071,000,000
United Modi Hydropower Ltd.
UMHL
11,500,000
2,691,000,000
TOTAL
183,046,986
Rs 77,512,844,105
Upcoming and Ongoing Hydropower Public Issues
Name of the Company
Number of units (shares) in pipeline
Status of IPO/ FPO in pipeline
Percentage of issue to total issue
Total number of units  (shares) after IPO/ FPO
Total  paid up amount in NPR after IPO/ FPO
Butwal Power Company
4,081,000
FPO to the general public
22.5%
22,186,720
221.86 cr
Panchakanya Mai Hydropower
1,100,000
IPO to project affected people
10%
11,000,000
110 cr.
Sanjen Hydropower Company Limited
8,760,000
IPO to lending institution employees and to promoter shareholder employees and to EPF members
24%
36,500,000
365 cr.
Rasuwagadhi Hydropower Company Limited
16,421,040
IPO to lending institution employees and to promoter shareholder employees and to EPF members
24%
68,421,000
684.21 cr.
Kalika Power Company
600,000
IPO to project affected people
10%
6,000,000
60 cr.
Radhi Bidhyut Company Limited
764,550
IPO to general public
15%
6,150,000
61.5 cr
More upcoming issues can be viewed at ShareSansar's
Upcoming Issues
section.

Currently, the Banking and Financial Institutions (commercial banks, development banks, finance company, microfinance) which are considered as heavy weights in the stock market have Nepal Rastra Bank as a strong regulatory body. Insurance and telecommunication sector each have Insurance Board and Telecommunication Authority respectively as regulatory bodies which are all dedicated towards ensuring good financial health and professional/ethical practices among the institutions under their jurisdiction. Nevertheless, despite of having 17 companies already trading their shares in the Nepal Stock Exchange and more companies opting to enter the market soon, it’s quite ironical that not even the government (Ministry of Energy) nor Nepal Electricity Authority and not even the independent power producers (IPPAN) have felt an urge to work for bringing the long-awaited regulator for the sector.
More than 18 crore unit of shares are being traded and 33 crore more units will soon be trading at NEPSE where fates of thousands of investors would be associated. These transactions, however, represent just a tip of an iceberg as most of these hydropower companies are still required to float crores of more shares either to the project-affected people or to the general public. Presently, the portion of hydropower sector in the market capitalization i.e. 5% of Rs 1.66 trillion may appear minimal,however, the supply of over 33 crore unit shares in upcoming months and years will undoubtedly change the scene where hydro sector will have one of the major stakes in the economy.

When all these shares end up in the market, there can be a grave situation of market manipulation and clash of interests in the absence of regulatory body. There are several ways in which the interest of investors can be cornered and even undermined by big fishes when there’s no strong regulators to yield control. For an instance, unlike other sectors, the promoters of hydropower companies can off-load all their shares in the secondary market once the locking period of 3 years gets over. In such a case, whom should the small investors and the government authorities held accountable if there arise any case of anomalies and legal hurdles?

The recent case of Everest Insurance Company can serve as the best instance here. Despite of having Insurance Board as regulator, its proposed 600% right shares landed in hot soup and finally got annulled because its original promoters had off-loaded all their shares rendering the company virtually promoter less.

Next, the ongoing FPO of Butwal Power Company wouldn’t have faced such a series of controversies, had there been some strong regulator which could have given clear directives to the companies in hydropower sector to do and not to do certain things.
What do concerned authorities have to offer?
Mr. Kulman Ghising, the current Managing Director at Nepal Electricity Authority (NEA), talking to ShareSansar, offered a quick glance in this issue. According to Mr. Ghising, the Electricity Regulatory Commission as a strong regulatory body is already in the final course of its formation. All legal procedures have already been finalized as the Act for the same has already been endorsed by the erstwhile parliament. Therefore, the most-awaited Commission needs to receive full shape which would soon take place after formation of new cabinet."
2018-02-22,See the In-Depth analysis of 17 listed hydropower companies as per Q2 FY 2074/75 report; Butwal & Chilime Hydropower leading hydro industry with EPS of Rs 38.80 & Rs 26.46 respectively,https://www.sharesansar.com/newsdetail/see-the-in-depth-analysis-of-17-listed-hydropower-companies-as-per-q2-fy-207475-report-butwal-chilime-hydropower-leading-hydro-industry-with-eps-of-rs-38-80-rs-26-46-respectively,"Sijan Bajracharya
Hydropower companies are those companies which are concentrated to generate electricity. Income of hydropower is hugely contributed by power sales whereas it may also include interest income from Bank and Financial Institutions (BFIs) where the hydropower has kept their money. Moreover, due to holding of other companies shares either in hydropower companies or in other BFIs, dividend income has been vital source of generating income, for instance in the second quarter (Q2) of ongoing FY 2074/75, Butwal Power Company Limited (BPCL) has succeed to cater dividend income of Rs 49.60 crore which strengthen the income base of the company.

Till date, 17 hydropower companies (HIDCL not included as it is hydro investment company not hydropower) have been listed in Nepal Stock Exchange for trading and many hydropower companies are seeking approval to float Initial Public Offering (IPO) from the Securities Board of Nepal (SEBON). This clearly shows the clear view of massive attraction towards this sector. But this charm will continue only if, companies can create more and more wealth to its shareholders, otherwise, the sentiment of investors will change and they will shift to other sectors where they anticipate good return of the money they invest.

Talking about performance of existing listed hydropower companies, few companies have performed well whereas most of the companies are still struggling to make handsome profit. Today, we are here with the In-Depth analysis of 17 hydropower companies as per the unaudited report published by the respective companies till the end of Q2, FY 2074/75.

Below table constitute major fundamental factors and ratios:
(Recommended to save image for further use)
(Note: Table is sorted in descending order of the hydropower’s  Q2 2074/75 EPS. For P/E ratio, Market Price per Share as on Falgun 10, 2074 is taken into consideration. BARUN and KKHC marked with red have not yet published their Q2 FY 2074/75 report. EPS of RHPC, NHPC and DHPL are also marked with red because it varies with the EPS as stated in their respective quarterly report.)
From the above table, BPCL whose 40.81 unit FPO shares is ongoing stood at the table with impressive Earning Per Share (EPS) of Rs 38.80 whereas its net worth per share is also high at Rs 258.22 and P/E ratio is also attractive with only 8.23 times. (Note: while calculating EPS of BPCL, net profit excluding dividend income of Rs 49.60 crore is not annualized as dividend are received only once in a year. For clarification, Net profit taken into consideration = (Rs 59.92 crore - Rs 49.60)*2 + Rs 49.60 crore = Rs 70.24 crore).

BPCL is followed by Chilime Hydropower Company Limited (CHCL) with EPS of Rs 26.46 and net worth per share of Rs 215.23. HPPL, AKPL, NHPC and DHPL are the 4 hydropower companies suffering from losses.

In terms of investment, CHCL has invested huge sum of Rs 5.91 arba in its sister companies whereas BPCL has also invested Rs 1.75 arba. Beside these 2 hydropower companies, API, RHPC, AHPC, SHPC, SPDL and DHPL have also invested some funds.

CHCL has capital base of Rs 3.96 arba and reserve of Rs 4.56 arba which is quite higher than leading BPCL. In terms of power sales also, CHCL come in front with Rs 63.21 crore. But though power sales of Rs 40.98 crore, BPCL succeed to earn net profit of Rs 59.92 crore as its profit is strengthen by dividend income of Rs 46.90 crore from its sister company, Himal Hydro.

(
Disclaimer: This article is solely based upon the presumptions of the author(s). Therefore, investors are asked to use their own judgment, seek financial advises from the trusted independent investment pioneers and financial consultants. Invest at your own risk)."
2018-02-12,Arun Kabeli and Chhyangdi Hydropower publish Q2 report; Arun Kabeli shows loss of 16.60 lakh & Chhyangdi reports profit of Rs 79.83 lakh,https://www.sharesansar.com/newsdetail/arun-kabeli-and-chhyangdi-hydropower-publish-q2-repot-arun-kabeli-shows-loss-of-16-60-lakh-chhyangdi-reports-profit-of-rs-79-83-crore,"Arun Kabeli Power Limited (AKPL) has reported a net loss in the second quarter of the FY 2074/75.

According to the unaudited financial report published today, its net loss after income tax has reached Rs 16.60 lakh in the second quarter of the current year from Rs 18.76 lakh loss of the corresponding quarter.

It made no income from selling electricity.

The hydropower company’s net current assets stand at Rs 17.24 crore. Its share capital remains at Rs 1.50 arba with negative reserve of Rs 1.56 crore.

Its net worth per share stands at Rs 98.96.
Q2 Report
Chhyangdi Hydropower Limited (CHL)
has published 29.68% rise in the second quarter of the FY 2074/75.

According the financial report published today, its net profit amounts to Rs 79.83 lakh which has increased from Rs 61.55 lakh in the corresponding quarter.

It earned Rs 1.28 crore as income from electricity sales to NEA, by the end of the second quarter.

The reserve fund of the company has increased to Rs 79.83 lakh in the current quarter, which has increased from corresponding quarter’s Rs 74.89 lakh.

Its share capital remains at Rs 27 crore.

Its earning per share stands at Rs 0.18 and net worth per share is Rs 102.96.
Q2 Report"
2017-11-16,Arun Kabeli still in loss of Rs 9.65 lakh in Q1; API Power posted net profit of Rs 1.65 crore,https://www.sharesansar.com/newsdetail/arun-kabeli-still-in-loss-of-rs-9-65-lakh-in-q1-api-power-posted-net-profit-of-rs-1-65-crore,"Arun Kabeli Power Limited (AKPL)
has reported a net loss in the first quarter of the FY 2074/75.
According to the unaudited financial report published today, its net loss after income tax has fall to Rs 9.65 lakh in first quarter of fiscal year 2074/75 from Rs 10.46 lakh in the first quarter of the previous fiscal year 2073/74.

It made no income from selling electricity.

The hydropower company’s net current assets stand at Rs 16.91 crore. Its share Capital remains at Rs 1.50 arba with negative reserve of Rs 1.48 crore.

Its net worth per share at Rs 99.01.
Api Power Company Limited (API)
has posted a net profit fall of 2.94 % percent in the first quarter of the current FY 2074/75.
According to the unaudited financial report published today, its net profit after income tax has fall to Rs 1.65 crore in first quarter of fiscal year 2074/75 from Rs 1.70 crore in the first quarter of the previous fiscal year 2073/74.

It made an income of Rs 4.08 crore, mainly from selling electricity, by the end of the first quarter, decrease from Rs 4.61 crore in the corresponding quarter.

Its reserve fund has increased from Rs 8.42 crore in the corresponding quarter of FY 2073/74 to Rs 10.52 crore in the first quarter of the FY 2074/75.

Its share Capital remains at Rs 1.05 arba. API is seeking approval from SEBON to issue 200% right shares.

Its earning per share (EPS) stands at Rs 6.32, its net worth per share at Rs 110.02 and P/E ratio stands at 86.99 times."
2017-08-09,Arun Kabeli reports net loss of Rs 38.32 lakh in Q4; Net worth per share at Rs 99.01,https://www.sharesansar.com/newsdetail/arun-kabeli-reports-net-loss-of-rs-38-32-lakh-in-q4-net-worth-per-share-at-rs-99-01,"Arun Kabeli Power Limited (AKPL) has reported net loss of 38.32 lakh in the fourth quarter of the last fiscal year 2073/74 compared to loss of Rs 55.78 lakh in the corresponding quarter of previous year.

As per the unaudited report published by the hydropower company today, AKPL made an expenses of Rs 3.83 lakh, declining from Rs 26.19 lakh in the corresponding quarter. Likewise, its net current assets has dropped to Rs 14.31 crore in the Q4 from Rs 38.92 crore in the corresponding quarter of previous fiscal year.

The company’s operating profit is still in loss of Rs 3.83 lakh in Q4 up from Rs 16.04 lakh in the corresponding quarter of previous year.

Its reserve fund is in negative of Rs 1.49 crore from Rs 1.12 crore in Q4.AKPL’s share capital stand at Rs 1.50 arba.

Arun Kabeli’s net worth per share is at Rs 99.01. The hydropower company had floated 30, 00,000 unit shares worth Rs 30 crore as part of its IPO shares. It is constructing a 25 MW Kabeli B-1 hydropower plant located in the border of Panchthar and Taplejung district. The project is supposed to complete this year and the electricity generated from the plant will be connected to the national grid by Ashwin 2074."
2017-04-19,Arun Kabeli trading suspended in NEPSE due to error in crediting IPO shares,https://www.sharesansar.com/newsdetail/arun-kabeli-trading-suspended-in-nepse-due-to-error-in-crediting-ipo-shares,"Trading of Arun Kabeli Power Limited (AKPL) has been suspended today (April 19, 2017) in Nepal Stock Exchange Limited (NEPSE).

As per the notice published in NEPSE, “The security ""AKPL"" has been now suspended as per the letter received from CDSC.”

As per the official of CDSC, “There was error in crediting the IPO shares in the shareholders Demat account. The trading has been suspended as a measure of precaution so we have requested Nepse to suspend the trading of AKPL. The trading will resume as soon as the matter gets solved.”

Arun Kabeli had listed 1,50,00,000 units shares in CDS & Clearing Limited and in Nepal Stock Exchange (NEPSE) on April 7, 2017 and it has started its trading from April 16."
2017-04-16,Trading of Arun Kabeli Power to start from today as AKPL,https://www.sharesansar.com/newsdetail/trading-of-arun-kabeli-power-to-start-from-today-as-akpl,"Arun Kabeli Hydropower Limited (AKPL) had listed 1,50,00,000 units shares in CDS & Clearing Limited and in Nepal Stock Exchange (NEPSE) on April 7, 2017. Out of the 1.50 crore units shares, 29.10 lakh units ordinary shares can now be traded in NEPSE from today with first price range between Rs 99.07 and Rs 297.

The company’s 1.05 crore units promoter shares, 15 lakh units IPO shares of local people and 90,000 shares of its staffs are locked in until Poush 4, 2076 for trading (3 years from allotment of IPO for public). They can be traded in NEPSE from Poush 5, 2076 only.

AKPL has a paid up capital of Rs 1.50 arba with promoter – public shareholding structure at 70% and 30% respectively. It is constructing a 25 MW Kabeli B-1 hydropower plant located in the border of Panchthar and Taplejung district. The project is supposed to complete this year and the electricity generated from the plant will be connected to the national grid by Ashwin 2074."
2017-04-07,Arun Kabeli lists 1.50 crore units shares in NEPSE; price range for first transaction between Rs 99 - Rs 297,https://www.sharesansar.com/newsdetail/arun-kabeli-hydropower-lists-1-50-crore-units-shares-in-nepse-price-range-for-first-transaction-between-rs-99-rs-297,"Arun Kabeli Power Limited (AKPL) has listed 1,50,00,000 units shares in CDS & Clearing Limited and in Nepal Stock Exchange (NEPSE) today. Out of the 1.50 crore units shares, 29.10 lakh units ordinary shares can now be traded in NEPSE from Baisakh 3, 2074 with first price range between Rs 99 and Rs 297.

The company’s 1.05 crore units promoter shares, 15 lakh units IPO shares of local people and 90,000 shares of its staffs are locked in until Poush 4, 2076 for trading (3 years from allotment of IPO for public). They can be traded in NEPSE from Poush 5, 2076 only.

Issuing a press statement today, the hydropower company said that it will itself work as the share registrar. Applicants who had mentioned their demat account numbers in the application forms will have their shares deposited in their accounts. For those who have not provided their demat account numbers, the shares can be only traded after dematerialization. The company has urged those shareholders to visit the company’s office at Trade Tower, Thapathali, Kathmandu with the allotment advice
(ardhakatti)
to dematerialize their allotted shares.

AKPL has a paid up capital of Rs 1.50 arba with promoter – public shareholding structure at 70% and 30% respectively. It is constructing a 25 MW Kabeli B-1 hydropower plant located in the border of Panchthar and Taplejung district. The project is supposed to complete this year and the electricity generated from the plant will be connected to the national grid by Ashwin 2074."
2017-03-21,Arun Kabeli Hydropower to list IPO shares within this week; trading range to start from Rs 99-Rs 297,https://www.sharesansar.com/newsdetail/arun-kabeli-hydropower-to-list-ipo-shares-within-this-week-trading-range-to-start-from-rs-99-rs-297,"Arun Kabeli Hydropower Company Limited will be listing its Initial Public Offering (IPO) shares in Nepal Stock Exchange Limited (NEPSE) within this week.

As per the official of Arun Kabeli, “We are working to have the shares listed in NEPSE soon. The shares will possibly be listed within this week.”

The hydropower company had floated 30,00,000 unit shares worth Rs 30 crore as part of its IPO shares from Kartik 9, 2073 till  Kartik 12, 2073 at face value of Rs 100. Siddhartha Capital was the issue manager for the IPO.

After the shares are listed, the trading range is likely to start from Rs 99 – Rs. 297.

After the IPO, the paid up capital of the company has reached Rs 1.50 arba. Arun Valley Hydropower (AHPC) holds 25% and Api Power Company (API) holds 5% stake in Arun Kabeli. The promoter-people of affected area (Taplejung and Panchthar district) - public ratio of the company stands at 70% to 10% to 20%. It is constructing 25MW Kabeli B1 Hydroelectric project in Panchthar district."
2016-12-26,"Arun Kabeli refunding IPO non-allottees from today; applicants having A/C in NIC Asia, Siddhartha, Janata & Kumari Bank to get refund in respective A/C",https://www.sharesansar.com/newsdetail/arun-kabeli-refunding-ipo-non-allottees-from-today-applicants-having-ac-in-nic-asia-siddhartha-janata-kumari-bank-to-get-refund-in-respective-ac,"Arun Kabeli Power Limited is refunding excess money collected from investors from today  (Poush 11, 2073). It had floated 30, 00,000 unit shares worth Rs 30 crore as part of its IPO shares.

The non-allotted investors have to visit their respective collection centers with receipt to collect their refund money through account payee cheque. Letter of authorization along with photocopy of identity card of authorized person must be presented if the investors cannot collect their money themselves.

Applicants who had provided their account number of NIC Asia Bank Limited, Siddhartha Bank Limited, Janata Bank Limited & Kumari Bank Limited will get their refund money directly deposited in their respective accounts.

Siddhartha Capital Limited was the issue manager for the IPO.

Allotment for small investors who had applied from Rs 5,000 or 50 units to Rs 35, 000 or 350 units shares was decided through lottery; whereas above that from Rs 36,000 or 360 units till Rs 50,00 or 500 units investors were allotted 2.67% shares on a pro rata basis and big investors having more than 50 thousand investment were allotted 1.97% again on a pro rata basis.

Of the total 1, 65,852 applicants, only 1, 19,433 investors got the shares.

After the IPO, the paid up capital of the company will reach Rs 1.50 arba from the current Rs 1.20 arba which includes Rs 1.05 arba of promoter shareholders and Rs 15 crore collected from the project-affected area. The hydropower has authorized capital of Rs 1.50 arba."
2016-12-22,"Arun Kabeli to refund IPO non-allottees from Poush 10; applicants mentioning A/C of NIC Asia, Siddhartha, Janata & Kumari Bank to get refund in respective A/C",https://www.sharesansar.com/newsdetail/arun-kabeli-to-refund-ipo-non-allottees-from-poush-10-applicants-having-ac-in-nic-asia-siddhartha-janata-kumari-bank-to-get-refund-in-respective-ac,"Arun Kabeli Power Limited will be refunding excess money collected from investors from Poush 10, 2073). It had floated 30, 00,000 unit shares worth Rs 30 crore as part of its IPO shares.

The non-allotted investors have to visit their respective collection centers with receipt to collect their refund money through account payee cheque. Letter of authorization along with photocopy of identity card of authorized person must be presented if the investors cannot collect their money themselves.

Applicants who had provided their account number of NIC Asia Bank Limited, Siddhartha Bank Limited, Janata Bank Limited & Kumari Bank Limited will get their refund money directly deposited in their respective accounts.

Siddhartha Capital Limited was the issue manager for the IPO.

Allotment for small investors who had applied from Rs 5,000 or 50 units to Rs 35, 000 or 350 units shares was decided through lottery; whereas above that from Rs 36,000 or 360 units till Rs 50,00 or 500 units investors were allotted 2.67% shares on a pro rata basis and big investors having more than 50 thousand investment were allotted 1.97% again on a pro rata basis.

Of the total 1, 65,852 applicants, only 1, 19,433 investors got the shares.

After the IPO, the paid up capital of the company will reach Rs 1.50 arba from the current Rs 1.20 arba which includes Rs 1.05 arba of promoter shareholders and Rs 15 crore collected from the project-affected area. The hydropower has authorized capital of Rs 1.50 arba.
Check Here For IPO Result"
2016-12-20,Arun Kabeli IPO allottment module,https://www.sharesansar.com/newsdetail/arun-kabeli-ipo-allottment-module,"Arun Kabeli IPO allottment module:
Check Here For IPO Result"
2016-12-20,"Arun Kabeli IPO concludes today; up to 35k investment decided through lottery, above that till 50k allotted 2.67%, big investors allotted 1.97% on pro rata basis",https://www.sharesansar.com/newsdetail/arun-kabeli-ipo-concludes-today-up-to-35k-investment-decided-through-lottery-above-that-till-50k-allotted-2-67-big-investors-allotted-1-97-on-pro-rata-basis,"Arun Kabeli Power Limited has concluded its IPO allotment today at Trade Tower, Thapathali at 3:30 PM.

Allotment for small investors who had applied from Rs 5,000 or 50 units to Rs 35, 000 or 350 units shares was decided through lottery; whereas above that from Rs 36,000 or 360 units till Rs 50,00 or 500 units investors were allotted 2.67% shares on a pro rata basis and big investors having more than 50 thousand investment were allotted 1.97% again on a pro rata basis.

25 MW Arun Kabeli Power Limited had issued  30,00,000 unit shares worth Rs 30 crore as part of its Initial Public Offering (IPO) from Kartik 9, 2073 till  Kartik 12, 2073 at face value of Rs 100.

Of the total 27,60,000 units shares set aside for public, 40% or  11,04,000 shares, were put aside for retail investors and 60% or 16,56,000 shares, under “other investor” category. Retail investors applied for a total of 4,13,30,000 unit shares and those in the others category demanded 8,39,34,160 units.

Rs 50,000 investors got 13 units, whereas, Rs 15 lakh investors allotted 295 units share.

The shares set aside for retail investors were oversubscribed by 37.44 times and those set aside under other category were oversubscribed by 50.68 times.

Of the total 1,65,852 applicants, only 1,19,433 investors got the shares.

There were only 144 invalid applicants. Altogether 45 staffs were allotted 90,000 units and 7 mutual fund schemes were given 1,50,000 unit shares.

After the IPO, the paid up capital of the company will reach Rs 1.50 arba from the current Rs 1.20 arba which includes Rs 1.05 arba of promoter shareholders and Rs 15 crore collected from the project-affected area. The hydropower has authorized capital of Rs 1.50 arba.

After the IPO, the promoter-people of affected area (Taplejung and Panchthar district) - public ratio of the company will be 70% to 10% to 20%.

Arun Kabeli had issued 15, 00,000 unit shares worth Rs 15 crore as part of its IPO at face value of Rs 100 for the locals of project affected people of Taplejung and Panchthar district on Jestha 3, 2073 till Jestha 17, 2073.
Check Here For IPO Result"
2016-12-20,Arun Kabeli Power 30 lakh units IPO shares allotment today,https://www.sharesansar.com/newsdetail/arun-kabeli-power-30-lakh-units-ipo-shares-allotment-today,"25 MW Arun Kabeli Power Limited had issued  30,00,000 unit shares worth Rs 30 crore as part of its Initial Public Offering (IPO) from Kartik 9, 2073 till  Kartik 12, 2073 at face value of Rs 100.

As per an official of Siddhartha Capital Limited, “The allotment of the IPO will take place today at 3:30 PM at Trade Tower, Thapathali.”

Siddhartha Capital Limited is assigned as the issue manager for the IPO issue.

The IPO was oversubscribed by more than 43.47 times till last day. Around 1 lakh 46 thousand application forms were received.

Interested people were required to apply for a minimum of 50 units of share and they can apply for up to 15,000 unit of share.

The hydropower company had set aside 3% or 90,000 unit shares for its employees and 5% or 150,000 unit shares for the 7 mutual fund companies. The mutual fund schemes were Nabil balance fund-1, NMB Sulav Investment Fund – 1, NIBL Sambriddhi Fund – 1, Laxmi Value Fund -1, Siddhartha Equity Oriented Scheme, Siddhartha Investment Growth Scheme- 1 and Global IME Samriddhi Fund-1. The company had set aside 27, 60, 000 unit share to the general public.

After the IPO, the paid up capital of the company will reach Rs 1.50 arba from the current Rs 1.20 arba which includes Rs 1.05 arba of promoter shareholders and Rs 15 crore collected from the project-affected area. The hydropower has authorized capital of Rs 1.50 arba.
Check Here For IPO Result"
2016-11-03,Arun Kabeli IPO collected Rs 12 arba from 1.46 lakh applicants till last day; Oversubscribed by more than 43 times,https://www.sharesansar.com/newsdetail/arun-kabeli-ipo-collected-rs-12-arba-from-1-46-lakh-applicants-till-last-day-oversubscribed-by-more-than-43-times,"25 MW Arun Kabeli Power Limited (AKPL) had issued  30,00,000 unit shares worth Rs 30 crore as part of its Initial Public Offering (IPO) from Kartik 9, 2073 till  Kartik 12, 2073 at face value of Rs 100. The IPO was oversubscribed by more than 43 times till last day.

As per an official of Siddhartha Capital Limited, “The total collection of the IPO is approximately Rs 12 arba till last day. Around 1 lakh 46 thousand application forms were received till date. It is only tentative data. Final data may vary with final output.”
Arun Kabeli Power IPO collection
Days
Total Collection
Oversubscribed
Number of  Application Forms
First day
1 arba 13 crore
4 times
18,000
Second day
1 arba 50 crore
5.43 times
23,000
Third day
1 arba 90 crore
6.88 times
31,000
Fourth day
7  arba 47 crore
27.06  times
74,000
Total
12 arba
43.47 times
1 lakh 46 thousand
Interested people were required to apply for a minimum of 50 units of share and they can apply for up to 15,000 unit of share.

Siddhartha Capital Limited has been assigned as the issue manager for the IPO issue.

The hydropower company has set aside 3% or 90,000 unit shares for its employees and 5% or 150,000 unit shares for the 7 mutual fund companies. The mutual fund schemes are Nabil balance fund-1, NMB Sulav Investment Fund – 1, NIBL Sambriddhi Fund – 1, Laxmi Value Fund -1, Siddhartha Equity Oriented Scheme, Siddhartha Investment Growth Scheme- 1 and Global IME samriddhi Fund-1. The company has set aside 27, 60, 000 unit share to the general public.

After the IPO, the paid up capital will reach Rs 1.50 arba from the current Rs 1.20 arba which includes 1.05 arba promoter and 15 crore collected from the project-affected area. The hydropower has authorized capital of Rs 1.50 arba.

After the IPO, the promoter-people of affected area (Taplejung and Panchthar district) - public ratio of the company will be 70% to 10% to 20%.

Arun Kabeli had issued 15, 00,000 unit shares worth Rs 15 crore as part of its IPO at face value of Rs 100 for the locals of project affected people of Taplejung and Panchthar district on Jestha 3, 2073 till Jestha 17, 2073."
2016-10-28,Last day to grab 30 lakh unit IPO shares of Arun Kabeli Power; oversubscribed by more than 16 times till third day,https://www.sharesansar.com/newsdetail/last-day-to-grab-30-lakh-unit-ipo-shares-of-arun-kabeli-power-oversubscribed-by-more-than-16-times-till-third-day,"25 MW Arun Kabeli Power Limited (AKPL) has been issuing 30,00,000 unit shares worth Rs 30 crore as part of its Initial Public Offering (IPO) from Kartik 9, 2073 at face value of Rs 100. Today is the last day of the IPO. The IPO is oversubscribed by more than 16.41 times till third day.

As per an official of Siddhartha Capital Limited “The total collection of the IPO is approximately Rs 4 arba 53 crore till third day. Around 72,000 application forms were received.”

The offer closes today. The maximum closing date for the offer is on Kartik 23, 2073.

Interested people must apply for a minimum of 50 units of share and they can apply for up to 15,000 unit of share.

Siddhartha Capital Limited has been assigned as the issue manager for the IPO issue.

The hydropower company has set aside 3% or 90,000 unit shares for its employees and 5% or 150,000 unit shares for the 7 mutual fund companies. The mutual fund schemes are Nabil balance fund-1, NMB Sulav Investment Fund – 1, NIBL Sambriddhi Fund – 1, Laxmi Value Fund -1, Siddhartha Equity Oriented Scheme, Siddhartha Investment Growth Scheme- 1 and Global IME samriddhi Fund-1. The company has set aside 27,60, 000 unit share to the general public.

After the IPO, the paid up capital will reach Rs 1.50 arba from the current Rs 1.20 arba which includes 1.05 arba promoter and 15 crore collected from the project-affected area. The hydropower has authorized capital of Rs 1.50 arba.

After the IPO, the promoter-people of affected area (Taplejung and Panchthar district) - public ratio of the company will be 70% to 10% to 20%.

Arun Kabeli had issued 15, 00,000 unit shares worth Rs 15 crore as part of its IPO at face value of Rs 100 for the locals of project affected people of Taplejung and Panchthar district on Jestha 3, 2073 till Jestha 17, 2073."
2016-10-27,"Arun Kabeli Power IPO oversubscribed by 9.52 times till second day; collected Rs 2.63 arba from 41,000 applicants",https://www.sharesansar.com/newsdetail/arun-kabeli-power-ipo-oversubscribed-by-9-52-times-till-second-day-collected-2-63-arba-from-41000-applicants,"25 MW Arun Kabeli Power Limited (AKPL) has been issuing 30,00,000 unit shares worth Rs 30 crore as part of its Initial Public Offering (IPO) from today (Kartik 9, 2073) at face value of Rs 100. Today is the third day of the IPO. The IPO is oversubscribed by more than  9.52 times till second day .

As per the official of Siddhartha Capital Limited “The total collection of the IPO is approximately Rs 2 arba 63 crore till second day. Around 41,000 application forms were received.”

The offer will close tomorrow (Kartik 12, 2073). The maximum closing date for the offer is on Kartik 23, 2073.

Interested people must apply for a minimum of 50 units of share and they can apply for up to 15,000 unit of share.

Siddhartha Capital Limited has been assigned as the issue manager for the IPO issue.

The hydropower company has set aside 3% or 90,000 unit shares for its employees and 5% or 150,000 unit shares for the 7 mutual fund companies. The mutual fund schemes are Nabil balance fund-1, NMB Sulav Investment Fund – 1, NIBL Sambriddhi Fund – 1, Laxmi Value Fund -1, Siddhartha Equity Oriented Scheme, Siddhartha Investment Growth Scheme- 1 and Global IME samriddhi Fund-1. The company has set aside 27,60, 000 unit share to the general public.

After the IPO, the paid up capital will reach Rs 1.50 arba from the current Rs 1.20 arba which includes 1.05 arba promoter and 15 crore collected from the project-affected area. The hydropower has authorized capital of Rs 1.50 arba.

After the IPO, the promoter-people of affected area (Taplejung and Panchthar district) - public ratio of the company will be 70% to 10% to 20%.

Arun Kabeli had issued 15, 00,000 unit shares worth Rs 15 crore as part of its IPO at face value of Rs 100 for the locals of project affected people of Taplejung and Panchthar district on Jestha 3, 2073 till Jestha 17, 2073."
2016-10-26,"Arun Kabeli Power IPO collected Rs 1.13 arba from 18,000 applicants on first day; oversubscribed by more than 4 times",https://www.sharesansar.com/newsdetail/arun-kabeli-power-ipo-collected-rs-1-13-arba-from-18000-applicants-on-first-day-oversubscribed-by-more-than-4-times,"25 MW Arun Kabeli Power Limited (AKPL) has been issuing 30,00,000 unit shares worth Rs 30 crore as part of its Initial Public Offering (IPO) from today (Kartik 9, 2073) at face value of Rs 100. Today is the second day of the IPO. The IPO has been oversubscribed by more than 4 times on the first day (yesterday).

As per the official of Siddhartha Capital Limited “The total collection of the IPO is approximately Rs 1 arba 13 crore on the first day. Around 18,000 application forms were received.”

The offer will close on Kartik 12, 2073. The maximum closing date for the offer is on Kartik 23, 2073.

Interested people must apply for a minimum of 50 units of share and they can apply for up to 15,000 unit of share.

Siddhartha Capital Limited has been assigned as the issue manager for the IPO issue.

The hydropower company has set aside 3% or 90,000 unit shares for its employees and 5% or 150,000 unit shares for the 7 mutual fund companies. The mutual fund schemes are Nabil balance fund-1, NMB Sulav Investment Fund – 1, NIBL Sambriddhi Fund – 1, Laxmi Value Fund -1, Siddhartha Equity Oriented Scheme, Siddhartha Investment Growth Scheme- 1 and Global IME samriddhi Fund-1. The company has set aside 27,60, 000 unit share to the general public.

After the IPO, the paid up capital will reach Rs 1.50 arba from the current Rs 1.20 arba which includes 1.05 arba promoter and 15 crore collected from the project-affected area. The hydropower has authorized capital of Rs 1.50 arba.

After the IPO, the promoter-people of affected area (Taplejung and Panchthar district) - public ratio of the company will be 70% to 10% to 20%.

Arun Kabeli had issued 15, 00,000 unit shares worth Rs 15 crore as part of its IPO at face value of Rs 100 for the locals of project affected people of Taplejung and Panchthar district on Jestha 3, 2073 till Jestha 17, 2073."
2016-10-25,"Arun Kabeli Power issuing 30 lakh kitta IPO shares from today; Applicants can apply up to 15,000 Kitta",https://www.sharesansar.com/newsdetail/arun-kabeli-power-issuing-30-lakh-kitta-ipo-shares-from-today-applicants-can-apply-up-to-15000-kitta,"25 MW Arun Kabeli Power Limited (AKPL) is issuing 30,00,000 unit shares worth Rs 30 crore as part of its Initial Public Offering (IPO) from today (Kartik 9, 2073) at face value of Rs 100.

The offer will close on Kartik 12, 2073. The maximum closing date for the offer is on Kartik 23, 2073.

Interested people must apply for a minimum of 50 units of share and they can apply for up to 15,000 unit of share.

Siddhartha Capital Limited has been assigned as the issue manager for the IPO issue.

The hydropower company has set aside 3% or 90,000 unit shares for its employees and 5% or 150,000 unit shares for the 7 mutual fund companies. The mutual fund schemes are Nabil balance fund-1, NMB Sulav Investment Fund – 1, NIBL Sambriddhi Fund – 1, Laxmi Value Fund -1, Siddhartha Equity Oriented Scheme, Siddhartha Investment Growth Scheme- 1 and Global IME samriddhi Fund-1. The company has set aside 27,60, 000 unit share to the general public.

After the IPO, the paid up capital will reach Rs 1.50 arba from the current Rs 1.20 arba which includes 1.05 arba promoter and 15 crore collected from the project-affected area. The hydropower has authorized capital of Rs 1.50 arba.

After the IPO, the promoter-people of affected area (Taplejung and Panchthar district) - public ratio of the company will be 70% to 10% to 20%.

Arun Kabeli had issued 15, 00,000 unit shares worth Rs 15 crore as part of its IPO at face value of Rs 100 for the locals of project affected people of Taplejung and Panchthar district on Jestha 3, 2073 till Jestha 17, 2073."
2016-10-24,Company Analysis: Arun Kabeli Power Limited,https://www.sharesansar.com/newsdetail/company-analysis-arun-kabeli-power-limited,"Overview
Collection Center
Company Profile
Arun Kabeli Power Limited was incorporated on 17th January 2011 under Company Act of Nepal, 2063. The company is by Arun Valley Hydropower (24% shareholding after IPO) and Api power Limited (3.34% shareholding after IPO). The company is a part of Arun Valley Hydropower Group and has been established as a Special PurVichal for the construction and operation of 25 MW Kabeli B1 Hydro Electricity Project. Arun Valley Hydropower Group is owned by Mr. Guru Prasad Neupane, the largest shareholder in most of the hydropower sector of Nepal. The group investment of Arun Valley Group spans across real estate sector, hydropower sector and banking Sector etc.

25 MW Kabeli B1 Hydro Electricity Project is being developed along Kabeli river (near the confluence with Iwa River and Kabeli River) in Panchthar district of Eastern Nepal near Panchthar-Taplejung border.

The electricity generated from this project shall be connected to proposed NEA substation at Amarpur VDC in Panchthar district; 5Km away from the powerhouse of Kabeli B1. Arun Hydropower Kabeli   has already received power generation license for Kabeli B1 and Power Purchase Agreement (PPA) was signed on July 13, 2012 with Nepal Electricity Authority (NEA) for entire generation capacity.
Major Promoter
Board of Director
Capital Structure
Financial Highlights
Share Capital and Reserve
The data from FY 2070/71 to FY 2072/73 is actual one whereas the data from FY 2073/74 on ward till FY 2077/78 is predicted one.
Long Term Loan
Income from Sale of Electricity
Net Profit and Loss
Earnings per Share
Net Worth Per share
Return on Equity
Return on Assets
Key Financial & Company overall Financial Aspects
The strength of this hydropower is the highly experienced promoter group involved in this project. The promoter group of the hydropower company is involved in numerous hydro projects in Nepal. The promoters are involved in real state, banking and hydropower sector of the company.

Arun Kabeli Hydro Project (25 MW) is a large private sector hydropower project currently under development in Nepal. Upfront  equity  injection and  low  prevailing  interest  rates  should  bring  down IDC  (Interest  During Construction)component and hence the overall project cost.

Grading concerns also emanate from the typical implementation risks in hydro projects such as increase in time and cost estimates on account of difficult conditions which can potentially impact the project return indicators in addition to hydrology risks.

The earning per share of company is still negative till the ongoing F/Y 2073/74 and its earning per share will be positive with above industry average after the generated income from sales of power.

The Net Worth per Share of company is below Rs 100 in FY 2073/74 due to huge amount of negative reserve. However, the company plans to reduce its negative reserve balance in future and the net worth per share will be positive in FY 2074/75.Going forward, ability of the company to commission the project within the budgeted time , cost estimates and availability of sufficient hydrology will be the key parameters which can impact returns of the project. Timely construction of the transmission line will also be a key factor in determining the returns generated by the project.

The company will not generate income as it has no sales of power till FY 2074/75 which is the main reason for the hydropower company’s loss.

However, the company’s turning point will be in FY 2074/75 with generation of revenue from sales of electricity in that fiscal year. The company holds huge amount of long term loan. The huge amount of loan also increases its interest expenses which affects in net profit or earning per share. The company’s Returning on Equity and Return on assets is also positive in 2074/75 that shows the company’s performance and financial improvement in future.
Conclusion
At present, investors are attracted in IPO shares because people think that return from share market is better than from other investment sector.  Fix deposit services at BFIs provide 8 to 10 percent return but the return from IPO shares is almost double in less than a year.  After IPO of Arun Kabeli Hydropower, many companies will issue IPO and FPO shares. Hence investors should not pour all their money into a single company rather investment diversification seems to be good. Investors are investing in Arun Kabeli Hydropower to get attractive return in the long run. Investors should also consider SEBON Guidelines of big investors (More than Rs 50,000) and small investors (less than Rs 50,000) criteria."
2016-10-07,"25MW Arun Kabeli Power to float 30 lakh kitta IPO shares from Kartik 9; Applicants can apply up to 15,000 Kitta",https://www.sharesansar.com/newsdetail/25mw-arun-kabeli-power-to-float-30-lakh-kitta-ipo-shares-from-kartik-9-applicants-can-apply-up-to-15000-kitta,"25 MW Arun Kabeli Power Limited (AKPL) will be issuing 30,00,000 unit shares worth Rs 30 crore as part of its Initial Public Offering (IPO) from Kartik 9, 2073 at face value of Rs 100.

The offer will close on Kartik 12, 2073. The maximum closing date for the offer is Kartik 23, 2073.

Interested people must apply for a minimum of 50 units of share and they can apply for up to 15,000 unit of share.

Siddhartha Capital Limited has been assigned as the issue manager for the IPO issue.

The hydropower company has set aside 3% or 90,000 unit shares for its employees and 5% or 150,000 unit shares for the 7 mutual fund companies. The mutual fund schemes are Nabil balance fund-1, NMB Sulav Investment Fund – 1, NIBL Sambriddhi Fund – 1, Laxmi Value Fund -1, Siddhartha Equity Oriented Scheme, Siddhartha Investment Growth Scheme- 1 and Global IME samriddhi Fund-1. The company has set aside 27,60, 000 unit share to the general public.

After the IPO, the paid up capital will reach Rs 1.50 arba from the current Rs 1.20 arba which includes 1.05 arba promoter and 15 crore collected from the project-affected area. The hydropower has authorized capital of Rs 1.50 arba.

After the IPO, the promoter-people of affected area (Taplejung and Panchthar district) - public ratio of the company will be 70% to 10% to 20%.

Arun Kabeli had issued 15, 00,000 unit shares worth Rs 15 crore as part of its IPO at face value of Rs 100 for the locals of project affected people of Taplejung and Panchthar district on Jestha 3, 2073 till Jestha 17, 2073.

Collection Centers are:

[caption id=""attachment_79673"" align=""alignnone"" width=""830""]
Arun Kagbeli IPO collection center[/caption]"
2016-10-03,Arun Kabeli Hydropower receives approval from Sebon to issue 30 lakh units IPO shares; IPO to be floated from Kartik 7,https://www.sharesansar.com/newsdetail/arun-kabeli-hydropower-receives-approval-from-sebon-to-issue-30-lakh-units-ipo-shares-ipo-to-be-floated-from-kartik-7,"Securities Board of Nepal (SEBON) has given final approval to issue 30 lakh unit Initial Public Offering (IPO) shares to Arun Kabeli Power Limited.

25 MW Arun Kabeli Power will be floating 30, 00,000 units shares worth Rs 30 crore  i.e. 20% of the paid up capital as a part of Initial Public Offering (IPO) for the general public and staffs of Arun Kabeli Power Company.

Siddhartha Capital Limited has been assigned as the issue manager for the IPO issue.

As per the official source, ‘We will be issuing the IPO shares from Kartik 7, 2073 to the general public.’

Interested applicants can apply for minimum 50 units of shares or at maximum they can apply up to 15,000 units of shares added the source.

The paid up capital of the company stands at Rs 1.20 arba. After issuance of 30 lakh unit shares worth Rs 30 crore it’s paid up capital will reach Rs 1.50 arba.

Recently, Arun Kabeli had issued 15, 00,000 unit shares worth Rs 15 crore as part of its IPO at face value of Rs 100 for the locals of project affected people of Taplejung and Panchthar district on Jestha 3, 2073 till Jestha 17, 2073."
2016-09-07,IPO of 6 companies ; 5 Hydropower and 1 Microfinance worth Rs 60.30 crore in pipeline in SEBON,https://www.sharesansar.com/newsdetail/ipo-of-6-companies-5-hydropower-and-1-microfinance-worth-rs-60-30-crore-in-pipeline-in-sebon,"Initial Public Offering (IPO), nowadays has been receiving overwhelming over subscription from the investors.

There are five hydropower companies and one microfinance company in Securities Board of Nepal’s (Sebon) pipeline to issue public offering total of worth Rs 60.30 crore to general public.

Last year, Sebon had approved primary shares worth Rs 8.59 arba. Altogether 17 companies had floated IPO. Hydroelectricity Investment Development Company Limited (HIDCL) and Nepal Investment Bank had floated the highest IPO/FPO units. HIDCL had floated IPO worth Rs 2 arba and NIB had issued FPO of Rs 5.43 arba in the last fiscal year.

As per the official of SEBON, “We are reviewing the application sent by these six companies. As soon as the process is completed then the companies can float the primary shares.”

Investors are more inclined to get hold of primary shares as primary shares can be bought at Rs 100 par value and yield more than double in the secondary market. As secondary market is more bullish investors are opting to invest in primary market.

Arun Kabeli, Himalayan Power Partner, Nepal Hydro developer has already received comment from the regulatory body (SEBON). Akhukhola Hydropower is under review whereas Chyangdi Hydropower and Samata Microfinance have recently applied for the IPO approval.
25 MW Arun Kabeli Power Limited
will be floating 30, 00,000 units shares i.e. 20% of the paid up capital as a part of Initial Public Offering (IPO) for the general public and staff of Arun Kabeli power company.

Siddhartha Capital Limited has been assigned as the issue manager for the IPO issue.

As per the official source, “We have already received comment from Sebon and we are planning to float the IPO before Dashain festival.”

Recently, Arun Kabeli had issued 15, 00,000 unit shares worth Rs 15 crore as part of its IPO at face value of Rs 100 for the locals of project affected people of Taplejung and Panchthar district on Jestha 3, 2073 till Jestha 17, 2073.
8.4 MW
Akhukhola Jalbidhut Company Limited
is coming with its IPO worth Rs 8 crore (8, 00,000 units shares) for the locals of project affected resident. The issue manager for the IPO is Civil Capital Market Limited.

 

Damodar Joshi, CEO of Akhukhola Jalbidhyut said, ‘The IPO is on the review process in SEBON. We will be floating the IPO after we get approval from Sebon.”

After the IPO for the locals of project affected area, the company will be floating IPO shares to the general public.

Akhukhola Jalbidhut is located in Dhading district close to 132 km from Kathmandu. Ankhu Khola is one of the major tributaries of Budhi Gandaki Nadi. The catchments area of Ankhu Khola is about 633 km
2
.

It has authorized capital of Rs 1.15 arba, issued capital of Rs 80 crore and paid up capital of Rs 60 crore. The company has debt of 72.5 percent and equity at 27.5 percent.
Himalayan Power Partner Limited
is planning to issue Rs 10.65 crore (10, 65,417 unit shares) IPO for the locals of project affected district. Global IME Capital Limited has been assigned as the issue manager for the IPO.

As per the official of Global IME Capital, “We have already received comment from Sebon. However some tasks are yet to be accomplished. We will be issuing IPO after final approval from Sebon.”

The Hydropower companies have to allocate a certain percent of their shares to locals affected by the project.

After the IPO for the locals of project affected area, the company will be floating IPO shares for the general public.

Himalayan Power was established in 2061 B.S. as a private limited company with the main objectives to provide services in the fields of research, development and consultation in the energy sector. The company was transformed to the Public Limited Company in June 2013 after entry of NRN Investment Limited as a partner. The company is developing DordiKhola Hydropower Project (27 MW) in Lamjung, Nepal.
Nepal Hydro Developer Limited
is planning to issue Rs 2.60 crore (2.6 lakh unit shares) IPO for the local people of project affected area. NMB Capital Limited is the issue manager for the IPO.

As per the official of NMB Capital Limited, “Our plan is to issue IPO for locals before Dashain. We will be forwarding required documents to Sebon and as soon as the regulatory body’s final approval we will float IPO.”

Nepal Hydro Developers is located in Dolakha district. It is generating 3.52 MW Charnawati Khola Hydroelectric project. The project is a cascaded, run-of-river type with net head of 186 m. The annual generation of energy is 37.29 GWh. Nepal Hydro’s main objective is to promote hydropower sector of Nepal through private investment as a part of contribution to the overall development of the country.
Chhyangdi Hydropower Limited
will also be launching its IPO worth Rs 8.10 crore ordinary shares (8.10 lakh unit shares).

Recently the company is seeking approval from SEBON. Global IME Capital Limited is the issue manager for the IPO.

The hydropower companies have to allocate a certain percent of their shares to locals affected by the project.

Chhyangdi was established on September 2, 2007 as a private limited company. The company is developing Channdi Khola Hydropower project (2 MW) in Lamjung district, Nepal.
Samata Microfinance Bittiya Sanstha limited
will be issuing Rs 11.50 crore (11.50 lakh unit shares) IPO shares for the general public at the face value of Rs 100. NIBL Capital Markets Limited has been assigned as issue manager for the IPO.

The IPO has been seeking approval from the capital market’s regulatory body (SEBON) since Bhadra 5, 2073.

Samata Microfinance is located in Simara of Bara district of Nepal. The microfinance company’s objective is to boost agricultural production to generate income and employment among the poor by delivering poor friendly and sustainable micro-finance services."
2016-08-25,Arun Kabeli Power 6th AGM on Ashwin 1; to endorse acquisition with other hydropower companies,https://www.sharesansar.com/newsdetail/arun-kabeli-power-6th-agm-on-ashwin-1-to-endorse-acquisition-with-other-hydropower-companies,"Arun Kabeli Power Limited will be convening its 6
th
Annual General Meeting (AGM) on Ashwin 1, 2073.

The AGM will be held at Trade Tower Business Center, Second Floor, Trade Tower Nepal, Thapathali, Kathmandu at 11:00 AM.

The main agenda of the AGM is to authorize BoD to endorse acquisition process of Arun Kabeli Power Limited with other hydropower companies.

Other agendas of the AGM include financial highlights of the FY 2072/73 and appointment of auditor.

25 MW Arun Kabeli Power Limited had issued 15,00,000 unit shares worth Rs 15 crore as part of its initial public offering (IPO) at face value of Rs 100 for the locals of project affected people of Taplejung and Panchthar district from Jestha 3, 2073 till Jestha 17, 2073."
2016-07-08,Arun Kabeli  Hydropower IPO allotment for locals concludes today; Small & Big investors of core project affected areas allotted 26.1% & 5.51% respectively,https://www.sharesansar.com/newsdetail/arun-kabeli-hydropower-ipo-allotment-for-locals-concludes-today-small-big-investors-of-core-project-affected-areas-allotted-26-1-5-51-respectively,"25 MW Arun Kabeli Power Limited had been issuing 15,00,000 unit shares worth Rs 15 crore as part of its initial public offering (IPO) at face value of Rs 100 for the locals of project affected people of Taplejung and Panchthar district from Jestha 3, 2073 till Jestha 17, 2073.

Siddhartha Capital Limited was the issue manager for the IPO issue.

Of the total 15, 00,000 unit shares, the hydropower company has set aside 6, 00,000 unit shares for the core project affected area of (Nagi, Amarpur and Tharpu VDC’s) of Panchthar district and (Sablakhu, Sinam, Thumbedin and Chaksibote VDC’s) of Taplejung district  and remaining 9, 00,000 unit shares for the rest of VDC’s of Taplejung and Panchthar district.

The small investors of the core project affected areas are allotted 26.01% whereas small investors of remaining area are allotted 16.89% of the total investment.

Big Investors of the core project affected areas are allotted 5.51%, whereas big investor of the remaining area are allotted 5.39% of the total investment.

Total 4,557 applicants had applied for a total of  6, 00,000 unit shares set aside for the investors  core project affected area out of which only 3 were invalid applicants. Out of 6, 00,000 unit shares, 240,000 unit shares were set aside for retail investors and 360,000 unit shares were set aside for big investors.  The retail investors' side was oversubscribed by 3.84 times, whereas big investors' side was oversubscribed by 18.14 times.

Total 10,184 had applied for 9, 00,000 unit shares set aside  for the rest of VDC’s of Taplejung and Panchthar district out  of which only 26 were invalid applicants. Out of 9, 00,000 unit shares,
360,000 unit shares  were set aside for retail investors and  5,40,000 unit shares were set aside for big investors.  The retail investors' side was oversubscribed by 5.92 times, whereas big investors' side was oversubscribed by 5.39 times.

The authorized capital of company was Rs 1 arba 50 crore. After the IPO for the locals of project affected area, the paid up has reached Rs 1 arba 20 crore.

The company will be floating 30, 00,000units shares i.e. 20% of the paid up capital as a part of IPO for the general public and staff of Arun Kabeli power company."
2016-06-03,"Arun Kabeli Power IPO update: Rs.1 arba 95 crore collected from around 14,000 applicants; oversubsuscribed by 13 times",https://www.sharesansar.com/newsdetail/arun-kabeli-power-ipo-update-rs-1-arba-95-crore-collected-from-around-14000-applicants-oversubsuscribed-by-13-times,"25 MW Arun Kabeli Power Limited had issued 15,00,000 unit shares worth Rs 15 crore as part of its initial public offering (IPO) for the locals of project affected people of Taplejung and Panchthar district from Jestha 3, 2073 till Jestha 17, 2073.

As per the official of Arun Kabeli Power, “The total collection of the IPO reached approximately Rs 2 arba (Oversubscribed by 13 times). Around 14 thousand application forms were received.”

Siddhartha Capital Limited has been assigned as the issue manager for the IPO issue.

Of the total 15, 00,000 unit shares, the hydropower company has set aside 6, 00,000 unit shares for the core project affected area of (Nagi, Amarpur and Tharpu VDC’s) of Panchthar district and (Sablakhu, Sinam, Thumbedin and Chaksibote VDC’s) of Taplejung district  and remaining 9, 00,000 unit shares for the rest of VDC’s of Taplejung and Panchthar district.

The authorized capital of company is Rs 1 arba 50 crore. After the IPO for the locals of project affected area, the paid up will reach Rs 1 arba 20 crore.

ICRA Nepal has assigned an “[ICRANP] IPO Grade 4+”, indicating below average fundamentals to the proposed initial public offering (IPO) of Arun Kabeli Power Company.

After the IPO for the locals of project affected area, the company will be floating 30, 00,000 units shares i.e. 20% of the paid up capital as a part of IPO for the general public and staff of Arun Kabeli power company.."
2016-05-30,Last day to grab IPO share worth Rs 15 crore of Arun Kabeli for project affected resident of Panchthar & Taplejung district; already oversubscribed by 3.6 times,https://www.sharesansar.com/newsdetail/last-day-to-grab-ipo-share-worth-rs-15-crore-of-arun-kabeli-for-project-affected-resident-of-panchthar-taplejung-district-already-oversubscribed-by-3-6-times,"25 MW Arun Kabeli Power Limited has been  issuing 15,00,000 unit shares worth Rs 15 crore as part of its initial public offering (IPO) at face value of Rs 100 for the locals of project affected people of Taplejung and Panchthar district from Jestha 3, 2073. Today is the last day of the IPO.

The offer closes today (Jestha 17, 2073). The maximum closing date for the offer is Ashad 5, 2073.

As per the official of Siddhartha Capital Limited, “The total collection of the IPO reached Rs 54 crore till Jestha 14, 2073 (Oversubscribed by 3.6 times). More than 7 thousand application forms were received.”

Interested people must apply for a minimum of 50 units of share and they can apply for up to   10,000 unit of share.

Siddhartha Capital Limited has been assigned as the issue manager for the IPO issue.

Of the total 15, 00,000 unit shares, the hydropower company has set aside 6, 00,000 unit shares for the core project affected area of (Nagi, Amarpur and Tharpu VDC’s) of Panchthar district and (Sablakhu, Sinam, Thumbedin and Chaksibote VDC’s) of Taplejung district  and remaining 9, 00,000 unit shares for the rest of VDC’s of Taplejung and Panchthar district.

The authorized capital of company is Rs 1 arba 50 crore. After the IPO for the locals of project affected area, the paid up will reach Rs 1 arba 20 crore.

ICRA Nepal has assigned an “[ICRANP] IPO Grade 4+”, indicating below average fundamentals to the proposed initial public offering (IPO) of Arun Kabeli Power Company.

After the IPO for the locals of project affected area, the company will be floating 30, 00,000 units shares i.e. 20% of the paid up capital as a part of IPO for the general public and staff of Arun Kabeli power company.."
2016-05-16,Arun Kabeli issuing IPO worth Rs 15 crore for project affected resident of Panchthar & Taplejung district from today,https://www.sharesansar.com/newsdetail/arun-kabeli-issuing-ipo-worth-rs-15-crore-for-project-affected-resident-of-panchthar-taplejung-district-from-today,"25 MW Arun Kabeli Power Limited is issuing 15,00,000 unit shares worth Rs 15 crore as part of its initial public offering (IPO) at face value of Rs 100 for the locals of project affected people of Taplejung and Panchthar district from today (Jestha 3, 2073).

Of the total 15, 00,000 unit shares, the hydropower company has set aside 6, 00,000 unit shares for the core project affected area of (Nagi, Amarpur and Tharpu VDC’s) of Panchthar district and (Sablakhu, Sinam, Thumbedin and Chaksibote VDC’s) of Taplejung district  and remaining 9, 00,000 unit shares for the rest of VDC’s of Taplejung and Panchthar district.

Arun Valley Hydropower Development Company Limited (AHPC) has 24.13% stake in the Arun Kabeli power. AHPC started feasibility study of Kabeli B1 project on Kabeli River. It is located in between Panchthar and Taplejung district of Mechi Zone in Eastern Development Region of Nepal. To develop this project, Arun Valley Hydropower established one company named Arun Kabeli Power Limited on 7th January, 2011 as a subsidiary company.

The company has signed a connection agreement with Nepal Electricity Authority (NEA), Grid Department on 29th May, 2012 for the power evacuation from this project and signed Power Purchase Agreement (PPA) with NEA on 13th July, 2012.

The IPO applications will be close on Jestha 17, 2073 at the earliest. The maximum closing date for the offer is Ashad 5, 2073.

Interested people must apply for a minimum of 50 units of share and they can apply for up to   10,000 unit of share.

Siddhartha Capital Limited has been assigned as the issue manager for the IPO issue.

The authorized capital of company is Rs 1 arba 50 crore. After the IPO for the locals of project affected area, the paid up will reach Rs 1 arba 20 crore.

ICRA Nepal has assigned an “[ICRANP] IPO Grade 4+”, indicating below average fundamentals to the proposed initial public offering (IPO) of Arun Kabeli Power Company.

 

After the IPO for the locals of project affected area, the company will be floating 30, 00,000 units shares i.e. 20% of the paid up capital as a part of IPO for the general public and staff of Arun Kabeli power company..

As per the official source, “IPO for the general public will be floating within 2 months of the IPO closing of the project affected area.”

The shareholding structure of Arun Kabeli Power Limited is shown in the following table.
S.N
Shareholder
Group
Ordinary Share Units
Paid Up Amount (Rs)
Capital Structure (%)
1
Promoter
A
10,500,000.00
1,050,000,000.00
70%
2
Local People
B
1,500,000.00
150,000,000.00
10%
3
Ordinary
B
3,000,000.00
300,000,000.00
20%
Total
15,000,000.00
1,500,000,000.00
100%
The company is issuing 10% (i.e. Rs. 15 crore) of the issued capital to local people.  10% (i.e. Rs. 150 millions) will be allotted to the local people and remaining Rs. 30 crore to the general public and staffs. The total share of the company shall be listed in Nepal Stock Exchange and trade in the share market after the allotment of all the shares to the respective shareholders."
2016-05-08,Arun Kabeli to issue IPO worth Rs 15 crore (10%) for project affected resident of Panchthar & Taplejung district from Jestha 3; AHPC has 24.13% stake in the co.,https://www.sharesansar.com/newsdetail/arun-kabeli-to-issue-ipo-worth-rs-15-crore-10-for-project-affected-resident-of-panchthar-taplejung-district-from-jestha-3,"25 MW Arun Kabeli Power Limited will be  issuing 15,00,000 unit shares worth Rs 15 crore as part of its initial public offering (IPO) at face value of Rs 100 for the locals of project affected people of Taplejung and Panchthar district from Jestha 3, 2073.

Of the total 15, 00,000 unit shares, the hydropower company has set aside 6, 00,000 unit shares for the core project affected area of (Nagi, Amarpur and Tharpu VDC’s) of Panchthar district and (Sablakhu, Sinam, Thumbedin and Chaksibote VDC’s) of Taplejung district  and remaining 9, 00,000 unit shares for the rest of VDC’s of Taplejung and Panchthar district.

Arun Valley Hydropower Development Company Limited (AHPC) has 24.13% stake in the Arun Kabeli power. AHPC started feasibility study of Kabeli B1 project on Kabeli River. It is located in between Panchthar and Taplejung district of Mechi Zone in Eastern Development Region of Nepal. To develop this project, Arun Valley Hydropower established one company named Arun Kabeli Power Limited on 7th January, 2011 as a subsidiary company.

The company has signed a connection agreement with Nepal Electricity Authority (NEA), Grid Department on 29th May, 2012 for the power evacuation from this project and signed Power Purchase Agreement (PPA) with NEA on 13th July, 2012.

The IPO applications will be close on Jestha 17, 2073 at the earliest. The maximum closing date for the offer is Ashad 5, 2073.

Interested people must apply for a minimum of 50 units of share and they can apply for up to   10,000 unit of share.

Siddhartha Capital Limited has been assigned as the issue manager for the IPO issue.

The authorized capital of company is Rs 1 arba 50 crore. After the IPO for the locals of project affected area, the paid up will reach Rs 1 arba 20 crore.

ICRA Nepal has assigned an “[ICRANP] IPO Grade 4+”, indicating below average fundamentals to the proposed initial public offering (IPO) of Arun Kabeli Power Company.

After the IPO for the locals of project affected area, the company will be floating 30, 00,000 units shares i.e. 20% of the paid up capital as a part of IPO for the general public and staff of Arun Kabeli power company..

As per the official source, “IPO for the general public will be floating within 2 months of the IPO closing of the project affected area.”

The shareholding structure of Arun Kabeli Power Limited is shown in the following table.
S.N
Shareholder
Group
Ordinary Share Units
Paid Up Amount (Rs)
Capital Structure (%)
1
Promoter
A
10,500,000.00
1,050,000,000.00
70%
2
Local People
B
1,500,000.00
150,000,000.00
10%
3
Ordinary
B
3,000,000.00
300,000,000.00
20%
Total
15,000,000.00
1,500,000,000.00
100%
The company is issuing 10% (i.e. Rs. 15 crore) of the issued capital to local people.  10% (i.e. Rs. 150 millions) will be allotted to the local people and remaining Rs. 30 crore to the general public and staffs. The total share of the company shall be listed in Nepal Stock Exchange and trade in the share market after the allotment of all the shares to the respective shareholders."
2016-04-11,ICRA Nepal has assigned IPO grade 4+ to the IPO issue of Arun Kabeli Power Company,https://www.sharesansar.com/newsdetail/icra-nepal-has-assigned-ipo-grade-4-to-the-ipo-issue-of-arun-kabeli-power-company,"ICRA Nepal has assigned an “[ICRANP] IPO Grade 4+”, indicating below average fundamentals to the proposed initial public offering (IPO) of Arun Kabeli Power Company Limited.

The process of issuing  an IPO of Arun Kabeli  is on  review in SEBON.

Arun  Kabeli Power Limited is proposing to come out with an Initial Public Offer of 4,500,000 numbers of equity shares of face value NPR 100 each at par. Of the total shares, 1,500,000 shares will be issued to project affected population while remaining 3,000,000 shares will be issued for general public and staff.

Siddhartha Capital Limited has been assigned as the issue manager for the IPO issue.

ICRA Nepal assigns IPO grading on a scale of IPO Grade 1 through IPO Grade 5, with Grade 1 indicating strong fundamentals and Grade 5 indicating poor fundamentals."
