Date_Stock,Open,High,Low,Close,Volume,Sentiment_Score,MA_5,MA_10,MA_20,RSI_14,MACD,MACD_signal,Volatility_10,Decayed_Sentiment,Decayed_Prediction
2026-03-03,795.0,809.0,795.0,801.0,8852.0,0.0,797.4799999999999,789.2099999999999,792.6,50.58962264150944,-2.643955654153274,-4.191125207690644,9.909978136541854,0.0,Neutral
2026-03-01,789.1,799.5,789.0,795.0,8414.0,0.0,792.56,787.1099999999999,793.715,51.22235157159489,-3.6587162812895713,-4.577917596074986,9.34278687901792,0.0,Neutral
2026-02-26,789.0,804.0,789.0,794.0,13990.0,0.0,788.3599999999999,786.51,795.1650000000001,46.73913043478261,-4.289793063106572,-4.807717924771339,8.964801540845883,0.0,Neutral
2026-02-25,799.0,809.0,792.1,798.9,39083.0,0.0,785.3599999999999,785.81,797.465,48.26038159371492,-4.931061347344212,-4.937199140187531,8.580009065009516,0.0,Neutral
2026-02-24,786.0,807.9,778.0,798.5,33599.0,0.0,782.8399999999999,785.3199999999999,799.6949999999999,49.17309812568909,-6.176737428718866,-4.93873358839836,7.859007570940022,0.0,Neutral
2026-02-23,768.4,781.0,768.4,776.4,24081.0,0.0,780.9399999999999,785.47,800.575,26.913875598086122,-7.6361023554374015,-4.629232628318234,8.147535414677565,0.0,Neutral
2026-02-22,773.0,779.0,768.0,774.0,19011.0,0.0,781.6600000000001,787.12,803.505,22.458100558659254,-7.137530282188322,-3.877515196538442,7.768569151828996,0.0,Neutral
2026-02-17,782.1,785.0,778.0,779.0,25629.0,0.0,784.6600000000001,789.72,806.205,23.59154929577467,-6.152988759136747,-3.0625114251259715,7.221234120445785,0.0,Neutral
2026-02-16,790.0,799.9,785.0,786.3,17896.0,0.0,786.26,792.02,807.74,21.405750798722053,-5.315948651399822,-2.289892091623278,7.089083940197567,0.0,Neutral
2026-02-12,780.0,803.9,775.0,789.0,33955.0,0.0,787.8,793.3900000000001,808.48,21.224920802534342,-4.913530933504376,-1.5333779516791417,7.184002289040391,0.0,Neutral
2026-02-11,804.7,818.0,780.0,780.0,17845.0,0.0,790.0,795.99,808.78,34.04067197170646,-4.603339141812171,-0.6883397062228331,9.687385841623106,0.0,Neutral
2026-02-10,799.0,799.0,784.0,789.0,13878.0,0.0,792.5799999999999,800.32,809.4300000000001,31.300813008130078,-3.224100321989681,0.2904101526745013,11.29048763832301,0.23162539303302765,Positive
2026-02-09,787.0,798.0,785.0,787.0,22152.0,0.0,794.78,803.82,810.13,33.984375000000014,-2.3331576781872627,1.1690377713405469,12.725198099309216,0.4632507860660553,Positive
2026-02-08,816.0,816.0,794.0,794.0,25242.0,0.9265015721321106,797.78,809.1200000000001,811.53,44.36468054558505,-0.9584176829604303,2.044586633722499,15.643798913448556,0.9265015721321106,Strongly Positive
2026-02-05,793.4,809.7,793.4,800.0,29281.0,0.0,798.9799999999999,814.07,811.26,49.61240310077518,0.09746380451747427,2.7953377128932315,17.98425545982899,0.0,Neutral
2026-02-04,784.0,814.9,784.0,792.9,14639.0,0.0,801.9799999999999,815.6800000000001,810.26,49.25479063165365,0.8328257931964345,3.4698061899871706,17.292053409327856,0.0,Neutral
2026-02-03,786.0,814.9,786.0,800.0,16305.0,0.0,808.0600000000001,819.89,808.7850000000001,52.577319587628864,2.4822103563003566,4.129051289184854,16.221484381999986,0.0,Neutral
2026-02-02,813.5,816.0,798.0,802.0,18417.0,0.0,812.86,822.6899999999999,807.2900000000001,49.65229485396384,3.8284108662066956,4.540761522405979,14.757254336612034,0.0,Neutral
2026-02-01,807.0,818.0,796.0,800.0,24862.0,0.0,820.46,823.46,806.1850000000001,45.123537061118334,5.287329904433136,4.718849186455799,13.72234187981635,0.0,Neutral
2026-01-29,812.1,828.9,805.0,815.0,33067.0,0.0,829.1600000000001,823.57,805.315,57.99031476997578,7.276170860068646,4.576729006961464,13.516249479788925,0.0,Neutral
2026-01-28,823.0,825.0,812.0,823.3,32493.0,0.0,829.3799999999999,821.57,804.115,63.08157099697884,8.181547194569816,3.9018685436846674,16.14861879198322,0.0,Neutral
2026-01-27,830.1,849.9,815.2,824.0,43707.0,0.0,831.72,818.54,801.85,66.7034178610805,8.37304139323021,2.8319488809633797,18.464512509734522,-0.01674845069646835,Neutral
2026-01-26,860.3,860.3,830.0,840.0,65782.0,0.0,832.5200000000001,816.4399999999999,799.15,70.30796048808831,8.424395204709754,1.4466757528966718,18.962020520560394,-0.0334969013929367,Neutral
2026-01-25,820.0,852.0,820.0,843.5,49375.0,-0.0669938027858734,826.46,813.9399999999999,795.72,67.82511210762333,6.738313775656934,-0.2977541100565986,17.063684635308917,-0.0669938027858734,Slightly Negative
2026-01-22,827.7,837.0,815.5,816.1,41537.0,0.0,817.98,808.45,791.795,60.8978529603123,4.131885278565392,-2.056771081484982,15.229521769684894,0.0,Neutral
2026-01-21,843.5,843.9,825.0,835.0,76946.0,0.0,813.76,804.84,789.99,65.3631284916201,3.534852756407645,-3.603935171497575,17.346161919379295,0.0,Neutral
2026-01-20,823.9,845.0,812.0,828.0,59340.0,0.0,805.36,797.6800000000001,787.765,66.75603217158177,0.7970424789421031,-5.38863215347388,18.266532846225914,0.0,Neutral
2026-01-18,811.0,822.6,800.7,809.7,25747.0,0.0,800.36,791.8900000000001,785.92,64.29085673146149,-1.9962650748983606,-6.9350508115778755,16.697002392314232,0.0,Neutral
2026-01-14,795.0,812.0,795.0,801.1,26587.0,0.0,801.42,788.9100000000001,784.94,61.27562642369022,-3.669231951620077,-8.169747245747754,15.800383258363862,0.0,Neutral
2026-01-13,799.8,800.0,788.0,795.0,20932.0,0.0,798.92,787.0600000000001,784.13,61.36363636363636,-4.875539027702985,-9.294876069279674,15.289299090107109,0.0,Neutral
2026-01-12,795.0,809.0,790.5,793.0,24866.0,0.0,795.92,786.6600000000001,783.88,54.48275862068966,-5.723217673500358,-10.399710329673844,15.109761377631825,0.0,Neutral
2026-01-08,805.1,819.0,798.0,803.0,57214.0,0.0,790.0,785.1600000000001,784.4300000000001,54.295532646048116,-6.518280706158066,-11.568833493717216,15.154918526856186,0.0,Neutral
2026-01-07,785.0,836.0,784.0,815.0,80619.0,0.0,783.42,781.86,784.38,58.911260253542125,-8.456440712115295,-12.831471690607003,14.41335800183287,0.0,Neutral
2026-01-06,785.0,795.0,780.1,788.6,19772.0,0.0,776.4,777.5,783.63,49.31002759889604,-12.029053072997272,-13.92522943522993,8.760771148206363,0.0,Neutral
2026-01-05,765.2,785.0,765.2,780.0,28469.0,0.0,775.2,775.14,784.95,47.67331433998102,-13.726037532552255,-14.399273525788093,8.615902609589085,0.0,Neutral
2026-01-04,775.0,779.8,761.1,763.4,12669.0,0.0,777.4,775.14,787.15,35.82089552238807,-14.816718969547082,-14.567582524097054,8.615902609589085,0.23041534423828125,Positive
2026-01-01,779.0,779.9,770.0,770.1,11624.0,0.0,780.3199999999999,777.85,790.505,33.23442136498518,-14.303127364117813,-14.505298412734545,8.773476442609322,0.4608306884765625,Positive
2025-12-31,780.1,789.8,776.0,779.9,9746.0,0.921661376953125,780.3,779.95,793.55,38.15648445873526,-14.12173404425539,-14.555841174888728,9.214511502100521,0.921661376953125,Strongly Positive
2025-12-29,790.0,795.9,782.6,782.6,11126.0,0.0,778.6,780.97,796.0550000000001,40.60475161987043,-14.682621348078328,-14.66436795754706,9.75694054962948,0.0,Neutral
2025-12-28,785.0,795.0,776.4,791.0,18023.0,0.0,775.08,781.2,799.575,37.903225806451616,-15.45986119625843,-14.659804609914243,9.826494797236391,0.2323471903800964,Positive
2025-12-24,779.0,781.0,767.2,778.0,9293.0,0.0,772.88,781.1,806.275,25.840336134453793,-17.0823038941719,-14.459790463328197,9.720196614386802,0.4646943807601928,Positive
2025-12-23,771.1,785.0,762.2,770.0,15185.0,0.9293887615203856,775.38,783.7,809.825,17.716115261472794,-17.581024517411606,-13.80416210561727,12.00712751290713,0.9293887615203856,Strongly Positive
2025-12-22,770.0,777.0,767.2,771.4,12114.0,0.0,779.6,786.9,814.08,17.887931034482776,-17.147303938093387,-12.859946502668684,12.2126528194726,0.0,Neutral
2025-12-21,772.0,785.0,765.0,765.0,21785.0,0.0,783.3399999999999,789.76,817.625,12.814645308924526,-16.48684888684602,-11.788107143812507,11.507987564202775,0.0,Neutral
2025-12-18,790.0,795.0,779.0,780.0,16646.0,0.0,787.3199999999999,794.76,820.11,11.740041928721212,-14.752423001263423,-10.613421708054128,10.359665374263207,0.0,Neutral
2025-12-17,803.0,803.9,790.5,790.5,16537.0,0.0,789.3199999999999,799.1600000000001,822.3100000000001,7.138304652645033,-13.8513569000105,-9.578671384751804,12.514098715716008,0.0,Neutral
2025-12-16,775.0,799.9,775.0,791.1,12260.0,0.0,792.02,803.1600000000001,824.6850000000001,37.537666810159294,-13.568885521320226,-8.51050000593713,15.479821991511601,0.0,Neutral
2025-12-15,776.2,793.0,776.2,790.1,13848.0,0.0,794.2,807.15,826.625,36.310025273799496,-13.072074626754443,-7.245903627091357,17.08490236696907,0.22934214770793915,Positive
2025-12-14,780.0,800.0,780.0,784.9,22058.0,0.0,796.18,811.1400000000001,828.6700000000001,38.2857142857143,-12.146005817665014,-5.789360877175586,17.3181471936861,0.4586842954158783,Positive
2025-12-11,800.0,800.0,787.0,790.0,21522.0,0.9173685908317566,802.2,817.95,830.825,45.383177570093444,-10.25788154398856,-4.200199642053228,19.14629352003869,0.9173685908317566,Strongly Positive
2025-12-10,786.0,809.8,786.0,804.0,12570.0,0.0,809.0,831.45,833.25,46.19482496194825,-8.218015557674335,-2.685779166569395,36.75024565299402,0.0,Neutral
2025-12-09,809.0,814.7,800.0,802.0,16729.0,0.0,814.3,835.95,834.8,43.44978165938865,-6.920324563394388,-1.30272006879316,35.75724479815779,0.0,Neutral
2025-12-08,815.0,819.9,799.2,800.0,34537.0,0.0,820.1,841.26,836.15,44.677821288714846,-4.959703337045767,0.1016810548571474,34.057767917985394,0.0,Neutral
2025-12-07,818.0,818.0,813.0,815.0,22447.0,0.0,826.1,845.49,837.45,47.00374531835205,-2.1814601959674746,1.367027152832876,30.838556314382394,0.0,Neutral
2025-12-03,836.5,840.0,815.0,824.0,33265.0,0.0,833.7,845.46,839.4550000000002,49.23371647509578,-0.1309540748679865,2.2541489900329634,30.871641067847374,0.0,Neutral
2025-12-02,826.3,840.0,826.3,830.5,10038.0,0.0,853.9,845.46,842.2,48.490566037735846,1.571778524424417,2.850424756258201,30.871641067847374,0.0,Neutral
2025-12-01,834.9,839.0,820.1,831.0,15905.0,0.0,857.6,846.21,848.175,49.25373134328358,3.0604040817115674,3.170086314216647,30.557321363114657,0.0,Neutral
2025-11-30,850.0,851.0,829.0,830.0,44023.0,0.0,862.4199999999998,846.1,850.125,50.1831501831502,4.865007551824078,3.1975068723429168,30.620073299857793,0.0,Neutral
2025-11-27,906.5,906.5,850.0,853.0,87419.0,0.0,864.8799999999999,846.2,852.925,55.33596837944664,7.199392234741026,2.7806317024726264,30.563231359116557,0.0,Neutral
2025-11-26,842.0,933.0,835.0,925.0,94785.0,0.0,857.22,843.7,854.525,66.63493574488338,7.732379342977083,1.6759415694055262,30.965034043790762,0.0,Neutral
2025-11-25,852.0,855.0,840.0,849.0,26756.0,0.0,837.0200000000001,835.05,849.7800000000001,40.53198226725776,0.9692846434094236,0.16183212601263686,12.012146630244688,0.0,Neutral
2025-11-24,855.9,859.1,845.2,855.1,26889.0,0.0,834.82,833.65,849.225,28.71242709735307,0.06119963205730983,-0.040031003336559845,10.976869620547843,0.0,Neutral
2025-11-23,830.0,852.0,828.0,842.3,42443.0,0.0,829.78,831.04,845.22,45.225784212340564,-1.719828140716686,-0.06533866218502726,8.012656654725676,0.0,Neutral
2025-11-20,814.7,829.9,814.7,814.7,21822.0,0.0,827.5200000000001,829.4100000000001,841.055,37.19928186714542,-2.6647788159197034,0.3482837074478874,7.070038503735753,0.0,Neutral
2025-11-19,830.0,838.0,818.2,824.0,16740.0,0.0,830.18,833.45,838.57,38.7120651369356,-1.0219372585834208,1.101549338289785,9.007681906749026,0.0,Neutral
2025-11-18,825.0,852.0,825.0,838.0,31533.0,0.0,833.0799999999999,838.9399999999999,835.82,51.2696882031501,0.14288141654128594,1.6324209875080862,16.34776233412829,0.0,Neutral
2025-11-17,829.0,836.9,820.2,829.9,13664.0,0.0,832.4799999999999,850.14,832.8700000000001,48.71299871299871,0.2020807958235764,2.004805880249786,38.7072832652658,0.0,Neutral
2025-11-16,844.5,844.5,815.0,831.0,17326.0,0.0,832.3,854.15,831.125,57.51476113794954,1.0994286465319192,2.4554871513563383,38.453789005618354,0.0,Neutral
2025-11-13,821.9,838.0,821.9,828.0,13209.0,0.0,831.3,859.65,828.925,58.94709543568465,2.116779122941125,2.7945017775624432,38.707227289540384,0.0,Neutral
2025-11-12,835.0,839.0,805.9,838.5,28138.0,0.0,836.72,865.35,827.675,59.643138283914986,3.6899533074060855,2.9639324412177723,37.71272258063727,0.0,Neutral
2025-11-11,839.1,840.0,816.3,835.0,19210.0,0.0,844.8,864.51,824.95,58.64779874213836,4.575132672924383,2.782427224670694,38.46329996820492,-0.0028677254449576,Neutral
2025-11-10,838.0,841.0,811.0,829.0,25400.0,0.0,867.8,864.8,824.695,56.483402489626556,5.994759678761511,2.3342508626072713,38.2262853137544,-0.0057354508899152,Neutral
2025-11-09,841.1,850.0,825.0,826.0,36453.0,-0.0114709017798304,876.0,859.4,825.07,53.88861013547416,8.330432552702632,1.4191236585687115,46.716687477694585,-0.0114709017798304,Neutral
2025-11-06,862.0,941.0,854.1,855.1,109099.0,0.0,888.0,852.7,825.2700000000001,59.01986754966888,11.495885092857407,-0.3087035649647687,55.9342272475227,0.0,Neutral
2025-11-05,931.0,931.0,860.0,878.9,100770.0,0.0,893.9799999999999,843.6899999999999,824.415,60.26507979442791,12.406031642758649,-3.2598507294203127,62.38898496084246,0.0,Neutral
2025-11-04,857.1,957.0,857.0,950.0,104330.0,0.0,884.22,832.7,823.72,76.13350125944585,10.963985506192444,-7.1763213224650535,65.11743238181187,0.0,Neutral
2025-11-03,871.0,894.0,863.1,870.0,64205.0,0.0,861.8,815.6,817.1305,57.07231040564375,1.7246613754306281,-11.711398029629427,52.02864595585717,0.0,Neutral
2025-11-02,899.0,956.0,870.0,886.0,112430.0,0.0,842.8,808.1,812.4805,59.029551258664725,-1.9477074078388341,-15.070412880894441,48.60877835672593,0.0,Neutral
2025-10-30,813.5,896.0,813.5,885.0,120868.0,0.0,817.4,798.2,809.3675000000001,59.83547925608011,-8.23574600164352,-18.351089249158342,40.362276116856435,0.0,Neutral
2025-10-29,849.0,894.0,830.0,830.1,208563.0,0.0,793.4,790.0,806.8995,48.302535453373444,-16.03995895589378,-20.879925061037046,26.829544245933672,0.0,Neutral
2025-10-28,788.9,845.3,782.0,837.9,113505.0,0.0,781.18,785.3900000000001,807.535,44.620881302104,-20.177845905414642,-22.08991658732286,22.837320819709014,0.0,Neutral
2025-10-26,744.7,778.0,744.3,775.0,13075.0,0.0,769.4,784.5899999999999,807.756,40.83718563128207,-25.95998021690616,-22.567934257799912,20.84687293363703,0.0,Neutral
2025-10-19,755.0,776.0,750.1,759.0,14034.0,0.0,773.4,790.74,811.829,46.55172413793104,-26.558122844055106,-21.719922768023345,26.110415120749114,0.0,Neutral
2025-10-16,784.0,784.0,744.0,765.0,21646.0,0.0,779.0,797.8399999999999,817.2099999999999,40.26645456353152,-25.30617946497523,-20.5103727490154,26.17378671707899,0.0,Neutral
2025-10-15,789.0,789.0,750.1,769.0,41499.0,0.0,786.6,805.14,822.4979999999999,39.23911639323085,-23.951063668913662,-19.31142107002544,26.176885478095475,0.0,Neutral
2025-10-14,805.0,807.0,772.3,779.0,14564.0,0.0,789.6,814.74,828.4725000000001,39.601056028160755,-22.28033676311975,-18.15151042030338,28.910943718021567,0.0,Neutral
2025-10-13,772.0,802.0,772.0,795.0,52113.0,0.0,799.78,818.661,834.421,41.87778922073463,-20.841985886806583,-17.11930383459929,26.04170776529945,0.0,Neutral
2025-10-12,812.0,812.0,750.2,787.0,48495.0,0.0,808.08,816.861,838.4295,38.32369553523397,-20.332061882685935,-16.188633321547464,28.37630249580214,0.0,Neutral
2025-10-09,799.6,831.0,790.0,803.0,46482.0,0.0,816.6800000000001,820.5350000000001,842.384,39.09122085048009,-18.57092889004207,-15.152776181262842,26.389369597959192,0.0,Neutral
2025-10-08,818.4,820.0,780.0,784.0,36502.0,0.0,823.68,823.799,845.4445,34.32463684324635,-17.68205108648499,-14.298238004068034,25.995164699952884,0.0,Neutral
2025-10-07,837.0,902.0,815.0,829.9,64705.0,0.0,839.8799999999999,829.68,849.7790000000001,38.214587440157686,-14.355780855959779,-13.452284733463793,22.393782371202015,0.0,Neutral
2025-09-28,846.6,846.6,827.0,836.5,11749.0,0.0,837.542,830.9220000000001,852.519,37.776894014714635,-14.574893676548186,-13.226410702839797,22.7489412696229,0.0,Neutral
2025-09-25,833.0,842.0,828.0,830.0,21819.0,0.0,825.642,832.918,855.2305,41.56489262371616,-15.314562859531293,-12.889289959412698,24.126666114024758,0.0,Neutral
2025-09-24,850.0,866.9,837.0,838.0,35437.0,0.0,824.39,836.5799999999999,858.485,44.77550868578655,-15.374074247854537,-12.282971734383048,26.31449072701304,0.0,Neutral
2025-09-23,832.0,900.0,820.2,865.0,62194.0,0.0,823.918,839.8560000000001,860.9025000000001,50.16207787944688,-16.04095497625474,-11.510196106015176,28.46246268723136,0.0,Neutral
2025-09-21,761.5,836.4,761.5,818.21,67376.0,0.0,819.4799999999999,842.2049999999999,862.009,37.099311701081604,-19.407905215394635,-10.377506388455284,31.568045112455486,0.0,Neutral
2025-09-18,807.3,807.3,762.0,777.0,4446.0,0.0,824.302,850.1810000000002,865.7615,19.438138479001097,-18.65898853567296,-8.119906681720446,34.74779399872081,0.0,Neutral
2025-09-08,836.0,843.0,820.1,823.74,27402.0,0.0,840.1940000000001,859.9979999999999,871.506,25.278618348217535,-13.235767776673015,-5.485136218232317,23.97206513144776,0.0,Neutral
2025-09-07,835.0,855.0,835.0,835.64,32611.0,0.0,848.7700000000001,864.233,875.45,26.768268855021446,-10.88022756752514,-3.5474783286221427,20.317088620166125,0.0,Neutral
2025-09-04,835.7,855.0,835.7,842.81,29503.0,0.0,855.7940000000001,867.0899999999999,879.7610000000001,33.1917850525015,-8.92708020868497,-1.7142910188963936,17.68826729783526,0.0,Neutral
2025-09-03,850.5,869.0,841.1,842.32,28942.0,0.0,864.9300000000001,869.878,884.0210000000001,32.740158693475095,-7.034341867639,0.08890627855075062,15.497617594674487,0.0,Neutral
2025-09-02,860.7,875.0,855.1,856.46,21812.0,0.0,876.0600000000001,874.116,889.1595000000001,34.89326765188835,-4.4663108669930125,1.8697183150981882,12.658889015657811,0.0,Neutral
2025-09-01,870.0,874.6,857.0,866.62,26545.0,0.0,879.802,877.543,894.2575,38.81957348907177,-2.563314049921246,3.4537256106209884,11.96789506228373,0.0,Neutral
2025-08-31,881.0,896.0,864.0,870.76,46515.0,0.0,879.6960000000001,880.39,898.3219999999999,36.68060200668896,-1.131586271769038,4.957985525756547,12.457063145935338,0.0,Neutral
2025-08-28,900.0,912.0,883.0,888.49,90750.0,0.0,878.3860000000001,881.949,902.893,36.223268103377094,0.2907511653892243,6.480378475137941,12.08803673976102,0.0,Neutral
2025-08-27,876.0,902.0,870.0,897.97,99951.0,0.0,874.826,881.8130000000001,907.2254999999999,37.24741042621839,0.29670547732018804,8.02778530257512,12.013690384984017,0.0,Neutral
2025-08-26,870.0,880.0,848.0,875.17,70977.0,0.0,872.1719999999999,881.342,912.8755000000001,18.80242727110472,-0.6652467351216274,9.960555258888853,11.38578821746331,0.0,Neutral
2025-08-25,881.4,897.6,863.0,866.09,40346.0,0.0,875.284,883.0139999999999,918.3885,10.30865789699942,0.4380833025998072,12.617005757391473,11.604292500795937,0.0,Neutral
2025-08-24,870.0,880.0,862.2,864.21,27569.0,0.0,881.0840000000001,886.667,924.558,16.503921882503604,2.7644706117991973,15.661736371089388,11.43321579140791,0.0,Neutral
2025-08-21,877.0,892.0,866.0,870.69,38423.0,0.0,885.5120000000001,892.432,930.7315000000001,15.535297219920153,5.884994477551118,18.886052810911934,13.242792421187012,0.0,Neutral
2025-08-20,890.0,895.0,880.0,884.7,41811.0,0.0,888.8,898.1640000000001,935.72,15.659173754556505,9.122535928346451,22.13631739425214,15.066022257589266,0.0,Neutral
2025-08-19,900.0,910.0,887.0,890.73,33395.0,0.0,890.512,904.2029999999999,940.9405,12.769383205350508,11.695651948403793,25.38976276072856,20.27297108630468,0.0,Neutral
2025-08-18,900.0,909.0,890.0,895.09,90569.0,0.0,890.744,910.972,943.961,25.270995291798997,14.195801458391202,28.81329046380975,25.817108797580577,0.0,Neutral
2025-08-17,885.0,910.0,880.1,886.35,70488.0,0.0,892.25,916.2539999999999,942.8390000000002,21.026015620610252,16.736489720834925,32.46766271516439,27.551750579580606,0.0,Neutral
2025-08-14,911.0,911.0,880.1,887.13,56779.0,0.0,899.3520000000001,923.8369999999999,939.899,21.911838650203975,20.62578288896009,36.40045596374675,28.81323000520276,0.0,Neutral
2025-08-13,900.0,914.8,890.0,893.26,51310.0,0.0,907.5279999999999,932.6379999999999,935.4965,29.69276094276094,25.21050569061856,40.34412423244341,29.78037750673731,0.0,Neutral
2025-08-12,920.6,920.6,891.0,891.89,63014.0,0.0,917.894,944.409,930.5445,26.55767746913581,30.071435438326148,44.12752886789962,35.24761440311094,0.0,Neutral
2025-08-11,928.0,928.0,884.0,902.62,205708.0,0.0,931.2,953.7630000000001,923.735,39.658994032395576,35.97783761902474,47.64155222529298,32.026122688263094,-0.00997503381222485,Neutral
2025-08-07,921.0,942.9,920.0,921.86,84272.0,0.0,940.258,962.449,917.449,58.373319720946064,41.90073149156683,50.55748087686004,28.159633224396345,-0.0199500676244497,Neutral
2025-08-06,945.0,952.0,925.0,928.01,123210.0,-0.0399001352488994,948.3219999999999,969.0310000000002,909.5885000000001,65.09314903846153,46.89205084900675,52.721668223183336,25.149759640981873,-0.0399001352488994,Neutral
2025-08-05,970.0,970.0,938.1,945.09,102536.0,0.0,957.7479999999999,973.2760000000001,900.9095,71.21066852610477,51.95454136197202,54.179072566727484,20.633610768173195,0.0,Neutral
2025-08-04,966.0,971.0,935.0,958.42,97980.0,0.0,970.924,977.6780000000001,891.3639999999999,74.45490289526984,55.92136319689166,54.73520536791634,18.541850441013054,0.0,Neutral
2025-08-03,962.0,974.0,943.0,947.91,150890.0,0.0,976.326,976.95,881.0424999999999,76.42207131663595,58.81383232877977,54.438665910672505,19.500133902651644,0.0,Neutral
2025-07-31,978.0,990.1,956.0,962.18,162386.0,0.0,984.64,969.424,871.3969999999999,74.99325527437543,62.72030991415272,53.344874306145684,37.84626598342363,0.0,Neutral
2025-07-30,1005.0,1020.0,970.2,975.14,200441.0,0.0,989.74,955.961,860.8774999999999,78.4484389782403,65.34115497891389,51.00101540414393,58.83526086549066,0.0,Neutral
2025-07-29,995.0,1038.8,986.2,1010.97,364075.0,0.0,988.8040000000001,938.3550000000001,850.018,87.25097287564617,66.41632588006132,47.41598051045144,76.22947304757145,0.0,Neutral
2025-07-28,981.0,1000.0,965.0,985.43,198920.0,0.0,984.432,916.68,837.4195,86.2404011910359,63.174433817452154,42.665894168048965,83.73390180273775,0.0,Neutral
2025-07-27,995.0,1025.0,972.0,989.48,322122.0,0.0,977.574,893.707,824.8924999999999,87.43655222421894,60.71813618383169,37.53875925569817,93.69733033668435,0.0,Neutral
2025-07-24,971.0,990.4,963.0,987.68,289719.0,0.0,954.208,872.449,812.579,86.53894472361812,56.2874706778822,31.74391502366479,93.66909219279245,0.0,Neutral
2025-07-23,995.0,995.0,950.8,970.46,403643.0,0.0,922.182,850.146,800.124,85.91937974309278,49.996876222246556,25.608026110110437,89.64949800937576,0.0,Neutral
2025-07-22,950.0,1020.0,950.0,989.11,334269.0,0.0,887.906,828.543,788.603,89.59575196985269,42.99387200836611,19.510813582076405,83.23493551388044,0.0,Neutral
2025-07-21,872.0,958.0,870.0,951.14,563412.0,0.0,848.9280000000001,805.05,775.9155,87.67746489920779,31.531217582527916,13.640048975503976,63.75419306471751,0.0,Neutral
2025-07-20,839.0,893.5,814.0,872.65,500151.0,0.0,809.8399999999999,785.135,765.1475,84.33698903290131,20.308102768712274,9.16725682374799,39.564823672326064,0.0,Neutral
2025-07-17,815.0,850.6,802.0,827.55,146596.0,0.0,790.69,773.37,758.117,75.74166768404345,13.679645638806278,6.382045337506919,25.719573609738394,0.0,Neutral
2025-07-16,794.0,811.0,794.0,799.08,183687.0,0.0,778.11,765.7940000000001,753.9639999999999,71.61023003286184,9.612347329161935,4.557645262182079,17.98065145279189,0.0,Neutral
2025-07-15,740.6,824.0,740.6,794.22,129816.0,0.0,769.1800000000001,761.6809999999999,751.8215,69.83452921364771,7.1799433437007565,3.2939697454371144,13.719966350789827,0.0,Neutral
2025-07-14,775.1,775.1,750.0,755.7,26434.0,0.0,761.1719999999999,758.159,750.28,59.89877360327042,4.465712171803716,2.322476345871204,7.5901521723976995,0.0,Neutral
2025-07-13,779.9,794.5,769.0,776.9,36631.0,0.0,760.4300000000001,756.0780000000001,749.3025,75.08540751586142,4.858446753537919,1.786667389388076,10.596580999975954,0.0,Neutral
2025-07-10,765.0,765.7,755.0,764.65,27362.0,0.0,756.05,752.7090000000001,747.554,72.19877467665081,3.130505121445367,1.0187225483506153,8.360727573347447,0.0,Neutral
2025-07-09,752.0,758.0,750.5,754.43,10048.0,0.0,753.4780000000001,750.1020000000001,746.4895,56.56712473572935,2.1267613638081,0.49077690507692734,8.287826145764026,0.0,Neutral
2025-07-08,750.0,756.0,750.0,754.18,10911.0,0.0,754.182,748.663,745.755,48.82413674429272,1.8552664387683535,0.08178079039413405,8.692254598215232,0.0,Neutral
2025-07-07,749.1,761.0,749.1,751.99,16759.0,0.0,755.146,746.781,745.057,43.813761667028444,1.5072090407901442,-0.36159062169942086,9.375564516347898,0.0,Neutral
2025-07-06,755.0,758.0,749.1,755.0,17323.0,0.0,751.726,745.16,744.337,58.09916645183468,1.2640200122319811,-0.8287905373218121,9.767990808997169,0.0,Neutral
2025-07-03,751.0,761.0,750.0,751.79,15910.0,0.0,749.368,742.8639999999999,743.566,54.144947032117045,0.628763906512404,-1.3519931747102603,9.895652468533653,0.0,Neutral
2025-07-02,766.9,768.0,755.0,757.95,19469.0,0.0,746.726,742.134,742.484,56.38735662376326,0.1356368202084468,-1.8471824450159262,9.421941531470239,0.0,Neutral
2025-07-01,745.0,760.0,738.0,759.0,18531.0,0.0,743.144,741.962,741.1385,58.2462750470971,-1.1229455600589517,-2.3428872613220193,9.111728461481812,0.0,Neutral
2025-06-30,743.21,750.0,732.0,734.89,15136.0,0.0,738.4159999999999,742.4010000000001,740.0905,47.13902308105205,-2.819929680908558,-2.647872686637786,10.07830943716909,0.0,Neutral
2025-06-29,733.0,744.4,732.0,743.21,6931.0,0.0,738.594,742.5269999999999,740.7055,53.2128973244912,-2.490044981615938,-2.604858438070093,9.981382725420913,0.0,Neutral
2025-06-26,745.0,745.0,731.0,738.58,7620.0,0.0,736.36,742.399,741.1215,49.41051638764442,-2.8799005838773155,-2.633561802183632,9.979857992766027,0.0,Neutral
2025-06-25,731.5,744.9,730.4,740.04,6203.0,0.0,737.542,742.877,742.057,55.329238064446585,-2.8641904531799582,-2.571977106760211,9.890691527345675,0.0,Neutral
2025-06-24,740.0,750.0,735.0,735.36,9868.0,0.0,740.78,742.847,743.368,52.42696629213485,-2.9511322070435426,-2.498923770155274,9.90070261256447,0.0,Neutral
2025-06-23,735.1,741.0,730.3,735.78,10799.0,0.0,746.386,743.333,745.1105,48.817744297970286,-2.5426668498724894,-2.3858716609332067,9.60728433129983,0.0,Neutral
2025-06-22,731.4,741.0,731.3,732.04,12670.0,0.0,746.4599999999999,743.514,746.7009999999999,42.499257352213064,-2.027095912539721,-2.3466728636983856,9.465174999861018,0.0,Neutral
2025-06-19,751.0,758.0,743.0,744.49,28265.0,0.0,748.4379999999999,744.268,747.8035,46.210163652024136,-0.9587548847069911,-2.426567101488051,8.720629182206231,0.0,Neutral
2025-06-18,771.1,772.0,756.0,756.23,20225.0,0.0,748.212,742.8340000000001,748.6160000000001,49.39010356731879,-0.8488540835868434,-2.793520155683316,9.793135010483171,0.0,Neutral
2025-06-17,737.0,773.0,731.0,763.39,87603.0,0.0,744.914,740.315,748.3304999999999,48.38236951865629,-1.8915791834865558,-3.279686673707434,9.185383618687212,0.0,Neutral
2025-06-16,740.0,740.0,732.0,736.15,12898.0,0.0,740.28,737.78,747.389,23.968205441760958,-3.9239798865079365,-3.6267135462626534,4.317911017585716,0.0,Neutral
2025-06-15,736.0,743.0,734.0,741.93,12858.0,0.0,740.568,738.884,747.2815,29.392868615483465,-3.68745889456045,-3.5523969612013326,5.180114112879325,0.0,Neutral
2025-06-12,740.0,747.9,735.2,743.36,22158.0,0.0,740.098,739.8439999999999,746.7185,42.782187542042244,-3.920445426372112,-3.5186314778615535,6.522860994669578,0.0,Neutral
2025-06-11,735.2,746.0,735.0,739.74,13621.0,0.0,737.456,741.237,746.3945,36.42709410548088,-4.306396302591793,-3.4181779907339136,8.534411455344232,0.0,Neutral
2025-06-10,746.0,747.0,740.0,740.22,11648.0,0.0,735.716,743.889,746.7715,44.087256027554574,-4.367789656565378,-3.1961234127694436,11.590724692145148,0.0,Neutral
2025-06-09,754.3,754.3,732.1,737.59,5215.0,0.0,735.28,746.888,747.3835,46.14619042353207,-4.431491142450682,-2.9032068518204595,14.136232249875786,0.0,Neutral
2025-06-08,730.15,745.0,728.2,739.58,19381.0,0.0,737.2,749.888,748.754,52.818181818181834,-4.180557531454042,-2.521135779162903,15.094581662164515,0.0,Neutral
2025-06-05,730.0,745.0,730.0,730.15,16604.0,0.0,739.59,751.339,749.2885,49.72012917115178,-4.0020850675063,-2.1062803410901187,14.685463296144793,0.0,Neutral
2025-06-04,748.0,750.0,730.0,731.04,15325.0,0.0,745.018,754.3979999999999,749.0175,47.0270820606801,-2.755931703449278,-1.6323291594860732,12.852996883570526,0.0,Neutral
2025-06-03,757.0,757.0,737.1,738.04,15162.0,0.0,752.062,756.3460000000001,748.4014999999999,45.453650856130686,-1.215918766729942,-1.3514285234952719,10.101107970039784,0.0,Neutral
2025-06-02,766.5,780.0,742.1,747.19,10909.0,0.0,758.496,756.9979999999999,747.943,47.30158730158732,0.05465656365333871,-1.3853059626866042,8.930848908272896,0.0,Neutral
2025-05-28,754.0,755.0,750.0,751.53,17047.0,0.0,762.576,755.679,747.482,43.637222484648085,0.7439413444166121,-1.74529659427159,11.220784731924102,0.0,Neutral
2025-05-27,754.0,764.0,754.0,757.29,6265.0,0.0,763.0880000000001,753.5930000000001,746.9014999999999,53.056958717993375,1.171007499581151,-2.3676060789436404,13.73509701458957,0.0,Neutral
2025-05-26,780.0,784.0,765.0,766.26,24343.0,0.0,763.778,751.552,746.219,65.8040946799604,1.1125936467243491,-3.252259473574838,14.613067819978951,0.0,Neutral
2025-05-25,778.0,782.1,760.1,770.21,36459.0,0.0,760.63,749.654,745.366,69.29186961408767,0.10854405785312338,-4.3434727536496345,13.69418546521677,0.0,Neutral
2025-05-22,755.2,778.0,755.2,767.59,32636.0,0.0,755.5,747.879,744.4825000000001,63.732444318343035,-1.5767489673294222,-5.456476956525323,11.745423174826822,0.0,Neutral
2025-05-21,771.0,790.0,752.0,754.09,10661.0,0.0,748.7819999999999,747.62,744.2405000000001,55.901303265485424,-3.4380975344923854,-6.426408953824298,11.281888139855138,0.0,Neutral
2025-05-20,740.0,764.0,736.0,760.74,8292.0,0.0,744.098,747.2379999999999,744.6585,57.893539581437686,-4.389301014260354,-7.173486808657275,11.101708377051429,0.0,Neutral
2025-05-19,745.0,759.0,745.0,750.52,12625.0,0.0,739.3259999999999,743.637,744.6745000000001,52.743659275801555,-6.216629077320476,-7.869533257256505,12.036358853268698,0.0,Neutral
2025-05-18,731.5,770.0,731.0,744.56,26346.0,0.0,738.678,740.457,745.7485,48.14370299247876,-7.417958654865174,-8.282759302240512,14.048418693148443,0.0,Neutral
2025-05-15,741.0,752.0,730.3,734.0,9801.0,0.0,740.258,738.888,747.0875,42.128057065217405,-8.236558098860428,-8.498959464084345,14.410755859588843,0.0,Neutral
2025-05-14,730.3,745.0,730.1,730.67,13672.0,0.0,746.458,739.2850000000001,748.7935,37.13093709884466,-8.086384180485538,-8.564559805390324,14.31550460942438,0.0,Neutral
2025-05-13,750.0,762.2,734.1,736.88,14118.0,0.0,750.3779999999999,740.2099999999999,750.2955000000001,39.231870630843055,-7.438032972952783,-8.684103711616519,13.99218750272225,0.0,Neutral
2025-05-11,750.0,755.0,743.1,747.28,15365.0,0.0,747.948,740.886,751.8945,43.72037914691945,-7.134602406640624,-8.995621396282452,13.976718896484062,0.0,Neutral
2025-05-08,752.0,767.0,750.0,752.46,19606.0,0.0,742.2360000000001,741.078,752.662,41.53966054728094,-7.702447721541944,-9.460876143692907,14.087065619851456,0.0,Neutral
2025-05-07,755.0,765.2,755.0,765.0,18165.0,0.0,737.518,741.086,753.192,46.94015444015442,-8.84260741115736,-9.900483249230648,14.094268496260005,0.0,Neutral
2025-05-06,730.0,770.0,720.5,750.27,33183.0,0.0,732.112,740.861,752.6270000000001,40.30839396242805,-11.446046034467827,-10.16495220874897,13.682019384749744,0.0,Neutral
2025-05-05,728.0,747.6,720.3,724.73,7831.0,0.0,730.042,742.0790000000001,753.795,25.67604110329907,-13.102710662264599,-9.844678752319256,15.083100513864212,0.0,Neutral
2025-05-04,740.0,740.0,718.0,718.72,13795.0,0.0,733.824,745.712,756.284,17.056504599211593,-12.426195904837527,-9.03017077483292,14.812918386034507,0.0,Neutral
2025-04-30,725.3,745.0,725.3,728.87,17971.0,0.0,739.9200000000001,751.04,758.9865000000001,26.614020504294842,-10.770045128560355,-8.181164492331767,13.554080976270662,0.0,Neutral
2025-04-29,739.92,744.0,735.0,737.97,9687.0,0.0,744.654,755.287,761.4855,30.24720516454107,-9.532993844969383,-7.53394433327462,12.44378028486342,0.0,Neutral
2025-04-28,741.0,750.0,735.6,739.92,19632.0,0.0,749.61,758.3019999999999,763.1015,40.28482797518324,-8.74195029616817,-7.034181955350929,11.389732998536278,0.0,Neutral
2025-04-27,740.0,760.0,735.0,743.64,17016.0,0.0,754.116,760.381,763.5135,32.79008378285319,-7.803680889572206,-6.6072398701466195,9.382088668198545,0.0,Neutral
2025-04-24,755.0,755.0,739.0,749.2,20764.0,0.0,757.6,762.903,763.1975,34.651303820497276,-6.871363488577799,-6.3081296152902215,7.60292202600334,0.0,Neutral
2025-04-23,768.9,771.9,751.0,752.54,16686.0,0.0,762.16,764.246,763.7035,37.48917748917747,-6.147549446020207,-6.167321146968326,5.911435621848568,0.0,Neutral
2025-04-22,762.0,770.0,757.0,762.75,5978.0,0.0,765.92,765.298,763.372,39.50729927007296,-5.474353348849945,-6.172264072205355,4.318111212624072,0.0,Neutral
2025-04-21,755.0,771.0,750.0,762.45,8737.0,0.0,766.9939999999999,764.393,764.2755,45.387149917627724,-5.575047008841921,-6.346741753044207,5.653374705050406,0.0,Neutral
2025-04-20,766.0,780.0,760.0,761.06,10448.0,0.0,766.646,765.511,765.253,56.10102156640181,-5.591931687466854,-6.539665439094778,6.2954435904187545,0.0,Neutral
2025-04-17,771.0,781.0,761.0,772.0,15764.0,0.0,768.206,766.856,766.67,66.41734519977278,-5.390618216366761,-6.776598877001758,6.664781733537542,0.0,Neutral
2025-04-16,777.0,783.0,761.4,771.34,24362.0,0.0,766.3320000000001,766.933,767.72,54.73377441713926,-6.169150939197266,-7.123094042160507,6.734894291022759,0.0,Neutral
2025-04-15,750.1,778.0,750.1,768.12,7615.0,0.0,764.676,767.684,768.7030000000001,58.09697411593148,-7.0059086917672175,-7.361579817901316,7.638953098729033,0.0,Neutral
2025-04-13,769.0,770.0,753.6,760.71,18883.0,0.0,761.792,767.9010000000001,770.447,43.8931065897358,-7.644157187712722,-7.450497599434841,7.683407013393867,0.0,Neutral
2025-04-10,763.0,773.0,761.0,768.86,9936.0,0.0,764.376,766.646,772.4114999999999,45.833333333333336,-7.593133890716558,-7.4020827023653695,9.738577582659284,0.0,Neutral
2025-04-09,760.0,774.0,760.0,762.63,11388.0,0.0,765.506,763.492,774.3185000000001,41.57381177211205,-8.24738220777624,-7.354319905277571,13.371588287615008,0.0,Neutral
2025-04-08,741.1,770.0,740.0,763.06,23326.0,0.0,767.5339999999999,763.1610000000001,777.187,40.76039995062336,-8.328151773074069,-7.131054329652904,13.436109266538907,0.0,Neutral
2025-04-07,785.0,785.0,749.0,753.7,21446.0,0.0,770.692,761.446,781.534,37.94129057286953,-8.353888174263943,-6.831779968797612,14.50262750140815,0.0,Neutral
2025-04-03,785.0,785.0,761.0,773.63,56015.0,0.0,774.01,764.158,784.449,39.991821713351065,-7.31220789833867,-6.451252917431029,15.401074132819195,0.0,Neutral
2025-04-02,785.0,803.0,761.0,774.51,24050.0,0.0,768.9159999999999,764.995,786.2675,41.43768894860598,-7.905522049454589,-6.2360141722041185,16.180750737978453,0.0,Neutral
2025-04-01,790.0,799.0,765.0,772.77,25469.0,0.0,761.4780000000001,766.484,788.042,38.894296281876585,-8.637417245250504,-5.818637202891501,17.76153096504813,0.0,Neutral
2025-03-30,775.0,792.0,756.1,778.85,28304.0,0.0,758.7880000000001,768.5070000000001,790.6034999999999,37.2228777246476,-9.268782862499165,-5.11394219230175,19.612657505921526,0.0,Neutral
2025-03-27,740.1,776.9,740.1,770.29,52877.0,0.0,752.2,769.722,792.1110000000001,28.158053378637575,-10.558870863241964,-4.075232024752396,20.67231686203983,0.0,Neutral
2025-03-26,749.9,752.0,737.1,748.16,13932.0,0.0,754.3059999999999,772.993,793.8515,33.90642331350206,-11.180345062542983,-2.4543223151300038,23.20490946617667,0.0,Neutral
2025-03-25,746.8,755.0,735.0,737.32,19917.0,0.0,761.0740000000001,778.177,797.3185000000001,30.823218997361494,-9.557712566922987,-0.27281662827675857,22.82827683670935,0.0,Neutral
2025-03-24,746.0,775.0,738.0,759.32,13524.0,0.0,771.49,785.1450000000001,800.8525000000001,34.87164179104481,-6.243913089721673,2.0484073563847986,19.339403213821132,0.0,Neutral
2025-03-23,780.0,784.0,744.8,745.91,32498.0,0.0,778.226,791.213,803.2365000000001,26.771372479029083,-4.163479384788843,4.121487467911416,19.849004481055502,0.0,Neutral
2025-03-20,787.0,787.0,772.0,780.82,30109.0,0.0,787.2439999999999,801.6220000000001,807.441,40.4912943717101,-0.0821479376231764,6.192729181086481,20.725517176231484,0.0,Neutral
2025-03-19,773.7,813.9,773.7,782.0,27166.0,0.0,791.68,804.74,810.825,42.345924453280304,1.5738372613063802,7.761448460763895,19.56097020997659,0.0,Neutral
2025-03-18,789.3,799.0,789.3,789.4,32097.0,0.0,795.28,807.5400000000001,813.075,40.98781270044899,3.544438918685046,9.308351260628273,17.87563207895741,0.0,Neutral
2025-03-17,789.0,800.0,778.0,793.0,74233.0,0.0,798.8,809.6,814.105,45.364647713226205,5.254633195285578,10.74932934611408,16.701297354797234,0.0,Neutral
2025-03-16,795.1,808.0,785.0,791.0,42846.0,0.0,804.2,812.7,814.855,45.024875621890544,6.994486498214997,12.123003383821207,16.14551881414139,0.0,Neutral
2025-03-12,805.0,813.0,800.0,803.0,26425.0,0.0,816.0,814.5,816.105,42.14202561117578,9.317070364889105,13.405132605222757,14.362373681874068,0.0,Neutral
2025-03-11,810.0,822.0,795.0,800.0,47820.0,0.0,817.8,814.7099999999999,816.355,37.052856380138806,10.924192749409372,14.427148165306168,14.189859446489299,0.0,Neutral
2025-03-10,810.0,852.7,802.0,807.0,172495.0,0.0,819.8,816.4599999999999,816.5550000000001,45.04459861248761,13.122022516569245,15.302887019280366,13.220119347251028,0.0,Neutral
2025-03-09,860.0,860.0,805.0,820.0,115151.0,0.0,820.4,816.56,815.81,52.42954324586978,15.023659455503093,15.848103144958145,13.14417488218026,0.0,Neutral
2025-03-06,818.6,893.0,807.0,850.0,316881.0,0.0,821.2,815.26,814.2099999999999,61.81102362204725,15.908677374571425,16.054214067321908,13.406399798438228,0.0,Neutral
2025-03-05,826.0,826.0,801.0,812.0,78146.0,0.0,813.0,813.26,809.455,48.6468200270636,13.752337665824825,16.09059824050953,8.082793796427723,0.0,Neutral
2025-03-04,805.1,820.0,805.0,810.0,39808.0,0.0,811.6200000000001,816.91,806.155,50.65019505851755,14.669120980612774,16.675163384180703,13.723576631314408,0.0,Neutral
2025-03-03,829.2,840.0,790.1,810.0,64535.0,0.0,813.1200000000001,818.6099999999999,803.405,51.90114068441065,15.829537197223999,17.176673985072682,13.825053747132737,0.0,Neutral
2025-03-02,792.9,824.7,792.9,824.0,80345.0,0.0,812.72,818.6099999999999,799.105,60.24405908798972,17.080402445375398,17.513458182034853,13.825053747132737,0.0,Neutral
2025-02-27,821.0,840.0,805.1,809.0,49537.0,0.0,809.32,817.01,793.955,57.251381215469614,17.00306459926503,17.621722116199717,14.055876588340897,0.0,Neutral
2025-02-25,833.8,833.8,805.0,805.1,40157.0,0.0,813.52,817.7099999999999,789.51,64.42528735632186,18.184308808785772,17.776386495433385,13.784326848514128,0.0,Neutral
2025-02-24,823.0,831.0,808.0,817.5,66928.0,0.0,822.2,818.0,785.5049999999999,70.96774193548387,19.824597835355462,17.67440591709529,13.517478397327737,0.22545693814754486,Positive
2025-02-23,791.1,825.0,776.1,808.0,99099.0,0.0,824.1,816.65,780.8799999999999,65.58823529411765,20.36729986075352,17.136857937530245,14.228394927827479,0.4509138762950897,Positive
2025-02-20,830.0,832.9,805.8,807.0,49204.0,0.9018277525901794,824.5,815.0600000000001,776.2299999999999,70.75,21.73100608428706,16.329247456724424,16.071451569648765,0.9018277525901794,Strongly Positive
2025-02-18,865.4,865.4,825.0,830.0,87440.0,0.0,824.7,813.1600000000001,772.075,80.27777777777777,23.257321939280246,14.978807799833763,18.122435450752292,0.0,Neutral
2025-02-17,830.0,856.8,825.0,848.5,131606.0,0.0,821.9,805.65,766.775,89.5320197044335,22.525349493264002,12.909179264972144,24.726155742003666,0.0,Neutral
2025-02-16,826.2,830.7,805.0,827.0,179934.0,0.0,813.8,795.4,760.6,84.97942386831276,19.37980866953751,10.505136707899178,26.191219902862077,0.0,Neutral
2025-02-13,814.0,816.0,805.0,810.0,60712.0,0.0,809.2,788.2,755.825,82.9968944099379,17.27215752842426,8.286468717489594,26.43444722327485,0.0,Neutral
2025-02-12,819.0,830.0,805.1,808.0,56716.0,0.0,805.6200000000001,779.6,752.075,83.99122807017545,16.061705962444535,6.040046514755928,31.964946078132368,0.0,Neutral
2025-02-11,808.0,819.9,798.4,816.0,87794.0,0.0,801.6200000000001,770.9,748.675,83.44226579520699,14.4867411496856,3.534631652833776,35.06552596370505,0.0,Neutral
2025-02-10,804.0,820.0,790.0,808.0,72969.0,0.0,789.4,761.3100000000001,744.875,82.35747303543914,11.45125164467811,0.7966042786208201,34.46942123100118,0.0,Neutral
2025-02-09,792.1,805.0,781.0,804.0,73718.0,0.0,777.0,753.01,742.075,81.15141955835963,8.224845016182257,-1.867057562893502,31.872713861375413,0.0,Neutral
2025-02-06,792.7,798.0,770.0,792.1,46164.0,0.0,767.2,745.11,738.575,74.95881383855026,4.394415537393911,-4.390033207662442,27.291246052743023,0.0,Neutral
2025-02-05,759.0,789.4,750.0,788.0,69691.0,0.0,753.5799999999999,737.4,736.1200000000001,71.93708609271525,0.6531122311965873,-6.58614539392653,23.111853620556992,0.0,Neutral
2025-02-04,741.0,764.5,741.0,754.9,57053.0,0.0,740.18,730.99,733.2700000000001,58.03667745415317,-3.7141965302582776,-8.395959800207308,14.975643187829542,0.0,Neutral
2025-02-03,765.0,770.0,745.1,746.0,24218.0,0.0,733.22,727.9,732.225,53.579952267303106,-5.864264127165825,-9.566400617694566,12.472725800289028,0.0,Neutral
2025-02-02,734.0,758.7,732.0,755.0,37515.0,0.0,729.0200000000001,725.8,731.525,51.72811059907834,-7.617052018096501,-10.491934740326752,10.733229813179987,0.0,Neutral
2025-01-28,732.0,735.4,721.6,724.0,11441.0,0.0,723.0200000000001,723.45,730.725,43.22493224932249,-10.659816896802909,-11.210655420884315,4.235366965642327,0.0,Neutral
2025-01-27,712.0,730.0,712.0,721.0,24176.0,0.0,721.22,724.55,732.525,36.21553884711779,-11.23207582348914,-11.348365051904665,5.602033361030213,0.0,Neutral
2025-01-26,724.0,733.0,715.0,720.1,12524.0,0.0,721.8,726.45,734.29,44.004400440044016,-11.493656114299824,-11.377437359008546,7.245266654112946,0.0,Neutral
2025-01-23,732.0,735.8,721.0,725.0,7607.0,0.0,722.5799999999999,728.4399999999999,736.385,44.943820224719104,-11.56871086927174,-11.348382670185725,8.000861064790719,0.0,Neutral
2025-01-22,715.0,740.0,715.0,725.0,10224.0,0.0,722.5799999999999,731.14,738.5200000000001,46.15384615384615,-11.995144962064956,-11.293300620414222,10.783031938099606,0.0,Neutral
2025-01-21,720.0,726.0,715.0,715.0,5632.0,0.0,723.8799999999999,732.04,739.82,36.36363636363636,-12.364955095600067,-11.117839535001536,10.587434900771456,0.0,Neutral
2025-01-20,730.0,733.0,720.0,723.9,5185.0,0.0,727.8799999999999,734.8399999999999,742.96,31.968031968031966,-11.638931591921619,-10.806060644851904,9.190599061617165,0.0,Neutral
2025-01-19,720.0,734.9,712.0,724.0,9388.0,0.0,731.1,735.55,746.595,34.426229508196755,-11.449149860434886,-10.597842908084473,8.499836599753385,0.0,Neutral
2025-01-16,740.0,740.0,722.0,725.0,6830.0,0.0,734.3,736.55,748.895,32.93357933579337,-11.05056808882182,-10.38501616999687,7.522004756435433,0.0,Neutral
2025-01-15,739.0,740.0,730.1,731.5,10006.0,0.0,739.7,737.25,750.095,33.17843866171005,-10.48291545539837,-10.218628190290632,6.5965058090756195,0.0,Neutral
2025-01-13,738.0,738.0,731.2,735.0,7206.0,0.0,740.2,738.0,752.025,43.37748344370863,-10.267723687568491,-10.152556374013697,6.289320754726429,0.0,Neutral
2025-01-12,752.2,752.2,737.3,740.0,7600.0,0.0,741.8,740.5,753.375,36.74614305750354,-10.200075668446516,-10.123764545624997,9.240610850433956,0.0,Neutral
2025-01-09,745.0,748.0,735.0,740.0,16415.0,0.0,740.0,742.13,753.625,32.465923172242896,-10.474458368862429,-10.104686764919617,10.495083505053262,0.0,Neutral
2025-01-08,748.6,770.0,748.6,752.0,37265.0,0.0,738.8,744.33,753.575,44.88636363636364,-10.672314712027969,-10.012243863933913,12.17100835776152,0.0,Neutral
2025-01-07,743.0,750.0,732.9,734.0,12626.0,0.0,734.8,745.9,752.885,45.81005586592179,-11.991435866948109,-9.847226151910398,14.125941463225512,0.0,Neutral
2025-01-06,743.9,743.9,734.0,743.0,18190.0,0.0,735.8,747.6,756.035,42.90947148090006,-11.667965982981514,-9.311173723150969,13.54572503289922,0.0,Neutral
2025-01-05,740.0,740.0,724.0,731.0,18946.0,0.0,739.2,751.08,759.0849999999999,41.72008547008548,-12.001748553147877,-8.721975658193331,16.40174787434459,0.0,Neutral
2025-01-02,725.1,734.0,720.0,734.0,9968.0,0.0,744.26,757.6400000000001,761.7299999999999,47.266401590457264,-11.031387418296276,-7.902032434454695,20.165107377739574,0.0,Neutral
2025-01-01,732.0,744.0,726.2,732.0,11036.0,0.0,749.86,761.24,764.135,48.294346978557506,-9.937851752819597,-7.1196936884943,18.63093007758212,0.0,Neutral
2024-12-31,751.0,751.0,726.0,739.0,19741.0,0.0,757.0,762.94,766.95,50.20100502512562,-8.193915659751951,-6.415154172412974,16.29568450030639,0.0,Neutral
2024-12-29,748.2,765.0,748.0,760.0,19264.0,0.0,759.4,766.05,770.25,42.1875,-6.5615620913674775,-5.970463800578229,14.02919574792209,0.0,Neutral
2024-12-26,755.1,770.0,750.0,756.3,11206.0,0.0,762.96,766.25,772.75,40.06663890045814,-6.520826270027783,-5.822689227880917,13.947381275516408,0.0,Neutral
2024-12-24,754.0,776.0,754.0,762.0,13138.0,0.0,771.02,765.12,774.1850000000001,45.697445972495096,-5.997256894135489,-5.648154967344201,15.240866117126846,0.0,Neutral
2024-12-23,736.6,774.0,736.6,767.7,52414.0,0.0,772.62,762.8199999999999,774.7,47.1268954509178,-5.822122790445519,-5.560879485646378,17.35311691503459,0.0,Neutral
2024-12-22,784.0,784.0,751.0,751.0,17309.0,0.0,768.8799999999999,759.8700000000001,775.0649999999999,42.232403165347776,-6.094266202965741,-5.495568659446592,18.872322473817523,0.0,Neutral
2024-12-19,796.0,796.0,770.0,777.8,37088.0,0.0,772.7,764.47,776.115,44.086956521739125,-4.6526126501756835,-5.345894273566804,21.842468826683298,0.0,Neutral
2024-12-18,784.9,832.3,770.1,796.6,92825.0,0.0,769.5400000000001,767.0899999999999,776.88,46.901017576318225,-5.473591386066573,-5.519214679414585,24.966931462773818,0.0,Neutral
2024-12-17,738.2,804.0,738.0,770.0,31837.0,0.0,759.22,765.8199999999999,777.2,46.50512581547064,-8.356024734260927,-5.530620502751587,23.583742045932226,0.0,Neutral
2024-12-16,785.5,785.5,745.0,749.0,20437.0,0.0,753.0200000000001,767.03,780.495,44.35288414929715,-9.20515202982142,-4.824269444874251,24.126198300698412,0.0,Neutral
2024-12-12,774.2,799.0,762.0,770.1,80877.0,0.0,750.86,770.9599999999999,784.645,48.696114954763175,-8.016872293903134,-3.7290487986374585,24.06367479095013,0.0,Neutral
2024-12-11,745.0,788.0,732.0,762.0,47093.0,0.0,756.24,774.45,787.535,47.264770240700216,-8.531949833965086,-2.6570929248210393,26.34751727709498,0.0,Neutral
2024-12-10,748.9,748.9,724.3,745.0,21638.0,0.0,764.64,779.25,791.93,37.13215623327982,-8.240547714786771,-1.1883786975350275,28.13879291417456,0.0,Neutral
2024-12-09,738.2,760.0,735.3,739.0,25858.0,0.0,772.4200000000001,783.25,798.1299999999999,33.22851153039832,-6.017841043183921,0.5746635567779088,25.44301912553502,0.23032790422439575,Positive
2024-12-08,732.0,751.0,731.0,738.2,33666.0,0.0,781.04,786.58,801.415,28.08434275459848,-2.4824177489828116,2.222789706768366,20.755390196821843,0.4606558084487915,Positive
2024-12-05,789.1,813.0,789.1,797.0,67675.0,0.921311616897583,791.0600000000001,790.26,803.005,39.583333333333336,2.1476304228738172,3.399091570706161,13.060219497903766,0.921311616897583,Strongly Positive
2024-12-04,784.0,807.0,784.0,804.0,36943.0,0.0,792.6600000000001,787.76,801.8,42.76196244700182,2.039108192438107,3.711956857664247,13.986596758646854,0.0,Neutral
2024-12-03,782.1,792.5,780.0,783.9,10386.0,0.0,793.8599999999999,786.6700000000001,800.1600000000001,30.239520958083844,1.1582073355190232,4.130169023970782,12.967999074649333,0.0,Neutral
2024-12-02,792.0,803.8,781.0,782.1,12013.0,0.0,794.08,788.58,799.465,26.42430819316334,2.063556316898371,4.873159446083722,13.888588441198317,0.0,Neutral
2024-12-01,790.0,798.0,780.1,788.3,11216.0,0.0,792.12,793.96,798.09,46.6171617161716,3.3723681976131274,5.57556022838006,20.12125465494055,0.2335117757320404,Positive
2024-11-28,822.0,825.0,805.0,805.0,29723.0,0.0,789.46,798.33,795.92,56.72043010752688,4.362562733396771,6.126358236071792,23.25659046378168,0.4670235514640808,Positive
2024-11-27,800.0,816.0,791.0,810.0,35790.0,0.9340471029281616,782.86,800.62,793.17,57.18157181571816,3.8625919374931073,6.567307111740546,25.04501724672876,0.9340471029281616,Strongly Positive
2024-11-26,772.0,787.7,772.0,785.0,10778.0,0.0,779.4799999999999,804.61,790.5699999999999,52.936170212765944,2.659173329812347,7.243485905302405,29.489374734338785,0.0,Neutral
2024-11-25,790.5,790.5,771.0,772.3,7425.0,0.0,783.0799999999999,813.01,789.225,50.51454138702459,3.6299492403023805,8.38956404917492,34.77312020640215,0.0,Neutral
2024-11-24,785.0,791.0,770.2,775.0,11555.0,0.0,795.8,816.25,788.3100000000001,54.318374259102455,6.109303958923647,9.579467751393056,31.953620904193006,0.0,Neutral
2024-11-21,783.3,798.7,770.0,772.0,29018.0,0.0,807.2,815.75,788.3100000000001,55.57842733635241,8.910090469470447,10.447008699510407,32.70118074660631,0.0,Neutral
2024-11-20,787.0,816.0,787.0,793.1,14927.0,0.0,818.38,815.8399999999999,789.46,59.497576024680484,12.66076575428508,10.831238257020397,32.56836228953208,0.0,Neutral
2024-11-19,852.6,852.6,802.9,803.0,28320.0,0.0,829.74,813.65,790.5550000000001,60.0,15.115471070477156,10.373856382704226,34.91886627916525,0.0,Neutral
2024-11-17,844.0,856.0,820.1,835.9,102975.0,0.0,842.9399999999999,810.35,790.355,70.23933402705514,17.020706276664555,9.188452710760993,37.50102961549505,0.0,Neutral
2024-11-14,817.0,837.0,816.0,832.0,32449.0,0.0,836.7,802.22,788.4100000000001,70.27027027027026,15.855087121264773,7.230389319285102,40.07109792467551,0.0,Neutral
2024-11-13,866.0,866.0,817.5,827.9,24633.0,0.0,824.3,793.51,785.9100000000001,62.63736263736263,14.533804677518106,5.074214868790183,42.283867425349406,0.0,Neutral
2024-11-12,851.7,851.7,827.0,849.9,40129.0,0.0,813.3,785.72,785.735,63.24167872648335,13.053421563099278,2.709317416608202,42.41977526264661,0.0,Neutral
2024-11-11,818.0,869.0,789.0,869.0,92459.0,0.0,797.5600000000001,776.53,782.09,62.96829971181556,8.734046437959478,0.12329137998543316,36.51438225016631,0.0,Neutral
2024-11-10,771.1,804.7,759.0,804.7,31169.0,0.0,777.76,765.4399999999999,777.7900000000001,51.78236397748594,1.1491851482289803,-2.029397384508078,16.861474826761935,0.0,Neutral
2024-11-06,759.0,785.0,759.0,770.0,6793.0,0.0,767.74,760.37,775.505,39.386792452830186,-2.0016623182739295,-2.8240430176923423,9.951331569202804,0.2281159907579422,Positive
2024-11-05,773.0,775.0,765.5,772.9,5423.0,0.0,762.72,760.87,773.755,46.73366834170854,-2.461083450889987,-3.0296381925469453,10.593818952587892,0.4562319815158844,Positive
2024-10-30,779.0,784.7,770.0,771.2,17558.0,0.9124639630317688,758.14,763.08,770.97,35.22222222222226,-3.3069470281434405,-3.1717768779611846,14.837475077211373,0.9124639630317688,Strongly Positive
2024-10-29,754.0,774.9,754.0,770.0,9348.0,0.0,755.5,767.4599999999999,768.6099999999999,48.4526967285588,-4.165384582701222,-3.1379843404156205,22.159181693679894,0.0,Neutral
2024-10-28,754.9,755.0,747.0,754.6,6885.0,0.0,753.1200000000001,770.3599999999999,766.8599999999999,43.45018450184503,-5.078293831133806,-2.88113427984422,24.320736465460822,0.0,Neutral
2024-10-27,750.0,760.0,735.0,744.9,9671.0,0.0,753.0,774.6,763.7299999999999,46.94937256598875,-4.601631907043952,-2.3318443920218233,24.95556050262461,0.0,Neutral
2024-10-24,758.0,772.7,747.0,750.0,7377.0,0.0,759.0200000000001,778.31,761.73,53.0,-2.9386687689213886,-1.7643975132662906,22.705968378383314,0.0,Neutral
2024-10-23,755.1,780.0,755.1,758.0,8521.0,0.0,768.0200000000001,785.75,760.48,57.85219399538105,-1.2926515450787974,-1.470829699352516,24.516083156439322,0.0,Neutral
2024-10-22,756.0,764.0,750.2,758.1,6422.0,0.0,779.4200000000001,787.65,758.53,56.397748592870556,0.012521734008601015,-1.5153742379209454,22.80288724409201,0.0,Neutral
2024-10-21,775.0,775.0,751.4,754.0,12194.0,0.0,787.6,790.1400000000001,756.375,53.474762253109,1.6680334940946295,-1.897348230903332,20.456360054192555,0.0,Neutral
2024-10-20,780.0,795.0,771.2,775.0,18758.0,0.0,796.2,790.6400000000001,756.67,64.04874746106974,4.174260744326602,-2.788693662152822,19.51427967185075,0.0,Neutral
2024-10-17,800.0,816.0,793.8,795.0,24445.0,0.0,797.6,786.6400000000001,757.42,65.62608394033992,5.174219732886968,-4.529432263772678,26.073537031508494,0.0,Neutral
2024-10-16,790.1,815.0,790.1,815.0,38639.0,0.0,803.4799999999999,778.86,754.935,65.60332871012483,4.338906009443917,-6.955345262937589,33.7724476788752,0.0,Neutral
2024-10-15,783.0,800.0,780.0,799.0,9614.0,0.0,795.8799999999999,769.76,751.935,64.36781609195404,1.1732669513847895,-9.778908081032966,35.183051475266986,0.0,Neutral
2024-10-09,769.0,797.0,767.1,797.0,7412.0,0.0,792.68,763.36,749.885,64.62196861626248,-1.2552144201944202,-12.516951839137404,35.094007085733786,0.0,Neutral
2024-10-08,840.8,840.8,779.1,782.0,41903.0,0.0,785.0799999999999,752.86,749.26,53.56106993232357,-4.132945706534656,-15.332386193873148,39.35931909980455,0.0,Neutral
2024-10-07,775.1,824.4,775.1,824.4,24388.0,0.0,775.68,745.15,749.41,55.771812080536904,-6.2185889744595215,-18.13224631570777,40.550359636715136,0.0,Neutral
2024-10-06,769.0,784.9,752.6,777.0,17432.0,0.0,754.24,735.2099999999999,747.54,55.36742295970201,-13.107266905891265,-21.110660651019835,29.695508451995433,0.0,Neutral
2024-10-02,764.2,785.4,733.0,783.0,51435.0,0.0,743.6400000000001,729.41,749.5899999999999,54.682274247491634,-16.88289194701474,-23.111509087301975,26.06907277898257,0.0,Neutral
2024-10-01,735.0,764.6,723.5,759.0,45040.0,0.0,734.0400000000001,722.6099999999999,751.1899999999999,50.17985611510792,-22.06730220754673,-24.668663372373782,18.22613812938644,0.0,Neutral
2024-09-30,730.0,735.0,715.7,735.0,19429.0,0.0,720.6400000000001,722.7,752.0899999999999,41.17647058823529,-25.91987963524332,-25.319003663580542,18.426912685294685,0.0,Neutral
2024-09-29,709.6,731.3,709.6,717.2,11982.0,0.0,714.62,728.2,754.65,37.12006079027358,-28.016516575536002,-25.168784670664845,28.149324049518214,0.0,Neutral
2024-09-26,738.0,738.0,704.0,724.0,11976.0,0.0,716.18,731.01,758.84,37.80959752321982,-28.47271112004728,-24.456851694447053,28.331194036889517,0.0,Neutral
2024-09-25,693.0,735.0,687.0,735.0,20407.0,0.0,715.18,734.1099999999999,763.6400000000001,35.0933908045977,-29.333196358749888,-23.452886838046997,29.162740688158244,0.0,Neutral
2024-09-24,700.0,706.0,691.0,692.0,20252.0,0.0,711.18,736.41,769.44,24.203020134228197,-31.12482375274874,-21.982809457871273,30.1316168390221,0.0,Neutral
2024-09-23,725.0,735.0,700.1,704.9,20039.0,0.0,724.76,745.66,776.94,36.31878557874763,-28.580685281049114,-19.697305884151906,29.166198091478783,0.0,Neutral
2024-09-22,733.3,756.0,718.0,725.0,19147.0,0.0,741.78,753.67,784.1949999999999,37.88598574821852,-26.231174936718958,-17.476461034927603,27.690072428784802,0.0,Neutral
2024-09-18,716.1,740.0,715.0,719.0,22468.0,0.0,745.8399999999999,759.87,791.1949999999999,34.31522570772762,-24.897346461785332,-15.28778255947976,27.497840319240247,0.0,Neutral
2024-09-16,744.8,774.7,712.0,715.0,41288.0,0.0,753.04,769.77,799.245,31.00578871201158,-22.221843987062357,-12.885391583903367,28.932528790660438,0.0,Neutral
2024-09-15,802.0,802.0,752.0,759.9,29577.0,0.0,761.64,779.77,807.095,32.647619047619045,-18.07643037042226,-10.551278483113617,24.899399814277537,0.0,Neutral
2024-09-12,750.0,805.0,750.0,790.0,27101.0,0.0,766.5600000000001,781.4799999999999,813.1,39.22949461474732,-17.09408163979549,-8.669990511286457,23.952350847280883,0.0,Neutral
2024-09-11,768.0,768.0,745.0,745.3,25687.0,0.0,765.5600000000001,781.1,819.1,24.425989252564733,-18.656333527034803,-6.563967729159199,23.832004624969592,0.0,Neutral
2024-09-10,773.1,775.0,750.8,755.0,27816.0,0.0,773.9,786.6700000000001,827.385,23.80952380952381,-15.827697448172557,-3.5408762796902975,20.858787117186473,0.0,Neutral
2024-09-09,787.1,796.0,755.5,758.0,36746.0,0.0,786.5,793.1700000000001,835.235,22.52252252252252,-12.974744526451104,-0.46917098756973274,20.003335832918502,0.0,Neutral
2024-09-08,800.0,810.0,784.1,784.5,33288.0,0.0,797.9,802.47,843.2,28.50122850122851,-9.450070149614817,2.65722239715061,23.19885294099293,0.0,Neutral
2024-09-05,775.0,802.7,765.0,785.0,40640.0,0.0,796.4,808.22,849.875,27.488151658767777,-7.512030197367608,5.684045533841967,25.282308263114068,0.0,Neutral
2024-09-04,810.0,825.0,780.0,787.0,44012.0,0.0,796.64,814.72,859.875,24.26778242677824,-4.980029673628451,8.983064466644361,26.949862914514046,0.0,Neutral
2024-09-03,831.0,840.0,795.0,818.0,33369.0,0.0,799.4399999999999,822.5200000000001,866.975,27.751196172248797,-1.8794758462576056,12.473838001712563,29.22695863601049,0.0,Neutral
2024-09-02,787.9,820.0,772.0,815.0,54150.0,0.0,799.8399999999999,828.72,873.275,26.570048309178745,-1.0510674942859168,16.062166463705104,34.29780686218125,0.0,Neutral
2024-09-01,798.0,798.0,775.0,777.0,37731.0,0.0,807.04,834.4200000000001,875.475,9.753298909925405,0.32702560214750065,20.340474953202857,36.434226887485856,0.0,Neutral
2024-08-29,795.0,810.0,780.0,786.2,45284.0,0.0,820.04,844.72,878.875,10.253317249698426,5.950307691018452,25.343837290966697,32.77305125997206,0.0,Neutral
2024-08-28,836.4,853.0,793.0,801.0,42672.0,0.0,832.8,857.1,882.6150000000001,7.798165137614674,12.104383263489922,30.192219690953756,31.571611721077602,0.0,Neutral
2024-08-27,865.0,868.0,805.0,820.0,80794.0,0.0,845.6,868.1,886.5550000000001,28.627450980392155,18.27624869215731,34.71417879781971,28.903863640231663,0.0,Neutral
2024-08-25,858.0,885.0,832.0,851.0,110882.0,0.0,857.6,877.3,886.55,30.543933054393307,23.953411494679585,38.82366132423531,26.428309737009105,0.0,Neutral
2024-08-22,867.0,867.0,840.0,842.0,80767.0,0.0,861.8,883.93,884.7950000000001,47.301587301587304,27.694758759067213,42.54122378162424,27.395946577707353,0.0,Neutral
2024-08-21,882.0,882.0,850.0,850.0,59035.0,0.0,869.4,891.53,882.4,50.77881619937695,32.983609140026374,46.252840037263496,24.89953368594384,0.0,Neutral
2024-08-18,897.6,897.9,863.4,865.0,91028.0,0.0,881.4,905.03,879.55,50.62111801242236,38.43979840241377,49.57014776157278,34.59171545005242,0.0,Neutral
2024-08-15,880.0,906.0,864.0,880.0,109693.0,0.0,890.6,911.43,873.25,50.030693677102526,43.31748290237147,52.352735101362526,32.200484813459134,0.0,Neutral
2024-08-14,870.1,885.0,860.0,872.0,72828.0,0.0,897.0,917.8299999999999,864.975,56.89700820757215,47.38583682191938,54.611548151110284,31.61434449387399,0.0,Neutral
2024-08-13,910.0,910.0,875.0,880.0,66189.0,0.0,906.0600000000001,916.53,856.5200000000001,58.57639818035858,52.70383274364167,56.417975983408,33.89342938616751,0.0,Neutral
2024-08-12,920.0,920.0,891.3,910.0,129005.0,0.0,913.6600000000001,913.03,846.57,65.85499316005473,57.91038269836872,57.34651179334958,39.43839218042947,0.0,Neutral
2024-08-11,930.2,930.2,907.0,911.0,106948.0,0.0,928.6600000000001,908.1299999999999,835.7700000000001,66.13785557986871,60.65895543769852,57.20554406709479,42.76073094687127,0.0,Neutral
2024-08-08,935.6,935.6,898.0,912.0,131473.0,0.0,932.26,905.01,824.9200000000001,70.66411849020545,63.18300347316756,56.34219122444386,43.65690603380021,0.0,Neutral
2024-08-07,917.0,934.0,870.0,917.3,136073.0,0.0,938.6600000000001,895.8,814.27,73.16126084970305,65.38376291519273,54.63198816226293,51.09896715633401,0.0,Neutral
2024-08-06,965.3,969.0,888.1,918.0,185535.0,0.0,927.0,885.6600000000001,803.155,73.96924448406509,66.70205932424756,51.94404447403047,56.16790700905172,0.0,Neutral
2024-08-05,947.5,1004.0,896.0,985.0,163400.0,0.0,912.4,873.2700000000001,791.105,87.66105054509416,67.34320042345212,48.25454076147619,61.64030157111121,0.0,Neutral
2024-08-01,925.2,960.0,889.9,929.0,186207.0,0.0,887.6,854.07,775.36,82.58458125346645,60.3601739657322,43.48237584598221,52.141922779189436,0.0,Neutral
2024-07-31,875.0,944.0,848.0,944.0,165671.0,0.0,877.76,835.07,762.51,86.1689814814815,56.27114493837712,39.26292631604471,56.25894595528721,0.0,Neutral
2024-07-30,850.0,875.0,825.2,859.0,120043.0,0.0,852.9399999999999,812.1200000000001,748.46,80.12048192771086,48.70629487163126,35.01087166046161,53.634541109251856,0.0,Neutral
2024-07-29,878.2,878.2,821.0,845.0,165854.0,0.0,844.32,796.51,738.9100000000001,79.34272300469485,46.99688558830644,31.5870158576692,60.72207085474756,0.0,Neutral
2024-07-28,897.3,932.2,844.8,861.0,122132.0,0.0,834.14,780.11,729.6600000000001,85.71428571428572,45.556921221760035,27.73454842500989,67.89387879461549,0.0,Neutral
2024-07-25,820.0,882.0,809.0,879.8,278293.0,0.0,820.54,763.4100000000001,719.115,92.67399267399267,41.42726603068809,23.27895522582235,66.30656830209381,0.0,Neutral
2024-07-24,820.0,828.0,792.0,819.9,189394.0,0.0,792.38,744.83,707.925,89.39797549280769,33.63956408090985,18.741877524605915,55.16440176619823,0.0,Neutral
2024-07-23,792.0,816.0,785.0,815.9,135418.0,0.0,771.3,732.74,700.0649999999999,89.6730669434354,29.30923084201595,15.01745588552993,49.87896907070074,0.0,Neutral
2024-07-22,800.0,806.0,786.0,794.1,144762.0,0.0,748.7,720.65,692.97,85.84422967595226,23.763107604852962,11.444512146408425,41.416911468094455,0.0,Neutral
2024-07-21,739.0,802.0,739.0,793.0,304639.0,0.0,726.08,708.9399999999999,686.365,86.3785557986871,18.558228744257917,8.364863281797291,34.28220140734548,0.0,Neutral
2024-07-18,719.3,745.0,719.3,739.0,143311.0,0.0,706.28,696.65,679.725,82.0475847152127,11.756972762272994,5.816521916182134,19.74685628989717,0.0,Neutral
2024-07-17,716.0,720.0,695.0,714.5,64938.0,0.0,697.28,689.95,675.925,74.3547044129892,8.403268250542737,4.33140920465942,14.43239026944033,0.0,Neutral
2024-07-16,693.0,703.0,680.2,702.9,35658.0,0.0,694.1800000000001,684.8,673.6,67.44791666666666,6.495037862835375,3.31344444318859,13.876518935898428,0.0,Neutral
2024-07-15,707.0,707.0,680.0,681.0,46011.0,0.0,692.6,681.3100000000001,671.5550000000001,53.34608030592735,5.146059617247715,2.5180460882768934,13.190269982938464,0.0,Neutral
2024-07-14,707.8,711.0,690.0,694.0,60226.0,0.0,691.8,679.21,670.855,65.44401544401546,5.579239243901156,1.8610427060341879,14.816541056855451,0.0,Neutral
2024-07-11,712.0,712.0,688.0,694.0,66858.0,0.0,687.02,674.8199999999999,670.005,66.03415559772296,4.727345032918606,0.9314935715674457,16.369673858169435,0.0,Neutral
2024-07-10,695.0,706.0,695.0,699.0,84438.0,0.0,682.62,671.02,669.3100000000001,67.4418604651163,3.571256857694948,-0.01746929377034434,15.824088529151004,0.0,Neutral
2024-07-09,676.0,695.0,670.0,695.0,58358.0,0.0,675.42,667.39,668.4100000000001,62.95585412667948,1.5346314870247397,-0.9146508316366675,12.508614809206138,0.0,Neutral
2024-07-08,666.0,683.5,666.0,677.0,26449.0,0.0,670.02,665.29,666.8100000000001,58.13449023861173,-0.6798922622601822,-1.5269714113020192,8.468693983043309,0.0,Neutral
2024-07-07,680.0,680.0,670.0,670.1,28571.0,0.0,666.62,663.79,666.4649999999999,51.71650055370988,-1.6638132329874225,-1.7387411985624783,7.4286906279039036,0.0,Neutral
2024-07-04,665.0,677.0,665.0,672.0,27194.0,0.0,662.62,662.8,666.8199999999999,47.45934959349593,-2.1929078067812497,-1.7574731899562424,7.148737262280076,0.0,Neutral
2024-07-03,676.0,676.0,660.0,663.0,14698.0,0.0,659.42,661.9,667.47,40.75675675675674,-3.0297825855976726,-1.6486145357499904,6.387835662031048,0.0,Neutral
2024-07-02,673.2,699.0,664.0,668.0,18608.0,0.0,659.36,662.4,668.72,42.6470588235294,-3.1375059202238162,-1.3033225232880696,6.672830483935256,0.0,Neutral
2024-07-01,660.0,660.0,652.0,660.0,18606.0,0.0,660.5600000000001,661.8,669.87,48.47560975609756,-3.7384545266706937,-0.8447766740541328,6.376519426824609,0.0,Neutral
2024-06-30,656.5,667.0,650.0,650.1,47284.0,0.0,660.96,662.5,672.12,39.53974895397488,-3.6365605003294377,-0.12135721089999263,6.539113089759838,0.0,Neutral
2024-06-27,663.0,665.0,655.0,656.0,16864.0,0.0,662.98,665.19,673.515,39.04958677685948,-2.445611244885413,0.7574436114573686,6.40285526591161,0.0,Neutral
2024-06-26,686.9,686.9,662.7,662.7,38139.0,0.0,664.38,667.6,675.7149999999999,38.61082737487232,-1.4906816680112343,1.558207325543064,7.061161377609641,0.0,Neutral
2024-06-25,671.0,680.0,664.0,674.0,21789.0,0.0,665.4399999999999,669.4300000000001,678.78,42.187499999999986,-0.9323434565390016,2.3204295739316385,7.9638139941846795,0.0,Neutral
2024-06-24,667.0,677.9,660.0,662.0,25073.0,0.0,663.04,668.33,681.23,32.00992555831263,-1.3566849618010792,3.133622831549298,8.021921354816774,0.0,Neutral
2024-06-23,676.2,676.2,660.2,660.2,18447.0,0.0,664.04,669.1400000000001,684.73,25.862068965517253,-0.6567472472547706,4.2561997798868925,7.71480539112049,0.0,Neutral
2024-06-20,681.3,681.3,662.0,663.0,15417.0,0.0,667.4,670.8399999999999,687.97,43.58974358974359,0.42945321381705526,5.484436536672308,7.3922181305424735,0.0,Neutral
2024-06-19,675.2,683.0,664.0,668.0,17824.0,0.0,670.82,673.04,690.3199999999999,38.059701492537314,1.5245024828385567,6.7481823673861205,8.04462553513972,0.0,Neutral
2024-06-18,654.0,673.0,654.0,662.0,26882.0,0.0,673.4200000000001,675.04,691.67,29.60526315789474,2.3909180591848553,8.05410233852301,9.07281654176988,0.0,Neutral
2024-06-16,690.0,690.0,666.0,667.0,26916.0,0.0,673.6200000000001,677.9399999999999,692.075,31.08108108108108,4.072911495769631,9.46989840835755,9.076367359524667,0.0,Neutral
2024-06-13,680.0,690.9,676.0,677.0,35134.0,0.0,674.24,681.74,691.475,31.292517006802726,5.651413496708301,10.81914513650453,11.59302472277214,0.0,Neutral
2024-06-12,692.0,692.0,679.0,680.1,29455.0,0.0,674.28,681.8399999999999,690.925,35.122597746852236,6.565771854317859,12.111078046453587,11.551834871113432,0.0,Neutral
2024-06-11,670.1,687.0,670.0,681.0,44637.0,0.0,675.26,683.83,689.72,41.21212121212121,7.3216871128767025,13.497404594487518,12.858896617626133,0.0,Neutral
2024-06-10,680.0,680.0,663.0,663.0,49127.0,0.0,676.6600000000001,688.13,688.415,40.123456790123456,8.088376230341169,15.041333964890221,17.978014350883004,0.0,Neutral
2024-06-09,689.0,691.0,670.0,670.1,61280.0,0.0,682.26,694.13,688.87,50.0,10.782028504190635,16.779573398527482,18.6585726499607,0.0,Neutral
2024-06-06,685.9,696.4,677.2,677.2,46082.0,0.0,689.24,700.3199999999999,689.2650000000001,55.91054313099043,13.340369719115756,18.278959622111692,20.01892438004185,0.0,Neutral
2024-06-05,693.0,693.0,680.0,685.0,35053.0,0.0,689.4,705.1,687.605,54.973821989528794,15.688792582978408,19.513607097860675,19.587127292077202,0.0,Neutral
2024-06-04,703.5,703.5,685.5,688.0,71892.0,0.0,692.4,707.6,684.705,58.080808080808076,17.66385169164721,20.46981072658124,18.289037396466714,0.0,Neutral
2024-06-03,690.9,706.0,680.0,691.0,76902.0,0.0,699.6,708.3,682.205,59.2044875063743,19.62236202028771,21.17130048531475,17.575551200473516,0.0,Neutral
2024-06-02,678.0,744.0,665.1,705.0,202122.0,0.0,706.0,706.21,679.355,58.25388861013546,21.531262664912106,21.558535101571508,20.806967316006528,0.0,Neutral
2024-05-30,686.0,700.0,676.2,678.0,66264.0,0.0,711.4,701.21,674.905,50.0,22.22907748528837,21.565353210736355,26.38890549708021,0.0,Neutral
2024-05-29,724.0,729.0,690.0,700.0,82695.0,0.0,720.8,700.01,671.505,64.72134595162987,25.545501819873493,21.399422142098345,27.796900306817818,0.0,Neutral
2024-05-27,708.6,727.0,708.6,724.0,50223.0,0.0,722.8,695.61,667.005,76.47379912663754,27.166894307727603,20.362902222654554,31.086418971071033,0.0,Neutral
2024-05-26,717.4,746.3,704.0,723.0,206412.0,0.0,717.0,688.7,660.705,71.99792960662525,26.397589529567313,18.66190420138629,31.747475840179362,0.0,Neutral
2024-05-22,710.5,749.0,710.5,732.0,240314.0,0.0,706.4200000000001,683.61,654.5600000000001,76.03613177470775,25.133530128648886,16.72798286934103,29.64813840887286,0.0,Neutral
2024-05-21,695.8,725.0,695.8,725.0,133758.0,0.0,691.0200000000001,678.21,648.1850000000001,77.35943775100401,22.238188418696154,14.626596054514065,24.288518092129543,0.0,Neutral
2024-05-20,700.0,728.2,686.0,710.0,190684.0,0.0,679.22,670.11,642.635,76.28811777076761,18.93194225917557,12.723697963468542,20.095076787903476,0.0,Neutral
2024-05-19,670.1,695.0,662.0,695.0,170198.0,0.0,668.4200000000001,661.8100000000001,637.48,74.2579908675799,15.96386890998133,11.171636889541784,18.893470359435888,0.0,Neutral
2024-05-16,655.0,684.5,655.0,670.1,76056.0,0.0,660.4,656.11,633.23,72.21195317313617,13.470599014682762,9.973578884431896,16.1696182872769,0.0,Neutral
2024-05-15,662.0,676.0,650.1,655.0,55301.0,0.0,660.8,652.5,630.525,68.3858004018754,12.627616726288124,9.09932385186918,16.71964911914617,0.23153091967105865,Positive
2024-05-14,669.1,680.0,656.0,666.0,68493.0,0.0,665.4,648.6,629.225,71.54870357393132,12.905444907627384,8.217250633264443,20.247962860513013,0.4630618393421173,Positive
2024-05-13,667.9,667.9,646.0,656.0,47170.0,0.9261236786842346,661.0,643.0,626.83,64.76793248945148,11.952339133153146,7.045202064673708,22.517696744281007,0.9261236786842346,Strongly Positive
2024-05-12,672.1,672.1,652.0,654.9,61273.0,0.0,655.2,638.4,625.155,66.19433198380565,11.580159193614804,5.818417797553849,24.202433302842365,0.0,Neutral
2024-05-09,691.5,697.0,671.3,672.1,140953.0,0.0,651.8199999999999,632.71,624.455,73.15436241610739,11.048683573424114,4.37798244853861,26.474241149563145,0.0,Neutral
2024-05-08,650.0,678.4,641.0,678.0,158497.0,0.0,644.2,625.51,622.95,73.09985096870342,8.458346566221735,2.710307167317233,24.270258433837295,0.0,Neutral
2024-05-07,631.9,650.0,627.4,644.0,45352.0,0.0,631.8,618.16,619.995,56.62544169611307,4.428376836065809,1.2732973175911078,16.490414724275826,0.0,Neutral
2024-05-06,632.0,634.8,620.0,627.0,26429.0,0.0,625.0,615.16,618.395,54.15499533146591,2.682075444687598,0.4845274379724325,13.771968309285278,0.0,Neutral
2024-05-05,634.0,658.0,631.0,638.0,104846.0,0.0,621.6,613.15,617.1899999999999,57.71144278606966,2.1450569350422484,-0.06485956370635898,13.311002132770952,0.0,Neutral
2024-05-02,619.1,649.0,619.1,634.0,93081.0,0.0,613.6,610.35,615.3399999999999,46.99738903394257,0.30842520913051885,-0.6173386883935108,10.047912995066271,0.0,Neutral
2024-04-30,622.0,622.0,600.5,616.0,22582.0,0.0,606.82,608.55,614.14,36.73469387755102,-1.6329981968023048,-0.8487796627745182,6.225797583958906,0.0,Neutral
2024-04-29,618.0,618.0,600.0,610.0,13621.0,0.0,604.5200000000001,609.85,613.9849999999999,46.133796698523035,-2.2544804611484324,-0.6527250292675715,8.7853729447671,0.0,Neutral
2024-04-28,598.0,616.9,594.3,610.0,14715.0,0.0,605.32,610.66,614.185,49.18032786885246,-2.4040162900244013,-0.25228617129735625,9.165902998539904,0.0,Neutral
2024-04-25,603.1,606.4,596.2,598.0,4897.0,0.0,604.7,611.91,614.385,47.94290512174644,-2.5599108746622505,0.285646358384405,9.889663515272138,0.0,Neutral
2024-04-24,604.0,612.9,598.0,600.1,6146.0,0.0,607.1,616.2,615.855,49.62153069806561,-1.499835804513964,0.9970356666460689,12.216291490408278,0.0,Neutral
2024-04-22,611.0,614.0,604.0,604.5,18278.0,0.0,610.28,620.3900000000001,617.8349999999999,47.77327935222672,-0.33879692145910667,1.621253534436077,13.224594091680709,0.0,Neutral
2024-04-21,600.0,614.4,600.0,614.0,5374.0,0.0,615.18,621.83,618.6099999999999,50.47048759623612,0.7000388444977261,2.111266148409873,12.032368382397145,0.0,Neutral
2024-04-18,601.1,609.0,601.1,606.9,14440.0,0.0,616.0,621.63,618.6099999999999,46.798917944093766,1.0485159298534654,2.4640729743879093,12.192534145521652,0.0,Neutral
2024-04-16,610.0,617.6,609.0,610.0,23918.0,0.0,619.1200000000001,621.2299999999999,618.915,48.144712430426715,2.2009573598187444,2.8179622355215197,12.780892857036497,0.0,Neutral
2024-04-15,633.9,634.0,612.8,616.0,32089.0,0.0,625.3,620.3299999999999,619.015,45.052083333333336,3.3242414051952665,2.972213454447213,13.925200976038028,0.0,Neutral
2024-04-14,626.0,637.0,611.4,629.0,30285.0,0.0,630.5,619.7299999999999,619.915,45.327510917030544,4.098698620854634,2.8842064667601996,14.257789294150282,0.0,Neutral
2024-04-10,622.5,625.0,610.1,618.1,15522.0,0.0,628.4799999999999,618.12,620.365,49.22952149229523,3.7039338507202046,2.580583428236591,14.001412627174213,0.0,Neutral
2024-04-09,641.0,644.0,620.1,622.5,34913.0,0.0,627.26,617.71,620.06,53.40272217774219,4.256013233556359,2.2997458226156873,14.061962088507332,0.0,Neutral
2024-04-07,653.0,654.0,633.0,640.9,50183.0,0.0,623.3399999999999,616.86,618.435,62.97674418604649,4.4507616351610295,1.8106789698805188,13.99699967853266,0.0,Neutral
2024-04-04,629.9,647.0,617.0,642.0,82306.0,0.0,615.36,615.51,616.285,63.96648044692736,2.7611385166977698,1.150658303560391,11.917256395699866,0.0,Neutral
2024-04-03,603.1,623.0,603.1,618.9,16357.0,0.0,608.96,615.28,613.8349999999999,42.89746001881467,0.45240299434362896,0.7480382502760462,11.35828625574815,0.0,Neutral
2024-04-02,605.0,619.9,602.0,612.0,11143.0,0.0,607.76,615.39,613.6899999999999,37.427466150870416,-0.1489634795607344,0.8219470642591504,11.402480237053943,0.0,Neutral
2024-04-01,610.0,612.0,593.2,602.9,7501.0,0.0,608.1600000000001,615.59,611.585,46.217788861180374,-0.21181358291414654,1.0646747002141215,11.35384907816456,0.0,Neutral
2024-03-31,605.3,610.0,598.2,601.0,14809.0,0.0,610.38,616.6,610.44,53.91737891737891,0.637593210011687,1.3837967709961885,10.518026853442322,0.0,Neutral
2024-03-28,610.0,616.0,606.0,610.0,10109.0,0.0,615.6600000000001,617.7,609.3900000000001,54.343144292893044,1.9059256153822162,1.5703476612423137,9.19758422393596,0.2290313094854355,Positive
2024-03-27,626.2,626.2,608.0,612.9,11102.0,0.0,621.6,620.1,608.335,57.04175513092709,2.5806927856498305,1.4864531727073382,10.056286038578984,0.458062618970871,Positive
2024-03-26,626.0,626.0,613.0,614.0,10558.0,0.916125237941742,623.02,622.61,606.74,49.38725490196079,3.109130987909225,1.212893269471715,11.134176614806671,0.916125237941742,Strongly Positive
2024-03-25,625.0,625.0,608.0,614.0,18627.0,0.0,623.02,622.4100000000001,605.44,60.53511705685619,3.6263865698779227,0.7388338398623372,11.322391777198632,0.0,Neutral
2024-03-21,652.0,663.0,627.2,627.4,60663.0,0.0,622.8199999999999,620.01,603.99,61.50485436893202,4.233845344392535,0.01694565735844078,15.187161976146788,0.0,Neutral
2024-03-20,631.9,649.0,622.0,639.7,113516.0,0.0,619.74,617.0600000000001,603.015,65.41042849767683,3.5832367933999194,-1.0372792644000828,16.40820932747312,0.0,Neutral
2024-03-19,620.0,638.0,615.0,620.0,24509.0,0.0,618.6,612.39,601.53,58.50191361399673,1.4483402531380989,-2.1924082788500834,15.886014114475234,0.0,Neutral
2024-03-18,613.0,622.0,608.0,614.0,6545.0,0.0,622.2,611.99,600.83,58.92857142857143,0.708187356249141,-3.1025954118471284,15.72262700698785,0.0,Neutral
2024-03-17,612.6,636.0,610.0,613.0,11946.0,0.0,621.8,607.5799999999999,600.53,56.551362683438164,0.36409129721994304,-4.055291103871196,20.542249146597406,0.0,Neutral
2024-03-14,630.0,633.5,610.0,612.0,11272.0,0.0,617.2,604.28,600.4300000000001,57.00207468879668,0.021421908463139516,-5.16013670414398,22.161618472806282,0.0,Neutral
2024-03-13,650.7,650.7,628.0,634.0,16276.0,0.0,614.38,601.0799999999999,600.4300000000001,56.737222509034595,-0.31444224821859734,-6.455526357295759,23.208609513636613,0.0,Neutral
2024-03-12,621.0,652.0,612.0,638.0,28749.0,0.0,606.1800000000001,596.57,599.98,57.299270072992705,-2.978553339136738,-7.990797384565049,20.300467974924295,0.0,Neutral
2024-03-10,600.0,619.0,590.0,612.0,29794.0,0.0,601.78,590.8700000000001,599.13,51.76678445229681,-6.742876173884724,-9.243858395922127,14.568081548404049,0.0,Neutral
2024-03-07,607.0,607.0,587.0,590.0,4781.0,0.0,593.36,588.47,599.905,43.99198931909212,-8.802170029524632,-9.869103951431477,12.535376606533486,0.0,Neutral
2024-03-06,597.0,599.0,577.0,597.9,7441.0,0.0,591.3599999999999,587.97,601.905,45.47964113181503,-9.062546259384817,-10.135837431908188,12.567245786871084,0.0,Neutral
2024-03-05,616.0,616.0,583.0,593.0,11805.0,0.0,587.78,588.97,603.0600000000001,43.26241134751773,-10.067425792633458,-10.40416022503903,13.78413339076097,0.0,Neutral
2024-03-04,581.0,616.0,581.0,616.0,410.0,0.0,586.9599999999999,590.67,604.3100000000001,46.56488549618321,-10.704673112632463,-10.488343833140423,15.301201840990428,0.22186605632305145,Positive
2024-03-03,582.0,582.0,565.0,569.9,7197.0,0.0,579.9599999999999,589.67,604.505,21.25984251968501,-13.704146264883775,-10.434261513267412,13.705396341946635,0.4437321126461029,Positive
2024-02-29,585.0,585.0,570.0,580.0,11839.0,0.8874642252922058,583.5799999999999,593.48,607.0049999999999,22.157092614302442,-12.63941350626817,-9.61679032536332,12.86906713362813,0.8874642252922058,Strongly Positive
2024-02-28,598.9,598.9,580.0,580.0,3032.0,0.0,584.5799999999999,596.58,609.2,21.52619589977219,-12.124944952453006,-8.861134530137107,12.994255140930244,0.0,Neutral
2024-02-27,592.5,592.5,580.7,588.9,3393.0,0.0,590.1600000000001,599.78,611.9,31.740614334470976,-11.291933162638657,-8.04518192455813,12.383393898497943,0.0,Neutral
2024-02-26,599.0,599.0,574.0,581.0,7452.0,0.0,594.38,603.39,614.255,27.710843373493972,-10.970642723091828,-7.233494115037999,14.013838398795777,0.0,Neutral
2024-02-25,585.0,591.0,580.0,588.0,14791.0,0.0,599.38,607.39,616.955,29.525032092426187,-9.596622667916108,-6.299206963024541,12.544538430939728,0.0,Neutral
2024-02-22,605.0,608.0,582.0,585.0,16351.0,0.0,603.38,611.3399999999999,618.5550000000001,26.702269692923906,-8.416013467776793,-5.474853036801649,11.966174548877158,0.0,Neutral
2024-02-21,606.0,610.0,603.0,607.9,4194.0,0.0,608.58,615.8399999999999,620.8050000000001,35.71428571428572,-6.4812575291584835,-4.739562929057863,9.07134683132422,0.0,Neutral
2024-02-20,606.0,612.0,600.0,610.0,4760.0,0.0,609.4,617.15,622.26,31.25,-6.24916893071611,-4.304139279032708,8.737053914904491,0.0,Neutral
2024-02-18,617.9,617.9,600.0,606.0,6286.0,0.0,612.4,617.95,623.405,25.80645161290323,-6.075860662439254,-3.8178818661118576,8.36809416777997,0.0,Neutral
2024-02-15,610.9,610.9,603.9,608.0,3726.0,0.0,615.4,619.3399999999999,625.0550000000001,27.86885245901638,-5.3590074085668675,-3.2533871670300085,7.241117163711997,0.0,Neutral
2024-02-14,622.9,622.9,602.1,611.0,4705.0,0.0,619.3,620.53,627.255,43.83561643835616,-4.569729147681414,-2.726982106645794,6.050353525092478,0.0,Neutral
2024-02-13,617.0,619.0,606.0,612.0,12003.0,0.0,623.1,621.8199999999999,629.855,39.02439024390244,-3.801308834366864,-2.266295346386889,5.091998079856263,0.0,Neutral
2024-02-12,628.5,630.0,619.3,625.0,6142.0,0.0,624.9,624.02,633.205,42.10526315789474,-2.8670515059636728,-1.882541974391895,5.13025881962706,0.0,Neutral
2024-02-11,640.0,640.0,615.4,621.0,4051.0,0.0,623.5,625.12,635.205,42.181340341655726,-2.9565332212605426,-1.63641459149895,6.388670527732042,0.0,Neutral
2024-02-08,621.1,629.0,617.5,627.5,1812.0,0.0,623.28,626.52,636.355,42.40422721268164,-2.620467581930143,-1.3063849340585518,6.899082064603102,0.0,Neutral
2024-02-07,628.0,630.0,617.1,630.0,4679.0,0.0,621.76,625.77,636.98,37.238979118329475,-2.8152279101748263,-0.977864272090654,7.182548294358907,0.0,Neutral
2024-02-06,630.3,641.9,617.0,621.0,10387.0,0.0,620.54,625.77,637.0699999999999,26.190476190476204,-3.2774095958956195,-0.5185233625696108,7.182548294358907,0.0,Neutral
2024-02-05,620.0,622.0,615.3,618.0,13940.0,0.0,623.14,627.37,636.97,19.861660079051404,-2.9032864442751816,0.17119819576189133,7.760734501372355,0.0,Neutral
2024-02-04,610.0,627.0,608.1,619.9,6214.0,0.0,626.74,628.86,636.3199999999999,30.09708737864078,-2.0780850915629117,0.9398193557711595,7.169720279737112,0.0,Neutral
2024-02-01,612.5,619.9,610.0,619.9,8570.0,0.0,629.76,630.77,635.275,41.02755026061057,-1.1880559454965578,1.694295467604677,7.060854528132075,0.0,Neutral
2024-01-31,630.0,630.0,615.0,623.9,9755.0,0.0,629.78,633.9799999999999,634.78,44.00595681310499,-0.03477429440101787,2.414883320879986,8.68086017247692,0.0,Neutral
2024-01-30,646.5,646.5,625.0,634.0,7686.0,0.0,631.0,637.89,633.8349999999999,50.83081570996981,1.030465548188431,3.0272977247002366,11.859777963101969,0.0,Neutral
2024-01-29,637.0,644.0,630.0,636.0,7664.0,0.0,631.6,642.39,632.535,55.935754189944134,1.3467467211199846,3.526505768828188,17.442887757881717,0.0,Neutral
2024-01-28,615.0,639.8,611.1,635.0,25498.0,0.0,630.98,645.29,631.3199999999999,59.60307298335467,1.52721110226355,4.071445530755239,18.632614774476707,0.0,Neutral
2024-01-25,626.2,633.0,617.5,620.0,17136.0,0.0,631.78,646.1899999999999,633.02,57.13315217391304,1.837153478162918,4.707504137878161,18.29465313511147,0.0,Neutral
2024-01-24,638.0,647.0,625.0,630.0,5643.0,0.0,638.1800000000001,648.1899999999999,635.02,56.7476383265857,3.7333031509921284,5.425091802806971,16.07153798906737,0.0,Neutral
2024-01-23,633.0,645.0,625.5,637.0,6856.0,0.0,644.78,648.37,636.8199999999999,60.9439124487004,5.080995233025078,5.848038965760681,15.853779780671704,0.0,Neutral
2024-01-22,643.9,643.9,622.2,632.9,16452.0,0.0,653.1800000000001,646.5699999999999,639.37,58.58028945554789,6.014507741612306,6.039799898944582,18.144484928871428,0.0,Neutral
2024-01-21,652.0,655.0,638.0,639.0,22750.0,0.0,659.6,643.78,642.725,59.565522074281695,7.535979958149255,6.046122938277651,22.176955005907693,0.0,Neutral
2024-01-18,649.8,662.0,645.2,652.0,16902.0,0.0,660.6,639.78,645.425,45.45454545454545,8.747226606047093,5.673658683309749,26.349691121964977,0.0,Neutral
2024-01-17,680.0,685.0,662.0,663.0,47981.0,0.0,658.2,635.5799999999999,645.675,50.81081081081081,8.84234903145773,4.905266702625412,27.5073242771747,0.0,Neutral
2024-01-16,671.0,684.9,666.0,679.0,24956.0,0.0,651.96,629.78,644.645,53.71428571428571,7.715143850342429,3.9209961204173323,27.196315109888257,0.0,Neutral
2024-01-14,650.0,665.0,648.0,665.0,29924.0,0.0,639.96,622.68,642.545,43.715846994535525,4.535108963168568,2.9724591879360576,21.613822737640458,0.0,Neutral
2024-01-11,648.9,648.9,633.3,644.0,14446.0,0.0,627.96,617.35,641.24,33.9080459770115,1.835717394984158,2.5817967441279297,15.811054501369519,0.0,Neutral
2024-01-10,643.0,656.8,629.2,640.0,30788.0,0.0,618.96,619.85,640.1899999999999,35.028248587570616,0.5017926313016687,2.7683165814138726,21.4603122065086,0.0,Neutral
2024-01-09,623.0,638.9,619.0,631.8,19872.0,0.0,612.96,621.85,639.29,43.847656249999986,-0.8008065053446671,3.334947568941923,24.291985418165574,0.0,Neutral
2024-01-08,596.0,627.0,595.2,619.0,35765.0,0.0,607.6,625.2700000000001,636.7,44.336882865440465,-1.6168394905865853,4.36888608751357,27.97650005909164,0.0,Neutral
2024-01-07,599.0,613.0,590.0,605.0,39865.0,0.0,605.4,632.1700000000001,635.0,41.919191919191924,-1.3316039264321944,5.865317482038609,34.09757404209756,0.0,Neutral
2024-01-04,615.0,615.0,598.0,599.0,7248.0,0.0,606.74,641.6700000000001,633.45,39.711191335740075,0.4772837052912564,7.66454783415631,38.62066372639647,0.0,Neutral
2024-01-03,615.0,620.0,591.0,610.0,13269.0,0.0,620.74,651.07,633.05,46.730382293762574,3.3900488831592384,9.461363866372572,38.52047219049201,0.0,Neutral
2024-01-02,608.0,617.9,603.0,605.0,3456.0,0.0,630.74,655.7700000000001,631.15,45.63655030800821,5.938486635519553,10.979192612175906,35.71797088924727,0.0,Neutral
2024-01-01,611.0,623.0,608.0,608.0,10218.0,0.0,642.9399999999999,659.51,629.45,55.98802395209581,9.613932833833587,12.239369106339993,31.522917589176128,0.22950296103954315,Positive
2023-12-28,634.0,634.7,608.2,611.7,12146.0,0.0,658.9399999999999,662.4100000000001,627.8,55.67843470863463,13.859845140280754,12.895728174466594,27.310089710593132,0.4590059220790863,Positive
2023-12-27,670.0,677.0,665.0,669.0,28742.0,0.9180118441581726,676.6,665.1299999999999,625.97,75.15889830508475,18.700848191196428,12.654698933013051,22.656372662517207,0.9180118441581726,Strongly Positive
2023-12-24,679.0,688.0,657.0,660.0,22488.0,0.0,681.4,660.53,621.77,67.53048780487805,18.773534293402236,11.143161618467207,26.17921355241359,0.0,Neutral
2023-12-21,675.0,694.0,664.0,666.0,24831.0,0.0,680.8,656.7299999999999,618.015,72.40228789323166,19.509602237768036,9.23556844973345,28.882984225637873,0.0,Neutral
2023-12-20,705.0,707.0,680.0,688.0,24901.0,0.0,676.08,648.1299999999999,613.2149999999999,80.98516949152543,19.554407472391176,6.667060002724802,37.372005268362074,0.0,Neutral
2023-12-19,685.5,706.7,680.1,700.0,17307.0,0.0,665.88,637.8299999999999,607.915,84.56858407079648,17.08716749952987,3.4452231353082077,39.30631981982701,0.2299548089504242,Positive
2023-12-18,668.0,703.8,657.0,693.0,41999.0,0.0,653.6600000000001,625.2299999999999,601.5699999999999,83.89879240943071,12.467713315993706,0.03473704425279234,37.30719471869437,0.4599096179008484,Positive
2023-12-17,629.6,657.0,629.6,657.0,19939.0,0.9198192358016968,639.6600000000001,615.03,596.92,74.35723951285522,7.102988691684004,-3.0735070236824362,29.935042638663795,0.962254248559475,Strongly Positive
2023-12-14,625.0,642.6,624.4,642.4,9972.0,0.0,632.66,606.53,594.62,71.56789197299325,3.817787608413255,-5.617630952524046,28.737433968814774,0.0848700255155563,Slightly Positive
2023-12-13,642.9,651.0,630.0,637.0,16137.0,0.1697400510311126,620.18,599.39,592.65,73.45938375350141,1.0556904060072156,-7.9764855927583715,27.685714326682746,0.1697400510311126,Slightly Positive
2023-12-12,635.0,639.0,615.0,638.9,18146.0,0.0,609.78,593.1899999999999,591.0600000000001,68.60693263570961,-1.9352873382420057,-10.234529592449768,25.15385766749289,0.0,Neutral
2023-12-11,634.4,640.0,605.0,623.0,23464.0,0.0,596.8,586.8100000000001,589.5150000000001,67.10075394105552,-5.918167479618319,-12.309340156001708,19.79126911883867,0.0,Neutral
2023-12-10,591.6,622.2,591.6,622.0,1169.0,0.0,590.4,583.01,588.62,56.40279394644936,-9.29677933308983,-13.907133325097554,15.1818934553589,0.0,Neutral
2023-12-07,586.0,592.4,580.0,580.0,8613.0,0.0,580.4,579.3,588.49,38.991477272727266,-13.372072581221346,-15.059721823099485,6.832276341088413,0.0,Neutral
2023-12-06,570.0,585.4,567.1,585.0,4709.0,0.0,578.6,578.3,590.745,43.74130737134909,-14.102762180382229,-15.481634133569019,7.424583789374685,0.0,Neutral
2023-12-05,597.0,597.0,574.0,574.0,4110.0,0.0,576.6,578.0,592.9449999999999,38.44444444444443,-15.339347637050992,-15.826352121865716,7.180374487363456,0.0,Neutral
2023-12-04,565.1,591.0,565.0,591.0,6313.0,0.0,576.82,577.9100000000001,596.295,42.96357615894039,-15.57456256338753,-15.948103243069395,7.241462406087625,0.227772518992424,Positive
2023-12-03,570.2,580.0,565.1,572.0,4861.0,0.0,575.6200000000001,578.8100000000001,598.395,34.19293218720151,-17.379152341171448,-16.04148841298986,9.312291757605987,0.455545037984848,Positive
2023-11-30,575.0,598.0,570.2,571.0,17665.0,0.911090075969696,578.2,582.71,602.345,29.491525423728802,-17.495131987125887,-15.707072430944464,13.408906658589254,0.911090075969696,Strongly Positive
2023-11-29,575.0,588.0,575.0,575.0,5169.0,0.0,578.0,585.9100000000001,606.38,29.07268170426063,-17.28687136087683,-15.260057541899107,14.104171959659096,0.0,Neutral
2023-11-28,585.0,585.0,575.0,575.1,3088.0,0.0,579.4,588.9300000000001,609.1,28.178137651821842,-17.176882396306155,-14.753354087154674,14.727981682681389,0.0,Neutral
2023-11-27,584.0,590.9,575.0,585.0,2271.0,0.0,579.0,592.22,611.4449999999999,27.707006369426736,-16.796832737580644,-14.147472009866803,14.968025179652708,0.0,Neutral
2023-11-26,570.0,587.0,570.0,584.9,4864.0,0.0,582.0,594.23,613.845,31.985018726591733,-17.075433606078832,-13.485131827938341,15.237895013596054,0.0,Neutral
2023-11-23,583.8,590.0,561.1,570.0,8612.0,0.0,587.22,597.6800000000001,616.5,20.35139092240115,-17.172477862146252,-12.587556383403218,16.723888436764955,0.0,Neutral
2023-11-22,562.0,584.0,562.0,582.0,3377.0,0.0,593.82,603.19,619.75,22.186751795690313,-15.52946921644127,-11.441326013717457,15.632121488240664,0.0,Neutral
2023-11-21,595.0,595.0,565.0,573.1,9153.0,0.0,598.46,607.8900000000001,622.3,29.70439798125453,-14.428327720047719,-10.419290213036504,15.618752973439271,0.0,Neutral
2023-11-20,611.0,611.0,580.0,600.0,14266.0,0.0,605.4399999999999,614.6800000000001,625.4449999999999,40.77181208053691,-11.906822352359313,-9.4170308362837,13.418047548017013,0.0,Neutral
2023-11-09,615.0,615.0,588.2,611.0,8691.0,0.0,606.46,617.98,627.8,40.77181208053691,-11.254183539748055,-8.794582957264797,13.464422255243571,0.0,Neutral
2023-11-08,617.0,617.0,603.0,603.0,2761.0,0.0,608.14,621.98,629.85,34.93975903614458,-11.377481876527895,-8.179682811643982,16.710661932521926,0.0,Neutral
2023-11-07,620.0,620.0,605.0,605.2,4768.0,0.0,612.5600000000001,626.85,632.15,37.26495726495729,-10.554819289995635,-7.3802330454230045,17.635459859193926,0.0,Neutral
2023-11-06,601.0,616.0,600.0,608.0,10743.0,0.0,617.32,629.27,634.9799999999999,39.242685025817565,-9.575278035330939,-6.586586484279845,15.91051713667226,0.005127113312482825,Neutral
2023-11-05,607.1,609.7,600.0,605.1,9507.0,0.0,623.9200000000001,630.67,637.28,36.71539122957869,-8.470841335226623,-5.839413596517071,14.372585787637599,0.01025422662496565,Neutral
2023-11-02,624.0,624.0,615.0,619.4,5691.0,0.0205084532499313,629.5,633.4599999999999,640.28,37.75419982316534,-6.642693527672122,-5.181556661839682,11.219546435707223,0.0205084532499313,Neutral
2023-11-01,630.0,630.2,623.0,625.1,4086.0,0.0,635.82,635.3199999999999,643.225,38.023152270703484,-5.668691147445429,-4.816272445381572,10.117289931415241,0.0,Neutral
2023-10-31,635.0,636.0,628.2,629.0,2928.0,0.0,641.14,636.31,645.1700000000001,41.0233393177738,-4.923419874538695,-4.603167769865608,9.469770617935374,0.0,Neutral
2023-10-30,630.0,641.0,625.0,641.0,5871.0,0.0,641.22,636.7099999999999,647.22,40.73083778966134,-4.297660251671687,-4.523104743697336,9.20753918148235,0.0,Neutral
2023-10-29,638.2,638.3,627.0,633.0,4460.0,0.0,637.4200000000001,636.2099999999999,648.2900000000001,40.625,-4.65827018391542,-4.579465866703748,9.083617732592453,0.0,Neutral
2023-10-19,640.5,651.0,630.1,651.0,22053.0,0.0,637.4200000000001,637.62,649.1400000000001,43.29210275927687,-4.236237476576775,-4.559764787400829,9.609116042168612,0.0,Neutral
2023-10-18,623.0,651.7,623.0,651.7,9973.0,0.0,634.82,637.72,649.09,38.69047619047622,-5.468679548641717,-4.640646615106843,9.767724629881569,0.0,Neutral
2023-10-17,634.0,635.0,627.0,629.4,10375.0,0.0,631.48,637.45,648.705,34.21532846715324,-7.033452090824312,-4.433638381723124,9.36746734422897,0.0,Neutral
2023-10-16,635.0,635.0,622.0,622.0,11466.0,0.0,632.2,640.69,650.1800000000001,27.818853974121964,-6.657820650616259,-3.783684954447827,11.608851986530906,0.0,Neutral
2023-10-12,640.0,643.0,626.1,633.0,14822.0,0.0,635.0,643.8900000000001,650.835,35.973282442748086,-5.328082766560101,-3.0651510304057186,10.210718768945814,0.0,Neutral
2023-10-11,636.0,648.0,635.0,638.0,9429.0,0.0,637.8199999999999,647.1,651.78,44.652406417112296,-4.673354299760035,-2.4994180963671226,11.384980359161323,0.0,Neutral
2023-10-10,633.0,635.0,627.3,635.0,6703.0,0.0,640.62,651.13,651.335,43.131868131868124,-4.27879753959337,-1.955934045518894,14.509694077509593,0.0,Neutral
2023-10-09,636.0,640.6,631.0,633.0,7827.0,0.0,643.42,654.03,650.865,45.14134275618374,-3.4075080378593157,-1.375218172000275,13.808777401856268,0.0,Neutral
2023-10-08,645.0,648.0,634.0,636.0,17012.0,0.0,649.18,657.73,650.965,40.84732214228616,-2.042225684186178,-0.8671457055355147,12.436599213638267,0.0,Neutral
2023-10-05,644.5,653.0,644.0,647.1,4817.0,0.0,652.78,660.3700000000001,651.1650000000001,54.35413642960813,-0.5753783791825526,-0.5733757108728488,9.842882369204187,0.0,Neutral
2023-10-04,660.0,672.0,650.0,652.0,5341.0,0.0,656.38,660.6600000000001,650.5649999999999,50.03340013360054,0.17503950290108605,-0.5728750437954228,9.44306918095021,0.0,Neutral
2023-10-03,650.0,660.0,649.0,649.0,10730.0,0.0,661.64,660.46,650.4649999999999,55.87020648967552,0.6313904796274983,-0.7598536804695499,9.665425207672,0.0,Neutral
2023-10-02,657.0,663.9,645.1,661.8,8397.0,0.0,664.64,659.9599999999999,650.615,61.2983770287141,1.510130955672821,-1.107664720493812,10.423712283943594,0.0,Neutral
2023-10-01,653.0,666.0,650.0,654.0,15488.0,0.0,666.28,659.67,649.97,55.87144622991349,1.306485076651711,-1.7621136395354702,10.407160996191996,0.0,Neutral
2023-09-27,664.8,678.0,664.8,665.1,20759.0,0.0,667.96,657.78,649.6650000000001,58.06037251123959,1.8217372808588834,-2.5292633185822653,12.955462168547573,0.0,Neutral
2023-09-26,650.8,703.0,650.8,678.3,26248.0,0.0,664.9399999999999,656.46,649.1600000000001,64.6540027137042,1.3227066428709122,-3.6170134684425523,12.798281134616186,0.0,Neutral
2023-09-25,661.0,674.2,661.0,664.0,11814.0,0.0,659.28,651.54,648.595,54.72972972972973,-0.6774772862390819,-4.851943496270918,12.92578817715544,0.0,Neutral
2023-09-24,655.1,683.0,655.1,670.0,25464.0,0.0,655.28,647.7,648.1949999999999,56.250000000000014,-1.7645851043214407,-5.895560048778877,14.429368200561381,0.0,Neutral
2023-09-21,663.0,676.2,655.0,662.4,19672.0,0.0,653.0600000000001,644.2,646.9449999999999,54.83870967741936,-3.7373723906109717,-6.928303784893235,12.540423526457952,0.0,Neutral
2023-09-19,649.0,660.0,640.1,650.0,8214.0,0.0,647.6,641.96,646.425,50.81967213114755,-5.427186383066214,-7.7260366334638,10.809378643908856,0.0,Neutral
2023-09-18,632.0,656.8,632.0,650.0,3649.0,0.0,647.98,640.47,647.125,48.15088757396449,-6.242517167864662,-8.300749196063196,10.602939843933132,0.0,Neutral
2023-09-17,647.0,650.0,640.2,644.0,10316.0,0.0,643.8,640.47,647.125,41.855524079320105,-7.192375483474734,-8.815307203112829,10.602939843933132,0.0,Neutral
2023-09-13,640.0,658.9,635.1,658.9,8155.0,0.0,640.12,641.2700000000001,647.475,51.056081573197375,-7.68921463563936,-9.22104013302235,11.18471675500177,0.0,Neutral
2023-09-12,638.9,664.0,633.0,635.1,14363.0,0.0,635.3399999999999,640.27,647.58,46.02409638554217,-9.728609849701911,-9.603996507368098,9.793881309871143,0.0,Neutral
2023-09-11,623.0,654.0,620.0,651.9,14247.0,0.0,636.3199999999999,641.55,649.925,49.956408020924144,-9.766839961473465,-9.572843171784644,9.87918687615841,0.0,Neutral
2023-09-10,636.0,638.1,629.1,629.1,4448.0,0.0,632.9599999999999,641.8599999999999,651.98,33.205004812319544,-11.384117813785792,-9.524343974362438,10.280531763194903,0.0,Neutral
2023-09-07,644.0,644.0,625.6,625.6,5888.0,0.0,637.1400000000001,645.65,654.975,39.33566433566435,-10.961310740718432,-9.0594005145066,11.91061617963104,0.0,Neutral
2023-09-05,645.0,645.0,632.1,635.0,4002.0,0.0,642.4200000000001,648.6899999999999,655.495,42.45283018867925,-9.905854283956614,-8.58392295795364,9.94132229080155,0.0,Neutral
2023-09-04,645.0,645.0,632.7,640.0,7810.0,0.0,645.2,649.6899999999999,656.05,40.54054054054054,-9.37171379865049,-8.253440126452894,8.854810368797384,0.0,Neutral
2023-09-03,646.0,650.0,635.1,635.1,5393.0,0.0,646.78,650.89,656.185,31.549960660896943,-9.06273137851565,-7.973871708403495,8.183377460887224,0.0,Neutral
2023-08-30,655.0,660.1,644.0,650.0,10893.0,0.0,650.76,653.78,657.78,32.5487012987013,-8.037626814946975,-7.701656790875456,7.005838834747584,0.0,Neutral
2023-08-29,640.0,655.0,640.0,652.0,15112.0,0.0,654.1600000000001,653.78,657.73,35.22364217252397,-8.129400600138183,-7.617664284857575,7.005838834747584,0.0,Neutral
2023-08-28,640.1,651.1,640.1,648.9,10869.0,0.0,654.96,653.68,657.98,53.683609366076524,-8.331927859053053,-7.489730206037423,7.041117335623185,0.0,Neutral
2023-08-27,660.0,660.0,642.2,647.9,5130.0,0.0,654.1800000000001,654.89,658.99,50.488599348534194,-8.153598246118008,-7.2791807927835155,7.166968985918648,0.0,Neutral
2023-08-24,663.1,674.5,652.0,655.0,11686.0,0.0,655.0,658.3,660.795,53.407202216066466,-7.705568838392082,-7.060576429449892,10.708771067608097,0.0,Neutral
2023-08-23,652.2,669.9,652.2,667.0,13508.0,0.0,656.8,662.1,662.795,50.0,-7.744548483972721,-6.899328327214343,15.205627613214757,0.0,Neutral
2023-08-22,645.0,657.0,644.0,656.0,6686.0,0.0,653.4,664.3,664.9449999999999,51.75175175175175,-8.903470890019548,-6.688023288024748,17.423164657068078,0.0,Neutral
2023-08-21,644.2,663.9,644.2,645.0,9212.0,0.0,652.4,662.3,667.545,46.95121951219512,-9.133172275337188,-6.1341613875260474,19.50526994317697,0.0,Neutral
2023-08-20,664.0,664.0,648.2,652.0,20304.0,0.0,655.6,662.4100000000001,671.395,45.765230312035655,-8.17350862859223,-5.384408665573263,19.399682127996677,0.0,Neutral
2023-08-17,650.0,675.0,648.1,664.0,23987.0,0.0,661.6,661.4799999999999,676.045,45.1171875,-7.54246872123997,-4.68713367481852,20.162109677990475,0.0,Neutral
2023-08-16,652.0,663.0,645.0,650.0,5584.0,0.0,667.4,661.78,679.295,38.85034687809713,-7.849141876274302,-3.9732999132131575,20.225989881024763,0.0,Neutral
2023-08-15,663.0,670.0,651.0,651.0,7838.0,0.0,675.2,661.68,683.76,36.32993512511584,-6.700944457772266,-3.004339422447871,20.293063949169778,0.0,Neutral
2023-08-14,694.9,695.0,654.2,661.0,17898.0,0.0,672.2,662.28,689.1099999999999,38.69104908565929,-5.239776924225794,-2.0801881636167723,20.029189810002098,0.0,Neutral
2023-08-13,699.9,700.0,677.0,682.0,10419.0,0.0,669.22,663.0899999999999,693.66,40.0398406374502,-4.316762698874072,-1.2902909734645165,20.135179275216018,0.0,Neutral
2023-08-10,675.3,700.0,657.0,693.0,25283.0,0.0,661.36,663.29,696.375,37.78195488721804,-5.214053448350569,-0.5336730421121275,20.352638376621655,0.0,Neutral
2023-08-09,638.0,689.0,626.1,689.0,21387.0,0.0,656.1600000000001,663.49,699.225,41.10320284697509,-7.403481954797144,0.636422059447483,20.684156577776527,0.0,Neutral
2023-08-08,647.0,654.0,627.2,636.0,14789.0,0.0,648.1600000000001,665.5899999999999,701.83,21.636463481603514,-9.683029147319303,2.6463980630086397,24.310100781375517,0.0,Neutral
2023-08-07,645.0,668.1,633.0,646.1,4910.0,0.0,652.36,672.79,705.98,20.660723649711585,-7.055352594541091,5.728754865590625,25.217870647630168,0.0,Neutral
2023-08-06,668.1,671.0,640.0,642.7,15606.0,0.0,656.96,680.38,709.75,21.727884117951376,-4.627222120347142,8.924781730623554,27.60164246321667,0.0,Neutral
2023-08-03,661.0,669.9,654.0,667.0,13088.0,0.0,665.22,690.61,713.565,31.239848402815397,-1.114557811534496,12.312782693366229,30.851056167774995,0.0,Neutral
2023-08-02,650.0,657.0,645.0,649.0,7397.0,0.0,670.8199999999999,696.8100000000001,714.52,22.006651884700673,0.9109091107903851,15.669617819591409,31.794564524991532,0.0035066450946033,Neutral
2023-08-01,672.0,678.0,652.0,657.0,13159.0,0.0,683.02,705.84,716.575,26.806398234969663,5.315619122764474,19.359294996791665,29.443437299345348,0.0070132901892066,Neutral
2023-07-31,671.0,685.0,657.0,669.1,52903.0,0.0140265803784132,693.22,715.94,719.425,36.95765812859384,10.045767259898412,22.870213965298458,28.12168795313993,0.0140265803784132,Neutral
2023-07-30,697.0,708.9,684.0,684.0,16230.0,0.0,703.8,724.23,721.72,39.51928451648966,14.705036085696406,26.076325641648467,24.802690266276635,0.0,Neutral
2023-07-27,705.4,711.0,694.0,695.0,20845.0,0.0,716.0,729.46,722.5699999999999,42.95774647887325,18.920975043922795,28.919148030636478,20.521706665012847,0.0,Neutral
2023-07-26,709.0,719.0,705.0,710.0,8684.0,0.0,722.8,734.96,724.02,56.34625597450876,22.90683204087486,31.418691277314895,17.391453839947758,0.0,Neutral
2023-07-25,722.0,729.9,707.6,708.0,16417.0,0.0,728.6600000000001,738.0699999999999,726.765,54.70310036784024,26.13377196002625,33.5466560864249,15.055973343948517,0.0,Neutral
2023-07-24,759.9,759.9,722.0,722.0,22334.0,0.0,738.6600000000001,739.17,726.1949999999999,51.998001998002,30.07602950105195,35.39987711802456,12.856044838488996,0.0,Neutral
2023-07-23,717.0,750.0,717.0,745.0,17676.0,0.0,744.6600000000001,739.12,722.895,58.417508417508415,33.24485960612765,36.73083902226771,12.930996352447764,0.0,Neutral
2023-07-20,750.0,750.0,728.7,729.0,20531.0,0.0,742.92,736.52,716.6949999999999,57.945516458569806,34.464059345971464,37.60233387630272,14.171708906610181,0.0,Neutral
2023-07-19,760.0,770.0,739.3,739.3,115793.0,0.0,747.12,732.23,711.1949999999999,54.04976177871889,37.14799705979442,38.38690250888554,21.367475283719838,0.0,Neutral
2023-07-18,755.0,769.8,746.0,758.0,60228.0,0.0,747.4799999999999,727.31,704.98,48.365703458076744,38.98461578456761,38.69662887115832,24.926578853379212,0.0,Neutral
2023-07-17,744.0,753.0,732.0,752.0,30221.0,0.0,739.68,722.91,698.55,60.131675201170445,38.8577601818663,38.62463214280599,22.690401788724465,0.0,Neutral
2023-07-16,755.0,755.0,735.0,736.3,26621.0,0.0,733.5799999999999,719.2099999999999,693.45,63.459604425075426,38.741551609954854,38.56635013304091,20.311816484236985,0.0,Neutral
2023-07-13,743.0,774.0,736.0,750.0,69336.0,0.0,730.12,715.68,686.5849999999999,70.18147684605758,39.62825919111606,38.52254976381243,20.077782082037363,0.0,Neutral
2023-07-12,733.0,743.9,723.0,741.1,63843.0,0.0,717.34,713.0799999999999,679.035,69.52350495682764,38.788700370109154,38.246122406986515,16.505271885081388,0.0,Neutral
2023-07-11,719.0,731.0,714.0,719.0,27752.0,0.0,707.1400000000001,715.46,671.78,67.6510522742702,38.05910056045866,38.11047791620585,21.846342180491327,0.0,Neutral
2023-07-10,715.0,734.0,711.0,721.5,53427.0,0.0,706.1400000000001,713.22,665.0799999999999,65.02446982055466,38.82446079526164,38.12332225514265,22.579134911103,0.0,Neutral
2023-07-09,685.0,719.0,685.0,719.0,33977.0,0.0,704.84,706.67,658.51,60.62846580406654,38.98207388338835,37.94803762011289,28.606333797496976,0.0,Neutral
2023-07-06,680.0,696.0,677.0,686.1,34493.0,0.0,701.24,696.87,651.16,62.707907791070916,38.87077896847529,37.68952855429403,38.86132181660654,0.0,Neutral
2023-07-05,703.5,713.0,688.1,690.1,24255.0,0.0,708.82,690.16,645.255,63.44847948036611,41.51315121935386,37.394215950748716,46.054706599874855,0.0,Neutral
2023-07-04,729.0,745.0,690.9,714.0,40690.0,0.0,723.78,682.65,638.59,68.56513530522341,43.87467869273905,36.36448213359743,51.82700390080371,0.0,Neutral
2023-07-03,699.9,717.0,680.1,715.0,60702.0,0.0,720.3,674.19,630.135,69.82916412446615,43.81721479596558,34.48693299381202,53.031823779066485,0.0,Neutral
2023-07-02,730.0,730.0,701.0,701.0,62208.0,0.0,708.5,667.69,622.385,67.3878958921292,43.00471047977885,32.15436254327362,51.433418664874026,0.0,Neutral
2023-06-28,780.1,781.0,724.0,724.0,228920.0,0.0,692.5,657.49,613.835,74.20382165605096,42.76759100013999,29.441775559147306,54.136585493449715,0.0,Neutral
2023-06-27,702.0,766.2,697.0,764.9,146747.0,0.0,671.5,644.99,604.085,85.5286900036088,39.50104808612639,26.110321698899135,51.43704782440031,0.0,Neutral
2023-06-26,656.1,709.0,656.1,696.6,51116.0,0.0,641.5200000000001,628.1,592.8900000000001,81.77272727272727,30.59282715825975,22.76264010209232,31.58906280486519,0.0,Neutral
2023-06-25,625.0,660.0,622.0,656.0,59958.0,0.0,628.0799999999999,616.94,586.0600000000001,79.03815995818087,25.73189314257172,20.805093338050458,23.335057079205228,0.0,Neutral
2023-06-22,617.0,640.0,613.0,621.0,23040.0,0.0,626.8799999999999,610.35,582.26,67.79463243873977,23.287109825928837,19.57339338692014,20.169132080726598,0.0,Neutral
2023-06-21,620.0,632.4,610.0,619.0,28353.0,0.0,622.4799999999999,605.45,579.71,72.31695085255765,23.39159206794568,18.644964277167965,23.041858046241604,0.0,Neutral
2023-06-20,625.2,654.7,605.0,615.0,33515.0,0.0,618.4799999999999,600.35,575.76,71.89409368635437,23.388344426767958,17.458307329473534,25.247981217445943,0.0,Neutral
2023-06-19,640.0,645.0,622.0,629.4,22456.0,0.0,614.68,594.53,571.76,72.78350515463916,23.451277882184513,15.97579805514993,28.048372897963144,0.0,Neutral
2023-06-18,600.0,650.7,600.0,650.0,48581.0,0.0,605.8,586.0799999999999,567.19,73.38877338877337,21.724312541539007,14.106928098391283,29.08530747838358,0.0,Neutral
2023-06-15,600.0,606.0,584.0,599.0,18577.0,0.0,593.82,577.0799999999999,561.19,55.885997521685255,17.106632233419873,12.20258198760435,19.43077741913973,0.0,Neutral
2023-06-14,607.9,612.0,585.0,599.0,43180.0,0.0,588.4200000000001,570.18,557.2900000000001,58.459743290548424,16.156696534934326,10.97656942615047,22.74969108461716,0.0,Neutral
2023-06-13,580.0,615.0,577.0,596.0,34534.0,0.0,582.22,563.18,553.335,64.11290322580645,14.709226657450131,9.681537648954503,23.648199367698673,0.0,Neutral
2023-06-12,600.0,601.0,579.0,585.0,22508.0,0.0,574.3799999999999,557.68,549.0450000000001,62.993762993762985,12.95323089880742,8.424615396830594,21.46168679300652,0.0,Neutral
2023-06-11,575.0,595.0,572.0,590.1,30545.0,0.0,566.36,555.1800000000001,545.095,63.688912243825534,11.643531135611738,7.292461521336387,19.269826730496103,0.0,Neutral
2023-06-08,568.0,580.0,565.3,572.0,14851.0,0.0,560.3399999999999,554.1700000000001,540.9100000000001,61.65371809100999,9.283244803160414,6.2046941177675485,17.41123838856231,0.0,Neutral
2023-06-07,561.0,582.0,561.0,568.0,33243.0,0.0,551.9399999999999,553.97,538.0550000000001,62.6889848812095,7.978541232603789,5.435056446419332,17.193800562380098,0.0,Neutral
2023-06-06,542.1,561.0,539.1,556.8,58066.0,0.0,544.14,551.17,534.905,60.53683609366075,6.604486257346366,4.799185249873218,16.93307414503148,0.0,Neutral
2023-06-05,555.0,567.4,539.0,544.9,14570.0,0.0,540.98,548.99,532.4649999999999,60.0347021399653,5.8949908342746085,4.34785999800493,17.520809849402468,0.0,Neutral
2023-06-04,540.6,563.6,540.6,560.0,15425.0,0.0,544.0,548.3,530.8199999999999,66.66666666666666,6.115307718509939,3.96107728893751,17.832866037523356,0.0,Neutral
2023-06-01,538.0,543.0,521.0,530.0,16553.0,0.0,548.0,545.3,528.3199999999999,58.91238670694865,4.770107702119276,3.4225196815444026,18.166207945310532,0.0,Neutral
2023-05-31,538.0,553.0,527.3,529.0,25917.0,0.0,556.0,544.4,527.495,55.039313795568276,6.038305387349851,3.085622676400684,19.201851762584422,0.0,Neutral
2023-05-30,571.2,571.2,538.0,541.0,30966.0,0.0,558.2,543.49,526.645,63.062409288824384,7.670975081773577,2.3474519986633924,20.202334848588453,0.0,Neutral
2023-05-28,591.0,591.6,560.0,560.0,24461.0,0.0,557.0,540.4100000000001,525.395,71.3464696223317,8.421459308739486,1.0165712278858465,22.80440746875849,0.0,Neutral
2023-05-24,570.0,582.0,560.0,580.0,45818.0,0.0,552.6,535.01,523.415,82.13610586011343,7.3223106775761835,-0.8346507923275632,24.011684655625174,0.0,Neutral
2023-05-23,549.5,570.0,547.0,570.0,28788.0,0.0,542.6,527.65,520.795,80.67484662576689,3.776527360308478,-2.8738911598034997,19.55557607325249,0.0,Neutral
2023-05-22,527.0,554.0,526.2,540.0,15701.0,0.0,532.8,522.14,518.395,68.58345021037869,0.21406898284578801,-4.536495789831494,12.940994294665337,0.0,Neutral
2023-05-21,541.0,548.7,532.6,535.0,16633.0,0.0,528.78,518.64,517.4849999999999,66.96165191740414,-1.2814916223206865,-5.724136983000815,12.290574527802232,0.0,Neutral
2023-05-18,530.0,542.3,524.0,538.0,17110.0,0.0,523.8199999999999,515.9399999999999,517.24,65.98837209302326,-2.662640007499249,-6.834798323170846,11.215980662584506,0.0,Neutral
2023-05-17,522.0,530.0,515.0,530.0,10786.0,0.0,517.42,513.3399999999999,516.89,57.36196319018408,-4.692212819018209,-7.877837902088744,8.120372186402534,0.0,Neutral
2023-05-16,523.0,524.8,514.0,521.0,4156.0,0.0,512.7,511.34,516.29,44.794952681388,-6.3998899301711845,-8.674244172856376,5.647654380471734,0.0,Neutral
2023-05-15,505.0,519.9,505.0,519.9,4871.0,0.0,511.48,510.59,516.64,48.453608247422665,-7.570053953058618,-9.242832733527674,4.628282618992051,0.0,Neutral
2023-05-14,507.0,515.0,504.0,510.2,7072.0,0.0,508.5,509.8,517.495,40.068493150684965,-8.841498884772136,-9.661027428644937,3.3641905087322583,0.0,Neutral
2023-05-11,503.0,511.0,501.5,506.0,3132.0,0.0,508.06000000000006,510.38,518.9399999999999,30.720000000000013,-9.348084977471672,-9.865909564613137,3.898375730300755,0.0,Neutral
2023-05-10,515.0,520.9,500.4,506.4,3204.0,0.0,509.26000000000005,511.82,521.5899999999999,30.476190476190496,-9.431064536117674,-9.995365711398502,4.681595169874616,0.0,Neutral
2023-05-09,511.0,516.0,509.0,514.9,3114.0,0.0,509.98,513.9399999999999,522.52,47.70370370370369,-9.440524779536986,-10.136441005218709,6.428616578422177,0.0,Neutral
2023-05-08,504.0,506.0,497.2,505.0,12485.0,0.0,509.7,514.65,522.725,32.9881656804734,-10.180737311617008,-10.310420061639137,6.9197382738821,0.0,Neutral
2023-05-07,512.0,513.8,508.0,508.0,3279.0,0.0,511.1,516.33,523.075,30.298913043478294,-9.969434218939227,-10.342840749144667,6.330885491963707,0.0,Neutral
2023-05-04,510.0,516.0,508.5,512.0,4916.0,0.0,512.7,518.54,523.575,31.101813110181325,-9.860179228373113,-10.436192381696024,6.929037130568246,0.0,Neutral
2023-05-03,510.1,518.0,506.2,510.0,3888.0,0.0,514.3799999999999,520.4399999999999,524.425,22.656250000000043,-9.984582069819794,-10.580195670026752,7.51652993231941,0.0,Neutral
2023-05-02,515.0,520.0,509.0,513.5,2791.0,0.0,517.9,521.24,524.865,45.21232306411324,-9.794498684614268,-10.72909907007849,6.658695234312119,0.0,Neutral
2023-04-30,520.0,520.0,510.0,512.0,3795.0,0.0,519.6,522.6899999999999,524.9,47.19101123595506,-9.765781364812028,-10.962749166444546,6.357925937241299,0.0,Neutral
2023-04-27,516.0,525.0,515.1,516.0,4880.0,0.0,521.56,525.1899999999999,525.255,51.56739811912225,-9.434352620412824,-11.261991116852673,6.59805526913406,0.0,Neutral
2023-04-26,530.0,533.0,520.1,520.4,6925.0,0.0,524.3799999999999,527.5,526.155,50.928792569659436,-9.281374803082599,-11.718900740962633,7.051241025607204,0.0,Neutral
2023-04-25,516.0,527.6,515.5,527.6,6902.0,0.0,526.5,531.36,526.9350000000001,49.47368421052632,-9.39911766455441,-12.32828222543264,11.73941130461706,0.0,Neutral
2023-04-24,532.2,532.2,515.0,522.0,13751.0,0.0,524.5799999999999,531.1,527.255,51.16279069767444,-10.14577684171229,-13.060573365652196,11.860110548532678,0.0,Neutral
2023-04-23,529.9,529.9,517.0,521.8,7213.0,0.0,525.78,530.8,527.3050000000001,52.67605633802813,-10.381028710132568,-13.789272496637171,12.150262914442793,0.010164456441998475,Neutral
2023-04-20,541.6,544.0,530.0,530.1,15605.0,0.0,528.8199999999999,529.8199999999999,526.865,53.96825396825397,-10.509935222768831,-14.64133344326332,13.29785279246567,0.02032891288399695,Neutral
2023-04-19,516.0,538.0,516.0,531.0,23823.0,0.0406578257679939,530.6200000000001,528.61,526.86,49.0170380078637,-11.366685932020573,-15.674182998386943,13.810177406579621,0.0406578257679939,Neutral
2023-04-18,521.0,529.0,518.0,518.0,14189.0,0.0,536.22,528.4100000000001,527.3100000000001,43.644067796610166,-12.386514132818093,-16.751057264978535,13.786180681355539,0.0,Neutral
2023-04-17,540.0,540.0,521.0,528.0,4351.0,0.0,537.6200000000001,528.49,528.61,47.75449101796408,-12.184381921722206,-17.842193048018643,13.721228484079473,0.0,Neutral
2023-04-16,540.0,540.0,527.9,537.0,15648.0,0.0,535.82,527.11,528.7650000000001,55.16224188790561,-12.767342162516684,-19.256645829592753,14.450563233970684,0.0,Neutral
2023-04-13,551.1,560.0,539.0,539.1,7999.0,0.0,530.82,525.32,528.72,59.094076655052284,-14.242068256584957,-20.87897174636177,14.195758364975413,0.0,Neutral
2023-04-12,529.9,561.0,529.0,559.0,19402.0,0.0,526.6,524.8100000000001,528.8149999999999,60.31294452347084,-16.131015842009106,-22.53819761880597,13.729647563700892,0.0,Neutral
2023-04-11,524.0,530.0,520.0,525.0,4780.0,0.0,520.6,522.51,529.015,43.56775300171526,-20.33354871152119,-24.139993063005186,8.164210515080892,0.0,Neutral
2023-04-10,509.1,522.2,509.1,519.0,9594.0,0.0,519.3599999999999,523.4100000000001,530.7149999999999,39.09249563699825,-21.939929956439983,-25.091604150876183,8.929408341797014,0.0,Neutral
2023-04-09,510.6,522.0,510.5,512.0,7911.0,0.0,518.4,523.8100000000001,533.22,42.07468879668048,-23.06022121877004,-25.87952269948523,8.79854154587865,0.0,Neutral
2023-04-06,519.1,530.0,515.0,518.0,11875.0,0.0,519.8199999999999,523.9100000000001,536.5699999999999,42.426778242677806,-23.44197157587098,-26.584348069664028,8.653894434883515,0.0,Neutral
2023-04-05,511.0,543.5,511.0,529.0,6653.0,0.0,523.02,525.11,539.17,44.70899470899471,-24.199158808739753,-27.369942193112287,8.574957078032716,0.0,Neutral
2023-04-04,515.0,522.0,510.0,518.8,2921.0,0.0,524.42,526.2099999999999,540.97,32.34824281150155,-25.93361729420144,-28.162638039205415,9.753910896609025,0.0,Neutral
2023-04-03,520.0,520.0,510.0,514.2,3584.0,0.0,527.46,528.73,543.88,32.02247191011236,-26.731655327729754,-28.719893225456406,10.823436505056014,0.0,Neutral
2023-04-02,539.0,539.0,518.0,519.1,4433.0,0.0,529.22,530.42,547.27,30.73959938366717,-26.89305434030257,-29.21695269988807,9.546703910604487,0.0,Neutral
2023-03-30,544.0,544.0,532.0,534.0,5277.0,0.0,528.0,532.1200000000001,551.54,31.97115384615384,-27.20679556230914,-29.797927289784443,8.790626320820396,0.0,Neutral
2023-03-29,544.6,544.6,518.0,536.0,2808.0,0.0,527.2,532.82,554.79,37.101669195751136,-28.728599150218542,-30.445710221653265,9.224942035413676,0.0,Neutral
2023-03-28,531.0,541.0,522.1,534.0,11058.0,0.0,528.0,535.5200000000001,558.595,38.501483679525215,-30.456739742056243,-30.874987989511943,13.307124240673947,0.0,Neutral
2023-03-27,507.0,526.0,503.0,523.0,7057.0,0.0,530.0,538.0200000000001,562.145,30.117820324005876,-32.01583206484452,-30.97955005137587,15.203128333085866,0.0,Neutral
2023-03-26,525.0,526.0,512.0,513.0,8316.0,0.0,531.62,542.6299999999999,568.245,23.623853211009163,-32.420115981351046,-30.720479548008704,17.023059523972336,0.0,Neutral
2023-03-23,540.0,540.0,529.3,530.0,4459.0,0.0,536.24,549.2299999999999,574.045,22.6705796038151,-31.44638212959967,-30.295570439673117,17.053188036943318,0.0,Neutral
2023-03-22,548.0,554.0,540.0,540.0,3808.0,0.0,538.4399999999999,553.2299999999999,579.595,27.617602427921085,-31.47705081875199,-30.007867517191478,16.729551365472954,0.0,Neutral
2023-03-20,540.0,548.0,535.0,544.0,5486.0,0.0,543.04,555.7299999999999,585.245,25.833924769339944,-32.0765290246336,-29.640571691801345,16.397496421404963,0.0,Neutral
2023-03-19,531.0,536.0,530.1,531.1,5474.0,0.0,546.0400000000001,559.03,590.995,22.649888971132512,-32.78238623978234,-29.031582358593276,17.080921781039102,-0.042858317494392374,Neutral
2023-03-16,541.0,542.0,531.1,536.1,7229.0,0.0,553.6400000000001,564.12,597.4399999999999,17.989417989418,-31.89302746726628,-28.09388138829601,15.32708568373728,-0.08571663498878475,Slightly Negative
2023-03-15,555.0,560.0,540.0,541.0,13448.0,-0.1714332699775695,562.22,570.9599999999999,604.86,25.717439293598233,-30.80307459809478,-27.144094868553438,16.639457790342835,-0.1714332699775695,Slightly Negative
2023-03-14,569.0,570.1,551.1,563.0,3443.0,0.0,568.0200000000001,576.76,612.26,27.219626168224295,-29.462762760016403,-26.2293499361681,15.070515732564361,0.0,Neutral
2023-03-13,565.0,570.0,554.0,559.0,5760.0,0.0,568.4200000000001,581.67,618.5350000000001,23.77232142857143,-29.563488191996043,-25.42099673020602,17.834364456199815,0.0,Neutral
2023-03-12,589.9,595.0,569.0,569.1,7802.0,0.0,572.0200000000001,586.27,623.4350000000001,24.32895488292405,-28.85476336965735,-24.385373864758513,17.260555546643594,0.0,Neutral
2023-03-09,576.0,582.0,573.0,579.0,8110.0,0.0,574.6,593.86,627.98,25.6317689530686,-28.558830765586322,-23.2680264885338,24.174513668574097,0.227090522646904,Positive
2023-03-07,575.0,592.0,570.0,570.0,6950.0,0.0,579.7,598.86,632.0350000000001,18.492019812878382,-28.77371197616344,-21.94532541927067,25.87075569056588,0.454181045293808,Positive
2023-03-05,579.0,580.0,565.0,565.0,5883.0,0.908362090587616,585.5,605.96,636.735,15.783664459161159,-27.71308818346529,-20.238228780047475,26.79644254997769,0.908362090587616,Strongly Positive
2023-03-02,580.2,588.0,577.0,577.0,5775.0,0.0,594.92,614.76,641.9350000000001,17.147908073070127,-25.447156169025334,-18.36951392919302,26.295508699750766,0.0,Neutral
2023-03-01,594.1,594.1,582.0,582.0,7508.0,0.0,600.52,622.96,646.4350000000001,30.88685015290521,-23.40668067177262,-16.60010336923494,25.995820176857812,0.0,Neutral
2023-02-28,610.9,610.9,590.2,604.5,6061.0,0.0,613.12,630.76,651.585,34.29541595925298,-20.970922045507905,-14.89845904360052,23.962665405462864,0.0,Neutral
2023-02-27,612.1,617.0,595.0,599.0,11179.0,0.0,618.02,638.76,656.065,32.165791009924106,-19.847885805504347,-13.380343293123673,27.337975215617092,0.0,Neutral
2023-02-26,595.0,617.0,560.0,612.1,18688.0,0.0,626.42,647.76,661.115,33.991363355953126,-17.565786665638143,-11.763457665028502,27.60733396924924,0.0,Neutral
2023-02-23,632.1,632.1,593.0,605.0,39145.0,0.0,634.6,655.4,665.735,30.0,-15.731314139254096,-10.312875414876093,27.210904676876893,0.0,Neutral
2023-02-22,620.0,649.9,620.0,645.0,6967.0,0.0,645.4,660.6,669.345,40.98360655737705,-12.438131909007438,-8.958265733781591,20.6986311946965,0.20742659270763397,Positive
2023-02-20,644.0,646.0,628.0,629.0,10675.0,0.0,648.4,662.1,671.35,27.41935483870968,-12.126642852816076,-8.08829918997513,19.973315531830412,0.41485318541526794,Positive
2023-02-16,640.0,659.9,640.0,641.0,7022.0,0.8297063708305359,659.5,665.21,674.6,28.07597027250206,-9.923591106872664,-7.078713274264892,16.336968983145862,0.8297063708305359,Strongly Positive
2023-02-15,660.0,664.9,650.0,653.0,8137.0,0.0,669.1,667.51,677.025,29.56521739130436,-8.18917100776855,-6.367493816112948,14.002019695610423,0.0,Neutral
2023-02-14,659.0,662.1,656.7,659.0,3275.0,0.0,676.2,669.11,678.275,29.95594713656388,-7.0781232302535955,-5.912074518199048,13.04091424882266,0.0,Neutral
2023-02-12,685.0,685.0,660.0,660.0,11435.0,0.0,675.8,669.9100000000001,680.325,43.84835479256079,-6.1679768199672935,-5.620562340185411,12.589365000340958,0.0,Neutral
2023-02-09,689.0,690.0,676.2,684.5,4631.0,0.0,675.8,672.4100000000001,684.075,49.7564935064935,-5.018401193456839,-5.48370872023994,12.88163636950858,0.0,Neutral
2023-02-08,685.0,700.0,674.9,689.0,33169.0,0.0,670.92,673.37,686.6,48.04075235109718,-5.972675194624003,-5.600035601935715,14.175491369128729,0.0,Neutral
2023-02-07,657.0,690.0,643.9,688.5,29330.0,0.0,665.92,674.47,687.9,49.620060790273556,-7.561982371464751,-5.506875703763643,15.850906037918035,0.0,Neutral
2023-02-06,660.0,665.0,655.0,657.0,4093.0,0.0,662.02,676.0699999999999,688.475,40.59139784946236,-9.429614697229226,-4.993099036838365,18.075831009039277,0.0,Neutral
2023-02-05,661.5,673.0,653.0,660.0,5654.0,0.0,664.02,678.0899999999999,688.925,34.68606431852986,-8.468961924700011,-3.8839701217406493,16.790966486662654,0.0,Neutral
2023-02-02,665.0,673.0,660.0,660.1,9387.0,0.0,669.02,680.6,689.175,27.37160120845921,-7.425089303403411,-2.737722171000809,15.621637415975982,0.0,Neutral
2023-02-01,675.0,675.0,662.2,664.0,7768.0,0.0,675.82,683.99,689.37,28.03217821782178,-5.994908767808056,-1.5658803879001582,14.3011615690082,0.0,Neutral
2023-01-31,668.0,674.0,660.0,669.0,5732.0,0.0,683.0200000000001,686.54,694.3149999999999,36.9762174405436,-4.479370574843642,-0.4586232929231837,12.500862192513072,0.0,Neutral
2023-01-30,676.5,685.0,666.1,667.0,9990.0,0.0,690.1200000000001,687.4399999999999,696.9649999999999,41.29746835443038,-2.9889291638257873,0.5465635275569309,11.370644465297476,0.0,Neutral
2023-01-29,691.0,705.0,684.0,685.0,19342.0,0.0,692.1600000000001,690.74,700.2149999999999,54.620622568093395,-0.8394722477438563,1.4304367004026104,9.396713373454414,0.0,Neutral
2023-01-26,709.0,711.0,690.0,694.1,8081.0,0.0,692.1800000000001,695.74,702.155,57.367088607594944,0.08349963056809884,1.997913937439227,16.568658498655342,0.0,Neutral
2023-01-25,710.0,724.2,688.1,700.0,23627.0,0.0,692.1600000000001,699.83,702.45,59.345794392523366,0.3337873788051411,2.476517514157009,20.66145364361555,0.0,Neutral
2023-01-24,685.0,704.5,664.6,704.5,23852.0,0.0,690.0600000000001,701.33,702.8,39.82578397212543,0.04766319740861036,3.0122000479949755,21.212315605184095,0.0,Neutral
2023-01-23,698.8,698.8,655.0,677.2,20106.0,0.0,684.76,700.88,702.925,42.548236859614114,-0.776410404263288,3.7533342606415667,21.185309375459635,0.06572817265987395,Slightly Positive
2023-01-19,688.0,699.0,681.5,685.1,13796.0,0.0,689.3199999999999,699.76,704.065,42.25305583085564,0.9627016227556169,4.88577042686778,22.810046519523596,0.1314563453197479,Slightly Positive
2023-01-18,703.2,712.9,686.0,694.0,29087.0,0.2629126906394958,699.3,697.75,704.4100000000001,45.06622516556292,2.3640744045469546,5.866537627895821,25.02359997194988,0.2629126906394958,Positive
2023-01-17,680.0,707.4,680.0,689.5,9611.0,0.0,707.5,694.75,704.71,48.36601307189543,3.2121673092399305,6.742153433733036,27.2246314126781,0.0,Neutral
2023-01-12,712.0,720.0,677.0,678.0,30132.0,0.0,712.6,702.0899999999999,705.635,45.4229797979798,4.706101637640813,7.624649964856312,34.558692426404434,0.0,Neutral
2023-01-10,740.0,740.0,697.1,700.0,43142.0,0.0,717.0,706.49,707.135,48.81275440976934,7.715361792979593,8.354287046660186,33.946377649995924,0.0,Neutral
2023-01-09,723.0,746.0,708.0,735.0,33188.0,0.0,710.2,709.6899999999999,707.58,56.5592203898051,9.204048583350527,8.514018360080335,34.76500315611984,0.0,Neutral
2023-01-08,715.0,741.5,700.0,735.0,42826.0,0.0,696.2,708.5699999999999,705.28,57.82387190684134,7.406640834575228,8.341510804262786,34.03168621545584,0.0,Neutral
2023-01-05,714.0,726.9,701.0,715.0,29890.0,0.0,682.0,705.0699999999999,703.4300000000001,52.853881278538815,5.0047619867264075,8.575228296684676,32.788549830704476,0.0,Neutral
2023-01-04,669.0,700.0,660.0,700.0,36694.0,0.0,691.58,704.27,702.6850000000001,48.43627834245505,3.9026582647560417,9.467844874174242,32.6164937825521,0.0,Neutral
2023-01-03,656.0,682.9,650.0,666.0,23842.0,0.0,695.98,704.97,702.7850000000001,40.53201082055906,3.966479939408373,10.859141526528791,32.58977515180237,0.0,Neutral
2023-01-02,669.9,675.0,640.0,665.0,10356.0,0.0,709.1800000000001,708.37,704.83,40.09923319801534,7.452063532300485,12.582306923308897,29.719580152569886,0.23035332560539246,Positive
2023-01-01,653.8,666.0,645.0,664.0,30540.0,0.0,720.9399999999999,711.0699999999999,705.995,44.80465502909394,11.894360212212973,13.864867771060998,26.380550495488496,0.4607066512107849,Positive
2022-12-29,729.0,762.9,722.0,762.9,58339.0,0.9214133024215698,728.1400000000001,714.67,707.395,71.53284671532847,17.493155462396317,14.357494660773003,21.188993474089532,0.9214133024215698,Strongly Positive
2022-12-28,733.0,738.0,720.2,722.0,20399.0,0.0,716.96,709.18,703.8,59.78552278820374,14.314990047722745,13.573579460367174,12.72668238171378,0.0,Neutral
2022-12-27,738.1,750.0,727.0,732.0,21888.0,0.0,713.96,707.78,701.9,64.45086705202313,14.214640881390665,13.38822681352828,11.903108837634948,0.0,Neutral
2022-12-26,714.0,725.0,711.0,723.8,16736.0,0.0,707.5600000000001,705.47,699.4,58.407960199004975,12.861618623542881,13.181623296562686,8.40926076818025,0.0,Neutral
2022-12-22,705.0,706.0,695.4,700.0,8250.0,0.0,701.2,701.99,696.2099999999999,56.13850996852049,11.782501216275023,13.261624464817634,7.075850950045788,0.2310508489608765,Positive
2022-12-21,713.0,713.0,707.0,707.0,7089.0,0.0,701.2,701.7900000000001,693.9599999999999,58.15217391304348,12.657045889670712,13.631405276953286,7.1660387322222,0.462101697921753,Positive
2022-12-20,701.1,713.0,693.1,707.0,7728.0,0.924203395843506,701.4,701.1,691.81,58.60215053763441,12.876453150773159,13.874995123773928,6.93717842101842,0.924203395843506,Strongly Positive
2022-12-19,705.8,705.8,693.1,700.0,5043.0,0.0,701.6,700.6,689.6099999999999,58.60215053763441,12.969202736387388,14.12463061702412,6.638440245229991,0.0,Neutral
2022-12-18,700.0,700.0,689.0,692.0,5582.0,0.0,703.3799999999999,701.2900000000001,687.1099999999999,55.74712643678161,13.611669258587426,14.413487587183301,6.921696966025565,0.0,Neutral
2022-12-15,700.0,707.9,700.0,700.0,3027.0,0.0,702.78,700.92,685.1099999999999,69.8019801980198,15.048247703161678,14.613942169332269,7.54435771513606,0.0,Neutral
2022-12-14,714.0,714.0,705.0,708.0,10062.0,0.0,702.3799999999999,700.12,682.6099999999999,77.04081632653062,15.848415133099365,14.505365785874915,8.059335511659171,0.0,Neutral
2022-12-13,723.0,723.0,705.0,708.0,14947.0,0.0,700.8,698.42,679.41,70.56074766355141,15.824651887193113,14.1696034490688,8.00524827851116,0.0,Neutral
2022-12-12,698.0,708.9,689.1,708.9,10919.0,0.0,699.6,696.02,676.1099999999999,71.42857142857142,15.564144589513603,13.75584133953772,8.401825198567177,0.0,Neutral
2022-12-11,695.0,696.0,687.0,689.0,9956.0,0.0,699.2,693.3299999999999,672.8149999999999,69.46107784431138,14.91361862644601,13.303765527043748,8.121446231399133,0.0,Neutral
2022-12-07,714.1,714.1,698.0,698.0,8843.0,0.0,699.0600000000001,690.43,671.415,74.67811158798283,15.892567399018844,12.901302252193181,13.340252371449294,0.0,Neutral
2022-12-06,703.0,710.0,690.1,700.1,10835.0,0.0,697.86,686.1299999999999,670.015,76.90655209452203,15.99453376111694,12.153485965486764,17.044846076700534,0.0,Neutral
2022-12-05,721.0,721.0,700.0,702.0,14805.0,0.0,696.04,682.52,668.76,79.83539094650205,15.678213972214962,11.193224016579219,17.57206115781464,0.0,Neutral
2022-12-04,702.0,731.0,698.1,706.9,100160.0,0.0,692.4399999999999,678.62,665.81,84.41145281018024,14.852973602056977,10.071976527670284,17.089489947547314,0.0,Neutral
2022-12-01,685.0,695.0,681.0,688.3,9172.0,0.0,687.46,672.93,662.415,79.5306388526727,13.08471445902535,8.87672725907361,16.069436137539007,0.0,Neutral
2022-11-30,701.0,704.0,684.1,692.0,22601.0,0.0,681.8,669.3,659.3199999999999,67.03296703296704,12.531267851606344,7.824730459085673,16.30984705973008,0.20656074583530426,Positive
2022-11-29,673.0,697.0,673.0,691.0,11600.0,0.0,674.4,665.1,655.565,60.6060606060606,11.265868467568225,6.648096110955506,15.183690079988075,0.4131214916706085,Positive
2022-11-28,690.0,692.5,677.0,684.0,14275.0,0.826242983341217,669.0,660.4,651.315,54.63917525773196,9.58870971241322,5.493653021802325,13.451146171759019,0.826242983341217,Strongly Positive
2022-11-27,660.1,687.0,660.1,682.0,13931.0,0.0,664.8,656.2,647.315,65.35433070866142,8.021300396380184,4.469888849149601,11.707547423238129,0.0,Neutral
2022-11-24,668.0,668.0,647.2,660.0,4369.0,0.0,658.4,652.3,643.1650000000001,59.633027522935784,6.107679045423424,3.582035962341955,8.097324661107399,0.0,Neutral
2022-11-23,652.0,656.0,650.0,655.0,6756.0,0.0,656.8,652.4,640.365,62.26415094339623,5.816363371359671,2.9506251915715875,8.208396784908064,0.0,Neutral
2022-11-22,676.2,676.2,657.6,664.0,4439.0,0.0,655.8,653.9,637.875,70.11101622544834,5.869027898334934,2.2341906466245662,9.92695544692091,0.0,Neutral
2022-11-17,663.0,671.7,654.0,663.0,5209.0,0.0,651.8,655.0,635.48,72.44094488188976,4.934515670607652,1.325481333696974,11.63328557777378,0.0,Neutral
2022-11-16,641.0,664.0,640.9,650.0,5718.0,0.0,647.6,653.0,633.33,69.82758620689654,3.7717816538267925,0.42322274946930444,11.82276523400883,0.0,Neutral
2022-11-15,663.0,689.0,645.1,652.0,3440.0,0.0,646.2,651.9,631.355,72.26890756302521,3.5564843210800063,-0.41391697662006766,12.617888536194306,0.0,Neutral
2022-11-14,650.0,652.0,638.1,650.0,3302.0,0.0,648.0,649.34,629.005,68.85245901639344,3.026319589885702,-1.4065173010450862,14.972582349846698,0.0,Neutral
2022-11-13,654.8,654.8,635.0,644.0,5971.0,0.0,652.0,646.03,627.8050000000001,66.55290102389075,2.50925377530848,-2.5147265237777834,18.135174538897676,0.0,Neutral
2022-11-10,650.0,662.0,634.0,642.0,7439.0,0.0,658.2,642.23,626.0550000000001,60.26962727993654,2.423700626152481,-3.770721598549349,22.145581450449985,0.0,Neutral
2022-11-09,665.0,678.3,640.1,643.0,10897.0,0.0,658.4,638.4300000000001,624.0550000000001,58.91472868217055,2.4828862339403486,-5.319327154724807,25.234282236686397,0.0,Neutral
2022-11-08,670.0,678.0,661.0,661.0,6769.0,0.0,657.6,634.03,622.25,70.95435684647302,2.4204957008414567,-7.269880501891095,28.03006520784984,0.0,Neutral
2022-11-07,688.5,688.5,660.0,670.0,22032.0,0.0,650.68,628.33,619.15,77.77777777777777,0.47292821021926557,-9.692474552574232,27.73021016069531,0.0146493064239621,Neutral
2022-11-06,651.0,679.9,641.0,675.0,12392.0,0.0,640.06,621.85,615.905,68.42105263157895,-2.9361187063235548,-12.233825243272607,24.265624977658128,0.0292986128479242,Neutral
2022-11-03,651.7,661.0,640.0,643.0,24111.0,0.0585972256958484,626.26,615.96,612.955,64.40677966101694,-7.753685953164336,-14.558251877509868,15.494099235254584,0.0585972256958484,Slightly Positive
2022-11-02,629.0,644.9,620.0,639.0,15829.0,0.0,618.4599999999999,613.6600000000001,611.755,65.28925619834712,-10.531690897994963,-16.25939335859625,12.440364410558008,0.0,Neutral
2022-11-01,618.5,632.0,612.0,626.4,8180.0,0.0,610.4599999999999,610.8100000000001,611.705,58.60547219770521,-13.51697443269893,-17.691318973746572,8.689131141881754,0.0,Neutral
2022-10-31,606.0,616.9,600.1,616.9,4316.0,0.0,605.9799999999999,608.67,613.5400000000001,58.01253357206804,-15.847762152518158,-18.73490510900848,6.8671601765004775,0.0,Neutral
2022-10-23,616.0,616.0,606.0,606.0,1507.0,0.0,603.6400000000001,609.58,615.865,50.420954162768936,-17.624909210869077,-19.45669084813106,8.490098808529872,0.0,Neutral
2022-10-20,600.0,604.0,596.0,604.0,3920.0,0.0,605.6600000000001,609.88,620.265,44.81865284974093,-18.52701459500622,-19.914636257446553,8.402089687210724,0.0,Neutral
2022-10-19,604.0,604.7,594.1,599.0,6175.0,0.0,608.86,609.6800000000001,623.9649999999999,41.212653778558874,-19.205308891195614,-20.261541673056634,8.579536377058309,0.0,Neutral
2022-10-17,601.3,612.0,600.0,604.0,5569.0,0.0,611.1600000000001,610.47,627.265,36.697965571205,-19.28261820900559,-20.525599868521887,7.81665600573103,0.0,Neutral
2022-10-16,616.0,616.0,605.1,605.2,6605.0,0.0,611.36,609.97,630.3149999999999,30.916282135794333,-19.609909473424636,-20.83634528340096,8.413619910646156,0.0,Neutral
2022-10-13,620.0,629.0,615.0,616.1,4572.0,0.0,615.52,609.96,633.955,33.23883770375622,-19.86459891312427,-21.142954235895036,8.419976247046158,0.0,Neutral
2022-10-12,612.0,623.0,600.0,620.0,17928.0,0.0,614.1,609.95,636.825,27.949940405244334,-21.01055381378626,-21.462543066587727,8.411929359925523,0.0,Neutral
2022-10-11,605.0,617.1,600.0,610.5,4385.0,0.0,610.5,609.85,639.38,30.636833046471594,-22.564691831521827,-21.575540379788094,8.284154888885404,0.0,Neutral
2022-10-10,626.0,626.0,602.0,605.0,4751.0,0.0,609.78,612.6,642.955,33.4983498349835,-23.25285065660944,-21.32825251685466,12.17474617580412,0.0,Neutral
2022-10-09,620.5,626.0,611.0,626.0,3987.0,0.0,608.58,618.4100000000001,647.3050000000001,37.873134328358205,-23.232968274716086,-20.847102981915963,19.689108664456928,0.0,Neutral
2022-09-29,605.0,614.0,605.0,609.0,3814.0,0.0,604.4,622.15,650.3100000000001,27.997448979591823,-25.007838859648814,-20.250636658715933,24.30264046012517,0.0,Neutral
2022-09-28,619.0,619.0,601.0,602.0,1127.0,0.0,605.8,630.65,654.36,26.83084899546337,-25.178559659186362,-19.06133610848271,32.63019222200804,0.0,Neutral
2022-09-27,600.0,612.0,599.0,606.9,3505.0,0.0,609.2,638.25,658.4350000000001,28.85375494071144,-24.317500611917012,-17.532030220806796,34.03619805117047,0.0,Neutral
2022-09-25,596.1,604.0,585.0,599.0,8604.0,0.0,615.42,644.0600000000001,663.0400000000001,23.191214470284237,-23.363676146319904,-15.83566262302924,33.03423140388084,0.0,Neutral
2022-09-22,617.1,617.1,605.0,605.1,5305.0,0.0,628.24,650.6600000000001,668.19,22.621298046628866,-21.002050357193184,-13.953659242206573,29.427545674845618,0.0,Neutral
2022-09-21,620.0,628.0,614.0,616.0,7259.0,0.0,639.9,657.95,672.385,27.195836044242014,-18.30336361751222,-12.19156146345992,25.677800615416857,0.0,Neutral
2022-09-20,635.0,637.0,613.0,619.0,9734.0,0.0,655.5,663.7,676.885,27.037516170763254,-15.702445435337381,-10.663610924946845,21.30602418724119,0.0,Neutral
2022-09-18,665.0,665.0,637.0,638.0,18426.0,0.0,667.3,668.9100000000001,681.71,33.99014778325122,-12.459783385574951,-9.403902297349209,14.417385338563426,0.0,Neutral
2022-09-16,650.3,676.6,640.0,663.1,7643.0,0.0,672.7,673.3100000000001,685.71,36.45283018867924,-10.074279701905994,-8.639932025292772,9.961420023746541,0.0,Neutral
2022-09-15,700.0,705.0,660.0,663.4,16165.0,0.0,673.08,676.2,688.755,35.7248520710059,-9.438610931813628,-8.281345106139467,10.824971131628967,0.0,Neutral
2022-09-14,680.0,694.0,680.0,694.0,10575.0,0.0,676.0,678.47,691.885,52.125850340136054,-8.520522997160128,-7.992028649720926,10.204906227482184,0.0,Neutral
2022-09-13,670.0,681.9,665.0,678.0,3979.0,0.0,671.9,678.0699999999999,693.99,38.195615514333895,-10.340410426062022,-7.859905062861126,9.588308853351638,0.0,Neutral
2022-09-12,665.0,691.8,659.0,665.0,3433.0,0.0,670.52,678.62,696.0899999999999,28.062554300608156,-10.883751683663036,-7.239778722060901,9.740385573051205,0.0,Neutral
2022-09-11,689.9,690.0,664.5,665.0,7813.0,0.0,673.92,682.02,698.4399999999999,27.465986394557802,-10.095307227965918,-6.328785481660367,10.371520835683926,0.0,Neutral
2022-09-08,682.0,682.0,668.0,678.0,3626.0,0.0,679.3199999999999,685.72,700.74,29.20433996383362,-8.942124563014886,-5.387155045083977,10.223806640522431,0.0,Neutral
2022-09-07,665.0,675.0,665.0,673.5,3360.0,0.0,680.9399999999999,686.8199999999999,702.5350000000001,25.7169287696577,-8.663813240651734,-4.498412665601251,9.887118443291527,0.0,Neutral
2022-09-06,674.0,695.4,670.0,671.1,5757.0,0.0,684.24,690.0699999999999,703.4100000000001,21.934369602763383,-7.724385869335038,-3.45706252183863,10.352782771393581,0.0,Neutral
2022-09-05,692.0,699.9,682.0,682.0,6095.0,0.0,686.72,694.51,704.85,34.29752066115702,-6.168616593664183,-2.390231684964528,10.823374910118414,0.0,Neutral
2022-09-04,698.0,699.8,683.0,692.0,2413.0,0.0,690.1200000000001,698.1099999999999,705.8050000000001,41.596638655462186,-5.202982113172766,-1.4456354577896144,12.11055095546718,0.0,Neutral
2022-09-02,700.0,700.0,686.0,686.1,876.0,0.0,692.12,701.31,706.26,39.088518843120085,-4.912983454608479,-0.5062987939438264,14.339335952409572,0.0,Neutral
2022-09-01,690.0,696.7,673.0,690.0,8032.0,0.0,692.7,705.3,707.68,39.43412908930151,-3.8706508619740134,0.5953723712223368,15.16428552738474,0.0,Neutral
2022-08-31,709.0,709.0,682.0,683.5,6613.0,0.0,695.9,709.9100000000001,709.6299999999999,47.1042471042471,-2.8810459766554004,1.7118781795214244,16.903743832536993,0.0,Neutral
2022-08-30,708.0,715.0,690.0,699.0,9343.0,0.0,702.3,713.5600000000001,711.4549999999999,49.633848657445085,-0.9142259815519083,2.8601092185656305,14.308987074967018,0.0,Neutral
2022-08-29,689.0,702.0,677.0,702.0,9748.0,0.0,706.1,714.86,713.115,50.37159372419487,0.031267553748307364,3.803693018595015,13.400928657721655,0.0,Neutral
2022-08-28,707.0,707.0,685.0,689.0,18751.0,0.0,710.5,715.76,715.265,44.40333024976872,0.9321517743859431,4.746799384806692,12.726542691923123,0.0,Neutral
2022-08-26,715.4,715.4,705.7,706.0,11248.0,0.0,717.9,718.25,718.665,45.933014354066984,3.3920854265542175,5.700461287411879,8.71170987173768,0.0,Neutral
2022-08-25,720.0,730.0,715.4,715.5,29928.0,0.0,723.9200000000001,716.75,721.17,43.835616438356155,4.751606772753576,6.2775552526262945,11.799458556335166,0.0,Neutral
2022-08-24,730.0,730.0,718.0,718.0,17306.0,0.0,724.82,715.19,723.895,49.137931034482754,5.450463374299034,6.659042372594473,12.95749032629431,0.0046092835254967,Neutral
2022-08-23,730.0,730.0,718.5,724.0,14826.0,0.0,723.6200000000001,713.5,724.7,46.64484451718493,6.008633605736236,6.961187122168332,13.634678010312758,0.0092185670509934,Neutral
2022-08-22,737.0,737.0,725.0,726.0,15579.0,0.0184371341019868,721.0200000000001,711.21,725.5,42.857142857142854,6.022754394141884,7.1993255012763555,13.598239265124816,0.0184371341019868,Neutral
2022-08-21,734.0,747.6,727.0,736.1,58049.0,0.0,718.6,710.0600000000001,725.95,42.25352112676057,5.749537591064495,7.493468278059973,12.662560738054543,0.0,Neutral
2022-08-18,715.0,726.0,709.0,720.0,9266.0,0.0,709.5799999999999,709.35,725.095,34.92063492063491,4.288820324721314,7.929450949808842,11.148816578973292,0.0,Neutral
2022-08-17,720.0,723.0,710.0,712.0,8738.0,0.0,705.56,709.35,726.2450000000001,26.9108280254777,4.001303809138335,8.839608606080724,11.148816578973292,0.0,Neutral
2022-08-16,727.7,727.7,706.1,711.0,23101.0,0.0,703.3799999999999,711.37,726.0450000000001,42.803738317756995,4.390672855661251,10.04918480531632,13.30397183803156,0.0,Neutral
2022-08-15,680.4,720.0,680.4,713.9,8353.0,0.0,701.4,714.77,723.9950000000001,42.0183486238532,4.925603197140845,11.463812792730087,17.02351641440646,0.0,Neutral
2022-08-14,704.0,705.0,686.0,691.0,13246.0,0.0,701.5200000000001,719.08,722.5,34.89010989010988,5.24145096830739,13.098365191627396,21.615467712841184,0.0,Neutral
2022-08-11,705.0,714.0,699.0,699.9,6586.0,0.0,709.1200000000001,725.59,722.4,43.74590700720365,7.899984654875425,15.062593747457397,22.018297946136745,0.0,Neutral
2022-08-10,693.0,719.0,693.0,701.1,11146.0,0.0,713.1400000000001,732.6,722.405,38.06267806267806,10.272149692569428,16.85324602060289,24.000277776178056,0.0,Neutral
2022-08-09,711.1,721.0,700.0,701.1,17974.0,0.0,719.36,735.9,721.095,48.36104513064134,13.028299981516057,18.498520102611252,21.305241921501178,0.0,Neutral
2022-08-08,725.0,742.0,714.0,714.5,14200.0,0.0,728.14,739.79,718.7900000000001,59.46405784772437,16.35664744149517,19.86607513288505,17.447282500922807,0.0,Neutral
2022-08-07,725.0,739.5,722.0,729.0,13841.0,0.0,736.64,741.8399999999999,716.315,59.590792838874684,19.002550600355676,20.74343205573252,15.206007584734333,0.0,Neutral
2022-08-05,732.0,732.0,718.0,720.0,12489.0,0.0,742.0600000000001,740.8399999999999,712.6650000000001,56.721595836947095,20.62692080529621,21.17865241957673,16.424250363421027,0.0,Neutral
2022-08-04,750.0,750.0,732.1,732.2,27523.0,0.0,752.0600000000001,743.14,709.6700000000001,57.01830863121187,23.316543564252356,21.31658532314686,14.701715697318125,0.0,Neutral
2022-08-03,757.0,765.0,745.0,745.0,24233.0,0.0,752.44,740.72,704.46,64.50144807612745,25.168148706567194,20.816595762870485,18.26300449908692,0.0,Neutral
2022-08-02,768.9,768.9,743.0,757.0,26924.0,0.0,751.44,733.22,698.21,70.43269230769232,25.862115288844507,19.728707526946305,28.71766007181585,0.0,Neutral
2022-08-01,780.0,780.0,756.1,756.1,45890.0,0.0,747.0400000000001,725.92,693.46,67.60726710475456,25.149874595113374,18.195355586471752,31.174341301075664,0.0,Neutral
2022-07-31,746.0,770.0,745.0,770.0,60594.0,0.0,739.6200000000001,719.2099999999999,689.655,72.45862884160758,23.96661647918586,16.456725834311346,31.17792844662144,0.0,Neutral
2022-07-29,754.0,754.8,732.2,734.1,12733.0,0.0,734.22,712.2099999999999,685.91,66.66666666666666,20.69247078970477,14.579253173092717,25.922896357390485,0.0,Neutral
2022-07-28,748.9,756.8,721.4,740.0,57197.0,0.0,729.0,706.2900000000001,683.665,72.5624496373892,19.867761625462208,13.050948768939703,27.10139192818189,0.0,Neutral
2022-07-27,724.0,735.0,710.0,735.0,31402.0,0.0,715.0,697.7900000000001,682.8149999999999,72.89012738853503,17.925419941276914,11.346745554809075,28.639849859950623,-0.2192961871623993,Negative
2022-07-26,743.5,752.0,708.6,719.0,50319.0,0.0,704.8,690.7900000000001,681.8149999999999,60.281385281385276,15.694643174316411,9.702076958192116,27.044755088155643,-0.4385923743247986,Negative
2022-07-25,722.1,766.0,722.1,743.0,78334.0,-0.8771847486495972,698.8,684.49,681.115,61.6150442477876,14.248166018314805,8.203935404161042,27.080967076128328,-0.8771847486495972,Strongly Negative
2022-07-24,683.0,710.0,665.1,708.0,43456.0,0.0,690.2,676.2,677.615,52.56665340230799,9.751052760751918,6.692877750622601,18.513118471941958,0.0,Neutral
2022-07-22,690.0,690.0,669.0,670.0,24960.0,0.0,683.5799999999999,668.2,674.2149999999999,45.62043795620437,7.43290379912446,5.928333998090271,20.43042393644485,0.0,Neutral
2022-07-21,702.7,702.7,669.0,684.0,40734.0,0.0,680.5799999999999,663.2,671.4599999999999,41.84100418410042,8.23507870556898,5.552191547831724,25.444099949160695,0.0,Neutral
2022-07-20,687.2,713.4,681.0,689.0,19303.0,0.0,676.78,661.0,668.51,44.62809917355372,7.713708077713363,4.881469758397409,24.374440164524792,0.0,Neutral
2022-07-19,688.0,700.0,680.0,700.0,22644.0,0.0,670.18,660.1,666.81,48.962655601659755,6.4269592679384004,4.17341017856842,23.371207357216342,0.0,Neutral
2022-07-18,644.0,680.0,644.0,674.9,17390.0,0.0,662.2,659.61,661.9599999999999,50.38321903993545,3.5711168341100574,3.610022906225925,22.4759352790343,0.0,Neutral
2022-07-17,655.0,676.0,648.5,655.0,13633.0,0.0,652.82,661.04,656.9649999999999,52.87356321839081,2.4297162464366693,3.6197494242548913,23.96257266842515,0.0,Neutral
2022-07-15,657.0,665.0,644.0,665.0,26721.0,0.0,645.82,667.8399999999999,654.0649999999999,59.07279971024992,2.9637145327671988,3.917257718709447,30.746280714558313,0.0,Neutral
2022-07-14,660.0,669.0,645.0,656.0,16729.0,0.0,645.22,672.8399999999999,651.3149999999999,55.59163059163058,2.5840001341160814,4.155643515195009,34.11419385274767,0.0,Neutral
2022-07-13,616.1,669.8,615.5,660.1,16172.0,0.0,650.0200000000001,677.74,648.515,50.841306499505116,2.978124663341532,4.54855436046474,34.93578871778824,0.0,Neutral
2022-07-12,620.0,640.0,600.1,628.0,22328.0,0.0,657.02,679.03,645.66,53.869969040247675,3.0203981582678807,4.941161784745542,34.44680439944953,0.0,Neutral
2022-07-11,650.0,655.0,620.0,620.0,22938.0,0.0,669.26,680.23,645.01,56.5597667638484,6.298785082217364,5.421352691364957,32.63284133099556,0.0,Neutral
2022-07-08,669.0,671.7,660.0,662.0,19535.0,0.0,689.86,679.72,645.16,60.06191950464396,11.206125700316989,5.201994593651855,33.70109790497337,0.0,Neutral
2022-07-07,709.0,723.0,676.3,680.0,12565.0,0.0,700.46,676.0200000000001,642.76,61.0062893081761,13.030314988141413,3.700961816985571,37.661144137936006,0.0,Neutral
2022-07-06,693.0,700.0,666.4,695.1,20045.0,0.0,705.4599999999999,673.5200000000001,639.9599999999999,65.19654841802493,13.336384733864179,1.3686235241966103,38.19359457641149,0.0,Neutral
2022-07-05,715.0,720.0,686.0,689.2,25104.0,0.0,701.0400000000001,664.3100000000001,636.805,63.90322580645162,11.995602704094267,-1.623316778220282,43.18936211615835,0.0,Neutral
2022-07-04,729.3,744.0,690.0,723.0,48204.0,0.0,691.2,652.8900000000001,633.995,68.73698820263705,10.710523055855674,-5.028046648798919,50.37690057071599,0.0,Neutral
2022-07-03,704.9,717.0,694.0,715.0,20035.0,0.0,669.5799999999999,640.2900000000001,629.995,65.96113809854268,5.473050151291204,-8.962689074962567,46.50109795598216,0.0,Neutral
2022-07-01,686.4,708.0,665.0,705.0,24151.0,0.0,651.5799999999999,629.7900000000001,626.745,65.8426183844011,-0.47693235818985613,-12.57162388152601,39.00793224177042,0.0,Neutral
2022-06-30,635.0,690.0,627.0,673.0,30632.0,0.0,641.5799999999999,619.2900000000001,622.495,59.23831070889894,-7.0461546541719144,-15.595296762360048,29.482516476355755,0.0,Neutral
2022-06-29,614.9,645.0,614.9,640.0,11372.0,0.0,627.5799999999999,612.2900000000001,621.1949999999999,51.665278934221476,-12.07019977152845,-17.73258228940708,22.885145594680484,0.0,Neutral
2022-06-28,613.0,620.0,601.0,614.9,4436.0,0.0,614.5799999999999,609.7900000000001,621.345,45.81212401665895,-14.947141724641142,-19.148177918876737,20.791475283040587,0.0,Neutral
2022-06-27,655.0,655.0,617.4,625.0,17982.0,0.0,611.0,610.6,622.655,45.83333333333333,-15.846116483346577,-20.198436967435637,21.167060363812563,0.0,Neutral
2022-06-26,613.9,655.8,603.0,655.0,16005.0,0.0,608.0,609.5,623.8050000000001,51.29533678756477,-17.79140984470007,-21.286517088457902,20.614180663933475,0.0,Neutral
2022-06-24,575.0,610.0,570.0,603.0,4482.0,0.0,597.0,606.4,623.755,45.029239766081865,-23.07007286454109,-22.16029389939736,14.40833092349198,0.0,Neutral
2022-06-23,591.0,598.0,570.0,575.0,7280.0,0.0,597.0,609.3,626.61,28.82352941176471,-24.17745624092663,-21.932849158111427,16.425251562449002,0.0,Neutral
2022-06-22,620.0,622.2,597.0,597.0,5437.0,0.0,605.0,615.1,631.755,34.86842105263159,-22.38829893237255,-21.371697387407625,12.810152223952043,0.0,Neutral
2022-06-21,607.0,622.0,593.0,610.0,12743.0,0.0,610.2,619.7,636.21,38.96380411639459,-22.019035619529063,-21.11754700116639,13.808612449431141,0.0,Neutral
2022-06-20,592.0,600.0,559.0,600.0,14263.0,0.0,611.0,623.7,640.0400000000001,32.583454281567484,-22.551080836670167,-20.892174846575717,16.262089519995506,0.0,Neutral
2022-06-19,607.0,610.0,598.0,603.0,5732.0,0.0,615.8,625.7,644.195,31.889204545454547,-21.8839664652877,-20.477448349052104,14.111067366539181,0.0,Neutral
2022-06-17,635.0,635.0,611.0,615.0,3613.0,0.0,621.6,630.1,647.8950000000001,33.283914010378055,-21.01962824631903,-20.125818819993206,13.067772062116623,0.0,Neutral
2022-06-16,626.2,632.0,616.0,623.0,3456.0,0.0,625.2,632.9,651.095,31.029716655148576,-20.83249650870721,-19.90236646341175,12.458375139313727,0.0,Neutral
2022-06-15,615.0,621.0,607.1,614.0,6350.0,0.0,629.2,634.7099999999999,654.0200000000001,24.94788047255038,-21.10517568711964,-19.66983395208788,12.17177518326165,0.0,Neutral
2022-06-14,644.6,644.6,615.0,624.0,8475.0,0.0,636.4,638.1099999999999,658.32,26.71130952380952,-20.229865464844238,-19.31099851832994,10.357439623589281,0.16997864842414856,Slightly Positive
2022-06-13,625.1,642.0,625.1,632.0,4592.0,0.0,635.6,641.1099999999999,661.5200000000001,30.33102386451114,-19.836580556196964,-19.081281781701364,10.159226786011855,0.3399572968482971,Positive
2022-06-10,633.0,642.0,625.0,633.0,1965.0,0.6799145936965942,638.6,643.92,665.7700000000001,33.70370370370371,-19.86061937379702,-18.892457088077464,11.193033547735075,0.6799145936965942,Strongly Positive
2022-06-09,655.0,681.3,635.0,643.0,7776.0,0.0,640.6,648.41,670.8700000000001,35.826771653543304,-19.704238091914817,-18.65041651664757,14.762373341281375,0.0,Neutral
2022-06-08,620.0,652.0,620.0,650.0,12205.0,0.0,640.22,652.72,674.22,37.14285714285714,-20.236213428975475,-18.38696112283076,18.75827521094581,0.0,Neutral
2022-06-07,651.0,652.0,620.0,620.0,6598.0,0.0,639.82,656.3799999999999,675.97,13.963963963963963,-21.33358975476608,-17.92464804629458,21.533839003366438,0.0,Neutral
2022-06-06,654.0,654.0,635.0,647.0,9192.0,0.0,646.6200000000001,662.6899999999999,679.07,28.645833333333343,-19.36938877779687,-17.0724126191767,18.754700151653722,0.0,Neutral
2022-06-03,653.0,653.0,630.0,643.0,4157.0,0.0,649.24,665.6899999999999,679.9200000000001,19.421487603305792,-19.329708421333635,-16.498168579521653,18.36133921527594,0.0,Neutral
2022-06-02,660.9,660.9,641.0,641.1,7763.0,0.0,656.22,669.29,681.7700000000001,15.754923413566758,-18.590629734773756,-15.790283619068658,16.888421411677818,0.0,Neutral
2022-06-01,666.0,668.9,644.0,648.0,2433.0,0.0,665.22,673.33,684.4150000000001,30.025773195876297,-17.183432869604303,-15.090197090142382,13.976810159075947,0.0,Neutral
2022-05-31,647.1,665.0,644.0,654.0,7189.0,0.0,672.9399999999999,678.53,687.5150000000001,41.10218140068886,-15.83994257450297,-14.5668881452769,13.154809006618423,0.0,Neutral
2022-05-30,670.0,675.0,656.0,660.1,4253.0,0.0,678.76,681.9300000000001,691.215,43.60023378141438,-14.505670342217172,-14.248624537970382,10.164212818650563,0.0,Neutral
2022-05-27,686.1,686.1,673.0,677.9,6770.0,0.0,682.14,687.62,694.61,54.05720957384705,-13.21275312439468,-14.184363086908684,12.289995931674705,0.0,Neutral
2022-05-26,688.0,694.0,685.0,686.1,2296.0,0.0,682.36,693.33,696.47,51.70295924064769,-13.182698739110037,-14.427265577537185,18.808216289711343,0.0,Neutral
2022-05-25,696.7,701.0,683.0,686.6,4396.0,0.0,681.4399999999999,695.72,698.7149999999999,48.07892004153687,-13.787499160232414,-14.73840728714397,19.299499129957297,0.0,Neutral
2022-05-24,685.0,688.0,680.0,683.1,3483.0,0.0,684.12,695.5600000000001,699.535,43.44222330570454,-14.409808073588806,-14.976134318871857,19.38992865726663,0.0,Neutral
2022-05-23,680.0,680.0,665.0,677.0,6136.0,0.0,685.1,695.45,700.6299999999999,38.248847926267274,-14.63813969647515,-15.117715880192618,19.471417799217082,0.0,Neutral
2022-05-20,685.0,686.0,675.0,679.0,3985.0,0.0,693.1,694.15,702.6299999999999,38.6046511627907,-14.095564572283251,-15.237609926121984,21.197549648760635,0.0,Neutral
2022-05-19,700.0,710.0,681.0,681.5,4810.0,0.0,704.3,694.25,704.03,42.546583850931675,-13.401651383626813,-15.523121264581667,21.120356162835066,0.0,Neutral
2022-05-18,680.0,700.0,675.0,700.0,9031.0,0.0,710.0,695.5,705.29,43.04308797127468,-12.575578166343462,-16.05348873482038,20.646495532616044,0.0,Neutral
2022-05-17,703.0,717.0,688.0,688.0,9530.0,0.0,707.0,696.5,706.3599999999999,46.85929648241206,-13.221927213864205,-16.92296637693961,21.125287637765574,0.0,Neutral
2022-05-12,737.0,738.0,711.0,717.0,10186.0,0.0,705.8,700.5,707.31,52.8328611898017,-12.632766511407112,-17.84822616770846,23.037409190765405,0.0,Neutral
2022-05-11,712.0,735.0,709.0,735.0,11952.0,0.0,695.2,701.6,707.06,54.3731778425656,-14.649761156468799,-19.152091081783798,24.148613946893352,0.0,Neutral
2022-05-10,692.0,715.0,675.0,710.0,8552.0,0.0,684.2,699.61,707.06,50.786163522012586,-18.843819613889764,-20.277673563112547,21.795741174226595,0.0,Neutral
2022-05-09,682.0,706.5,680.0,685.0,5960.0,0.0,681.0,701.71,707.06,43.46779048765802,-21.377416850614168,-20.63613705041824,23.825217732489573,0.0,Neutral
2022-05-08,676.0,682.0,664.0,682.0,6003.0,0.0,686.0,703.51,708.9599999999999,38.920134983127106,-21.754809442206124,-20.450817100369257,23.0911454891378,0.0,Neutral
2022-05-05,675.0,693.0,662.0,664.0,9416.0,0.0,695.2,705.8100000000001,711.4599999999999,37.65786452353615,-21.61461148540593,-20.124819014910038,21.821113628788996,0.0,Neutral
2022-05-04,690.0,703.0,680.0,680.0,6401.0,0.0,708.0,711.11,715.3599999999999,40.196078431372534,-19.288546289847886,-19.752370897286067,16.267517054289904,0.0,Neutral
2022-05-02,710.0,710.0,691.1,694.0,13089.0,0.0,715.0200000000001,713.8100000000001,719.4449999999999,38.09523809523808,-17.668171494210583,-19.86832704914561,12.283000900089652,0.0,Neutral
2022-04-28,740.0,740.0,710.0,710.0,10011.0,0.0,722.4200000000001,715.08,724.1949999999999,50.0,-16.768446987862944,-20.418365937879365,10.540061142582458,0.0,Neutral
2022-04-27,715.0,734.0,710.0,728.0,6838.0,0.0,721.0200000000001,716.22,726.41,51.41884222474461,-17.00525757084688,-21.330845675383465,10.546068251061126,0.0,Neutral
2022-04-26,720.0,743.0,701.0,728.0,11688.0,0.0,716.4200000000001,714.12,727.91,48.92008639308855,-18.89289205937041,-22.412242701517606,10.017296153289722,0.0,Neutral
2022-04-25,740.0,755.0,715.1,715.1,15869.0,0.0,714.22,712.52,730.6099999999999,42.622051563357104,-21.027394376586017,-23.292080362054403,8.75186329369964,0.0,Neutral
2022-04-24,703.0,740.0,703.0,731.0,14229.0,0.0,712.6,714.51,734.0550000000001,41.75174637291777,-22.13248796144535,-23.858251858421497,11.296257984170422,0.0,Neutral
2022-04-21,700.0,703.8,680.0,703.0,14822.0,0.0,707.74,712.41,737.605,26.806903991369992,-24.839971221226506,-24.28969283266553,9.734069606881157,0.0,Neutral
2022-04-20,704.0,718.0,700.0,705.0,7130.0,0.0,711.4200000000001,714.41,743.355,38.697845025217795,-25.08348663685672,-24.152123235525284,9.640014983877304,-0.14904451370239258,Slightly Negative
2022-04-19,720.0,730.0,693.0,717.0,7603.0,0.0,711.82,717.1099999999999,749.105,40.22878932316492,-25.233086507179564,-23.919282385192425,10.45800597099514,-0.29808902740478516,Negative
2022-04-18,711.0,718.0,700.0,707.0,8612.0,-0.5961780548095703,710.82,719.6099999999999,753.755,33.243967828418235,-26.27882181065081,-23.590831354695638,13.086587705672196,-0.5961780548095703,Negative
2022-04-17,721.0,745.0,706.7,706.7,8019.0,0.0,716.4200000000001,725.08,759.25,32.86031042128603,-26.21314109892637,-22.918833740706845,17.80972268797797,0.0,Neutral
2022-04-13,721.0,748.6,702.0,721.4,8081.0,0.0,717.08,733.3100000000001,764.615,32.38636363636364,-25.717481119977492,-22.095256901151963,25.658632941855483,0.0,Neutral
2022-04-12,704.7,719.9,699.0,707.0,11379.0,0.0,717.4,736.6,769.4449999999999,25.911458333333343,-26.20749356691931,-21.18970084644558,26.06781753640927,0.0,Neutral
2022-04-11,749.0,755.0,712.0,712.0,16041.0,0.0,722.4,741.7,773.9449999999999,26.253298153034308,-24.9855459109516,-19.935252666327145,24.579756801987333,0.0,Neutral
2022-04-07,724.2,750.0,712.1,735.0,14701.0,0.0,728.4,748.7,776.995,32.50932835820896,-23.571561144084512,-18.67267935517103,25.142880591627097,0.0,Neutral
2022-04-06,710.1,750.0,696.0,710.0,18883.0,0.0,733.74,753.6,777.245,22.77126846663272,-23.765761515914733,-17.44795890794266,26.890270855218706,0.0,Neutral
2022-04-05,725.0,733.0,717.5,723.0,14955.0,0.0,749.54,762.8,779.645,25.563909774436084,-21.12249345936482,-15.868508255949642,26.040523974936004,0.0,Neutral
2022-04-04,733.0,755.0,720.0,732.0,10163.0,0.0,755.8,772.3,781.995,26.2693156732892,-18.765122325959396,-14.555011955095846,27.210047163997437,0.0,Neutral
2022-04-03,761.7,761.7,733.0,742.0,12325.0,0.0,761.0,781.1,783.595,35.69198751300729,-16.39967593639892,-13.502484362379958,26.957332541964295,0.0,Neutral
2022-03-31,799.0,799.0,760.5,761.7,9506.0,0.0,769.0,787.9,785.745,47.124681933842254,-14.160147258284951,-12.778186468875216,24.459217758006506,0.0,Neutral
2022-03-30,754.3,789.0,752.0,789.0,12215.0,0.0,773.46,793.42,787.7149999999999,62.116716122650836,-13.101546694462627,-12.432696271522781,24.115776302389612,0.0,Neutral
2022-03-29,770.0,773.1,754.0,754.3,5063.0,0.0,776.0600000000001,795.92,788.3149999999999,49.002695417789745,-14.339455841082554,-12.26548366578782,24.89006048830201,0.0,Neutral
2022-03-28,767.0,781.7,758.0,758.0,10884.0,0.0,788.8,802.2900000000001,791.6,46.90402476780186,-12.177813248716348,-11.746990621964134,20.883723061013082,0.0,Neutral
2022-03-27,784.0,799.6,768.0,782.0,9137.0,0.0,801.2,806.19,794.95,55.11945392491467,-9.618366692660402,-11.63928496527608,14.296266023770348,0.0,Neutral
2022-03-24,800.0,802.0,784.0,784.0,12829.0,0.0,806.8,805.2900000000001,797.225,49.743326488706366,-8.655315027401116,-12.144514533429998,16.151260700713532,0.0,Neutral
2022-03-23,809.0,815.0,800.1,802.0,8493.0,0.0,813.3799999999999,800.8900000000001,798.75,50.233281493001556,-7.503851774253576,-13.016814409937218,25.741641577632855,0.0,Neutral
2022-03-22,835.0,835.0,810.0,818.0,12107.0,0.0,815.78,796.49,800.4,54.80225988700565,-7.757746287155896,-14.39505506885813,29.075398153387287,0.0,Neutral
2022-03-21,810.0,820.0,800.0,820.0,13296.0,0.0,815.78,791.69,801.4,50.0,-9.598058973992693,-16.054382264283685,29.09190227156023,0.0,Neutral
2022-03-20,812.0,815.0,801.0,810.0,10726.0,0.0,811.18,786.09,802.9,46.03174603174603,-12.010995400115462,-17.66846308685643,28.418947122576597,0.0,Neutral
2022-03-16,807.0,818.0,800.0,816.9,18376.0,0.0,803.78,783.59,803.7,47.12892741061754,-13.89789250545573,-19.08283000854167,27.153328013753278,0.0,Neutral
2022-03-15,818.0,827.0,800.0,814.0,18858.0,0.0,788.4,782.01,803.755,49.87159732922445,-16.806653647101825,-20.37906438431315,25.402994136742468,0.0,Neutral
2022-03-14,812.0,820.0,784.0,818.0,10524.0,0.0,777.2,780.7099999999999,805.63,45.97537878787879,-19.979557451208507,-21.27216706861598,23.87041171735042,0.0,Neutral
2022-03-13,788.4,808.0,788.0,797.0,27491.0,0.0,767.6,780.91,807.38,39.38923395445135,-24.145997470977818,-21.595319472967844,24.223333562686058,0.0,Neutral
2022-03-10,740.0,775.0,735.5,773.0,14338.0,0.0,761.0,783.7099999999999,810.48,28.752759381898457,-26.97449367845104,-20.95764997346535,27.663793023457597,0.0,Neutral
2022-03-09,760.1,770.0,738.0,740.0,20448.0,0.0,763.4,789.16,815.33,25.029036004645775,-27.748690747939577,-19.453439047218925,30.538507567408836,0.0,Neutral
2022-03-07,770.0,786.0,758.0,758.0,7207.0,0.0,775.6200000000001,796.6099999999999,821.68,31.504315659679406,-24.973230414843897,-17.37962612203876,25.956778177068795,0.0,Neutral
2022-03-06,760.0,782.0,755.0,770.0,11849.0,0.0,784.22,804.31,827.8799999999999,27.817093086554166,-22.90021405638595,-15.481225048837477,24.6169521536183,0.0,Neutral
2022-03-02,771.0,780.0,757.0,764.0,18388.0,0.0,794.22,811.1099999999999,834.3299999999999,25.167410714285722,-21.143015518042944,-13.626477796950358,23.450631358479267,0.0,Neutral
2022-02-28,815.0,817.0,782.2,785.0,10998.0,0.0,806.4200000000001,819.71,841.0799999999999,27.466504263093796,-17.981747339750086,-11.74734336667721,19.728346779870378,0.0,Neutral
2022-02-27,809.0,817.0,798.0,801.1,18081.0,0.0,814.9200000000001,823.8100000000001,846.7049999999999,28.34695160276557,-15.823448721787145,-10.188742373408992,15.526139249670011,0.00815639086067675,Neutral
2022-02-24,810.0,820.0,794.0,801.0,34534.0,0.0,817.6,825.5,849.25,29.629629629629633,-14.477788322543006,-8.780065786314452,13.57694123628265,0.2446884997189045,Positive
2022-02-23,835.0,850.0,820.0,820.0,8690.0,0.032625563442707,824.4,830.55,851.9,30.37974683544303,-12.5394684919072,-7.355635152257314,12.822397938334833,0.489376999437809,Positive
2022-02-22,843.0,843.0,822.0,825.0,16213.0,0.913502871990204,828.0,833.85,853.905,28.235294117647058,-11.81762073001346,-6.059676817344842,13.998114952461895,0.913502871990204,Strongly Positive
2022-02-21,830.0,864.2,821.0,827.5,9403.0,0.0,833.0,837.25,856.5049999999999,28.656716417910445,-11.233478739668726,-4.620190839177687,15.642268235638369,0.0,Neutral
2022-02-20,832.0,832.0,805.1,814.5,11817.0,0.0,832.7,841.5,861.28,23.397435897435884,-10.579050544869915,-2.966868864054927,18.254375426793324,0.0,Neutral
2022-02-17,838.0,846.0,827.0,835.0,19519.0,0.0,833.4,846.75,867.7049999999999,45.30386740331492,-8.266248731946916,-1.06382344385118,17.141972530088285,0.0,Neutral
2022-02-16,846.0,872.1,833.0,838.0,11472.0,0.0,836.7,851.45,872.2049999999999,45.55555555555555,-7.281308981896814,0.7367828781727543,19.799621208499584,0.0,Neutral
2022-02-15,826.0,852.0,826.0,850.0,11927.0,0.0,839.7,857.55,877.9099999999999,47.099368179207346,-6.223712297550833,2.7413058431901467,24.12058825521942,0.0,Neutral
2022-02-14,818.0,833.0,810.0,826.0,12531.0,0.0,841.5,862.45,884.9099999999999,34.73053892215569,-6.005125805202965,4.982560378375391,27.197273147628334,0.0,Neutral
2022-02-13,835.0,849.0,817.5,818.0,19972.0,0.0,850.3,869.6,891.2449999999999,24.39024390243904,-3.1951463068941166,7.7294819242699795,25.91846188852045,0.0,Neutral
2022-02-10,845.0,860.0,845.0,851.5,7897.0,0.0,860.1,873.0,897.3449999999999,26.10966057441253,1.2524296535930262,10.460638982061003,19.937402037377176,0.0,Neutral
2022-02-09,861.0,870.9,845.0,853.0,14765.0,0.0,866.2,873.25,900.6699999999998,32.69230769230769,3.50002763001703,12.762691314177996,19.6514771850761,0.0,Neutral
2022-02-08,887.4,910.0,859.0,859.0,14136.0,0.0,875.4,873.96,904.8699999999999,29.681361850720208,6.165143190761569,15.078357235218238,18.95446004389375,0.0,Neutral
2022-02-07,883.9,883.9,850.0,870.0,16039.0,0.0,883.4,875.76,907.1699999999998,26.5625,8.866215878246294,17.306660746332405,18.216244276896376,0.0,Neutral
2022-02-06,877.0,880.0,862.4,867.0,13338.0,0.0,888.9,881.0600000000001,908.5699999999999,35.239407509472954,11.064803695679643,19.41677196335393,23.342912319493195,0.0,Neutral
2022-02-03,900.0,907.8,880.0,882.0,18702.0,0.0,885.9,888.6600000000001,910.2199999999999,39.93055555555556,14.01551318344832,21.5047640302725,29.7495172696592,0.0,Neutral
2022-02-01,911.0,911.0,878.0,899.0,22913.0,0.0,880.3,892.96,909.1199999999999,46.75767918088737,16.05055673789559,23.37707674197854,31.72213387806282,0.0,Neutral
2022-01-31,915.4,918.0,884.1,899.0,10327.0,0.0,872.5200000000001,898.2700000000001,909.1099999999999,43.91025641025641,16.68364059483895,25.208706742999276,36.87176125136592,0.0,Neutral
2022-01-30,869.0,937.1,869.0,897.5,24394.0,0.0,868.1200000000001,907.3700000000001,905.6599999999999,48.90510948905109,17.249014672685348,27.339973280039352,46.92961751388915,0.0,Neutral
2022-01-27,864.0,870.0,850.0,852.0,9349.0,0.0,873.22,912.89,899.2699999999999,42.43421052631579,17.87247010044291,29.862712931877855,48.84691392503644,0.0,Neutral
2022-01-26,850.0,870.0,843.0,854.0,16236.0,0.0,891.4200000000001,921.6899999999999,893.1699999999998,42.43421052631579,23.040990008592416,32.86027363973659,44.38111335041203,0.0,Neutral
2022-01-25,876.0,896.0,852.6,860.1,24035.0,0.0,905.6200000000001,928.0899999999999,887.2199999999999,50.01479727730097,29.099122836687457,35.315094547522634,37.63749460311994,0.0,Neutral
2022-01-24,908.0,911.0,867.3,877.0,41541.0,0.0,924.0200000000001,935.78,881.515,46.97053918843803,35.78715240510428,36.869087475231424,29.087255704935583,0.0,Neutral
2022-01-23,960.0,960.0,913.0,923.0,26167.0,0.0,946.6200000000001,938.5799999999999,876.2149999999999,62.153685311029804,42.082242473809174,37.13957124276321,23.637390342888487,-0.18140113353729248,Slightly Negative
2022-01-20,940.0,950.0,925.0,943.0,31052.0,0.0,952.5600000000001,936.0799999999999,865.915,70.48947741782928,44.821324816428046,35.903903435001716,26.604168428606076,-0.36280226707458496,Negative
2022-01-19,971.0,989.0,925.0,925.0,32219.0,-0.7256045341491699,951.96,931.78,854.515,71.9298245614035,45.62907973640449,33.67454808964513,28.749910144784938,-0.7256045341491699,Strongly Negative
2022-01-18,989.0,989.0,941.0,952.1,38728.0,0.0,950.5600000000001,925.28,842.515,75.69230769230771,47.829100310826675,30.68591517795528,36.70137145484564,0.0,Neutral
2022-01-17,970.0,1020.0,930.0,990.0,74978.0,0.0,947.54,919.95,828.36,80.83923154701719,47.1821578394771,26.40011889473743,36.24102187668793,0.0,Neutral
2022-01-16,958.0,979.2,935.0,952.7,56157.0,0.0,930.54,903.95,813.1099999999999,73.70206104878686,41.81122897110777,21.204609158552515,37.185279345460735,0.0,Neutral
2022-01-13,917.0,944.9,911.0,940.0,23598.0,0.0,919.6,885.65,800.975,76.26000942063119,38.145625521354646,16.052954205413698,52.432289669630066,0.0,Neutral
2022-01-12,930.0,1007.7,905.0,918.0,40285.0,0.0,911.6,864.65,789.675,75.08650519031141,34.20522801972277,10.529786376428461,67.99126169344646,0.0,Neutral
2022-01-11,900.0,940.0,893.0,937.0,52014.0,0.0,900.0,846.35,777.525,80.31761308950915,30.918317346444155,4.610925965604883,76.1718123717698,0.0,Neutral
2022-01-10,912.0,925.0,893.0,905.0,33444.0,0.0,892.36,827.25,765.975,79.52952952952954,24.33875765296557,-1.9659218796049345,74.85089252047212,0.0,Neutral
2022-01-09,914.0,936.0,894.0,898.0,44913.0,0.0,877.36,813.85,757.475,76.06461086637299,18.8450104419735,-8.54209176274756,71.29539879185108,0.0,Neutral
2022-01-06,843.0,900.0,827.0,900.0,33975.0,0.0,851.7,795.75,749.375,72.01112140871177,12.271609304423919,-15.388867313927824,70.52966672889592,0.0,Neutral
2022-01-05,898.8,915.0,856.0,860.0,41588.0,0.0,817.7,777.25,741.875,68.45298281092012,3.4994266262509655,-22.30398646851576,64.11786455860675,0.0,Neutral
2022-01-04,846.0,913.0,846.0,898.8,62824.0,0.0,792.7,759.75,736.625,78.27185447195554,-3.6752418339079895,-28.75483974220744,62.89312363049182,0.0,Neutral
2022-01-03,785.0,842.5,781.0,830.0,60906.0,0.0,762.1400000000001,736.77,728.435,67.31843575418995,-16.72981515092681,-35.0247392192823,46.21178421139342,0.0,Neutral
2022-01-02,735.0,780.0,731.0,769.7,18734.0,0.0,750.34,722.27,725.785,55.31068258340986,-26.14376414609012,-39.59847023637118,35.127641853996586,0.0,Neutral
2021-12-29,735.0,744.0,726.0,730.0,3799.0,0.0,739.8,716.3,727.25,48.958333333333336,-31.639477021428206,-42.962146758941444,31.001971263496596,0.0,Neutral
2021-12-28,732.0,745.0,725.0,735.0,6970.0,0.0,736.8,714.7,730.775,47.474747474747474,-34.15161269836619,-45.79281419331975,30.6269670570163,0.0,Neutral
2021-12-27,785.0,802.0,730.0,746.0,24644.0,0.0,726.8,708.7,733.825,48.45360824742268,-37.37035150495433,-48.70311456705813,32.05221434542254,0.0,Neutral
2021-12-26,730.0,771.0,720.0,771.0,16457.0,0.0,711.4,704.7,736.525,56.2937062937063,-42.05506392347297,-51.53630533258408,29.253869639577015,0.0,Neutral
2021-12-23,720.0,735.6,705.0,717.0,13884.0,0.0,694.2,701.1,740.575,39.05109489051095,-49.968205026041005,-53.90661568486185,21.330468557661252,0.0,Neutral
2021-12-22,698.7,723.0,698.7,715.0,12685.0,0.0,692.8,703.0,747.725,35.71428571428572,-53.84325850566711,-54.891218349567055,23.62672686223599,0.0,Neutral
2021-12-21,682.3,695.9,670.0,685.0,5459.0,0.0,692.6,706.5,755.325,28.248587570621467,-57.802424823216484,-55.15320831054204,27.82185392018347,0.0,Neutral
2021-12-20,675.0,685.0,667.0,669.0,9283.0,0.0,690.6,713.5,765.575,25.0,-58.960452743823566,-54.490904182373434,30.489524612751282,0.0,Neutral
2021-12-16,710.0,710.0,677.0,685.0,12462.0,0.0,698.0,720.1,777.225,26.239669421487605,-57.95181997712473,-53.3735170420109,26.69352813782552,0.0,Neutral
2021-12-15,726.0,756.0,689.0,710.0,12860.0,0.0,708.0,729.3,793.675,23.605947955390334,-57.45059313705269,-52.22894130823244,29.005938089378525,0.0,Neutral
2021-12-14,688.0,715.0,687.7,714.0,8474.0,0.0,713.2,738.2,805.7850000000001,23.260073260073256,-58.520654979185565,-50.92352835102738,35.379843602448666,0.0,Neutral
2021-12-13,700.0,712.0,667.5,675.0,13365.0,0.0,720.4,746.85,816.44,10.16597510373444,-59.4425062034469,-49.02424669398783,39.17627541709306,0.0,Neutral
2021-12-12,732.0,732.0,705.6,706.0,7208.0,0.0,736.4,758.95,828.39,10.51502145922747,-55.783596221272205,-46.41968181662306,32.66364781969759,0.0,Neutral
2021-12-09,750.0,750.0,725.0,735.0,12115.0,0.0,742.2,768.35,838.1899999999999,11.342592592592595,-53.45846244444169,-44.07870321546078,29.059374085181982,0.0,Neutral
2021-12-08,765.0,765.0,735.0,736.0,8356.0,0.0,750.6,780.05,845.99,7.49235474006116,-52.66589587918611,-41.73376340821554,36.69124176452086,0.0,Neutral
2021-12-07,769.9,812.5,740.0,750.0,22484.0,0.0,763.2,792.45,855.9399999999999,23.025613660618987,-50.99006152310824,-39.000730290472895,40.865939362753814,0.0,Neutral
2021-12-06,725.0,765.0,721.0,755.0,14859.0,0.0,773.3,804.15,867.39,28.20967333502152,-49.53486841374172,-36.00339748231406,43.99119230028036,0.0,Neutral
2021-12-05,766.0,766.0,729.0,735.0,17929.0,0.0,781.5,817.65,878.64,26.93298969072164,-47.4660965772232,-32.62052974945714,47.78310370832158,0.0,Neutral
2021-12-02,799.0,799.0,765.0,777.0,7822.0,0.0,794.5,834.35,890.885,32.541899441340775,-42.098811846579906,-28.90913804251563,44.77601664582105,0.2140766978263855,Positive
2021-12-01,816.0,816.0,789.0,799.0,5856.0,0.0,809.5,858.05,901.04,36.74351585014409,-38.91222207260853,-25.611719591499554,67.83331285831065,0.428153395652771,Positive
2021-11-30,811.8,811.8,780.5,800.5,6269.0,0.856306791305542,821.7,873.3700000000001,911.8399999999999,32.73427471116817,-36.51897880368335,-22.28659397122231,70.27131625982946,0.856306791305542,Strongly Positive
2021-11-29,784.0,824.5,784.0,796.0,10015.0,0.0,835.0,886.0300000000001,921.5649999999999,28.671328671328666,-33.08587224874725,-18.72849776310705,67.0129680650614,0.0,Neutral
2021-11-28,835.0,848.0,785.0,800.0,50105.0,0.0,853.8,897.8300000000002,931.665,28.873239436619713,-27.764549013192436,-15.139154141696999,59.349399510207725,0.0,Neutral
2021-11-25,863.9,874.0,845.0,852.0,6345.0,0.0,874.2,908.03,940.675,32.90564020315425,-20.976030279619636,-11.982805423823137,48.42800039462935,0.0,Neutral
2021-11-24,884.0,884.0,851.0,860.0,8231.0,0.0,906.6,911.93,944.975,33.60633360633361,-17.300851382883252,-9.734499209874013,44.85284705443878,0.0,Neutral
2021-11-23,898.5,898.5,860.0,867.0,9824.0,0.0,925.04,919.43,944.625,31.227803145611375,-13.172883389115782,-7.842911166621701,41.337366738688836,0.0,Neutral
2021-11-22,885.5,902.0,884.4,890.0,10126.0,0.0,937.0600000000001,930.6299999999999,943.725,36.579754601226995,-8.42521684595647,-6.51041811099818,40.72165817405258,0.2287127077579498,Positive
2021-11-21,940.0,940.0,885.0,902.0,13162.0,0.0,941.86,939.6299999999999,943.5200000000001,37.44113029827316,-4.584737485837422,-6.031718427258607,40.689721606867224,0.4574254155158996,Positive
2021-11-18,955.0,1014.0,941.1,1014.0,108385.0,0.9148508310317992,941.86,947.4200000000001,941.1200000000001,55.86805555555555,-0.8380203754912827,-6.393463662613903,40.13822783000297,0.9148508310317992,Strongly Positive
2021-11-17,935.0,999.6,935.0,952.2,83116.0,0.0,917.26,944.03,934.4200000000001,52.645305514157975,-7.447293876460662,-7.782324484394557,34.991841906362986,0.0,Neutral
2021-11-16,901.0,932.1,901.0,927.1,13291.0,0.0,913.82,950.3099999999998,932.0600000000001,61.28540968626257,-9.482442324949488,-7.86608213637803,41.62727337802431,0.0,Neutral
2021-11-15,920.0,938.0,900.0,914.0,9942.0,0.0,924.2,957.1,930.65,60.18170426065163,-9.386469001748651,-7.4619920892351645,42.937836202790194,0.0,Neutral
2021-11-14,874.0,945.8,874.0,902.0,9871.0,0.0,937.4,965.5,930.65,52.33943621040396,-7.793623501928664,-6.980872861106793,41.769898784223564,0.0,Neutral
2021-11-11,935.0,935.0,890.1,891.0,20242.0,0.0,952.9799999999999,973.32,933.5450000000001,55.06849315068493,-4.425393449403032,-6.777685200901324,35.39434355310703,0.0,Neutral
2021-11-09,970.0,970.0,910.0,935.0,34112.0,0.0,970.8,978.0200000000001,933.9950000000001,57.92507204610951,1.0580622678119198,-7.365758138775896,24.7764583604818,0.0,Neutral
2021-11-08,999.6,1059.0,978.1,979.0,9678.0,0.0,986.8,969.82,930.7450000000001,61.28048780487805,3.5615557502525235,-9.471713240422849,45.49937240104208,0.2319222241640091,Positive
2021-11-03,999.0,999.0,971.0,980.0,11887.0,0.0,990.0,956.82,925.2450000000001,62.17352146502552,2.225119347836653,-12.73003048809169,59.11846487256536,0.4638444483280182,Positive
2021-11-02,980.0,985.0,960.0,979.9,13599.0,0.9276888966560364,993.6,947.4100000000001,921.8950000000001,59.46567078425739,0.38515696733031746,-16.468817947073777,62.415978189348394,0.9276888966560364,Strongly Positive
2021-11-01,1005.0,1012.0,980.0,980.1,12607.0,0.0,993.6600000000001,934.8199999999999,920.4,52.56475368207212,-1.9587245724046625,-20.682311675674804,67.61536314576183,0.0,Neutral
2021-10-31,1014.7,1019.0,985.0,1015.0,15197.0,0.0,985.24,924.8100000000001,915.595,63.72970391595034,-4.942242834794911,-25.363208451492337,67.57669634488528,0.0,Neutral
2021-10-28,981.0,1006.0,970.0,995.0,15883.0,0.0,952.8399999999999,913.8100000000001,910.845,64.57555970149254,-12.231864430285214,-30.46844985566669,59.765922099842285,0.0,Neutral
2021-10-27,999.7,1028.0,942.0,998.0,32942.0,0.0,923.64,904.2,908.875,65.11246485473289,-19.321790693179537,-35.02759621201206,52.55120254465055,0.0,Neutral
2021-10-26,919.3,1031.8,919.3,980.2,49078.0,0.0,901.22,895.8,908.725,57.41721854304637,-28.395525076827425,-38.95404759172019,41.428197589993886,0.0,Neutral
2021-10-25,868.0,938.0,851.0,938.0,31555.0,0.0,875.9799999999999,893.7700000000001,910.4649999999999,48.66011612326932,-37.75152023447515,-41.59367822044338,37.104808014296495,0.01419951673597095,Neutral
2021-10-24,849.0,869.0,839.0,853.0,18079.0,0.0,864.3799999999999,889.97,912.515,46.385261194029844,-44.84733194137118,-42.55421771693544,33.877263761998755,0.0283990334719419,Neutral
2021-10-21,900.0,900.0,849.0,849.0,14282.0,0.0567980669438838,874.78,891.6700000000001,919.415,42.29600694444444,-44.59729769175328,-41.98093916082651,32.201002399856826,0.0567980669438838,Slightly Positive
2021-10-20,871.0,900.0,860.0,885.9,14468.0,0.0,884.76,893.6700000000001,928.9649999999999,42.41566920565831,-43.22220237399722,-41.32684952809481,29.786911741755556,0.0,Neutral
2021-10-19,863.0,880.0,850.0,854.0,10998.0,0.0,890.3800000000001,896.3799999999999,940.1699999999998,34.90364025695931,-44.59548504298482,-40.8530113166192,30.23091868343503,0.0,Neutral
2021-10-18,900.0,900.1,863.0,880.0,18281.0,0.0,911.5600000000001,905.9799999999999,953.8699999999999,35.35791757049891,-42.451631503503904,-39.9173928850278,30.518875762022542,0.0,Neutral
2021-10-17,916.0,916.0,900.0,905.0,7055.0,0.0,915.5600000000001,906.3799999999999,966.2699999999999,42.16101694915255,-41.745089254879076,-39.283833230408774,30.164688701268453,0.0,Neutral
2021-10-11,898.0,912.0,882.0,898.9,21852.0,0.0,908.5600000000001,907.8799999999999,976.9,40.364092906465785,-42.7815376683817,-38.6685192242912,30.459948201604487,0.0,Neutral
2021-10-10,974.0,979.0,913.0,914.0,19308.0,0.0,902.5799999999999,913.55,982.7550000000001,37.6905041031653,-42.861054913711996,-37.64026461326858,33.70681599386706,0.0,Neutral
2021-10-06,917.0,977.0,901.1,959.9,28483.0,0.0,902.3799999999999,921.65,988.4,35.995521552528444,-43.8765688535525,-36.335067038157725,42.43052491360893,0.0,Neutral
2021-10-05,887.4,923.2,887.0,900.0,13324.0,0.0,900.4,927.1600000000001,993.0049999999999,26.92307692307692,-49.20798382616988,-34.44969158430903,50.717851338994755,0.0,Neutral
2021-10-04,854.0,904.0,845.0,870.0,18827.0,0.0,897.2,935.0600000000001,1003.655,22.198275862068968,-49.198146444657255,-30.760118523843815,52.14970331224771,0.0,Neutral
2021-10-03,900.1,915.0,869.0,869.0,21077.0,0.0,907.2,947.1600000000001,1010.905,23.743134769750753,-45.41543551124062,-26.15061154364045,49.33863034625417,0.0,Neutral
2021-09-30,940.0,954.0,903.0,913.0,16025.0,0.0,924.5199999999999,964.26,1021.4549999999999,40.301318267419965,-39.82491449424367,-21.33440555174041,48.87044551100657,0.0,Neutral
2021-09-29,901.6,962.8,884.1,950.0,32766.0,0.0,940.9199999999998,983.96,1030.3049999999998,42.384630619924735,-36.590105276269355,-16.711778316114593,63.44423973502493,0.0,Neutral
2021-09-28,920.0,928.0,870.0,884.0,40965.0,0.0,953.9199999999998,1001.76,1037.5149999999999,31.89655172413792,-35.69636543403635,-11.7421965760759,76.48702431712584,0.0,Neutral
2021-09-27,955.6,988.0,919.3,920.0,26785.0,0.0,972.9199999999998,1026.16,1051.0149999999999,30.265848670756654,-27.31640853818226,-5.753654361585785,73.61152083743173,0.0,Neutral
2021-09-26,995.0,1014.0,955.6,955.6,27493.0,0.0,987.1199999999999,1045.92,1065.0149999999999,44.61371055495104,-19.888661248736753,-0.36296581743666634,68.27611913725059,0.0,Neutral
2021-09-23,1035.0,1035.0,995.0,995.0,28309.0,0.0,1004.0,1051.96,1076.835,42.63431542461005,-13.74359236295345,4.518458040388356,61.75879964290844,0.0,Neutral
2021-09-22,998.0,1035.0,990.0,1015.0,36222.0,0.0,1027.0,1055.15,1089.835,43.386243386243386,-9.711979459819759,9.083970641223807,59.26320293590102,0.0,Neutral
2021-09-21,972.0,1030.7,935.0,979.0,49811.0,0.0,1049.6,1058.85,1104.835,39.237668161434975,-6.461273834950134,13.782958166484699,57.609938378716876,0.0,Neutral
2021-09-20,1030.0,1040.0,990.0,991.0,63633.0,0.0,1079.4,1072.25,1120.385,36.02058319039451,1.447245327482733,18.844016166843407,52.31395076309913,0.0,Neutral
2021-09-16,1088.0,1092.0,1031.0,1040.0,77501.0,0.0,1104.72,1074.65,1136.6150000000002,36.206896551724135,10.29852258095184,23.19320887668357,48.59028823860402,0.0,Neutral
2021-09-15,1135.0,1137.0,1086.0,1110.0,46042.0,0.0,1099.92,1078.65,1144.4150000000002,42.084942084942085,16.457083401474847,26.4168804506165,47.04270518487013,0.0,Neutral
2021-09-14,1128.0,1135.0,1097.0,1128.0,64930.0,0.0,1083.3,1076.65,1143.9150000000002,38.721136767317944,16.95099799928471,28.906829712901914,45.97480590255146,0.0,Neutral
2021-09-13,1138.0,1140.0,1091.0,1128.0,114439.0,0.0,1068.1,1073.27,1143.765,34.99197431781701,15.502125387772594,31.895787641306214,42.921221117551354,0.0,Neutral
2021-09-12,1036.0,1117.6,1010.0,1117.6,97537.0,0.0,1065.1,1075.87,1143.1150000000002,36.48055207026348,13.427351612529264,35.99420320468962,47.18102372776054,0.0,Neutral
2021-09-09,1026.0,1045.0,1001.0,1016.0,28682.0,0.0,1044.58,1084.11,1139.7350000000001,23.326210826210826,11.6427879704911,41.63591610272971,60.57348980095285,0.0,Neutral
2021-09-08,1052.0,1060.0,1015.0,1026.9,32854.0,0.0,1057.3799999999999,1101.71,1141.435,37.38624496494108,19.54041346053714,49.134198135789354,64.05380464022642,0.0,Neutral
2021-09-07,1115.0,1115.0,1051.0,1052.0,37145.0,0.0,1070.0,1124.52,1144.0900000000001,46.7620075553157,28.226613072042255,56.53264430460241,74.25506791533097,0.2274153679609299,Positive
2021-09-06,995.0,1116.5,980.0,1113.0,67281.0,0.0,1078.44,1150.8200000000002,1146.94,49.14917753828701,36.34715711331569,63.60915211274244,90.51145783821619,0.4548307359218598,Positive
2021-09-05,1080.0,1080.0,980.0,1015.0,80409.0,0.9096614718437196,1086.64,1168.52,1142.5400000000002,41.89889825016202,39.9723292225292,70.42465086259912,99.18486443672967,1.1318514347076416,Strongly Positive
2021-09-02,1090.0,1148.0,1078.0,1080.0,75141.0,0.0,1123.64,1198.58,1143.44,52.430330524951394,53.99613319868854,78.03773127261661,92.83607775715377,0.44437992572784424,Positive
2021-09-01,1094.0,1129.0,1080.0,1090.0,73516.0,0.8887598514556885,1146.0400000000002,1210.1799999999998,1137.44,53.29380764163373,64.49202651809628,84.04813079109861,83.11082026092248,0.8887598514556885,Strongly Positive
2021-08-31,1140.0,1149.0,1081.0,1094.2,114704.0,0.0,1179.04,1211.1799999999998,1126.94,51.1216429699842,75.9323554236953,88.93715685934919,81.54962769857808,0.0,Neutral
2021-08-29,1224.0,1225.0,1147.0,1154.0,92042.0,0.0,1223.2,1214.2599999999998,1114.1100000000001,53.73630023248091,89.00226823886078,92.18835721826265,77.10086034971056,0.0,Neutral
2021-08-26,1201.0,1239.5,1175.0,1200.0,68423.0,0.0,1250.4,1210.36,1098.66,63.667603873789446,98.30092396674308,92.98487946311312,81.3565977656325,0.0,Neutral
2021-08-25,1250.0,1250.0,1159.0,1192.0,121615.0,0.0,1273.52,1195.36,1080.41,62.417994376757264,104.05592201990589,91.65586833720562,95.99077733476439,0.0,Neutral
2021-08-24,1276.0,1325.0,1250.0,1255.0,85555.0,0.0,1274.3200000000002,1181.1599999999999,1062.66,72.68532759151032,110.70239703292577,88.55585491653054,106.4737338501804,0.0,Neutral
2021-08-19,1300.0,1315.0,1250.0,1315.0,175493.0,0.0,1243.3200000000002,1163.6599999999999,1041.56,82.45299910474486,111.16095391088334,83.01921938743172,107.36666356203669,0.0,Neutral
2021-08-18,1341.0,1365.0,1270.0,1290.0,162989.0,0.0,1205.3200000000002,1143.06,1017.4100000000001,82.89703315881327,104.02026172368187,75.9837857565688,94.03824517479465,0.0,Neutral
2021-08-17,1219.0,1315.6,1181.0,1315.6,291038.0,0.0,1170.3200000000002,1116.56,994.76,85.1508813863161,95.93857443421803,68.97466676479054,84.92678153693092,0.0,Neutral
2021-08-16,1122.0,1210.0,1095.0,1196.0,241453.0,0.0,1117.2,1088.3,971.53,82.24365844944623,81.62138702935033,62.233689847433666,51.95307711985625,0.0,Neutral
2021-08-15,1147.0,1147.0,1060.0,1100.0,178376.0,0.0,1088.0,1064.7,955.0799999999999,78.23100042936883,74.337684021256,57.38676555195449,51.190385381975574,0.0,Neutral
2021-08-12,1137.3,1147.0,1102.0,1125.0,130352.0,0.0,1084.0,1042.7,941.2299999999999,82.82374100719424,73.73430041425183,53.149035934629104,75.72765530357785,0.0,Neutral
2021-08-11,1065.0,1139.0,1060.0,1115.0,252849.0,0.0,1080.8,1013.96,926.18,82.46902248737953,69.3462100589229,48.00271981472342,93.47901963066884,0.0,Neutral
2021-08-10,1050.0,1075.0,1039.0,1050.0,132143.0,0.0,1062.8,986.96,911.53,78.33954230973923,63.75492076817329,42.666847253673545,99.82949018757486,0.0,Neutral
2021-08-09,1080.0,1082.0,1032.1,1050.0,210761.0,0.0,1059.4,965.46,899.5799999999999,75.52591072344792,62.30923995317016,37.3948288750486,107.59421917556769,0.2324150204658508,Positive
2021-08-08,1110.0,1110.0,1045.0,1080.0,233231.0,0.0,1041.4,944.1600000000001,887.8799999999999,78.33954230973923,59.5577093136111,31.166226105518213,110.05387771450947,0.6968607604503632,Strongly Positive
2021-08-05,1045.5,1109.0,980.1,1109.0,313093.0,0.9296600818634032,1001.4,919.46,873.68,86.59160696008189,52.12491625273947,24.06835530349499,103.71426774235866,1.3937215209007263,Strongly Positive
2021-08-04,1050.0,1050.0,989.0,1025.0,259847.0,0.928122878074646,947.1200000000001,891.76,858.18,82.65107212475634,38.927061600459865,17.054215066183865,82.23326172136062,0.928122878074646,Strongly Positive
2021-08-03,979.0,1050.0,970.0,1033.0,333709.0,0.0,911.1200000000001,872.96,846.6299999999999,84.95692511597085,30.0683153119071,11.586003432614865,68.77672732998262,0.0,Neutral
2021-08-02,890.0,960.0,871.0,960.0,370759.0,0.0,871.5200000000001,854.76,834.7299999999999,81.0675562969141,17.509430917253894,6.965425462791805,39.62208138568673,0.0,Neutral
2021-08-01,840.0,880.0,840.0,880.0,143872.0,0.0,846.9200000000001,845.46,826.53,69.41747572815534,8.657772203827221,4.329424099176282,16.11984284458225,0.0,Neutral
2021-07-29,845.0,858.0,836.0,837.6,47512.0,0.0,837.5200000000001,839.76,822.7299999999999,64.60674157303372,5.379360213907148,3.2473370730135462,12.134358931043371,0.0,Neutral
2021-07-28,844.0,851.7,836.0,845.0,54271.0,0.0,836.4,838.4,821.6,66.66666666666666,5.433760034570469,2.7143312877901455,13.125039682507586,0.0,Neutral
2021-07-27,830.0,840.0,821.0,835.0,45919.0,0.0,834.8,836.1,819.35,65.41353383458647,4.6707029324416,2.0344741010950647,13.835943528869898,0.0,Neutral
2021-07-26,834.0,851.0,833.0,837.0,38206.0,0.0,838.0,833.7,818.1,65.9090909090909,4.647008915797869,1.375416893258431,15.965587994206642,0.0,Neutral
2021-07-25,835.0,845.0,829.0,833.0,43454.0,0.0,844.0,831.6,816.65,64.34108527131784,4.345537513961062,0.5575188876235714,16.840427548039433,0.0,Neutral
2021-07-22,838.0,843.9,830.0,832.0,45912.0,0.0,842.0,827.9,815.25,60.29411764705882,4.3048152881407304,-0.38948576896080134,20.223473709767863,-0.0128350406885147,Neutral
2021-07-20,855.0,855.0,836.0,837.0,51911.0,0.0,840.4,824.6,814.25,57.74647887323944,4.292041606629937,-1.5630610332361843,22.08669785692332,-0.0256700813770294,Neutral
2021-07-19,869.0,879.0,845.0,851.0,111264.0,-0.0513401627540588,837.4,820.3,814.05,67.83216783216784,3.70421713885969,-3.026836693202714,23.54216076179401,-0.0513401627540588,Slightly Negative
2021-07-18,839.0,877.0,839.0,867.0,189570.0,0.0,829.4,814.7,812.35,70.8029197080292,1.4746052961586429,-4.709600151218315,22.04061906775164,0.0,Neutral
2021-07-15,830.0,830.0,821.0,823.0,41227.0,0.0,819.2,807.6,810.7,57.89473684210526,-3.0217298964695374,-6.255651513062554,12.833982667589808,0.0,Neutral
2021-07-14,823.0,827.0,817.0,824.0,15671.0,0.0,813.8,805.7,812.5,59.79381443298969,-4.236736198384506,-7.064131917210807,11.652848960223547,0.0,Neutral
2021-07-13,810.0,826.0,810.0,822.0,28769.0,0.0,808.8,804.8,815.3,54.90196078431373,-5.8277189881247295,-7.770980846917381,10.358034991724425,0.0,Neutral
2021-07-12,856.0,856.0,807.0,811.0,52278.0,0.0,803.2,802.6,815.2,40.17857142857142,-7.5699883817477485,-8.256796311615544,8.46167832057626,0.0,Neutral
2021-07-11,805.0,821.0,800.0,816.0,85895.0,0.0,800.0,802.5,815.85,49.59349593495935,-8.563648758601289,-8.428498294082491,8.356634091202283,0.0,Neutral
2021-07-08,795.0,805.0,795.0,796.0,43157.0,0.0,796.0,801.7,816.35,34.16666666666666,-10.216449475841841,-8.39471067795279,7.227263198074944,0.0,Neutral
2021-07-07,795.0,803.0,794.0,799.0,18866.0,0.0,797.6,802.6,817.9,28.873239436619713,-10.14105767165313,-7.939275978480529,6.9952364745049085,0.0,Neutral
2021-07-06,795.0,802.0,793.0,794.0,11324.0,0.0,800.8,803.9,819.5,22.784810126582286,-10.202778566355391,-7.388830555187377,7.44535649477158,0.0,Neutral
2021-07-05,810.0,810.0,795.0,795.0,18256.0,0.0,802.0,807.8,821.05,44.23963133640553,-9.624061910992054,-6.6853435523953735,11.033282980791252,0.0,Neutral
2021-07-04,806.0,809.0,796.0,796.0,24955.0,0.0,805.0,810.0,822.45,43.636363636363626,-8.84724084307743,-5.950663962746203,10.370899457444825,0.0,Neutral
2021-07-01,829.0,831.0,800.0,804.0,53215.0,0.0,807.4,813.8,824.25,44.859813084112155,-7.828865722312571,-5.226519742663396,11.56431292097326,0.0,Neutral
2021-06-30,810.0,816.0,792.0,815.0,18290.0,0.0,807.6,819.3,825.65,47.05882352941176,-7.2297197940301885,-4.575933247751102,17.78919772098747,0.0,Neutral
2021-06-29,840.0,847.0,800.0,800.0,58702.0,0.0,807.0,825.8,826.55,41.96891191709844,-7.479832157654528,-3.912486611181331,26.016234247969944,0.2324477434158325,Positive
2021-06-28,817.0,825.0,800.0,810.0,59587.0,0.0,813.6,827.8,827.6,46.03174603174603,-6.1629961976601635,-3.020650224563031,24.539310866007792,0.464895486831665,Positive
2021-06-27,805.0,811.0,802.0,808.0,14130.0,0.92979097366333,815.0,829.2,828.35,46.03174603174603,-5.410772900392317,-2.2350637312887476,23.799159649046096,0.92979097366333,Strongly Positive
2021-06-24,852.0,852.0,802.0,805.0,28400.0,0.0,820.2,831.0,829.25,43.07692307692307,-4.16832392241929,-1.4411364390128554,22.671568097526368,0.0,Neutral
2021-06-23,835.0,840.0,812.0,812.0,31553.0,0.0,831.0,833.2,830.75,44.680851063829785,-2.216422515298291,-0.7593395681612466,20.863578046194625,0.0,Neutral
2021-06-22,830.0,840.0,816.0,833.0,33469.0,0.0,844.6,835.1,833.65,50.0,-0.40557493725975746,-0.3950688313769855,19.541693319119876,0.0,Neutral
2021-06-21,831.0,847.0,815.0,817.0,49379.0,0.0,842.0,834.3,834.8,48.78048780487806,-0.22655748402132758,-0.3924423049062925,19.799270469183245,0.0,Neutral
2021-06-20,880.0,880.0,832.0,834.0,40981.0,0.0,843.4,834.9,836.75,52.98013245033113,1.6343201742431575,-0.4339135101275337,19.301410426318643,0.0,Neutral
2021-06-17,924.0,924.0,856.0,859.0,82188.0,0.0,841.8,834.7,837.9,62.99212598425196,2.2547957282572497,-0.9509719312202065,19.322123186782633,0.0,Neutral
2021-06-16,861.0,902.0,817.0,880.0,250193.0,0.0,835.4,832.0,837.85,69.56521739130434,0.4684965884243866,-1.7524138460895704,17.333333333355604,0.0,Neutral
2021-06-15,865.0,865.0,819.0,820.0,39521.0,0.0,825.6,827.3,837.05,22.222222222222214,-3.956466991339312,-2.3076414547180595,4.4733780425878,0.0,Neutral
2021-06-14,839.0,839.0,824.0,824.0,46503.0,0.0,826.6,827.4,838.3,34.0,-3.4376900769092344,-1.8954350705627465,4.299870799185013,0.0,Neutral
2021-06-13,840.0,840.0,814.0,826.0,42490.0,0.0,826.4,827.5,839.3,34.69387755102041,-3.1328120504634853,-1.5098713189761244,4.22295315320072,0.0,Neutral
2021-06-10,840.0,847.0,826.0,827.0,32854.0,0.0,827.6,827.5,839.1,34.69387755102041,-2.901745012338665,-1.104136136104284,4.22295315320072,0.0,Neutral
2021-06-09,830.0,860.0,830.0,831.0,49849.0,0.0,828.6,828.3,839.0,35.78947368421052,-2.666430428952708,-0.6547339170456887,4.831608887858685,0.0,Neutral
2021-06-08,824.0,833.0,820.0,825.0,48254.0,0.0,829.0,832.2,838.95,29.473684210526315,-2.7345717362825326,-0.15180978906893383,14.10122138132778,0.0,Neutral
2021-06-07,835.0,835.0,822.0,823.0,30276.0,0.0,828.2,835.3,838.9,40.17857142857142,-2.1708601432920887,0.49388069773446586,15.663474852190376,0.0,Neutral
2021-06-06,840.0,856.0,823.0,832.0,33063.0,0.0,828.6,838.6,838.6,44.23076923076923,-1.2161466534273586,1.1600659079911044,16.249444434970204,0.0,Neutral
2021-06-03,874.0,874.0,830.0,832.0,31964.0,0.0,827.4,841.1,838.35,53.96825396825397,-0.8962593023138652,1.75411904834572,17.0257974197541,0.0,Neutral
2021-06-02,862.0,862.0,816.0,833.0,28569.0,0.0,828.0,843.7,838.9,53.125,-0.47493022067703805,2.4167136360106163,17.461385970211964,0.0,Neutral
2021-06-01,825.0,835.0,819.0,821.0,34382.0,0.0,835.4,846.8,839.75,46.28099173553719,-0.03207120781451067,3.13962460018253,18.09112735264416,0.0,Neutral
2021-05-31,830.0,847.0,818.0,825.0,47009.0,0.0,842.4,849.2,840.95,50.40650406504066,1.7554626043529424,3.93254855218179,15.725421739641147,0.0,Neutral
2021-05-30,835.0,845.0,819.0,826.0,56070.0,0.0,848.6,851.1,841.45,53.488372093023266,3.60419903218326,4.476820039139001,13.461467643306648,0.0,Neutral
2021-05-27,827.0,856.0,800.0,835.0,82565.0,0.0,854.8,850.7,841.45,53.07692307692308,5.80961608687312,4.694975290877936,14.322088612451218,0.0,Neutral
2021-05-25,868.0,872.0,852.0,870.0,81645.0,0.0,859.4,849.7,840.5,62.16216216216217,7.623663075413674,4.41631509187914,15.81173966114413,0.0,Neutral
2021-05-24,868.0,873.0,852.0,856.0,39237.0,0.0,858.2,845.7,838.5,52.88461538461538,6.264520677872156,3.6144780959955063,15.151457575671468,0.0,Neutral
2021-05-23,841.0,872.0,839.0,856.0,51493.0,0.0,856.0,842.5,835.05,55.04587155963303,5.864094989695445,2.9519674505263436,16.084844488615456,0.0,Neutral
2021-05-20,865.0,865.0,849.0,857.0,28521.0,0.0,853.6,838.6,833.1,59.32203389830509,5.267710275117906,2.223935565734068,17.14124331030167,0.0,Neutral
2021-05-19,880.0,895.0,850.0,858.0,61744.0,0.0,846.6,835.6,832.2,62.6984126984127,4.3280670899647475,1.4629918883881086,16.16030802789073,0.0,Neutral
2021-05-18,850.0,865.0,840.0,864.0,68846.0,0.0,840.0,834.1,830.65,68.46153846153847,2.9639688123332917,0.7467230879939488,14.456448003906429,0.2234872728586197,Positive
2021-05-17,886.0,886.0,844.0,845.0,32310.0,0.0,833.2,832.7,829.35,55.99999999999999,0.5688620097952253,0.1924116569091131,11.643309953249323,0.4469745457172394,Positive
2021-05-16,822.0,845.0,822.0,844.0,29878.0,0.8939490914344788,829.0,832.7,829.45,67.06586826347305,-0.5618941201321377,0.09829906868758506,11.643309953249323,0.8939490914344788,Strongly Positive
2021-05-13,830.0,832.0,819.0,822.0,17629.0,0.0,823.6,831.8,830.45,51.42857142857142,-1.8951589387648937,0.26334736589251573,11.00302988578324,0.16164061427116394,Slightly Positive
2021-05-12,840.0,846.0,820.0,825.0,15543.0,0.0,824.6,832.2,833.1,46.391752577319586,-1.3293237227104555,0.802973942056868,10.67499674736841,0.3232812285423279,Positive
2021-05-11,838.0,840.0,824.0,830.0,19814.0,0.6465624570846558,828.2,831.3,836.05,50.74626865671642,-0.8932311564343536,1.336048358248699,11.681419244095734,0.8786037415266037,Strongly Positive
2021-05-10,830.0,830.0,810.0,824.0,21731.0,0.0,832.2,831.3,839.4,46.60194174757281,-0.8327169186572974,1.893368236919462,11.681419244095734,0.4640825688838958,Positive
2021-05-09,786.0,833.0,786.0,817.0,25866.0,0.9281651377677916,836.4,827.6,841.45,42.78846153846154,-0.13245740907780146,2.5748895258136515,18.258635704196774,0.9281651377677916,Strongly Positive
2021-05-06,852.0,852.0,820.0,827.0,30721.0,0.0,840.0,827.6,843.65,41.3953488372093,1.4759822909173863,3.2517262595365146,18.258635704196774,0.0,Neutral
2021-05-05,860.0,865.0,843.0,843.0,39435.0,0.0,839.8,828.8,845.25,42.38095238095238,2.489285583770652,3.6956622516912967,18.605853320354957,0.0,Neutral
2021-05-04,845.0,856.0,830.0,850.0,36652.0,0.0,834.4,827.2,846.35,41.9811320754717,2.1173303599759947,3.997256418671457,17.92453315681282,0.0,Neutral
2021-05-03,876.0,876.0,840.0,845.0,61508.0,0.0,830.4,826.0,846.65,38.18181818181818,0.8990554327328937,4.467237933345323,16.579773487285276,0.0,Neutral
2021-05-02,826.0,838.0,825.0,835.0,24022.0,0.0,818.8,826.2,847.45,43.80165289256198,-0.1598926443335813,5.359283558498429,16.84438581053435,0.0,Neutral
2021-04-29,816.0,830.0,815.0,826.0,17320.0,0.0,815.2,829.1,849.6,42.61603375527426,-0.4909879333262097,6.739077609206431,20.604476320577234,0.0,Neutral
2021-04-28,830.0,837.0,807.0,816.0,15580.0,0.0,817.8,834.0,851.35,40.6113537117904,0.0099193586625006,8.54659399483959,25.117501645061136,0.0,Neutral
2021-04-27,787.0,830.0,780.0,830.0,40820.0,0.0,820.0,840.8,852.55,42.081447963800905,1.6672967479474892,10.68076265388386,28.658138266286883,0.0,Neutral
2021-04-26,802.0,824.0,785.0,787.0,52354.0,0.0,821.6,847.5,852.9,31.55080213903743,2.3330068448465227,12.934129130367952,33.307489981828176,0.0,Neutral
2021-04-25,845.0,845.0,800.0,817.0,44248.0,0.0,833.6,855.3,856.4,36.41975308641976,7.526942178054583,15.584409701748308,25.867396896921807,0.0,Neutral
2021-04-22,827.0,841.0,815.0,839.0,29961.0,0.0,843.0,859.7,855.5,37.5796178343949,10.992264117122772,17.59877658267174,22.096002655095088,0.0,Neutral
2021-04-21,842.0,855.0,826.0,827.0,31291.0,0.0,850.2,861.7,853.8,39.50617283950616,13.015387550375294,19.250404699058983,20.886199590494183,0.2323751151561737,Positive
2021-04-20,889.0,889.0,833.0,838.0,38650.0,0.0,861.6,865.5,853.8,49.41860465116279,16.630132186266792,20.809158986229903,16.9591011292379,0.4647502303123474,Positive
2021-04-19,853.0,867.0,843.0,847.0,37135.0,0.9295004606246948,873.4,867.3,850.9,53.01204819277108,19.88196796245893,21.85391568622068,14.49176011089437,0.9295004606246948,Strongly Positive
2021-04-18,900.0,900.0,860.0,864.0,58465.0,0.0,877.0,868.7,846.55,52.07100591715976,22.826937000981275,22.34690261716112,12.901765598403447,0.0,Neutral
2021-04-15,870.0,901.0,870.0,875.0,48904.0,0.0,876.4,870.1,840.3,67.5925925925926,24.522851126499063,22.226894021206082,13.0932552611609,0.0,Neutral
2021-04-13,910.0,920.0,880.0,884.0,78850.0,0.0,873.2,868.7,832.8,68.54460093896714,25.210758230319925,21.652904744882836,13.258540224680837,0.0,Neutral
2021-04-12,875.0,910.0,867.0,897.0,138638.0,0.0,869.4,864.3,825.7,65.76576576576576,24.80571226857387,20.763441373523563,14.825278712034407,0.2289360761642456,Positive
2021-04-08,876.0,877.0,860.0,865.0,39457.0,0.0,861.2,858.3,819.2,67.93248945147678,22.604279608038723,19.752873649760986,11.991200477413791,0.4578721523284912,Positive
2021-04-07,865.0,870.0,860.0,861.0,39509.0,0.9157443046569824,860.4,857.5,814.55,69.96047430830039,22.723843308838696,19.04002216019155,11.759157188269125,1.1474088281393051,Strongly Positive
2021-04-06,908.0,908.0,851.0,859.0,31418.0,0.0,863.8,851.3,810.5,72.05882352941177,22.95319416609493,18.119066873029762,21.782000724364796,0.4633290469646454,Positive
2021-04-05,860.0,868.0,850.0,865.0,46933.0,0.9266580939292908,864.2,845.9,807.55,75.0,23.115700981486157,16.91053504976347,25.954875371618606,0.9266580939292908,Strongly Positive
2021-04-04,863.0,866.0,845.0,856.0,47738.0,0.0,859.2,842.1,802.7,69.79166666666667,22.375981302491027,15.359243566832799,25.62745923160124,0.0,Neutral
2021-04-01,921.0,921.0,860.0,861.0,74829.0,0.0,855.4,834.5,799.05,65.25974025974025,22.02272482053729,13.60505913291824,31.616627130544238,0.0,Neutral
2021-03-31,890.0,890.0,870.0,878.0,84332.0,0.0,854.6,824.4,795.85,67.9054054054054,20.742419640726894,11.500642711013477,37.74828914446506,0.0,Neutral
2021-03-30,855.0,869.0,845.0,861.0,54542.0,0.0,838.8,810.5,790.65,64.11149825783971,17.075667652812854,9.19019847858512,41.24789556922588,0.0,Neutral
2021-03-29,840.0,850.0,835.0,840.0,52583.0,0.0,827.6,796.9,787.95,56.99300699300699,13.878094495107234,7.218831185028185,44.99740733272985,0.0,Neutral
2021-03-25,880.0,880.0,833.0,837.0,90961.0,0.0,825.0,787.1,787.25,60.95238095238095,11.733147017524857,5.554015357508423,45.238749368715276,0.0,Neutral
2021-03-24,814.0,865.0,805.0,857.0,161950.0,0.0,813.6,780.1,786.2,61.935483870967744,9.130204644064975,4.009232442504314,41.95619408649035,0.0,Neutral
2021-03-23,800.0,810.0,790.0,799.0,25310.0,0.0,794.2,771.6,784.2,50.37593984962406,3.638737038026079,2.7289893921141486,32.09776731593232,0.0,Neutral
2021-03-22,840.0,840.0,795.0,805.0,47668.0,0.0,782.2,769.7,786.05,55.477031802120145,2.482154936674192,2.5015524806361658,30.83306306189597,0.0,Neutral
2021-03-21,790.0,832.0,785.0,827.0,67946.0,0.0,766.2,769.2,788.4,53.40136054421768,0.3589224373242814,2.5064018666266588,30.231697860964307,0.0,Neutral
2021-03-18,770.0,789.0,765.0,780.0,31307.0,0.0,749.2,763.3,789.8,41.353383458646626,-4.596315006388977,3.043271723952253,22.455140465702733,0.2323336601257324,Positive
2021-03-17,731.0,763.0,731.0,760.0,21224.0,0.0,746.6,763.6,794.55,39.0625,-6.068689852635316,4.953168406537561,22.721502297774506,0.6967473775148391,Strongly Positive
2021-03-16,722.0,750.0,722.0,739.0,23924.0,0.9293346405029296,749.0,767.3,800.85,33.47457627118645,-5.823340076715226,7.708632971330779,24.971316878926384,1.3934947550296781,Strongly Positive
2021-03-15,705.0,753.0,705.0,725.0,26241.0,0.9283202290534972,757.2,770.8,804.2,26.970954356846477,-3.2872995979704456,11.09162623334228,22.93372092698054,0.9283202290534972,Strongly Positive
2021-03-14,782.0,782.0,738.0,742.0,27169.0,0.0,772.2,779.0,809.35,27.08333333333333,1.4228800617798925,14.68635769117046,19.072959334586916,0.0,Neutral
2021-03-10,772.0,779.0,760.0,767.0,13418.0,0.0,777.4,787.4,815.2,29.81651376146789,5.683176572053412,18.0022270985181,19.46050130680338,0.0,Neutral
2021-03-09,772.0,784.0,770.0,772.0,19451.0,0.0,780.6,792.3,819.8,27.896995708154506,8.492745185936315,21.08198973013427,19.916771268926528,0.0,Neutral
2021-03-07,816.0,816.0,775.0,780.0,22846.0,0.0,785.6,796.8,825.65,27.542372881355945,11.446154650406129,24.22930086618376,19.904215075674646,0.0,Neutral
2021-03-04,771.0,803.0,760.0,800.0,47493.0,0.0,784.4,802.4,830.0,48.986486486486484,14.234744117414266,27.42508742012817,22.376575053211745,0.0,Neutral
2021-03-03,774.0,792.0,752.0,768.0,53071.0,0.0,785.8,807.6,829.45,39.510489510489506,15.550583849960276,30.72267324580664,27.264955121522906,0.0,Neutral
2021-03-02,758.0,829.0,758.0,783.0,39282.0,0.0,797.4,816.3,827.3,37.41721854304636,20.262065343501604,34.51569559476823,27.104940099151936,0.0,Neutral
2021-03-01,775.0,826.0,756.0,797.0,43867.0,0.0,804.0,825.5,824.15,39.23611111111111,24.45363531753435,38.07910315758489,30.004629272473416,0.0,Neutral
2021-02-28,800.0,807.0,770.0,774.0,58467.0,0.0,808.0,834.4,818.85,30.508474576271183,28.022459025226453,41.485470117597515,33.596296092156585,0.0,Neutral
2021-02-25,821.0,826.0,805.0,807.0,38310.0,0.0,820.4,837.6,814.65,39.43661971830985,34.51179460813205,44.85122289069027,28.312541390711072,0.0,Neutral
2021-02-24,850.0,851.0,816.0,826.0,35154.0,0.0,829.4,839.7,809.95,55.393586005830905,38.932556830558724,47.43607996132983,26.512261314356362,0.0,Neutral
2021-02-23,817.0,821.0,793.0,816.0,67510.0,0.0,835.2,843.0,803.5,61.460957178841305,42.074219786011554,49.5619607440226,26.670833007876492,0.0,Neutral
2021-02-22,827.0,830.0,808.0,817.0,52740.0,0.0,847.0,847.3,797.2,62.094763092269325,46.49031730681111,51.43389598352536,25.263280335974063,0.0,Neutral
2021-02-21,880.0,880.0,833.0,836.0,32724.0,0.0,860.8,854.5,791.85,67.63990267639903,51.348822617987025,52.669790652703924,25.91974794117373,0.0,Neutral
2021-02-18,850.0,860.0,840.0,852.0,43872.0,0.0,854.8,857.6,786.3,70.45454545454545,54.86860470435374,53.00003266138314,25.30788195186473,0.0,Neutral
2021-02-17,877.0,877.0,850.0,855.0,48517.0,0.0,850.0,851.3,779.45,67.0673076923077,56.933946862525545,52.532889650640485,33.40342630464054,0.012002565898001175,Neutral
2021-02-16,930.0,930.0,866.0,875.0,118684.0,0.0,850.8,838.3,770.55,71.60194174757282,58.436489808228316,51.43262534766921,51.95093839384162,0.02400513179600235,Neutral
2021-02-15,822.0,886.0,822.0,886.0,88950.0,0.0480102635920047,847.6,822.8,760.9,74.01960784313727,57.467932043532755,49.68165923252943,61.94585449317568,0.0480102635920047,Neutral
2021-02-14,828.0,828.0,798.0,806.0,75316.0,0.0,848.2,803.3,751.65,63.793103448275865,54.27580293959727,47.73509102977859,70.00801541411613,0.0,Neutral
2021-02-11,876.0,882.0,825.0,828.0,101368.0,0.0,860.4,791.7,745.95,65.10263929618768,57.55747374963448,46.09991305232391,78.59467044414131,0.0,Neutral
2021-02-10,859.0,897.0,840.0,859.0,86289.0,0.0,852.6,780.2,739.3,72.5,58.66887941990558,43.23552287799627,81.06759867885918,0.0,Neutral
2021-02-09,930.0,930.0,825.0,859.0,153452.0,0.0,825.8,764.0,727.95,75.41899441340783,56.077708047489295,39.37718374251894,79.74682160159519,0.0,Neutral
2021-02-08,910.0,952.0,849.0,889.0,305096.0,0.0,798.0,747.1,715.7,81.08108108108108,51.954755378732784,35.202052666276344,75.15236375376993,0.0,Neutral
2021-02-07,825.0,867.0,810.0,867.0,100703.0,0.0,758.4,729.2,701.6,75.15151515151516,42.88211753055634,31.01387698816223,56.63489305289075,0.0,Neutral
2021-02-04,761.0,797.0,717.0,789.0,221097.0,0.0,723.0,715.0,688.35,68.5823754789272,32.91839260389406,28.0468168525637,29.589788028252023,0.0,Neutral
2021-02-03,750.0,750.0,715.0,725.0,126564.0,0.0,707.8,707.6,678.5,57.49999999999999,27.664061623261205,26.82892291473111,14.36198686352392,0.0,Neutral
2021-02-02,704.0,725.0,690.0,720.0,77586.0,0.0,702.2,702.8,671.6,67.05426356589147,27.071601911642347,26.62013823759858,15.845083359454355,0.23017777502536774,Positive
2021-02-01,700.0,708.0,685.0,691.0,69159.0,0.0,696.2,699.0,665.05,65.58704453441297,26.430730033733994,26.50727231908764,15.818414023650789,0.4603555500507355,Positive
2021-01-31,713.0,713.0,667.0,690.0,114107.0,0.920711100101471,700.0,700.0,660.3,66.40316205533597,28.18102476362219,26.526407890426054,15.570627618880657,1.1500348895788193,Strongly Positive
2021-01-28,708.0,738.0,699.0,713.0,128149.0,0.0,707.0,700.2,654.75,73.61702127659575,30.10694967684492,26.11275367212702,15.440207252540482,0.4586475789546966,Positive
2021-01-27,693.0,708.0,685.0,697.0,57266.0,0.9172951579093932,707.4,698.4,648.35,72.92576419213974,29.78539275260414,25.114204670947544,14.818906842321836,0.9172951579093932,Strongly Positive
2021-01-26,700.0,710.0,690.0,690.0,35526.0,0.0,703.4,691.9,642.0,72.68722466960352,30.570818020171714,23.94640765053339,25.73562165994184,0.0,Neutral
2021-01-25,735.0,740.0,706.0,710.0,86311.0,0.0,701.8,684.3,636.35,78.94736842105263,31.84136709957363,22.29030505812381,35.66526476997744,0.0,Neutral
2021-01-24,729.0,750.0,716.0,725.0,79584.0,0.0,700.0,674.0,629.7,82.08955223880596,30.963538948561904,19.902539547761354,41.76920715872162,0.0,Neutral
2021-01-21,676.0,725.0,672.0,715.0,106284.0,0.0,693.4,661.7,622.75,82.6923076923077,27.865459542018925,17.137289697561215,43.16904755340641,0.0,Neutral
2021-01-20,681.0,685.0,670.0,677.0,58831.0,0.0,689.4,649.4,616.65,76.13636363636363,24.52404968796543,14.455247236446787,43.81324000803478,0.038105770945549,Neutral
2021-01-19,705.0,705.0,677.0,682.0,112768.0,0.0,680.4,640.4,612.75,80.10752688172043,23.771573115148612,11.938046623567127,46.6647618659059,0.076211541891098,Slightly Positive
2021-01-18,678.0,706.0,666.0,701.0,151087.0,0.152423083782196,666.8,631.1,607.95,85.63218390804597,21.956280135078487,8.979665000671755,46.72008847025462,0.152423083782196,Slightly Positive
2021-01-17,708.0,720.0,683.0,692.0,78232.0,0.0,648.0,620.6,602.15,84.84848484848484,17.385396656733406,5.735511217070073,40.67267715147938,0.0,Neutral
2021-01-13,642.0,695.0,642.0,695.0,217818.0,0.0,630.0,609.3,598.4,81.87134502923976,12.214772338456783,2.823039857154239,33.73771381310828,0.0,Neutral
2021-01-12,625.0,641.0,611.0,632.0,96740.0,0.0,609.4,598.3,594.25,66.95652173913044,5.1320515200243335,0.47510673682860327,15.916797556241175,0.0,Neutral
2021-01-11,612.0,619.0,606.0,614.0,38034.0,0.0,600.4,592.1,592.4,57.28155339805825,2.431821653297334,-0.6891294589703292,13.16940899719065,0.0,Neutral
2021-01-10,572.0,625.0,572.0,607.0,26502.0,0.0,595.4,588.4,591.1,59.633027522935784,0.782701762990655,-1.4693672370372448,11.413442367166818,0.0,Neutral
2021-01-07,600.0,615.0,598.0,602.0,63762.0,0.0,593.2,585.4,590.25,58.095238095238095,-0.6208323771896858,-2.0323844870442196,9.811557810493415,0.0,Neutral
2021-01-06,590.0,593.0,586.0,592.0,13369.0,0.0,588.6,583.8,589.4,40.15748031496063,-1.8941311178971318,-2.385272514507853,7.927448798096427,0.0,Neutral
2021-01-05,580.0,591.0,579.0,587.0,9927.0,0.0,587.2,583.9,589.05,40.15748031496063,-2.4735905125033923,-2.5080578636605333,8.04777401948279,0.2324579507112503,Positive
2021-01-04,605.0,605.0,586.0,589.0,24373.0,0.0,583.8,585.1,589.55,47.88732394366197,-2.6681210050735444,-2.5166747014498188,9.350579304798321,0.4649159014225006,Positive
2021-01-03,584.0,597.0,579.0,596.0,30348.0,0.9298318028450012,581.4,584.8,590.15,52.816901408450704,-3.0812399827892705,-2.4788131255438874,9.25922962968973,0.9298318028450012,Strongly Positive
2020-12-31,576.0,587.0,576.0,579.0,16002.0,0.0,577.6,583.7,589.45,45.66929133858268,-4.2764392600513474,-2.3282064112325416,8.393780766588566,0.0,Neutral
2020-12-30,566.0,587.0,559.0,585.0,17846.0,0.0,579.0,587.5,591.4,50.0,-4.008836311974164,-1.8411481990278398,13.23505446413591,0.0,Neutral
2020-12-29,576.0,582.0,569.0,570.0,14503.0,0.0,580.6,590.2,593.65,43.24324324324324,-4.219876384617919,-1.2992261707912587,15.26652110562947,0.0,Neutral
2020-12-28,602.0,602.0,570.0,577.0,8265.0,0.0,586.4,592.7,594.55,41.379310344827594,-2.900587511743538,-0.5690636173345935,13.540474306552,0.0,Neutral
2020-12-27,580.0,585.0,576.0,577.0,15462.0,0.0,588.2,593.8,595.4,39.99999999999999,-1.887232077467388,0.013817356267642633,12.532624093485426,0.0,Neutral
2020-12-24,582.0,593.0,581.0,586.0,15371.0,0.0,589.8,595.1,595.65,51.53846153846153,-0.5663714020463431,0.48907971470140027,11.199702377084472,0.0,Neutral
2020-12-23,610.0,610.0,581.0,593.0,12634.0,0.0,596.0,595.0,595.35,42.13836477987421,0.2114016258844913,0.7529424938883361,11.294049564150779,0.0,Neutral
2020-12-22,597.0,600.0,589.0,599.0,27082.0,0.0,599.8,594.2,595.5,40.6060606060606,0.4883206306125203,0.8883277108892973,11.726513169440185,0.0,Neutral
2020-12-21,574.0,607.0,542.0,586.0,38709.0,0.0,599.0,594.0,594.55,49.48453608247423,0.22375804201999472,0.9883294809584915,11.65237219538244,0.0,Neutral
2020-12-20,615.0,615.0,582.0,585.0,46073.0,0.0,599.4,595.5,594.15,47.73869346733668,1.2064616756052828,1.1794723406931156,11.472188592986413,0.0,Neutral
2020-12-17,620.0,635.0,611.0,617.0,85127.0,0.0,600.4,595.2,594.15,59.77653631284916,2.545018507190889,1.1727250069650736,11.811482172574667,0.0,Neutral
2020-12-16,595.0,627.0,595.0,612.0,119612.0,0.0,594.0,595.3,594.85,59.09090909090909,0.9583035030372002,0.8296516319086198,12.01896649290167,0.0,Neutral
2020-12-15,599.0,613.0,593.0,595.0,25830.0,0.0,588.6,597.1,595.25,49.714285714285715,-0.5717698804903648,0.7974886641264747,15.609470060110413,0.2323728948831558,Positive
2020-12-14,600.0,601.0,588.0,588.0,25425.0,0.0,589.0,596.4,596.15,52.17391304347826,-0.7854741644766818,1.1398033002806844,15.868907404864197,0.6969669163227081,Strongly Positive
2020-12-13,575.0,590.0,575.0,590.0,10520.0,0.9294915795326232,591.6,597.0,597.4,53.2608695652174,-0.3340861900086338,1.6211226664700258,15.62761089303642,1.3939338326454163,Strongly Positive
2020-12-10,575.0,590.0,575.0,585.0,15513.0,0.928884506225586,590.0,596.2,598.5,50.0,0.04327207834899127,2.1099248805896904,16.219330031434694,0.928884506225586,Strongly Positive
2020-12-09,588.0,595.0,575.0,585.0,26739.0,0.0,596.6,595.7,599.65,40.08620689655173,1.033379947004164,2.6265880811498654,16.673665197341784,0.0,Neutral
2020-12-08,605.0,617.0,588.0,597.0,34885.0,0.0,605.6,596.8,600.95,45.02164502164502,2.2820866455856503,3.0248901146862903,16.246709068530926,0.0,Neutral
2020-12-07,592.0,612.0,579.0,601.0,32382.0,0.0,603.8,595.1,601.45,47.43589743589743,2.6208782987482664,3.21059098196145,17.09093326889842,0.0,Neutral
2020-12-06,625.0,625.0,582.0,582.0,24228.0,0.0,602.4,592.8,602.05,42.79069767441861,2.607905051712237,3.3580191527647463,17.743856526877025,0.0,Neutral
2020-12-03,650.0,661.0,612.0,618.0,74826.0,0.0,602.4,593.1,603.8,51.66666666666667,4.487958761106938,3.545547678027874,17.565433226834877,0.0,Neutral
2020-12-02,581.0,640.0,581.0,630.0,116473.0,0.0,594.8,594.4,603.8,56.395348837209305,3.1568570045728848,3.3099449072581075,19.934336652613272,0.005262486636638625,Neutral
2020-12-01,590.0,604.0,586.0,588.0,29883.0,0.0,588.0,593.4,602.0,41.353383458646626,0.19015102434821074,3.3482168829294134,18.11813088231276,0.01052497327327725,Neutral
2020-11-30,590.0,603.0,590.0,594.0,44027.0,0.0210499465465545,586.4,595.9,601.75,45.038167938931295,0.6771531946890263,4.137733347574714,18.993858656644825,0.0210499465465545,Neutral
2020-11-29,571.0,590.0,571.0,582.0,28725.0,0.0,583.2,597.8,600.7,37.6,0.6779864638194795,5.002878385796135,19.719139039176355,0.0,Neutral
2020-11-26,607.0,607.0,580.0,580.0,28899.0,0.0,583.8,600.8,599.95,35.43307086614173,1.8910065787631538,6.084101366290299,19.326435551156848,0.0,Neutral
2020-11-25,580.0,603.0,580.0,596.0,30726.0,0.0,594.0,603.6,599.7,40.17857142857142,3.615392157054657,7.132375063172084,17.95797563454138,0.0,Neutral
2020-11-24,589.0,590.0,574.0,580.0,27189.0,0.0,598.8,605.1,598.75,44.166666666666664,4.134656772880703,8.01162078970144,17.878913713015137,0.0,Neutral
2020-11-23,590.0,590.0,577.0,578.0,21604.0,0.0,605.4,607.8,598.25,48.06201550387597,6.36637769311119,8.980861793906625,15.554920622022676,0.2282387018203735,Positive
2020-11-22,585.0,619.0,577.0,585.0,58499.0,0.0,612.4,611.3,597.35,54.54545454545455,9.325899628487377,9.634482819105482,11.518584017995892,0.456477403640747,Positive
2020-11-19,622.0,635.0,614.0,631.0,105852.0,0.912954807281494,617.8,614.5,596.4,84.78260869565217,12.254949085953399,9.71162861676001,6.932211447827572,0.912954807281494,Strongly Positive
2020-11-18,609.0,620.0,609.0,620.0,30830.0,0.0,613.2,613.2,592.95,75.28089887640449,11.131591134050609,9.075798499461662,4.157990968091622,0.0,Neutral
2020-11-12,612.0,616.0,610.0,613.0,63291.0,0.0,611.4,610.6,590.15,71.42857142857143,10.65586384076289,8.561850340814425,6.752777206591017,0.0,Neutral
2020-11-11,608.0,615.0,608.0,613.0,28473.0,0.0,610.2,607.6,588.1,73.62637362637363,10.606395712373796,8.038346965827309,10.936178491679337,0.0,Neutral
2020-11-10,606.0,620.0,606.0,612.0,39760.0,0.0,610.2,603.6,586.2,76.0,10.388981545413458,7.396334779190685,15.218409903859502,0.2297492027282715,Positive
2020-11-09,615.0,620.0,608.0,608.0,26491.0,0.0,611.2,599.1,584.25,70.58823529411765,10.062187731650852,6.648173087634991,18.710959355466276,0.459498405456543,Positive
2020-11-08,610.0,613.0,604.0,611.0,29635.0,0.918996810913086,613.2,595.8,582.65,73.7864077669903,9.90599362416981,5.794669426631026,19.84271486806329,0.918996810913086,Strongly Positive
2020-11-05,603.0,612.0,601.0,607.0,20768.0,0.0,609.8,592.4,581.0,71.2871287128713,9.257091419724247,4.76683837724633,19.861744356698168,0.0,Neutral
2020-11-04,630.0,630.0,609.0,613.0,27572.0,0.0,605.0,588.7,579.85,69.90291262135922,8.701480367217755,3.6442751166268503,20.28162824938878,0.0,Neutral
2020-11-03,625.0,635.0,614.0,617.0,67157.0,0.0,597.0,583.4,578.3,70.58823529411765,7.254842545768042,2.379973803979124,20.15054451984937,0.0,Neutral
2020-11-02,600.0,618.0,591.0,618.0,111382.0,0.0,587.0,578.3,576.75,71.84466019417475,4.895608925724673,1.1612566185318942,16.892141499716864,0.0,Neutral
2020-11-01,585.0,594.0,582.0,594.0,42186.0,0.0,578.4,572.7,574.5,60.97560975609756,1.7113418844953685,0.2276685417336995,10.242070103355061,0.0,Neutral
2020-10-29,580.0,587.0,577.0,583.0,12873.0,0.0,575.0,569.7,573.7,53.424657534246585,0.06580334264265275,-0.14324979395671783,7.27323861852849,0.0,Neutral
2020-10-28,570.0,589.0,569.0,573.0,6986.0,0.0,572.4,568.6,573.75,42.02898550724638,-0.9154593539424241,-0.19551307810656043,5.69990253346042,0.0,Neutral
2020-10-22,575.0,575.0,564.0,567.0,10023.0,0.0,569.8,568.8,574.05,38.46153846153846,-1.1364097869809484,-0.015526509147594514,5.902918299155356,0.0,Neutral
2020-10-21,578.0,580.0,575.0,575.0,7122.0,0.0,569.6,569.4,575.05,40.98360655737705,-0.7909841973394123,0.264694310310744,6.003702561461577,0.008283741772174825,Neutral
2020-10-20,571.0,580.0,571.0,577.0,12732.0,0.0,567.0,569.5,575.6,52.777777777777786,-1.1531357655084093,0.528613937223283,6.114645442782782,0.01656748354434965,Neutral
2020-10-19,565.0,571.0,565.0,570.0,10827.0,0.0331349670886993,564.4,569.6,575.75,44.285714285714285,-1.8022363377456259,0.9490513629062061,6.257440016301438,0.0331349670886993,Neutral
2020-10-18,556.0,567.0,556.0,560.0,4679.0,0.0,564.8,571.0,576.95,31.818181818181827,-1.8917830850341488,1.636873288069164,7.745966692547073,0.0,Neutral
2020-10-15,565.0,573.0,561.0,566.0,11982.0,0.0,567.8,573.2,578.75,40.0,-0.9603786339727094,2.5190373813449924,7.390684827826244,0.0,Neutral
2020-10-14,565.0,568.0,556.0,562.0,22619.0,0.0,569.2,575.2,580.45,31.8840579710145,-0.36850780903296254,3.388891385174418,7.913420387181028,0.0,Neutral
2020-10-13,575.0,575.0,564.0,564.0,17648.0,0.0,572.0,576.3,582.15,33.82352941176471,0.7995674302034104,4.328241183726263,6.515792780435916,0.0,Neutral
2020-10-12,571.0,573.0,567.0,572.0,18274.0,0.0,574.8,577.7,583.45,43.93939393939394,2.075189754753069,5.210409622106976,4.877385456462088,0.0,Neutral
2020-10-11,583.0,583.0,570.0,575.0,7341.0,0.0,577.2,578.9,584.3,37.66233766233766,2.8586176707453888,5.994214588945452,4.7946729701724795,0.0,Neutral
2020-10-08,578.0,584.0,570.0,573.0,19663.0,0.0,578.6,579.3,585.95,35.06493506493507,3.51152213558305,6.778113818495467,4.59589188561199,0.0,Neutral
2020-10-07,575.0,581.0,570.0,576.0,20785.0,0.0,581.2,580.7,587.7,34.61538461538461,4.497425330549163,7.5947617392235705,4.595891885611325,0.0,Neutral
2020-10-06,588.0,591.0,576.0,578.0,10761.0,0.0,580.6,581.7,588.05,38.75,5.384924676406968,8.369095841392172,4.547282460962718,0.0,Neutral
2020-10-05,580.0,585.0,579.0,584.0,18935.0,0.0,580.6,581.9,587.4,46.25,6.235734028008665,9.115138632638471,4.408325457056662,0.0,Neutral
2020-10-04,595.0,595.0,582.0,582.0,11826.0,0.0,580.6,582.9,586.3,45.56962025316456,6.620065469100155,9.834989783795923,5.839520528433479,0.0,Neutral
2020-10-01,574.0,589.0,570.0,586.0,28624.0,0.0,580.0,584.3,585.45,38.29787234042553,7.217956647088158,10.638720862469864,7.134423592834232,0.0,Neutral
2020-09-30,570.0,579.0,568.0,573.0,16468.0,0.0,580.2,585.7,584.55,28.395061728395063,7.4688220175808056,11.49391191631529,8.70568141450584,0.0,Neutral
2020-09-29,575.0,585.0,570.0,578.0,18917.0,0.0,582.8,588.0,584.4,47.524752475247524,9.004016406571964,12.500184390998909,7.986099033930833,0.0,Neutral
2020-09-28,580.0,584.0,575.0,584.0,22114.0,0.0,583.2,589.2,583.75,58.4070796460177,10.323424278970492,13.374226387105644,7.177124153383366,0.0,Neutral
2020-09-27,592.0,592.0,579.0,579.0,19237.0,0.0,585.2,589.7,582.7,57.65765765765766,11.246400519319764,14.13692691413943,6.945022198330176,0.0,Neutral
2020-09-24,585.0,590.0,583.0,587.0,20048.0,0.0,588.6,592.6,581.5,60.37735849056604,12.769960731266224,14.859558512844346,7.961016127337683,0.0,Neutral
2020-09-23,580.0,590.0,575.0,586.0,20744.0,0.0,591.2,594.7,580.75,58.33333333333333,13.714287245695914,15.381957958238875,9.019115502441938,0.0,Neutral
2020-09-22,590.0,597.0,574.0,580.0,40973.0,0.0,593.2,594.4,579.3,54.8076923076923,14.821928909630515,15.798875636374612,9.383200117571278,0.0,Neutral
2020-09-21,587.0,601.0,585.0,594.0,25899.0,0.0,595.2,592.9,577.15,65.26315789473685,16.63099984927601,16.043112318060636,12.591443302751106,0.0,Neutral
2020-09-20,612.0,612.0,594.0,596.0,19088.0,0.0,594.2,589.7,573.4,67.36842105263158,17.272672214434238,15.89614043525679,15.909815279386057,0.0,Neutral
2020-09-17,599.0,608.0,595.0,600.0,47213.0,0.0,596.6,586.6,569.6,72.72727272727273,17.636804255571633,15.552007490462426,17.487773506773184,0.0,Neutral
2020-09-16,597.0,597.0,584.0,596.0,35095.0,0.0,598.2,583.4,565.45,60.714285714285715,17.437761089815012,15.030808299185122,17.689921801277734,0.0,Neutral
2020-09-15,589.0,597.0,580.0,590.0,51344.0,0.0,595.6,580.8,561.75,63.63636363636363,17.337342196942814,14.429070101527646,17.542329757912185,0.0,Neutral
2020-09-14,610.0,610.0,588.0,589.0,77614.0,0.0,590.6,578.3,558.3,68.57142857142857,17.56790074172136,13.702002077673853,17.863992337219308,0.0,Neutral
2020-09-13,613.0,630.0,608.0,608.0,60975.0,0.0,585.2,575.7,554.55,82.01438848920863,17.708462364450156,12.735527411661977,18.024982663015738,0.0,Neutral
2020-09-10,583.0,612.0,583.0,608.0,92403.0,0.0,576.6,570.4,550.0,81.42857142857143,15.695747019431906,11.492293673464932,15.012587311313665,0.0,Neutral
2020-09-09,567.0,596.0,562.0,583.0,92323.0,0.0,568.6,566.8,545.85,77.96610169491525,12.898488567871368,10.441430336973188,7.360555534728989,0.0,Neutral
2020-09-08,563.0,568.0,555.0,565.0,26665.0,0.0,566.0,564.2,543.1,70.47619047619048,11.686009765074232,9.827165779248643,5.308274463499326,0.0771750658750534,Slightly Positive
2020-09-07,575.0,575.0,550.0,562.0,27622.0,0.0,566.0,561.4,541.3,69.90291262135922,11.801194860193846,9.362454782792245,10.079682534786063,0.1543501317501068,Slightly Positive
2020-09-06,596.0,596.0,560.0,565.0,44857.0,0.3087002635002136,566.2,557.1,539.2,73.83177570093459,12.082013729089113,8.752769763441844,16.75609341907454,0.3087002635002136,Positive
2020-09-03,568.0,574.0,560.0,568.0,37689.0,0.0,564.2,552.6,536.6,73.83177570093459,11.959247794783323,7.920458772030025,20.106383729272878,0.0,Neutral
2020-09-02,576.0,581.0,566.0,570.0,96967.0,0.0,565.0,547.5,533.6,69.91150442477877,11.323146579799754,6.9107615163417,22.13217868478959,0.0,Neutral
2020-08-31,574.0,574.0,560.0,565.0,57498.0,0.0,562.4,542.7,531.0,66.66666666666666,10.142913442423605,5.807665250477186,21.914226733687713,0.20514431595802307,Positive
2020-08-30,565.0,575.0,553.0,563.0,61169.0,0.0,556.8,538.3,528.35,65.45454545454545,8.99806440610098,4.72385320249058,21.34921284008022,0.41028863191604614,Positive
2020-08-27,572.0,581.0,554.0,555.0,84111.0,0.8205772638320923,548.0,533.4,527.3,65.76576576576576,7.609576153833132,3.6553004015879793,20.662365143794876,0.8205772638320923,Strongly Positive
2020-08-26,568.0,579.0,560.0,572.0,58498.0,0.0,541.0,529.6,526.3,79.20792079207921,6.541220949610192,2.666731463526691,19.721392783866055,0.0,Neutral
2020-08-25,538.0,563.0,538.0,557.0,66244.0,0.0,530.0,524.9,525.25,76.92307692307693,3.3515570933167282,1.6981090920058162,12.922418074458735,-0.17222028970718384,Slightly Negative
2020-08-24,529.0,541.0,527.0,537.0,68626.0,0.0,523.0,522.0,524.9,61.72839506172839,0.7589089408356813,1.284747091678088,6.649979114586946,-0.3444405794143677,Negative
2020-08-23,525.0,525.0,518.0,519.0,15339.0,-0.6888811588287354,519.8,521.2,525.8,55.07246376811594,-0.5249279220157632,1.41620662938869,4.894441291687866,-0.6888811588287354,Strongly Negative
2020-08-20,515.0,524.0,515.0,520.0,999.0,0.0,518.8,521.3,527.25,38.775510204081634,-0.3232080208260868,1.901490267239803,4.854551129495899,0.0,Neutral
2020-08-19,514.0,520.0,512.0,517.0,7526.0,0.0,518.2,520.6,528.45,41.1764705882353,-0.16285704845927285,2.4576648392562754,5.521674464427872,0.0,Neutral
2020-08-18,529.0,531.0,516.0,522.0,15810.0,0.0,519.8,519.7,530.75,37.16814159292036,0.3496324769756711,3.1127953111851623,6.766748768139566,0.0,Neutral
2020-08-17,515.0,525.0,514.0,521.0,7501.0,0.0,521.0,519.3,533.15,37.16814159292036,0.48957899886568157,3.803586019737535,6.733828364806714,0.0,Neutral
2020-08-16,511.0,516.0,507.0,514.0,6883.0,0.0,522.6,518.4,536.8,31.531531531531527,0.7628986831854263,4.632087774955498,7.074209810761825,0.0,Neutral
2020-08-13,525.0,525.0,515.0,517.0,7215.0,0.0,523.8,521.2,538.3,36.52173913043479,1.8133845539617823,5.599385047898017,10.053191864720917,0.0,Neutral
2020-08-12,520.0,528.0,520.0,525.0,6945.0,0.0,523.0,523.0,540.2,41.44144144144144,2.82235547187679,6.545885171382075,10.801234497449094,0.0,Neutral
2020-08-11,530.0,537.0,521.0,528.0,14344.0,0.0,519.6,525.6,541.85,36.220472440944874,3.254571363879336,7.476767596258395,13.993649353347065,0.0,Neutral
2020-08-10,530.0,532.0,520.0,529.0,29384.0,0.0,517.6,527.8,542.45,34.58646616541354,3.453442246197028,8.53231665435316,15.998611050893027,0.0,Neutral
2020-08-09,523.0,530.0,501.0,520.0,14885.0,0.0,514.2,530.4,542.45,25.0,3.5552237396832425,9.802035256392191,18.17935336834291,0.0,Neutral
2020-08-06,499.0,514.0,499.0,513.0,8737.0,0.0,518.6,533.2,542.1,41.8848167539267,4.549785227882921,11.363738135569427,18.552028939713306,0.0,Neutral
2020-08-05,508.0,518.0,497.0,508.0,24342.0,0.0,523.0,536.3,542.1,38.07106598984771,6.46575592405236,13.067226362491052,17.352873601348968,0.0,Neutral
2020-08-03,522.0,522.0,501.0,518.0,11877.0,0.0,531.6,541.8,542.05,39.473684210526315,9.326274799176986,14.717593972100724,16.054075287461625,0.0,Neutral
2020-08-02,542.0,543.0,510.0,512.0,23415.0,0.0,538.0,547.0,539.25,43.069306930693074,11.823500348166135,16.06542376533166,15.909466085109386,0.0,Neutral
2020-07-30,541.0,547.0,528.0,542.0,12474.0,0.0,546.6,555.2,535.15,53.551912568306015,15.449799134720706,17.12590461962304,16.96270418699329,0.0,Neutral
2020-07-29,555.0,555.0,533.0,535.0,15082.0,0.0,547.8,555.4,529.7,55.729166666666664,16.799005234872652,17.544930990848624,16.80079363211072,0.0,Neutral
2020-07-28,541.0,563.0,536.0,551.0,7949.0,0.0,549.6,557.4,525.9,60.79545454545454,18.989460944741268,17.731412429842614,15.2184099038664,0.0,Neutral
2020-07-27,566.0,566.0,550.0,550.0,20123.0,0.0,552.0,558.1,519.25,61.87845303867403,19.879977709777222,17.41690030111795,15.051393438699991,0.0,Neutral
2020-07-26,548.0,559.0,545.0,555.0,14954.0,0.0,556.0,557.1,511.55,71.04072398190046,20.829255795917334,16.80113094895313,15.954449048668032,0.0,Neutral
2020-07-23,535.0,549.0,526.0,548.0,8267.0,0.0,563.8,554.5,503.95,73.98373983739837,21.22881792337739,15.794099737212079,18.283264964986024,0.0,Neutral
2020-07-22,565.0,565.0,535.0,544.0,15757.0,0.0,563.0,551.0,497.3,72.65306122448979,22.142748959904452,14.435420190670747,22.524061208748563,0.0,Neutral
2020-07-21,570.0,579.0,545.0,563.0,19297.0,0.0,565.2,547.9,492.0,70.63492063492063,23.394453679836715,12.50858799836232,25.527545035856527,0.03792028501629827,Neutral
2020-07-20,623.0,640.0,555.0,570.0,39411.0,0.0,564.2,542.3,485.85,76.57342657342657,22.717255650661855,9.78712157799372,27.880897482803338,0.07584057003259655,Slightly Positive
2020-07-19,550.0,594.0,550.0,594.0,1008.0,0.1516811400651931,558.2,531.5,479.85,84.85915492957747,20.80974462941441,6.554588059826684,35.76233276013497,0.1516811400651931,Slightly Positive
2020-07-16,562.0,566.0,541.0,544.0,11730.0,0.0,545.2,515.1,473.85,79.25311203319502,15.628743367685388,2.990798917429752,41.11893318982015,0.0,Neutral
2020-07-15,560.0,566.0,553.0,555.0,16255.0,0.0,539.0,504.0,470.25,78.92561983471074,13.879483671912112,-0.16868719513415753,47.010637094196646,0.0,Neutral
2020-07-14,545.0,560.0,540.0,558.0,25794.0,0.0,530.6,494.4,467.3,72.90076335877862,10.324908806806377,-3.680729911895725,45.20619426585569,0.0,Neutral
2020-07-13,535.0,557.0,529.0,540.0,28388.0,0.0,520.4,480.4,465.1,70.32520325203252,5.332343669063391,-7.18213959157125,44.99925925318835,0.0,Neutral
2020-07-12,521.0,535.0,519.0,529.0,17051.0,0.0,504.8,466.0,461.5,66.12244897959184,0.7151809853396571,-10.31076040672991,46.811679454338076,0.0,Neutral
2020-07-09,514.0,520.0,500.0,513.0,8323.0,0.0,485.0,453.4,460.75,57.70750988142292,-4.06840019985458,-13.067245754747303,44.88800879227919,0.0,Neutral
2020-07-08,510.0,530.0,483.0,513.0,11999.0,0.0,469.0,443.6,460.25,58.0392156862745,-8.48572163695917,-15.316957143470484,40.955802736366984,0.0,Neutral
2020-07-07,471.0,508.0,471.0,507.0,27683.0,0.0,458.2,436.1,462.5,52.01465201465201,-14.000401411053133,-17.024766020098312,32.91217268904561,0.0,Neutral
2020-07-06,422.0,462.0,422.0,462.0,11087.0,0.0,440.4,429.4,466.45,39.43089430894309,-20.22458684764507,-17.780857172359607,21.82862544667796,0.0,Neutral
2020-07-05,440.0,455.0,421.0,430.0,10066.0,0.0,427.2,428.2,475.15,42.6923076923077,-23.292916814383887,-17.16992475353824,20.098645615016615,0.0,Neutral
2020-07-02,468.0,486.0,433.0,433.0,3508.0,0.0,421.8,432.6,487.0,36.633663366336634,-23.612233727357705,-15.639176738326828,24.802329639733724,0.0,Neutral
2020-07-01,426.0,459.0,426.0,459.0,460.0,0.0,418.2,436.5,498.9,42.36111111111111,-23.981802096609954,-13.645912491069108,27.761884342109592,0.0,Neutral
2020-06-30,393.0,418.0,393.0,418.0,1128.0,0.0,414.0,440.2,508.75,26.821192052980138,-26.75195223923214,-11.061940089683898,33.054836593525295,0.0,Neutral
2020-06-29,395.0,395.0,381.0,396.0,9628.0,0.0,418.4,449.8,519.25,19.155844155844164,-25.724006388699365,-7.139437052296835,39.25076078529729,0.0,Neutral
2020-05-13,407.0,407.0,403.0,403.0,20.0,0.0,429.2,457.0,530.35,16.809116809116816,-21.797806319274514,-2.4932947181962026,34.615346628693615,0.0,Neutral
2020-03-22,431.0,431.0,415.0,415.0,3240.0,0.0,443.4,468.1,538.3,15.945945945945951,-17.18221559329197,2.3328331820733745,33.14094479981791,0.0,Neutral
2020-03-19,432.0,460.0,400.0,438.0,31190.0,0.0,454.8,476.9,543.1,16.809116809116816,-12.262938476226338,7.211595375914711,28.884636439196388,0.0,Neutral
2020-03-18,450.0,466.0,417.0,440.0,19689.0,0.0,466.4,488.9,545.6,20.32967032967032,-8.147600214426461,12.080228838949973,35.17085283144528,0.0,Neutral
2020-03-17,466.0,466.0,430.0,450.0,23686.0,0.0,481.2,503.5,547.9,26.70157068062828,-2.9800579207921487,17.13718610229408,42.214399860211266,0.0,Neutral
2020-03-16,472.0,485.0,445.0,474.0,21236.0,0.0,484.8,522.1,549.55,30.434782608695656,2.640769631021726,22.166497108065634,55.04836257532475,0.0,Neutral
2020-03-15,490.0,495.0,461.0,472.0,30186.0,0.0,492.8,541.4,549.65,39.33649289099526,7.332941966158387,27.047928977326606,68.50012165440877,0.0,Neutral
2020-03-12,520.0,532.0,492.0,496.0,71123.0,0.0,499.0,561.3,549.5,48.329621380846326,13.418835499861302,31.976675730118657,74.72178025479934,0.0,Neutral
2020-03-11,476.0,514.0,470.0,514.0,51528.0,0.0,511.4,577.3,547.95,52.86343612334802,18.547829275607796,36.61613578768299,76.2991917825392,0.0,Neutral
2020-03-10,504.0,514.0,468.0,468.0,17655.0,0.0,525.8,588.7,545.2,47.80487804878049,22.991776541733657,41.133212415701784,74.28032489608984,0.0,Neutral
2020-03-05,500.0,549.0,476.0,514.0,55076.0,0.0,559.4,603.7,544.35,54.22343324250681,33.01307975716361,45.66857138419381,61.190140818070425,0.23066459596157074,Positive
2020-03-04,550.0,552.0,503.0,503.0,61246.0,0.0,590.0,608.5,541.45,53.71900826446281,40.64008015566276,48.83244429095135,54.93480985072465,0.4613291919231415,Positive
2020-03-03,580.0,595.0,528.0,558.0,85107.0,0.922658383846283,623.6,609.3,539.35,64.12698412698413,50.90377768021028,50.88053532477349,53.26047106231522,0.922658383846283,Strongly Positive
2020-03-02,626.0,647.0,586.0,586.0,50315.0,0.0,643.2,602.3,534.65,70.79037800687286,57.66356939073876,50.87472473591429,64.22365434775365,0.0,Neutral
2020-03-01,670.0,680.0,636.0,636.0,87932.0,0.0,651.6,592.3,529.05,85.82995951417004,62.60186980103879,49.17751357220817,74.07361203560947,0.0,Neutral
2020-02-27,680.0,684.0,639.0,667.0,73100.0,0.0,648.0,577.0,521.25,98.21428571428571,62.90345512762485,45.821424515000515,79.63667496827097,0.0,Neutral
2020-02-26,669.0,704.0,657.0,671.0,49994.0,0.0,627.0,557.9,510.8,97.77777777777777,59.21706468806565,41.55091686184443,78.54998408658076,0.0749826654791832,Slightly Positive
2020-02-25,616.0,658.0,612.0,656.0,50577.0,0.0,595.0,537.7,499.85,95.34883720930233,53.24327813156543,37.13437990528912,71.927509804447,0.1499653309583664,Slightly Positive
2020-02-24,625.0,669.0,623.0,628.0,113120.0,0.2999306619167328,561.4,518.6,488.2,93.15789473684211,46.371379244809646,33.10715534872004,61.648105314689936,0.2999306619167328,Positive
2020-02-23,590.0,618.0,580.0,618.0,101075.0,0.0,533.0,501.7,478.15,87.89473684210526,39.7767536948806,29.791099374697637,50.47782791596105,0.0,Neutral
2020-02-20,516.0,562.0,516.0,562.0,140849.0,0.0,506.0,485.0,467.2,79.28571428571428,31.799224302863706,27.294685794651897,31.951351910227633,0.0,Neutral
2020-02-19,485.0,512.0,477.0,511.0,59227.0,0.0,488.8,474.4,459.65,73.87387387387386,26.856279889011432,26.16855116759894,18.18546428094326,0.0,Neutral
2020-02-18,493.0,493.0,471.0,488.0,21373.0,0.0,480.4,469.4,454.5,69.14893617021276,25.3493758569453,25.99661898724582,13.192590513118066,0.0,Neutral
2020-02-17,492.0,500.0,484.0,486.0,41452.0,0.0,475.8,467.0,450.9,76.03305785123968,25.39911833446166,26.15842976982095,11.50845100119128,0.0,Neutral
2020-02-16,485.0,487.0,473.0,483.0,28943.0,0.0,470.4,465.8,447.6,72.95081967213115,25.296802466353995,26.34825762866077,9.80702695928577,0.0,Neutral
2020-02-13,477.0,479.0,473.0,476.0,37323.0,0.0,464.0,465.5,445.0,76.92307692307692,25.10371126791324,26.611121419237463,9.252627254650006,0.0,Neutral
2020-02-12,473.0,473.0,465.0,469.0,20769.0,0.0,460.0,463.7,442.35,69.5945945945946,25.204839065279202,26.987973957068515,8.71843512985547,0.0,Neutral
2020-02-11,468.0,470.0,459.0,465.0,22961.0,0.0,458.4,462.0,439.9,69.38775510204081,25.68002634024043,27.433757680015844,9.213516640853335,0.0,Neutral
2020-02-10,449.0,465.0,445.0,459.0,17448.0,0.0,458.2,457.8,437.4,64.42953020134229,26.320283169878337,27.872190514959694,15.2737974613812,0.0,Neutral
2020-02-09,456.0,460.0,447.0,451.0,19163.0,0.0,461.2,454.6,434.85,60.6896551724138,27.36555231359978,28.260167351230034,18.087441929636476,0.0,Neutral
2020-02-06,455.0,469.0,453.0,456.0,13901.0,0.0,467.0,449.4,432.45,58.27814569536424,29.116196896115525,28.4838211106376,25.281525973682612,0.0,Neutral
2020-02-05,473.0,473.0,458.0,461.0,15872.0,0.0,467.4,444.9,428.0,62.33766233766234,30.41805675385575,28.325727164268116,27.85059345073284,0.0,Neutral
2020-02-04,472.0,477.0,457.0,464.0,29372.0,0.0,465.6,439.6,422.05,64.28571428571428,31.12816796495173,27.802644766871204,29.44373164759857,0.0,Neutral
2020-02-03,482.0,485.0,465.0,474.0,34801.0,0.0,457.4,434.8,416.2,69.79865771812081,31.276300194896805,26.97126396735107,28.932104428629913,0.0,Neutral
2020-02-02,465.0,487.0,448.0,480.0,64527.0,0.0,448.0,429.4,409.85,74.0,29.992260965555374,25.895004910464635,25.656708024786887,0.0,Neutral
2020-01-30,455.0,468.0,444.0,458.0,67565.0,0.0,431.8,424.5,402.95,70.67669172932331,27.306199826060663,24.87069089669195,18.63837141199311,0.0,Neutral
2020-01-29,425.0,457.0,419.0,452.0,82041.0,0.0,422.4,421.0,396.1,76.07361963190183,25.720627974181127,24.26181366434977,14.468356276227716,0.0,Neutral
2020-01-28,435.0,435.0,423.0,423.0,35558.0,0.0,413.6,417.8,389.65,75.47169811320754,23.933652585430366,23.89711008689193,9.554521908050868,0.0,Neutral
2020-01-27,398.0,427.0,395.0,427.0,35893.0,0.0,412.2,417.0,384.5,75.0,24.25742359709136,23.887974462257322,9.404490653245512,0.0,Neutral
2020-01-26,419.0,419.0,399.0,399.0,10778.0,0.0,410.8,415.1,378.9,69.69696969696969,23.910565163290073,23.795612178548808,9.073159440060895,0.0,Neutral
2020-01-23,409.0,433.0,408.0,411.0,17532.0,0.0,417.2,415.5,374.75,77.6,25.970966723590436,23.76687393236349,8.343327340674929,0.0,Neutral
2020-01-22,415.0,416.0,408.0,408.0,14805.0,0.0,419.6,411.1,370.1,80.41958041958041,27.001210653667044,23.215850734556756,17.527438806444835,0.0,Neutral
2020-01-21,420.0,425.0,406.0,416.0,28321.0,0.0,422.0,404.5,365.6,83.94160583941606,28.228886205820515,22.26951075477918,28.07628497113457,0.0,Neutral
2020-01-20,435.0,435.0,412.0,420.0,27628.0,0.0,421.8,397.6,360.8,86.76470588235294,28.570699202120863,20.779666892018845,32.985518708170204,-0.2255705147981644,Negative
2020-01-19,428.0,441.0,423.0,431.0,34547.0,0.0,419.4,390.3,356.15,94.61538461538461,28.184130347186,18.83190881449334,35.46218643385223,-0.4511410295963288,Negative
2020-01-16,428.0,432.0,414.0,423.0,40249.0,-0.9022820591926576,413.8,381.4,350.25,93.4959349593496,26.160776930928364,16.493853431320176,35.28046358983632,-0.9022820591926576,Strongly Negative
2020-01-15,418.0,424.0,407.0,420.0,29187.0,0.0,402.6,371.2,344.65,91.80327868852459,24.012267269727772,14.077122556418125,36.635744537001926,0.0,Neutral
2020-01-14,406.0,419.0,394.0,415.0,32230.0,0.0,387.0,361.5,339.45,91.45299145299145,21.226172869144875,11.593336378090711,35.08798464815822,0.0,Neutral
2020-01-13,411.0,440.0,402.0,408.0,83279.0,0.0,373.4,352.0,334.5,89.28571428571429,17.87044986521329,9.185127255327169,31.689465477110428,0.0,Neutral
2020-01-12,374.0,403.0,374.0,403.0,94791.0,0.0,361.2,342.7,329.85,83.33333333333333,14.04012050579206,7.013796602855638,26.67937197333683,0.0,Neutral
2020-01-09,348.0,367.0,342.0,367.0,49009.0,0.0,349.0,334.0,325.6,79.34782608695653,9.456098370591974,5.257215627121533,17.403703309689558,0.0,Neutral
2020-01-08,353.0,353.0,340.0,342.0,20926.0,0.0,339.8,329.1,324.25,72.46376811594203,7.133130505364363,4.207494941253922,13.551957628268394,0.0,Neutral
2020-01-07,350.0,353.0,336.0,347.0,18802.0,0.0,336.0,326.7,323.95,72.46376811594203,6.609878713668536,3.4760860502263125,13.1322334565903,0.2280036807060242,Positive
2020-01-06,342.0,349.0,334.0,347.0,43060.0,0.0,330.6,324.0,322.6,72.46376811594203,5.336784554614269,2.692637884365756,11.115554667149919,0.4560073614120484,Positive
2020-01-05,320.0,351.0,319.0,342.0,36075.0,0.9120147228240968,324.2,322.0,321.1,70.76923076923077,3.6342275071724544,2.0316012168036277,7.8315600831623895,0.9120147228240968,Strongly Positive
2020-01-02,325.0,329.0,321.0,321.0,1615.0,0.0,319.0,319.1,319.45,53.19148936170213,1.9173750210605363,1.630944644211421,4.067486256559793,0.0,Neutral
2020-01-01,325.0,325.0,321.0,323.0,1601.0,0.0,318.4,318.1,318.6,37.3134328358209,1.8363396657532576,1.559337049999142,4.724639904276705,0.0,Neutral
2019-12-31,318.0,323.0,318.0,320.0,3128.0,0.0,317.4,317.4,317.55,38.23529411764706,1.502562326204611,1.490086396060613,4.427188724559164,0.0,Neutral
2019-12-30,314.0,318.0,314.0,315.0,3913.0,0.0,317.4,317.0,316.45,46.835443037974684,1.360140160799574,1.4869674135246136,4.346134937131374,0.0,Neutral
2019-12-29,315.0,316.0,315.0,316.0,727.0,0.0,319.8,317.0,315.65,49.382716049382715,1.6676647400709612,1.5186742267058733,4.346134937131374,0.0,Neutral
2019-12-26,320.0,321.0,318.0,318.0,833.0,0.0,319.2,317.2,314.85,55.17241379310345,1.9341028068490118,1.4814265983646013,4.341018825956513,0.0,Neutral
2019-12-25,315.0,322.0,314.0,318.0,832.0,0.0,317.8,319.4,313.95,57.608695652173914,2.0424058985279885,1.3682575462434987,8.43537524704225,0.0,Neutral
2019-12-24,326.0,328.0,319.0,320.0,8090.0,0.0,317.4,321.2,313.3,59.78260869565217,2.1509323042923825,1.1997204581723762,9.897249898755081,0.0,Neutral
2019-12-23,312.0,327.0,311.0,327.0,6652.0,0.0,316.6,321.2,312.3,66.29213483146069,2.0545288104964925,0.9619174966423746,9.897249898755081,0.0,Neutral
2019-12-22,315.0,315.0,310.0,313.0,3286.0,0.0,314.2,320.2,311.0,59.21052631578947,1.1888715684443127,0.6887646681788451,9.750213673018747,0.0,Neutral
2019-12-19,319.0,319.0,311.0,311.0,1515.0,0.0,315.2,319.8,310.4,57.333333333333336,1.4921400112294236,0.563737943112478,10.15217546487072,0.0,Neutral
2019-12-18,316.0,322.0,316.0,316.0,3785.0,0.0,321.0,319.1,310.0,61.42857142857143,2.0611533325845244,0.3316374260832416,11.029757728908379,0.0,Neutral
2019-12-17,315.0,326.0,315.0,316.0,2289.0,0.0,325.0,317.7,309.45,57.333333333333336,2.2483499233674706,-0.10074155054207912,12.284136111378086,0.0,Neutral
2019-12-16,317.0,324.0,314.0,315.0,2745.0,0.0,325.8,315.9,308.8,59.49367088607595,2.4545775730813943,-0.6880144190194666,13.787675656283364,0.0,Neutral
2019-12-15,334.0,338.0,318.0,318.0,8042.0,0.0,326.2,314.3,308.3,61.038961038961034,2.7839142812896966,-1.473662417044682,14.795269514370936,0.0,Neutral
2019-12-12,340.0,346.0,330.0,340.0,13185.0,0.0,324.4,312.5,307.65,85.45454545454545,2.8583198356749904,-2.5380565916282762,15.37855649932333,0.0,Neutral
2019-12-11,326.0,340.0,323.0,336.0,14344.0,0.0,317.2,308.5,306.05,81.13207547169812,0.671712818389608,-3.887150698454093,12.33108087551325,0.0,Neutral
2019-12-10,323.0,327.0,305.0,320.0,5299.0,0.0,310.4,305.4,304.5,69.23076923076923,-1.7216905064857428,-5.026866577665018,7.662317607226576,0.0,Neutral
2019-12-09,315.0,322.0,309.0,317.0,10063.0,0.0,306.0,303.4,303.95,68.42105263157895,-3.1224097974140363,-5.853160595459836,5.815687596934026,0.0,Neutral
2019-12-08,309.0,309.0,303.0,309.0,3639.0,0.0,302.4,301.8,303.45,56.25,-4.5593655498728936,-6.535848294971285,3.326659987071429,0.0,Neutral
2019-12-05,307.0,308.0,303.0,304.0,1286.0,0.0,300.6,301.0,303.35,48.14814814814815,-5.512580120467646,-7.029968981245883,2.1602469001446853,0.0,Neutral
2019-12-04,300.0,305.0,300.0,302.0,1755.0,0.0,299.8,300.9,303.65,39.285714285714285,-6.139954643365456,-7.409316196440441,2.024845673852303,0.0,Neutral
2019-12-03,301.0,302.0,298.0,298.0,2885.0,0.0,300.4,301.2,304.05,37.037037037037045,-6.6477678759605965,-7.726656584709187,2.3944380000849423,0.0,Neutral
2019-12-02,300.0,300.0,298.0,299.0,393.0,0.0,300.8,301.7,304.75,33.33333333333333,-6.791954687368047,-7.9963787618963345,2.1628170936752027,0.0,Neutral
2019-12-01,301.0,301.0,300.0,300.0,1205.0,0.0,301.2,302.3,305.3,38.70967741935484,-6.979015603930009,-8.297484780528405,2.162817093674763,0.0,Neutral
2019-11-28,305.0,305.0,300.0,300.0,1378.0,0.0,301.4,302.8,305.75,38.70967741935484,-7.218078583193744,-8.627102074678003,2.1499354002235993,0.0,Neutral
2019-11-27,300.0,305.0,300.0,305.0,772.0,0.0,302.0,303.6,306.15,41.379310344827594,-7.418219642789381,-8.979357947549067,2.458545189203211,0.0,Neutral
2019-11-26,300.0,304.0,299.0,300.0,1913.0,0.0,302.0,303.6,306.65,29.16666666666667,-8.074861945869031,-9.369642523738987,2.458545189203211,0.0,Neutral
2019-11-25,307.0,307.0,300.0,301.0,1003.0,0.0,302.6,304.5,307.15,28.0,-8.286432857132638,-9.693337668206476,2.6352313840252033,0.0,Neutral
2019-11-24,316.0,316.0,300.0,301.0,3855.0,0.0,303.4,305.1,307.5,33.33333333333333,-8.537762524132688,-10.045063870974934,2.424412873394886,0.0,Neutral
2019-11-21,304.0,304.0,299.0,303.0,1657.0,0.0,304.2,305.7,308.05,38.46153846153846,-8.734364935116275,-10.421889207685494,2.0027758521647767,0.0,Neutral
2019-11-20,308.0,308.0,304.0,305.0,2041.0,0.0,305.2,306.4,308.55,43.99999999999999,-9.061892158806359,-10.843770275827797,2.170509413481606,0.0,Neutral
2019-11-19,304.0,304.0,301.0,303.0,3820.0,0.0,305.2,306.9,308.85,30.0,-9.551763020188105,-11.289239805083154,2.378141198174581,0.0,Neutral
2019-11-18,305.0,305.0,305.0,305.0,516.0,0.0,306.4,307.8,309.4,42.42424242424243,-9.83444527569452,-11.723609001306915,2.440400696289974,0.0,Neutral
2019-11-17,306.0,308.0,305.0,305.0,3365.0,0.0,306.8,308.3,309.9,45.714285714285715,-10.255840514167062,-12.195899932710013,2.311805451879552,0.0,Neutral
2019-11-14,311.0,311.0,306.0,308.0,422.0,0.0,307.2,308.7,310.45,44.444444444444436,-10.644518211065986,-12.680914787345749,2.002775852162574,0.0,Neutral
2019-11-13,305.0,305.0,304.0,305.0,3490.0,0.0,307.6,308.7,311.3,38.23529411764706,-11.291237479310496,-13.190013931415688,2.002775852162574,0.0,Neutral
2019-11-12,307.0,310.0,306.0,309.0,1120.0,0.0,308.6,309.7,312.0,46.875,-11.646995709261716,-13.664708044441985,2.406010991616707,0.0,Neutral
2019-11-11,306.0,318.0,305.0,307.0,4058.0,0.0,309.2,309.8,312.3,39.39393939393939,-12.338934457901132,-14.169136128237051,2.394438000079468,0.0,Neutral
2019-11-10,308.0,308.0,307.0,307.0,1749.0,0.0,309.8,309.9,312.9,38.23529411764706,-12.838988141322318,-14.626686545821029,2.282785823068393,0.0,Neutral
2019-11-07,308.0,310.0,308.0,310.0,240.0,0.0,310.2,310.4,316.35,40.625,-13.290489560651622,-15.073611146945707,2.118699811624665,0.0,Neutral
2019-11-06,309.0,310.0,307.0,310.0,1578.0,0.0,309.8,310.7,319.2,31.707317073170742,-13.978907887713433,-15.519391543519227,2.263232693540561,0.0,Neutral
2019-11-05,308.0,312.0,308.0,312.0,1738.0,0.0,310.8,310.8,322.2,42.22222222222222,-14.654250437705514,-15.904512457470673,2.2509257361261437,0.0,Neutral
2019-11-04,307.0,310.0,307.0,310.0,1807.0,0.0,310.4,311.0,325.2,44.680851063829785,-15.506716740601576,-16.217077962411963,2.4494897433726486,0.0,Neutral
2019-11-03,310.0,310.0,306.0,309.0,226.0,0.0,310.0,311.5,328.15,40.0,-16.165585123707388,-16.394668267864557,2.718251072247613,0.0,Neutral
2019-10-31,315.0,315.0,308.0,308.0,1220.0,0.0,310.6,312.2,331.05,17.924528301886795,-16.669586803617563,-16.45193905390385,2.8982753497354987,0.0,Neutral
2019-10-24,315.0,333.0,313.0,315.0,1446.0,0.0,311.6,313.9,334.15,25.925925925925924,-16.96859132155936,-16.397527116475423,4.629614815102103,0.0,Neutral
2019-10-23,310.0,310.0,310.0,310.0,45.0,0.0,310.8,314.3,337.55,21.698113207547166,-17.816141214327956,-16.254761065204438,4.900113377666841,0.0,Neutral
2019-10-22,307.0,309.0,306.0,308.0,385.0,0.0,311.6,314.8,341.35,19.811320754716988,-18.129688296162385,-15.864416027923557,4.66190233018779,-0.05629756301641463,Slightly Negative
2019-10-21,311.0,312.0,310.0,312.0,3011.0,0.0,313.0,315.9,344.9,22.85714285714286,-18.062547469032324,-15.29809796086385,4.148627618138923,-0.11259512603282926,Slightly Negative
2019-10-20,333.0,333.0,311.0,313.0,1133.0,-0.2251902520656585,313.8,322.3,347.5,24.52830188679245,-18.121396122855003,-14.606985583821729,19.270299542230795,-0.0028005987405776422,Neutral
2019-10-17,313.0,313.0,308.0,311.0,3346.0,0.0,316.2,327.7,350.15,22.429906542056074,-18.0347426428562,-13.728382949063409,23.480724955743707,0.44477930665016174,Positive
2019-10-16,320.0,320.0,314.0,314.0,316.0,0.8895586133003235,317.8,333.6,353.3,20.51282051282051,-17.4581813990344,-12.65179302561521,26.086181953128246,0.8895586133003235,Strongly Positive
2019-10-15,313.0,315.0,310.0,315.0,3179.0,0.0,318.0,339.4,356.2,20.168067226890756,-16.773796954752186,-11.450195932260408,27.645373332069074,0.0,Neutral
2019-10-14,327.0,327.0,314.0,316.0,1902.0,0.0,318.8,344.8,359.1,24.799999999999997,-15.758109217435617,-10.119295676637464,27.623661355248707,0.0,Neutral
2019-10-10,325.0,325.0,325.0,325.0,21.0,0.0,330.8,349.9,362.15,35.114503816793885,-14.334331644097915,-8.709592291437925,26.39633812992716,0.0,Neutral
2019-10-03,321.0,324.0,319.0,319.0,432.0,0.0,339.2,354.4,365.15,31.496062992125985,-13.224937990214528,-7.303407453272927,25.50032679534585,0.0,Neutral
2019-10-02,319.0,319.0,315.0,315.0,1200.0,0.0,349.4,360.8,368.4,27.48091603053436,-11.005676446673021,-5.823024819037526,23.5881326094871,0.2302509695291519,Positive
2019-10-01,315.0,326.0,315.0,319.0,2785.0,0.0,360.8,367.9,371.85,29.45736434108528,-7.605736419146581,-4.527361912128652,18.38145200414012,0.4605019390583038,Positive
2019-09-30,370.0,376.0,370.0,376.0,5249.0,0.9210038781166076,370.8,373.9,375.25,52.05479452054795,-3.5628204360979225,-3.7577682853741687,6.773313648465614,0.9210038781166076,Strongly Positive
2019-09-29,370.0,370.0,367.0,367.0,1565.0,0.0,369.0,372.7,375.1,42.64705882352941,-4.154403011390855,-3.8065052476932304,7.39444235764225,0.0,Neutral
2019-09-26,375.0,375.0,369.0,370.0,3103.0,0.0,369.6,372.6,375.6,39.726027397260275,-3.932686181871702,-3.719530806768824,7.4862837541173155,0.22990523278713226,Positive
2019-09-25,376.0,379.0,371.0,372.0,892.0,0.0,372.2,373.0,376.2,41.66666666666667,-3.897946720458208,-3.666241962993104,7.438637868322979,0.4598104655742645,Positive
2019-09-24,374.0,381.0,368.0,369.0,3459.0,0.919620931148529,375.0,373.0,376.75,39.130434782608695,-4.0005454919565295,-3.6083157736268276,7.438637868322979,0.919620931148529,Strongly Positive
2019-09-23,372.0,377.0,367.0,367.0,2860.0,0.0,377.0,373.4,377.6,35.71428571428572,-3.7678545349677393,-3.510258344044402,7.306009703011074,0.0,Neutral
2019-09-22,386.0,386.0,367.0,370.0,1459.0,0.0,376.4,374.4,378.55,48.148148148148145,-3.2124147384479897,-3.445859296313568,7.0111023069319875,0.0,Neutral
2019-09-19,381.0,392.0,381.0,383.0,2260.0,0.0,375.6,375.9,379.25,54.166666666666664,-2.762200092876185,-3.504220435779962,7.5490985482768895,0.0,Neutral
2019-09-18,386.0,390.0,376.0,386.0,10160.0,0.0,373.8,376.0,379.55,52.7027027027027,-3.4710213984499774,-3.6897255215059057,7.659416862227419,0.0,Neutral
2019-09-17,371.0,380.0,368.0,379.0,5061.0,0.0,371.0,375.8,379.75,47.05882352941176,-4.63070209904123,-3.7444015522698875,7.390684827871489,0.1703646034002304,Slightly Positive
2019-09-16,384.0,384.0,353.0,364.0,4458.0,0.0,369.8,376.6,380.5,30.35714285714286,-5.33079343544631,-3.5228264155770512,8.167687011254566,0.3407292068004608,Positive
2019-09-15,370.0,370.0,366.0,366.0,2118.0,0.6814584136009216,372.4,377.5,382.1,31.48148148148148,-4.619553018487693,-3.0708346606097363,7.043515536563692,0.6814584136009216,Strongly Positive
2019-09-12,379.0,379.0,369.0,374.0,2185.0,0.0,376.2,378.6,383.5,39.583333333333336,-3.8481944787553175,-2.683655071140247,5.79655069870867,0.0,Neutral
2019-09-11,369.0,375.0,366.0,372.0,4536.0,0.0,378.2,379.4,384.75,33.33333333333333,-3.622232204714919,-2.392520219236479,5.6411188805874355,0.0,Neutral
2019-09-10,377.0,383.0,373.0,373.0,1605.0,0.0,380.6,380.5,386.0,33.33333333333333,-3.077498797416638,-2.0850922228668685,5.082650227590734,0.0,Neutral
2019-09-09,383.0,383.0,371.0,377.0,1752.0,0.0,383.4,381.8,387.1,33.33333333333333,-2.439275447775344,-1.8369905792294263,4.5898438611087675,0.0,Neutral
2019-09-08,381.0,385.0,377.0,385.0,881.0,0.0,382.6,382.7,387.6,37.77777777777778,-1.996462729538223,-1.6864193620929466,4.42342250631288,0.0,Neutral
2019-09-05,381.0,384.0,377.0,384.0,4768.0,0.0,381.0,382.6,387.6,39.130434782608695,-2.2167786749222387,-1.6089085202316273,4.376706016885814,0.0,Neutral
2019-09-04,387.0,392.0,384.0,384.0,3621.0,0.0,380.6,383.1,387.8,35.294117647058826,-2.3639197008499195,-1.4569409815589744,4.817791103171523,0.13035351037979126,Slightly Positive
2019-09-03,371.0,387.0,371.0,387.0,6711.0,0.0,380.4,383.7,388.35,40.0,-2.5173408692034513,-1.230196301736238,5.292552419560626,0.2607070207595825,Positive
2019-09-02,373.0,374.0,370.0,373.0,8653.0,0.521414041519165,380.2,384.4,388.4,21.05263157894737,-2.9820007478044204,-0.9084101598694345,6.168017870201769,0.521414041519165,Positive
2019-09-01,378.0,380.0,376.0,377.0,3539.0,0.0,382.8,386.7,389.0,38.095238095238095,-2.106246618341629,-0.390012512885688,5.716448003826772,0.0,Neutral
2019-08-29,402.0,402.0,382.0,382.0,5232.0,0.0,384.2,388.4,389.85,46.15384615384615,-1.3651023059241538,0.03904601347829728,4.993328883220672,0.0,Neutral
2019-08-28,393.0,393.0,383.0,383.0,1568.0,0.0,385.6,390.1,391.1,43.90243902439024,-0.9083675318069027,0.39008309332891,5.445691467410091,0.0,Neutral
2019-08-27,388.0,391.0,386.0,386.0,2819.0,0.0,387.0,391.5,392.35,40.0,-0.41401343783456923,0.7146957496128632,5.212165257292788,0.0,Neutral
2019-08-26,391.0,391.0,383.0,386.0,8045.0,0.0,388.6,392.4,392.25,48.07692307692308,-0.08247038061426792,0.9968730464747213,4.926120854113028,0.0,Neutral
2019-08-25,383.0,385.0,383.0,384.0,750.0,0.0,390.6,392.5,392.25,49.056603773584904,0.3418986906832515,1.2667089032469685,4.7900359546776645,0.0,Neutral
2019-08-22,390.0,392.0,388.0,389.0,2834.0,0.0,392.6,392.6,392.0,45.6140350877193,1.0822112334566327,1.4979114563878977,4.599516883131923,0.0,Neutral
2019-08-21,394.0,394.0,389.0,390.0,4121.0,0.0,394.6,392.5,391.95,37.68115942028985,1.5022870792007552,1.6018365121207139,4.696334268151691,0.0,Neutral
2019-08-20,395.0,396.0,390.0,394.0,2593.0,0.0,396.0,393.0,392.3,39.39393939393939,1.9147869829803312,1.6267238703507036,4.666666666951539,0.0,Neutral
2019-08-19,394.0,401.0,390.0,396.0,4434.0,0.0,396.2,392.4,392.6,56.81818181818182,2.0061626858700947,1.5547080921932968,4.903513479853507,0.0,Neutral
2019-08-18,402.0,402.0,394.0,394.0,3880.0,0.0,394.4,391.3,392.05,54.54545454545455,1.889974398491347,1.4418444437740972,5.229191567260498,0.0,Neutral
2019-08-15,391.0,402.0,391.0,399.0,4415.0,0.0,392.6,391.3,391.8,61.11111111111111,1.9178217204407133,1.3298119550947844,5.229191567260498,0.0897880345582962,Slightly Positive
2019-08-14,402.0,402.0,395.0,397.0,2970.0,0.0,390.4,392.1,391.1,54.63917525773196,1.4163785317952033,1.1828095137583023,6.887186169691858,0.1795760691165924,Slightly Positive
2019-08-13,394.0,408.0,393.0,395.0,28860.0,0.3591521382331848,390.0,393.2,390.7,49.03846153846154,0.9593891741888001,1.1244172592490769,8.45642425105135,0.3591521382331848,Positive
2019-08-12,385.0,390.0,383.0,387.0,1544.0,0.0,388.6,392.1,389.7,43.43434343434343,0.5657861879466282,1.165674280514146,8.900062421903149,0.0,Neutral
2019-08-11,389.0,391.0,383.0,385.0,3360.0,0.0,388.2,392.0,389.65,50.0,0.8697214864092189,1.3156463036560253,8.969082698197521,0.0,Neutral
2019-08-08,390.0,390.0,383.0,388.0,2926.0,0.0,390.0,391.4,389.65,49.557522123893804,1.4486393184627673,1.4271275079677268,9.663217775691546,0.0,Neutral
2019-08-07,382.0,395.0,382.0,395.0,1723.0,0.0,393.8,391.4,389.25,54.54545454545455,1.8610233249244743,1.4217495553439665,9.663217775691544,0.0,Neutral
2019-08-06,383.0,388.0,379.0,388.0,1315.0,0.0,396.4,391.6,388.35,49.53271028037383,1.6475785720820681,1.3119311129488396,9.766154707992317,0.0,Neutral
2019-08-05,401.0,401.0,385.0,385.0,6557.0,0.0,395.6,392.8,387.7,54.23728813559322,2.0639079446784763,1.2280192481655323,10.008884941912225,0.0,Neutral
2019-08-04,413.0,415.0,394.0,394.0,6714.0,0.0,395.8,392.8,387.45,53.33333333333333,2.8707296828698077,1.019047074037296,10.008884941912225,0.0,Neutral
2019-08-01,415.0,415.0,395.0,407.0,35199.0,0.0,392.8,392.3,386.65,60.18518518518518,2.9424079060466966,0.5561264218291682,10.066997787180906,0.0,Neutral
2019-07-31,385.0,413.0,380.0,408.0,23673.0,0.0,389.0,390.1,385.55,62.50000000000001,1.6674603595409394,-0.04044394922521405,8.824838682970045,0.0,Neutral
2019-07-30,393.0,394.0,384.0,384.0,2489.0,0.0,386.8,388.2,384.85,53.846153846153854,-0.0859084777742396,-0.46742002641675245,6.196773354147447,0.0,Neutral
2019-07-29,380.0,387.0,379.0,386.0,11321.0,0.0,390.0,387.3,384.35,56.043956043956044,0.12104123863838367,-0.5627979135773806,7.40945342131754,0.0,Neutral
2019-07-28,385.0,385.0,376.0,379.0,10314.0,0.0,389.8,387.3,383.7,49.438202247191015,0.1797873677521693,-0.7337577016313216,7.40945342131754,0.0,Neutral
2019-07-25,390.0,395.0,378.0,388.0,9254.0,0.0,391.8,387.9,383.6,56.09756097560975,0.9648809744718392,-0.9621439689771942,6.887186169692666,0.0,Neutral
2019-07-24,395.0,397.0,389.0,397.0,7752.0,0.0,391.2,387.1,383.4,57.5,1.036547636510818,-1.4439002048394525,7.324995259945921,0.0,Neutral
2019-07-23,387.0,400.0,386.0,400.0,2978.0,0.0,389.6,385.1,382.7,53.48837209302325,0.19657966498215274,-2.06401216517702,7.046669820435423,0.0,Neutral
2019-07-22,390.0,395.0,385.0,385.0,2453.0,0.0,384.6,382.6,382.0,56.043956043956044,-1.1838387956232168,-2.6291601227168133,5.4201271000285605,-0.04859420657157897,Neutral
2019-07-21,385.0,389.0,378.0,389.0,4672.0,0.0,384.8,382.1,382.0,59.09090909090909,-1.4012625210413603,-2.990490454490212,5.404730438587907,-0.09718841314315795,Slightly Negative
2019-07-18,389.0,393.0,380.0,385.0,7880.0,-0.1943768262863159,384.0,381.0,381.4,54.54545454545455,-2.0656649848144752,-3.387797437852425,4.944132325002517,-0.1943768262863159,Slightly Negative
2019-07-17,380.0,390.0,380.0,389.0,1580.0,0.0,383.0,381.0,381.5,52.747252747252745,-2.4763653660693876,-3.7183305511119125,4.944132325002517,0.0,Neutral
2019-07-16,367.0,386.0,367.0,375.0,21805.0,0.0,380.6,381.5,381.3,44.871794871794876,-3.37182126554643,-4.0288218473725435,5.986094998913933,0.0,Neutral
2019-07-15,383.0,387.0,380.0,386.0,3296.0,0.0,380.6,381.4,381.75,50.0,-3.040249395198316,-4.193071992829072,6.113736809878806,0.0,Neutral
2019-07-14,375.0,385.0,373.0,385.0,2677.0,0.0,379.4,380.1,382.0,50.0,-3.6928213076602674,-4.48127764223676,6.402256546842009,0.0,Neutral
2019-07-11,375.0,380.0,371.0,380.0,1197.0,0.0,378.0,379.3,381.9,52.05479452054795,-4.37020842054568,-4.678391725880884,6.219146065214439,0.0,Neutral
2019-07-10,375.0,380.0,370.0,377.0,32832.0,0.0,379.0,379.7,382.2,43.75,-4.6621431221478815,-4.755437552214684,6.395310782338377,0.0,Neutral
2019-07-09,380.0,380.0,374.0,375.0,1117.0,0.0,382.4,380.3,382.85,43.75,-4.661490423143391,-4.778761159731385,6.395310782338264,0.0,Neutral
2019-07-08,384.0,385.0,380.0,380.0,185.0,0.0,382.2,381.4,384.35,47.368421052631575,-4.389217481168316,-4.808078843878383,6.328067986924115,0.0,Neutral
2019-07-07,386.0,391.0,378.0,378.0,1479.0,0.0,380.8,381.9,384.65,41.9753086419753,-4.4869459445940265,-4.912794184555899,6.40225654684167,0.0,Neutral
2019-07-04,394.0,394.0,385.0,385.0,3096.0,0.0,380.6,381.8,385.25,51.21951219512195,-4.342781969627026,-5.0192562445463675,6.477310827669452,0.0,Neutral
2019-07-03,379.0,398.0,379.0,394.0,467.0,0.0,380.4,382.0,385.6,55.26315789473684,-4.808335849292689,-5.188374813276202,6.61647774729619,0.0,Neutral
2019-07-02,372.0,375.0,371.0,374.0,3314.0,0.0,378.2,381.1,385.65,36.666666666666664,-6.248976097894513,-5.28338455427208,5.279941077367041,0.0,Neutral
2019-07-01,370.0,376.0,366.0,373.0,1254.0,0.0,380.6,382.1,387.1,28.378378378378386,-5.960499090140559,-5.041986668366471,4.701063709703114,0.0,Neutral
2019-06-30,381.0,381.0,376.0,377.0,1819.0,0.0,383.0,383.9,388.95,44.943820224719104,-5.403781177114354,-4.812358562922949,4.254409477551871,0.0,Neutral
2019-06-27,385.0,388.0,384.0,384.0,1272.0,0.0,383.0,384.5,390.45,46.51162790697675,-5.021878951002861,-4.664502909375098,3.535533906311988,0.0,Neutral
2019-06-26,384.0,384.0,383.0,383.0,535.0,0.0,383.6,384.7,391.5,44.827586206896555,-5.174114597660434,-4.575158898968156,3.5605867185702706,0.0,Neutral
2019-06-25,390.0,392.0,386.0,386.0,2544.0,0.0,384.0,385.4,392.35,44.827586206896555,-5.191344610701037,-4.425419974295086,3.864367132663889,0.0,Neutral
2019-06-24,380.0,385.0,375.0,385.0,6534.0,0.0,383.6,387.3,393.3,40.42553191489362,-5.443280451189935,-4.233938815193598,7.31892524004323,0.0,Neutral
2019-06-23,384.0,384.0,377.0,377.0,2565.0,0.0,384.8,387.4,394.45,32.25806451612904,-5.583849026487599,-3.9316034061945135,7.290785661246016,0.0,Neutral
2019-06-20,390.0,391.0,384.0,387.0,3745.0,0.0,386.0,388.7,395.95,38.372093023255815,-4.867500567664081,-3.5185420011212423,6.325433670016874,0.0,Neutral
2019-06-19,381.0,385.0,380.0,385.0,6326.0,0.0,385.8,389.2,396.7,38.372093023255815,-4.900561253781461,-3.1813023594855325,6.373556481658661,0.0,Neutral
2019-06-18,385.0,391.0,384.0,384.0,2261.0,0.0,386.8,390.2,397.7,41.111111111111114,-4.667841456734493,-2.75148763591155,6.425643072219121,0.0,Neutral
2019-06-17,383.0,391.0,383.0,391.0,210.0,0.0,391.0,392.1,398.95,42.04545454545455,-4.201092312769333,-2.272399180705814,7.156193898559177,0.0,Neutral
2019-06-16,388.0,388.0,377.0,383.0,7652.0,0.0,390.0,394.0,400.05,34.93975903614458,-4.256971153558936,-1.7902258976899343,9.092121131470206,0.0,Neutral
2019-06-13,384.0,391.0,384.0,386.0,3056.0,0.0,391.4,396.4,401.6,37.037037037037045,-3.4518278390240766,-1.1735395837226836,9.033271832655936,0.0,Neutral
2019-06-12,397.0,397.0,385.0,390.0,1693.0,0.0,392.6,398.3,403.3,42.6829268292683,-2.679418330813803,-0.6039675198973353,8.59004591905886,0.0,Neutral
2019-06-11,384.0,405.0,384.0,405.0,4461.0,0.0,393.6,399.3,404.3,50.0,-2.0618422918863644,-0.08510481716821844,8.083591061347242,0.0,Neutral
2019-06-10,383.0,398.0,383.0,386.0,970.0,0.0,393.2,399.3,404.6,29.09090909090908,-2.7708729870461184,0.40907955151131803,8.083591061347242,0.0,Neutral
2019-06-06,395.0,407.0,390.0,390.0,1507.0,0.0,398.0,401.5,405.9,29.09090909090908,-1.7010049217838628,1.2040676861506772,6.980130530646672,0.0,Neutral
2019-06-04,393.0,401.0,390.0,392.0,3246.0,0.0,401.4,403.2,406.95,29.629629629629633,-0.71799506507773,1.930335838134312,5.846176338464099,0.0,Neutral
2019-06-03,400.0,401.0,395.0,395.0,963.0,0.0,404.0,404.2,408.8,28.070175438596493,0.34349017115556535,2.5924185639373225,4.3919117581670895,0.0,Neutral
2019-06-02,402.0,410.0,402.0,403.0,1710.0,0.0,405.0,405.2,410.3,44.06779661016949,1.3878805610947893,3.1546506621327617,2.973961070202437,0.0,Neutral
2019-05-30,415.0,423.0,404.0,410.0,4492.0,0.0,405.4,405.8,411.0,49.056603773584904,1.886169668819491,3.5963431873922547,3.0840089354191105,0.0,Neutral
2019-05-29,405.0,407.0,402.0,407.0,1926.0,0.0,405.0,406.1,412.1,45.09803921568627,1.7820052984052381,4.023886567035445,3.6347092199712767,0.0,Neutral
2019-05-28,400.0,405.0,400.0,405.0,3367.0,0.0,405.0,406.8,413.65,43.99999999999999,1.9285881521906276,4.584356884192998,4.417138339891849,0.0,Neutral
2019-05-27,402.0,403.0,397.0,400.0,4228.0,0.0,404.4,408.3,415.15,26.984126984126974,2.2912653488084516,5.24829906719359,6.000925854710997,0.0,Neutral
2019-05-26,407.0,410.0,405.0,405.0,1385.0,0.0,405.4,409.3,416.2,33.87096774193549,3.229936747418037,5.987557496789873,5.250396810650796,0.0,Neutral
2019-05-23,407.0,409.0,406.0,408.0,2266.0,0.0,406.2,409.9,415.1,43.28358208955223,3.8719509798626746,6.676962684132832,5.043147165804032,0.1997096687555313,Slightly Positive
2019-05-22,410.0,418.0,405.0,407.0,3084.0,0.0,407.2,410.3,414.05,34.5679012345679,4.329620767748622,7.37821561020037,5.03432661307025,0.3994193375110626,Positive
2019-05-21,402.0,410.0,402.0,402.0,2780.0,0.7988386750221252,408.6,410.7,412.7,28.048780487804876,4.952615722210339,8.140364320813307,4.900113377640671,0.7988386750221252,Strongly Positive
2019-05-20,405.0,410.0,405.0,405.0,1252.0,0.0,412.2,413.4,411.75,31.707317073170742,6.184836689945598,8.937301470464048,6.686636756526166,0.0,Neutral
2019-05-19,414.0,414.0,409.0,409.0,3017.0,0.0,413.2,415.4,411.15,43.47826086956522,7.3621829187285925,9.625417665593659,6.883151733064493,0.0,Neutral
2019-05-16,422.0,422.0,413.0,413.0,2054.0,0.0,413.6,416.2,410.2,61.904761904761905,8.350545808284664,10.191226352309926,6.511528238640225,0.0,Neutral
2019-05-15,413.0,428.0,411.0,414.0,5245.0,0.0,413.4,418.1,409.0,60.46511627906977,9.08332104828844,10.65139648831624,8.061568637150806,0.0,Neutral
2019-05-14,410.0,423.0,409.0,420.0,4812.0,0.0,412.8,420.5,408.25,65.38461538461539,9.78466950300907,11.04341534832319,10.036046145012543,0.0,Neutral
2019-05-13,412.0,417.0,410.0,410.0,3173.0,0.0,414.6,422.0,406.75,60.97560975609756,9.926613610626873,11.35810180965172,11.025223605811853,0.0,Neutral
2019-05-12,411.0,412.0,411.0,411.0,600.0,0.0,417.6,423.1,405.4,56.81818181818182,10.981580619104477,11.715973859407931,10.213825053564161,0.0,Neutral
2019-05-09,415.0,418.0,411.0,412.0,1386.0,0.0,418.8,420.3,404.25,58.208955223880594,12.066551882737997,11.899572169483793,16.06272427434743,0.0,Neutral
2019-05-08,430.0,431.0,411.0,411.0,8372.0,0.0,422.8,417.8,402.4,58.208955223880594,13.174038086390397,11.857827241170241,19.147381602319076,0.0,Neutral
2019-05-07,418.0,430.0,418.0,429.0,1863.0,0.0,428.2,414.7,400.75,61.904761904761905,14.497789014159252,11.528774529865203,22.573583381228566,0.0,Neutral
2019-05-06,411.0,425.0,409.0,425.0,5454.0,0.0,429.4,410.1,397.85,63.3587786259542,14.143772358123726,10.78652090879169,23.978925932816736,0.0,Neutral
2019-05-05,425.0,427.0,416.0,417.0,5556.0,0.0,428.6,406.9,395.1,63.07692307692307,13.89346350102926,9.94720804645868,23.90467178891947,0.0,Neutral
2019-05-02,430.0,435.0,426.0,432.0,10765.0,0.0,421.8,404.2,392.75,68.33333333333333,14.186437090686468,8.960644182816036,24.1605739446721,0.0,Neutral
2019-04-30,438.0,444.0,429.0,438.0,15680.0,0.0,412.8,399.9,389.65,74.80314960629921,12.8267570238026,7.6541959558484285,22.427413780717867,0.0,Neutral
2019-04-29,428.0,443.0,415.0,435.0,32256.0,0.0,401.2,396.0,386.15,72.44094488188976,10.29383072717917,6.361055688859885,18.024674446201306,0.0,Neutral
2019-04-28,390.0,421.0,390.0,421.0,23600.0,0.0,390.8,391.5,382.9,70.83333333333333,7.216621807093588,5.377861929280063,11.721300648458431,0.0,Neutral
2019-04-25,382.0,390.0,382.0,383.0,8499.0,0.0,385.2,387.7,380.1,57.83132530120482,4.609469740990221,4.918171959826681,5.716448003826255,0.0,Neutral
2019-04-24,380.0,387.0,379.0,387.0,1825.0,0.0,386.6,388.2,379.25,60.759493670886066,5.083839725840278,4.995347514535796,5.473166867383624,0.0,Neutral
2019-04-23,382.0,383.0,379.0,380.0,1738.0,0.0,387.0,387.0,378.05,56.944444444444436,5.208088837763967,4.973224461709675,6.896053622052865,0.0,Neutral
2019-04-22,398.0,398.0,383.0,383.0,2545.0,0.0,390.8,386.8,377.35,60.56338028169014,6.003649139342656,4.9145083676961026,7.146094504646576,0.0,Neutral
2019-04-21,395.0,395.0,385.0,393.0,5374.0,0.0,392.2,385.6,376.25,68.25396825396825,6.626293027694487,4.642223174784464,8.694826047867545,0.0,Neutral
2019-04-18,396.0,396.0,383.0,390.0,1736.0,0.0,390.2,383.3,374.85,69.23076923076923,6.306448782969824,4.1462057115569575,9.522488003692034,-0.1873069554567337,Slightly Negative
2019-04-17,398.0,398.0,389.0,389.0,9026.0,0.0,389.8,381.3,373.65,67.6923076923077,6.1119356010417505,3.6061449437037405,10.044899203211811,-0.3746139109134674,Negative
2019-04-16,391.0,403.0,391.0,399.0,21743.0,-0.7492278218269348,387.0,379.4,372.65,81.0344827586207,5.876583349183818,2.979697279369238,10.221980673606183,-0.7492278218269348,Strongly Negative
2019-04-15,390.0,395.0,383.0,390.0,4612.0,0.0,382.8,376.3,371.25,73.07692307692308,4.472528899006079,2.255475761915593,8.09732466122996,0.0,Neutral
2019-04-11,384.0,384.0,381.0,383.0,4395.0,0.0,379.0,374.3,370.5,72.0,3.5317535258845396,1.7012124776429711,6.684143758214533,0.0,Neutral
2019-04-10,371.0,389.0,371.0,388.0,1140.0,0.0,376.4,372.5,369.95,73.46938775510205,2.9923383619966444,1.2435772155825788,6.502136401251681,0.0,Neutral
2019-04-09,382.0,385.0,375.0,375.0,2060.0,0.0,372.8,370.3,369.55,62.16216216216216,1.7512326311870652,0.8063869289790624,3.8600518134746733,0.0,Neutral
2019-04-08,369.0,384.0,369.0,378.0,10214.0,0.0,371.8,369.1,369.8,62.16216216216216,1.4652942965000761,0.5701755034270616,4.094712037418307,0.0,Neutral
2019-04-07,367.0,371.0,365.0,371.0,1642.0,0.0,369.8,367.9,369.75,50.0,0.7735650868231687,0.3463958051588079,2.726414006721596,0.0,Neutral
2019-04-04,370.0,371.0,370.0,370.0,1539.0,0.0,369.6,366.9,369.6,42.857142857142854,0.5921424942999352,0.2396034847427177,3.2472210345403116,0.0,Neutral
2019-04-03,375.0,377.0,370.0,370.0,1337.0,0.0,368.6,366.4,369.2,47.368421052631575,0.4537864944713874,0.15146873235341335,3.0983866774045046,0.0,Neutral
2019-04-02,364.0,370.0,364.0,370.0,1225.0,0.0,367.8,366.0,368.55,39.130434782608695,0.2705933965888221,0.0758892918239198,2.8284271252267756,0.0,Neutral
2019-04-01,373.0,373.0,364.0,368.0,1286.0,0.0,366.4,365.9,367.95,36.36363636363636,0.03283648406835482,0.02721326563269423,2.6853512086559435,0.0,Neutral
2019-03-31,363.0,370.0,363.0,370.0,407.0,0.0,366.0,366.2,367.55,42.22222222222222,-0.06746905131700487,0.02580746102377908,3.084008935432792,0.0,Neutral
2019-03-28,363.0,365.0,362.0,365.0,2896.0,0.0,364.2,366.7,366.6,46.93877551020408,-0.39815038482595355,0.04912658910897506,4.029061098575009,0.0,Neutral
2019-03-27,366.0,366.0,365.0,366.0,145.0,0.0,364.2,367.4,366.25,53.70370370370371,-0.30533782672546295,0.16094583259270723,4.299870799408343,0.0,Neutral
2019-03-26,370.0,370.0,363.0,363.0,1002.0,0.0,364.2,368.8,365.85,55.35714285714286,-0.2842521569066321,0.27751674742224974,5.808040404133393,0.0,Neutral
2019-03-25,361.0,366.0,361.0,366.0,989.0,0.0,365.4,370.5,365.8,57.40740740740741,0.05224994758077628,0.4179589735044702,6.3813965732378035,0.0,Neutral
2019-03-24,360.0,365.0,360.0,361.0,900.0,0.0,366.4,371.6,365.65,50.98039215686275,0.17553445261626166,0.5093862299853936,6.467010300357407,0.0,Neutral
2019-03-21,365.0,366.0,363.0,365.0,1223.0,0.0,369.2,372.3,366.05,62.50000000000001,0.8394279924599459,0.5928491743276766,5.498484639974762,0.0,Neutral
2019-03-19,365.0,370.0,364.0,366.0,1036.0,0.0,370.6,372.0,365.6,56.45161290322581,1.2673149761519653,0.5312044697946092,6.000000000225473,0.0,Neutral
2019-03-18,370.0,372.0,368.0,369.0,3073.0,0.0,373.4,371.1,365.1,59.32203389830509,1.6932025084111046,0.34717684320527026,7.489993324610355,0.0,Neutral
2019-03-17,374.0,376.0,369.0,371.0,735.0,0.0,375.6,370.0,364.3,57.377049180327866,1.9067069221904944,0.010670426903811647,8.563488385934992,0.0,Neutral
2019-03-14,375.0,376.0,368.0,375.0,3289.0,0.0,376.8,368.9,363.75,60.3448275862069,1.9478459096370102,-0.463338696917859,9.10982375743908,0.0,Neutral
2019-03-13,391.0,391.0,372.0,372.0,2370.0,0.0,375.4,366.5,363.3,52.45901639344261,1.5647491858377407,-1.0661348485565763,10.394977419805857,0.0,Neutral
2019-03-12,373.0,390.0,370.0,380.0,1880.0,0.0,373.4,365.1,362.55,68.18181818181819,1.3584730156671299,-1.7238558571551552,10.514011815057353,0.0,Neutral
2019-03-11,380.0,383.0,369.0,380.0,3817.0,0.0,368.8,362.9,361.55,68.18181818181819,0.26088455096703456,-2.4944380753607263,9.279008567876527,0.0,Neutral
2019-03-10,363.0,377.0,363.0,377.0,570.0,0.0,364.4,361.1,360.65,68.18181818181819,-1.1438321374460543,-3.1832687319426665,7.0781353478673985,0.0,Neutral
2019-03-07,367.0,373.0,363.0,368.0,2484.0,0.0,361.0,359.7,360.05,56.25,-2.6146693341123637,-3.693127880566819,4.49814776725558,0.0,Neutral
2019-03-06,358.0,365.0,358.0,362.0,6533.0,0.0,357.6,359.8,360.15,46.875,-3.537597256633944,-3.9627425171804327,4.709328803609974,0.0,Neutral
2019-03-05,358.0,358.0,355.0,357.0,555.0,0.0,356.8,359.2,360.5,50.0,-4.053223844919444,-4.069028832317055,4.779586221335334,0.0,Neutral
2019-03-03,364.0,365.0,358.0,358.0,1210.0,0.0,357.0,359.1,361.35,48.57142857142856,-4.143303979859525,-4.072980079166457,4.840798832431245,0.18925577402114868,Slightly Positive
2019-02-27,355.0,360.0,353.0,360.0,4076.0,0.0,357.8,358.6,362.2,48.57142857142856,-4.299830930566998,-4.05539910399319,5.211099265825886,0.37851154804229736,Positive
2019-02-26,361.0,361.0,351.0,351.0,2416.0,0.7570230960845947,358.4,358.6,363.4,39.0625,-4.640709606843416,-3.994291147349738,5.211099265825886,0.7570230960845947,Strongly Positive
2019-02-25,357.0,365.0,357.0,358.0,2147.0,0.0,362.0,360.1,364.7,40.322580645161295,-4.0919298866458576,-3.832686532476318,4.931756505034923,0.0,Neutral
2019-02-24,363.0,363.0,358.0,358.0,918.0,0.0,361.6,360.0,365.8,41.269841269841265,-4.044695699969793,-3.767875693933933,4.988876515972429,0.0,Neutral
2019-02-21,361.0,363.0,361.0,362.0,390.0,0.0,361.2,360.2,366.85,40.625,-3.9255757642491176,-3.698670692424968,4.9396356143679085,0.0,Neutral
2019-02-20,364.0,364.0,363.0,363.0,395.0,0.0,359.4,360.2,368.05,40.625,-4.12370885335838,-3.64194442446893,4.9396356143679085,0.0,Neutral
2019-02-19,360.0,369.0,360.0,369.0,397.0,0.0,358.8,360.4,369.35,38.80597014925374,-4.41843568559085,-3.521503317246567,5.103375789335508,0.0,Neutral
2019-02-18,355.0,356.0,355.0,356.0,430.0,0.0,358.2,360.5,369.8,32.786885245901644,-5.341255232395383,-3.2972702251604953,5.296749527614717,0.0,Neutral
2019-02-17,360.0,360.0,355.0,356.0,904.0,0.0,358.4,361.8,371.0,31.25,-5.117781196027352,-2.7862739733517734,5.652924513761329,0.0,Neutral
2019-02-14,353.0,355.0,347.0,353.0,976.0,0.0,359.2,363.6,372.45,29.032258064516128,-4.758106608575417,-2.2033971676828785,6.415259586195995,0.0,Neutral
2019-02-13,363.0,365.0,358.0,360.0,2220.0,0.0,361.0,365.8,374.3,29.032258064516128,-3.924367675375663,-1.5647198074597437,6.142746400109007,0.0,Neutral
2019-02-12,359.0,366.0,359.0,366.0,196.0,0.0,362.0,368.2,375.3,30.508474576271183,-3.5158591799042256,-0.9748078404807639,8.02496105926459,0.21650704741477966,Positive
2019-02-11,359.0,368.0,355.0,357.0,2811.0,0.0,362.8,369.3,376.65,32.786885245901644,-3.5542231121585814,-0.33954500562489826,8.43339920938957,0.4330140948295593,Positive
2019-02-10,358.0,361.0,358.0,360.0,672.0,0.8660281896591187,365.2,371.6,377.6,33.33333333333333,-2.635128013149938,0.46412452100852253,7.820201759434367,0.8660281896591187,Strongly Positive
2019-02-07,372.0,372.0,362.0,362.0,450.0,0.0,368.0,373.5,378.4,31.746031746031747,-1.7291538611331134,1.2389376545481376,6.948221195419586,0.0,Neutral
2019-02-06,370.0,371.0,365.0,365.0,3647.0,0.0,370.6,375.9,379.3,30.769230769230774,-0.7512864327605939,1.9809605334684504,6.674162452857956,0.0,Neutral
2019-02-05,376.0,376.0,370.0,370.0,974.0,0.0,374.4,378.3,380.05,42.857142857142854,0.20230125120218645,2.664022275025711,6.634087059558385,0.0,Neutral
2019-02-04,369.0,373.0,368.0,369.0,2564.0,0.0,375.8,379.1,380.7,35.365853658536594,0.9073924223518475,3.2794525309815925,5.9712273075342415,0.0,Neutral
2019-02-03,375.0,380.0,373.0,374.0,1442.0,0.0,378.0,380.2,381.45,48.93617021276596,1.895964900112233,3.8724675581390287,4.8027769747669105,0.0,Neutral
2019-01-31,382.0,382.0,375.0,375.0,3625.0,0.0,379.0,381.3,381.55,49.46236559139785,2.6210742822702287,4.366593222645728,4.473378042798664,0.0,Neutral
2019-01-30,377.0,384.0,377.0,384.0,499.0,0.0,381.2,382.8,382.25,52.272727272727266,3.4066346313916824,4.802972957739602,4.638007235202416,0.0,Neutral
2019-01-29,378.0,378.0,376.0,377.0,1428.0,0.0,382.2,382.4,382.3,48.148148148148145,3.4433806096319017,5.152057539326581,4.695151163394441,0.0,Neutral
2019-01-28,380.0,380.0,379.0,380.0,1298.0,0.0,382.4,384.0,382.6,48.148148148148145,4.152923576627472,5.579226771750251,5.333333333584233,0.0,Neutral
2019-01-27,380.0,380.0,376.0,379.0,1370.0,0.0,382.4,383.6,382.5,46.91358024691358,4.69269771156911,5.935802570530945,5.796550698706701,0.0,Neutral
2019-01-24,390.0,390.0,383.0,386.0,661.0,0.0,383.6,383.3,383.05,56.09756097560975,5.415206549817128,6.246578785271403,6.1291652506148395,0.21253621578216553,Positive
2019-01-23,380.0,389.0,374.0,389.0,1616.0,0.0,384.4,382.7,383.75,50.0,5.545896644456434,6.454421844134971,6.129165250614944,0.42507243156433105,Positive
2019-01-22,380.0,385.0,378.0,378.0,2867.0,0.8501448631286621,382.6,381.8,383.7,45.88235294117647,5.326582595876687,6.681553144054605,5.750362307659204,0.8501448631286621,Strongly Positive
2019-01-21,379.0,383.0,379.0,380.0,1424.0,0.0,385.6,382.3,382.8,48.23529411764706,6.089180554294842,7.020295781099083,5.598610939074475,0.0,Neutral
2019-01-20,387.0,390.0,385.0,385.0,1118.0,0.0,384.8,382.7,382.1,54.117647058823536,6.770326594977007,7.253074587800143,5.558776844115895,0.0,Neutral
2019-01-17,385.0,390.0,381.0,390.0,2282.0,0.0,383.0,381.8,381.7,50.0,7.032148245520716,7.3737615860059265,5.865151319674627,-0.1828773021697998,Slightly Negative
2019-01-16,392.0,395.0,380.0,380.0,1831.0,0.0,381.0,381.7,379.7,39.130434782608695,6.75495117773437,7.459164921127229,5.7164480038271135,-0.3657546043395996,Negative
2019-01-15,383.0,400.0,383.0,393.0,5653.0,-0.7315092086791992,381.0,382.2,378.2,52.747252747252745,7.321074903174633,7.635218356975443,5.769652406477272,-0.7315092086791992,Strongly Negative
2019-01-14,375.0,380.0,375.0,376.0,1012.0,0.0,379.0,381.2,376.65,57.843137254901954,6.6135299141449195,7.7137542204256455,4.391911758172202,0.0,Neutral
2019-01-13,380.0,380.0,370.0,376.0,1572.0,0.0,380.6,381.4,375.7,54.629629629629626,7.345157511213927,7.988810296995826,4.168666187218602,0.0,Neutral
2019-01-10,380.0,380.0,380.0,380.0,735.0,0.0,380.6,382.8,374.1,51.30434782608696,8.172141716764372,8.1497234934413,4.4919681410776535,0.0,Neutral
2019-01-09,388.0,388.0,380.0,380.0,2152.0,0.0,382.4,384.8,371.95,60.56338028169014,8.701534041423088,8.144118937610532,6.908931417810412,0.0,Neutral
2019-01-08,387.0,387.0,382.0,383.0,524.0,0.0,383.4,385.6,369.45,61.8705035971223,9.250663386112308,8.004765161657392,6.752777206651553,0.0,Neutral
2019-01-07,378.0,385.0,377.0,384.0,1716.0,0.0,383.4,383.3,366.95,57.333333333333336,9.51154246408123,7.6932906055436625,10.573026477388884,0.0,Neutral
2019-01-06,385.0,385.0,376.0,376.0,2209.0,0.0,382.2,381.5,364.55,56.46258503401361,9.604351142302164,7.2387276409092705,11.89070598793739,0.0,Neutral
2019-01-03,387.0,389.0,384.0,389.0,1504.0,0.0,385.0,381.6,361.8,65.3061224489796,10.397654565888843,6.647321765561047,11.843422928754492,0.0,Neutral
2019-01-02,382.0,386.0,376.0,385.0,2846.0,0.0,387.2,377.7,358.3,66.0,9.935323232853818,5.709738565479097,15.107393333597352,0.0,Neutral
2019-01-01,380.0,400.0,379.0,383.0,5947.0,0.0,387.8,374.2,354.8,67.09677419354838,9.60797926621126,4.6533423986354165,17.145132124257614,0.0,Neutral
2018-12-31,385.0,385.0,377.0,378.0,9077.0,0.0,383.2,372.1,351.75,64.70588235294117,9.25405326855173,3.4146831817414562,17.233365570647763,0.0,Neutral
2018-12-30,405.0,406.0,390.0,390.0,9094.0,0.0,380.8,370.0,348.7,68.75,9.17680149308734,1.9548406600388877,17.70749998046755,0.0,Neutral
2018-12-27,395.0,407.0,389.0,400.0,14804.0,0.0,378.2,365.4,345.1,76.51006711409396,7.722901205231494,0.14935045177677475,17.908408949815243,0.0,Neutral
2018-12-26,367.0,389.0,361.0,388.0,8783.0,0.0,368.2,359.1,341.6,74.82014388489209,4.736680820292065,-1.7440372365869052,15.271251131254287,0.0,Neutral
2018-12-25,362.0,373.0,360.0,360.0,1440.0,0.0,360.6,353.3,338.95,69.56521739130434,2.0780987170379603,-3.364216750806648,14.040022158991007,0.0,Neutral
2018-12-24,384.0,390.0,366.0,366.0,9515.0,0.0,361.0,350.6,337.65,68.9655172413793,1.505463396636742,-4.7247956177678,15.159888595400828,0.0,Neutral
2018-12-23,357.0,377.0,352.0,377.0,7018.0,0.0,359.2,347.6,336.3,77.27272727272727,0.1417657564643946,-6.282360371368935,14.736198816462258,0.0,Neutral
2018-12-20,360.0,366.0,350.0,350.0,2613.0,0.0,352.6,342.0,334.85,69.04761904761905,-2.7208703698132695,-7.888391903327268,12.840906856279615,0.0,Neutral
2018-12-19,357.0,365.0,350.0,350.0,1786.0,0.0,350.0,338.9,335.15,60.416666666666664,-3.5859678201558722,-9.180272286705767,14.34844164989858,0.0,Neutral
2018-12-18,364.0,365.0,347.0,362.0,7157.0,0.0,346.0,335.4,335.6,65.1685393258427,-4.637987215754549,-10.57884840334324,15.557777619159436,0.0,Neutral
2018-12-17,344.0,357.0,340.0,357.0,3478.0,0.0,340.2,331.4,335.5,63.529411764705884,-7.135103066634883,-12.064063700240412,12.868566353824429,0.0,Neutral
2018-12-16,342.0,350.0,340.0,344.0,4256.0,0.0,336.0,327.4,335.65,53.246753246753244,-9.70945670806202,-13.296303858641792,9.901739465732023,0.0,Neutral
2018-12-13,332.0,338.0,330.0,337.0,510.0,0.0,331.4,324.8,336.6,43.037974683544306,-11.530403258275385,-14.193015646286735,8.350648677565683,0.0,Neutral
2018-12-12,337.0,337.0,330.0,330.0,1448.0,0.0,327.8,324.1,338.15,33.75,-12.97415098951825,-14.858668743289572,7.460265113141304,0.0,Neutral
2018-12-11,330.0,333.0,330.0,333.0,910.0,0.0,324.8,324.6,340.0,33.75,-13.915455897547986,-15.3297981817324,8.044321668972946,0.0,Neutral
2018-12-10,321.0,342.0,321.0,336.0,3978.0,0.0,322.6,324.7,341.9,34.61538461538461,-15.21995116710525,-15.683383752778504,8.165646194917711,0.0,Neutral
2018-12-09,321.0,324.0,319.0,321.0,1228.0,0.0,318.8,325.0,343.3,19.04761904761905,-16.969034930545888,-15.799241899196815,8.666666666827954,0.0,Neutral
2018-12-06,315.0,326.0,309.0,319.0,4594.0,0.0,318.2,327.7,345.85,15.625,-17.427406789620477,-15.506793641359545,11.136027618226375,0.0,Neutral
2018-12-05,316.0,317.0,312.0,315.0,1278.0,0.0,320.4,331.4,348.7,9.230769230769226,-17.555330045535698,-15.026640354294312,13.761459870978772,0.2040773183107376,Positive
2018-12-04,312.0,322.0,312.0,322.0,3031.0,0.0,324.4,335.8,351.25,11.86440677966101,-17.055983655150612,-14.394467931483964,14.92053022600048,0.4081546366214752,Positive
2018-12-03,318.0,330.0,317.0,317.0,2962.0,0.8163092732429504,326.8,339.6,353.85,3.448275862068968,-16.883276318256833,-13.729089000567303,15.826840774192826,0.8163092732429504,Strongly Positive
2018-12-02,325.0,325.0,312.0,318.0,8069.0,0.0,331.2,343.9,356.8,14.0625,-15.908173116356068,-12.94054217114492,14.813282328237992,0.0,Neutral
2018-11-29,330.0,335.0,326.0,330.0,6654.0,0.0,337.2,348.4,359.75,15.0,-14.534013420601127,-12.198634434842132,12.764534199730065,0.20782852172851562,Positive
2018-11-28,335.0,337.0,335.0,335.0,652.0,0.0,342.4,352.2,362.25,15.254237288135585,-13.790500304628779,-11.614789688402382,12.327025414036134,0.41565704345703125,Positive
2018-11-27,336.0,337.0,334.0,334.0,2980.0,0.8313140869140625,347.2,355.4,364.6,26.470588235294116,-13.150009013993099,-11.070862034345783,11.491059326588427,0.8313140869140625,Strongly Positive
2018-11-26,348.0,348.0,335.0,339.0,7128.0,0.0,352.4,359.1,367.4,25.352112676056336,-12.039418181014526,-10.551075289433953,9.643074659651422,0.0,Neutral
2018-11-25,351.0,355.0,348.0,348.0,4353.0,0.0,356.6,361.6,369.9,28.125,-10.955872526107214,-10.17898956653881,6.619835513435299,0.0,Neutral
2018-11-22,358.0,360.0,356.0,356.0,2490.0,0.0,359.6,364.0,371.95,31.578947368421055,-10.329879744373045,-9.98476882664671,5.374838499117952,0.0,Neutral
2018-11-21,358.0,359.0,358.0,359.0,412.0,0.0,362.0,366.0,374.2,31.578947368421055,-10.19517797940506,-9.898491097215125,5.773502692130693,0.0,Neutral
2018-11-20,360.0,360.0,355.0,360.0,750.0,0.0,363.6,366.7,376.25,31.034482758620683,-10.180410592418184,-9.82431937666764,5.229191567264474,0.0,Neutral
2018-11-19,363.0,363.0,357.0,360.0,3537.0,0.0,365.8,368.1,377.95,27.272727272727266,-10.11530151895613,-9.735296572730004,5.108815910042388,0.0,Neutral
2018-11-18,360.0,368.0,360.0,363.0,1172.0,0.0,366.6,369.7,379.45,29.6875,-9.885067006734289,-9.640295336173473,4.785394445884106,0.0,Neutral
2018-11-15,368.0,368.0,364.0,368.0,2173.0,0.0,368.4,371.1,380.95,32.203389830508485,-9.752875800127754,-9.57910241853327,4.653553003700573,0.0,Neutral
2018-11-14,371.0,371.0,365.0,367.0,1898.0,0.0,370.0,372.3,381.7,25.714285714285722,-9.951382648420974,-9.535659073134648,5.27151675436786,0.0,Neutral
2018-11-13,370.0,378.0,364.0,371.0,1920.0,0.0,369.8,373.8,382.85,28.358208955223887,-9.958184005356316,-9.431728179313065,5.711586664396395,0.0,Neutral
2018-11-12,365.0,372.0,363.0,364.0,900.0,0.0,370.4,375.7,383.95,27.272727272727266,-10.229291424494022,-9.300114222802254,7.54320886643634,0.0,Neutral
2018-11-11,376.0,376.0,370.0,372.0,450.0,0.0,372.8,378.2,385.35,35.48387096774192,-9.713806109655309,-9.06781992237931,7.375635566015824,0.0,Neutral
2018-11-05,370.0,376.0,370.0,376.0,1681.0,0.0,373.8,379.9,386.5,36.0655737704918,-9.729113128029837,-8.906323375560312,7.73807326021478,0.0,Neutral
2018-11-04,374.0,374.0,366.0,366.0,2166.0,0.0,374.6,382.4,387.85,36.0655737704918,-10.014408804165612,-8.70062593744293,10.03549256956418,0.0,Neutral
2018-11-01,376.0,377.0,374.0,374.0,1585.0,0.0,377.8,385.8,390.05,36.666666666666664,-9.214703884554694,-8.372180220762258,9.612491872696578,0.0,Neutral
2018-10-31,375.0,377.0,374.0,376.0,2248.0,0.0,381.0,387.8,391.95,36.0655737704918,-8.87450300338503,-8.161549304814148,8.94178704500437,0.0,Neutral
2018-10-30,380.0,387.0,376.0,377.0,3375.0,0.0,383.6,389.2,393.45,37.70491803278688,-8.514835653188356,-7.983310880171428,7.92744879813759,0.0,Neutral
2018-10-29,376.0,381.0,376.0,380.0,1863.0,0.0,386.0,390.8,395.2,37.70491803278688,-8.033735353072757,-7.850429686917195,6.713171133623153,0.0,Neutral
2018-10-28,385.0,385.0,379.0,382.0,1446.0,0.0,390.2,391.1,396.95,34.32835820895522,-7.60827663760773,-7.804603270378305,6.226288354173003,0.0,Neutral
2018-10-25,388.0,391.0,386.0,390.0,2729.0,0.0,393.8,391.9,398.85,34.848484848484844,-7.158207126049035,-7.8536849285709485,5.38413306777708,0.002222562907263625,Neutral
2018-10-24,390.0,391.0,389.0,389.0,2488.0,0.0,394.6,392.2,399.85,32.83582089552239,-7.2941808458261335,-8.027554379201426,5.349974039643858,0.22660095011815426,Positive
2018-10-23,393.0,395.0,387.0,389.0,4672.0,0.0088902516290545,394.8,392.5,400.9,38.35616438356164,-7.259817399493215,-8.210897762545248,5.233439489621443,0.4532019002363085,Positive
2018-10-22,400.0,401.0,396.0,401.0,1860.0,0.8886232972145081,395.6,393.1,402.05,41.791044776119406,-7.110359802181165,-8.448667853308255,5.130518709142473,0.8886232972145081,Strongly Positive
2018-10-21,401.0,407.0,400.0,400.0,570.0,0.0,392.0,393.3,402.9,39.130434782608695,-8.03799232630746,-8.783244866090026,5.4984846399686855,0.0,Neutral
2018-10-15,397.0,397.0,390.0,394.0,2864.0,0.0,390.0,394.3,403.5,30.882352941176464,-9.003254314173319,-8.969558001035667,7.424434134993581,0.0,Neutral
2018-10-14,399.0,399.0,390.0,390.0,1977.0,0.0,389.8,396.1,404.55,36.48648648648649,-9.49341409775235,-8.961133922751253,9.29097531074393,0.0,Neutral
2018-10-11,380.0,393.0,380.0,393.0,2340.0,0.0,390.2,397.7,405.8,38.02816901408451,-9.573677471007727,-8.828063879000979,9.499122766653782,0.0,Neutral
2018-10-10,389.0,390.0,383.0,383.0,1115.0,0.0,390.6,399.6,406.65,26.984126984126974,-9.842323776929845,-8.641660480999292,10.319345371268025,0.0,Neutral
2018-10-09,395.0,395.0,390.0,390.0,1280.0,0.0,394.6,402.8,408.0,27.41935483870968,-9.023871261551449,-8.341494657016653,9.531235200489924,0.0,Neutral
2018-10-08,393.0,394.0,392.0,393.0,1093.0,0.0,398.6,405.8,409.0,35.38461538461537,-8.560699196300448,-8.170900505882955,9.772978620344837,0.0,Neutral
2018-10-07,402.0,402.0,392.0,392.0,1091.0,0.0,402.4,407.5,410.0,32.83582089552239,-8.150458499252125,-8.07345083327858,8.720983634783257,0.0,Neutral
2018-10-04,400.0,400.0,393.0,395.0,4081.0,0.0,405.2,409.3,411.4,34.375,-7.406471885939538,-8.054198916785193,6.81583124484115,0.10079197585582733,Slightly Positive
2018-10-03,410.0,410.0,394.0,403.0,8017.0,0.0,408.6,411.0,412.05,44.26229508196722,-6.654598472061423,-8.216130674496606,4.618802153797704,0.20158395171165466,Positive
2018-10-02,410.0,414.0,407.0,410.0,8418.0,0.4031679034233093,411.0,412.5,412.4,50.0,-6.412685882390576,-8.606513725105401,4.1432676318644726,0.4031679034233093,Positive
2018-10-01,406.0,412.0,404.0,412.0,3523.0,0.0,413.0,412.7,412.15,51.92307692307693,-6.723369291466895,-9.154970685784107,4.056544780739419,0.0,Neutral
2018-09-30,409.0,410.0,405.0,406.0,4941.0,0.0,412.6,413.0,411.85,42.857142857142854,-7.225756198448437,-9.762871034363409,4.109609335627512,0.0,Neutral
2018-09-27,412.0,413.0,410.0,412.0,1937.0,0.0,413.4,413.9,411.55,41.99999999999999,-7.150973578654657,-10.397149743342151,3.314949304510485,0.0,Neutral
2018-09-26,422.0,422.0,415.0,415.0,3181.0,0.0,413.4,413.7,411.3,55.932203389830505,-7.562418691882897,-11.208693784514022,3.497618237589616,0.0,Neutral
2018-09-25,412.0,422.0,410.0,420.0,8281.0,0.0,414.0,413.2,410.9,58.92857142857143,-8.283028000885054,-12.120262557671802,3.645392830886171,0.0,Neutral
2018-09-23,411.0,414.0,410.0,410.0,10557.0,0.0,412.4,412.2,410.3,54.90196078431373,-9.59139802072582,-13.079571196868487,2.8596814123897953,0.0,Neutral
2018-09-20,409.0,415.0,409.0,410.0,3728.0,0.0,413.4,412.5,409.95,53.846153846153854,-10.103660874839306,-13.951614490904152,2.758824226677059,0.0,Neutral
2018-09-18,416.0,416.0,410.0,412.0,2364.0,0.0,414.4,413.5,409.75,60.714285714285715,-10.610532214091904,-14.913602894920363,3.4721111097057666,0.0,Neutral
2018-09-17,415.0,423.0,409.0,418.0,6508.0,0.0,414.0,413.1,409.9,59.64912280701754,-11.306785709442124,-15.989370565127476,3.8715486425300885,0.0,Neutral
2018-09-16,418.0,424.0,411.0,412.0,5981.0,0.0,412.4,412.3,410.0,54.90196078431373,-12.641905105915384,-17.160016779048814,3.560586718557424,0.0,Neutral
2018-09-13,415.0,415.0,411.0,415.0,3559.0,0.0,412.0,411.6,410.7,57.14285714285714,-13.551211606782488,-18.28954469733217,4.247875286191438,0.0,Neutral
2018-09-12,411.0,420.0,411.0,415.0,1109.0,0.0,411.6,410.7,411.7,61.11111111111111,-14.820163371790557,-19.474127969969587,4.398231968307077,0.0,Neutral
2018-09-11,413.0,415.0,410.0,410.0,2577.0,0.0,412.6,409.2,412.75,53.846153846153854,-16.2242412482658,-20.63761911951434,5.245103536986563,0.0,Neutral
2018-09-10,408.0,410.0,406.0,410.0,711.0,0.0,412.2,408.9,414.0,45.9016393442623,-17.271275319719336,-21.740963587326476,5.2799410773583855,0.0,Neutral
2018-09-09,407.0,410.0,407.0,410.0,1280.0,0.0,412.2,408.6,414.75,42.42424242424243,-18.356452984451494,-22.858385654228258,5.295700562441565,0.0,Neutral
2018-09-06,424.0,425.0,413.0,413.0,8184.0,0.0,411.2,408.4,415.7,40.57971014492754,-19.474531342208422,-23.98386882167245,5.274677452207124,0.0,Neutral
2018-09-05,416.0,430.0,410.0,420.0,12063.0,0.0,409.8,407.4,416.95,39.43661971830985,-20.92379453567696,-25.111203191538454,5.253570214873193,0.0,Neutral
2018-09-04,409.0,412.0,406.0,408.0,2382.0,0.0,405.8,406.0,418.3,26.66666666666667,-23.1819625457307,-26.158055355503826,2.8284271252069737,0.0,Neutral
2018-09-03,404.0,415.0,404.0,410.0,7636.0,0.0,405.6,406.7,422.6,28.813559322033896,-24.505195714261333,-26.902078557947103,4.001388648171505,0.0,Neutral
2018-09-02,410.0,410.0,405.0,405.0,1356.0,0.0,405.0,407.7,427.1,34.375,-26.041319566251218,-27.501299268868543,5.774464862396025,0.0,Neutral
2018-08-30,408.0,408.0,400.0,406.0,1025.0,0.0,405.6,409.8,431.85,32.83582089552239,-27.114098452736414,-27.86629419452287,8.05260482372261,0.0,Neutral
2018-08-29,402.0,405.0,400.0,400.0,1151.0,0.0,405.0,412.7,436.8,22.85714285714286,-28.190785708537703,-28.05434312996948,11.155965021375058,0.0,Neutral
2018-08-28,404.0,410.0,403.0,407.0,2065.0,0.0,406.2,416.3,442.25,22.222222222222214,-28.54407328654537,-28.020232485327423,12.347289401246485,0.21094736456871033,Positive
2018-08-26,406.0,413.0,406.0,407.0,2025.0,0.0,407.8,419.1,447.3,13.445378151260499,-29.292537456489015,-27.889272285022933,13.15252405021406,0.42189472913742065,Positive
2018-08-23,403.0,408.0,400.0,408.0,3475.0,0.8437894582748413,410.4,420.9,452.4,12.903225806451616,-29.821776634031835,-27.53845599215641,12.529520696796592,0.8437894582748413,Strongly Positive
2018-08-22,403.0,407.0,400.0,403.0,8903.0,0.0,414.0,423.0,457.55,9.243697478991592,-30.16532516050961,-26.967625831687556,11.86966254328438,0.0,Neutral
2018-08-21,413.0,413.0,405.0,406.0,7393.0,0.0,420.4,426.5,463.05,9.090909090909093,-29.65595873197026,-26.16820099948204,10.384282995752908,0.0,Neutral
2018-08-20,424.0,424.0,413.0,415.0,5254.0,0.0,426.4,430.6,468.8,9.482758620689665,-28.87991709071497,-25.29626156635998,9.442221960857184,0.0,Neutral
2018-08-19,425.0,428.0,419.0,420.0,5855.0,0.0,430.4,438.5,474.05,10.714285714285708,-28.38569787455691,-24.40034768527123,20.961605112476594,0.0,Neutral
2018-08-16,435.0,435.0,426.0,426.0,7784.0,0.0,431.4,446.5,478.55,11.214953271028037,-27.85110246957612,-23.40401013794981,27.39525506365096,0.0,Neutral
2018-08-15,443.0,443.0,431.0,435.0,2746.0,0.0,432.0,453.9,483.05,11.999999999999986,-27.374566480388637,-22.292237055043234,30.999820788052332,0.0,Neutral
2018-08-14,440.0,442.0,430.0,436.0,4206.0,0.0,432.6,460.9,487.55,11.881188118811878,-27.284521396292746,-21.021654698706882,34.014539374969374,0.0,Neutral
2018-08-13,417.0,439.0,417.0,435.0,5340.0,0.0,434.8,468.2,492.75,10.18518518518519,-26.874543541373384,-19.455938024310417,35.86022246944359,0.0,Neutral
2018-08-12,426.0,427.0,421.0,425.0,5948.0,0.0,446.6,475.5,498.0,2.0202020202020066,-25.858542082310862,-17.601286645044674,35.78096949189874,0.0,Neutral
2018-08-09,431.0,431.0,428.0,429.0,4457.0,0.0,461.6,483.9,503.85,11.428571428571416,-23.167448698819328,-15.536972785728125,32.29877878672036,0.22769659757614136,Positive
2018-08-08,440.0,451.0,423.0,438.0,19500.0,0.0,475.8,492.1,509.1,11.764705882352942,-19.80292661736189,-13.629353807455322,26.74343117689789,0.4553931951522827,Positive
2018-08-07,485.0,489.0,447.0,447.0,36821.0,0.9107863903045654,489.2,499.6,514.65,11.764705882352942,-16.136894046230964,-12.085960604978679,19.39186541946871,0.9107863903045654,Strongly Positive
2018-08-06,497.0,500.0,492.0,494.0,4366.0,0.0,501.6,507.0,518.95,17.14285714285714,-12.139348560224107,-11.073227244665606,7.659416862202207,0.0,Neutral
2018-08-05,501.0,503.0,500.0,500.0,1790.0,0.0,504.4,509.6,521.15,18.75,-11.64590906993567,-10.806696915775978,7.152311203930442,0.0,Neutral
2018-08-02,501.0,506.0,500.0,500.0,11038.0,0.0,506.2,510.6,523.2,18.181818181818187,-11.457614897677672,-10.596893877236054,6.310485102155993,0.0,Neutral
2018-08-01,503.0,508.0,502.0,505.0,3336.0,0.0,508.4,512.2,525.7,28.985507246376812,-11.0506268465748,-10.38171362212565,5.266244709054006,0.0,Neutral
2018-07-31,506.0,509.0,505.0,509.0,1862.0,0.0,510.0,514.2,526.3,25.000000000000014,-10.879516616307797,-10.214485316013361,5.977736472581698,0.0,Neutral
2018-07-30,510.0,515.0,506.0,508.0,1307.0,0.0,512.4,517.3,526.3,36.8421052631579,-10.910142953438935,-10.048227490939752,9.798525966358529,0.0,Neutral
2018-07-29,508.0,513.0,508.0,509.0,4984.0,0.0,514.8,520.5,526.4,35.35353535353535,-10.688722126236257,-9.832748625314956,11.50120766615663,0.0,Neutral
2018-07-26,511.0,515.0,509.0,511.0,6772.0,0.0,515.0,523.8,526.95,35.0,-10.352454494043172,-9.61875525008463,12.5237552054772,0.0,Neutral
2018-07-25,520.0,520.0,513.0,513.0,2104.0,0.0,516.0,526.1,528.6,32.71028037383178,-9.97630992358529,-9.435330439094994,12.013418423766336,0.0,Neutral
2018-07-24,523.0,538.0,521.0,521.0,4132.0,0.0,518.4,529.7,530.0,51.515151515151516,-9.554739072948792,-9.30008556797242,13.004700005170362,0.0,Neutral
2018-07-23,515.0,525.0,510.0,520.0,1903.0,0.0,522.2,530.9,530.8,53.9568345323741,-9.692228800711746,-9.236422191728328,12.661841186196996,0.0,Neutral
2018-07-22,520.0,520.0,510.0,510.0,4408.0,0.0,526.2,532.7,531.85,50.0,-9.624919634318644,-9.122470539482473,12.21156100686842,0.05256203562021255,Slightly Positive
2018-07-19,520.0,523.0,515.0,516.0,4506.0,0.0,532.6,535.8,533.9,48.507462686567166,-8.380828012714119,-8.99685826577343,9.425733098633899,0.1051240712404251,Slightly Positive
2018-07-18,538.0,540.0,525.0,525.0,5773.0,0.2102481424808502,536.2,539.2,535.6,43.6241610738255,-7.281920844590331,-9.150865829038258,7.405703507883138,0.2102481424808502,Positive
2018-07-17,535.0,540.0,533.0,540.0,1215.0,0.0,541.0,538.4,536.85,49.63503649635037,-6.689760483172904,-9.618102075150238,9.299940262771539,0.0,Neutral
2018-07-16,542.0,542.0,527.0,540.0,4629.0,0.0,539.6,535.3,537.6,51.06382978723405,-7.363915651208458,-10.350187473144572,13.098345951642337,0.0,Neutral
2018-07-15,527.0,542.0,527.0,542.0,2533.0,0.0,539.2,532.3,538.85,50.34965034965036,-8.1172712925744,-11.096755428628601,15.173441710290378,0.0,Neutral
2018-07-12,541.0,541.0,529.0,534.0,5718.0,0.0,539.0,530.1,539.4,44.137931034482754,-9.164394001480446,-11.84162646264215,15.205627613267508,0.0,Neutral
2018-07-11,543.0,558.0,536.0,549.0,14443.0,0.0,542.2,531.1,541.05,49.61832061068702,-9.553057619008086,-12.510934577932574,15.807522822378825,0.0,Neutral
2018-07-10,540.0,550.0,530.0,533.0,7757.0,0.0,535.8,530.3,541.55,42.608695652173914,-11.437452889103383,-13.250403817663695,14.981840860114863,0.0,Neutral
2018-07-09,540.0,565.0,530.0,538.0,5507.0,0.0,531.0,530.7,542.6,42.608695652173914,-12.047172628183262,-13.703641549803773,15.114746294854115,0.0,Neutral
2018-07-08,561.0,570.0,540.0,541.0,18146.0,0.0,525.4,531.0,543.7,40.16393442622951,-13.159256038744388,-14.117758780208902,15.304320377738835,0.0,Neutral
2018-07-05,527.0,555.0,522.0,550.0,13864.0,0.0,521.2,532.0,544.15,48.8,-14.692726049479006,-14.35738446557503,16.323126062329234,0.0,Neutral
2018-07-04,503.0,518.0,503.0,517.0,3581.0,0.0,520.0,532.0,544.95,26.41509433962264,-17.352642666096926,-14.273549069599035,16.323126062329234,0.0,Neutral
2018-07-03,505.0,520.0,502.0,509.0,8036.0,0.0,524.8,535.3,548.2,26.41509433962264,-17.135261436164228,-13.503775670474562,16.289396687621156,0.0,Neutral
2018-07-02,510.0,530.0,500.0,510.0,3371.0,0.0,530.4,539.9,551.15,30.0,-15.794018318160397,-12.595904229052145,14.425671561567817,0.0,Neutral
2018-07-01,534.0,534.0,520.0,520.0,8542.0,0.0,536.6,545.4,554.65,31.132075471698116,-13.954191381098553,-11.79637570677508,12.048051940366431,0.0,Neutral
2018-06-28,549.0,549.0,540.0,544.0,519.0,0.0,542.8,548.7,558.4,46.73913043478261,-12.421114943160092,-11.25692178819421,8.233400809573855,0.18930448591709137,Slightly Positive
2018-06-27,536.0,552.0,536.0,541.0,1680.0,0.0,544.0,551.0,561.45,38.095238095238095,-12.727317526836373,-10.96587349945274,9.831920802613428,0.37860897183418274,Positive
2018-06-26,541.0,542.0,537.0,537.0,1412.0,0.7572179436683655,545.8,552.8,564.7,30.769230769230774,-12.627564205974636,-10.52551249260683,9.437513797015495,0.7572179436683655,Strongly Positive
2018-06-25,550.0,550.0,540.0,541.0,920.0,0.0,549.4,554.5,568.4,39.37007874015748,-11.909296306169495,-9.99999956426488,7.633988327209071,0.23176173865795135,Positive
2018-06-24,552.0,558.0,551.0,551.0,1150.0,0.0,554.2,556.4,570.5,38.759689922480625,-11.226571876874232,-9.522675378788726,6.113736809837264,0.4635234773159027,Positive
2018-06-21,546.0,558.0,540.0,550.0,3014.0,0.9270469546318054,554.6,556.3,572.9,34.26573426573427,-11.210053468910019,-9.096701254267348,6.219146065173207,0.9270469546318054,Strongly Positive
2018-06-20,550.0,550.0,547.0,550.0,910.0,0.0,558.0,557.9,575.3,32.02614379084967,-10.924096468651328,-8.56836320060668,6.47130417921728,0.16493944823741913,Slightly Positive
2018-06-19,561.0,561.0,553.0,555.0,1749.0,0.0,559.8,561.1,578.05,32.88590604026845,-10.400215403322704,-7.979429883595516,9.386160024321354,0.32987889647483826,Positive
2018-06-18,550.0,565.0,543.0,565.0,6579.0,0.6597577929496765,559.6,562.4,580.85,34.027777777777786,-10.089367710436818,-7.374233503663719,9.347608131492375,0.6597577929496765,Strongly Positive
2018-06-17,556.0,556.0,550.0,553.0,2384.0,0.0,558.6,563.9,582.65,40.625,-10.564040397547046,-6.695449951970444,10.887811738205478,0.2304738909006119,Positive
2018-06-14,560.0,570.0,556.0,567.0,3958.0,0.0,558.0,568.1,585.0,40.123456790123456,-9.79441840331242,-5.728302340576294,13.900039968045435,0.4609477818012238,Positive
2018-06-13,560.0,564.0,551.0,559.0,2265.0,0.9218955636024476,557.8,571.9,586.85,37.41935483870968,-10.095091153895623,-4.7117733248922615,18.119663965547524,0.9218955636024476,Strongly Positive
2018-06-12,555.0,561.0,549.0,554.0,1809.0,0.0,562.4,576.6,589.1,33.757961783439484,-9.5174757751289,-3.3659438676414215,20.359000193796724,0.0,Neutral
2018-06-11,551.0,575.0,539.0,560.0,7116.0,0.0,565.2,582.3,591.4,33.757961783439484,-8.132701589501153,-1.8280608907695515,21.2866677106665,0.0,Neutral
2018-06-10,560.0,566.0,549.0,550.0,5440.0,0.0,569.2,584.6,593.95,33.757961783439484,-6.857841423998025,-0.2519007160866509,19.800112233180577,0.2299218028783798,Positive
2018-06-07,585.0,585.0,560.0,566.0,6672.0,0.0,578.2,589.5,597.5,38.02816901408451,-4.112724028406774,1.3995844608911927,15.980891367222817,0.4598436057567596,Positive
2018-06-06,579.0,612.0,579.0,582.0,2978.0,0.9196872115135192,586.0,592.7,600.25,41.53846153846154,-2.1782254758026056,2.7776615832156843,13.808612449477167,0.9196872115135192,Strongly Positive
2018-06-04,569.0,590.0,552.0,568.0,9566.0,0.0,590.8,595.0,601.65,34.48275862068965,-1.3065094981035372,4.016633347970257,13.743685418800878,0.0,Neutral
2018-06-03,584.0,612.0,575.0,580.0,9593.0,0.0,599.4,599.3,604.35,40.74074074074074,1.2505753970411888,5.347419059488705,10.760524563930286,0.23000407218933105,Positive
2018-05-31,600.0,601.0,595.0,595.0,1356.0,0.0,600.0,601.4,606.6,42.30769230769231,3.2743372028871818,6.371629975100584,8.355969257020647,0.4600081443786621,Positive
2018-05-30,600.0,624.0,594.0,605.0,12327.0,0.9200162887573242,600.8,601.9,608.05,42.30769230769231,4.282493730306783,7.145953168153934,8.07533969026453,0.9200162887573242,Strongly Positive
2018-05-29,611.0,612.0,597.0,606.0,9413.0,0.0,599.4,601.8,608.45,42.71844660194175,4.488795425590638,7.861818027615721,8.038794824118416,0.0,Neutral
2018-05-28,594.0,612.0,583.0,611.0,7990.0,0.0,599.2,601.6,609.05,50.458715596330265,4.5850016559262485,8.705073678121991,7.947046970894721,0.0,Neutral
2018-05-27,590.0,590.0,581.0,583.0,5690.0,0.0,599.2,600.5,610.5,29.032258064516128,4.132013947650194,9.735091683670925,7.230337321303367,0.0,Neutral
2018-05-24,595.0,606.0,586.0,599.0,6392.0,0.0,602.8,603.3,613.35,33.75,6.3446439789393025,11.135861117676106,4.667856991268592,0.0,Neutral
2018-05-23,595.0,600.0,595.0,598.0,6719.0,0.0,603.0,605.5,615.9,33.75,7.447387851909184,12.333665402360305,7.011894656132976,0.0,Neutral
2018-05-22,608.0,610.0,599.0,605.0,1880.0,0.0,604.2,607.8,619.25,45.23809523809524,8.848382571926663,13.555234789973085,7.98331593608608,0.0,Neutral
2018-05-21,600.0,614.0,590.0,611.0,4061.0,0.0,604.0,608.3,621.25,45.78313253012048,9.79513026806626,14.731947844484688,7.944949479024607,0.0,Neutral
2018-05-20,612.0,616.0,600.0,601.0,4620.0,0.0,601.8,609.4,621.6,29.473684210526315,10.250140887239922,15.966152238589295,9.045563676424488,0.20541426539421082,Positive
2018-05-17,601.0,613.0,600.0,600.0,6795.0,0.0,603.8,611.8,621.65,28.723404255319153,11.699988755534491,17.395155076426636,9.727395449155079,0.41082853078842163,Positive
2018-05-16,604.0,605.0,597.0,604.0,1888.0,0.8216570615768433,608.0,614.2,619.05,27.0,13.482158380077294,18.818946656649672,9.449279808054296,0.8216570615768433,Strongly Positive
2018-05-15,602.0,604.0,591.0,604.0,3073.0,0.0,611.4,615.1,615.1,23.47826086956522,15.153478033510737,20.153143725792766,8.774331250351793,0.0,Neutral
2018-05-14,615.0,615.0,595.0,600.0,15476.0,0.0,612.6,616.5,610.9,32.82442748091604,17.06627543795105,21.40306014886327,7.877534865525051,0.0,Neutral
2018-05-10,623.0,623.0,608.0,611.0,1501.0,0.0,617.0,620.5,606.85,47.61904761904762,19.666736482339388,22.487256326591325,8.682677518535682,0.0,Neutral
2018-05-09,625.0,626.0,615.0,621.0,4083.0,0.0,619.8,623.4,602.3,56.20915032679739,21.579808775615334,23.19238628765431,9.912954487369284,0.0,Neutral
2018-05-08,622.0,622.0,600.0,621.0,9484.0,0.0,620.4,626.3,597.1,67.6328502415459,22.689514738660364,23.59553066566405,12.918978287851575,0.2242903858423233,Positive
2018-05-07,624.0,624.0,600.0,610.0,6202.0,0.0,618.8,630.7,592.7,69.40639269406392,23.775873771657416,23.82203464741497,17.5692281498006,0.4485807716846466,Positive
2018-05-06,630.0,630.0,615.0,622.0,1743.0,0.8971615433692932,620.4,634.2,587.65,74.0566037735849,25.936632046185878,23.833574866354354,16.437085440543758,0.8971615433692932,Strongly Positive
2018-05-03,635.0,635.0,620.0,625.0,8145.0,0.0,624.0,633.8,581.5,75.23809523809524,27.0954670504575,23.307810571396473,16.811371812680285,0.0,Neutral
2018-05-02,606.0,624.0,604.0,624.0,4722.0,0.0,627.0,631.5,574.0,74.76190476190476,27.874991480630456,22.360896451631213,19.506409203181555,0.0,Neutral
2018-04-29,619.0,623.0,606.0,613.0,7503.0,0.0,632.2,623.9,566.55,73.76237623762376,28.566311877242015,20.982372694381397,32.935796129267246,0.0,Neutral
2018-04-26,640.0,640.0,612.0,618.0,11241.0,0.0,642.6,615.1,560.0,69.95305164319248,30.153178101611843,19.08638789866624,45.52276597730235,0.0,Neutral
2018-04-25,640.0,645.0,623.0,640.0,5215.0,0.0,648.0,605.3,554.1,80.46511627906978,31.230913855602353,16.319690347929836,54.49373052626062,0.0,Neutral
2018-04-24,645.0,660.0,631.0,640.0,15228.0,0.0,643.6,593.2,546.7,81.33333333333333,29.912228743704986,12.591884471011705,59.166056334897796,0.0,Neutral
2018-04-23,678.0,691.0,630.0,650.0,32583.0,0.0,636.0,581.2,539.7,86.61087866108787,27.79402005552015,8.261798402838384,60.76695008163842,0.0,Neutral
2018-04-22,657.0,670.0,645.0,665.0,29285.0,0.0,615.6,567.9,531.2,92.41071428571429,23.667957038156942,3.378742989667943,58.549978650740364,0.0,Neutral
2018-04-19,629.0,647.0,601.0,645.0,43463.0,0.0,587.6,554.7,522.95,88.62559241706161,16.530066320894548,-1.693560522454307,48.189556268298674,0.0,Neutral
2018-04-18,611.0,630.0,590.0,618.0,35201.0,0.0,562.6,541.1,515.8,79.20792079207921,9.21544847710311,-6.24946723329152,37.9837684632383,0.0,Neutral
2018-04-17,558.0,602.0,543.0,602.0,38632.0,0.0,542.8,529.2,510.45,78.35051546391753,2.4943842695423655,-10.115696160890177,28.727841702626243,-0.01917966455221175,Neutral
2018-04-16,535.0,553.0,525.0,548.0,12098.0,0.0,526.4,516.5,506.15,66.21621621621622,-4.491328726574125,-13.268216268498312,19.585992727288748,-0.0383593291044235,Neutral
2018-04-15,530.0,540.0,515.0,525.0,7637.0,-0.076718658208847,520.2,509.2,505.0,65.51724137931035,-7.844128532867217,-15.462438153979358,20.137306451296503,-0.076718658208847,Slightly Negative
2018-04-12,514.0,530.0,514.0,520.0,6146.0,0.0,521.8,504.9,505.3,56.25,-9.667605688784931,-17.367015559257393,20.962665225005665,0.0,Neutral
2018-04-11,510.0,519.0,501.0,519.0,2219.0,0.0,519.6,502.9,506.3,55.27950310559005,-11.34531499413771,-19.29186802687551,20.305718953648405,0.0,Neutral
2018-04-10,510.0,536.0,508.0,520.0,5828.0,0.0,515.6,500.2,505.95,52.66272189349112,-13.219841198509528,-21.278506285059958,19.713503550220683,0.0,Neutral
2018-04-09,543.0,550.0,517.0,517.0,16548.0,0.0,506.6,498.2,505.5,50.292397660818715,-15.521947863747585,-23.293172556697563,18.45595357126173,0.0,Neutral
2018-04-08,519.0,540.0,500.0,533.0,18545.0,0.0,498.2,494.5,505.55,52.4390243902439,-17.9290447657242,-25.235978729935056,17.97065509231092,0.0,Neutral
2018-04-05,499.0,513.0,492.0,509.0,10912.0,0.0,488.0,491.2,505.9,42.465753424657535,-22.36968052401835,-27.062712220987766,12.227473619414411,0.20088157057762146,Positive
2018-04-04,478.0,499.0,478.0,499.0,3234.0,0.0,486.2,490.5,507.2,35.86206896551724,-25.268532993346184,-28.23597014523012,11.257096527283945,0.4017631411552429,Positive
2018-04-03,467.0,484.0,467.0,475.0,3814.0,0.8035262823104858,484.8,491.7,508.25,37.58389261744966,-27.582798756112425,-28.9778294332011,12.798003316582308,0.8035262823104858,Strongly Positive
2018-04-02,485.0,485.0,475.0,475.0,2713.0,0.0,489.8,495.8,511.25,37.99999999999999,-27.691802711408798,-29.32658710247327,13.40646610168711,0.0,Neutral
2018-04-01,505.0,505.0,481.0,482.0,7391.0,0.0,490.8,500.8,515.3,37.99999999999999,-27.428141538548402,-29.735283200239383,14.093339640573546,0.0,Neutral
2018-03-29,495.0,501.0,491.0,500.0,6645.0,0.0,494.4,505.7,519.0,37.01298701298701,-27.405386491900344,-30.312068615662124,15.29742171457132,0.0,Neutral
2018-03-28,510.0,515.0,486.0,492.0,9077.0,0.0,494.8,509.7,521.9,35.76158940397352,-28.810446247023833,-31.038739146602566,18.529555970037748,0.0,Neutral
2018-03-27,472.0,517.0,450.0,500.0,6778.0,0.0,498.6,511.7,525.55,43.67088607594937,-29.370206934515522,-31.59581237149725,17.455021563438123,0.0,Neutral
2018-03-26,490.0,490.0,472.0,480.0,5527.0,0.0,501.8,512.8,529.05,32.02614379084967,-30.47200756568475,-32.15221373074268,16.97579976849654,0.0,Neutral
2018-03-22,496.0,522.0,492.0,500.0,4944.0,0.0,510.8,516.6,533.6,31.818181818181827,-29.398712988512557,-32.57226527200716,12.473972903702347,0.0,Neutral
2018-03-21,503.0,510.0,501.0,502.0,2754.0,0.0,517.0,520.6,537.1,32.236842105263165,-29.637544811998055,-33.365653342880805,12.963195765193689,0.0,Neutral
2018-03-20,507.0,515.0,505.0,511.0,2885.0,0.0,524.6,523.9,541.0,33.79310344827587,-29.714925869435888,-34.29768047560149,11.855144218723286,0.0,Neutral
2018-03-19,530.0,530.0,516.0,516.0,565.0,0.0,524.8,524.8,545.05,33.33333333333333,-30.29783877010118,-35.44336912714289,11.083521301767151,0.0,Neutral
2018-03-18,538.0,538.0,525.0,525.0,5371.0,0.0,523.8,526.7,548.0,34.26573426573427,-31.110242672112577,-36.729751716403314,11.035800328529263,0.0,Neutral
2018-03-15,530.0,534.0,526.0,531.0,2456.0,0.0,522.4,529.8,550.25,35.507246376811594,-32.61101648635815,-38.134628977476,14.358891941234493,0.0,Neutral
2018-03-14,522.0,540.0,515.0,540.0,1802.0,0.0,524.2,532.3,552.25,38.46153846153846,-34.663116642193586,-39.51553210025546,16.59350609264691,0.0,Neutral
2018-03-13,521.0,521.0,512.0,512.0,1764.0,0.0,523.2,534.1,553.55,19.64285714285714,-37.694515508119025,-40.72863596477093,18.399577289891916,0.0,Neutral
2018-03-12,518.0,538.0,511.0,511.0,2024.0,0.0,524.8,539.4,555.7,17.073170731707307,-38.16448983505495,-41.48716607893391,18.951399831089173,0.0,Neutral
2018-03-11,540.0,540.0,518.0,518.0,3525.0,0.0,529.6,545.3,558.55,28.57142857142857,-38.107409942016034,-42.31783513990365,18.30027322206528,0.0,Neutral
2018-03-07,535.0,545.0,526.0,540.0,9410.0,0.0,537.2,550.6,561.25,37.06896551724139,-38.1929929157443,-43.37044143937555,17.154202594958946,0.0,Neutral
2018-03-06,511.0,549.0,508.0,535.0,4125.0,0.0,540.4,553.6,563.25,33.92857142857143,-39.986693468891986,-44.664803570283354,17.708754897005715,0.0,Neutral
2018-03-05,544.0,553.0,518.0,520.0,4560.0,0.0,545.0,558.1,566.0,27.450980392156865,-41.1853920880892,-45.8343310956312,18.16865432557447,0.0,Neutral
2018-03-04,545.0,545.0,515.0,535.0,9568.0,0.0,554.0,565.3,568.75,39.79591836734694,-40.58903444076532,-46.9965658475167,15.456390264295292,0.0,Neutral
2018-02-28,560.0,560.0,550.0,556.0,4360.0,0.0,561.0,569.3,570.9,43.33333333333333,-40.76475199722415,-48.598448699204546,11.38273546511827,0.0,Neutral
2018-02-27,558.0,575.0,555.0,556.0,3251.0,0.0,564.0,570.7,572.1,41.48936170212766,-42.534271467508574,-50.556872874699636,10.382142788994994,0.0,Neutral
2018-02-26,568.0,568.0,557.0,558.0,3592.0,0.0,566.8,572.2,573.3,39.0,-44.174141460962346,-52.56252322649739,9.016035098150292,0.0,Neutral
2018-02-25,570.0,570.0,560.0,565.0,1937.0,0.0,571.2,573.0,573.8,37.86407766990291,-45.82831528590202,-54.65961866788115,7.902179727558216,0.0,Neutral
2018-02-22,570.0,580.0,566.0,570.0,5068.0,0.0,576.6,572.0,574.8,47.78761061946903,-47.985776200120995,-56.86744451337593,9.4985378992986,0.0,Neutral
2018-02-21,570.0,572.0,565.0,571.0,1270.0,0.0,577.6,571.8,585.45,46.95652173913044,-50.55059684044977,-59.08786159168966,9.566144004420021,0.0,Neutral
2018-02-20,580.0,586.0,569.0,570.0,8027.0,0.0,577.4,571.9,596.2,45.689655172413794,-53.190777412789885,-61.22217777949963,9.562077877507752,0.0,Neutral
2018-02-18,603.0,607.0,580.0,580.0,11454.0,0.0,577.6,572.9,608.55,50.0,-55.68510567184535,-63.230027871177064,9.859569519674729,0.0,Neutral
2018-02-15,575.0,599.0,571.0,592.0,14621.0,0.0,574.8,573.9,621.0,61.32075471698114,-59.07699220363122,-65.11625842100999,11.090035567619914,0.2277467101812363,Positive
2018-02-14,570.0,575.0,559.0,575.0,3210.0,0.0,567.4,572.2,633.4,45.283018867924525,-63.76878930851228,-66.62607497535468,9.138441394094524,0.4554934203624726,Positive
2018-02-12,571.0,571.0,568.0,570.0,812.0,0.9109868407249452,566.0,572.5,647.15,14.381270903010034,-67.09877340516402,-67.34039639206529,9.288583195512993,0.9109868407249452,Strongly Positive
2018-02-11,566.0,578.0,566.0,571.0,1810.0,0.0,566.4,573.5,661.85,14.285714285714292,-69.86397094808797,-67.4008021387906,9.524821374934499,0.0,Neutral
2018-02-08,555.0,570.0,550.0,566.0,3210.0,0.0,568.2,574.4,676.7,11.620795107033643,-72.47898350726587,-66.78500993646624,9.686187187144773,0.0,Neutral
2018-02-07,568.0,575.0,555.0,555.0,4082.0,0.0,573.0,574.6,690.25,8.231707317073173,-74.2533597772383,-65.36151654376633,9.512564790374562,0.0,Neutral
2018-02-06,572.0,573.0,568.0,568.0,2896.0,0.0,577.0,577.6,704.1,8.282208588957047,-74.31806025597041,-63.138555735398334,7.0584858308565455,0.0,Neutral
2018-02-05,580.0,590.0,570.0,572.0,5348.0,0.0,579.0,599.1,717.7,8.132530120481931,-74.64328799055636,-60.34367960525531,64.9126763857238,0.0,Neutral
2018-02-04,590.0,595.0,578.0,580.0,5635.0,0.0,580.6,620.5,730.9,7.988165680473372,-74.37994901920149,-56.76877750893004,86.62851724462398,0.0,Neutral
2018-02-01,575.0,590.0,574.0,590.0,4655.0,0.0,580.6,644.2,744.9,8.132530120481931,-73.77648801912039,-52.36598463136218,104.8255693998467,0.0,Neutral
2018-01-31,578.0,576.0,570.0,575.0,2957.0,0.0,576.2,668.1,756.65,12.356321839080465,-72.95132160782953,-47.01335878442262,117.56648237393095,0.0,Neutral
2018-01-29,580.0,581.0,569.0,578.0,2347.0,0.0,578.2,694.6,768.95,13.714285714285708,-69.3097263467588,-40.528868078570895,123.94281835678991,0.0,Neutral
2018-01-28,580.0,590.0,574.0,580.0,5199.0,0.0,619.2,721.8,781.55,13.483146067415731,-63.95903964849401,-33.33365351152392,125.34911248190772,0.0,Neutral
2018-01-25,568.0,580.0,571.0,580.0,3132.0,0.0,660.4,750.2,793.75,14.444444444444443,-56.40294077691249,-25.677306977281397,121.77374283664912,0.0,Neutral
2018-01-24,585.0,595.0,567.0,568.0,6643.0,0.0,707.8,779.0,806.45,10.752688172043008,-45.93820453315698,-17.995898527373626,110.59133982571288,0.2274872362613678,Positive
2018-01-23,555.0,585.0,555.0,585.0,21001.0,0.0,760.0,805.9,820.3,19.23076923076924,-30.691385479735686,-11.010322025927785,82.78546571310181,0.4549744725227356,Positive
2018-01-22,786.0,790.0,773.0,783.0,26192.0,0.9099489450454712,811.0,830.6,833.85,40.30612244897959,-12.515389008209127,-6.090056162475809,28.798919732857456,0.9099489450454712,Strongly Positive
2018-01-21,817.0,820.0,785.0,786.0,21244.0,0.0,824.4,836.3,837.6,39.1089108910891,-9.294166035341277,-4.483722951042479,23.480724955721154,-0.020484700798988325,Neutral
2018-01-17,829.0,824.0,816.0,817.0,12241.0,0.0,840.0,841.3,842.05,48.02259887005649,-5.352980844003241,-3.281112179967779,15.570984411954544,-0.04096940159797665,Neutral
2018-01-16,840.0,855.0,823.0,829.0,10334.0,-0.0819388031959533,850.2,845.6,845.45,48.57142857142857,-3.4010974784190466,-2.7631450139589133,13.969808715845987,0.14429454505443579,Slightly Positive
2018-01-14,850.0,867.0,838.0,840.0,6642.0,0.0,851.8,845.2,848.75,48.57142857142857,-2.082132201205468,-2.60365689784388,14.543421575161828,0.4524666965007782,Positive
2018-01-10,864.0,866.0,850.0,850.0,6400.0,0.9049333930015564,850.2,843.3,851.25,48.29545454545455,-1.488367324453293,-2.7340380720034827,16.418485516893448,1.0900368839502335,Strongly Positive
2018-01-09,868.0,880.0,860.0,864.0,9500.0,0.0,848.2,841.3,853.25,51.829268292682926,-1.727040266134054,-3.04545575889103,16.726891190256,0.3702069818973541,Positive
2018-01-08,837.0,868.0,840.0,868.0,14909.0,0.7404139637947083,842.6,837.3,855.55,48.02259887005649,-3.4320076896445926,-3.3750596320802737,15.42760872957601,0.6705601811408997,Strongly Positive
2018-01-07,832.0,848.0,831.0,837.0,2729.0,0.0,841.0,833.9,858.1,34.61538461538461,-5.96551872562145,-3.360822617689194,11.029757728859575,-0.1397075653076172,Slightly Negative
2018-01-04,840.0,840.0,827.0,832.0,1458.0,-0.2794151306152344,838.6,834.7,861.7,30.434782608695656,-5.956065266441101,-2.70964859070613,11.55710459710597,-0.2794151306152344,Negative
2018-01-03,836.0,842.0,827.0,840.0,3443.0,0.0,836.4,837.1,864.3,34.17721518987341,-5.348274629211687,-1.8980444217723869,13.295362600111586,0.0,Neutral
2018-01-02,860.0,863.0,835.0,836.0,7945.0,0.0,834.4,838.9,866.3,32.467532467532465,-5.309265130359563,-1.0354868699125614,14.85821882556737,0.0,Neutral
2018-01-01,825.0,860.0,830.0,860.0,7353.0,0.0,832.0,842.8,868.1,33.33333333333333,-4.774976422655641,0.0329576951991889,18.647609319564477,0.0,Neutral
2017-12-31,821.0,839.0,815.0,825.0,8065.0,0.0,826.8,845.3,868.35,12.096774193548399,-6.46721190594792,1.2349412246628964,22.489750752079516,0.0,Neutral
2017-12-28,830.0,833.0,814.0,821.0,11034.0,0.0,830.8,852.3,868.55,16.153846153846146,-4.9694148405360465,3.1604795073156002,26.077022665804414,0.0,Neutral
2017-12-27,824.0,835.0,804.0,830.0,8525.0,0.0,837.8,859.2,868.65,31.506849315068493,-2.5781260066389677,5.192953094278511,26.003418578708775,0.0,Neutral
2017-12-26,834.0,840.0,820.0,824.0,4743.0,0.0,843.4,865.2,867.75,30.555555555555557,-0.4048355167318505,7.135722869507881,25.433136740209545,0.0,Neutral
2017-12-24,845.0,865.0,834.0,834.0,4757.0,0.0,853.6,873.8,867.35,36.61971830985915,2.9858710433566102,9.020862466067813,24.475838426260502,0.0,Neutral
2017-12-21,856.0,859.0,845.0,845.0,3277.0,0.0,863.8,882.3,866.6,42.7536231884058,6.252032928511426,10.529610321745613,23.870251127514873,0.0,Neutral
2017-12-20,858.0,870.0,850.0,856.0,1656.0,0.0,873.8,888.7,864.85,58.28220858895706,9.209904528421816,11.59900467005416,21.187260323168974,0.0,Neutral
2017-12-19,875.0,878.0,858.0,858.0,5980.0,0.0,880.6,891.5,861.95,60.47904191616767,11.731262031893834,12.196279705462246,17.99536977489102,0.0,Neutral
2017-12-18,885.0,886.0,875.0,875.0,3871.0,0.0,887.0,893.7,859.55,69.56521739130434,14.57515816131604,12.312534123854347,14.43799001098428,0.0,Neutral
2017-12-17,895.0,905.0,880.0,885.0,4396.0,0.0,894.0,893.4,856.3,72.25806451612902,16.262092375068505,11.746878114488924,14.89369739936825,0.0,Neutral
2017-12-14,890.0,895.0,880.0,895.0,4444.0,0.0,900.8,891.4,853.05,75.67567567567568,17.16051251880242,10.618074549344028,17.29611388599426,0.0,Neutral
2017-12-13,890.0,899.0,872.0,890.0,4469.0,0.0,903.6,884.8,850.15,76.31578947368422,17.039434047440295,8.982465056979429,26.114278767702693,0.0,Neutral
2017-12-12,910.0,909.0,890.0,890.0,4192.0,0.0,902.4,878.1,846.9,78.04878048780488,17.1461384851209,6.968222809364211,32.456637739221684,0.0,Neutral
2017-12-11,919.0,914.0,895.0,910.0,2453.0,0.0,900.4,870.3,843.2,82.05128205128204,17.032933771249645,4.423743890425039,38.15188942461968,0.0,Neutral
2017-12-10,909.0,945.0,895.0,919.0,12014.0,0.0,892.8,860.9,838.4,87.07482993197279,14.604327990690194,1.2714464202188869,38.85714577499903,0.0,Neutral
2017-12-06,884.0,909.0,890.0,909.0,12592.0,0.0,882.0,850.9,832.25,80.27210884353741,10.375753660002488,-2.06177397239894,34.910838813589415,0.229098305106163,Positive
2017-12-05,880.0,892.0,872.0,884.0,6985.0,0.0,866.0,841.0,827.45,66.90647482014388,5.845816915597425,-5.171155880499297,30.34248946062976,0.458196610212326,Positive
2017-12-04,872.0,902.0,872.0,880.0,13476.0,0.916393220424652,853.8,832.4,824.1,68.70748299319727,2.5243948612391023,-7.925399079523477,28.956672614281104,0.916393220424652,Strongly Positive
2017-11-30,865.0,897.0,860.0,872.0,10533.0,0.0,840.2,825.4,821.15,68.91891891891892,-1.344393213396188,-10.537847564714122,24.24962771768296,0.18842941522598267,Slightly Positive
2017-11-29,829.0,870.0,835.0,865.0,22234.0,0.0,829.0,819.2,819.05,67.83216783216784,-5.448273363736007,-12.836211152543605,18.176908428051725,0.37685883045196533,Positive
2017-11-28,823.0,830.0,815.0,829.0,6257.0,0.7537176609039307,819.8,814.7,817.05,63.2,-9.894341870333506,-14.683195599745504,8.654478609470456,0.977104976773262,Strongly Positive
2017-11-27,812.0,835.0,810.0,823.0,3552.0,0.0,816.0,815.5,816.75,53.676470588235304,-11.759769791549616,-15.880409032098502,10.33064481162736,0.4467746317386627,Positive
2017-11-26,816.0,830.0,805.0,812.0,1127.0,0.8935492634773254,811.0,815.7,817.3,48.06201550387597,-13.35877386857021,-16.910568842235723,10.5097838016458,0.8935492634773254,Strongly Positive
2017-11-23,819.0,825.0,816.0,816.0,162.0,0.0,810.6,816.1,818.55,48.06201550387597,-14.085375088788055,-17.7985175856521,10.429125882280221,0.0,Neutral
2017-11-22,810.0,820.0,815.0,819.0,675.0,0.0,809.4,815.9,819.8,45.92592592592593,-15.215177008574642,-18.72680320986811,10.450412006848909,0.21453973650932312,Positive
2017-11-21,798.0,815.0,799.0,810.0,3065.0,0.0,809.6,813.6,821.35,44.274809160305345,-16.741357975159417,-19.604709760191476,12.094075684749512,0.42907947301864624,Positive
2017-11-20,810.0,806.0,795.0,798.0,6010.0,0.8581589460372925,815.0,813.9,823.5,39.6694214876033,-17.529445565598053,-20.32054770644949,12.031902038682377,0.8581589460372925,Strongly Positive
2017-11-19,810.0,810.0,795.0,810.0,1009.0,0.0,820.4,815.8,826.6,39.99999999999999,-17.058539972803715,-21.018323241662344,10.664583129926577,0.0,Neutral
2017-11-16,820.0,820.0,808.0,810.0,4788.0,0.0,821.6,816.9,828.1,39.024390243902445,-17.431187162032757,-22.008269058877,10.566719242855656,0.0,Neutral
2017-11-15,837.0,840.0,820.0,820.0,3514.0,0.0,822.4,818.9,829.65,41.02564102564102,-17.653275943019253,-23.152539533088063,10.999494937980927,0.0,Neutral
2017-11-14,825.0,850.0,814.0,837.0,7031.0,0.0,817.6,819.4,830.9,44.03669724770642,-18.69814888248891,-24.52735543060526,11.167412910468114,0.0,Neutral
2017-11-13,816.0,830.0,815.0,825.0,3249.0,0.0,812.8,818.0,830.05,36.0,-21.49072272330318,-25.98465706763435,9.463379711146294,0.0,Neutral
2017-11-12,814.0,816.0,800.0,816.0,1624.0,0.0,811.2,818.9,829.7,27.551020408163268,-23.520651913239703,-27.108140653717136,10.56671924285559,0.0,Neutral
2017-11-09,796.0,820.0,792.0,814.0,3797.0,0.0,812.2,821.0,829.9,38.793103448275865,-24.85309750602073,-28.005012838836493,11.9256958800734,0.0,Neutral
2017-11-08,813.0,815.0,792.0,796.0,5537.0,0.0,815.4,823.7,830.6,27.272727272727266,-25.988646644355526,-28.79299167204043,13.157591809445886,0.0,Neutral
2017-11-07,817.0,820.0,808.0,813.0,6352.0,0.0,821.2,829.1,832.0,31.395348837209312,-25.227276320639362,-29.49407792896165,11.503139668107707,0.0,Neutral
2017-11-06,821.0,829.0,805.0,817.0,3657.0,0.0,823.2,833.1,832.25,48.598130841121495,-25.619457815523447,-30.56077833104222,12.215200002983124,0.0,Neutral
2017-11-05,830.0,821.0,814.0,821.0,2215.0,0.0,826.6,837.4,833.9,51.42857142857142,-26.154650082586045,-31.79610845992191,13.426342266918093,0.0,Neutral
2017-11-02,825.0,830.0,812.0,830.0,2984.0,0.0,829.8,839.3,836.1,55.102040816326536,-26.864591484071752,-33.20647305425587,12.129394965289299,0.0,Neutral
2017-11-01,823.0,827.0,820.0,825.0,1158.0,0.0,832.0,840.4,838.1,48.51485148514851,-28.29634081492702,-34.7919434468019,11.682845924287927,0.0,Neutral
2017-10-31,834.0,832.0,823.0,823.0,1877.0,0.0,837.0,842.4,839.35,49.51456310679612,-29.20309954900165,-36.41584410477062,10.394442959880282,0.0,Neutral
2017-10-30,837.0,841.0,830.0,834.0,3213.0,0.0,843.0,842.1,840.35,58.16326530612245,-29.732044703416932,-38.219030243712865,11.039826890832037,0.0,Neutral
2017-10-29,841.0,845.0,824.0,837.0,2978.0,0.0,848.2,840.5,842.0,44.881889763779526,-31.094704959366368,-40.34077662878684,13.276964177835959,0.0,Neutral
2017-10-25,850.0,852.0,835.0,841.0,3359.0,0.0,848.8,838.8,843.8,41.30434782608696,-32.68712288664199,-42.65229454614196,14.778362561588569,0.0,Neutral
2017-10-24,853.0,864.0,841.0,850.0,2047.0,0.0,848.8,837.5,845.7,42.537313432835816,-34.65145089001339,-45.143587461016956,15.13091023191295,-0.23080796003341675,Negative
2017-10-23,860.0,860.0,850.0,853.0,2340.0,0.0,847.8,834.9,846.7,50.9933774834437,-37.570990255916286,-47.766621603767845,14.97739036761705,-0.4616159200668335,Negative
2017-10-22,840.0,877.0,843.0,860.0,3762.0,-0.923231840133667,841.2,831.4,846.55,55.629139072847686,-41.05635155194636,-50.31552944073073,14.354248306554181,-0.923231840133667,Strongly Negative
2017-10-18,841.0,857.0,830.0,840.0,783.0,0.0,832.8,830.4,847.35,41.29032258064516,-45.62048394721478,-52.63032391292681,12.348639151366397,0.0,Neutral
2017-10-17,845.0,855.0,840.0,841.0,2187.0,0.0,828.8,832.9,857.55,39.99999999999999,-48.746042256125065,-54.38278390435482,16.380544014897367,0.0,Neutral
2017-10-16,820.0,845.0,830.0,845.0,3607.0,0.0,826.2,835.8,867.45,39.50617283950616,-52.12817606486317,-55.79196931641225,20.115223643399727,0.0,Neutral
2017-10-15,818.0,831.0,804.0,820.0,1314.0,0.0,822.0,836.3,878.95,32.87671232876713,-56.09405338343629,-56.707917629299516,20.429009874348022,0.0,Neutral
2017-10-12,820.0,835.0,818.0,818.0,1581.0,0.0,821.6,838.6,891.2,40.243902439024396,-57.79458692992887,-56.86138369076532,19.67062107141246,0.0,Neutral
2017-10-11,828.0,830.0,816.0,820.0,2236.0,0.0,828.0,843.5,902.75,35.1063829787234,-58.92080121028948,-56.62808288097443,20.067940158969506,0.0,Neutral
2017-10-10,824.0,828.0,809.0,828.0,516.0,0.0,837.0,848.8,913.5,18.965517241379317,-59.70486669234549,-56.05490329864566,20.17038533211993,0.0,Neutral
2017-10-09,818.0,826.0,815.0,824.0,2304.0,0.0,845.4,853.9,923.65,19.197707736389688,-60.65173039209924,-55.142412450220704,20.76562330181449,0.0,Neutral
2017-10-08,850.0,835.0,792.0,818.0,2355.0,0.0,850.6,858.5,936.1,16.09498680738787,-60.57079307226343,-53.765082964751066,18.362098645536456,0.0,Neutral
2017-10-04,865.0,858.0,848.0,850.0,2474.0,0.0,855.6,861.7,948.95,19.88795518207283,-58.97554881207657,-52.063655437872974,12.311241475513686,0.0,Neutral
2017-10-03,870.0,880.0,865.0,865.0,678.0,0.0,859.0,864.3,960.45,24.30167597765363,-59.33979270089867,-50.33568209432207,12.311241475513565,0.0,Neutral
2017-09-26,850.0,870.0,858.0,870.0,1680.0,0.0,860.6,882.2,971.45,27.520435967302447,-60.46884882516406,-48.08465444267791,58.167956050671286,0.22426451742649078,Positive
2017-09-25,843.0,850.0,843.0,850.0,1286.0,0.0,862.4,899.1,982.8,24.21652421652422,-61.539479022678506,-44.98860584705637,76.03573721175475,0.44852903485298157,Positive
2017-09-24,867.0,875.0,843.0,843.0,2881.0,0.8970580697059631,866.4,921.6,994.15,20.207253886010363,-59.974509143539876,-40.850887553150834,91.59112038475672,0.8970580697059631,Strongly Positive
2017-09-20,873.0,881.0,867.0,867.0,1984.0,0.0,867.8,943.8,1006.05,21.42857142857143,-56.39195472844233,-36.06998215555357,97.15829009062979,0.0,Neutral
2017-09-18,879.0,896.0,860.0,873.0,4612.0,0.0,869.6,962.0,1017.8,21.487603305785115,-53.44270229712242,-30.989489012331376,98.21405194778197,0.0,Neutral
2017-09-17,870.0,905.0,866.0,879.0,6350.0,0.0,903.8,978.2,1030.15,21.546961325966862,-49.511944433188546,-25.376185691133607,95.21764542353269,0.0,Neutral
2017-09-14,850.0,884.0,850.0,870.0,5047.0,0.0,935.8,993.4,1041.2,18.9041095890411,-44.38560338601212,-19.342246005619874,89.58819366661002,0.0,Neutral
2017-09-13,876.0,900.0,830.0,850.0,7747.0,0.0,976.8,1013.7,1053.2,18.9041095890411,-36.280555672910396,-13.08140666052181,81.11863739816451,0.2227606624364853,Positive
2017-09-12,908.0,908.0,876.0,876.0,6806.0,0.0,1019.8,1036.2,1067.2,20.116618075801753,-23.371486691127302,-7.281619407424662,58.80249427817559,0.4455213248729706,Positive
2017-09-11,1039.0,1060.0,1027.0,1044.0,23159.0,0.8910426497459412,1054.4,1056.6,1079.6,35.20408163265306,-9.20214429341695,-3.2591525864990025,18.892679358281924,0.8910426497459412,Strongly Positive
2017-09-10,1075.0,1087.0,1031.0,1039.0,9063.0,0.0,1052.6,1060.7,1083.9,30.622009569377994,-8.088516079707915,-1.7734046597695154,20.254217667805587,0.0,Neutral
2017-09-07,1065.0,1083.0,1067.0,1075.0,13506.0,0.0,1051.0,1066.5,1089.2,43.523316062176164,-6.040379471232427,-0.19462680478491534,21.608897344518795,0.0,Neutral
2017-09-06,1049.0,1080.0,1055.0,1065.0,16983.0,0.0,1050.6,1066.7,1093.45,38.3419689119171,-7.003806862287547,1.2668113618269627,21.705350082957168,0.0,Neutral
2017-09-04,1035.0,1090.0,1030.0,1049.0,31123.0,0.0,1052.6,1068.3,1098.7,29.44162436548224,-7.113435177964675,3.33446591785559,22.15124777025624,0.0,Neutral
2017-08-31,1031.0,1038.0,1022.0,1035.0,10516.0,0.0,1058.8,1073.6,1104.75,26.455026455026456,-5.5208017164768535,5.946441191810656,23.32952349852359,0.0,Neutral
2017-08-30,1073.0,1065.0,1031.0,1031.0,16237.0,0.0,1068.8,1082.1,1112.3,24.083769633507856,-1.9822651643016798,8.813251918882534,23.187400793470616,0.0,Neutral
2017-08-28,1075.0,1085.0,1061.0,1073.0,7408.0,0.0,1082.0,1089.0,1116.65,28.048780487804876,2.970299891955392,11.512131189678586,15.173075569036705,0.0,Neutral
2017-08-27,1080.0,1100.0,1070.0,1075.0,3120.0,0.0,1082.8,1092.7,1117.25,25.98870056497175,4.972005838058749,13.647589014109384,15.348181216943503,0.0,Neutral
2017-08-24,1085.0,1102.0,1080.0,1080.0,1784.0,0.0,1084.0,1098.2,1115.4,25.274725274725284,7.250954069804038,15.816484808122041,17.936926529781946,0.0,Neutral
2017-08-23,1097.0,1090.0,1069.0,1085.0,1269.0,0.0,1088.4,1102.6,1111.95,25.98870056497175,9.545161390034764,17.957867492701542,18.367846302145285,0.0,Neutral
2017-08-22,1077.0,1104.0,1070.0,1097.0,3080.0,0.0,1095.4,1107.1,1108.7,25.414364640883974,11.825474567637912,20.061044018368232,19.07558066689514,0.0,Neutral
2017-08-21,1081.0,1082.0,1060.0,1077.0,1204.0,0.0,1096.0,1111.9,1105.5,41.048034934497814,13.342158302431017,22.119936381050813,22.057752479477188,0.0,Neutral
2017-08-20,1102.0,1095.0,1080.0,1081.0,1447.0,0.0,1102.6,1120.2,1103.2,49.224806201550386,17.120294148622634,24.31438090070576,23.059343731657997,0.0,Neutral
2017-08-17,1120.0,1115.0,1098.0,1102.0,5443.0,0.0,1112.4,1129.1,1101.4,61.26760563380282,21.28627416832728,26.11290258872654,23.421025691584223,0.21130353212356567,Positive
2017-08-16,1100.0,1142.0,1106.0,1120.0,4179.0,0.0,1116.8,1135.9,1098.3,68.60068259385666,24.1557792237561,27.319559693826353,24.52413776944513,0.42260706424713135,Positive
2017-08-15,1110.0,1130.0,1100.0,1100.0,8960.0,0.8452141284942627,1118.8,1142.5,1093.3,64.18439716312056,25.634227069431063,28.110504811343915,28.351954665149893,0.8452141284942627,Strongly Positive
2017-08-13,1130.0,1152.0,1110.0,1110.0,2909.0,0.0,1127.8,1144.3,1089.05,63.50877192982456,29.184766289627987,28.72957424682213,25.811496146769805,0.21482394635677338,Positive
2017-08-10,1124.0,1140.0,1120.0,1130.0,6697.0,0.0,1137.8,1141.8,1084.55,68.53932584269663,32.27385793010308,28.615776236120663,30.31977719064361,0.42964789271354675,Positive
2017-08-09,1130.0,1140.0,1102.0,1124.0,3823.0,0.8592957854270935,1145.8,1132.6,1078.8,64.36363636363636,33.710860599507896,27.701255812625057,44.79880950800739,1.0860306024551392,Strongly Positive
2017-08-07,1145.0,1140.0,1120.0,1130.0,4965.0,0.0,1155.0,1121.3,1074.15,66.42335766423358,35.66556785246439,26.198854615904345,59.159013589564736,0.4534696340560913,Positive
2017-08-06,1160.0,1148.0,1130.0,1145.0,9195.0,0.9069392681121826,1166.2,1110.3,1067.95,72.40143369175627,37.03080412292934,23.83217630676433,67.06058620548774,0.9069392681121826,Strongly Positive
2017-08-03,1170.0,1184.0,1145.0,1160.0,5981.0,0.0,1160.8,1099.1,1061.45,76.95167286245353,36.707439448171044,20.532519352723078,69.91335907950084,0.0,Neutral
2017-08-02,1170.0,1200.0,1170.0,1170.0,11945.0,0.0,1145.8,1086.2,1054.45,78.4090909090909,34.233509416778816,16.48878932886109,69.32660223737521,0.0,Neutral
2017-08-01,1186.0,1200.0,1160.0,1170.0,18397.0,0.0,1119.4,1073.7,1045.85,78.81040892193309,29.559751312467142,12.052609306881656,63.56807374776645,0.2280333638191223,Positive
2017-07-31,1118.0,1190.0,1130.0,1186.0,30441.0,0.0,1087.6,1060.7,1037.25,78.81040892193309,23.16437640387312,7.675823805485283,54.3037751910628,0.4560667276382446,Positive
2017-07-30,1085.0,1128.0,1064.0,1118.0,26162.0,0.9121334552764891,1054.4,1044.1,1027.95,74.77876106194691,13.035525136484011,3.803685655888323,32.898665964195665,0.9121334552764891,Strongly Positive
2017-07-27,1038.0,1122.0,1050.0,1085.0,20259.0,0.0,1037.4,1033.8,1021.8,67.32673267326733,6.841456425940805,1.4957257857394008,21.25401922778011,0.0,Neutral
2017-07-26,1011.0,1060.0,1010.0,1038.0,9670.0,0.0,1026.6,1027.3,1017.9,55.62499999999999,2.196060269197119,0.15929312568904958,11.605075518035063,0.0,Neutral
2017-07-25,1020.0,1012.0,1005.0,1011.0,1024.0,0.0,1028.0,1025.0,1017.0,54.193548387096776,1.0203573888559276,-0.3498986601879678,11.527744310593029,0.0,Neutral
2017-07-24,1033.0,1035.0,1016.0,1020.0,2815.0,0.0,1033.8,1027.0,1017.0,57.53424657534246,2.253982332291571,-0.6924626724489416,10.519822558778529,0.2314902991056442,Positive
2017-07-23,1031.0,1033.0,1020.0,1033.0,1055.0,0.0,1033.8,1025.6,1016.35,62.22222222222222,2.8793875170796355,-1.4290739236340697,12.33063033449485,0.4629805982112884,Positive
2017-07-20,1045.0,1060.0,1031.0,1031.0,2475.0,0.9259611964225768,1030.2,1023.8,1014.7,63.04347826086957,2.3121135890517053,-2.5061892838124957,12.443650768402588,0.9259611964225768,Strongly Positive
2017-07-19,1040.0,1060.0,1035.0,1045.0,6487.0,0.0,1028.0,1022.7,1012.9,63.970588235294116,1.7580713959824834,-3.7107650020285456,12.220656465426368,-0.224725604057312,Negative
2017-07-18,1020.0,1040.0,1030.0,1040.0,5148.0,0.0,1022.0,1018.0,1009.65,56.944444444444436,-0.4001144052945165,-5.077974101531303,11.718930554229765,-0.449451208114624,Negative
2017-07-17,1015.0,1040.0,1020.0,1020.0,3605.0,-0.898902416229248,1020.2,1013.8,1008.1,53.38345864661654,-2.6398335275747513,-6.247439025590499,10.41153206792975,-0.898902416229248,Strongly Negative
2017-07-16,1020.0,1020.0,1015.0,1015.0,1255.0,0.0,1017.4,1011.8,1007.85,53.03030303030303,-3.423768355974971,-7.1493404000944345,10.99292701904162,0.0,Neutral
2017-07-13,1015.0,1025.0,1000.0,1020.0,2327.0,0.0,1017.4,1009.8,1007.35,57.462686567164184,-3.865463088137062,-8.0807334111243,12.108766337813048,0.0,Neutral
2017-07-12,1031.0,1033.0,1000.0,1015.0,12907.0,0.0,1017.4,1008.5,1007.1,57.462686567164184,-4.882092174087461,-9.134550991871109,11.578236288705138,0.0,Neutral
2017-07-11,1006.0,1040.0,990.0,1031.0,5649.0,0.0,1014.0,1009.0,1006.45,69.17293233082707,-5.599577412168401,-10.197665696317019,11.990737165800546,0.0,Neutral
2017-07-10,1015.0,1015.0,1005.0,1006.0,1815.0,0.0,1007.4,1007.0,1005.7,48.90510948905109,-8.06299199005116,-11.347187767354175,9.273618495578393,0.0,Neutral
2017-07-09,1020.0,1049.0,995.0,1015.0,27481.0,0.0,1006.2,1007.1,1007.15,50.0,-8.544470349602534,-12.16823671167993,9.26702637199827,0.0,Neutral
2017-07-06,998.0,1030.0,995.0,1020.0,10875.0,0.0,1002.2,1005.6,1008.05,55.39568345323742,-9.95109225070837,-13.074178302199277,9.05783883970004,0.0,Neutral
2017-07-05,998.0,1020.0,979.0,998.0,7885.0,0.0,999.6,1003.1,1009.65,43.30708661417323,-12.110801044473192,-13.854949815072004,8.033955715958312,0.0,Neutral
2017-07-04,1000.0,1000.0,995.0,998.0,1412.0,0.0,1004.0,1001.3,1010.9,48.57142857142856,-12.451217707867954,-14.290987007721705,10.83256407532307,0.0,Neutral
2017-07-03,995.0,1000.0,993.0,1000.0,1340.0,0.0,1006.6,1002.4,1012.5,44.73684210526315,-12.704604537032083,-14.750929332685143,11.017158335038706,0.0,Neutral
2017-07-02,1007.0,1000.0,971.0,995.0,1023.0,0.0,1008.0,1003.9,1013.75,37.95180722891567,-13.046860387535617,-15.262510531598407,11.656662377340789,0.0,Neutral
2017-06-28,1020.0,1018.0,1007.0,1007.0,468.0,0.0,1009.0,1004.9,1015.75,41.66666666666667,-12.78483988563221,-15.816423067614103,11.229425630972136,0.0,Neutral
2017-06-27,1011.0,1028.0,1010.0,1020.0,4283.0,0.0,1006.6,1005.7,1015.65,40.123456790123456,-13.486263319411705,-16.574318863109575,11.671903586599187,0.0,Neutral
2017-06-25,1007.0,1018.0,1005.0,1011.0,1051.0,0.0,998.6,1003.9,1015.9,46.7032967032967,-15.509007217517023,-17.34633274903404,10.556198810882053,0.0,Neutral
2017-06-22,1000.0,1040.0,1000.0,1007.0,2033.0,0.0,998.2,1004.4,1016.75,43.78378378378378,-16.948814778844053,-17.805664131913293,11.037310461509922,0.0,Neutral
2017-06-21,995.0,1002.0,995.0,1000.0,1925.0,0.0,999.8,1007.2,1017.9,43.169398907103826,-18.132731851245353,-18.019876470180602,14.710540438798741,0.0,Neutral
2017-06-20,980.0,1007.0,961.0,995.0,4525.0,0.0,1000.8,1010.5,1019.4,39.361702127659576,-18.66736445127401,-17.991662624914415,16.507574019265565,0.0,Neutral
2017-06-19,1009.0,1000.0,980.0,980.0,4549.0,0.0,1004.8,1016.2,1021.0,43.8423645320197,-18.569133850564867,-17.822737168324515,20.026648912591313,0.0,Neutral
2017-06-18,1015.0,1015.0,1000.0,1009.0,2017.0,0.0,1009.2,1020.5,1023.5,45.876288659793815,-16.646386664197053,-17.63613799776443,15.493726328972034,0.1247463822364807,Slightly Positive
2017-06-15,1005.0,1045.0,1000.0,1015.0,2393.0,0.0,1010.6,1022.6,1026.05,46.596858638743456,-16.902860085753673,-17.88357583115627,15.18186052137265,0.2494927644729614,Positive
2017-06-14,1015.0,1020.0,1001.0,1005.0,599.0,0.4989855289459228,1014.6,1023.6,1028.05,43.169398907103826,-17.595262742565865,-18.12875476750692,14.953260514065954,0.4989855289459228,Positive
2017-06-13,1002.0,1039.0,985.0,1015.0,1456.0,0.0,1020.2,1026.6,1031.2,45.664739884393065,-17.204907402823437,-18.262127773742183,13.769531582502076,0.0,Neutral
2017-06-12,1016.0,1015.0,980.0,1002.0,2089.0,0.0,1027.6,1025.6,1033.6,42.331288343558285,-17.474600661511204,-18.52643286647187,15.012587311296505,0.0,Neutral
2017-06-11,1035.0,1037.0,1015.0,1016.0,2762.0,0.0,1031.8,1027.9,1036.35,45.39473684210527,-16.24101495661398,-18.789390917712034,12.556096350262557,0.0,Neutral
2017-06-08,1033.0,1035.0,1020.0,1035.0,3570.0,0.0,1034.6,1029.1,1038.05,42.331288343558285,-15.85573262117623,-19.426484907986545,11.845768114552236,0.0,Neutral
2017-06-07,1052.0,1073.0,1031.0,1033.0,9670.0,0.0,1032.6,1028.6,1038.05,43.373493975903614,-17.06788887490984,-20.31917297968912,11.673331429724218,0.0,Neutral
2017-06-06,1023.0,1068.0,1024.0,1052.0,5434.0,0.0,1033.0,1028.3,1039.4,45.00000000000001,-18.16314447331297,-21.131994005883943,11.585910984245226,0.0,Neutral
2017-06-05,1030.0,1032.0,1020.0,1023.0,2460.0,0.0,1023.6,1025.8,1040.35,35.294117647058826,-21.231443153844566,-21.874206389026682,8.066391179963315,0.0,Neutral
2017-06-04,1025.0,1030.0,1000.0,1030.0,1730.0,0.0,1024.0,1026.5,1043.45,40.0,-21.886159751121795,-22.03489719782221,8.100068586909234,0.0,Neutral
2017-06-01,1035.0,1050.0,1020.0,1025.0,2491.0,0.0,1023.6,1029.5,1045.0,40.87591240875912,-23.116199338903016,-22.072081559497313,13.37701179060422,0.0,Neutral
2017-05-31,1005.0,1050.0,1000.0,1035.0,1739.0,0.0,1024.6,1032.5,1049.1,50.0,-23.840850604195793,-21.811052114645886,15.457827934284992,0.0,Neutral
2017-05-30,1025.0,1035.0,1005.0,1005.0,2404.0,0.0,1023.6,1035.8,1053.05,29.927007299270073,-25.437174937653936,-21.30360249225841,19.135772202325462,0.0,Neutral
2017-05-28,1028.0,1025.0,1008.0,1025.0,1515.0,0.0,1028.0,1041.6,1059.0,32.03125,-24.05012454235657,-20.270209380909527,17.481418706772892,0.0,Neutral
2017-05-24,1030.0,1039.0,1020.0,1028.0,2812.0,0.0,1029.0,1044.8,1063.9,29.496402877697832,-23.966287499015607,-19.32523059054777,17.028081382148205,0.0,Neutral
2017-05-23,1030.0,1048.0,1020.0,1030.0,4965.0,0.0,1035.4,1047.0,1069.65,40.372670807453424,-23.81613494552903,-18.164966363430807,16.006942938104288,0.0,Neutral
2017-05-22,1027.0,1030.0,1020.0,1030.0,1460.0,0.0,1040.4,1047.5,1074.65,31.40096618357488,-23.481705541689507,-16.75217421790625,15.486553307138339,0.0,Neutral
2017-05-21,1030.0,1030.0,1022.0,1027.0,1448.0,0.0,1048.0,1050.5,1078.15,29.383886255924168,-22.713299931091797,-15.069791386960436,14.60022830876858,0.0,Neutral
2017-05-18,1060.0,1069.0,1030.0,1030.0,7489.0,0.0,1055.2,1054.9,1076.8,28.440366972477065,-21.096705134567173,-13.158914250927594,13.303717108026081,0.0,Neutral
2017-05-17,1055.0,1060.0,1039.0,1060.0,4045.0,0.0,1060.6,1060.4,1078.9,33.33333333333333,-19.031935701409566,-11.1744665300177,13.234634696773798,0.0,Neutral
2017-05-16,1068.0,1070.0,1052.0,1055.0,529.0,0.0,1058.6,1060.5,1082.65,28.431372549019613,-19.174256378340488,-9.210099237169732,13.235054464117626,0.23103056848049164,Positive
2017-05-15,1063.0,1090.0,1060.0,1068.0,2049.0,0.0,1054.6,1065.7,1084.9,34.80392156862746,-18.56792013139284,-6.719059951877043,19.545104530613333,0.4620611369609833,Positive
2017-05-11,1057.0,1078.0,1060.0,1063.0,2148.0,0.9241222739219666,1053.0,1070.3,1104.0,41.92139737991266,-18.847572119741244,-3.7568449069980936,24.841944815648173,0.9241222739219666,Strongly Positive
2017-05-09,1050.0,1071.0,1056.0,1057.0,2397.0,0.0,1054.6,1076.4,1123.45,58.82352941176471,-18.421272335855065,0.015836896187694016,29.837336789132983,0.0,Neutral
2017-05-08,1035.0,1090.0,1040.0,1050.0,3228.0,0.0,1060.2,1083.0,1141.35,47.16494845360825,-16.99830392317358,4.6251142041983835,32.269696827438764,0.0,Neutral
2017-05-07,1060.0,1060.0,1030.0,1035.0,3446.0,0.0,1062.4,1092.3,1162.8,38.53211009174312,-14.222103455741262,10.030968736041373,34.98904590489438,0.0,Neutral
2017-05-04,1071.0,1105.0,1051.0,1060.0,4295.0,0.0,1076.8,1101.8,1185.55,45.515695067264566,-8.94452244522563,16.094236783987032,30.283108603116276,0.0,Neutral
2017-05-03,1085.0,1125.0,1070.0,1071.0,9175.0,0.0,1087.6,1105.8,1208.55,25.85987261146498,-4.623762356237194,22.353926591290197,26.561459129960802,0.0,Neutral
2017-05-02,1061.0,1108.0,1065.0,1085.0,5762.0,0.0,1098.2,1098.7,1229.6,26.261319534282023,-0.16164657201943555,29.098348828172043,41.93659234820165,0.0,Neutral
2017-04-30,1107.0,1100.0,1059.0,1061.0,6176.0,0.0,1105.8,1097.4,1244.35,27.48091603053436,4.110532433611752,36.413347678219914,42.60464241789881,0.0,Neutral
2017-04-27,1114.0,1115.0,1095.0,1107.0,5334.0,0.0,1122.2,1104.8,1258.3,26.86567164179104,11.94723316540103,44.48905148937196,42.00211634881326,0.0,Neutral
2017-04-26,1124.0,1146.0,1092.0,1114.0,4591.0,0.0,1126.8,1104.1,1268.15,26.73267326732673,17.092298707933423,52.62450607036469,42.01970437255626,0.0,Neutral
2017-04-25,1123.0,1140.0,1090.0,1124.0,7233.0,0.0,1124.0,1137.7,1273.1,26.08695652173914,22.6979307464685,61.507557910972494,117.44980015120093,0.2310785800218582,Positive
2017-04-24,1143.0,1148.0,1108.0,1123.0,6456.0,0.0,1099.2,1170.5,1272.15,28.421052631578945,28.504422101159207,71.20996470209849,153.47402965250922,0.4621571600437164,Positive
2017-04-23,1130.0,1176.0,1130.0,1143.0,11341.0,0.9243143200874328,1089.0,1199.7,1268.0,37.48680042238649,35.602824926947505,81.88635035233331,170.2893289538633,0.9243143200874328,Strongly Positive
2017-04-20,1100.0,1180.0,1118.0,1130.0,21361.0,0.0,1087.4,1233.3,1258.2,39.21971252566735,42.10874526201633,93.45723170867974,189.88010837251247,0.0,Neutral
2017-04-19,1000.0,1100.0,990.0,1100.0,9063.0,0.0,1081.4,1269.3,1244.75,39.59183673469388,51.12381092223859,106.29435332034558,201.86742073835765,-0.012411341071128824,Neutral
2017-04-18,1072.0,1064.0,989.0,1000.0,12396.0,0.0,1151.4,1311.3,1228.9,39.03192584963954,64.9412392969623,120.08698891987231,206.37132122032799,-0.02482268214225765,Neutral
2017-04-16,1135.0,1151.0,1071.0,1072.0,18900.0,-0.0496453642845153,1241.8,1360.5,1217.4,48.36146971201588,91.81452076001756,133.8734263255998,180.99739101864748,-0.0496453642845153,Neutral
2017-04-13,1100.0,1210.0,1057.0,1135.0,25357.0,0.0,1310.4,1391.3,1202.75,54.70763131813677,117.44820697998966,144.38815271699536,150.00077777576684,0.0,Neutral
2017-04-12,1000.0,1100.0,1020.0,1100.0,32738.0,0.0,1379.2,1411.8,1184.75,57.16963448922211,142.04322892649998,151.1231391512468,122.58403013625438,0.0,Neutral
2017-04-11,1452.0,1480.0,1400.0,1450.0,33798.0,0.0,1457.2,1432.2,1168.55,86.6749688667497,174.93297360838733,153.39311670743348,71.08805181683356,0.0,Neutral
2017-04-10,1415.0,1479.0,1387.0,1452.0,20061.0,0.0,1471.2,1408.5,1134.8,88.05460750853243,178.73140447714695,148.008152482195,98.65568632595955,0.0,Neutral
2017-04-09,1479.0,1508.0,1400.0,1415.0,9338.0,0.0,1479.2,1373.8,1099.95,87.71929824561403,180.77621762996864,140.327339483457,135.7184995168778,0.0,Neutral
2017-04-06,1490.0,1519.0,1419.0,1479.0,13141.0,0.0,1472.2,1336.3,1068.1,93.75,184.52394325222576,130.21511994682908,170.43672661072614,0.0,Neutral
2017-04-04,1520.0,1570.0,1441.0,1490.0,15607.0,0.0,1444.4,1283.1,1032.55,95.08196721311475,180.10705569005586,116.63791412047989,201.19832669947397,0.156907024482886,Slightly Positive
2017-04-03,1492.0,1641.0,1453.0,1520.0,30226.0,0.0,1407.2,1220.2,995.55,98.69109947643979,170.72976202794007,100.77062872808588,226.10803710714487,0.41979367782672244,Positive
2017-04-02,1380.0,1492.0,1377.0,1492.0,18102.0,0.627628097931544,1345.8,1146.5,956.15,98.64314789687924,153.22303794243317,83.28084540312233,237.36294290952029,0.8395873556534449,Strongly Positive
2017-03-30,1340.0,1390.0,1282.0,1380.0,14594.0,0.4239185154438019,1268.4,1074.3,918.65,98.44961240310077,131.50030228504158,65.79529726829462,230.29548651919472,0.4239185154438019,Positive
2017-03-29,1304.0,1361.0,1235.0,1340.0,19416.0,0.0,1200.4,1014.2,888.15,94.7452229299363,113.26509710364292,49.369046014107866,219.83670707545457,0.0,Neutral
2017-03-28,1213.0,1334.0,1236.0,1304.0,9624.0,0.0,1121.8,957.7,861.2,94.51827242524917,92.41557925969562,33.3950332417241,198.35492879628478,0.0,Neutral
2017-03-26,1105.0,1215.0,1105.0,1213.0,21347.0,0.0,1033.2,904.9,833.8,93.76181474480151,68.12524078600745,18.63989673723122,163.06607386101456,0.124837689101696,Slightly Positive
2017-03-23,1040.0,1105.0,990.0,1105.0,18254.0,0.0,947.2,861.1,811.45,92.48291571753987,45.3964779954307,6.268560725037162,125.64451617339229,0.249675378203392,Positive
2017-03-22,947.0,1041.0,965.0,1040.0,23743.0,0.499350756406784,880.2,826.1,795.7,88.80208333333333,26.722362899161112,-3.513418592561223,95.21840391671051,0.499350756406784,Positive
2017-03-21,861.0,947.0,842.0,947.0,26954.0,0.0,828.0,799.9,784.2,77.74294670846396,9.116894352298345,-11.072363965491807,58.96788203007204,0.0,Neutral
2017-03-20,783.0,861.0,780.0,861.0,12682.0,0.0,793.6,782.0,774.35,61.36363636363636,-4.017603965367357,-16.119678544939344,28.809720581799837,0.0,Neutral
2017-03-19,770.0,783.0,770.0,783.0,1410.0,0.0,776.6,770.9,770.05,55.84415584415584,-11.967198487691462,-19.145197189832338,10.65050859511955,0.0,Neutral
2017-03-16,779.0,780.0,750.0,770.0,2130.0,0.0,775.0,765.8,767.9,50.87719298245614,-13.99788533636422,-20.93969686536756,15.375304875071032,0.0,Neutral
2017-03-15,775.0,785.0,760.0,779.0,2730.0,0.0,772.0,763.0,766.95,47.73662551440329,-15.06253821832297,-22.67514974761839,16.99019324987358,0.0,Neutral
2017-03-14,776.0,790.0,766.0,775.0,4452.0,0.0,771.8,762.1,762.85,43.24324324324324,-17.118694613574803,-24.578302629942243,16.27165224149195,0.0,Neutral
2017-03-13,775.0,787.0,761.0,776.0,2313.0,0.0,770.4,764.7,761.6,54.08805031446541,-19.08682594549896,-26.4432046340341,20.171762441625756,0.0,Neutral
2017-03-09,755.0,785.0,760.0,775.0,2000.0,0.0,765.2,762.7,762.4,50.0,-21.42306883176559,-28.282299306167882,19.916771268937165,0.0,Neutral
2017-03-07,778.0,766.0,748.0,755.0,6705.0,0.0,756.6,761.8,764.1,52.100840336134446,-23.99153784177497,-29.997106924768453,19.49814806024307,0.0,Neutral
2017-03-06,768.0,780.0,753.0,778.0,3745.0,0.0,754.0,765.3,766.8,53.913043478260875,-24.88450682776113,-31.498499195516818,21.20822691528625,0.0,Neutral
2017-03-05,750.0,787.0,760.0,768.0,6165.0,0.0,752.4,768.5,771.7,59.12596401028278,-28.004121688743226,-33.151997287455735,25.34758371130045,0.0,Neutral
2017-03-02,732.0,765.0,732.0,750.0,3111.0,0.0,759.0,766.7,773.8,50.0,-30.56037015946947,-34.43896618713386,26.017301935469472,0.0,Neutral
2017-03-01,742.0,756.0,730.0,732.0,2394.0,0.0,760.2,769.2,777.3,43.30357142857143,-31.54583100524053,-35.40861519404995,25.428767611184114,0.0,Neutral
2017-02-28,770.0,769.0,742.0,742.0,3440.0,0.0,767.0,770.0,778.15,42.63736263736264,-30.512061670130265,-36.37431124125231,24.22578974750406,0.0,Neutral
2017-02-26,801.0,785.0,770.0,770.0,270.0,0.0,776.6,770.9,781.55,45.43325526932084,-29.766966094478562,-37.83987363403281,23.216134236566454,0.0,Neutral
2017-02-23,756.0,801.0,771.0,801.0,275.0,0.0,784.6,763.6,784.95,41.90064794816414,-31.233888234727033,-39.858100518921376,32.96193090354798,0.0,Neutral
2017-02-22,766.0,766.0,756.0,756.0,1652.0,0.0,774.4,758.5,788.45,44.421487603305785,-35.80826684668443,-42.01415358996996,30.376343134478905,0.0,Neutral
2017-02-21,790.0,810.0,766.0,766.0,4276.0,0.0,778.2,762.1,794.9,44.421487603305785,-36.544171666358466,-43.565625275791334,32.129771586857025,0.0,Neutral
2017-02-20,810.0,826.0,790.0,790.0,4490.0,0.0,773.0,766.4,800.45,53.86064030131826,-37.97008404832252,-45.32098867814954,35.41876464376298,0.0,Neutral
2017-02-19,750.0,810.0,750.0,810.0,2774.0,0.0,765.2,768.3,804.55,50.0,-41.68141099332661,-47.1587148356063,37.28583287704218,0.0,Neutral
2017-02-16,775.0,795.0,750.0,750.0,1540.0,0.0,742.6,774.9,808.4,41.851851851851855,-47.84850231595624,-48.528040796176214,49.370368981148225,0.0,Neutral
2017-02-15,740.0,775.0,726.0,775.0,2844.0,0.0,742.6,780.9,815.95,41.240875912408754,-48.91488429769856,-48.69792541623121,49.653130146393856,0.0,Neutral
2017-02-14,751.0,766.0,737.0,740.0,904.0,0.0,746.0,785.4,822.5,36.24288425047438,-52.10994080097419,-48.64368569586436,51.07771856039313,0.0,Neutral
2017-02-13,697.0,751.0,672.0,751.0,2144.0,0.0,759.8,786.3,830.25,37.977099236641216,-51.866395598959,-47.777121919586904,50.26164873275378,0.0,Neutral
2017-02-12,750.0,745.0,693.0,697.0,1414.0,0.0,771.4,792.2,836.85,31.578947368421055,-51.92112305967464,-46.75480349974387,49.107139105353205,0.0,Neutral
2017-02-09,792.0,778.0,750.0,750.0,740.0,0.0,807.2,806.3,846.1,34.32494279176201,-45.73757704684749,-45.46322360976117,37.63878023766426,0.0,Neutral
2017-02-08,809.0,800.0,792.0,792.0,229.0,0.0,819.2,818.4,854.3,36.67481662591687,-42.57621356070308,-45.39463525048959,36.97206152400414,0.0,Neutral
2017-02-07,809.0,809.0,793.0,809.0,988.0,0.0,824.8,827.7,858.95,37.78337531486146,-42.19823742295932,-46.09924067293621,41.06377154298851,0.0,Neutral
2017-02-06,876.0,859.0,794.0,809.0,1780.0,0.0,812.8,834.5,862.65,39.46078431372549,-42.8329189719052,-47.07449148543043,43.19786517360527,0.0,Neutral
2017-02-05,810.0,876.0,794.0,876.0,978.0,0.0,813.0,840.8,867.2,49.008498583569406,-43.01997914569563,-48.134884613811735,43.65725089325922,0.0,Neutral
2017-02-02,820.0,836.0,801.0,810.0,1479.0,0.0,805.4,841.9,868.1,37.5,-49.45480897994162,-49.41361098084076,44.767175474910495,0.0,Neutral
2017-02-01,749.0,820.0,745.0,820.0,826.0,0.0,817.6,851.0,872.8,34.83870967741936,-50.22864911048919,-49.403311481065536,46.76655975280355,0.0,Neutral
2017-01-31,810.0,794.0,749.0,749.0,790.0,0.0,830.6,859.6,879.55,24.626865671641795,-51.50393379914465,-49.19697707370962,48.31424910591188,0.0,Neutral
2017-01-26,838.0,822.0,806.0,810.0,590.0,0.0,856.2,874.2,889.6,32.535885167464116,-45.15342176467732,-48.62023789235086,29.62281403095528,0.0,Neutral
2017-01-25,871.0,856.0,836.0,838.0,1011.0,0.0,868.6,881.5,895.5,34.34343434343434,-42.60199117865284,-49.48694192426923,19.2079266045531,0.0,Neutral
2017-01-24,885.0,884.0,870.0,871.0,765.0,0.0,878.4,885.9,898.5,43.27485380116959,-41.57668172261947,-51.20817961067333,11.713714659004118,0.0,Neutral
2017-01-23,877.0,885.0,885.0,885.0,130.0,0.0,884.4,890.2,899.05,44.31137724550898,-43.023262282771384,-53.61605408268679,13.406466101653791,0.0,Neutral
2017-01-22,872.0,877.0,860.0,877.0,285.0,0.0,888.6,890.2,900.4,31.42857142857143,-45.66928674634312,-56.26425203266563,13.406466101653791,0.0,Neutral
2017-01-19,887.0,887.0,870.0,872.0,677.0,0.0,892.2,890.8,903.55,31.42857142857143,-47.56775016353697,-58.912993354246254,12.87374589367028,0.0,Neutral
2017-01-18,901.0,905.0,855.0,887.0,1298.0,0.0,894.4,893.6,905.55,40.55299539170507,-48.78989437728569,-61.749304151923575,11.276327219312874,0.0,Neutral
2017-01-17,906.0,901.0,862.0,901.0,2170.0,0.0,893.4,894.3,907.7,50.64377682403434,-51.16739634643716,-64.98915659558304,11.035800328492275,-0.19393788278102875,Slightly Negative
2017-01-16,895.0,935.0,900.0,906.0,798.0,0.0,896.0,894.6,909.7,54.91803278688525,-54.883154912933264,-68.44459665786951,11.276327219312906,-0.3878757655620575,Negative
2017-01-15,883.0,907.0,870.0,895.0,510.0,-0.775751531124115,891.8,899.5,911.4,46.7680608365019,-59.33660450270918,-71.83495709410357,22.16729322426067,-0.775751531124115,Strongly Negative
2017-01-12,882.0,899.0,877.0,883.0,725.0,0.0,889.4,905.0,916.05,39.784946236559136,-63.03774773180203,-74.95954524195216,27.182510717193797,0.0,Neutral
2017-01-11,914.0,900.0,882.0,882.0,156.0,0.0,892.8,909.5,919.45,45.09803921568628,-65.62302148629067,-77.93999461948968,26.8586836775438,0.0,Neutral
2017-01-10,885.0,914.0,891.0,914.0,285.0,0.0,895.2,911.1,923.85,47.26027397260274,-67.86643603858283,-81.01923790278943,25.47962148683887,0.0,Neutral
2017-01-09,883.0,885.0,883.0,885.0,291.0,0.0,893.2,907.9,929.65,39.78102189781022,-73.00088245203824,-84.30743836884106,27.036806188793037,0.0,Neutral
2017-01-08,900.0,900.0,883.0,883.0,634.0,0.0,907.2,910.6,937.9,39.56043956043956,-75.53974485681897,-87.13407734804176,25.816446093340545,0.0,Neutral
2017-01-05,894.0,900.0,882.0,900.0,841.0,0.0,920.6,916.3,947.3,35.526315789473685,-77.47786021918523,-90.03266047084745,25.33355263065879,0.0,Neutral
2017-01-04,904.0,911.0,894.0,894.0,440.0,0.0,926.2,917.5,956.8,41.492537313432834,-80.55555858759931,-93.17136053376299,24.75322650128044,0.0,Neutral
2017-01-03,955.0,950.0,904.0,904.0,1413.0,0.0,927.0,921.1,967.1,40.40697674418605,-82.70119456200996,-96.32531102030391,23.544048552101067,0.0,Neutral
2017-01-02,950.0,960.0,955.0,955.0,200.0,0.0,922.6,924.8,978.15,39.376770538243626,-85.2550616484466,-99.7313401348774,23.465340871670552,0.0,Neutral
2017-01-01,928.0,950.0,945.0,950.0,830.0,0.0,914.0,923.3,989.35,36.41304347826087,-92.46737837843023,-103.35040975648508,21.73604277592924,0.0,Neutral
2016-12-29,898.0,932.0,905.0,928.0,1750.0,0.0,912.0,927.1,1000.55,30.51771117166213,-99.8188462282867,-106.07116760099879,29.022787981579118,0.0,Neutral
2016-12-28,882.0,898.0,898.0,898.0,100.0,0.0,908.8,929.4,1013.15,23.033707865168537,-105.51008197514636,-107.63424794417679,29.997036890727955,0.0,Neutral
2016-12-27,912.0,918.0,877.0,882.0,1995.0,0.0,915.2,936.6,1029.25,18.857142857142847,-108.18493077240885,-108.16528943643439,30.262554786793803,0.0,Neutral
2016-12-26,940.0,935.0,912.0,912.0,805.0,0.0,927.0,951.4,1047.15,19.130434782608702,-108.39632060786175,-108.16037910244077,36.200675254618815,0.0,Neutral
2016-12-22,912.0,940.0,913.0,940.0,408.0,0.0,932.6,965.2,1066.05,17.789757412398913,-110.14400260717969,-108.10139372608552,44.795337058936305,0.0,Neutral
2016-12-21,930.0,930.0,912.0,912.0,1388.0,0.0,942.2,978.3,1083.3,12.356321839080465,-113.62349486656854,-107.59074150581196,54.67286550221893,0.0,Neutral
2016-12-20,941.0,941.0,930.0,930.0,2046.0,0.0,950.0,996.1,1101.45,12.797619047619051,-113.56097778867468,-106.08255316562281,59.45577254472771,0.0,Neutral
2016-12-19,940.0,1000.0,941.0,941.0,1420.0,0.0,958.0,1013.1,1118.7,11.780821917808225,-113.66211449596403,-104.21294700985985,62.67278338943703,0.0,Neutral
2016-12-18,988.0,969.0,940.0,940.0,2100.0,0.0,975.8,1031.5,1137.75,10.9375,-113.25793459150827,-101.85065513833378,66.07108966023199,0.0,Neutral
2016-12-15,951.0,988.0,935.0,988.0,1462.0,0.0,997.8,1055.4,1159.45,10.880829015544037,-110.99284773758131,-98.99883527504014,72.2344946837988,0.0,Neutral
2016-12-14,970.0,989.0,951.0,951.0,792.0,0.0,1014.4,1074.0,1178.15,2.8248587570621453,-111.37460454965867,-96.00033215940482,76.75646914467274,0.0,Neutral
2016-12-12,1030.0,1010.0,953.0,970.0,1620.0,0.0,1042.2,1096.9,1199.1,5.79710144927536,-106.4745980872608,-92.15676406184134,69.83066820691158,0.0,Neutral
2016-12-11,1050.0,1030.0,1029.0,1030.0,220.0,0.0,1068.2,1121.9,1219.95,7.017543859649123,-100.6062320485305,-88.57730555548648,63.846082277801365,0.0,Neutral
2016-12-08,1071.0,1050.0,1050.0,1050.0,130.0,0.0,1087.2,1142.9,1236.35,6.410256410256409,-97.76179056566366,-85.57007393222545,64.78931667765238,0.0,Neutral
2016-12-07,1090.0,1071.0,1050.0,1071.0,200.0,0.0,1113.0,1166.9,1253.35,5.830903790087461,-94.74562284657668,-82.5221447738659,70.73180959717108,0.0,Neutral
2016-12-06,1100.0,1100.0,1077.0,1090.0,2325.0,0.0,1133.6,1188.3,1269.8,9.523809523809518,-91.65595971644643,-79.46627525568822,70.86614926121419,0.23103153705596924,Positive
2016-12-05,1125.0,1120.0,1098.0,1100.0,500.0,0.0,1151.6,1206.8,1285.3,9.580838323353305,-88.3137939072044,-76.41885414049867,66.35728210897783,0.4620630741119385,Positive
2016-12-04,1179.0,1170.0,1125.0,1125.0,680.0,0.924126148223877,1175.6,1224.3,1301.05,9.815950920245385,-83.78159254475804,-73.44511919882223,57.55393605616508,0.924126148223877,Strongly Positive
2016-12-01,1174.0,1215.0,1151.0,1179.0,3655.0,0.0,1198.6,1244.0,1320.3,20.265780730897006,-79.3236687324029,-70.86100086233826,53.34999739666167,0.0,Neutral
2016-11-30,1180.0,1174.0,1090.0,1174.0,10624.0,0.0,1220.8,1263.5,1336.5,17.073170731707307,-77.97811988488934,-68.7453338948221,61.90359889018684,0.0,Neutral
2016-11-29,1220.0,1196.0,1180.0,1180.0,931.0,0.0,1243.0,1282.3,1351.5,16.86746987951807,-74.61739215755506,-66.43713739730528,60.22743929842964,0.0,Neutral
2016-11-27,1240.0,1240.0,1216.0,1220.0,415.0,0.0,1262.0,1301.3,1359.5,19.17808219178083,-69.85344669964775,-64.39207370724283,54.018618189589816,0.0,Neutral
2016-11-17,1290.0,1266.0,1240.0,1240.0,200.0,0.0,1273.0,1318.0,1365.85,19.512195121951223,-66.82959709046918,-63.026730459141596,51.863067570086365,0.0,Neutral
2016-11-16,1285.0,1290.0,1290.0,1290.0,100.0,0.0,1289.4,1329.8,1371.35,16.86746987951807,-64.03436217707463,-62.07601380130969,45.13141305616305,0.0,Neutral
2016-11-14,1275.0,1285.0,1284.0,1285.0,420.0,0.0,1306.2,1339.8,1374.85,17.365269461077844,-64.62612616503907,-61.58642670736846,46.39396512480428,0.0,Neutral
2016-11-13,1275.0,1275.0,1275.0,1275.0,270.0,0.0,1321.6,1351.3,1379.1,21.813031161473077,-63.93232491091317,-60.826501842950805,45.546191449528536,0.0,Neutral
2016-11-10,1322.0,1302.0,1275.0,1275.0,948.0,0.0,1340.6,1363.8,1384.85,43.3264887063655,-61.09867567512492,-60.0500460759602,38.955244975646806,0.0,Neutral
2016-11-09,1374.0,1355.0,1322.0,1322.0,1112.0,0.0,1363.0,1377.8,1391.05,47.20357941834452,-56.59320082253521,-59.787888676169025,26.736575032078854,0.0,Neutral
2016-11-08,1362.0,1374.0,1350.0,1374.0,706.0,0.0,1370.2,1396.6,1393.25,53.01507537688441,-54.80485727144719,-60.58656063957747,43.795484292858035,0.0,Neutral
2016-11-07,1370.0,1389.0,1362.0,1362.0,1820.0,0.0,1373.4,1409.5,1395.65,50.25252525252526,-57.019664487746695,-62.03198648161003,54.16897430983259,0.0,Neutral
2016-10-27,1387.0,1400.0,1370.0,1370.0,500.0,0.0,1381.0,1420.7,1400.05,50.0,-57.795368760365136,-63.28506698007586,54.83115497194159,0.0,Neutral
2016-10-25,1358.0,1387.0,1350.0,1387.0,1010.0,0.0,1387.0,1417.7,1407.05,49.62593516209476,-58.759335031810906,-64.65749153500354,58.604228137200785,0.0,Neutral
2016-10-24,1390.0,1372.0,1350.0,1358.0,820.0,0.0,1392.6,1413.7,1427.95,44.61942257217848,-60.86593438144837,-66.1320306608017,62.187976687185824,0.0,Neutral
2016-10-23,1400.0,1400.0,1390.0,1390.0,650.0,0.0,1423.0,1412.9,1447.25,53.1413612565445,-59.716671233073384,-67.44855473064003,63.029887090714276,-0.1743660420179367,Slightly Negative
2016-10-20,1400.0,1428.0,1400.0,1400.0,1000.0,0.0,1445.6,1409.9,1465.2,47.42990654205607,-60.639369233030266,-69.38152560503168,64.92636855188236,-0.3487320840358734,Negative
2016-10-19,1415.0,1410.0,1396.0,1400.0,1051.0,-0.6974641680717468,1460.4,1406.9,1481.5,44.517543859649116,-61.953222036858506,-71.56706469803204,66.11681581364049,-0.6974641680717468,Strongly Negative
2016-10-18,1510.0,1480.0,1392.0,1415.0,1560.0,0.0,1448.4,1405.9,1496.15,40.51896207584831,-62.72903820411739,-73.97052536332542,66.3081191609911,0.0,Neutral
2016-10-17,1503.0,1510.0,1510.0,1510.0,800.0,0.0,1434.8,1404.3,1507.95,28.958630527817405,-64.33411210190434,-76.78089715312743,66.25715894235611,0.0,Neutral
2016-10-16,1474.0,1503.0,1502.0,1503.0,1000.0,0.0,1402.8,1389.9,1517.2,34.03973509933776,-75.11972842814339,-79.89259341593319,55.50865798335108,0.22028879821300507,Positive
2016-10-06,1340.0,1474.0,1366.0,1474.0,420.0,0.0,1374.2,1381.8,1527.05,31.19015047879617,-87.08071903467885,-81.08580966288065,41.24937709969263,0.44057759642601013,Positive
2016-10-05,1347.0,1340.0,1340.0,1340.0,100.0,0.8811551928520203,1353.4,1379.4,1537.85,18.870967741935488,-98.12793658651594,-79.58708231993108,35.60024968703609,0.8811551928520203,Strongly Positive
2016-10-04,1350.0,1375.0,1347.0,1347.0,820.0,0.0,1363.4,1396.4,1555.35,23.219814241486063,-97.1572515477842,-74.95186875328487,51.66172019333907,0.0,Neutral
2016-10-03,1360.0,1350.0,1333.0,1350.0,480.0,0.0,1373.8,1442.2,1572.5,28.029197080291965,-95.2178353485624,-69.40052305466003,136.44600071498104,0.0,Neutral
2016-10-02,1370.0,1360.0,1360.0,1360.0,100.0,0.0,1377.0,1481.6,1590.5,26.70375521557719,-91.66290288557639,-62.94619498118442,161.45739031983132,0.0,Neutral
2016-09-29,1390.0,1381.0,1370.0,1370.0,1790.0,0.0,1389.4,1520.5,1609.0,26.890756302521012,-86.81041959084814,-55.76701800508643,175.18260314439297,0.0,Neutral
2016-09-28,1399.0,1404.0,1390.0,1390.0,1850.0,0.0,1405.4,1556.1,1623.0,28.693181818181827,-80.37237117334575,-48.006167608645995,177.35930260976906,0.0,Neutral
2016-09-27,1366.0,1399.0,1380.0,1399.0,648.0,0.0,1429.4,1586.4,1637.25,29.064748201438846,-73.02239124884863,-39.914616717471056,171.6192167432218,0.0,Neutral
2016-09-26,1422.0,1395.0,1340.0,1366.0,700.0,0.0,1510.6,1611.6,1650.6,25.52870090634441,-63.49536390887124,-31.63767308462666,159.088514844903,0.0,Neutral
2016-09-25,1450.0,1422.0,1422.0,1422.0,11.0,0.0,1586.2,1644.5,1662.9,26.99680511182109,-47.051843719898216,-23.673250378565513,134.82272310952632,0.0,Neutral
2016-09-22,1510.0,1500.0,1450.0,1450.0,690.0,0.0,1651.6,1672.3,1668.3,27.3462783171521,-31.081360224592345,-17.828602043232337,110.27244039701135,0.2206728607416153,Positive
2016-09-21,1570.0,1628.0,1500.0,1510.0,530.0,0.0,1706.8,1696.3,1672.8,39.0282131661442,-13.096032414589672,-14.515412497892335,77.87176067813287,0.4413457214832306,Positive
2016-09-20,1744.0,1805.0,1676.0,1805.0,7508.0,0.8826914429664612,1743.4,1714.3,1676.55,67.66304347826087,3.9411828252984833,-14.870257518717999,43.03499867680241,1.0979840904474258,Strongly Positive
2016-09-18,1749.0,1783.0,1712.0,1744.0,6360.0,0.0,1712.6,1702.8,1666.3,62.34177215189873,-4.406825109612328,-19.573117604722118,29.26810930387384,0.4305852949619293,Positive
2016-09-14,1726.0,1770.0,1700.0,1749.0,6485.0,0.8611705899238586,1702.8,1699.4,1657.6,68.76712328767124,-8.786910508576284,-23.364690728499564,25.708623715294845,0.8611705899238586,Strongly Positive
2016-09-12,1693.0,1726.0,1670.0,1726.0,3287.0,0.0,1693.0,1697.5,1649.45,73.11320754716981,-14.758773537674642,-27.00913578348038,22.081918193680544,0.0,Neutral
2016-09-11,1651.0,1786.0,1684.0,1693.0,9304.0,0.0,1685.8,1689.9,1642.45,69.07730673316708,-19.82455109790294,-30.071726344931815,24.163563019121764,0.1101747155189514,Slightly Positive
2016-09-08,1695.0,1680.0,1651.0,1651.0,1540.0,0.0,1685.2,1688.1,1642.6,58.168316831683164,-22.64196825880731,-32.63352015668903,24.57392475326376,0.2203494310379028,Positive
2016-09-07,1700.0,1870.0,1665.0,1695.0,4777.0,0.4406988620758056,1693.0,1689.6,1648.9,62.666666666666664,-21.63231571496044,-35.13140813115946,22.42122010757671,0.4406988620758056,Positive
2016-09-06,1690.0,1723.0,1700.0,1700.0,750.0,0.0,1696.0,1681.3,1655.75,66.25,-24.508980057687722,-38.50618123520921,33.04559140206762,0.0,Neutral
2016-09-05,1690.0,1723.0,1690.0,1690.0,1660.0,0.0,1702.0,1664.3,1658.85,62.80788177339902,-28.33324647247514,-42.00548152958959,57.23256648681734,0.0,Neutral
2016-09-04,1710.0,1690.0,1690.0,1690.0,39.0,0.0,1694.0,1649.3,1667.45,62.80788177339902,-31.78409929320378,-45.42354029386819,68.32934947737543,0.0,Neutral
2016-09-03,1710.0,1690.0,1690.0,1690.0,39.0,0.0,1691.0,1638.8,1678.5,49.41860465116279,-35.726328176487186,-48.83340054403429,69.4387019848056,0.0,Neutral
2016-09-01,1730.0,1744.0,1700.0,1710.0,5526.0,0.0,1686.2,1629.8,1691.3,44.194107452339686,-40.23839008676555,-52.11016863592107,67.88028677999709,0.0,Neutral
2016-08-31,1650.0,1730.0,1650.0,1730.0,510.0,0.0,1666.6,1615.8,1703.3,41.66666666666667,-47.4484997964405,-55.07811327320995,63.817099763492415,0.0,Neutral
2016-08-30,1675.0,1675.0,1650.0,1650.0,1650.0,0.0,1626.6,1601.4,1713.5,40.69767441860465,-57.99742528338675,-56.98551664240231,49.918155236582514,0.0,Neutral
2016-08-29,1666.0,1703.0,1651.0,1675.0,2079.0,0.0,1604.6,1595.0,1728.45,36.189069423929105,-62.472636718966896,-56.73253948215619,47.01300056605141,0.0,Neutral
2016-08-28,1612.0,1670.0,1611.0,1666.0,3049.0,0.0,1586.6,1597.1,1742.2,32.91492329149233,-69.82139550810393,-55.29751517295351,51.26066284742019,0.0,Neutral
2016-08-24,1530.0,1612.0,1491.0,1612.0,4607.0,0.0,1573.4,1608.2,1758.15,26.07449856733524,-77.26913642793966,-51.66654508916589,74.56063900537751,0.0,Neutral
2016-08-23,1540.0,1581.0,1500.0,1530.0,3133.0,0.0,1565.0,1630.2,1772.55,16.129032258064512,-80.15306558121438,-45.26589725447245,102.88375317156742,0.0,Neutral
2016-08-22,1585.0,1560.0,1530.0,1540.0,1249.0,0.0,1576.2,1653.4,1789.55,18.53035143769968,-74.31905420112184,-36.54410517278697,103.93074617263824,0.0,Neutral
2016-08-21,1600.0,1611.0,1570.0,1585.0,2096.0,0.0,1585.4,1685.6,1806.05,19.463087248322154,-66.80991161487805,-27.100367915703252,114.26110449317993,0.0,Neutral
2016-08-17,1570.0,1630.0,1600.0,1600.0,555.0,0.0,1607.6,1718.2,1821.55,19.931271477663245,-60.83555272676517,-17.172981990909552,128.0440896288864,0.0,Neutral
2016-08-16,1586.0,1664.0,1555.0,1570.0,2864.0,0.0,1643.0,1752.8,1836.5,14.650766609880762,-53.85249025172993,-6.257339306945646,138.84747827102828,0.0,Neutral
2016-08-15,1586.0,1586.0,1490.0,1586.0,4138.0,0.0,1695.4,1790.8,1855.0,26.067073170731717,-41.101708834477904,5.641448429250426,135.21160370981207,0.0,Neutral
2016-08-14,1696.0,1663.0,1550.0,1586.0,7459.0,0.0,1730.6,1825.6,1869.45,29.300291545189495,-25.85832296977469,17.327237745182508,120.64290742150007,0.17978619039058685,Slightly Positive
2016-08-11,1777.0,1755.0,1696.0,1696.0,4205.0,0.0,1785.8,1861.9,1890.15,34.89583333333333,-6.026098495629867,28.123627923921802,91.67266647032442,0.3595723807811737,Positive
2016-08-10,1832.0,1905.0,1758.0,1777.0,6815.0,0.7191447615623474,1828.8,1887.3,1898.1,38.65384615384615,8.17468399312429,36.661059528809716,74.103606150079,0.7191447615623474,Strongly Positive
2016-08-09,1762.0,1832.0,1797.0,1832.0,20.0,0.0,1862.6,1908.1,1902.25,42.857142857142854,17.93386914796133,43.78265341273107,68.69813194938367,0.0,Neutral
2016-08-08,1862.0,1896.0,1730.0,1762.0,3120.0,0.0,1886.2,1914.9,1905.65,29.772727272727266,24.529281921619486,50.2448494789235,63.49706904873152,0.0,Neutral
2016-08-07,1911.0,1949.0,1825.0,1862.0,5650.0,0.0,1920.6,1925.7,1916.3,48.39506172839506,39.71791012477411,56.673741368249495,39.09830914220443,0.0,Neutral
2016-08-04,1946.0,1949.0,1911.0,1911.0,812.0,0.0,1938.0,1926.5,1920.95,40.74844074844074,48.34458961134942,60.912699179118334,37.70720532384947,0.0,Neutral
2016-08-03,1950.0,1985.0,1880.0,1946.0,2496.0,0.0,1945.8,1924.9,1921.4,57.69881556683587,53.6630846707767,64.05472657106056,38.76266818017114,0.0,Neutral
2016-08-02,1934.0,1950.0,1862.0,1950.0,5716.0,0.0,1953.6,1920.2,1925.1,57.601351351351354,56.10722804232546,66.65263704613152,38.769403744038556,0.0,Neutral
2016-08-01,1949.0,1950.0,1910.0,1934.0,8943.0,0.0,1943.6,1919.2,1929.9,52.75974025974026,58.00346590139543,69.28898929708302,38.0374084875146,0.0,Neutral
2016-07-31,1950.0,1965.0,1940.0,1949.0,7317.0,0.0,1930.8,1913.3,1926.2,48.07692307692308,61.209159082952056,72.11037014600493,40.011248418433524,0.0,Neutral
2016-07-28,1985.0,1999.0,1937.0,1950.0,6234.0,0.0,1915.0,1918.4,1918.75,49.64028776978417,62.88320152075039,74.83567291176813,47.59831929807609,0.0,Neutral
2016-07-27,1900.0,1999.0,1910.0,1985.0,17372.0,0.0,1904.0,1908.9,1906.55,54.67625899280576,64.00340548287454,77.82379075952255,50.00988791119696,0.0,Neutral
2016-07-26,1870.0,1925.0,1880.0,1900.0,10245.0,0.0,1886.8,1896.4,1893.6,41.54929577464789,60.9385980965983,81.27888707868456,44.154274991234836,0.0,Neutral
2016-07-25,1870.0,1880.0,1797.0,1870.0,12347.0,0.0,1894.8,1896.4,1885.6,37.535410764872516,64.7949552421644,86.36395932420612,44.154274991234836,0.0,Neutral
2016-07-21,1895.0,1900.0,1801.0,1870.0,4159.0,0.0,1895.8,1906.9,1879.1,50.560538116591935,71.82914264989199,91.75621034471655,49.35686375775505,-0.2326550632715225,Negative
2016-07-20,1899.0,1936.0,1860.0,1895.0,9579.0,0.0,1921.8,1915.4,1871.35,55.124056094929884,79.76253613902941,96.73797726842268,49.614514005496424,-0.465310126543045,Negative
2016-07-19,1940.0,1978.0,1866.0,1899.0,2997.0,-0.93062025308609,1913.8,1917.9,1863.05,59.488692232055065,86.18279421223383,100.98183755077099,49.09955872172651,-0.93062025308609,Strongly Negative
2016-07-18,1875.0,1965.0,1800.0,1940.0,14289.0,0.0,1906.0,1930.0,1853.2,60.7429718875502,92.71653750985502,104.68159838540527,58.022983951777945,0.0,Neutral
2016-07-17,2000.0,2040.0,1850.0,1875.0,31509.0,0.0,1898.0,1940.6,1841.35,57.14285714285714,95.53282022776648,107.67286360429283,68.74461595080625,0.0,Neutral
2016-07-14,1855.0,2040.0,1892.0,2000.0,64898.0,0.0,1918.0,1939.1,1833.1,65.85365853658536,104.35603460258744,110.7078744484244,70.4768677573749,0.0,Neutral
2016-07-13,1860.0,1878.0,1755.0,1855.0,5118.0,0.0,1909.0,1919.1,1816.6,60.0,101.37248590132117,112.29583440988362,79.12219803711112,0.0,Neutral
2016-07-12,1900.0,1900.0,1764.0,1860.0,8400.0,0.0,1922.0,1904.2,1808.85,59.238363892806774,110.85352030950412,115.02667153702423,102.970114326663,0.0,Neutral
2016-07-11,1975.0,1980.0,1880.0,1900.0,3940.0,0.0,1954.0,1890.8,1801.9,64.22413793103448,120.83326211326494,116.06995934390426,117.10944548679161,0.0,Neutral
2016-07-10,1955.0,2090.0,1958.0,1975.0,15668.0,0.0,1983.2,1874.8,1785.15,71.86495176848874,127.74073965750813,114.87913365156409,126.28345541325949,0.0,Neutral
2016-07-06,1920.0,2018.0,1920.0,1955.0,8768.0,0.0,1960.2,1851.3,1760.65,70.11494252873564,127.0627820553243,111.66373215007806,127.42583899839943,0.0,Neutral
2016-07-05,2020.0,2010.0,1920.0,1920.0,21342.0,0.0,1929.2,1827.3,1734.3,70.35830618892508,126.38563934045965,107.81396967376651,128.32255365982758,0.0,Neutral
2016-07-04,2046.0,2250.0,2020.0,2020.0,27825.0,0.0,1886.4,1808.2,1709.4,79.41176470588235,127.24665879398913,103.17105225709321,127.20132773591368,0.0,Neutral
2016-07-03,1860.0,2046.0,1897.0,2046.0,42295.0,0.0,1827.6,1776.4,1680.4,80.14842300556586,116.31295404130879,97.15215062286921,106.42075820900408,0.0,Neutral
2016-06-30,1800.0,1879.0,1820.0,1860.0,27246.0,0.0,1766.4,1742.1,1646.35,78.97838899803537,98.01847337092295,92.36194976825931,50.406018159225695,0.0,Neutral
2016-06-29,1706.0,1801.0,1730.0,1800.0,22608.0,0.0,1742.4,1727.1,1625.8,79.77315689981097,92.18052206623543,90.94781886759338,29.33882524349243,0.0,Neutral
2016-06-28,1726.0,1726.0,1700.0,1706.0,7170.0,0.0,1725.4,1714.1,1608.05,78.2520325203252,89.4974566254707,90.63964306793285,21.089491854195714,0.0,Neutral
2016-06-27,1740.0,1750.0,1710.0,1726.0,3403.0,0.0,1730.0,1713.5,1597.1,81.79916317991632,94.34201736652449,90.92518967854838,21.4281745995357,0.0,Neutral
2016-06-26,1740.0,1745.0,1703.0,1740.0,7265.0,0.0,1725.2,1713.0,1584.75,81.12033195020747,97.11682736886542,90.07098275655436,21.16076033084109,0.0,Neutral
2016-06-23,1715.0,1760.0,1736.0,1740.0,8843.0,0.0,1717.8,1695.5,1572.0,83.66247755834829,97.82043101012437,88.30952160347658,49.60118726179132,0.0,Neutral
2016-06-22,1729.0,1750.0,1701.0,1715.0,9658.0,0.0,1711.8,1670.0,1559.25,71.5909090909091,97.2956424793656,85.93179425181464,80.25653313664009,0.0,Neutral
2016-06-21,1702.0,1735.0,1700.0,1729.0,7317.0,0.0,1702.8,1641.3,1547.8,73.43234323432343,97.7560666822244,83.09083219492689,108.66467278335031,0.0,Neutral
2016-06-20,1703.0,1750.0,1675.0,1702.0,10454.0,0.0,1697.0,1610.6,1538.85,67.31078904991949,95.49637442213225,79.4245235731025,123.49017054901043,0.0,Neutral
2016-06-19,1710.0,1770.0,1676.0,1703.0,22273.0,0.0,1700.8,1584.4,1529.45,67.8343949044586,93.97223812765628,75.40656086084508,129.58669341839288,0.0,Neutral
2016-06-16,1670.0,1720.0,1677.0,1710.0,16769.0,0.0,1673.2,1550.6,1515.7,67.94258373205741,90.55819888448605,70.76514154414227,138.95658794506556,0.17922662198543549,Slightly Positive
2016-06-15,1700.0,1720.0,1660.0,1670.0,11503.0,0.0,1628.2,1524.5,1499.7,65.7580919931857,84.17070590306571,65.81687720905632,129.90701802956877,0.35845324397087097,Positive
2016-06-14,1721.0,1819.0,1677.0,1700.0,30585.0,0.7169064879417419,1579.8,1502.0,1484.7,69.17562724014337,78.86636823000799,61.22842003555397,121.09225133481775,0.7169064879417419,Strongly Positive
2016-06-13,1565.0,1721.0,1560.0,1721.0,47826.0,0.0,1524.2,1480.7,1467.7,64.22628951747089,67.8944118803231,56.81893298694045,99.13744667548502,0.0,Neutral
2016-06-12,1485.0,1574.0,1510.0,1565.0,12458.0,0.0,1468.0,1456.5,1449.15,55.301455301455306,50.76446887573911,54.05006326359479,52.553147701489806,0.0,Neutral
2016-06-09,1428.0,1509.0,1435.0,1485.0,16823.0,0.0,1428.0,1448.5,1438.9,55.85215605749486,44.04567662078648,54.8714618605587,38.378958355402276,0.0,Neutral
2016-06-08,1422.0,1457.0,1423.0,1428.0,5639.0,0.0,1420.8,1448.5,1432.15,54.05982905982906,42.974844664526245,57.57790817050176,38.378958355402276,0.0,Neutral
2016-06-07,1440.0,1478.0,1422.0,1422.0,8156.0,0.0,1424.2,1454.3,1426.5,55.3941908713693,46.78662140887036,61.228674046995636,39.30804271677095,0.0,Neutral
2016-06-06,1365.0,1447.0,1370.0,1440.0,10472.0,0.0,1437.2,1467.1,1422.15,58.438818565400844,51.58221105115854,64.83918720652696,47.58956468248009,0.0,Neutral
2016-06-05,1449.0,1421.0,1348.0,1365.0,8270.0,0.0,1445.0,1474.5,1413.6,51.83374083129585,55.120113306571284,68.15343124536905,48.648969385008826,0.0,Neutral
2016-06-02,1445.0,1450.0,1405.0,1449.0,7604.0,0.0,1469.0,1480.8,1404.85,63.28358208955224,66.47037962811191,71.41176073006848,35.080225515574135,0.0,Neutral
2016-06-01,1487.0,1470.0,1421.0,1445.0,12565.0,0.0,1476.2,1474.9,1392.95,63.929618768328446,71.43787766574201,72.64710600555762,44.672760778318384,0.0,Neutral
2016-05-31,1479.0,1500.0,1471.0,1487.0,6636.0,0.0,1484.4,1467.4,1381.85,75.74850299401197,77.14638784954263,72.94941309051151,55.28552151232889,0.0,Neutral
2016-05-30,1485.0,1490.0,1471.0,1479.0,5427.0,0.0,1497.0,1454.7,1368.75,70.8092485549133,79.03402975178233,71.90016940075373,64.15787818603886,0.0,Neutral
2016-05-29,1485.0,1494.0,1470.0,1485.0,6394.0,0.0,1504.0,1441.8,1356.8,76.60098522167488,81.1083068015239,70.11670431299657,71.30030387967906,0.0,Neutral
2016-05-26,1486.0,1520.0,1441.0,1485.0,10887.0,0.0,1492.6,1429.3,1344.3,80.41237113402062,81.96517231880807,67.36880369086475,73.798599806057,0.0,Neutral
2016-05-25,1550.0,1560.0,1480.0,1486.0,15033.0,0.0,1473.6,1415.8,1331.3,77.22772277227723,81.8666236180502,63.71971153387892,74.81800139895837,0.0,Neutral
2016-05-24,1514.0,1585.0,1456.0,1550.0,23382.0,0.0,1450.4,1398.7,1316.0,86.09271523178808,80.44823420554803,59.1829835128361,76.51296186486644,0.0,Neutral
2016-05-23,1428.0,1514.0,1435.0,1514.0,13556.0,0.0,1412.4,1377.2,1297.0,84.48687350835323,70.95133376696413,53.866670839658106,56.99083747021698,0.0,Neutral
2016-05-22,1390.0,1428.0,1385.0,1428.0,9550.0,0.0,1379.6,1352.7,1279.55,77.01149425287356,61.46327053419759,49.59550510783159,42.455336008052534,0.0,Neutral
2016-05-19,1370.0,1452.0,1385.0,1390.0,8542.0,0.0,1366.0,1328.9,1266.0,74.60317460317461,57.21540407296948,46.62856375124009,59.02814771126791,0.0,Neutral
2016-05-18,1360.0,1389.0,1360.0,1370.0,4106.0,0.0,1358.0,1311.0,1254.25,73.77049180327869,54.830448639576616,43.98185367080774,65.25335240430952,0.0,Neutral
2016-05-17,1350.0,1369.0,1353.0,1360.0,11315.0,0.0,1347.0,1296.3,1244.25,76.47058823529412,53.02520808801614,41.26970492861551,67.01915149170156,0.0,Neutral
2016-05-16,1360.0,1354.0,1330.0,1350.0,7320.0,0.0,1342.0,1282.8,1234.5,76.47058823529412,50.967970757289095,38.33082913876535,66.35560765050393,0.0,Neutral
2016-05-15,1350.0,1370.0,1325.0,1360.0,12645.0,0.0,1325.8,1271.8,1225.25,79.1044776119403,48.61901735323727,35.17154373413442,63.011110131475434,0.0,Neutral
2016-05-12,1315.0,1377.0,1312.0,1350.0,11250.0,0.0,1291.8,1259.3,1216.25,78.97897897897897,43.895531119654606,31.809675329358704,55.52386874129809,0.0,Neutral
2016-05-11,1335.0,1333.0,1308.0,1315.0,7939.0,0.0,1264.0,1246.8,1207.65,76.66666666666666,38.24634641977809,28.788211381784727,46.108085576788255,0.0,Neutral
2016-05-10,1269.0,1359.0,1225.0,1335.0,27453.0,0.0,1245.6,1233.3,1199.85,77.96610169491525,34.043258364011535,26.423677622286384,43.617147494493516,0.0,Neutral
2016-05-09,1190.0,1293.0,1200.0,1269.0,31097.0,0.0,1223.6,1216.8,1189.95,72.22222222222221,26.147051305720197,24.51878243685509,29.932516692659927,0.0,Neutral
2016-05-08,1211.0,1200.0,1188.0,1190.0,5367.0,0.0,1217.8,1206.4,1184.35,58.064516129032256,22.408299005054232,24.11171521963881,27.769687710817742,0.0,Neutral
2016-05-05,1223.0,1240.0,1203.0,1211.0,3597.0,0.0,1226.8,1203.1,1182.6,60.402684563758385,25.353988992130553,24.537569273284955,31.62787097202404,0.0,Neutral
2016-05-04,1225.0,1223.0,1208.0,1223.0,4102.0,0.0,1229.6,1197.5,1178.8,66.18705035971223,26.60679346302277,24.333464343573556,34.86561502557895,0.0,Neutral
2016-05-03,1240.0,1260.0,1225.0,1225.0,6285.0,0.0,1221.0,1192.2,1175.45,71.15384615384616,26.597001446408285,23.765132063711253,34.58580312467139,0.0,Neutral
2016-05-02,1235.0,1250.0,1212.0,1240.0,10541.0,0.0,1210.0,1186.2,1172.8,81.59509202453988,25.994001433254425,23.057164718036994,33.4491321927069,0.0,Neutral
2016-04-28,1225.0,1273.0,1225.0,1235.0,14778.0,0.0,1195.0,1178.7,1168.35,71.91011235955057,23.318986850163128,22.322955539232634,28.012100559909758,0.0,Neutral
2016-04-27,1180.0,1235.0,1172.0,1225.0,17152.0,0.0,1179.4,1173.2,1164.6,70.58823529411765,20.07460115537924,22.073947711500008,19.97665303967038,0.0,Neutral
2016-04-26,1170.0,1200.0,1172.0,1180.0,12999.0,0.0,1165.4,1168.5,1161.6,65.51724137931035,16.65977285177655,22.5737843505302,8.885068623546935,0.0,Neutral
2016-04-25,1165.0,1175.0,1161.0,1170.0,7047.0,0.0,1163.4,1166.4,1162.1,54.48717948717948,16.640704393697888,24.05228722521861,8.3293323729136,0.0,Neutral
2016-04-24,1157.0,1170.0,1153.0,1165.0,6850.0,0.0,1162.4,1163.1,1165.1,47.90419161676647,17.39250131602421,25.905182933098786,12.323870243493278,0.0,Neutral
2016-04-21,1155.0,1175.0,1155.0,1157.0,7718.0,0.0,1162.4,1162.3,1168.0,51.66666666666667,18.60817664137835,28.033353337367426,12.445882853404958,0.0,Neutral
2016-04-20,1170.0,1193.0,1150.0,1155.0,2847.0,0.0,1167.0,1162.1,1173.1,48.663101604278076,20.703701487319222,30.389647511364693,12.556096350229025,0.0,Neutral
2016-04-19,1165.0,1175.0,1155.0,1170.0,2968.0,0.0,1171.6,1160.1,1179.3,51.41242937853107,23.28084481450469,32.81113401737606,15.13971965103006,0.0,Neutral
2016-04-18,1165.0,1180.0,1163.0,1165.0,13775.0,0.0,1169.4,1158.7,1182.8,43.654822335025386,24.704313645719594,35.1937063180939,14.765199325162616,-0.2313563525676727,Negative
2016-04-17,1180.0,1171.0,1150.0,1165.0,5625.0,0.0,1163.8,1159.4,1186.3,36.28691983122363,26.670932937259522,37.816054486187475,15.254871717316542,-0.4627127051353454,Negative
2016-04-14,1178.0,1194.0,1178.0,1180.0,1810.0,-0.9254254102706908,1162.2,1158.0,1188.55,40.6113537117904,28.793113444828577,40.602334873419466,15.326085243452056,-0.9254254102706908,Strongly Negative
2016-04-12,1159.0,1178.0,1150.0,1178.0,1500.0,0.0,1157.2,1156.0,1187.05,34.60076045627376,29.555705824382812,43.55464023056719,13.30830985180977,0.0,Neutral
2016-04-11,1137.0,1159.0,1139.0,1159.0,5233.0,0.0,1148.6,1154.7,1187.15,27.272727272727266,30.302786195022918,47.054373832113285,11.421714212683607,0.0,Neutral
2016-04-10,1157.0,1159.0,1137.0,1137.0,6165.0,0.0,1148.0,1157.8,1188.2,31.67259786476869,32.750110068893946,51.242270741385866,16.005554591405048,0.0,Neutral
2016-04-06,1155.0,1166.0,1155.0,1157.0,2995.0,0.0,1155.0,1167.1,1187.85,35.33834586466166,37.63742003054176,55.86531090950884,26.290894072126978,0.0,Neutral
2016-04-05,1135.0,1170.0,1155.0,1155.0,1690.0,0.0,1153.8,1173.7,1182.6,40.48442906574394,41.29158772660094,60.42228362925061,31.283826137134888,0.0,Neutral
2016-04-04,1156.0,1155.0,1133.0,1135.0,10969.0,0.0,1154.8,1184.1,1178.6,47.72036474164133,45.55866594627514,65.20495760491302,40.34972118863685,0.0,Neutral
2016-04-03,1172.0,1169.0,1137.0,1156.0,4901.0,0.0,1160.8,1198.5,1171.3,46.44970414201183,52.37870155107703,70.11653051957248,46.15733961138531,0.0,Neutral
2016-03-31,1151.0,1178.0,1158.0,1172.0,14411.0,0.0,1167.6,1206.9,1160.4,48.75776397515528,58.18349315500814,74.55098776169633,45.19697630005178,0.0,Neutral
2016-03-30,1160.0,1183.0,1150.0,1151.0,43712.0,0.0,1179.2,1213.2,1147.45,52.99145299145299,63.11712181086227,78.64286141336838,44.17088030215669,0.0,Neutral
2016-03-29,1165.0,1161.0,1150.0,1160.0,3026.0,0.0,1193.6,1219.1,1136.15,62.85714285714286,70.63434061435805,82.5242963139949,38.51824964294657,0.0,Neutral
2016-03-28,1190.0,1213.0,1140.0,1165.0,12899.0,0.0,1213.4,1218.1,1124.65,60.273972602739725,78.28527311461085,85.4967852389041,40.31115092489528,0.0,Neutral
2016-03-27,1230.0,1210.0,1160.0,1190.0,2943.0,0.0,1236.2,1219.6,1113.15,70.14028056112224,86.40285935144834,87.2996632699774,38.34695410185388,0.0,Neutral
2016-03-24,1223.0,1250.0,1224.0,1230.0,1515.0,0.0,1246.2,1218.6,1100.75,78.62745098039215,92.9616278304452,87.52386424960967,39.32259740489511,0.0,Neutral
2016-03-23,1259.0,1265.0,1222.0,1223.0,7986.0,0.0,1247.2,1208.6,1085.85,79.3560606060606,95.90810501155852,86.16442335440078,47.88458346205086,0.0,Neutral
2016-03-21,1279.0,1270.0,1237.0,1259.0,5428.0,0.0,1244.6,1191.5,1071.35,83.13492063492063,98.98658163164782,83.72850294011135,68.33617880254998,0.0,Neutral
2016-03-20,1240.0,1289.0,1240.0,1279.0,13339.0,0.0,1222.8,1173.1,1054.9,85.68507157464212,97.81057787573809,79.91398326722722,72.76972813838212,0.0,Neutral
2016-03-17,1235.0,1251.0,1212.0,1240.0,6866.0,0.0,1203.0,1144.1,1037.2,83.51648351648352,92.85050649454752,75.4398346150995,82.95038677828637,0.0,Neutral
2016-03-16,1210.0,1254.0,1210.0,1235.0,20522.0,0.0,1191.0,1113.9,1021.45,82.05689277899344,89.14000801899851,71.08716664523749,97.80189727766886,0.0,Neutral
2016-03-15,1150.0,1210.0,1128.0,1210.0,20344.0,0.0,1170.0,1081.7,1006.1,81.44796380090497,83.61657166629425,66.57395630179722,106.15193513701888,0.0,Neutral
2016-03-14,1180.0,1175.0,1084.0,1150.0,17264.0,0.0,1138.4,1053.2,996.1,78.3289817232376,77.8958718609689,62.31330246067296,106.13701836148948,0.0,Neutral
2016-03-13,1180.0,1226.0,1113.0,1180.0,9116.0,0.0,1123.4,1031.2,991.65,85.11235955056179,75.57023870055798,58.417660110598966,106.64249726175152,0.0,Neutral
2016-03-10,1130.0,1199.0,1091.0,1180.0,10895.0,0.0,1085.2,1006.7,989.9,85.31855955678671,68.44813617653426,54.129515463109215,96.30051344042413,0.0,Neutral
2016-03-06,1052.0,1130.0,1034.0,1130.0,10201.0,0.0,1036.8,982.9,985.9,82.95819935691318,58.362134246939945,50.54986028475295,75.9772626806522,0.0,Neutral
2016-03-03,1075.0,1096.0,1052.0,1052.0,6717.0,0.0,993.4,963.1,979.4,76.27118644067797,49.73073346775686,48.5967917942062,56.74984091999548,0.0,Neutral
2016-03-02,989.0,1075.0,995.0,1075.0,14770.0,0.0,968.0,951.2,974.4,61.01694915254238,45.93238944097766,48.31330637581852,47.8093435777324,0.0,Neutral
2016-03-01,938.0,1000.0,950.0,989.0,19663.0,0.0,939.0,936.7,963.95,36.15384615384615,38.07439558220153,48.90853560952873,19.978043503369573,0.0,Neutral
2016-02-29,913.0,1000.0,920.0,938.0,14126.0,0.0,928.2,930.3,959.55,14.675767918088738,36.24729221216796,51.61707061636052,8.056053624467372,0.0,Neutral
2016-02-28,925.0,916.0,907.0,913.0,1234.0,0.0,929.0,929.0,956.85,20.12779552715655,38.58073784223916,55.45951521740866,7.717224601879039,0.0,Neutral
2016-02-25,930.0,934.0,900.0,925.0,2831.0,0.0,932.8,930.5,951.4,40.64837905236908,43.54334316873371,59.679209561201034,5.359311730298618,0.0,Neutral
2016-02-24,935.0,930.0,920.0,930.0,1674.0,0.0,934.4,939.0,943.85,47.52252252252252,48.02225624845971,63.71317615931787,25.44274618302126,0.0,Neutral
2016-02-23,942.0,935.0,925.0,935.0,500.0,0.0,934.4,952.1,932.55,56.57142857142858,52.53138157933233,67.6359061370324,45.8413932307218,0.0,Neutral
2016-02-22,932.0,966.0,930.0,942.0,20311.0,0.0,932.4,973.1,920.1,53.707052441229656,57.013481451401276,71.41203727645743,75.58725642152719,0.0,Neutral
2016-02-21,933.0,935.0,921.0,932.0,2517.0,0.0,929.0,988.9,907.5,54.285714285714285,61.1922564670034,75.01167623272146,84.36751612900652,0.0,Neutral
2016-02-18,930.0,950.0,933.0,933.0,1040.0,0.0,928.2,995.7,894.65,60.093896713615024,66.65400557467012,78.46653117415096,81.97838468496417,0.0,Neutral
2016-02-17,925.0,935.0,920.0,930.0,2550.0,0.0,943.6,997.6,882.0,61.711711711711715,72.55385253646045,81.41966257402116,80.57184509630295,0.0,Neutral
2016-02-16,925.0,926.0,916.0,925.0,4934.0,0.0,969.8,991.2,870.15,65.11627906976744,79.33432843988783,83.63611508341133,88.67268150025039,0.0,Neutral
2016-02-15,928.0,933.0,875.0,925.0,2727.0,0.0,1013.8,988.8,857.4,65.95460614152202,87.34381836113687,84.7115617442922,90.95884295169716,0.21150878071784973,Positive
2016-02-14,1010.0,992.0,909.0,928.0,3641.0,0.0,1048.8,984.7,845.65,65.86666666666667,96.2963845026419,84.05349759008104,94.98894672539744,0.42301756143569946,Positive
2016-02-08,1061.0,1040.0,961.0,1010.0,2612.0,0.8460351228713989,1063.2,972.3,834.7,74.52415812591508,106.01698514866996,80.99277586194083,110.10404170601718,0.8460351228713989,Strongly Positive
2016-02-07,1145.0,1145.0,1055.0,1061.0,2328.0,0.0,1051.6,948.7,820.7,79.90580847723704,108.53285018925578,74.73672354025854,125.36085690694993,0.0,Neutral
2016-02-04,1100.0,1170.0,1122.0,1145.0,12118.0,0.0,1012.6,913.0,803.7,89.92932862190813,104.97262192921437,66.28769187800921,139.8252878098643,0.0,Neutral
2016-02-03,1000.0,1100.0,1001.0,1100.0,15481.0,0.0,963.8,867.1,781.05,89.5220588235294,90.3488742674275,56.616459365207916,130.21217727659464,0.01175440568476915,Neutral
2016-02-02,952.0,1028.0,971.0,1000.0,14728.0,0.0,920.6,826.1,759.1,83.40517241379311,74.9513072624934,48.183355639653016,112.00639862674569,0.0235088113695383,Neutral
2016-02-01,866.0,952.0,801.0,952.0,23669.0,0.0470176227390766,881.4,793.6,742.15,77.93103448275862,64.39002999783213,41.49136773394292,102.70583668365181,0.0470176227390766,Neutral
2016-01-31,901.0,883.0,866.0,866.0,630.0,0.0,845.8,766.4,727.65,68.37837837837837,54.86069021642322,35.76670216797062,91.50130539445276,0.0,Neutral
2016-01-20,884.0,901.0,901.0,901.0,11.0,0.0,813.4,749.1,717.25,76.16279069767442,50.65617740136793,30.993205155857474,86.81199353903936,0.0,Neutral
2016-01-19,804.0,884.0,820.0,884.0,4015.0,0.0,770.4,726.0,705.8,76.96629213483146,40.989236646131985,26.077462094479856,71.23825439248802,0.0,Neutral
2016-01-18,774.0,804.0,789.0,804.0,20.0,0.0,731.6,706.6,694.6,73.28990228013029,29.78540700368717,22.349518456566827,45.02147635665948,0.0,Neutral
2016-01-17,704.0,774.0,718.0,774.0,50.0,0.0,705.8,697.1,687.9,70.3971119133574,23.197458521822,20.49054631978674,29.550145703718794,0.0,Neutral
2016-01-14,686.0,704.0,681.0,704.0,8442.0,0.0,687.0,692.7,683.15,60.09615384615385,17.50596851737862,19.813818269277927,17.74542194482542,0.0,Neutral
2016-01-13,690.0,690.0,686.0,686.0,700.0,0.0,684.8,694.4,679.95,57.21649484536082,17.114198096909035,20.390780707252752,19.659320661934967,0.0,Neutral
2016-01-12,675.0,690.0,676.0,690.0,1681.0,0.0,681.6,695.0,678.5,54.41176470588235,18.197950060645553,21.20992635983868,19.465068427539215,0.0,Neutral
2016-01-11,680.0,678.0,670.0,675.0,1304.0,0.0,681.6,692.1,678.05,53.731343283582085,18.909241475296085,21.96292043463696,22.253339324941823,0.0,Neutral
2016-01-10,693.0,704.0,680.0,680.0,1100.0,0.0,688.4,690.7,678.3,52.42718446601941,21.0693371867186,22.726340174472178,23.832983680416522,0.0,Neutral
2016-01-07,670.0,693.0,661.0,693.0,4007.0,0.0,698.4,688.9,676.45,53.46534653465347,23.01085080840005,23.14059092141057,25.3616070293465,0.0,Neutral
2016-01-06,690.0,681.0,670.0,670.0,2375.0,0.0,704.0,685.4,671.05,56.88073394495412,23.830588546496756,23.1730259496632,27.08915322083923,0.0,Neutral
2016-01-05,709.0,700.0,682.0,690.0,1379.0,0.0,708.4,685.6,665.05,57.674418604651166,26.87206342608215,23.00863530045481,26.969942116690945,0.0,Neutral
2016-01-04,730.0,722.0,709.0,709.0,3001.0,0.0,702.6,682.6,658.3,56.36363636363637,28.32686134982805,22.04277826904797,28.072129317960943,0.0,Neutral
2016-01-03,721.0,740.0,729.0,730.0,3546.0,0.0,693.0,678.7,650.05,62.50000000000001,27.837139989229854,20.471757498852952,26.671041307836422,0.0,Neutral
2015-12-31,692.0,760.0,705.0,721.0,6162.0,0.0,679.4,673.6,641.25,67.10526315789474,24.66899178004121,18.630411876258727,19.749542892034484,0.0,Neutral
2015-12-29,661.0,695.0,661.0,692.0,5338.0,0.0,666.8,665.5,631.95,70.8171206225681,21.18282454896712,17.120766900313104,13.890444357337802,0.0,Neutral
2015-12-28,661.0,661.0,660.0,661.0,926.0,0.0,662.8,662.0,624.35,71.26436781609196,19.37782092604766,16.1052524881496,10.456258094231464,0.0,Neutral
2015-12-27,662.0,661.0,661.0,661.0,200.0,0.0,662.6,664.0,618.25,69.92481203007519,19.94848436114239,15.287110378675083,12.036980056838987,0.0,Neutral
2015-12-24,658.0,663.0,660.0,662.0,1498.0,0.0,664.4,665.9,613.8,71.3768115942029,20.386698645774004,14.121766883058255,12.973905434450945,0.0,Neutral
2015-12-22,672.0,665.0,652.0,658.0,900.0,0.0,667.8,664.0,609.8,68.43971631205673,20.547667443310843,12.555533942379316,14.86233120640028,0.0,Neutral
2015-12-21,660.0,675.0,670.0,672.0,2084.0,0.0,664.2,656.7,607.1,73.86759581881533,20.861519727536916,10.557500567146436,29.173999078324222,0.0,Neutral
2015-12-20,670.0,693.0,660.0,660.0,2814.0,0.0,661.2,644.5,601.5,71.42857142857143,19.533214537912272,7.981495777048815,43.871656251183936,0.0,Neutral
2015-12-17,679.0,686.0,670.0,670.0,1379.0,0.0,665.4,634.0,596.0,74.16974169741698,18.775512793512576,5.09356608683295,51.629018541469165,0.0,Neutral
2015-12-16,640.0,702.0,645.0,679.0,4422.0,0.0,667.4,621.4,589.5,68.13559322033899,16.517129653663915,1.673079410163043,56.966266821298284,0.0,Neutral
2015-12-15,657.0,645.0,630.0,640.0,2609.0,0.0,660.2,608.9,582.4,60.90225563909774,12.477998742022123,-2.037933150712175,56.636168263357405,0.0,Neutral
2015-12-14,681.0,690.0,657.0,657.0,2087.0,0.0,649.2,598.4,577.15,59.77859778597786,11.112009851278913,-5.666916123895749,59.87060120700854,0.2317967116832733,Positive
2015-12-13,680.0,690.0,670.0,681.0,3431.0,0.0,627.8,586.7,574.8,70.79037800687286,7.475972978348068,-9.861647617689414,58.56439950079431,0.4635934233665466,Positive
2015-12-10,643.0,707.0,645.0,680.0,9870.0,0.9271868467330932,602.6,572.5,571.2,71.66666666666667,0.28268994448581,-14.196052766698784,49.704124577339925,0.9271868467330932,Strongly Positive
2015-12-09,585.0,643.0,596.0,643.0,11120.0,0.0,575.4,561.7,568.05,68.86446886446886,-8.800848617927272,-17.815738444494933,32.50999846200721,0.0,Neutral
2015-12-08,550.0,585.0,561.0,585.0,866.0,0.0,557.6,555.6,566.15,61.0091743119266,-16.499461857691813,-20.069460901136846,18.081297888509987,0.0,Neutral
2015-12-07,555.0,550.0,550.0,550.0,500.0,0.0,547.6,557.5,567.65,54.054054054054056,-20.18024512942486,-20.961960661998106,22.071852361466448,0.0,Neutral
2015-12-06,544.0,565.0,554.0,555.0,507.0,0.0,545.6,558.5,571.15,39.21568627450981,-21.02109584891798,-21.157389545141417,21.920310216776283,0.0,Neutral
2015-12-02,554.0,544.0,544.0,544.0,100.0,0.0,542.4,558.0,574.65,36.73469387755102,-22.297656645814072,-21.191462969197275,22.065558884573825,0.0,Neutral
2015-12-01,535.0,554.0,534.0,554.0,2070.0,0.0,548.0,557.6,579.05,37.037037037037045,-22.4826828753678,-20.914914550043076,22.38154001254245,0.0,Neutral
2015-11-30,540.0,535.0,520.0,535.0,1174.0,0.0,553.6,555.9,582.35,35.16949152542372,-23.41000460290195,-20.522972468711895,23.311656597784648,0.0,Neutral
2015-11-24,539.0,540.0,540.0,540.0,1274.0,0.0,567.4,555.9,586.8,34.43983402489627,-22.318549722730495,-19.801214435164383,23.311656597784648,0.0,Neutral
2015-11-22,572.0,561.0,539.0,539.0,1459.0,0.0,571.4,562.9,591.8,33.469387755102034,-21.109913861526593,-19.171880613272855,28.037474921963142,0.22727079689502716,Positive
2015-11-19,582.0,573.0,572.0,572.0,270.0,0.0,573.6,569.9,597.35,37.78801843317972,-19.15838352433161,-18.687372301209418,30.071950755179547,0.4545415937900543,Positive
2015-11-18,604.0,593.0,582.0,582.0,600.0,0.9090831875801086,567.2,574.4,600.9,38.31775700934579,-19.748853769957805,-18.56961949542887,33.58306451504909,0.9090831875801086,Strongly Positive
2015-11-10,560.0,604.0,571.0,604.0,1637.0,0.0,558.2,576.7,604.0,46.07843137254902,-21.233434283175825,-18.274810926796636,34.922294693596484,0.0,Neutral
2015-11-09,550.0,560.0,560.0,560.0,949.0,0.0,544.4,577.8,606.95,30.487804878048777,-25.059448912291487,-17.53515508770184,36.03331791550332,0.0,Neutral
2015-11-08,540.0,550.0,547.0,550.0,900.0,0.0,554.4,583.8,612.35,23.529411764705884,-25.098333782001987,-15.654081631554423,37.69703790308208,0.0,Neutral
2015-11-05,537.0,540.0,538.0,540.0,550.0,0.0,566.2,591.3,617.6,17.647058823529406,-23.76471652433088,-13.29301859394253,37.68598324752963,0.0,Neutral
2015-11-04,535.0,537.0,537.0,537.0,200.0,0.0,581.6,600.5,623.95,19.54022988505747,-20.69868552964033,-10.675094111345445,34.89746886714129,0.22991397976875305,Positive
2015-11-03,530.0,540.0,530.0,535.0,2032.0,0.0,595.2,608.8,630.85,18.497109826589593,-16.178788725076856,-8.169196256771723,27.120308093952097,0.45768900215625763,Positive
2015-10-29,609.0,621.0,601.0,610.0,1275.0,0.9196559190750122,611.2,617.7,637.85,27.350427350427353,-9.970792603978339,-6.166798139695439,8.246884933773094,0.9153780043125153,Strongly Positive
2015-10-27,617.0,609.0,606.0,609.0,650.0,-0.0085558295249938,613.2,620.7,641.1,25.619834710743802,-9.538466026082006,-5.215799523624714,10.32849349022227,-0.0085558295249938,Neutral
2015-10-19,605.0,617.0,617.0,617.0,905.0,0.0,616.4,624.8,644.15,34.920634920634924,-8.74610059718782,-4.13513289801039,12.968337510165613,0.0,Neutral
2015-10-18,615.0,605.0,605.0,605.0,100.0,0.0,619.4,627.4,647.25,25.396825396825406,-8.422083622894661,-2.9823909732160323,13.809819372855841,0.0,Neutral
2015-10-15,620.0,620.0,615.0,615.0,1040.0,0.0,622.4,631.3,650.0,25.80645161290323,-6.66419892300928,-1.6224678107963748,12.193349735719687,0.0,Neutral
2015-10-14,625.0,620.0,620.0,620.0,600.0,0.0,624.2,636.1,651.25,26.890756302521012,-5.341746830820853,-0.3620350327431481,14.32519148601213,0.0,Neutral
2015-10-11,632.0,644.0,625.0,625.0,1119.0,0.0,628.2,640.9,651.75,28.070175438596493,-4.085209842888503,0.882892916776278,16.244315244958383,0.0,Neutral
2015-10-08,620.0,632.0,632.0,632.0,200.0,0.0,633.2,643.9,651.7,33.03571428571429,-2.931081398758238,2.1249186066924732,15.744134710348202,0.0,Neutral
2015-10-07,624.0,620.0,612.0,620.0,817.0,0.0,635.4,647.4,651.4,22.935779816513758,-2.128087182450031,3.3889186080551505,16.667999946665464,0.0,Neutral
2015-10-06,640.0,632.0,620.0,624.0,1248.0,0.0,640.2,652.9,652.15,35.48387096774192,0.14959761265561156,4.768170055681446,15.666312052718673,0.0,Neutral
2015-10-01,650.0,640.0,640.0,640.0,500.0,0.0,648.0,658.0,653.2,50.0,2.6473029676787974,5.922813166437904,13.341664064120046,0.0,Neutral
2015-09-30,643.0,650.0,650.0,650.0,800.0,0.0,653.6,661.5,653.3,57.8125,4.167686123105796,6.74169071612768,12.668859459313518,0.0,Neutral
2015-09-29,644.0,643.0,636.0,643.0,3031.0,0.0,654.6,663.5,652.8,57.480314960629926,5.029445188787463,7.385191864383151,12.22247474485955,0.0,Neutral
2015-09-28,663.0,650.0,640.0,644.0,521.0,0.0,659.4,667.1,652.7,57.03125,6.768934829875207,7.974128533282071,10.723287224015541,0.0,Neutral
2015-09-24,668.0,670.0,655.0,663.0,2238.0,0.0,665.6,668.7,652.0,61.86440677966102,8.788880737883574,8.275426959133787,7.645623294107809,0.0,Neutral
2015-09-23,655.0,668.0,643.0,668.0,3318.0,0.0,668.0,666.4,651.85,59.34959349593496,9.304682522463168,8.147063514446339,11.852800887922411,0.0,Neutral
2015-09-22,667.0,660.0,655.0,655.0,219.0,0.0,669.4,662.6,650.95,55.752212389380524,9.318601418090907,7.857658762442132,16.47354781999368,0.0,Neutral
2015-09-17,675.0,690.0,665.0,667.0,1735.0,0.0,672.4,659.5,649.7,63.10679611650485,10.524460060610636,7.4924230985299385,20.489834878133376,0.22029779851436615,Positive
2015-09-16,675.0,680.0,667.0,675.0,1510.0,0.0,674.8,655.4,647.85,67.70833333333334,10.688672945272401,6.7344138580097646,22.794736234486976,0.4405955970287323,Positive
2015-09-15,675.0,701.0,675.0,675.0,1860.0,0.8811911940574646,671.8,651.4,645.1,71.02803738317758,9.928251238855069,5.745849086194104,22.48060892808749,0.8811911940574646,Strongly Positive
2015-09-14,670.0,680.0,667.0,675.0,2341.0,0.0,664.8,648.4,642.35,55.47445255474454,8.813265697371776,4.7002485480288625,20.929511328367667,0.0,Neutral
2015-09-13,679.0,680.0,670.0,670.0,3453.0,0.0,655.8,645.1,639.25,57.04225352112677,7.261945741553177,3.671994260693134,18.75840552332741,0.0,Neutral
2015-09-10,660.0,699.0,673.0,679.0,9153.0,0.0,646.6,642.1,636.75,66.01307189542484,5.685359968976627,2.774506390478123,16.609568861881893,0.0,Neutral
2015-09-09,640.0,660.0,650.0,660.0,1891.0,0.0,636.0,638.3,635.2,61.19402985074626,2.6740034378846076,2.0467929958534965,10.424863441675965,0.0,Neutral
2015-09-08,630.0,640.0,639.0,640.0,3420.0,0.0,631.0,635.3,635.5,58.064516129032256,0.726068324558014,1.8899903853457185,7.349225204803708,0.0,Neutral
2015-09-07,624.0,630.0,617.0,630.0,2488.0,0.0,632.0,637.3,634.35,54.385964912280706,0.26559742246377027,2.1809709005426448,10.719141756680575,0.0,Neutral
2015-09-06,626.0,630.0,622.0,624.0,610.0,0.0,634.4,639.3,633.1,54.78260869565218,0.6921876903732027,2.6598142700623635,11.0659638330952,0.0,Neutral
2015-09-03,635.0,635.0,626.0,626.0,759.0,0.0,637.6,639.9,631.85,52.50000000000001,1.8375129022813326,3.1517209149846535,10.278888828826377,0.0,Neutral
2015-09-02,645.0,640.0,635.0,635.0,900.0,0.0,640.6,640.3,631.8,45.32374100719424,3.069000530538119,3.4802729181604835,9.741663102356627,0.0,Neutral
2015-09-01,642.0,654.0,645.0,645.0,398.0,0.0,639.6,638.8,631.9,42.857142857142854,3.6798229137962153,3.583091015066074,11.62181856107217,0.0,Neutral
2015-08-31,640.0,664.0,638.0,642.0,3116.0,0.0,642.6,636.3,632.15,56.47668393782383,3.3877478769541085,3.5589080403835385,12.771931029489403,0.0,Neutral
2015-08-27,641.0,653.0,639.0,640.0,982.0,0.0,644.2,633.4,633.55,58.62068965517242,3.2711321335380035,3.601698081240896,14.508235209311225,0.0,Neutral
2015-08-26,630.0,641.0,641.0,641.0,852.0,0.0,642.2,631.4,636.05,60.09615384615385,3.278344299090122,3.684339568166619,14.871299726498776,0.0,Neutral
2015-08-25,660.0,647.0,622.0,630.0,2050.0,0.0,640.0,632.1,640.5,51.12107623318386,3.1380464551353953,3.7858383854357434,15.523816827336521,0.0,Neutral
2015-08-24,650.0,663.0,659.0,660.0,1050.0,0.0,638.0,635.7,646.85,55.609756097560975,4.033331076776562,3.94778636801083,18.80927667106581,0.0,Neutral
2015-08-20,630.0,655.0,641.0,650.0,1558.0,0.0,630.0,631.4,649.6,50.0,2.062827723645455,3.9264001908193964,17.50682406630899,0.0,Neutral
2015-08-19,630.0,630.0,630.0,630.0,405.0,0.0,622.6,626.9,651.55,40.38461538461538,0.5359259496688082,4.392293307612881,17.971891633567427,0.0,Neutral
2015-08-18,620.0,630.0,620.0,630.0,2130.0,0.0,620.6,623.8,652.55,36.84210526315789,0.615612398888743,5.3563851470989,19.943252827288028,0.0,Neutral
2015-08-17,620.0,620.0,620.0,620.0,200.0,0.0,624.2,623.3,653.4,28.68217054263566,0.7083669228182998,6.541578334151438,19.8329131608103,0.0,Neutral
2015-08-16,613.0,632.0,620.0,620.0,794.0,0.0,633.4,625.0,654.9,25.964912280701753,1.8346337235747114,7.999881186984722,20.242968600913684,0.0,Neutral
2015-08-13,620.0,625.0,613.0,613.0,2498.0,0.0,632.8,628.0,655.4,34.0625,3.2454741314701323,9.541193052837224,21.597324937228848,0.0,Neutral
2015-08-12,648.0,636.0,620.0,620.0,3548.0,0.0,631.2,633.7,655.0,39.82300884955752,5.711739901089686,11.115122783178997,24.522325428968855,0.0,Neutral
2015-08-11,666.0,691.0,648.0,648.0,2082.0,0.0,627.0,640.7,651.5,49.714285714285715,8.063784721206389,12.465968503701323,29.635001827790532,0.0,Neutral
2015-08-10,617.0,666.0,629.0,666.0,1748.0,0.0,622.4,648.9,646.4,52.83582089552238,8.097648695665157,13.566514449325055,41.03237204397739,0.0,Neutral
2015-08-09,605.0,617.0,610.0,617.0,1092.0,0.0,616.6,658.0,640.3,44.29065743944636,6.190360187491933,14.933730887740028,53.45610868324951,0.0,Neutral
2015-08-06,599.0,605.0,600.0,605.0,1628.0,0.0,623.2,667.8,635.9,45.791245791245785,8.655015797969213,17.11957356280205,54.083885461997845,0.0,Neutral
2015-08-05,625.0,620.0,599.0,599.0,1600.0,0.0,636.2,676.2,632.05,49.050632911392405,12.896739638280451,19.235713004010258,49.582254890231034,0.0,Neutral
2015-08-04,637.0,625.0,625.0,625.0,100.0,0.0,654.4,681.3,629.8,60.869565217391305,18.734041854266366,20.820456345442707,42.93677522435179,0.0,Neutral
2015-08-03,650.0,641.0,635.0,637.0,699.0,0.0,675.4,683.5,626.9,63.50148367952522,23.264794255699144,21.342059968236793,40.20848445567262,0.0,Neutral
2015-08-02,670.0,682.0,650.0,650.0,2007.0,0.0,699.4,684.8,622.85,66.25766871165644,27.487466677081443,20.861376396371202,38.72065196879739,0.0,Neutral
2015-07-30,690.0,677.0,670.0,670.0,1200.0,0.0,712.4,682.8,617.95,71.96261682242991,31.15367814325191,19.20485382619364,41.15769132926917,0.0,Neutral
2015-07-28,730.0,716.0,690.0,690.0,399.0,0.0,716.2,676.3,611.95,76.82119205298014,33.34358909617117,16.217647746929075,47.97232998765313,0.0,Neutral
2015-07-27,757.0,742.0,730.0,730.0,798.0,0.0,708.2,662.3,605.5,80.55555555555556,33.61735050740731,11.93616240961855,61.928363632684935,0.0,Neutral
2015-07-26,715.0,757.0,729.0,757.0,649.0,0.0,691.6,643.9,597.5,84.67153284671534,29.405062701277302,6.51586538517136,66.72738901264057,0.0,Neutral
2015-07-23,689.0,716.0,690.0,715.0,10571.0,0.0,670.2,622.6,587.9,82.71604938271605,20.85185080761653,0.7935660561448743,60.29962225789024,0.0,Neutral
2015-07-22,650.0,689.0,638.0,689.0,15005.0,0.0,653.2,604.0,581.1,80.99547511312217,13.90790616068773,-4.2210051317230395,57.24023448977334,0.2302732914686203,Positive
2015-07-16,647.0,650.0,620.0,650.0,5090.0,0.0,636.4,587.9,576.15,77.17391304347827,7.489883630816166,-8.753232954825732,53.17361501095364,0.4605465829372406,Positive
2015-07-15,650.0,647.0,630.0,647.0,16961.0,0.9210931658744812,616.4,578.3,573.6,72.39583333333334,3.160118385331657,-12.814012101236207,49.236504073026005,0.9210931658744812,Strongly Positive
2015-07-14,630.0,650.0,618.0,650.0,2381.0,0.0,596.2,570.3,571.25,70.20202020202021,-2.106747340873426,-16.807544722878173,42.92901116960146,0.0,Neutral
2015-07-13,605.0,648.0,615.0,630.0,4352.0,0.0,575.0,560.9,568.25,67.75956284153006,-9.103994179180518,-20.482744068379358,32.58305626480294,0.0,Neutral
2015-07-12,550.0,605.0,560.0,605.0,10599.0,0.0,554.8,553.1,565.75,57.558139534883715,-15.866240228377137,-23.327431540679065,21.73297545717048,0.0,Neutral
2015-07-09,546.0,560.0,550.0,550.0,5210.0,0.0,539.4,547.6,563.25,34.375,-21.72108896421173,-25.192729368754545,11.852800887918328,0.0,Neutral
2015-07-08,544.0,554.0,546.0,546.0,1268.0,0.0,540.2,548.7,562.25,30.075187969924812,-23.27806187483384,-26.060639469890248,12.587913073869903,0.0,Neutral
2015-07-07,529.0,545.0,530.0,544.0,2155.0,0.0,544.4,551.1,561.45,28.787878787878796,-24.519462762575813,-26.756283868654346,14.20054772025736,0.2312622517347336,Positive
2015-07-06,528.0,535.0,525.0,529.0,1400.0,0.0,546.8,553.2,560.75,25.984251968503926,-25.54365861911083,-27.315489145173977,14.581571322116645,0.4625245034694672,Positive
2015-07-05,554.0,543.0,527.0,528.0,1793.0,0.9250490069389344,551.4,558.2,561.6,30.882352941176464,-24.952088114264825,-27.758446776689762,13.918812209850698,0.9250490069389344,Strongly Positive
2015-07-01,567.0,560.0,554.0,554.0,600.0,0.0,555.8,564.4,563.1,49.62962962962963,-23.732271388235745,-28.460036442295994,12.729667884285293,0.20202423632144928,Positive
2015-06-30,556.0,567.0,567.0,567.0,198.0,0.0,557.2,568.9,566.15,62.585034013605444,-24.477417728638784,-29.641977705811055,16.141389173308717,0.40404847264289856,Positive
2015-06-29,552.0,563.0,555.0,556.0,425.0,0.8080969452857971,557.8,572.2,569.15,59.55882352941176,-26.396096617973058,-30.93311770010412,18.855002283502298,0.8080969452857971,Strongly Positive
2015-06-28,550.0,555.0,516.0,552.0,39465.0,0.0,559.6,575.6,573.3,58.33333333333334,-27.341085358643568,-32.06737297063688,18.673808157707928,0.0,Neutral
2015-06-25,561.0,550.0,550.0,550.0,188.0,0.0,565.0,578.4,578.3,51.36986301369863,-27.74227338242838,-33.2489448736352,16.74116682511816,0.0,Neutral
2015-06-16,570.0,561.0,561.0,561.0,198.0,0.0,573.0,578.9,583.35,51.0204081632653,-27.647174847223823,-34.62561274643691,15.849640724978018,0.20207519829273224,Positive
2015-06-15,565.0,570.0,570.0,570.0,109.0,0.0,580.6,575.8,588.55,38.46153846153846,-28.24365380996676,-36.37022222124018,21.693829127703346,0.4041503965854645,Positive
2015-06-14,579.0,570.0,565.0,565.0,497.0,0.808300793170929,586.6,571.8,592.75,34.65346534653466,-29.51052472154106,-38.40186432405853,26.11853322408328,0.808300793170929,Strongly Positive
2015-06-11,590.0,579.0,579.0,579.0,500.0,0.0,591.6,568.3,595.6,35.0,-30.18917778000059,-40.624699224687895,29.284239219526054,0.0,Neutral
2015-06-10,599.0,591.0,590.0,590.0,549.0,0.0,591.8,565.0,596.4,34.65346534653466,-32.041725097816084,-43.233579585859715,29.799328851498622,0.0,Neutral
2015-06-09,600.0,612.0,599.0,599.0,2049.0,0.0,584.8,561.8,596.45,36.597938144329895,-35.06018767295063,-46.03154320787062,28.506529466456925,0.0,Neutral
2015-06-08,590.0,600.0,600.0,600.0,300.0,0.0,571.0,563.4,595.7,34.29951690821255,-39.31924081178863,-48.774382091600614,31.152670654193457,0.0,Neutral
2015-06-07,580.0,590.0,590.0,590.0,60.0,0.0,557.0,566.1,595.45,34.61538461538463,-44.285243315370394,-51.1381674115536,35.538554963428794,0.0,Neutral
2015-06-04,555.0,580.0,560.0,580.0,757.0,0.0,545.0,571.0,596.3,40.86956521739131,-48.96133751717298,-52.8513984355994,41.99206274205994,0.0,Neutral
2015-06-03,530.0,555.0,530.0,555.0,1748.0,0.0,538.2,578.2,598.7,41.379310344827594,-53.19938738904216,-53.82391366520601,49.251734318022805,0.0,Neutral
2015-06-02,530.0,530.0,520.0,530.0,506.0,0.0,538.8,587.8,602.8,35.54502369668246,-55.289416318023655,-53.980045234246965,53.407864589400894,0.0,Neutral
2015-06-01,530.0,535.0,525.0,530.0,1500.0,0.0,555.8,601.3,608.8,37.61467889908257,-54.607389004570564,-53.652702463302795,54.23006546188006,0.0,Neutral
2015-05-31,546.0,536.0,516.0,530.0,857.0,0.0,575.2,613.7,615.15,35.80786026200873,-52.94258484806039,-53.414030827985854,50.13769927797546,0.0,Neutral
2015-05-28,558.0,557.0,546.0,546.0,458.0,0.0,597.0,622.9,622.15,36.44444444444444,-50.04761539959736,-53.53189232296722,40.60774419847415,0.0,Neutral
2015-05-27,615.0,603.0,558.0,558.0,100.0,0.0,618.2,627.8,628.9,35.04273504273503,-47.253707261383056,-54.402961553809675,32.43043837713516,0.0,Neutral
2015-05-26,627.0,615.0,615.0,615.0,40.0,0.0,636.8,631.1,635.75,44.08602150537634,-44.222156041169455,-56.190275126916326,25.47089842676339,0.0,Neutral
2015-04-23,639.0,627.0,627.0,627.0,200.0,0.0,646.8,628.0,639.8,43.85026737967914,-45.513199304952764,-59.18230489835304,29.253679730550225,0.0,Neutral
2015-04-22,652.0,639.0,639.0,639.0,49.0,0.0,652.2,624.8,643.95,45.05494505494505,-47.72084798992762,-62.59958129670311,31.069098617254934,0.0,Neutral
2015-04-21,651.0,665.0,652.0,652.0,608.0,0.0,648.8,621.6,647.5,45.05494505494505,-51.06630724980562,-66.31926462339698,31.09197824376781,0.0,Neutral
2015-04-20,665.0,660.0,650.0,651.0,400.0,0.0,637.4,619.2,650.6,42.1875,-55.91718350878,-70.1325039667948,29.362863923289133,0.0,Neutral
2015-04-19,654.0,665.0,660.0,665.0,1052.0,0.0,625.4,617.8,652.8,42.1875,-61.19350653737979,-73.6863340812985,27.97935747018254,-0.23234833776950836,Negative
2015-04-16,622.0,654.0,630.0,654.0,310.0,0.0,609.2,616.3,655.1,38.46153846153846,-68.46338056243053,-76.80954096727817,25.456062364610208,-0.4646966755390167,Negative
2015-04-15,595.0,622.0,595.0,622.0,900.0,-0.9293933510780334,597.4,616.6,658.65,23.170731707317074,-75.62655241895095,-78.89608106849008,25.96236592539783,-0.9293933510780334,Strongly Negative
2015-04-09,591.0,595.0,595.0,595.0,300.0,0.0,594.4,621.4,667.0,8.029197080291965,-80.41116009881591,-79.71346323087485,31.016841303463888,0.0,Neutral
2015-04-08,584.0,591.0,590.0,591.0,450.0,0.0,601.0,630.0,678.75,5.109489051094897,-82.59935157240636,-79.53903901388959,34.599293505950946,0.0,Neutral
2015-04-07,595.0,584.0,584.0,584.0,200.0,0.0,610.2,640.4,689.5,12.75167785234899,-83.78356175764463,-78.7739608742604,37.11304053533767,0.0,Neutral
2015-04-05,607.0,600.0,595.0,595.0,500.0,0.0,623.4,651.6,696.95,12.337662337662351,-83.36364731396498,-77.52156065341433,35.04346507473675,0.0,Neutral
2015-04-02,628.0,617.0,607.0,607.0,207.0,0.0,635.8,663.1,728.9,12.179487179487168,-82.7351216449199,-76.06103898827666,33.22800024075871,0.2319559007883072,Positive
2015-04-01,637.0,631.0,628.0,628.0,150.0,0.0,648.4,673.4,761.2,9.547738693467338,-81.95129256704888,-74.39251832411585,29.68052110952914,0.4639118015766144,Positive
2015-03-30,650.0,637.0,637.0,637.0,300.0,0.9278236031532288,659.0,682.0,789.75,8.225108225108215,-81.8970046521365,-72.50282476338259,27.438820836340064,0.9278236031532288,Strongly Positive
2015-03-29,657.0,650.0,650.0,650.0,100.0,0.0,670.6,687.8,812.4,17.768595041322314,-81.55284800943537,-70.15427979119411,22.567429824611747,0.0,Neutral
2015-03-25,670.0,660.0,657.0,657.0,399.0,0.0,679.8,693.9,832.15,37.66233766233766,-81.25099210534154,-67.3046377366338,19.209083499448447,0.0,Neutral
2015-03-24,681.0,670.0,670.0,670.0,49.0,0.0,690.4,700.7,850.3,14.572864321608051,-80.3966088662205,-63.81804914445685,16.54656728414659,0.0,Neutral
2015-03-23,695.0,682.0,681.0,681.0,189.0,0.0,698.4,712.6,866.3,14.427860696517413,-79.46033631205171,-59.67340921401593,29.631814734240628,0.0,Neutral
2015-03-22,696.0,709.0,695.0,695.0,220.0,0.0,705.0,727.5,881.45,20.142180094786724,-78.22952536019181,-54.726677439506986,45.29716694599417,0.0,Neutral
2015-03-19,710.0,696.0,696.0,696.0,30.0,0.0,705.0,738.6,896.2,29.306722689075627,-76.94613355821514,-48.850965459335775,49.82235107526153,0.0,Neutral
2015-03-17,710.0,710.0,700.0,710.0,899.0,0.0,708.0,742.3,911.3,32.960325534079345,-74.29066062466381,-41.827173434615936,47.63297177376142,0.0,Neutral
2015-03-11,714.0,710.0,710.0,710.0,200.0,0.0,711.0,794.7,925.8,34.62301587301587,-71.24617465311769,-33.711301637103965,161.13765681691063,0.0,Neutral
2015-03-09,695.0,714.0,695.0,714.0,869.0,0.0,726.8,849.0,939.85,36.65377176015474,-66.32399547266255,-24.327583383100535,212.6729361667297,0.0,Neutral
2015-03-04,711.0,716.0,695.0,695.0,450.0,0.0,750.0,897.5,953.65,35.84720861900098,-59.48406502091552,-13.828480360710032,232.81382643171767,0.0,Neutral
2015-03-03,725.0,725.0,711.0,711.0,179.0,0.0,772.2,937.0,968.9,36.201780415430264,-47.95405829856327,-2.4145841956586587,228.10036777212355,0.0,Neutral
2015-03-01,789.0,774.0,711.0,725.0,1719.0,0.0,776.6,970.4,983.6,36.41791044776119,-34.169154324963756,8.970284330067495,215.4324849124566,0.0,Neutral
2015-02-18,830.0,835.0,789.0,789.0,972.0,0.0,878.4,999.9,998.1,38.812301166489924,-17.50305282666102,19.755143993825307,197.5508092168254,0.0,Neutral
2015-02-16,806.0,871.0,820.0,830.0,4946.0,0.0,971.2,1020.0,1009.35,41.1635565312843,-2.49282069134847,29.069693198946883,183.42906591438168,0.0,Neutral
2015-02-15,733.0,806.0,747.0,806.0,2126.0,0.0,1045.0,1035.4,1018.15,39.63963963963965,12.527407535051793,36.96032167152072,171.80104772672485,0.0,Neutral
2015-02-12,667.0,733.0,680.0,733.0,1364.0,0.0,1101.8,1053.8,1027.6,33.81818181818181,33.96010017987453,43.06855020563795,153.36651814815806,0.0,Neutral
2015-02-11,1253.0,1260.0,1215.0,1234.0,12693.0,0.0,1164.2,1080.3,1040.2,84.80243161094225,68.25477188028663,45.3456627120788,107.94551094572564,0.0,Neutral
2015-02-10,1199.0,1280.0,1222.0,1253.0,8634.0,0.0,1121.4,1056.9,1027.95,87.1875,60.02353798691752,39.61838542002684,95.57946083408166,0.0,Neutral
2015-02-09,1090.0,1199.0,1111.0,1199.0,4916.0,0.0,1068.8,1030.7,1014.25,84.64419475655431,46.709875265025744,34.51709727830417,67.69383690969178,0.0,Neutral
2015-02-04,1045.0,1091.0,1055.0,1090.0,4793.0,0.0,1025.8,1009.8,1002.75,75.3012048192771,34.535565750683304,31.468902781623775,33.67425657020405,0.0,Neutral
2015-02-03,1020.0,1045.0,1011.0,1045.0,2267.0,0.0,1005.8,1000.8,996.25,68.93939393939394,29.592566105094647,30.702237039358888,18.437883705998452,0.0,Neutral
2015-02-02,990.0,1025.0,1005.0,1020.0,1050.0,0.0,996.4,996.8,992.0,64.95726495726495,27.43488195956013,30.979654772924945,10.347302385985968,0.0,Neutral
2015-02-01,984.0,990.0,990.0,990.0,99.0,0.0,992.4,996.3,987.85,50.54945054945055,26.827294094393437,31.865847976266146,9.153627089260993,0.0,Neutral
2015-01-29,990.0,985.0,984.0,984.0,650.0,0.0,992.6,998.7,986.6,52.631578947368425,28.716121305116758,33.12548644673432,10.382142788907059,0.0,Neutral
2015-01-28,998.0,995.0,990.0,990.0,600.0,0.0,993.8,1000.9,981.3,60.6060606060606,31.320171726001945,34.227827732138714,9.182713227722516,0.0,Neutral
2015-01-27,1000.0,998.0,986.0,998.0,407.0,0.0,995.8,1001.4,972.55,69.0,33.57741176537172,34.954741733672904,8.643558937814872,0.0,Neutral
2015-01-26,991.0,1000.0,992.0,1000.0,320.0,0.0,997.2,1000.1,962.75,70.40816326530611,35.15552669903445,35.2990742257482,10.07141168524555,0.0,Neutral
2015-01-25,990.0,991.0,991.0,991.0,50.0,0.0,1000.2,999.0,952.5,74.10714285714286,36.45478573510536,35.334961107426636,10.666666666683843,0.0,Neutral
2015-01-22,1000.0,1005.0,985.0,990.0,2174.0,0.0,1004.8,997.8,942.05,58.992805755395686,38.499224930452556,35.05500495050695,12.227473619332674,0.0,Neutral
2015-01-20,1005.0,1000.0,1000.0,1000.0,900.0,0.0,1008.0,995.7,932.25,78.24074074074075,40.65050223170738,34.193949955520544,15.166117206176242,0.0,Neutral
2015-01-19,1015.0,1005.0,1000.0,1005.0,2105.0,0.0,1007.0,991.7,923.5,84.67153284671534,41.78685250012029,32.579811886473834,18.756036065471044,0.0,Neutral
2015-01-18,1014.0,1015.0,1015.0,1015.0,500.0,0.0,1003.0,987.2,915.2,88.4476534296029,42.12034898816569,30.278051733062213,20.525323112907326,0.0,Neutral
2015-01-14,1006.0,1026.0,1006.0,1014.0,398.0,0.0,997.8,979.4,906.35,88.69257950530036,40.915170338533926,27.317477419286345,23.405602368291557,0.0,Neutral
2015-01-13,995.0,1006.0,1006.0,1006.0,69.0,0.0,990.8,974.5,894.4,88.88888888888889,38.88361256626172,23.918054189474447,20.27724504628317,0.0,Neutral
2015-01-12,985.0,995.0,989.0,995.0,705.0,0.0,983.4,961.7,882.1,84.77508650519032,36.53957173596132,20.176664595277625,33.964196835300015,0.2265354096889496,Positive
2015-01-11,989.0,990.0,985.0,985.0,450.0,0.0,976.4,943.7,870.7,75.80645161290323,34.13623857821847,16.0859378101067,55.331425669929985,0.4530708193778992,Positive
2015-01-08,979.0,989.0,970.0,989.0,644.0,0.9061416387557985,971.4,925.4,860.5,73.4375,31.590366241198012,11.573362618078757,68.78178053331882,0.9061416387557985,Strongly Positive
2015-01-07,969.0,979.0,960.0,979.0,866.0,0.0,961.0,906.0,851.1,72.66881028938907,27.474138403892653,6.569111712298943,75.84633588161626,0.0,Neutral
2015-01-06,960.0,969.0,941.0,969.0,3623.0,0.0,958.2,886.3,843.0,76.64835164835165,22.83889286022088,1.342855039400514,80.23583294818563,0.0,Neutral
2015-01-05,960.0,1016.0,960.0,960.0,3114.0,0.0,940.0,868.8,837.8,77.02702702702703,17.60861374287674,-4.031154415804577,79.27280604203449,0.0,Neutral
2015-01-04,937.0,975.0,955.0,960.0,2075.0,0.0,911.0,855.3,833.9,75.59681697612731,11.593114015024526,-9.441096455474908,73.28490825386903,0.0,Neutral
2015-01-01,965.0,984.0,937.0,937.0,949.0,0.0,879.4,843.2,830.0,71.19565217391305,3.7465217948928284,-14.699649073099764,63.39961443976867,0.0,Neutral
2014-12-31,878.0,965.0,895.0,965.0,2119.0,0.0,851.0,833.3,828.15,72.77777777777777,-3.98125986490993,-19.31119179009791,54.18497126612982,0.0,Neutral
2014-12-29,815.0,878.0,830.0,878.0,1968.0,0.0,814.4,814.3,824.5,60.55363321799308,-16.63771922175033,-23.143674771394906,31.390196629594815,0.0,Neutral
2014-12-28,802.0,818.0,812.0,815.0,669.0,0.0,797.6,802.5,826.1,40.87591240875912,-23.69177870307385,-24.770163658806048,26.596783431254575,0.0,Neutral
2014-12-24,795.0,809.0,802.0,802.0,570.0,0.0,799.6,797.7,830.35,35.61151079136691,-25.936170569009505,-25.039759897739096,28.362925722776204,0.0,Neutral
2014-12-23,782.0,795.0,795.0,795.0,99.0,0.0,807.0,795.6,835.1,33.94833948339483,-27.099940978709014,-24.81565722992149,28.783482917969664,0.0,Neutral
2014-12-21,794.0,782.0,779.0,782.0,2000.0,0.0,815.6,796.2,841.1,28.623188405797094,-27.47842697830788,-24.244586292724613,28.83208089765725,0.0,Neutral
2014-12-18,825.0,810.0,794.0,794.0,800.0,0.0,814.2,799.7,848.6,31.985294117647058,-26.238190170838834,-23.43612612132879,29.04039332455073,0.0,Neutral
2014-12-16,839.0,825.0,825.0,825.0,602.0,0.0,807.4,806.8,856.4,33.59073359073359,-25.49536878863887,-22.735610108951278,35.46140311819716,0.0,Neutral
2014-12-15,838.0,839.0,830.0,839.0,248.0,0.0,795.8,812.5,862.65,38.03921568627451,-27.33278049661419,-22.04567043902938,42.5786853301581,0.0,Neutral
2014-12-14,775.0,838.0,790.0,838.0,398.0,0.0,784.2,816.8,868.7,38.52140077821011,-30.70587281484279,-20.723892924633176,47.445407224164974,0.0,Neutral
2014-12-10,760.0,775.0,775.0,775.0,20.0,0.0,776.8,823.0,875.3,16.981132075471706,-34.462716132802484,-18.22839795208077,54.10689009318258,0.0,Neutral
2014-12-09,767.0,767.0,760.0,760.0,648.0,0.0,785.2,834.7,884.55,9.813084112149525,-32.34199300579394,-14.169818406900337,55.21282057236117,0.0,Neutral
2014-12-08,781.0,767.0,767.0,767.0,30.0,0.0,806.2,849.7,893.55,9.333333333333343,-27.637477407236815,-9.626774757176936,52.99486348275427,0.0,Neutral
2014-12-04,801.0,795.0,781.0,781.0,1260.0,0.0,829.2,863.0,901.3,9.952606635071078,-21.943532371882384,-5.124099094661965,46.18561584640103,0.0,Neutral
2014-12-03,817.0,801.0,801.0,801.0,108.0,0.0,849.4,874.6,906.6,10.447761194029852,-15.78226387407517,-0.9192407753568603,36.945004172872416,0.0,Neutral
2014-12-02,865.0,850.0,817.0,817.0,937.0,0.0,869.2,886.0,911.8,10.76923076923076,-9.725048244160348,2.796514999322717,28.284271247466037,0.0,Neutral
2014-12-01,882.0,865.0,865.0,865.0,100.0,0.0,884.2,897.5,916.45,19.745222929936304,-3.4814741384267336,5.9269058101934835,18.95169297627277,0.0,Neutral
2014-11-30,882.0,882.0,882.0,882.0,250.0,0.0,893.2,906.0,918.7,31.875,-0.34903629236771394,8.279000797348537,21.62817093001676,0.0,Neutral
2014-11-25,900.0,882.0,882.0,882.0,100.0,0.0,896.8,912.8,919.6,38.764044943820224,1.9232612681274759,10.436010069777598,23.822491706606996,0.0,Neutral
2014-11-11,892.0,900.0,900.0,900.0,100.0,0.0,899.8,920.6,920.55,53.33333333333333,4.795564535986841,12.564197270190128,25.338595944619676,0.0,Neutral
2014-11-10,910.0,892.0,892.0,892.0,100.0,0.0,902.8,927.6,919.65,46.829268292682926,6.559187040985762,14.506355453740948,28.488594208915526,0.0,Neutral
2014-11-09,900.0,910.0,910.0,910.0,250.0,0.0,910.8,934.4,920.85,50.0,9.529349772224577,16.493147556929742,27.130139042118877,0.0,Neutral
2014-11-06,897.0,900.0,900.0,900.0,200.0,0.0,918.8,937.4,920.3,47.252747252747255,11.349021479773342,18.234097003106033,25.756121171054424,0.0,Neutral
2014-10-19,915.0,915.0,897.0,897.0,810.0,0.0,928.8,939.6,919.4,49.20634920634921,14.524689419520655,19.955365883939205,22.998550678979637,0.0,Neutral
2014-09-30,932.0,933.0,915.0,915.0,2100.0,0.0,941.4,938.6,917.8,54.06976744186046,18.67218283469606,21.31303500004384,25.17141235608882,0.0,Neutral
2014-09-29,950.0,960.0,932.0,932.0,899.0,0.0,952.4,937.6,915.05,64.36781609195403,21.861569952469836,21.973248041380785,26.38265423426356,0.0,Neutral
2014-09-24,950.0,950.0,950.0,950.0,247.0,0.0,958.0,935.4,912.95,58.94736842105264,23.883492128937974,22.00116756360852,27.78168861359009,0.0,Neutral
2014-09-22,960.0,950.0,950.0,950.0,500.0,0.0,956.0,931.4,910.7,62.31884057971014,24.284076548663506,21.53058642227615,28.320389200092244,0.0,Neutral
2014-09-21,970.0,960.0,960.0,960.0,98.0,0.0,950.4,926.4,906.55,68.22429906542057,24.442145003678093,20.84221389067931,29.075380956713737,0.0,Neutral
2014-09-18,960.0,970.0,960.0,970.0,555.0,0.0,935.8,920.5,901.05,73.75565610859728,23.270193904388748,19.942231112429614,27.43983317086121,0.0,Neutral
2014-09-17,940.0,977.0,958.0,960.0,850.0,0.0,922.8,911.7,895.05,73.14814814814815,20.417700771777504,19.11024041443983,23.65046393719775,0.0,Neutral
2014-09-10,922.0,940.0,940.0,940.0,100.0,0.0,912.8,907.3,889.65,61.06194690265487,17.49807934401872,18.78337532510541,16.753440774301342,0.0,Neutral
2014-09-09,887.0,922.0,904.0,922.0,559.0,0.0,906.8,903.2,889.95,53.81165919282511,15.553426840311658,19.10469932037708,12.281874630718558,0.0,Neutral
2014-09-07,905.0,890.0,887.0,887.0,199.0,0.0,902.4,899.2,892.85,54.424778761061944,14.677838708812033,19.992517440393435,11.98888374009754,0.0,Neutral
2014-09-01,910.0,905.0,896.0,905.0,821.0,0.0,905.2,897.0,898.75,62.22222222222223,16.910410385206205,21.32118712328878,15.867506980556792,0.0,Neutral
2014-08-31,910.0,936.0,878.0,910.0,12269.0,0.0,900.6,892.5,903.5,63.63636363636363,17.681286810200845,22.423881307809424,19.346260046272928,0.0,Neutral
2014-08-28,900.0,936.0,900.0,910.0,7846.0,0.0,901.8,890.5,909.0,63.06306306306307,17.898932184500154,23.609529932211565,18.343936327850614,-0.20227161049842834,Negative
2014-08-27,901.0,919.0,900.0,900.0,12768.0,0.0,899.6,890.0,914.5,42.48366013071896,17.91637872137676,25.037179369139416,17.813852287856506,-0.17369890213012695,Slightly Negative
2014-08-26,882.0,948.0,875.0,901.0,8051.0,-0.8090864419937134,896.0,886.7,922.3,38.3480825958702,18.69622679249744,26.81737953108008,18.785632808085964,-0.3473978042602539,Negative
2014-08-25,916.0,964.0,882.0,882.0,13703.0,0.923377275466919,888.8,881.6,925.3,32.173913043478265,19.3178332135642,28.847667715725734,21.235190918227406,0.923377275466919,Strongly Positive
2014-08-24,899.0,934.0,900.0,916.0,1101.0,0.0,884.4,878.4,924.9,36.708860759493675,21.76478783516484,31.230126341266114,23.462499630029242,0.0,Neutral
2014-08-21,882.0,899.0,899.0,899.0,100.0,0.0,879.2,872.0,918.85,31.034482758620683,21.109594820041707,33.59646096779143,20.62361106434964,0.0,Neutral
2014-08-20,865.0,882.0,865.0,882.0,3650.0,0.0,880.4,876.7,913.15,27.152317880794712,21.69719071972031,36.718177504728864,30.466921953711793,0.0,Neutral
2014-08-19,860.0,877.0,865.0,865.0,1000.0,0.0,877.4,886.5,907.8,20.24922118380063,23.862490348477763,40.47342420098099,44.76667907669484,0.0,Neutral
2014-08-18,890.0,893.0,860.0,860.0,3894.0,0.0,874.4,900.5,903.3,37.71289537712895,28.01001837865931,44.6261576641068,57.40354228326767,0.0,Neutral
2014-08-14,905.0,890.0,890.0,890.0,49.0,0.0,872.4,914.5,899.4,51.70940170940171,33.40544479712878,48.78019248546867,63.2073307984675,0.0,Neutral
2014-08-13,867.0,953.0,884.0,905.0,6269.0,0.0,864.8,927.5,893.9,60.338345864661655,36.751528046926296,52.62387940755364,70.55061225027832,0.0,Neutral
2014-08-07,850.0,867.0,867.0,867.0,49.0,0.0,873.0,939.0,887.15,58.13492063492063,38.96050662325797,56.59196724771047,75.66299550565732,0.0,Neutral
2014-08-05,850.0,867.0,850.0,850.0,1762.0,0.0,895.6,957.9,882.0,57.545271629778675,45.08235918252842,60.99983240382359,79.20220255074426,-0.228432834148407,Negative
2014-08-04,852.0,850.0,820.0,850.0,862.0,0.0,926.6,969.0,874.3,57.545271629778675,53.9712348609786,64.97920070914738,69.59565759123042,-0.456865668296814,Negative
2014-08-03,946.0,930.0,852.0,852.0,2748.0,-0.913731336593628,956.6,971.4,867.3,56.972111553784856,64.53163640167713,67.73119217118956,65.3183656324094,-0.913731336593628,Strongly Negative
2014-07-31,980.0,965.0,946.0,946.0,300.0,0.0,990.2,965.7,860.1,70.2439024390244,76.86827056596258,68.53108111356767,78.12674886931569,0.0,Neutral
2014-07-30,1005.0,1000.0,980.0,980.0,758.0,0.0,1005.0,949.6,848.2,77.20207253886011,81.92530878196374,66.44678375046892,96.95726435451517,0.0,Neutral
2014-07-28,1000.0,1010.0,980.0,1005.0,1667.0,0.0,1020.2,929.1,834.2,82.83378746594005,83.7264694317405,62.57715249259522,110.53651985756764,0.0,Neutral
2014-07-27,1020.0,1000.0,1000.0,1000.0,1237.0,0.0,1011.4,906.1,817.7,85.34883720930233,82.26211128753926,57.28982325780889,116.74326057160262,0.0,Neutral
2014-07-24,1020.0,1050.0,1020.0,1020.0,1731.0,0.0,986.2,884.3,801.45,86.55660377358491,79.70560891021262,51.04675125037629,117.61146013699417,0.0,Neutral
2014-07-23,1056.0,1141.0,1020.0,1020.0,5436.0,0.0,941.2,860.3,785.3,86.61971830985915,73.24686429173096,43.88203683541721,111.15359743266264,0.0,Neutral
2014-07-22,961.0,1057.0,970.0,1056.0,3616.0,0.0,894.2,835.3,769.2,94.61538461538461,63.93774858898928,36.54082997133877,98.65546107540217,-0.2343934774398804,Negative
2014-07-21,874.0,961.0,891.0,961.0,739.0,0.0,838.0,806.1,750.2,93.06930693069307,47.4604736580136,29.691600316926145,62.75605327155625,-0.4687869548797608,Negative
2014-07-17,795.0,874.0,810.0,874.0,16546.0,-0.9375739097595216,800.8,779.6,737.3,91.28630705394191,35.41187222017891,25.24938198165428,42.88278597914909,-0.9375739097595216,Strongly Negative
2014-07-16,785.0,818.0,785.0,795.0,5791.0,0.0,782.4,763.2,728.1,87.03703703703704,28.376575516321964,22.708759422023125,32.98753973514761,0.0,Neutral
2014-07-15,775.0,785.0,784.0,785.0,543.0,0.0,779.4,754.5,724.55,75.28735632183908,27.027864806798107,21.291805398448414,35.07531579013851,0.0,Neutral
2014-07-13,775.0,775.0,760.0,775.0,800.0,0.0,776.4,746.8,722.45,73.33333333333333,25.931468740361424,19.85779054636099,36.07338199959977,0.0,Neutral
2014-07-10,782.0,775.0,775.0,775.0,238.0,0.0,774.2,739.3,720.2,76.47058823529412,25.173065488431348,18.339370997860883,37.33348214256267,0.0,Neutral
2014-07-08,780.0,786.0,782.0,782.0,169.0,0.0,758.4,729.3,716.55,69.08212560386474,23.838913476136213,16.630947375218266,40.005694039170336,0.0,Neutral
2014-07-06,770.0,780.0,780.0,780.0,500.0,0.0,744.0,718.6,711.25,70.64220183486239,21.07657525715399,14.82895584998878,38.62986754658649,0.0,Neutral
2014-07-03,764.0,779.0,764.0,770.0,1313.0,0.0,729.6,710.3,705.55,59.50413223140496,17.447895199367053,13.267050998197476,32.38329473320965,0.0,Neutral
2014-07-02,696.0,764.0,709.0,764.0,2596.0,0.0,717.2,703.1,700.95,54.117647058823536,13.580774177255648,12.221839947905082,24.73616336010744,0.0,Neutral
2014-07-01,710.0,696.0,696.0,696.0,50.0,0.0,704.4,694.3,697.1,41.50000000000001,9.058292084636946,11.88210639056744,13.976567691840046,0.0,Neutral
2014-06-26,708.0,710.0,700.0,710.0,2544.0,0.0,700.2,695.0,697.3,51.86915887850467,10.077839783372497,12.58805996705006,14.243907079486002,0.0,Neutral
2014-06-25,708.0,708.0,695.0,708.0,800.0,0.0,693.2,693.0,699.35,56.72268907563025,9.807112085636732,13.215615012969453,13.274871834498622,0.0,Neutral
2014-06-24,700.0,712.0,700.0,708.0,1020.0,0.0,691.0,694.6,702.25,58.467741935483865,9.522552557463086,14.067740744802633,15.973589313479234,0.0,Neutral
2014-06-23,675.0,710.0,688.0,700.0,2450.0,0.0,689.0,698.1,705.9,54.36507936507937,9.020841267940114,15.204037791637518,21.951714688787302,0.0,Neutral
2014-06-19,675.0,675.0,675.0,675.0,706.0,0.0,684.2,701.1,708.85,47.45762711864407,9.063808439960667,16.74983692256187,24.17735395870662,0.0,Neutral
2014-06-12,697.0,685.0,675.0,675.0,1045.0,0.0,689.8,703.8,710.1,44.97991967871486,11.532267507667598,18.67134404321217,22.379554160987805,0.0,Neutral
2014-06-11,698.0,711.0,697.0,697.0,109.0,0.0,692.8,703.9,708.6,40.28776978417266,14.515176826702032,20.456113177098313,22.238355254932554,0.0,Neutral
2014-06-10,676.0,698.0,685.0,698.0,259.0,0.0,698.2,700.8,705.1,38.35616438356164,15.871323967335684,21.94134726469738,25.262180780326915,0.0,Neutral
2014-06-09,703.0,689.0,676.0,676.0,218.0,0.0,707.2,698.8,700.95,31.578947368421055,17.269587060037907,23.458853089037802,26.27969220181931,0.0,Neutral
2014-06-08,690.0,703.0,703.0,703.0,10.0,0.0,718.0,699.9,698.75,39.99999999999999,21.04308523203167,25.006169596287776,25.435976271592754,0.0,Neutral
2014-06-05,724.0,715.0,690.0,690.0,804.0,0.0,717.8,699.6,695.2,48.46625766871166,22.804268931819593,25.9969406873518,25.41303252707876,0.0,Neutral
2014-06-04,743.0,729.0,701.0,724.0,2879.0,0.0,715.0,705.7,692.55,61.383285302593656,26.044117669631532,26.79510862623485,29.795786428436998,0.0,Neutral
2014-06-03,730.0,758.0,730.0,743.0,1346.0,0.0,703.4,709.9,687.6,66.76300578034682,26.33870107433529,26.98285636538568,35.14240869503726,0.0,Neutral
2014-06-02,702.0,730.0,702.0,730.0,3146.0,0.0,690.4,713.7,681.75,66.66666666666666,24.39704278616682,27.143895188148274,40.729596118794774,0.0,Neutral
2014-06-01,676.0,702.0,676.0,702.0,10373.0,0.0,681.8,716.6,677.15,60.47904191616767,22.887551039651044,27.830608288643635,42.98888745297542,0.0,Neutral
2014-05-28,666.0,679.0,671.0,676.0,961.0,0.0,681.4,716.4,674.6,57.14285714285714,23.478889922612325,29.06637260089178,43.06893698866361,0.0,Neutral
2014-05-27,678.0,666.0,653.0,666.0,2543.0,0.0,696.4,713.3,672.75,54.78547854785478,26.53941497071753,30.46324327046164,47.21593422187671,0.0,Neutral
2014-05-26,687.0,690.0,677.0,678.0,2544.0,0.0,716.4,709.4,669.9,58.745874587458744,31.077911814361414,31.44420034539766,52.83349106180589,0.0,Neutral
2014-05-25,700.0,687.0,687.0,687.0,319.0,0.0,737.0,703.1,666.45,60.33898305084745,35.19682361385799,31.53577247815672,60.23186679638881,0.0,Neutral
2014-05-22,751.0,736.0,700.0,700.0,5227.0,0.0,751.4,697.6,660.9,60.54421768707483,39.02573542174116,30.6205096942314,64.24294167887787,0.0,Neutral
2014-05-20,766.0,751.0,751.0,751.0,622.0,0.0,751.4,690.8,652.1,69.53125,42.02153579585024,28.51920326235396,67.47806227870684,0.0,Neutral
2014-05-07,781.0,766.0,766.0,766.0,189.0,0.0,730.2,679.4,641.2,75.09881422924902,40.041316843591744,25.14362012897989,65.7861856488304,0.0,Neutral
2014-05-05,759.0,800.0,774.0,781.0,2797.0,0.0,702.4,665.3,630.05,82.08955223880596,35.40414549952959,21.419195950326923,60.02045947471344,0.0,Neutral
2014-05-04,700.0,759.0,690.0,759.0,4086.0,0.0,669.2,649.8,618.7,80.48780487804878,27.44318650402431,17.922958563026256,44.94144338284549,0.0,Neutral
2014-04-30,645.0,700.0,657.0,700.0,5495.0,0.0,643.8,637.7,609.0,78.18181818181819,19.1229343097026,15.54290157777674,23.40014244971274,0.0,Neutral
2014-04-29,627.0,649.0,630.0,645.0,2799.0,0.0,630.2,632.8,603.75,77.88018433179724,14.23238791899098,14.647893394795274,10.454132622512166,0.0,Neutral
2014-04-28,615.0,627.0,627.0,627.0,533.0,0.0,628.6,632.2,604.55,72.59615384615384,13.383255792388354,14.751769763746346,9.82966033097822,0.0,Neutral
2014-04-22,632.0,635.0,615.0,615.0,1506.0,0.0,628.2,630.4,606.9,67.47572815533981,13.937516157453501,15.093898256585842,12.240188814818492,0.0,Neutral
2014-04-21,632.0,632.0,632.0,632.0,405.0,0.0,630.4,629.8,610.5,69.5,15.664044606573611,15.382993781368924,13.189221188369737,0.0,Neutral
2014-04-20,637.0,648.0,630.0,632.0,671.0,0.0,631.6,624.2,613.9,65.87677725118483,15.908972996445755,15.31273107506775,21.451754654991877,-0.2346315085887909,Negative
2014-04-17,625.0,637.0,615.0,637.0,1074.0,0.0,635.4,613.4,616.75,58.898305084745765,15.990187443206992,15.163670594723248,37.93913253855402,-0.4692630171775818,Negative
2014-04-16,626.0,650.0,625.0,625.0,2755.0,-0.9385260343551636,635.8,603.0,620.05,43.79310344827586,15.352171156081226,14.957041382602311,44.44722213542427,-0.9385260343551636,Strongly Negative
2014-04-15,638.0,626.0,626.0,626.0,119.0,0.0,632.6,594.8,623.3,42.05298013245032,15.536344241879306,14.858258939232583,47.40323477007515,0.0,Neutral
2014-04-13,651.0,638.0,638.0,638.0,98.0,0.0,629.2,587.6,626.25,41.914191419141915,15.443614700598005,14.6887376135709,47.605321831354765,0.0,Neutral
2014-04-10,639.0,651.0,651.0,651.0,196.0,0.0,616.8,580.3,625.5,41.914191419141915,13.878805508626556,14.500018341814124,44.51479154917905,0.0,Neutral
2014-04-07,609.0,639.0,609.0,639.0,859.0,0.0,591.4,574.7,621.3,41.72185430463576,10.35603005983944,14.655321550111015,37.621063839884165,0.0,Neutral
2014-04-06,609.0,621.0,609.0,609.0,1797.0,0.0,570.2,576.9,615.35,33.566433566433574,6.930872595244523,15.730144422678908,42.167523047959484,0.0,Neutral
2014-04-03,576.0,633.0,587.0,609.0,9228.0,0.0,557.0,583.4,611.3,36.45484949832776,5.512858920866847,17.929962379537503,51.61653481847517,0.0,Neutral
2014-04-02,524.0,576.0,534.0,576.0,298.0,0.0,546.0,591.2,607.25,29.889298892988933,3.62277079217597,21.034238244205163,60.96228342180264,0.0,Neutral
2014-04-01,533.0,530.0,524.0,524.0,700.0,0.0,543.8,603.6,604.35,32.38434163701068,4.517636187306152,25.38710510721246,69.53528281064042,0.0,Neutral
2014-03-31,543.0,533.0,533.0,533.0,200.0,0.0,558.0,620.1,604.4,44.81707317073171,10.888644219820549,30.604472337189033,68.11012324822998,0.0,Neutral
2014-03-27,554.0,543.0,543.0,543.0,109.0,0.0,583.6,637.1,604.05,53.15068493150685,17.94562328357779,35.53342936653115,65.10410466663859,0.0,Neutral
2014-03-26,565.0,554.0,554.0,554.0,119.0,0.0,609.8,651.8,603.15,53.59116022099448,25.673685677194044,39.93038088726949,57.66724469845338,0.0,Neutral
2014-03-25,595.0,584.0,565.0,565.0,439.0,0.0,636.4,664.9,602.2,55.270655270655276,34.04406806792326,43.49455468978835,46.84596508179369,0.0,Neutral
2014-03-19,661.0,648.0,595.0,595.0,866.0,0.0,663.4,670.7,600.25,61.631419939577036,43.112533329284474,45.85717634525462,35.26108966615516,0.0,Neutral
2014-03-17,674.0,661.0,661.0,661.0,49.0,0.0,682.2,667.9,596.25,75.0,51.00555577808666,46.543337099247154,42.341075407538455,0.0,Neutral
2014-03-10,687.0,674.0,674.0,674.0,122.0,0.0,690.6,653.8,589.2,78.46153846153845,53.61802361960383,45.427782429537274,63.222358914128314,0.0,Neutral
2014-03-09,700.0,687.0,687.0,687.0,50.0,0.0,693.8,639.2,581.75,82.66129032258064,54.84894768467336,43.380222132020634,73.98167941381897,0.0,Neutral
2014-03-06,689.0,700.0,700.0,700.0,129.0,0.0,693.4,623.3,573.65,83.6734693877551,54.29861516140318,40.51304074385745,79.45096321351777,0.0,Neutral
2014-03-05,703.0,689.0,689.0,689.0,200.0,0.0,678.0,605.1,565.15,83.53909465020575,51.482756338445256,37.066647139471016,80.76364693763442,0.0,Neutral
2014-02-26,690.0,703.0,677.0,703.0,1219.0,0.0,653.6,588.7,557.2,89.16666666666667,48.25985643949252,33.46261983972745,78.4517544595274,0.0,Neutral
2014-02-25,685.0,690.0,672.0,690.0,3779.0,0.0,617.0,571.0,548.5,86.63793103448276,42.01884811116372,29.763310689786177,69.2226680920201,0.0,Neutral
2014-02-24,623.0,685.0,630.0,685.0,6017.0,0.0,584.6,554.5,541.5,84.48275862068965,34.76550514502537,26.69942633444179,56.133273950880906,0.0,Neutral
2014-02-23,567.0,623.0,578.0,623.0,5819.0,0.0,553.2,539.5,534.5,78.8235294117647,25.51101277522673,24.682906631795888,32.41827331065991,0.0,Neutral
2014-02-20,520.0,567.0,517.0,567.0,2403.0,0.0,532.2,529.8,528.9,65.54621848739495,19.64057323740758,24.475880095938173,13.854802616990126,0.0,Neutral
2014-02-16,528.0,520.0,520.0,520.0,49.0,0.0,523.8,524.6,526.8,43.055555555555564,17.56389479841073,25.684706810570816,5.699902533297435,0.0,Neutral
2014-02-12,528.0,538.0,528.0,528.0,477.0,0.0,525.0,524.6,528.0,49.23076923076923,19.44327766647791,27.714909813610834,5.699902533297435,0.0,Neutral
2014-02-11,518.0,528.0,528.0,528.0,49.0,0.0,524.4,524.3,529.35,37.2093023255814,20.744696852025697,29.78281785039406,5.578729445171533,0.0,Neutral
2014-02-09,525.0,518.0,518.0,518.0,827.0,0.0,525.8,524.0,532.6,33.33333333333333,22.10403993100448,32.04234809998615,5.436502143451914,0.0,Neutral
2014-02-06,556.0,567.0,525.0,525.0,2688.0,0.0,527.4,525.2,535.8,56.481481481481474,24.535724516450045,34.52692514223156,5.287301349058643,0.0,Neutral
2014-02-04,525.0,526.0,526.0,526.0,99.0,0.0,525.4,525.7,538.1,50.413223140495866,26.569827757997814,37.02472529867694,5.498484639747135,0.0,Neutral
2014-02-03,535.0,525.0,525.0,525.0,69.0,0.0,524.2,526.0,539.85,43.16546762589928,28.677794764366013,39.638449683846716,5.597618541266919,0.0,Neutral
2014-02-02,526.0,535.0,535.0,535.0,810.0,0.0,524.2,528.5,540.6,42.857142857142854,31.053013819557975,42.378613413716884,9.39562545964768,0.0,Neutral
2014-01-29,515.0,526.0,525.0,526.0,256.0,0.0,522.2,529.5,539.5,30.1775147928994,32.61479503080932,45.210013312256606,10.617072205764831,0.0,Neutral
2014-01-28,520.0,515.0,515.0,515.0,109.0,0.0,523.0,528.0,538.35,30.1775147928994,35.050162394540166,48.358817882618425,12.119772641806891,0.0,Neutral
2014-01-27,525.0,525.0,520.0,520.0,562.0,0.0,526.0,529.0,535.5,35.42857142857143,38.768756194872424,51.68598175463799,11.313708498993684,0.0,Neutral
2014-01-26,525.0,525.0,525.0,525.0,119.0,0.0,527.8,531.4,530.35,40.0,42.44203400991671,54.91528814457938,11.730302638900751,0.0,Neutral
2014-01-23,530.0,525.0,525.0,525.0,1454.0,0.0,532.8,534.4,524.95,46.268656716417915,46.004042653701504,58.033601678245034,13.599019572510931,0.0,Neutral
2014-01-22,530.0,530.0,530.0,530.0,217.0,0.0,536.8,541.2,519.8,53.81165919282511,49.881311247714905,61.04099143438091,22.47863182867433,0.0,Neutral
2014-01-21,529.0,530.0,530.0,530.0,455.0,0.0,533.0,546.4,512.9,55.79399141630902,53.59547863501609,63.83091148104741,25.42177544285348,0.0,Neutral
2014-01-19,550.0,539.0,529.0,529.0,563.0,0.0,532.0,550.5,504.25,62.8158844765343,57.55653622920761,66.38976969255523,25.786516717940916,0.0,Neutral
2014-01-16,545.0,550.0,540.0,550.0,313.0,0.0,535.0,553.7,494.75,72.39057239057239,61.876918304278036,68.59807805839213,24.78821404530301,0.0,Neutral
2014-01-14,511.0,545.0,512.0,545.0,5202.0,0.0,536.0,552.7,483.9,71.91780821917808,64.3530871593058,70.27836799692065,25.153086843923944,0.0,Neutral
2014-01-13,525.0,520.0,500.0,511.0,25172.0,0.0,545.6,549.5,473.3,66.92015209125475,67.08662504831506,71.75968820632436,28.103973621776962,0.0,Neutral
2014-01-12,544.0,534.0,515.0,525.0,10942.0,0.0,559.8,548.7,464.0,73.83512544802868,73.06162613503864,72.92795399582667,29.405403887346612,0.0,Neutral
2013-12-29,555.0,544.0,544.0,544.0,119.0,0.0,569.0,542.0,454.0,81.69491525423729,78.19973114194698,72.89453596102368,40.8221073003911,0.0,Neutral
2013-12-22,593.0,582.0,534.0,555.0,15337.0,0.0,572.4,529.3,442.2,85.76158940397352,81.68582544324528,71.56823716579284,56.770590978077685,0.0,Neutral
2013-12-19,582.0,593.0,593.0,593.0,10.0,0.0,569.4,515.5,429.05,98.14814814814815,83.82719198136425,69.03884009642972,65.87235130665108,0.0,Neutral
2013-12-18,571.0,582.0,582.0,582.0,69.0,0.0,553.4,498.4,413.0,98.06949806949807,81.4719588430163,65.34175212519608,65.71351966427339,0.0,Neutral
2013-12-10,561.0,571.0,571.0,571.0,69.0,0.0,537.6,479.4,396.3,98.046875,78.40077823599012,61.30920044574103,66.32110440040225,0.0,Neutral
2013-12-08,540.0,561.0,540.0,561.0,1581.0,0.0,515.0,458.0,379.75,97.96747967479675,74.46046003231686,57.036305998178754,67.98529252713524,0.0,Neutral
2013-12-05,513.0,550.0,520.0,540.0,21657.0,0.0,486.2,435.8,363.75,97.93388429752066,69.36630174279475,52.68026748964422,66.85107827602188,0.0,Neutral
2013-12-04,503.0,513.0,513.0,513.0,555.0,0.0,461.6,415.1,349.0,97.83549783549783,63.993520773364025,48.508758926356585,62.934622161945114,0.0,Neutral
2013-12-03,458.0,503.0,467.0,503.0,455.0,0.0,443.4,397.1,335.6,97.9253112033195,58.95417457931444,44.63756846460472,57.312883950005364,0.0,Neutral
2013-12-02,417.0,458.0,415.0,458.0,17746.0,0.0,421.2,379.3,322.7,97.72727272727273,52.68280289775572,41.05841693592728,47.58396088319507,0.0,Neutral
2013-12-01,417.0,417.0,409.0,417.0,782.0,0.0,401.0,366.0,312.25,97.32620320855615,48.493775000235246,38.152320445470174,41.31720115292429,0.0,Neutral
2013-11-28,422.0,430.0,417.0,417.0,405.0,0.0,385.4,355.1,303.65,96.80851063829788,46.61623357466931,35.566956806778904,40.741597634087306,0.0,Neutral
2013-11-27,392.0,422.0,399.0,422.0,2499.0,0.0,368.6,342.6,295.05,97.32620320855615,43.541753666769864,32.804637614806296,38.767684136835115,0.0,Neutral
2013-11-25,357.0,392.0,364.0,392.0,1712.0,0.0,350.8,327.6,286.05,96.81528662420382,38.47517380371619,30.120358601815404,33.26058728685862,0.0,Neutral
2013-11-24,339.0,357.0,345.0,357.0,543.0,0.0,337.4,313.2,278.7,95.90163934426229,34.503282068637304,28.031654801340206,33.45245382130784,0.2289196103811264,Positive
2013-11-21,333.0,339.0,339.0,339.0,19.0,0.0,331.0,301.5,273.4,91.66666666666667,32.4954743330473,26.41374798451593,36.73100416088196,0.4578392207622528,Positive
2013-11-14,333.0,340.0,325.0,333.0,26643.0,0.9156784415245056,324.8,291.7,269.75,91.50943396226415,31.29284737841357,24.89331639738308,38.63806413370183,0.9156784415245056,Strongly Positive
2013-11-13,325.0,333.0,328.0,333.0,315.0,0.0,316.6,282.9,266.15,91.50943396226415,29.913598467176882,23.293433652125454,38.205438821660024,0.0,Neutral
2013-11-12,325.0,325.0,317.0,325.0,15172.0,0.0,304.4,274.1,262.05,91.08910891089108,27.718068424584942,21.638392448362595,35.41641176378924,0.0,Neutral
2013-11-11,320.0,325.0,314.0,325.0,9424.0,0.0,289.0,266.1,258.15,88.46153846153847,25.327147265864568,20.118473454307008,31.455259231698864,0.0,Neutral
2013-11-07,292.0,308.0,297.0,308.0,247.0,0.0,272.0,258.5,253.15,80.64516129032258,21.907067572139766,18.816305001417614,23.922328017519895,0.0,Neutral
2013-11-06,272.0,292.0,277.0,292.0,345.0,0.0,258.6,252.2,248.0,64.13043478260869,18.95406305291806,18.043614358737074,16.61859734688263,-0.012943476438522325,Neutral
2013-10-28,248.0,272.0,252.0,272.0,424.0,0.0,249.2,247.5,243.2,57.14285714285714,16.538350913068967,17.816002185191827,9.021579068484812,-0.02588695287704465,Neutral
2013-10-21,240.0,248.0,244.0,248.0,821.0,-0.0517739057540893,243.8,244.5,239.1,47.61904761904762,15.250829586744231,18.13541500322254,2.8382310609935533,-0.0517739057540893,Slightly Negative
2013-10-03,241.0,240.0,240.0,240.0,1006.0,0.0,243.2,244.2,236.3,44.06779661016949,15.829290299882587,18.856561357342116,2.5733678754222304,0.0,Neutral
2013-09-09,245.0,241.0,241.0,241.0,178.0,0.0,245.0,245.3,233.6,60.0,17.151917751199022,19.613379121707,2.9078437983476655,0.0,Neutral
2013-09-08,245.0,245.0,245.0,245.0,49.0,0.0,245.8,247.8,230.55,70.83333333333333,18.488770712680036,20.228744464333992,6.860515043836087,0.0,Neutral
2013-09-03,245.0,245.0,245.0,245.0,49.0,0.0,245.8,249.4,227.1,73.33333333333333,19.51888091860414,20.66373790224748,7.919034733548428,0.0,Neutral
2013-09-02,249.0,245.0,245.0,245.0,98.0,0.0,245.2,250.0,223.4,74.77477477477478,20.549765131712974,20.949952148158314,7.774602526462689,0.0,Neutral
2013-08-27,245.0,249.0,249.0,249.0,500.0,0.0,245.2,250.2,219.7,76.14678899082568,21.566642579983352,21.049998902269646,7.656515018091318,0.19134707748889923,Slightly Positive
2013-08-26,245.0,245.0,245.0,245.0,59.0,0.0,245.6,247.8,215.8,76.57657657657657,22.14357863097601,20.92083798284122,11.07349187123271,0.38269415497779846,Positive
2013-08-25,242.0,246.0,245.0,245.0,455.0,0.7653883099555969,249.8,243.8,212.4,77.77777777777777,22.965143137792353,20.615152820807523,17.5359947283051,0.7653883099555969,Strongly Positive
2013-08-19,245.0,245.0,242.0,242.0,316.0,0.0,253.0,238.9,209.15,77.96610169491525,23.679719753579207,20.027655241561312,23.120217223124772,0.0,Neutral
2013-08-18,251.0,250.0,240.0,245.0,1797.0,0.0,254.8,233.7,205.9,80.83333333333333,24.552801619495057,19.114639113556837,27.733052883197892,0.0,Neutral
2013-08-15,266.0,261.0,251.0,251.0,187.0,0.0,255.2,228.4,202.2,85.08771929824562,25.004585359344077,17.75509848707228,30.280907075802077,0.0,Neutral
2013-08-12,261.0,266.0,266.0,266.0,20.0,0.0,250.0,221.9,197.6,97.97979797979798,24.606613545706352,15.94272676900433,31.82748637402761,0.0,Neutral
2013-08-11,251.0,261.0,256.0,261.0,50.0,0.0,237.8,213.3,191.55,92.0,22.213469688362125,13.776755074828822,30.16270692243835,0.0,Neutral
2013-08-06,247.0,251.0,251.0,251.0,10.0,0.0,224.8,204.8,185.8,88.17204301075269,19.344933787702985,11.667576421445496,27.04235361223034,0.0,Neutral
2013-08-05,225.0,247.0,229.0,247.0,819.0,0.0,212.6,196.8,180.45,88.04347826086956,16.420439837585974,9.748237079881122,23.45113122123475,0.0,Neutral
2013-08-04,205.0,225.0,209.0,225.0,89.0,0.0,201.6,189.2,175.4,85.52631578947368,12.856152070889948,8.080186390454907,16.725230441860777,0.0,Neutral
2013-07-31,196.0,205.0,195.0,205.0,255.0,0.0,193.8,183.8,171.55,83.82352941176471,10.359826200366768,6.886194970346146,11.905180945006448,0.0,Neutral
2013-07-30,190.0,196.0,193.0,196.0,609.0,0.0,188.8,181.0,168.75,84.93150684931507,9.059281889984561,6.01778716284099,9.39266853573746,0.0,Neutral
2013-07-24,192.0,195.0,188.0,190.0,6313.0,0.0,184.8,179.4,166.3,82.3529411764706,8.183906688151524,5.257413481055096,7.777460310981891,0.0,Neutral
2013-07-23,186.0,192.0,189.0,192.0,80.0,0.0,181.0,178.1,164.45,85.29411764705883,7.558480060529689,4.525790179280989,6.838615844355919,0.0,Neutral
2013-07-22,180.0,186.0,183.0,186.0,148.0,0.0,176.8,176.0,162.5,81.25,6.4466303640301135,3.767617708968813,5.099019513593605,0.0,Neutral
2013-07-16,176.0,180.0,179.0,180.0,147.0,0.0,173.8,173.3,160.7,76.66666666666666,5.544645764293875,3.097864545203488,6.236986451805664,0.0,Neutral
2013-07-15,171.0,176.0,170.0,176.0,592.0,0.0,173.2,169.8,159.2,73.6842105263158,4.923645118604412,2.4861692404308915,10.45413262250365,0.0,Neutral
2013-07-11,171.0,171.0,171.0,171.0,198.0,0.0,174.0,166.8,157.9,72.22222222222223,4.466678547290144,1.8768002708875113,12.568037060558051,0.0,Neutral
2013-07-10,171.0,171.0,168.0,171.0,287.0,0.0,175.2,164.1,156.8,65.0,4.327544071942981,1.2293307017868533,14.340695783523184,0.0,Neutral
2013-07-09,177.0,174.0,168.0,171.0,1139.0,0.0,175.2,161.6,155.85,65.0,4.087011791453449,0.4547773592478212,15.1598885953105,0.0,Neutral
2013-07-08,180.0,177.0,177.0,177.0,100.0,0.0,172.8,159.3,154.95,73.6842105263158,3.7205576910256752,-0.4532812488035858,15.319196381591954,0.0,Neutral
2013-06-30,177.0,180.0,175.0,180.0,12633.0,0.0,166.4,156.5,153.6,77.77777777777777,2.58780270915571,-1.4967409837609011,14.245857097572111,0.0,Neutral
2013-06-27,171.0,177.0,174.0,177.0,69.0,0.0,159.6,153.2,152.1,76.47058823529412,0.7989001292538944,-2.517876906990054,11.811482172492628,0.0,Neutral
2013-06-25,159.0,171.0,162.0,171.0,196.0,0.0,153.0,150.8,150.8,73.91304347826087,-1.190555892791707,-3.347071166051041,8.37721778263983,0.0,Neutral
2013-06-24,145.0,159.0,148.0,159.0,692.0,0.0,148.0,149.0,149.9,59.45945945945946,-3.10159894794387,-3.886199984365874,4.666666666666513,0.0,Neutral
2013-06-19,146.0,145.0,145.0,145.0,2925.0,0.0,145.8,148.1,149.75,33.33333333333333,-4.273852462731611,-4.0823502434713745,3.142893217685895,0.0,Neutral
2013-06-02,144.0,146.0,146.0,146.0,15.0,0.0,146.6,148.6,150.4,42.30769230769231,-4.282454549420976,-4.034474688656315,2.9888682361943872,0.0,Neutral
2013-05-12,146.0,144.0,144.0,144.0,444.0,0.0,146.8,149.0,151.25,37.5,-4.332961873894732,-3.9724797234651494,2.8674417556806264,0.0,Neutral
2013-05-02,148.0,146.0,146.0,146.0,49.0,0.0,148.6,149.5,152.35,39.130434782608695,-4.130766322602767,-3.8823591858577537,2.2730302828307027,0.0,Neutral
2013-04-30,149.0,148.0,145.0,148.0,662.0,0.0,150.0,150.1,153.3,39.130434782608695,-4.016243763352236,-3.8202574016715,2.0248456731314044,0.0,Neutral
2013-04-29,147.0,149.0,147.0,149.0,218.0,0.0,150.4,150.6,154.15,36.0,-4.015289605714656,-3.7712608112513153,2.0655911179770787,0.0,Neutral
2013-04-25,153.0,150.0,147.0,147.0,294.0,0.0,150.6,150.7,155.05,28.0,-4.057485722974064,-3.71025361263548,2.0027758514397656,0.0,Neutral
2013-04-07,153.0,153.0,150.0,153.0,344.0,0.0,151.2,151.0,156.1,29.16666666666667,-3.8486889748510293,-3.6234455850508334,1.5634719199409035,0.0,Neutral
2013-04-01,150.0,153.0,153.0,153.0,89.0,0.0,150.4,150.8,157.0,25.925925925925924,-4.137116558521598,-3.5671347376007843,1.3984117975599164,0.0,Neutral
2013-03-21,150.0,150.0,150.0,150.0,347.0,0.0,150.2,150.8,158.05,20.0,-4.445078797191741,-3.4246392823705807,1.3984117975599164,0.0,Neutral
2013-03-18,150.0,150.0,150.0,150.0,158.0,0.0,150.8,151.4,159.25,20.0,-4.46804036295336,-3.1695294036652903,2.118699810942605,0.0,Neutral
2013-03-14,149.0,150.0,150.0,150.0,49.0,0.0,150.8,152.2,160.45,18.51851851851852,-4.43235799251886,-2.844901663843273,2.89827534923781,0.0,Neutral
2013-03-13,152.0,149.0,149.0,149.0,838.0,0.0,150.8,153.5,161.8,14.81481481481481,-4.322343650727618,-2.448037581674376,4.352521619066851,0.0,Neutral
2013-02-27,153.0,152.0,152.0,152.0,59.0,0.0,151.2,155.2,163.2,14.81481481481481,-4.017236710467159,-1.9794610644110655,5.553777493242307,0.0,Neutral
2013-02-20,150.0,153.0,153.0,153.0,593.0,0.0,151.4,156.5,164.95,13.793103448275858,-3.874831318200677,-1.470017152897042,6.204836822995484,0.0,Neutral
2013-02-13,150.0,150.0,150.0,150.0,148.0,0.0,152.0,157.7,166.2,3.846153846153854,-3.7385272528975975,-0.868813611571133,6.600505031182662,0.22111286222934723,Positive
2013-02-04,151.0,150.0,150.0,150.0,148.0,0.0,153.6,159.4,167.7,3.846153846153854,-3.2047205767776745,-0.15138520123951682,6.586180818788615,0.44222572445869446,Positive
2013-02-03,153.0,151.0,151.0,151.0,148.0,0.8844514489173889,156.2,161.2,169.2,3.5714285714285694,-2.4767750290496906,0.6119486426450227,6.178816859057999,0.8844514489173889,Strongly Positive
2013-01-24,156.0,156.0,153.0,153.0,794.0,0.0,159.2,163.2,170.7,3.846153846153854,-1.6134441658907122,1.384129560568701,5.731007280090153,0.0,Neutral
2013-01-23,158.0,156.0,156.0,156.0,500.0,0.0,161.6,165.3,172.0,3.030303030303031,-0.6916881308639518,2.133522992183554,5.417051268397471,0.0,Neutral
2013-01-17,163.0,160.0,158.0,158.0,603.0,0.0,163.4,167.1,172.75,25.000000000000014,0.1894141266554925,2.8398257729454306,4.954235000930711,0.0,Neutral
2013-01-15,166.0,163.0,163.0,163.0,494.0,0.0,165.2,168.7,173.1,27.027027027027017,1.107629529865335,3.502428684517915,4.217687623436759,0.0,Neutral
2013-01-13,165.0,173.0,165.0,166.0,10656.0,0.0,166.2,170.1,173.45,29.411764705882362,1.7544043968005667,4.10112847318106,4.43345864484586,0.0,Neutral
2013-01-09,165.0,165.0,165.0,165.0,49.0,0.0,167.2,171.2,173.1,26.470588235294116,2.248951163008087,4.687809492276183,4.661902329879555,0.0,Neutral
2013-01-06,167.0,165.0,165.0,165.0,49.0,0.0,169.0,173.4,172.95,30.555555555555557,2.949278836778319,5.297524074593207,6.31048510197319,0.0,Neutral
2012-11-26,168.0,167.0,167.0,167.0,109.0,0.0,170.8,174.7,173.7,45.23809523809524,3.800253011855517,5.88458538404693,5.696977756280873,0.0,Neutral
2012-11-11,171.0,168.0,168.0,168.0,49.0,0.0,172.2,176.0,173.6,53.19148936170213,4.627492733327074,6.405668477094782,5.206833117271449,0.0,Neutral
2012-11-08,174.0,171.0,171.0,171.0,49.0,0.0,174.0,177.2,172.7,51.020408163265316,5.514224265338754,6.850212413036708,4.491968140779881,0.0,Neutral
2012-10-15,174.0,174.0,174.0,174.0,2925.0,0.0,175.2,178.2,171.55,63.15789473684211,6.260354704155958,7.184209449961196,4.049691346263782,0.0,Neutral
2012-10-11,174.0,174.0,174.0,174.0,12413.0,0.0,177.8,178.7,170.25,60.0,6.816174214004036,7.4151731364125055,3.7727090178460805,0.0,Neutral
2012-10-08,177.0,174.0,171.0,174.0,879.0,0.0,178.6,178.4,168.85,46.15384615384615,7.426457672551891,7.564922867014622,4.273952113287002,0.0,Neutral
2012-09-26,177.0,180.0,177.0,177.0,18052.0,0.0,179.8,177.5,167.6,56.666666666666664,8.097380084406751,7.599539165630304,5.930148958219373,0.0,Neutral
2012-09-25,187.0,189.0,177.0,177.0,634.0,0.0,180.4,176.8,166.1,62.85714285714286,8.530486434310149,7.475078935936192,6.390965845977272,0.2294457703828812,Positive
2012-09-24,178.0,187.0,177.0,187.0,1868.0,0.0,181.2,175.0,164.6,70.10309278350516,8.959207827324178,7.2112270613427025,8.511430223202659,0.4588915407657624,Positive
2012-09-23,180.0,179.0,174.0,178.0,3242.0,0.9177830815315248,179.6,172.5,162.6,67.04545454545455,8.357914655100956,6.774231869847333,8.263036837493859,0.9177830815315248,Strongly Positive
2012-09-20,180.0,180.0,177.0,180.0,534.0,0.0,178.2,172.7,161.05,69.31818181818181,8.385239883934617,6.378311173533927,8.433399209229039,0.0,Neutral
2012-09-19,181.0,180.0,179.0,180.0,8811.0,0.0,175.2,171.2,159.55,67.03296703296704,8.094513323152341,5.876578995933754,8.32399476747141,0.0,Neutral
2012-09-18,179.0,181.0,180.0,181.0,5895.0,0.0,173.2,168.2,158.3,68.47826086956522,7.605702137235312,5.322095414129107,10.031062866028917,0.0,Neutral
2012-09-17,171.0,179.0,174.0,179.0,4226.0,0.0,168.8,164.9,157.15,67.77777777777777,6.7693547379413985,4.751193733352555,10.754327294422334,0.0,Neutral
2012-09-16,165.0,171.0,168.0,171.0,14390.0,0.0,165.4,161.8,155.8,64.6341463414634,5.807044352108903,4.246653482205344,10.706176825656465,0.0,Neutral
2012-09-13,170.0,167.0,162.0,165.0,10038.0,0.0,167.2,159.3,154.65,61.84210526315789,5.308865723615639,3.856555764729454,11.225467077637,0.0,Neutral
2012-09-12,159.0,171.0,158.0,170.0,21357.0,0.0,167.2,157.7,153.7,63.51351351351351,5.206697863631689,3.4934782750079076,11.46056038963389,0.0,Neutral
2012-09-11,162.0,160.0,150.0,159.0,17222.0,0.0,163.2,155.4,152.5,52.94117647058823,4.491469826144765,3.065173377851962,11.01715833496907,0.0,Neutral
2012-09-10,180.0,177.0,162.0,162.0,2891.0,0.0,161.0,154.2,151.85,52.94117647058823,4.633248297190278,2.708599265778761,11.232888220657157,0.0,Neutral
2012-09-04,165.0,180.0,168.0,180.0,473.0,0.0,158.2,152.7,151.15,75.0,4.441361934092868,2.2274370079258823,11.07600008025362,0.0,Neutral
2012-09-03,150.0,165.0,150.0,165.0,1538.0,0.0,151.4,149.4,149.65,68.88888888888889,2.299116257061769,1.6739557763841355,5.601587076693345,0.0,Neutral
2012-09-02,148.0,150.0,149.0,150.0,128.0,0.0,148.2,147.9,149.35,56.25,1.0586628110029892,1.5176656562147273,1.3703203194063072,0.0,Neutral
2012-08-30,148.0,150.0,147.0,148.0,587.0,0.0,147.6,148.4,149.8,53.33333333333333,0.9872671353278974,1.6324163675176615,2.590581230363404,0.0,Neutral
2012-08-29,146.0,148.0,147.0,148.0,751.0,0.0,147.4,149.4,150.05,53.33333333333333,1.0854164054978241,1.7937036755651026,3.977715704047025,0.0,Neutral
2012-08-28,149.0,150.0,146.0,146.0,532.0,0.0,147.2,149.8,149.9,46.666666666666664,1.1949026898892612,1.9707754930819221,4.022160834399578,0.0,Neutral
2012-08-22,147.0,149.0,149.0,149.0,109.0,0.0,147.4,150.0,149.5,48.275862068965516,1.5209029628414044,2.1647436938800872,3.858612300930095,0.0,Neutral
2012-08-21,147.0,147.0,147.0,147.0,98.0,0.0,147.6,149.7,148.95,33.33333333333333,1.6094210863135459,2.325703876639758,4.056544780420361,0.0,Neutral
2012-08-19,147.0,147.0,143.0,147.0,851.0,0.0,149.2,149.6,148.5,33.33333333333333,1.9026290026534411,2.5047745742213112,4.14192655120243,0.0,Neutral
2012-08-15,147.0,147.0,147.0,147.0,109.0,0.0,151.4,149.5,148.15,42.857142857142854,2.2491943212886554,2.6553109671132784,4.222953153106653,0.0,Neutral
2012-08-14,150.0,147.0,147.0,147.0,795.0,0.0,152.4,149.6,147.8,52.0,2.658822137855225,2.7568401285694337,4.1686661868969415,0.0,Neutral
2012-08-13,155.0,153.0,150.0,150.0,198.0,0.0,152.6,149.9,147.5,61.11111111111111,3.1429824108132323,2.7813446262479857,4.067486256208444,0.0,Neutral
2012-08-12,158.0,155.0,155.0,155.0,247.0,0.0,151.8,150.8,146.95,67.34693877551021,3.4097763241405232,2.6909351801066737,4.984420171338356,0.0,Neutral
2012-08-08,152.0,158.0,155.0,158.0,40.0,0.0,150.0,151.2,146.05,71.73913043478261,3.1916147178907295,2.5112248940982114,5.493430419854069,0.0,Neutral
2012-08-07,148.0,152.0,147.0,152.0,1972.0,0.0,147.6,150.7,145.0,64.28571428571428,2.5612831445625943,2.3411274381500817,5.01220732035522,0.0,Neutral
2012-08-06,146.0,148.0,146.0,148.0,1786.0,0.0,146.8,150.0,144.25,60.526315789473685,2.330404908866541,2.2860885115469536,5.291502622129198,0.0,Neutral
2012-08-05,146.0,146.0,144.0,146.0,249.0,0.0,147.2,149.0,143.9,56.75675675675676,2.409096252994601,2.2750094122170568,6.514940095230697,0.0,Neutral
2012-08-01,146.0,146.0,145.0,146.0,827.0,0.0,149.8,148.2,143.4,58.97435897435897,2.678129986729033,2.2414877020226704,7.36055553458962,0.0,Neutral
2012-07-29,148.0,146.0,146.0,146.0,49.0,0.0,152.4,147.4,143.0,60.97560975609756,2.9825602434340226,2.13232713084608,8.030497424748292,0.0,Neutral
2012-07-26,150.0,148.0,148.0,148.0,49.0,0.0,153.8,146.8,142.45,64.1025641025641,3.3277412584511694,1.9197688526990944,8.363943780033173,0.0,Neutral
2012-07-24,159.0,157.0,150.0,150.0,295.0,0.0,153.2,146.0,141.85,67.56756756756758,3.516277881131913,1.5677757512610757,8.61523198888006,0.0,Neutral
2012-07-22,159.0,160.0,159.0,159.0,246.0,0.0,150.8,145.1,141.35,78.125,3.502136946718906,1.0806502187933662,8.621033709609437,0.0,Neutral
2012-07-19,153.0,159.0,156.0,159.0,98.0,0.0,146.6,143.1,140.4,81.08108108108108,2.516784162115812,0.47527853681198123,7.248754682319194,0.0,Neutral
2012-07-18,145.0,153.0,147.0,153.0,1639.0,0.0,142.4,140.9,139.35,72.72727272727272,1.2225079292279872,-0.035097869513976476,4.817791102892595,0.0,Neutral
2012-07-17,138.0,150.0,140.0,145.0,1226.0,0.0,139.8,139.3,138.5,67.85714285714286,0.16366796755335145,-0.3494993191994674,2.4060109910157865,0.0,Neutral
2012-07-16,138.0,138.0,138.0,138.0,98.0,0.0,138.8,138.5,138.25,54.54545454545455,-0.3756320266940065,-0.4777911408876721,1.4337208778403883,0.0,Neutral
2012-07-12,138.0,138.0,138.0,138.0,1655.0,0.0,139.4,138.8,138.35,46.15384615384615,-0.34578391714507006,-0.5033309194360884,1.6193277068654361,0.0,Neutral
2012-07-10,140.0,138.0,138.0,138.0,198.0,0.0,139.6,138.6,138.35,46.15384615384615,-0.3026572912532117,-0.542717670008843,1.837873166945321,0.0,Neutral
2012-07-09,140.0,140.0,140.0,140.0,49.0,0.0,139.4,138.6,138.8,53.846153846153854,-0.24320974633300807,-0.6027327646977507,1.837873166945321,0.0,Neutral
2012-07-08,141.0,140.0,139.0,140.0,619.0,0.0,138.8,138.1,138.85,57.14285714285714,-0.3674318290518386,-0.6926135192889364,2.0789954839349836,0.0,Neutral
2012-07-05,139.0,141.0,141.0,141.0,148.0,0.0,138.2,137.7,,51.61290322580645,-0.520639915299455,-0.7739089418482108,2.057506581601421,0.0,Neutral
2012-07-04,137.0,139.0,139.0,139.0,49.0,0.0,138.2,137.6,,48.275862068965516,-0.8104343829784568,-0.8372261984853997,1.8973665961009818,0.0,Neutral
2012-07-03,137.0,137.0,137.0,137.0,810.0,0.0,137.6,137.7,,48.275862068965516,-0.9648930034272212,-0.8439241523621354,2.002775851439931,0.0,Neutral
2012-07-02,137.0,139.0,137.0,137.0,825.0,0.0,137.8,137.8,,36.8421052631579,-0.9443671989319853,-0.8136819395958638,1.9888578520234643,0.0,Neutral
2012-07-01,141.0,140.0,137.0,137.0,4050.0,0.0,137.4,137.7,,45.45454545454546,-0.904432558300897,-0.7810106247618334,2.0575065816014186,0.0,Neutral
2012-06-28,136.0,141.0,138.0,141.0,2074.0,0.0,137.2,138.0,,50.0,-0.8403060525019157,-0.7501551413770674,2.1602468994692505,0.0,Neutral
2012-06-27,138.0,136.0,136.0,136.0,475.0,0.0,137.0,137.9,,,-1.15350740615483,-0.7276174135958553,2.024845673131618,0.0,Neutral
2012-06-26,135.0,138.0,134.0,138.0,3293.0,0.0,137.8,138.1,,,-1.0273970261823138,-0.6211449154561115,1.911950719959958,0.0,Neutral
2012-06-25,136.0,137.0,135.0,135.0,3945.0,0.0,137.8,139.0,,,-1.05512672990929,-0.5195818877745608,3.399346342395175,0.0,Neutral
2012-06-21,140.0,138.0,136.0,136.0,2405.0,0.0,138.0,139.6,,,-0.7697180720493861,-0.3856956772408785,3.134042472944833,0.0,Neutral
2012-06-20,140.0,142.0,140.0,140.0,724.0,0.0,138.8,,,,-0.4960551222420406,-0.2896900785387515,,0.0,Neutral
2012-06-19,138.0,140.0,140.0,140.0,98.0,0.0,138.8,,,,-0.5468190645280231,-0.23809881761292917,,0.0,Neutral
2012-06-18,136.0,138.0,136.0,138.0,208.0,0.0,138.4,,,,-0.6036585826526846,-0.16091875588415566,,0.0,Neutral
2012-06-17,140.0,138.0,136.0,136.0,1720.0,0.0,140.2,,,,-0.4637896245841091,-0.05023379919202343,,0.0,Neutral
2012-06-14,140.0,141.0,137.0,140.0,3464.0,0.0,141.2,,,,-0.07488357810993307,0.053155157155998,,0.0,Neutral
2012-06-13,138.0,144.0,136.0,140.0,10961.0,0.0,,,,,0.015318445980540218,0.08516484097248077,,0.0,Neutral
2012-06-12,147.0,147.0,138.0,138.0,12254.0,0.0,,,,,0.1302262156963252,0.10262643972046591,,0.0,Neutral
2012-06-11,141.0,155.0,143.0,147.0,2898.0,0.0,,,,,0.47863247863250535,0.09572649572650108,,0.0,Neutral
2012-06-10,0.0,141.0,136.0,141.0,950.0,0.0,,,,,0.0,0.0,,0.0,Neutral
