Date_Stock,Open,High,Low,Close,Volume,MA5,MA10,MA20,RSI,MACD,MACD_signal,Volatility,Date_News,Sentiment_Score,Prediction
2011-03-20,608.0,610.0,605.0,605.0,168.0,0.0,0.0,0.0,0.0,0.0,0.0,0.0,,0.0,Neutral
2011-03-24,600.0,601.0,591.0,598.0,1158.0,0.0,0.0,0.0,0.0,-0.558404558404618,-0.1116809116809236,0.0,,0.0,Neutral
2011-03-25,598.0,600.0,590.0,590.0,2418.0,0.0,0.0,0.0,0.0,-1.6277140607625142,-0.4148875414972417,0.0,,0.0,Neutral
2011-03-27,590.0,585.0,567.0,567.0,2004.0,0.0,0.0,0.0,0.0,-4.281700547672358,-1.188250142732265,0.0,,0.0,Neutral
2011-03-28,567.0,560.0,544.0,555.0,1916.0,583.0,0.0,0.0,0.0,-7.269505338867589,-2.40450118195933,0.0,,0.0,Neutral
2011-03-29,555.0,545.0,535.0,545.0,1173.0,571.0,0.0,0.0,0.0,-10.325255470557636,-3.9886520396789917,0.0,,0.0,Neutral
2011-03-30,545.0,555.0,547.0,555.0,344.0,562.4,0.0,0.0,0.0,-11.803974172359744,-5.551716466215143,0.0,,0.0,Neutral
2011-03-31,555.0,569.0,550.0,550.0,2765.0,554.4,0.0,0.0,0.0,-13.22685664046844,-7.086744501065803,0.0,,0.0,Neutral
2011-04-04,550.0,561.0,546.0,547.0,1165.0,550.4,0.0,0.0,0.0,-14.4302334272719,-8.555442286307022,0.0,,0.0,Neutral
2011-04-05,547.0,555.0,530.0,539.0,1550.0,547.2,565.1,0.0,0.0,-15.846779531721609,-10.01370973538994,23.904671788864473,,0.0,Neutral
2011-04-06,539.0,545.0,536.0,536.0,694.0,545.4,558.2,0.0,0.0,-17.015335259917606,-11.414034840295473,20.87422653257681,,0.0,Neutral
2011-04-07,536.0,540.0,529.0,536.0,1176.0,541.6,552.0,0.0,0.0,-17.736963420072016,-12.678620556250781,16.485684025171008,,0.0,Neutral
2011-04-10,536.0,546.0,529.0,529.0,410.0,537.4,545.9,0.0,0.0,-18.658615529366102,-13.874619550873845,11.347540115226206,,0.0,Neutral
2011-04-11,529.0,535.0,530.0,531.0,983.0,534.2,542.3,0.0,0.0,-19.008529683036727,-14.901401577306423,9.463966751139221,,0.0,Neutral
2011-04-13,531.0,535.0,535.0,535.0,50.0,533.4,540.3,0.0,15.686274507650907,-18.74696920875556,-15.670515103596252,8.551153268549479,,0.0,Neutral
2011-04-17,535.0,530.0,525.0,530.0,394.0,532.2,538.8,0.0,15.99999999776,-18.727262635358557,-16.281864609948713,8.941787044856188,,0.0,Neutral
2011-04-18,530.0,525.0,525.0,525.0,183.0,530.0,535.8,0.0,16.49484535844404,-18.897267312778467,-16.804945150514662,7.87118514301109,,0.0,Neutral
2011-04-19,525.0,520.0,520.0,520.0,92.0,528.2,532.8,0.0,20.25316455337284,-19.213968785825045,-17.28674987757674,7.568942389058875,,0.0,Neutral
2011-04-20,520.0,530.0,530.0,530.0,50.0,528.0,531.1,0.0,33.76623376009445,-18.44541331558139,-17.51848256517767,5.704773829386057,,0.0,Neutral
2011-04-21,530.0,540.0,530.0,540.0,112.0,529.0,531.2,548.15,46.753246744746164,-16.835343778318475,-17.38185480780583,5.865151319446377,,0.0,Neutral
2011-04-26,540.0,535.0,535.0,535.0,115.0,530.0,531.1,544.65,36.11111110408951,-15.78089791546779,-17.06166342933822,5.782156460468441,,0.0,Neutral
2011-04-27,535.0,540.0,528.0,532.0,1654.0,531.4,530.7,541.35,37.14285713542858,-15.014242063770439,-16.652179156224665,5.5387523665335845,,0.0,Neutral
2011-04-28,532.0,535.0,525.0,525.0,551.0,532.4,530.3,538.1,35.135135128487946,-14.800887854448888,-16.28192089586951,5.812821078348493,,0.0,Neutral
2011-05-02,525.0,531.0,525.0,525.0,468.0,531.4,529.7,536.0,39.39393938558311,-14.465058911482402,-15.918548498992092,6.037843618011258,,0.0,Neutral
2011-05-03,525.0,525.0,505.0,507.0,1442.0,524.8,526.9,533.6,32.09876542655084,-15.472998526976198,-15.829438504588914,9.048634028281949,,0.0,Neutral
2011-05-04,507.0,510.0,500.0,500.0,1256.0,517.8,523.9,531.35,29.545454540754136,-16.644768897782,-15.992504583227532,12.29679271644098,,0.0,Neutral
2011-05-05,500.0,503.0,502.0,503.0,508.0,512.0,521.7,528.75,34.52380951805556,-17.13382239174348,-16.220768144930723,13.936761938604619,,0.0,Neutral
2011-05-08,503.0,513.0,510.0,510.0,330.0,509.0,520.7,526.75,38.20224718500189,-16.76332216744845,-16.32927894943427,14.42259030518153,2011-05-08,0.8970094323158264,Strongly Positive
2011-05-09,510.0,510.0,510.0,510.0,135.0,506.0,518.7,524.9,35.29411764124568,-16.2820092034857,-16.319825000244556,14.376292212451135,,0.0,Neutral
2011-05-10,510.0,529.0,520.0,520.0,703.0,508.6,516.7,523.95,44.44444443753086,-14.921641391794196,-16.040188278554485,12.329278612762252,,0.0,Neutral
2011-05-12,520.0,521.0,521.0,521.0,86.0,512.8,515.3,523.2,47.674418596890206,-13.606006879593792,-15.553351998762347,10.708771067577432,,0.0,Neutral
2011-05-15,521.0,550.0,530.0,550.0,455.0,522.2,517.1,523.9,63.63636362826446,-10.106794576535435,-14.464040514316967,14.624560772132025,,0.0,Neutral
2011-05-16,550.0,561.0,549.0,549.0,1087.0,530.0,519.5,524.9,59.40594058582492,-7.3298414094493864,-13.03720069334345,17.709068612186115,,0.0,Neutral
2011-05-18,549.0,549.0,511.0,511.0,1467.0,530.2,518.1,523.9,38.75968991827414,-8.101973926297092,-12.050155339934179,17.779201331893532,,0.0,Neutral
2011-05-19,511.0,520.0,502.0,510.0,1034.0,528.2,518.4,522.65,39.99999999552,-8.69436294745924,-11.378996861439191,17.595453958338346,,0.0,Neutral
2011-05-22,510.0,511.0,500.0,507.0,1782.0,525.4,519.1,521.5,39.99999999552,-9.298720580022746,-10.962941605155903,16.90792056338633,,0.0,Neutral
2011-05-23,507.0,510.0,500.0,500.0,2127.0,515.4,518.8,520.25,39.99999999552,-10.22465638240135,-10.815284560604992,17.248510402672917,,0.0,Neutral
2011-05-24,500.0,510.0,505.0,505.0,300.0,506.6,518.3,519.5,42.30769230313609,-10.4347239611036,-10.739172440704714,17.60082068793651,,0.0,Neutral
2011-05-25,505.0,500.0,500.0,500.0,200.0,504.4,517.3,518.0,47.00854700292205,-10.879252987595578,-10.767188550082887,18.391121046128173,,0.0,Neutral
2011-05-26,500.0,510.0,510.0,510.0,300.0,504.4,516.3,516.5,54.166666660347225,-10.305829826156696,-10.674916805297649,18.499549544065633,,0.0,Neutral
2011-05-30,510.0,519.0,519.0,519.0,100.0,506.8,516.1,515.7,56.34920634294533,-9.02117259339218,-10.344167962916556,18.45384633198321,,0.0,Neutral
2011-05-31,519.0,515.0,490.0,490.0,2772.0,504.8,510.1,513.6,43.24324323915266,-10.225259689164773,-10.320386308166201,15.765292399586253,,0.0,Neutral
2011-06-01,490.0,498.0,492.0,497.0,304.0,503.2,504.9,512.2,45.80645160876587,-10.493701035548838,-10.35504925364273,8.33266663999842,,0.0,Neutral
2011-06-02,497.0,500.0,490.0,497.0,245.0,502.6,503.5,510.8,42.06896551317955,-10.584431993137002,-10.400925801541584,8.36991968632706,,0.0,Neutral
2011-06-05,497.0,489.0,480.0,485.0,778.0,497.6,501.0,509.7,38.461538458086785,-11.492162150869603,-10.61917307140719,9.820613241771364,,0.0,Neutral
2011-06-06,485.0,490.0,472.0,478.0,579.0,489.4,498.1,508.6,23.134328355791936,-12.630786494952247,-11.021495756116202,11.911245853301393,,0.0,Neutral
2011-06-07,478.0,473.0,460.0,460.0,897.0,483.4,494.1,506.45,20.529801322599894,-14.814827944077422,-11.780162193708446,16.88161393021717,,0.0,Neutral
2011-06-08,460.0,453.0,440.0,440.0,1378.0,472.0,487.6,502.95,23.308270674238216,-17.95258317693532,-13.014646390353821,23.453026338715024,,0.0,Neutral
2011-06-09,440.0,432.0,430.0,430.0,522.0,458.6,480.6,498.95,21.830985913340598,-21.004071371602436,-14.612531386603544,29.10593677509066,,0.0,Neutral
2011-06-12,430.0,425.0,422.0,425.0,134.0,446.6,472.1,494.2,21.527777775684797,-23.55433623783341,-16.400892356849518,31.84842574166336,,0.0,Neutral
2011-06-13,425.0,425.0,401.0,401.0,1025.0,431.2,460.3,488.2,19.254658383418843,-27.198511432312557,-18.560416171942126,34.30597615576662,,0.0,Neutral
2011-06-14,401.0,401.0,380.0,384.0,2634.0,416.0,449.7,479.9,15.028901732887846,-31.099805257818275,-21.068293989117358,40.01124841841395,,0.0,Neutral
2011-06-15,384.0,378.0,365.0,378.0,1398.0,403.6,437.8,471.35,14.9425287344299,-34.28059323782628,-23.710753838859144,42.025917929032985,,0.0,Neutral
2011-06-16,378.0,415.0,380.0,415.0,1200.0,400.6,429.6,466.55,26.368159202143516,-33.430434609766166,-25.65468999304055,36.87576741197755,,0.0,Neutral
2011-06-19,415.0,448.0,423.0,448.0,820.0,405.2,425.9,463.45,34.222222220092846,-29.75090366630286,-26.473932727693015,32.26780301029427,,0.0,Neutral
2011-06-20,415.0,448.0,423.0,448.0,820.0,414.6,422.9,460.5,39.28571428290817,-26.529038640326803,-26.484953910219772,27.997817375249536,,0.0,Neutral
2011-06-21,448.0,492.0,457.0,492.0,820.0,436.2,426.1,460.1,48.92703862366962,-20.192488678205052,-25.226460863816833,33.91312430313735,,0.0,Neutral
2011-06-23,492.0,541.0,501.0,541.0,7166.0,468.8,436.2,461.9,57.80141843684673,-11.089009492175705,-22.39897058948861,49.82145900892322,,0.0,Neutral
2011-06-26,541.0,595.0,494.0,494.0,4703.0,484.6,442.6,461.6,51.41955835735055,-7.579571275290334,-19.435090726648955,52.94903209691407,,0.0,Neutral
2011-06-27,494.0,485.0,446.0,446.0,419.0,484.2,444.7,458.4,45.53072625520271,-8.572694367185932,-17.26261145475635,52.58865530384573,,0.0,Neutral
2011-06-29,446.0,481.0,432.0,475.0,2604.0,489.6,452.1,456.2,52.032520323229114,-6.939697423603434,-15.198028648525767,50.93667092031511,,0.0,Neutral
2011-06-30,475.0,489.0,471.0,481.0,1210.0,487.4,461.8,455.75,55.774647885124374,-5.102566514259877,-13.17893622167259,45.46989235869307,,0.0,Neutral
2011-07-03,481.0,475.0,460.0,460.0,1618.0,471.2,470.0,453.9,54.098360653668365,-5.280283704782562,-11.599205718294584,34.82655436429086,,0.0,Neutral
2011-07-04,460.0,465.0,450.0,465.0,6115.0,465.4,475.0,452.3,55.46448087219535,-4.960486247730216,-10.271461824181712,29.185232186463626,,0.0,Neutral
2011-07-05,465.0,472.0,450.0,471.0,12111.0,470.4,477.3,451.6,60.05747126195171,-4.174770448071172,-9.052123548959603,27.68894685208867,,0.0,Neutral
2011-07-06,471.0,511.0,465.0,485.0,2083.0,472.4,481.0,451.95,64.63768115679731,-2.394796297932942,-7.720658098754271,25.74231276841064,,0.0,Neutral
2011-07-07,485.0,485.0,470.0,472.0,2005.0,470.6,479.0,452.55,63.352272724753036,-2.0099755672213178,-6.5785215924476805,25.569078547687045,,0.0,Neutral
2011-07-10,472.0,499.0,472.0,482.0,2518.0,475.0,473.1,454.65,60.30769230509444,-0.8878513415387488,-5.440387542265895,13.74732297172452,,0.0,Neutral
2011-07-11,482.0,500.0,474.0,496.0,3964.0,481.2,473.3,457.95,57.84313725225554,1.1182328961502321,-4.12866345458267,14.095310488875139,,0.0,Neutral
2011-07-12,496.0,509.0,498.0,500.0,4255.0,487.0,478.7,461.7,58.38709677155671,2.996296240252491,-2.7036715156156377,12.754519896012944,,0.0,Neutral
2011-07-13,500.0,548.0,506.0,506.0,2985.0,491.2,481.8,466.95,52.573529409058715,4.912200042722873,-1.1804972039479356,15.273797461302776,,0.0,Neutral
2011-07-14,506.0,520.0,510.0,515.0,4268.0,499.8,485.2,473.5,44.396551721458835,7.075233505709946,0.4706489379836407,18.516059095942975,,0.0,Neutral
2011-07-17,515.0,555.0,525.0,555.0,92.0,514.4,494.7,482.35,63.55555555160099,11.880171592030763,2.7525534687930655,26.708508839777014,,0.0,Neutral
2011-07-18,555.0,588.0,520.0,520.0,6026.0,519.2,500.2,487.6,67.45283018422481,12.717314860891406,4.745505747212734,25.550820817430576,,0.0,Neutral
2011-07-19,520.0,550.0,520.0,550.0,1843.0,529.2,508.1,492.7,67.60563379837333,15.62143206742445,6.920691011255078,27.64637810314792,,0.0,Neutral
2011-07-20,550.0,572.0,550.0,569.0,5887.0,541.8,516.5,498.75,69.46902654436917,19.234385068925576,9.383429822789179,32.229213800870355,,0.0,Neutral
2011-07-21,569.0,580.0,557.0,560.0,3386.0,550.8,525.3,502.15,73.36448597650886,21.12790226304844,11.732324310841031,30.706676798377025,2011-07-21,0.9046612977981568,Strongly Positive
2011-07-24,560.0,550.0,519.0,530.0,3447.0,545.8,530.1,501.6,63.59832635610721,19.977490922112793,13.381357633095384,26.6727076490805,,0.0,Neutral
2011-07-25,530.0,529.0,510.0,529.0,824.0,547.6,533.4,503.35,62.39316238942947,18.768735701469666,14.458833246770242,23.880256838372773,,0.0,Neutral
2011-07-26,529.0,525.0,500.0,515.0,2584.0,540.6,534.9,506.8,56.41025640688144,16.491007415194076,14.865268080455008,21.94158912506831,,0.0,Neutral
2011-07-27,515.0,550.0,510.0,550.0,3380.0,536.8,539.3,510.55,65.23437499643249,17.31055354514683,15.354325173393374,19.810491047814473,,0.0,Neutral
2011-07-28,550.0,539.0,527.0,528.0,1872.0,530.4,540.6,512.9,58.58208954917854,16.000391070948695,15.48353835290444,18.416176464063795,,0.0,Neutral
2011-07-31,528.0,529.0,520.0,526.0,698.0,529.6,537.7,516.2,55.85937499694519,14.632025701466318,15.313235822616816,18.17843655421274,,0.0,Neutral
2011-08-01,526.0,530.0,516.0,530.0,2719.0,529.8,538.7,519.45,55.85937499694519,13.712286158977577,14.99304588988897,17.352873601285886,,0.0,Neutral
2011-08-02,530.0,526.0,516.0,516.0,1408.0,530.0,535.3,521.7,51.893939391187445,11.718618014190383,14.338160314749254,18.20286912671809,,0.0,Neutral
2011-08-03,516.0,524.0,524.0,524.0,155.0,524.8,530.8,523.65,51.7110266132169,10.66125843620398,13.6027799390402,14.030126316053837,,0.0,Neutral
2011-08-04,524.0,526.0,515.0,515.0,2935.0,522.2,526.3,525.8,41.379310342330555,8.993398271842011,12.680903605600564,10.360716405945396,,0.0,Neutral
2011-08-07,515.0,525.0,524.0,525.0,514.0,522.0,525.8,527.95,51.20772946513571,8.38190215136649,11.82110331475375,10.282671507605157,,0.0,Neutral
2011-08-08,525.0,524.0,511.0,514.0,1726.0,518.8,524.3,528.85,40.425531911883205,6.929796619354306,10.84284197567386,10.842816362304031,,0.0,Neutral
2011-08-09,514.0,515.0,508.0,510.0,1192.0,517.6,523.8,529.35,32.947976875946395,5.3940467396370195,9.753082928466492,11.41928193889534,,0.0,Neutral
2011-08-10,510.0,527.0,512.0,527.0,2627.0,518.2,521.5,530.4,40.88397789739019,5.485478637412484,8.89956207025569,7.027722880767988,,0.0,Neutral
2011-08-11,527.0,529.0,517.0,529.0,569.0,521.0,521.6,531.1,49.67320260983382,5.654144897636456,8.250478635731843,7.136759301904084,,0.0,Neutral
2011-08-15,529.0,530.0,520.0,521.0,314.0,520.2,521.1,529.4,47.49999999584375,5.083679490146665,7.617118806614808,6.967384333049623,,0.0,Neutral
2011-08-16,521.0,534.0,517.0,525.0,2077.0,522.4,520.6,529.65,53.33333332835556,4.897888307752623,7.0732727068423715,6.415259585982176,,0.0,Neutral
2011-08-17,525.0,531.0,516.0,523.0,3149.0,525.0,521.3,528.3,38.46153845693623,4.536964865047821,6.566011138483462,6.236986451803547,2011-08-17,0.7884487509727478,Strongly Positive
2011-08-18,523.0,540.0,513.0,540.0,4428.0,527.6,522.9,526.85,55.357142850223205,5.558612140819946,6.3645313389507585,8.608135686661905,,0.0,Neutral
2011-08-22,540.0,545.0,530.0,536.0,1779.0,529.0,525.0,525.65,54.38596490560172,5.97661371425022,6.2869478140106505,9.018499505644895,,0.0,Neutral
2011-08-23,536.0,545.0,527.0,545.0,3724.0,533.8,527.0,526.4,56.30252100177954,6.953946984439199,6.42034764809636,11.015141094571538,,0.0,Neutral
2011-08-24,545.0,552.0,539.0,542.0,1212.0,537.2,529.8,527.05,62.0370370289952,7.401100435619355,6.616498205600959,10.901579905886654,,0.0,Neutral
2011-08-25,542.0,535.0,520.0,525.0,865.0,537.6,531.3,527.55,50.42735042131638,6.31096595508393,6.5553917554975545,8.680117766737537,,0.0,Neutral
2011-08-28,525.0,516.0,505.0,509.0,971.0,531.4,529.5,525.5,47.58064515591831,4.108598872555149,6.066033178909073,11.177855091404242,,0.0,Neutral
2011-08-29,509.0,517.0,500.0,517.0,1399.0,527.6,528.3,524.95,46.72131147004836,2.9744525956730286,5.447717062261865,11.86076632337744,,0.0,Neutral
2011-08-30,517.0,534.0,525.0,528.0,1003.0,524.2,529.0,525.05,55.737704911636655,2.9294724346323164,4.944068136735956,11.585431464654617,,0.0,Neutral
2011-09-01,528.0,540.0,530.0,530.0,814.0,521.8,529.5,525.05,58.33333332652778,3.0203914260148395,4.559332794591732,11.501207666056855,,0.0,Neutral
2011-09-04,530.0,525.0,516.0,520.0,1879.0,520.8,529.2,525.25,46.90265486144569,2.2594830411890143,4.099362843911189,11.726513169356785,,0.0,Neutral
2011-09-05,520.0,520.0,509.0,514.0,1014.0,521.8,526.6,524.75,43.589743584527724,1.1589481751154835,3.5112799101520484,11.94617558514424,,0.0,Neutral
2011-09-06,514.0,510.0,504.0,504.0,1052.0,519.2,523.4,524.2,42.85714285210084,-0.5142224256558166,2.7061794429904755,13.351654079800356,,0.0,Neutral
2011-09-07,504.0,505.0,500.0,500.0,1691.0,513.6,518.9,522.95,39.49579831468117,-2.1383393074492005,1.7372756929025404,12.836146877729533,,0.0,Neutral
2011-09-08,500.0,505.0,495.0,500.0,1259.0,507.6,514.7,522.25,40.17094016613339,-3.3864270147522575,0.7125351513715807,11.205653335109119,,0.0,Neutral
2011-09-12,500.0,500.0,481.0,481.0,681.0,499.8,510.3,520.8,25.21008403064755,-5.841351263895717,-0.5982421316818789,14.780242066878566,,0.0,Neutral
2011-09-13,481.0,475.0,472.0,475.0,970.0,492.0,506.9,518.2,24.79338842688341,-8.1767893364281,-2.113951572631123,18.54394180797992,,0.0,Neutral
2011-09-14,475.0,472.0,463.0,465.0,3976.0,484.2,501.7,515.0,17.213114752123076,-10.711086523324639,-3.8333785627698265,22.306202425931424,,0.0,Neutral
2011-09-15,465.0,472.0,459.0,465.0,906.0,477.2,495.4,512.2,17.647058821453285,-12.57458333330544,-5.58161951687695,22.94050275531516,,0.0,Neutral
2011-09-18,465.0,466.0,465.0,465.0,160.0,470.2,488.9,509.2,20.588235291291824,-13.891287861543276,-7.243553185810216,21.189357915917082,,0.0,Neutral
2011-09-19,465.0,472.0,455.0,472.0,644.0,468.4,484.1,506.65,30.107526877188107,-14.206184140230562,-8.636079376694285,18.64552374044503,,0.0,Neutral
2011-09-20,472.0,475.0,463.0,475.0,2361.0,468.4,480.2,503.4,26.136363632205573,-14.05168767321652,-9.719201035998733,15.512002521343328,,0.0,Neutral
2011-09-21,475.0,490.0,484.0,490.0,1125.0,473.4,478.8,501.1,29.347826082490542,-12.573929043240128,-10.290146637447013,13.644697789900512,,0.0,Neutral
2011-09-22,490.0,539.0,499.0,539.0,7553.0,488.2,482.7,500.8,53.23741006658041,-7.3640163953299975,-9.70492058902361,22.84756247635738,,0.0,Neutral
2011-09-25,539.0,592.0,549.0,573.0,13866.0,509.8,490.0,502.35,66.2576687059656,-0.486004874655805,-7.861137446150049,36.54525352977465,,0.0,Neutral
2011-09-26,573.0,570.0,541.0,550.0,8527.0,525.4,496.9,503.6,59.99999999533333,3.0735312725920494,-5.67420370240163,40.91033555906764,,0.0,Neutral
2011-09-27,550.0,561.0,550.0,560.0,1777.0,542.4,505.4,506.15,65.55555555045679,6.625036444679836,-3.214355672985337,44.52514894853085,,0.0,Neutral
2011-09-29,560.0,558.0,545.0,554.0,2240.0,555.2,514.3,508.0,64.83516483017752,8.853423272444502,-0.8007998838993693,44.44734712743434,2011-09-29,0.9028031826019288,Strongly Positive
2011-10-02,554.0,559.0,554.0,556.0,1118.0,558.6,523.4,509.4,65.21739129938564,10.657960835252311,1.4909522599309668,42.50542449042357,,0.0,Neutral
2011-10-10,556.0,567.0,567.0,567.0,55.0,557.4,533.6,511.25,74.43181817589746,12.827806950440731,3.7583231980329197,39.030472425757004,,0.0,Neutral
2011-10-12,567.0,578.0,556.0,571.0,3587.0,561.6,543.5,513.8,77.58620689030916,14.70073132045502,5.94680482251734,33.88624762020412,,0.0,Neutral
2011-10-13,571.0,570.0,550.0,562.0,2204.0,562.0,552.2,516.2,78.0346820746099,15.282643789036683,7.813972615821209,24.100714604435776,,0.0,Neutral
2011-10-16,562.0,567.0,555.0,566.0,2022.0,564.4,559.8,519.3,78.53107344011619,15.883485252580158,9.427875143172999,10.390166291045695,,0.0,Neutral
2011-10-17,566.0,577.0,560.0,565.0,1248.0,566.2,562.4,522.55,78.08988763430753,16.09344953025584,10.760990020589567,7.441624673269061,,0.0,Neutral
2011-10-18,565.0,569.0,565.0,568.0,1002.0,566.4,561.9,525.95,77.58620689030916,16.313866562278008,11.871565328927256,6.789698078709285,,0.0,Neutral
2011-10-19,568.0,577.0,557.0,565.0,3942.0,565.2,563.4,530.15,75.86206895941339,16.061328720560027,12.709518007253811,5.378971401054614,2011-10-19,0.8989937901496887,Strongly Positive
2011-10-20,565.0,566.0,552.0,555.0,8873.0,563.8,562.9,534.15,69.23076922503414,14.88271555430731,13.144157516664512,5.933895104494239,,0.0,Neutral
2011-10-23,555.0,571.0,550.0,556.0,3629.0,561.8,563.1,538.7,57.02479338183184,13.86946916417412,13.289219846166434,5.626327003968512,,0.0,Neutral
2011-10-24,556.0,567.0,553.0,553.0,7970.0,559.4,562.8,543.1,38.88888888283951,12.67824228684276,13.1670243343017,6.106462878698122,,0.0,Neutral
2011-10-25,553.0,564.0,556.0,561.0,5454.0,558.0,562.2,547.9,57.33333332263111,12.238640120422474,12.981347491525856,5.940445175987853,,0.0,Neutral
2011-11-02,561.0,493.0,457.0,493.0,312.0,543.6,554.4,548.95,24.812030072576178,6.330249361883375,11.65112786559736,22.162029590170036,,0.0,Neutral
2011-11-03,493.0,490.0,455.0,470.0,938.0,526.6,545.2,548.7,21.99999999794666,-0.20572914536955977,9.279756463403976,34.38281224358734,,0.0,Neutral
2011-11-06,470.0,465.0,461.0,465.0,1090.0,508.4,535.1,547.45,20.261437906642755,-5.72302593429572,6.2791999838640375,41.65853253936482,,0.0,Neutral
2011-11-08,465.0,469.0,469.0,469.0,20.0,491.6,525.5,543.95,16.43835616280728,-9.66138637081292,3.091082712928646,44.935138440497035,,0.0,Neutral
2011-11-09,469.0,460.0,432.0,432.0,2109.0,465.8,511.9,536.9,11.173184356668017,-15.588462081807108,-0.6448262460185048,50.83622942569764,,0.0,Neutral
2011-11-10,432.0,435.0,435.0,435.0,78.0,454.2,498.9,531.15,13.294797686785387,-19.815219837351833,-4.478904964285171,52.348087092291586,,0.0,Neutral
2011-11-13,435.0,432.0,416.0,416.0,706.0,443.4,485.0,523.95,10.10638297797081,-24.416637226028115,-8.46645141663376,54.21766829692563,2011-11-13,0.870771586894989,Strongly Positive
2011-11-14,416.0,416.0,403.0,408.0,1446.0,432.0,470.2,516.65,9.743589742890194,-28.381660681816925,-12.449493269670393,52.86628835509752,,0.0,Neutral
2011-11-15,408.0,415.0,405.0,406.0,2995.0,419.4,455.5,509.15,8.247422679817191,-31.324266971317343,-16.224448009999783,47.44411917660917,,0.0,Neutral
2011-11-16,406.0,410.0,400.0,407.0,1947.0,414.4,440.1,501.15,8.854166666021044,-33.19298395629556,-19.61815519925894,31.81351913887903,2011-11-16,0.8837997317314148,Strongly Positive
2011-11-17,407.0,431.0,415.0,431.0,126.0,413.6,433.9,494.15,19.902912620006603,-32.36428092223235,-22.167380343853623,25.83903162959803,,0.0,Neutral
2011-11-20,431.0,440.0,425.0,425.0,708.0,415.4,429.4,487.3,18.95734597030615,-31.824820927769906,-24.09886846063688,22.56447552138892,,0.0,Neutral
2011-11-21,425.0,436.0,429.0,436.0,355.0,421.0,426.5,480.8,23.28767123138799,-30.161998186492838,-25.311494405808073,19.074415674749588,,0.0,Neutral
2011-11-22,436.0,430.0,422.0,428.0,492.0,425.4,422.4,473.95,19.634703195091845,-29.153666999606344,-26.079928924567728,12.02959313987401,,0.0,Neutral
2011-11-23,428.0,422.0,421.0,422.0,450.0,428.4,421.4,466.65,27.388535029404835,-28.51006089022684,-26.56595531769955,11.548929724332423,,0.0,Neutral
2011-11-24,422.0,422.0,418.0,421.0,688.0,426.4,420.0,459.45,31.85185184854869,-27.76068219039695,-26.804900692239034,10.519822558696305,,0.0,Neutral
2011-11-27,421.0,422.0,420.0,422.0,231.0,425.8,420.6,452.8,33.58778625595245,-26.777428996052834,-26.799406353001796,10.437113266278338,,0.0,Neutral
2011-12-01,423.0,420.0,418.0,420.0,867.0,422.6,421.8,446.0,31.00775193461932,-25.861462202808184,-26.611817522963076,9.47276798687296,,0.0,Neutral
2011-12-04,420.0,418.0,415.0,416.0,555.0,420.2,422.8,439.15,41.66666666059027,-25.168195202940694,-26.3230930589586,8.038794823978012,,0.0,Neutral
2011-12-05,416.0,414.0,408.0,408.0,1762.0,417.4,422.9,431.5,36.6336633612587,-24.976396895888513,-26.053753826344586,7.823753006767582,,0.0,Neutral
2011-12-06,408.0,408.0,401.0,407.0,841.0,414.6,420.5,427.2,44.578313245492815,-24.62126834311664,-25.767256729699,8.695464973818302,,0.0,Neutral
2011-12-07,407.0,409.0,405.0,407.0,2416.0,411.6,418.7,424.05,49.333333324124446,-24.062449467376723,-25.426295277234544,9.487418569394842,,0.0,Neutral
2011-12-08,407.0,404.0,392.0,392.0,2500.0,406.0,414.3,420.4,42.0454545387655,-24.54699365912029,-25.250434953611695,10.698390325433818,,0.0,Neutral
2011-12-11,392.0,400.0,389.0,397.0,1244.0,402.2,411.2,416.8,44.565217384522676,-24.248024081037727,-25.049952779096902,10.77857958070327,,0.0,Neutral
2011-12-12,397.0,419.0,388.0,390.0,2515.0,398.6,408.0,414.7,22.666666662435546,-24.295862456260295,-24.899134714529584,11.907047399651534,,0.0,Neutral
2011-12-13,390.0,388.0,384.0,388.0,636.0,394.8,404.7,412.35,23.943661967109705,-24.216010898884804,-24.76250995140063,12.463725143158833,,0.0,Neutral
2011-12-14,388.0,400.0,384.0,394.0,2250.0,392.2,401.9,411.25,18.181818177961432,-23.398850722606085,-24.489778105641722,11.229425630893168,,0.0,Neutral
2011-12-15,394.0,404.0,393.0,394.0,2199.0,392.6,399.3,410.55,20.689655167419744,-22.491971943782517,-24.09021687326988,9.440456674439979,,0.0,Neutral
2011-12-18,394.0,395.0,388.0,388.0,1816.0,390.8,396.5,409.65,20.689655167419744,-22.003768092068583,-23.672927117029623,7.975657409321366,,0.0,Neutral
2011-12-19,388.0,390.0,390.0,390.0,276.0,390.8,394.7,408.8,23.728813553691467,-21.210972845374442,-23.18053626269859,7.071853442405332,,0.0,Neutral
2011-12-20,390.0,395.0,390.0,395.0,583.0,392.2,393.5,407.0,28.57142856507936,-19.949256081208148,-22.5342802264005,5.622375931121865,,0.0,Neutral
2011-12-21,395.0,398.0,388.0,389.0,2098.0,391.2,391.7,405.2,26.865671636177325,-19.212022079867552,-21.869828597093914,3.1640339933154906,,0.0,Neutral
2011-12-22,389.0,393.0,389.0,389.0,355.0,390.2,391.4,402.85,28.57142856507936,-18.41547667049963,-21.17895821177506,3.2727833889299087,,0.0,Neutral
2011-12-26,389.0,393.0,390.0,390.0,125.0,390.6,390.7,400.95,33.9285714200893,-17.50176757004897,-20.443520083429846,2.6267851072638964,,0.0,Neutral
2011-12-27,390.0,392.0,385.0,390.0,804.0,390.6,390.7,399.35,34.545454536661154,-16.586448274025827,-19.67210572154904,2.6267851072638964,,0.0,Neutral
2011-12-28,390.0,390.0,381.0,381.0,3177.0,387.8,390.0,397.35,29.687499993505867,-16.398247135842155,-19.017334004407665,3.9999999999677813,,0.0,Neutral
2011-12-29,381.0,390.0,385.0,389.0,1928.0,387.8,389.5,395.7,47.36842104099723,-15.425744852241394,-18.29901617397441,3.749073959699514,,0.0,Neutral
2012-01-01,389.0,410.0,391.0,402.0,1004.0,390.4,390.3,394.8,53.84615383455622,-13.450983862500095,-17.32940971167955,5.334374898270488,,0.0,Neutral
2012-01-02,402.0,419.0,395.0,407.0,2695.0,393.8,392.2,394.35,63.49206347795415,-11.351658484640097,-16.13385946627166,7.4057035077155415,,0.0,Neutral
2012-01-03,407.0,424.0,408.0,408.0,1439.0,397.4,394.0,394.35,66.12903224313214,-9.49775218022404,-14.806638009062137,8.856886837043435,2012-01-03,0.8868728876113892,Strongly Positive
2012-01-04,408.0,408.0,400.0,400.0,1102.0,401.2,394.5,394.0,54.68749998803711,-8.575201631975233,-13.560350733644757,9.058452161120309,2012-01-04,0.7058789134025574,Strongly Positive
2012-01-05,400.0,400.0,393.0,400.0,1322.0,403.4,395.6,393.65,54.68749998803711,-7.7546825228689045,-12.399217091489586,8.983936281545109,,0.0,Neutral
2012-01-08,400.0,405.0,398.0,405.0,889.0,404.0,397.2,394.3,63.49206347795415,-6.624592821741544,-11.244292237539979,9.101892355120361,,0.0,Neutral
2012-01-09,405.0,403.0,400.0,401.0,1300.0,402.8,398.3,394.5,58.46153844894675,-5.9827892915506595,-10.191991648342116,8.79456903118057,,0.0,Neutral
2012-01-10,400.0,403.0,400.0,400.0,387.0,401.2,399.3,395.0,54.09836064332169,-5.491543912722477,-9.251902101218189,8.300602387764254,,0.0,Neutral
2012-01-11,400.0,403.0,403.0,403.0,97.0,401.8,401.5,395.75,62.06896550225922,-4.804767118338873,-8.362475104642325,5.275730597092199,,0.0,Neutral
2012-01-12,403.0,408.0,400.0,400.0,1051.0,401.8,402.6,396.05,59.01639342907821,-4.451255189766641,-7.580231121667189,3.062315754056267,,0.0,Neutral
2012-01-16,400.0,403.0,396.0,396.0,1675.0,400.0,402.0,396.15,54.68749998803711,-4.442648918779696,-6.952714681089691,3.7118429085213474,,0.0,Neutral
2012-01-17,396.0,391.0,389.0,389.0,1115.0,397.6,400.2,396.2,49.295774638167025,-4.943682194573057,-6.5509081837863645,5.116422361136462,,0.0,Neutral
2012-01-18,389.0,395.0,383.0,383.0,3059.0,394.2,397.7,395.85,51.47058822469724,-5.758523852877545,-6.392431317604601,6.733828364622887,,0.0,Neutral
2012-01-19,383.0,395.0,390.0,393.0,1517.0,392.2,397.0,395.75,52.85714284657143,-5.533587558353986,-6.220662565754478,6.8313005106217375,,0.0,Neutral
2012-01-22,393.0,400.0,395.0,400.0,1068.0,392.2,397.0,396.3,48.437499989404294,-4.735890033489568,-5.923708059301496,6.8313005106217375,,0.0,Neutral
2012-01-23,400.0,398.0,398.0,398.0,103.0,392.6,396.3,396.75,42.62295080988982,-4.2164872429719935,-5.582263896035595,6.254775952979868,2012-01-23,0.8478390574455261,Strongly Positive
2012-01-26,398.0,400.0,394.0,396.0,220.0,394.0,395.8,397.05,40.322580636056195,-3.921040757603862,-5.250019268349249,6.033241251578805,,0.0,Neutral
2012-01-29,396.0,397.0,395.0,395.0,1267.0,396.4,395.3,397.3,45.45454544297521,-3.724653445619083,-4.944946103803216,5.8509258526394525,,0.0,Neutral
2012-01-31,395.0,398.0,387.0,387.0,1900.0,395.2,393.7,397.6,39.68253967372134,-4.1665191875613345,-4.789260720554839,5.696977756258525,,0.0,Neutral
2012-02-01,387.0,394.0,380.0,383.0,902.0,391.8,392.0,397.3,32.25806450884495,-4.784316914865826,-4.788271959417037,6.1282587702627005,,0.0,Neutral
2012-02-02,383.0,384.0,384.0,384.0,280.0,389.0,390.8,396.4,35.59322033053719,-5.13405226343923,-4.857428020221477,6.425643071991556,,0.0,Neutral
2012-02-05,384.0,389.0,384.0,385.0,1953.0,386.8,390.4,395.3,37.28813558437231,-5.269781641797977,-4.939898744536777,6.66999916706385,,0.0,Neutral
2012-02-06,385.0,385.0,385.0,385.0,1788.0,384.8,390.6,394.15,33.9285714200893,-5.316067831203895,-5.0151325618702005,6.449806198618984,,0.0,Neutral
2012-02-07,385.0,383.0,370.0,370.0,2982.0,381.4,388.3,392.65,27.941176464835635,-6.488331166707667,-5.309772282837693,9.068259663963834,,0.0,Neutral
2012-02-08,370.0,375.0,363.0,371.0,1700.0,379.0,385.4,391.2,30.76923076260354,-7.253057926242377,-5.698429411518631,9.535897091153453,,0.0,Neutral
2012-02-09,371.0,379.0,374.0,379.0,346.0,378.0,383.5,389.9,42.42424241524334,-7.131370254353726,-5.98501758008565,8.592632503084596,,0.0,Neutral
2012-02-12,379.0,380.0,380.0,380.0,813.0,377.0,381.9,388.85,47.54098359564634,-6.874989653821558,-6.163011994832831,7.415449338281449,,0.0,Neutral
2012-02-13,380.0,379.0,373.0,379.0,1892.0,375.8,380.3,387.8,36.53846152862427,-6.675546281281299,-6.265518852122526,5.831904586911406,,0.0,Neutral
2012-02-14,379.0,387.0,380.0,380.0,542.0,377.8,379.6,386.65,28.260869556616257,-6.363440547453081,-6.285103191188637,5.337498373640497,,0.0,Neutral
2012-02-15,380.0,384.0,377.0,377.0,821.0,379.0,379.0,385.5,27.659574459846084,-6.285711661434391,-6.285224885237787,5.249338582648359,,0.0,Neutral
2012-02-16,377.0,388.0,380.0,388.0,753.0,380.8,379.4,385.1,42.857142846428566,-5.275688042343575,-6.083317516658945,5.79655069845212,,0.0,Neutral
2012-02-21,388.0,388.0,378.0,378.0,374.0,380.4,378.7,384.55,36.92307691512426,-5.221957992715829,-5.911045611870323,5.457919831640397,,0.0,Neutral
2012-02-23,378.0,380.0,370.0,372.0,1705.0,379.0,377.4,384.0,38.09523808677249,-5.598984785825451,-5.848633446661349,5.337498373640159,,0.0,Neutral
2012-02-26,372.0,372.0,370.0,372.0,271.0,377.4,377.6,382.95,40.67796609204252,-5.830570053523047,-5.84502076803369,5.059644256242012,,0.0,Neutral
2012-02-27,372.0,370.0,370.0,370.0,1654.0,376.0,377.5,381.45,38.33333332438889,-6.10511041934285,-5.897038698295522,5.2121652570106844,,0.0,Neutral
2012-02-28,370.0,386.0,370.0,380.0,1294.0,374.4,377.6,380.55,46.37681158479311,-5.452911441915717,-5.8082132470195615,5.253570214599092,,0.0,Neutral
2012-02-29,380.0,385.0,375.0,382.0,1385.0,375.2,377.8,379.85,47.887323934219395,-4.720243736616226,-5.590619344938895,5.391351098415848,,0.0,Neutral
2012-03-01,382.0,387.0,384.0,384.0,1266.0,377.6,378.3,379.3,62.06896550225922,-3.932880221220671,-5.259071520195251,5.735852159855934,,0.0,Neutral
2012-03-04,384.0,389.0,384.0,385.0,2202.0,380.2,378.8,379.2,62.06896550225922,-3.1914087465236776,-4.845538965460936,6.106462878673197,,0.0,Neutral
2012-03-05,385.0,381.0,378.0,378.0,1790.0,381.8,378.9,378.95,49.122807005478606,-3.1325190299203314,-4.502934978352815,6.081849133989919,,0.0,Neutral
2012-03-06,378.0,385.0,380.0,380.0,605.0,381.8,378.1,378.75,49.999999987931034,-2.89113798095849,-4.180575578873951,5.216427044523369,,0.0,Neutral
2012-03-11,380.0,384.0,371.0,377.0,387.0,380.8,378.0,378.35,48.33333332205555,-2.9083905724447163,-3.926138577588104,5.228129047092933,2012-03-11,0.8934685587882996,Strongly Positive
2012-03-12,377.0,382.0,368.0,370.0,1900.0,378.0,377.8,377.6,42.42424241524334,-3.447168066373308,-3.8303444753451448,5.513619500810986,,0.0,Neutral
2012-03-13,370.0,381.0,370.0,381.0,168.0,377.2,378.7,378.15,52.702702692731926,-2.9525103414868568,-3.6547776485734875,5.186520991929444,,0.0,Neutral
2012-03-14,381.0,380.0,369.0,375.0,1781.0,376.6,379.2,378.35,40.57971013669397,-3.0099436300631623,-3.525810844871423,4.442221666357838,,0.0,Neutral
2012-03-15,375.0,375.0,368.0,370.0,970.0,374.6,378.2,377.9,43.749999990429686,-3.419500267778915,-3.5045487294529214,5.28730134901345,,0.0,Neutral
2012-03-18,370.0,374.0,367.0,369.0,1465.0,373.0,376.9,377.35,47.45762710738293,-3.781181391142752,-3.5598752617908875,5.820461990039907,,0.0,Neutral
2012-03-19,369.0,370.0,365.0,365.0,2593.0,372.0,375.0,376.65,44.4444444345679,-4.340547725503143,-3.716009754533339,6.324555320314463,,0.0,Neutral
2012-03-20,365.0,370.0,358.0,370.0,1703.0,369.8,373.5,376.15,49.99999998939394,-4.330472372360987,-3.838902278098869,5.400617248646845,,0.0,Neutral
2012-03-21,370.0,377.0,370.0,377.0,211.0,370.2,373.4,376.15,47.61904760846561,-3.7148239062540256,-3.8140866037299004,5.316640543273698,,0.0,Neutral
2012-03-25,377.0,377.0,377.0,377.0,64.0,371.6,373.1,375.6,45.90163933372749,-3.1901440663554013,-3.6892980962550004,4.9766119666276,,0.0,Neutral
2012-03-26,377.0,370.0,360.0,362.0,861.0,370.2,371.6,374.8,35.135135128487946,-3.939296396162945,-3.7392977562365894,5.853773711579414,,0.0,Neutral
2012-03-27,362.0,362.0,360.0,360.0,2652.0,369.2,370.6,374.2,33.333333327111106,-4.640890997622819,-3.9196164045138358,6.91536132258698,,0.0,Neutral
2012-03-28,360.0,365.0,360.0,361.0,783.0,367.4,368.6,373.65,37.6811594126444,-5.057913651215358,-4.147275853854141,6.449806198616056,,0.0,Neutral
2012-03-29,361.0,364.0,359.0,360.0,1261.0,364.0,367.1,373.15,35.29411763979239,-5.406772839628729,-4.3991752510090585,6.5396228229439926,,0.0,Neutral
2012-04-01,360.0,364.0,355.0,364.0,794.0,361.4,366.5,372.35,40.57971013669397,-5.299391601609216,-4.57921852112909,6.519202405179809,,0.0,Neutral
2012-04-02,364.0,371.0,364.0,370.0,565.0,363.0,366.6,371.75,49.99999998970588,-4.676236596304989,-4.59862213616427,6.5692888165506895,,0.0,Neutral
2012-04-03,370.0,372.0,367.0,371.0,1569.0,365.2,367.2,371.1,41.379310334839474,-4.054947214983315,-4.4898871519280785,6.679986693244659,,0.0,Neutral
2012-04-04,371.0,371.0,359.0,359.0,2078.0,364.8,366.1,369.8,37.49999999179688,-4.4792367627799194,-4.487757074098447,7.062420107688252,,0.0,Neutral
2012-04-05,359.0,370.0,355.0,370.0,3276.0,366.8,365.4,369.4,49.99999999,-3.883119037973529,-4.3668294668734635,6.149977416375006,,0.0,Neutral
2012-04-08,370.0,372.0,364.0,372.0,444.0,368.4,364.9,369.0,52.11267604606229,-3.2122790081340327,-4.135919375125577,5.2376839665096995,,0.0,Neutral
2012-04-09,372.0,380.0,374.0,375.0,604.0,369.4,366.2,368.9,57.14285713142857,-2.410768682668561,-3.790889236634174,5.996295152446829,,0.0,Neutral
2012-04-10,375.0,382.0,375.0,382.0,1417.0,371.6,368.4,369.5,58.33333332199074,-1.196927046675171,-3.2720967986423735,7.351492667761438,,0.0,Neutral
2012-04-11,382.0,419.0,389.0,398.0,2406.0,379.4,372.1,370.35,62.962962952080474,1.0440819507176684,-2.4088610487703654,11.406138698074491,,0.0,Neutral
2012-04-12,398.0,417.0,400.0,413.0,1761.0,388.0,377.4,372.25,68.74999998997396,3.9845410574987454,-1.1301806275165434,16.385630561214633,,0.0,Neutral
2012-04-15,413.0,454.0,355.0,451.0,26253.0,403.8,386.1,376.3,87.39495797291151,9.274250716002541,0.9507056411872735,27.68252557520646,,0.0,Neutral
2012-04-16,451.0,487.0,460.0,487.0,497.0,426.2,397.8,382.2,91.50326796548336,16.184715540003992,3.9975076209506177,41.432139966721245,,0.0,Neutral
2012-04-17,487.0,506.0,439.0,439.0,6093.0,437.6,404.6,385.9,69.499999995135,17.585396350375447,6.715085366835584,42.119406981155535,,0.0,Neutral
2012-04-18,439.0,482.0,419.0,451.0,4008.0,448.2,413.8,389.95,71.5639810379057,19.439657425733458,9.25999977861516,41.087440633088384,,0.0,Neutral
2012-04-19,451.0,479.0,452.0,472.0,7585.0,460.0,424.0,394.7,73.68421052179133,22.346105192173695,11.877220861326869,41.66266647464585,,0.0,Neutral
2012-04-22,472.0,499.0,478.0,499.0,6901.0,469.6,436.7,400.8,75.90361445356365,26.522426317536542,14.806261952568804,43.37190590949451,,0.0,Neutral
2012-04-24,499.0,548.0,508.0,548.0,2321.0,481.8,454.0,410.1,79.79797979421828,33.401054819544015,18.525220525963846,50.019996001597704,,0.0,Neutral
2012-04-25,548.0,602.0,558.0,602.0,526.0,514.4,476.0,422.2,85.84070796105672,42.71734718072315,23.36364585691571,61.822326064294,,0.0,Neutral
2012-04-26,602.0,626.0,556.0,603.0,17410.0,544.8,496.5,434.3,85.41033434287007,49.60940134198063,28.612796953928694,66.86678298427843,,0.0,Neutral
2012-04-29,603.0,599.0,579.0,590.0,7336.0,568.4,514.2,445.8,82.05882352603287,53.40677253564985,33.57159207027293,65.72467826724817,,0.0,Neutral
2012-04-30,590.0,579.0,531.0,531.0,5343.0,574.8,522.2,454.15,69.69696969450567,51.06674401176508,37.070622458571364,61.93688543814372,,0.0,Neutral
2012-05-03,531.0,584.0,541.0,584.0,4747.0,582.0,531.9,464.85,72.85067873072418,52.87935136186371,40.232368239229835,63.390237593987614,,0.0,Neutral
2012-05-07,584.0,642.0,595.0,642.0,5558.0,590.0,552.2,478.4,75.20661156807253,58.32365226166337,43.85062504371655,62.83629524407059,,0.0,Neutral
2012-05-08,642.0,660.0,603.0,640.0,6250.0,597.4,571.1,492.45,74.09766454132193,61.764929009236766,47.433485836820594,57.18478818706977,,0.0,Neutral
2012-05-09,640.0,628.0,595.0,599.0,9568.0,599.2,583.8,503.9,65.61181434405367,60.48655689968035,50.04410004939255,45.6746951580175,,0.0,Neutral
2012-05-10,599.0,600.0,541.0,568.0,5503.0,606.6,590.7,513.7,58.63539445453967,56.322743344903415,51.29982870849473,35.52479572230033,,0.0,Neutral
2012-05-13,568.0,557.0,513.0,523.0,4471.0,594.4,588.2,521.1,59.01287553470777,48.828898043070694,50.80564257540993,39.51877191074373,,0.0,Neutral
2012-05-14,523.0,513.0,471.0,483.0,2032.0,562.6,576.3,526.15,53.23886639525234,39.21031385453426,48.4865768312348,51.116533528791265,,0.0,Neutral
2012-05-15,483.0,492.0,492.0,492.0,10.0,533.0,565.2,530.85,52.07468879516795,31.945493605914123,45.17836018617067,56.44820634882945,,0.0,Neutral
2012-05-17,492.0,541.0,501.0,541.0,2495.0,521.4,560.3,537.25,54.16666666516203,29.79846356946348,42.102380862829236,56.182342026259285,,0.0,Neutral
2012-05-20,541.0,577.0,533.0,560.0,7697.0,519.8,563.2,542.7,51.265822783295945,29.292403414757587,39.5403853732149,55.2424957196302,,0.0,Neutral
2012-05-21,560.0,586.0,545.0,571.0,4919.0,529.4,561.9,546.9,46.403712295476446,29.439593852925213,37.52022706915697,54.85020004015,,0.0,Neutral
2012-05-22,571.0,572.0,539.0,555.0,3921.0,543.8,553.2,552.7,44.6188340793169,27.94306677339364,35.6047950100043,47.08337758110033,,0.0,Neutral
2012-05-23,555.0,544.0,500.0,515.0,4457.0,548.4,540.7,555.9,42.07188160552007,23.261251348992573,33.13608627780196,36.98963818873248,,0.0,Neutral
2012-05-24,515.0,551.0,520.0,545.0,3236.0,549.2,535.3,559.55,51.57657657495029,21.72123924897471,30.853116872036512,30.987631941362174,,0.0,Neutral
2012-05-27,545.0,585.0,555.0,562.0,6489.0,549.6,534.7,562.7,47.30392156700428,21.623266928459543,29.00714688332112,30.33534791844868,,0.0,Neutral
2012-05-29,562.0,551.0,506.0,506.0,160.0,536.6,533.0,560.6,33.25123152594699,16.832852524312898,26.572288011519476,31.51719107619407,,0.0,Neutral
2012-05-30,506.0,496.0,456.0,456.0,611.0,516.8,530.3,553.3,29.7356828184663,8.899247478051961,23.037679904825975,36.962593704085826,,0.0,Neutral
2012-05-31,456.0,481.0,431.0,462.0,6223.0,506.2,527.3,546.25,33.65155131152477,3.0606766016019264,19.042279244181163,41.371084910437816,,0.0,Neutral
2012-06-03,462.0,508.0,471.0,508.0,4761.0,498.8,524.0,542.15,43.08755760229672,2.120933873880631,15.658010170121058,41.47288270665528,,0.0,Neutral
2012-06-04,508.0,520.0,483.0,502.0,4633.0,486.8,518.2,540.7,47.34177215022079,0.8818655387841545,12.702781243853678,39.90488691877202,,0.0,Neutral
2012-06-05,502.0,498.0,486.0,491.0,2148.0,483.8,510.2,536.05,51.09289617290902,-0.9764571230582533,9.966933570471294,35.96850474141663,,0.0,Neutral
2012-06-06,491.0,483.0,455.0,460.0,2535.0,484.6,500.7,526.95,45.876288658138485,-4.894214682928464,6.994703919791343,35.36178100089879,,0.0,Neutral
2012-06-07,460.0,482.0,455.0,478.0,2163.0,487.8,497.0,518.85,41.17647058662053,-6.472010894417281,4.301360956949618,35.63394137304694,,0.0,Neutral
2012-06-10,478.0,480.0,460.0,469.0,1732.0,480.0,489.4,512.35,36.887608067676005,-8.352369625419442,1.770614840475806,32.19799855753576,,0.0,Neutral
2012-06-11,469.0,485.0,469.0,472.0,1306.0,474.0,480.4,507.55,35.398230087033696,-9.491085216655733,-0.48172517095050194,19.867337796269247,,0.0,Neutral
2012-06-12,472.0,475.0,454.0,475.0,1385.0,470.8,477.3,505.15,37.730061348072944,-10.03576455204984,-2.39253304717037,17.732894731416835,,0.0,Neutral
2012-06-13,475.0,475.0,465.0,470.0,601.0,472.8,478.7,504.5,42.26804123507989,-10.747000332748428,-4.063426504285982,16.364256441673273,,0.0,Neutral
2012-06-14,470.0,468.0,460.0,468.0,1406.0,470.8,479.3,503.3,35.36121672815568,-11.341307564546469,-5.519002716338079,15.783606122245288,,0.0,Neutral
2012-06-17,468.0,468.0,460.0,466.0,370.0,470.2,475.1,499.55,30.645161288592618,-11.837231377897695,-6.7826484486500025,12.556096350200118,,0.0,Neutral
2012-06-18,466.0,463.0,454.0,457.0,1582.0,467.2,470.6,494.4,37.81094527099824,-12.808827170376276,-7.987884192995257,9.547541859321957,,0.0,Neutral
2012-06-19,457.0,457.0,450.0,455.0,3036.0,463.2,467.0,488.6,49.67320260983382,-13.58362356425124,-9.107032067246454,7.586537784490493,,0.0,Neutral
2012-06-20,455.0,482.0,460.0,460.0,1240.0,461.2,467.0,483.85,49.34210525861322,-13.636998248178884,-10.01302530343294,7.586537784490493,,0.0,Neutral
2012-06-21,460.0,474.0,460.0,474.0,4675.0,462.4,466.6,481.8,35.83333332915278,-12.40659951623411,-10.491740145993175,7.0269323162902175,,0.0,Neutral
2012-06-25,474.0,497.0,479.0,490.0,676.0,467.2,468.7,479.05,45.38461537972781,-10.024872879910049,-10.39836669277655,10.231215850412196,,0.0,Neutral
2012-06-26,490.0,481.0,472.0,480.0,1008.0,471.8,469.5,474.95,45.73643410356349,-8.842324969628692,-10.087158348146978,10.814085465003188,,0.0,Neutral
2012-06-27,480.0,499.0,480.0,497.0,3083.0,480.2,471.7,474.5,66.08695651369376,-6.458934726876919,-9.361513623892966,13.864823595462155,,0.0,Neutral
2012-06-28,497.0,523.0,497.0,507.0,6453.0,489.6,475.4,477.05,63.55140186084374,-3.720279297634022,-8.233266758641177,17.752621089729523,,0.0,Neutral
2012-07-01,507.0,500.0,494.0,500.0,2092.0,494.8,478.6,478.95,64.76190475326985,-2.0906173026701254,-7.004736867446967,19.103228348456966,,0.0,Neutral
2012-07-02,500.0,494.0,488.0,492.0,1519.0,495.2,481.2,478.15,59.09090908338843,-1.428168533935775,-5.889423200744729,18.966637375488887,,0.0,Neutral
2012-07-03,492.0,505.0,489.0,500.0,1427.0,499.2,485.5,478.05,60.86956520998109,-0.25470390277428123,-4.762479341150639,17.70279325103388,,0.0,Neutral
2012-07-04,500.0,507.0,500.0,503.0,2453.0,500.4,490.3,478.65,64.60176990350067,0.9068960664009751,-3.6286042596403165,14.780242066878369,,0.0,Neutral
2012-07-05,503.0,512.0,506.0,512.0,2391.0,501.4,495.5,481.25,68.33333332536111,2.52459523237701,-2.3979643612368515,11.778039829368533,,0.0,Neutral
2012-07-08,512.0,508.0,501.0,506.0,2440.0,502.6,498.7,482.65,66.12903225059833,3.284620559197265,-1.2614473771500285,9.393259994980712,,0.0,Neutral
2012-07-09,506.0,511.0,500.0,507.0,3258.0,505.6,500.4,484.55,71.55172412929548,3.9224225040371152,-0.2246734009125999,9.179687721629735,,0.0,Neutral
2012-07-10,507.0,515.0,507.0,515.0,1741.0,508.6,503.9,486.7,74.5901639258667,5.015601549093503,0.8233815890886208,6.935416353758135,,0.0,Neutral
2012-07-11,515.0,517.0,513.0,517.0,1400.0,511.4,505.9,488.8,73.94957982323282,5.974467165031228,1.8535987042771425,7.57847829932307,,0.0,Neutral
2012-07-12,517.0,514.0,501.0,502.0,1269.0,509.4,505.4,490.4,61.66666665947222,5.461048862247026,2.575088735871119,7.662317607035619,,0.0,Neutral
2012-07-15,502.0,511.0,500.0,511.0,2317.0,510.4,506.5,492.55,59.29203539088417,5.714512598102772,3.20297350831745,7.590198357822339,,0.0,Neutral
2012-07-16,511.0,505.0,500.0,503.0,3205.0,509.6,507.6,494.4,60.36036035274734,5.209796008267745,3.6043380083075096,5.853773711602228,,0.0,Neutral
2012-07-17,503.0,508.0,504.0,507.0,956.0,508.0,508.3,496.9,55.10204080845481,5.0740802070207565,3.8982864480501593,5.229191567003793,,0.0,Neutral
2012-07-18,507.0,532.0,510.0,532.0,1974.0,511.0,511.2,500.75,61.06194689508967,6.904227881747261,4.49947473478958,8.791409948857456,,0.0,Neutral
2012-07-19,532.0,550.0,530.0,530.0,2977.0,516.6,513.0,504.25,63.888888880607,8.09987944591478,5.21955567701462,10.624918300338637,,0.0,Neutral
2012-07-22,530.0,553.0,504.0,545.0,3414.0,523.4,516.9,507.8,73.04347825197732,10.14091837002411,6.203828215616518,14.294132440347907,,0.0,Neutral
2012-07-23,545.0,572.0,550.0,569.0,11618.0,536.6,523.1,511.75,76.33587785443738,13.538986833414356,7.670859939176086,21.267868304609404,,0.0,Neutral
2012-07-24,569.0,565.0,545.0,561.0,4471.0,547.4,527.7,515.8,71.32352940442257,15.408824098652758,9.218452771071421,24.10647676916333,,0.0,Neutral
2012-07-25,561.0,569.0,558.0,562.0,2912.0,553.4,532.2,519.05,69.53124999239502,16.777969259752354,10.730356068807609,26.011963059757967,,0.0,Neutral
2012-07-26,562.0,562.0,550.0,560.0,1778.0,559.4,538.0,521.7,71.77419354028356,17.499915249106607,12.08426790486741,24.975543593238793,,0.0,Neutral
2012-07-29,560.0,549.0,537.0,545.0,3422.0,559.4,541.4,523.95,63.768115935559756,16.669532018553923,13.001320727604714,23.13823195012473,,0.0,Neutral
2012-07-30,545.0,561.0,550.0,555.0,5202.0,556.6,546.6,527.1,64.28571427928571,16.62670148728273,13.726396879540317,19.027465528662567,,0.0,Neutral
2012-07-31,555.0,556.0,550.0,556.0,1772.0,555.6,551.5,529.9,64.02877697196831,16.483438803383137,14.277805264308883,13.074572438303464,,0.0,Neutral
2012-08-01,556.0,554.0,548.0,552.0,2294.0,553.6,553.5,532.35,69.53124999239502,15.864262184335075,14.595096648314122,11.147994338793815,,0.0,Neutral
2012-08-05,552.0,556.0,545.0,551.0,4171.0,551.8,555.6,534.3,66.66666665888889,15.118590905202382,14.699795499691774,7.662317607037271,,0.0,Neutral
2012-08-06,551.0,559.0,550.0,554.0,2642.0,553.6,556.5,536.7,72.17391303469188,14.60140012063755,14.68011642388093,6.753599863118466,,0.0,Neutral
2012-08-07,554.0,558.0,550.0,553.0,4892.0,553.2,554.9,539.0,70.53571427689732,13.950023863549518,14.534097911814648,5.173651192984398,,0.0,Neutral
2012-08-08,553.0,553.0,540.0,540.0,3677.0,550.0,552.8,540.25,53.99999999244,12.24367467222919,14.076013263897558,6.5115282384399995,,0.0,Neutral
2012-08-12,540.0,554.0,538.0,538.0,7933.0,547.2,550.4,541.3,53.99999999244,10.607718187038245,13.382354248525695,7.136759301905455,,0.0,Neutral
2012-08-13,538.0,543.0,530.0,543.0,5155.0,545.6,548.7,543.35,48.88888888128395,9.60396061958636,12.626675522737829,6.600505031182595,,0.0,Neutral
2012-08-14,543.0,564.0,535.0,535.0,6114.0,541.8,547.7,544.55,27.02702702191381,8.069917390162914,11.715323896222847,7.860590874030305,2012-08-14,0.8759572505950928,Strongly Positive
2012-08-15,535.0,535.0,523.0,523.0,2432.0,535.8,544.5,545.55,25.641025636423407,5.81880184129659,10.536019485237595,10.59612088350147,2012-08-15,0.22642354667186737,Positive
2012-08-16,523.0,540.0,515.0,540.0,725.0,535.8,542.9,547.2,38.297872334721596,5.344921546984779,9.497799897587033,9.848293704438666,,0.0,Neutral
2012-08-19,540.0,544.0,522.0,537.0,2863.0,535.6,541.4,547.45,37.894736836520785,4.673420785948565,8.53292407525934,9.442221960722593,,0.0,Neutral
2012-08-21,537.0,546.0,527.0,539.0,4271.0,534.8,540.2,547.9,46.34146340672219,4.253602004100344,7.677059661027541,8.829244336609522,,0.0,Neutral
2012-08-22,539.0,537.0,530.0,535.0,1278.0,534.8,538.3,547.4,36.84210525637119,3.557121739072727,6.853072076636578,7.469196000165162,,0.0,Neutral
2012-08-23,535.0,534.0,525.0,534.0,4526.0,537.0,536.4,545.65,35.52631578292936,2.891137238107376,6.060685108930738,5.46097264433865,,0.0,Neutral
2012-08-26,534.0,537.0,515.0,523.0,3093.0,533.6,534.7,543.75,32.5301204764407,1.4589141990250027,5.1403309269495905,6.7173076617208425,,0.0,Neutral
2012-08-27,523.0,531.0,520.0,531.0,5617.0,532.4,534.0,542.2,38.88888888283951,0.9583529667065704,4.303935334900987,6.699917080746569,,0.0,Neutral
2012-08-28,531.0,541.0,526.0,530.0,5248.0,530.6,532.7,540.7,36.36363635785124,0.4754818819362754,3.538244644308045,5.982381539895186,,0.0,Neutral
2012-08-29,530.0,532.0,531.0,532.0,801.0,530.0,532.4,540.05,38.20224718500189,0.2512896430770297,2.880853644061842,5.929212051828234,,0.0,Neutral
2012-08-30,532.0,534.0,527.0,534.0,3333.0,530.0,533.5,539.0,46.15384614556213,0.23232091299564672,2.351147097848603,4.927248499697176,,0.0,Neutral
2012-09-02,534.0,545.0,531.0,545.0,4792.0,534.4,534.0,538.45,54.022988497053774,1.092304718054379,2.0993786218897585,5.830951894844501,,0.0,Neutral
2012-09-03,545.0,555.0,536.0,541.0,3589.0,536.4,534.4,537.9,48.83720929437534,1.4345449673960502,1.9664118909910169,6.18600571181903,,0.0,Neutral
2012-09-04,541.0,549.0,531.0,543.0,2045.0,539.0,534.8,537.5,54.999999990375,1.8458779836336134,1.9423051095195363,6.629898608240318,,0.0,Neutral
2012-09-05,543.0,540.0,536.0,537.0,2754.0,540.0,535.0,536.65,59.459459448210374,1.6684793156301794,1.887539950741665,6.66666666666603,,0.0,Neutral
2012-09-06,537.0,540.0,535.0,540.0,958.0,541.2,535.6,536.0,49.99999998833333,1.7497939852498803,1.8599907576433081,6.83455273672704,,0.0,Neutral
2012-09-09,540.0,533.0,528.0,533.0,1049.0,538.8,536.6,535.65,46.874999989746094,1.2351568291371677,1.7350239719420801,5.358275012642013,,0.0,Neutral
2012-09-10,533.0,535.0,520.0,535.0,3478.0,537.6,537.0,535.5,46.874999989746094,0.977419378289369,1.583503053211538,5.033222956846465,,0.0,Neutral
2012-09-11,535.0,542.0,538.0,539.0,1994.0,536.8,537.9,535.3,53.1249999883789,1.0834379637700522,1.4834900353232408,4.408325456829042,,0.0,Neutral
2012-09-12,539.0,539.0,530.0,536.0,3147.0,536.6,538.3,535.35,51.51515150422406,0.9148378473943239,1.3697595977374575,3.973523485382068,,0.0,Neutral
2012-09-13,536.0,550.0,544.0,549.0,2667.0,538.4,539.8,536.65,69.11764704459343,1.8093552736254424,1.4576787329150545,4.894441291460183,,0.0,Neutral
2012-09-16,549.0,552.0,540.0,552.0,2138.0,542.2,540.5,537.25,66.66666665185184,2.7288848209731214,1.711919950526668,6.078194176269761,,0.0,Neutral
2012-09-17,552.0,555.0,541.0,550.0,2738.0,545.2,541.4,537.9,65.62499998564454,3.258671391448047,2.021270238710944,6.785605679999389,,0.0,Neutral
2012-09-18,550.0,560.0,550.0,555.0,3674.0,548.4,542.6,538.7,67.1641790904433,4.035470882373488,2.4241103674434528,8.044321668798865,,0.0,Neutral
2012-09-19,555.0,557.0,540.0,550.0,3823.0,551.2,543.9,539.45,61.42857141628571,4.1992258011056265,2.7791334541758874,8.089087299153675,,0.0,Neutral
2012-09-20,550.0,545.0,538.0,539.0,3692.0,549.2,543.8,539.7,45.714285705142856,3.402176511780681,2.9037420656968465,8.148619514985096,,0.0,Neutral
2012-09-23,539.0,542.0,528.0,540.0,7181.0,546.8,544.5,540.55,49.253731332991755,2.818708532830442,2.886735359123566,7.38241153011643,,0.0,Neutral
2012-09-24,540.0,544.0,538.0,543.0,10896.0,545.4,545.3,541.15,49.99999998970588,2.5687697056436036,2.8231422284275736,6.6340870593554255,,0.0,Neutral
2012-09-25,543.0,556.0,543.0,544.0,5958.0,543.2,545.8,541.85,55.55555554320988,2.4234470381251185,2.743203190367083,6.2857864353720405,,0.0,Neutral
2012-09-26,544.0,558.0,544.0,547.0,7686.0,542.6,546.9,542.6,55.55555554320988,2.521288856586466,2.6988203236109594,5.258854966202409,,0.0,Neutral
2012-09-30,540.0,544.0,536.0,544.0,1054.0,543.6,546.4,543.1,59.32203388422867,2.329896676103658,2.625035594109499,5.274677451960287,,0.0,Neutral
2012-10-01,544.0,535.0,535.0,535.0,462.0,542.6,544.7,542.6,49.99999998939394,1.435445290527582,2.3871175333931154,5.96377956221238,,0.0,Neutral
2012-10-02,535.0,538.0,534.0,536.0,1461.0,541.2,543.3,542.35,47.61904760846561,0.7980780193151986,2.069309630577532,6.219146064997387,,0.0,Neutral
2012-10-03,536.0,541.0,535.0,537.0,3766.0,539.8,541.5,542.05,50.819672119484004,0.3693933707093038,1.7293263786038864,4.927248499697503,,0.0,Neutral
2012-10-04,537.0,537.0,531.0,534.0,1518.0,537.2,539.9,541.9,35.29411763737025,-0.2099965205997023,1.3414617987631687,4.433458644844663,,0.0,Neutral
2012-10-07,534.0,535.0,523.0,530.0,10202.0,534.4,539.0,541.4,28.84615383838758,-0.9806296659775171,0.8770435058150317,5.436502143432577,,0.0,Neutral
2012-10-08,530.0,537.0,530.0,533.0,3052.0,534.0,538.3,541.4,33.96226414197224,-1.3339105671597054,0.43485269122008424,5.735852159879182,,0.0,Neutral
2012-10-09,533.0,533.0,530.0,532.0,3588.0,533.2,537.2,541.25,26.530612237317783,-1.6752684177479296,0.01282846942648147,5.788878225623741,,0.0,Neutral
2012-10-10,532.0,535.0,520.0,532.0,2192.0,532.2,536.0,540.9,29.54545453605371,-1.9236226492031392,-0.37446175429944273,5.456901847913909,,0.0,Neutral
2012-10-11,532.0,535.0,533.0,534.0,479.0,532.2,534.7,540.8,42.85714284,-1.9367363900959162,-0.6869166814587375,3.86005181312209,,0.0,Neutral
2012-10-14,534.0,532.0,532.0,532.0,100.0,532.6,533.5,539.95,38.888888873765424,-2.084483778087815,-0.966430100784553,2.12132034355634,,0.0,Neutral
2012-10-15,532.0,537.0,530.0,532.0,787.0,532.4,533.2,538.95,33.33333331919191,-2.1764854777612754,-1.2084411761798977,2.097617696336887,,0.0,Neutral
2012-10-17,532.0,534.0,522.0,532.0,2954.0,532.4,532.8,538.05,31.249999986328135,-2.223763328186351,-1.4115056065811884,1.8737959096700822,,0.0,Neutral
2012-10-18,532.0,536.0,530.0,536.0,959.0,533.2,532.7,537.1,33.33333331919191,-1.9163740277707575,-1.5124792908191023,1.6363916944799306,,0.0,Neutral
2012-10-30,536.0,577.0,536.0,559.0,2522.0,538.2,535.2,537.55,64.15094337928087,0.18105490022173854,-1.173772452610934,8.508818954472355,,0.0,Neutral
2012-10-31,559.0,603.0,562.0,571.0,5161.0,546.0,539.3,539.15,82.14285712232143,2.7795413264241233,-0.3831096968039226,13.896842167277269,,0.0,Neutral
2012-11-01,571.0,575.0,563.0,567.0,3602.0,553.0,542.7,540.5,76.27118642257972,4.464628511324349,0.5864379448217318,16.159276661479012,,0.0,Neutral
2012-11-04,567.0,568.0,560.0,567.0,1482.0,560.0,546.2,541.7,75.8620689472057,5.733974556345061,1.6159452671263976,17.33205123463472,,0.0,Neutral
2012-11-05,567.0,589.0,567.0,571.0,7168.0,567.0,550.1,543.05,81.35593218408503,6.982220323169258,2.6892002783349698,18.150298436481474,,0.0,Neutral
2012-11-06,571.0,578.0,569.0,576.0,7075.0,570.4,554.3,544.5,88.33333331272222,8.279481589790294,3.807256540626035,18.856475457165416,,0.0,Neutral
2012-11-07,576.0,600.0,581.0,593.0,8953.0,574.8,560.4,546.95,90.54054052341125,10.557626666604051,5.157330565821638,20.62468854983763,,0.0,Neutral
2012-11-08,593.0,649.0,604.0,642.0,21885.0,589.8,571.4,552.3,95.08196720220371,16.13101524055662,7.352067500768635,30.678258678673426,,0.0,Neutral
2012-11-11,642.0,706.0,651.0,661.0,25786.0,608.6,584.3,558.55,95.74468084155727,21.829470502308027,10.247548101076514,38.415997824981154,2012-11-11,0.8815547227859497,Strongly Positive
2012-11-12,661.0,674.0,654.0,670.0,11887.0,628.4,597.7,565.2,95.94594593686998,26.763252026445798,13.550688886150372,42.814976611255,,0.0,Neutral
2012-11-18,670.0,735.0,678.0,732.0,17458.0,659.6,615.0,575.1,98.07692307032174,35.26962499234935,17.89447610739017,57.77735042577099,,0.0,Neutral
2012-11-20,732.0,798.0,738.0,775.0,21968.0,696.0,635.4,587.35,98.40637449650323,44.96242859820143,23.30806660555242,74.19673547775336,,0.0,Neutral
2012-11-21,775.0,780.0,730.0,764.0,20929.0,720.4,655.1,598.9,94.27480915526776,51.16662027118298,28.879777338678533,79.94783021168077,,0.0,Neutral
2012-11-22,764.0,776.0,755.0,771.0,22095.0,742.4,675.5,610.85,94.33962263652545,56.00276337370485,34.3043745456838,80.99005425908236,,0.0,Neutral
2012-11-25,771.0,800.0,770.0,776.0,11109.0,763.6,696.0,623.05,93.92712550074907,59.552416649199586,39.35398296638696,77.46827307571525,,0.0,Neutral
2012-11-26,776.0,800.0,753.0,797.0,26128.0,776.6,718.1,636.2,94.14062499485169,63.33003768670471,44.149193910450514,70.65479460022719,,0.0,Neutral
2012-11-27,797.0,876.0,812.0,822.0,31933.0,786.0,741.0,650.7,96.02888086157255,67.56230445185315,48.83181601873105,62.20932405998584,,0.0,Neutral
2012-11-28,822.0,840.0,825.0,831.0,18537.0,799.4,759.9,665.65,96.15384614913933,70.82619089803086,53.23069099459101,57.30706762695477,2012-11-28,-0.3649142682552337,Negative
2012-11-29,831.0,829.0,800.0,829.0,11105.0,811.0,776.7,680.5,95.42253520656368,72.41668665047177,57.067890125767164,49.134848461491465,,0.0,Neutral
2012-12-02,829.0,820.0,800.0,807.0,14149.0,817.2,790.4,694.05,88.37209301914548,71.08255441491451,59.87082298359664,32.291037628288294,,0.0,Neutral
2012-12-03,807.0,810.0,795.0,800.0,12783.0,817.8,797.2,706.1,85.56701030516172,68.66883195782646,61.6304247784426,24.95239912759196,,0.0,Neutral
2012-12-04,800.0,836.0,799.0,829.0,22546.0,819.2,802.6,719.0,84.50184501408478,68.30857838651434,62.96605550005695,25.452351997853945,,0.0,Neutral
2012-12-05,829.0,868.0,821.0,847.0,19098.0,822.4,810.9,733.0,84.44444444006584,68.68378053564004,64.10960050717358,24.995332897705463,,0.0,Neutral
2012-12-06,847.0,851.0,815.0,847.0,13721.0,826.0,818.5,747.0,83.90804597251068,68.19502118768276,64.92668464327542,22.989127865155343,,0.0,Neutral
2012-12-09,847.0,840.0,815.0,826.0,7569.0,829.8,823.5,759.75,71.36363635909504,65.35972516079107,65.01329274677856,17.500793632811256,,0.0,Neutral
2012-12-10,826.0,832.0,820.0,832.0,8672.0,836.2,827.0,772.55,65.57377048678671,62.87213169059612,64.58506053554208,14.922019523748832,,0.0,Neutral
2012-12-11,832.0,843.0,824.0,837.0,6286.0,837.8,828.5,784.75,70.6214689209678,60.60553131718871,63.78915469187142,15.116216457846752,,0.0,Neutral
2012-12-12,837.0,853.0,843.0,847.0,8923.0,837.8,830.1,795.0,71.11111110558025,58.93676428597587,62.81867661069231,16.21693216639227,,0.0,Neutral
2012-12-13,847.0,865.0,848.0,860.0,13694.0,840.4,833.2,804.95,72.34042552652784,57.994718728347834,61.85388503422342,18.74862957956114,,0.0,Neutral
2012-12-16,860.0,906.0,875.0,904.0,23485.0,856.0,842.9,816.65,75.35545023196693,60.10571188145002,61.504250403668735,26.97509139106025,,0.0,Neutral
2012-12-17,904.0,949.0,922.0,945.0,28151.0,878.6,857.4,827.3,77.09251100846126,64.34531378907764,62.072463080750516,38.050259161045645,,0.0,Neutral
2012-12-18,945.0,939.0,910.0,933.0,17465.0,897.8,867.8,835.2,72.17391303908506,65.97639432879646,62.85324933035971,43.278940221165264,,0.0,Neutral
2012-12-19,933.0,953.0,921.0,940.0,27097.0,916.4,877.1,844.0,73.61702127221005,67.06084324933067,63.6947681141539,48.04268935020752,,0.0,Neutral
2012-12-20,940.0,827.0,767.0,818.0,7608.0,908.0,874.2,846.35,51.64179104261796,57.41406285089636,62.438627061502395,50.8544764772809,,0.0,Neutral
2012-12-23,818.0,822.0,812.0,822.0,4451.0,891.6,873.8,848.65,53.31325300980004,49.52084102476226,59.85506985415437,51.289591753325155,,0.0,Neutral
2012-12-24,822.0,826.0,815.0,820.0,6199.0,866.6,872.6,849.8,48.524590161707074,42.612808642181335,56.40661761175976,52.50227508298498,,0.0,Neutral
2012-12-26,820.0,851.0,819.0,849.0,4588.0,849.8,873.8,851.15,50.316455693973325,39.02830681945068,52.930955453297955,51.72963904335786,,0.0,Neutral
2012-12-27,849.0,875.0,849.0,864.0,6297.0,834.6,875.5,852.8,52.567975828592296,36.971750612816095,49.73911448520158,51.02559270710778,,0.0,Neutral
2012-12-31,864.0,855.0,832.0,840.0,1583.0,839.0,873.5,853.35,52.09580838104987,33.02462822171708,46.39621723250469,52.08166664000431,,0.0,Neutral
2013-01-01,840.0,855.0,825.0,839.0,3482.0,842.4,867.0,854.95,51.06382978506112,29.47603229454012,43.012180244911775,51.90803834132989,,0.0,Neutral
2013-01-02,839.0,845.0,823.0,845.0,3169.0,847.4,857.0,857.2,51.212121209948585,26.838516598950832,39.77744751571959,44.28443418529391,,0.0,Neutral
2013-01-03,845.0,844.0,831.0,831.0,2186.0,843.8,846.8,857.3,47.60479041716627,23.349425765096612,36.49184316559499,35.76093461369472,,0.0,Neutral
2013-01-06,831.0,831.0,823.0,831.0,2326.0,837.2,835.9,856.5,45.48286604163003,20.34971726831509,33.26341798613901,14.471811681120853,,0.0,Neutral
2013-01-07,831.0,820.0,802.0,815.0,4272.0,832.2,835.6,854.9,34.81228668775641,16.49125941735167,29.908986272381547,14.908610487471956,,0.0,Neutral
2013-01-08,815.0,830.0,830.0,830.0,12.0,830.4,836.4,855.1,28.464419474162924,14.476897745886276,26.822568567082495,14.299961149925613,,0.0,Neutral
2013-01-09,830.0,820.0,795.0,820.0,3479.0,825.4,836.4,854.5,28.67924528150374,11.935994467719524,23.845253747209902,14.299961149925613,,0.0,Neutral
2013-01-10,820.0,820.0,800.0,820.0,5364.0,823.2,833.5,853.65,26.744186045060403,9.809235552144855,21.03805010819689,14.401003051502283,,0.0,Neutral
2013-01-13,820.0,816.0,801.0,814.0,2644.0,819.8,828.5,852.0,48.59154929098393,7.552552805729988,18.34095064770351,10.885770528560807,2013-01-13,0.7726837396621704,Strongly Positive
2013-01-15,814.0,830.0,810.0,830.0,2526.0,822.8,827.5,850.5,52.59740259262101,6.974780821436525,16.067716682450115,10.146154170173357,,0.0,Neutral
2013-01-16,830.0,818.0,799.0,816.0,2379.0,820.0,825.2,846.1,48.79518071877631,5.325816664836907,13.919336678927474,9.852241707710263,,0.0,Neutral
2013-01-17,816.0,800.0,773.0,781.0,3044.0,812.2,818.8,837.9,30.232558137074093,1.1811773208931982,11.371704807320619,15.002222057653272,,0.0,Neutral
2013-01-20,781.0,785.0,730.0,745.0,3131.0,797.2,810.2,828.5,19.1709844545679,-4.951302818332124,8.10710328219007,27.046462081232978,,0.0,Neutral
2013-01-21,745.0,790.0,746.0,786.0,3524.0,791.6,805.7,820.8,37.142857140380954,-6.428872126063311,5.199908200539395,26.94459335583983,,0.0,Neutral
2013-01-22,786.0,805.0,786.0,805.0,1284.0,786.6,804.7,820.15,42.54385964651046,-5.99757888139618,2.9604107841522795,26.745923884676337,,0.0,Neutral
2013-01-23,805.0,789.0,770.0,770.0,3449.0,777.4,798.7,817.55,35.40856030935518,-8.383345383364713,0.6916595506488812,27.16635991647685,,0.0,Neutral
2013-01-24,770.0,779.0,750.0,758.0,5355.0,772.8,792.5,814.45,35.68627450784467,-11.114263920424264,-1.669525143565748,28.79139531952015,,0.0,Neutral
2013-01-27,758.0,774.0,760.0,760.0,5905.0,775.8,786.5,810.0,36.186770426044305,-12.967670023016012,-3.9291541194558013,28.67538627077609,,0.0,Neutral
2013-01-28,760.0,765.0,760.0,760.0,2212.0,770.6,781.1,804.8,38.58921161601556,-14.271989105980765,-5.997721116760795,27.99781737525638,,0.0,Neutral
2013-01-30,760.0,760.0,750.0,755.0,9392.0,760.6,773.6,800.55,33.766233764187334,-15.530108169773712,-7.904198527363379,23.051632865768944,,0.0,Neutral
2013-01-31,755.0,756.0,750.0,754.0,6473.0,757.4,767.4,796.3,35.1351351329194,-16.418604779072894,-9.607079777705282,18.209887424155408,,0.0,Neutral
2013-02-03,754.0,780.0,760.0,765.0,6671.0,758.8,765.8,792.3,38.19742489040873,-16.050120871497256,-10.895687996463678,17.57397065107529,,0.0,Neutral
2013-02-04,765.0,773.0,763.0,769.0,2538.0,760.6,768.2,789.2,40.25974025730027,-15.259426973863924,-11.768435791943729,15.984714921184098,,0.0,Neutral
2013-02-05,769.0,767.0,760.0,765.0,2424.0,761.6,766.1,785.9,35.159817349350504,-14.785129168323692,-12.371774467219723,14.715449175776318,,0.0,Neutral
2013-02-06,765.0,765.0,760.0,765.0,1361.0,763.6,762.1,783.4,37.56097560719096,-14.245036823033502,-12.746426938382479,5.546770832391779,,0.0,Neutral
2013-02-07,765.0,765.0,757.0,760.0,1813.0,764.8,761.1,779.9,43.99999999648,-14.058411346546677,-13.00882382001532,4.817791102934535,,0.0,Neutral
2013-02-10,760.0,790.0,760.0,790.0,3538.0,769.8,764.3,778.4,63.31360946221071,-11.358822596062055,-12.678823575224667,10.176770935177611,2013-02-10,0.8830207586288452,Strongly Positive
2013-02-12,790.0,826.0,781.0,814.0,7463.0,778.8,769.7,778.1,59.21052631033587,-7.199784998433756,-11.583015859866487,18.535551426032214,,0.0,Neutral
2013-02-13,814.0,803.0,795.0,796.0,2598.0,785.0,773.3,777.2,47.01986754530942,-5.295128362133255,-10.325438360319842,19.888857852252123,,0.0,Neutral
2013-02-14,796.0,816.0,796.0,803.0,5669.0,792.6,778.1,775.85,63.414634139123535,-3.184128110192546,-8.897176310294384,20.75491909565292,,0.0,Neutral
2013-02-17,803.0,883.0,819.0,883.0,1755.0,817.2,791.0,779.2,82.7225130829418,4.887842208110783,-6.140172606613351,37.469987990396405,,0.0,Neutral
2013-02-19,883.0,916.0,824.0,840.0,15532.0,827.2,798.5,782.15,67.24137930628716,7.7261341417319045,-3.3669112569443005,39.155672215748375,,0.0,Neutral
2013-02-20,840.0,833.0,810.0,820.0,4043.0,828.4,803.6,785.9,61.90476190132275,8.26637842999071,-1.0402533195572985,38.19598582748982,,0.0,Neutral
2013-02-21,820.0,836.0,805.0,826.0,6500.0,834.4,809.7,787.9,64.03162054981644,9.074075482843114,0.9826124409227839,36.16336390450103,,0.0,Neutral
2013-02-24,826.0,827.0,805.0,815.0,3020.0,836.8,814.7,788.4,61.59695817162602,8.725985419034146,2.531287036545056,32.57487102388448,,0.0,Neutral
2013-02-25,815.0,840.0,810.0,824.0,4567.0,825.0,821.1,791.1,61.30268198904889,9.071772572243276,3.8393841436847005,26.320460988880157,,0.0,Neutral
2013-02-26,824.0,844.0,820.0,823.0,4457.0,821.6,824.4,794.35,60.465116275788716,9.159534329632265,4.903414180874214,23.94994780788677,,0.0,Neutral
2013-02-27,823.0,812.0,806.0,811.0,3976.0,819.8,824.1,796.9,58.64661653826672,8.166646426394323,5.556060629978236,24.112928758942434,,0.0,Neutral
2013-02-28,811.0,813.0,805.0,811.0,3376.0,816.8,825.6,799.45,58.64661653826672,7.295675602759047,5.903983624534399,22.589082908944505,,0.0,Neutral
2013-03-03,811.0,807.0,800.0,803.0,5831.0,814.4,825.6,801.85,57.99256505274388,5.891972813839288,5.901581462395377,22.589082908944505,,0.0,Neutral
2013-03-04,803.0,813.0,800.0,810.0,6680.0,811.6,818.3,804.65,54.06504064732964,5.2834652405963425,5.777958218035571,10.583530181919569,,0.0,Neutral
2013-03-05,810.0,803.0,794.0,801.0,4371.0,807.2,814.4,806.45,47.186147183287424,4.028555144857933,5.428077603400044,8.72034657825769,,0.0,Neutral
2013-03-06,801.0,810.0,795.0,810.0,2387.0,807.0,813.4,808.5,53.15315314980115,3.717402732016012,5.085942629123238,8.579044235839145,,0.0,Neutral
2013-03-07,810.0,806.0,797.0,798.0,1976.0,804.4,810.6,810.15,48.898678411081136,2.473993830421705,4.5635528693829315,8.579044235838921,2013-03-07,0.8932298421859741,Strongly Positive
2013-03-11,798.0,805.0,790.0,791.0,3456.0,802.0,808.2,811.45,20.12987012804014,0.9132148467747356,3.8334852648612925,10.379466909904908,,0.0,Neutral
2013-03-13,791.0,810.0,805.0,809.0,5458.0,801.8,806.7,813.9,37.984496119908655,1.1158727388259422,3.2899627596542227,8.807194029152656,,0.0,Neutral
2013-03-14,809.0,857.0,810.0,816.0,6366.0,804.8,806.0,815.2,48.27586206313912,1.8203383495347225,2.996037877630323,7.557189365867818,,0.0,Neutral
2013-03-17,816.0,805.0,800.0,800.0,2663.0,802.8,804.9,814.5,39.68253967813052,1.0751722228874314,2.6118647466817446,7.549098548128907,,0.0,Neutral
2013-03-18,800.0,802.0,786.0,790.0,2912.0,801.2,802.8,814.2,39.99999999552,-0.31862086463263495,2.0257676244188687,8.521867296707498,,0.0,Neutral
2013-03-19,790.0,810.0,796.0,810.0,2460.0,805.0,803.5,814.55,44.852941171853374,0.18844860656531637,1.6583038208481584,8.822320178604071,,0.0,Neutral
2013-03-20,810.0,806.0,796.0,799.0,2345.0,803.0,802.4,810.35,41.78082191380183,-0.2939151821720998,1.2678600202441068,8.604908160167344,,0.0,Neutral
2013-03-21,799.0,801.0,790.0,796.0,1353.0,799.0,801.9,808.15,44.52554744070542,-0.9078023080242019,0.832727554590445,8.837420438140848,,0.0,Neutral
2013-03-24,796.0,789.0,772.0,772.0,4169.0,793.4,798.1,805.75,37.888198754469336,-3.292952593999189,0.0075915248725181295,12.413702106964916,,0.0,Neutral
2013-03-25,772.0,795.0,764.0,780.0,2328.0,791.4,796.3,803.45,42.85714285341615,-4.485956919546538,-0.8911181640112933,13.671137480124436,,0.0,Neutral
2013-03-27,780.0,779.0,768.0,777.0,3649.0,784.8,794.9,801.55,39.49044585635117,-5.608841141333869,-1.8346627594758085,14.932812490932527,,0.0,Neutral
2013-03-28,777.0,780.0,765.0,770.0,2133.0,779.0,791.0,798.85,39.99999999638709,-6.98307987759074,-2.864346183098795,15.902480589183137,,0.0,Neutral
2013-03-31,770.0,765.0,760.0,762.0,2808.0,772.2,785.6,795.8,34.41558441245573,-8.61836002847474,-4.015148952173984,15.636140472934521,,0.0,Neutral
2013-04-01,762.0,777.0,748.0,774.0,1976.0,772.6,783.0,793.95,42.207792203955144,-8.844082539526653,-4.980935669644518,15.129074290561817,,0.0,Neutral
2013-04-02,774.0,780.0,759.0,777.0,3521.0,772.0,781.7,792.25,45.33333332910222,-8.680827155997235,-5.720913966915062,15.018877010852545,,0.0,Neutral
2013-04-03,777.0,792.0,774.0,780.0,3850.0,772.6,778.7,791.1,39.25925925518793,-8.214677471967093,-6.219666667925468,11.264990013330932,,0.0,Neutral
2013-04-04,780.0,777.0,766.0,768.0,1221.0,772.2,775.6,789.0,32.85714285385714,-8.713110882234446,-6.718355510787264,9.118966803097727,,0.0,Neutral
2013-04-07,768.0,775.0,766.0,772.0,791.0,774.2,773.2,787.55,39.06249999572754,-8.685238358857191,-7.111732080401249,5.652924513558972,,0.0,Neutral
2013-04-08,772.0,775.0,768.0,772.0,1800.0,773.8,773.2,785.65,42.37288135090492,-8.564423836452193,-7.402270431611438,5.652924513558972,,0.0,Neutral
2013-04-09,772.0,786.0,775.0,786.0,1210.0,775.6,773.8,785.05,39.285714280803575,-7.255359195405958,-7.372888184370343,6.679986693299864,,0.0,Neutral
2013-04-11,786.0,790.0,775.0,785.0,6130.0,776.6,774.6,784.75,43.13725489603998,-6.226828673840828,-7.14367628226444,7.530677998132246,,0.0,Neutral
2013-04-15,785.0,790.0,778.0,781.0,1912.0,779.2,775.7,783.35,42.71844659613536,-5.669127226189175,-6.848766471049387,7.587270040476347,,0.0,Neutral
2013-04-16,781.0,785.0,775.0,781.0,3605.0,781.0,777.6,781.6,55.696202521775355,-5.16757620906958,-6.512528418653426,5.985166850027474,,0.0,Neutral
2013-04-17,781.0,775.0,770.0,774.0,1443.0,781.4,777.6,780.3,46.15384614556213,-5.274137934015016,-6.264850321725745,5.985166850027474,,0.0,Neutral
2013-04-18,774.0,766.0,759.0,764.0,5407.0,777.0,776.3,779.0,42.352941169494805,-6.0952431266757685,-6.23092888271575,7.379400758598194,,0.0,Neutral
2013-04-21,764.0,753.0,730.0,734.0,8216.0,766.8,771.7,775.2,33.33333332901235,-9.062260093841019,-6.797195124940805,15.107393333522902,,0.0,Neutral
2013-04-22,734.0,734.0,695.0,707.0,26246.0,752.0,765.6,770.6,28.34645668978858,-13.437418571319881,-8.12523981421662,25.504683665737172,,0.0,Neutral
2013-04-23,707.0,751.0,715.0,739.0,3604.0,743.6,762.3,767.75,38.09523809160998,-14.159409759415098,-9.332073803256316,26.69186309638169,,0.0,Neutral
2013-04-25,739.0,754.0,730.0,736.0,6741.0,736.0,758.7,765.95,36.05442176527373,-14.803027815507562,-10.426264605706566,27.648789404890366,2013-04-25,0.893714427947998,Strongly Positive
2013-04-28,736.0,739.0,710.0,729.0,6386.0,729.0,753.0,763.4,33.11258277838691,-15.69699606098743,-11.480410896762738,27.268215114964335,2013-04-28,0.9139145612716676,Strongly Positive
2013-04-29,729.0,754.0,719.0,730.0,7338.0,728.2,747.5,761.05,36.42857142492858,-16.13874330675094,-12.41207737876038,25.59188239354131,,0.0,Neutral
2013-04-30,730.0,728.0,718.0,720.0,3663.0,730.8,741.4,758.55,32.191780818830935,-17.098645071303622,-13.349390917269028,23.936025846696637,,0.0,Neutral
2013-05-02,720.0,710.0,690.0,690.0,3777.0,721.0,732.3,754.95,26.70454545242123,-20.04901089741975,-14.689314913299173,24.499659861592264,,0.0,Neutral
2013-05-05,690.0,703.0,690.0,700.0,6584.0,713.8,724.9,751.25,24.999999997965105,-21.334351520189784,-16.018322234677296,21.496511344875696,,0.0,Neutral
2013-05-06,700.0,687.0,670.0,671.0,4327.0,702.2,715.6,745.95,21.499999998495,-24.411648571987485,-17.696987502139333,22.780108281869243,,0.0,Neutral
2013-05-07,671.0,717.0,660.0,703.0,7843.0,696.8,712.5,742.1,32.894736840085415,-23.991734312603967,-18.95593686423226,22.097008344527705,,0.0,Neutral
2013-05-08,703.0,700.0,693.0,695.0,3395.0,691.8,711.3,738.45,31.779661015063922,-24.02750821978111,-19.970251135342032,22.745207065331194,,0.0,Neutral
2013-05-09,695.0,700.0,690.0,690.0,2611.0,691.8,706.4,734.35,32.051282049364445,-24.180578851104656,-20.812316678494557,21.34999349467261,,0.0,Neutral
2013-05-12,690.0,702.0,690.0,691.0,3349.0,690.0,701.9,730.3,33.77777777567606,-23.945171751986663,-21.43888769319298,19.034763518955405,,0.0,Neutral
2013-05-13,691.0,697.0,681.0,697.0,1297.0,695.2,698.7,725.85,40.796019897655995,-23.009224061771874,-21.75295496690876,16.492759354075336,,0.0,Neutral
2013-05-14,697.0,714.0,695.0,703.0,2522.0,695.2,696.0,721.75,48.88888888508642,-21.53508585363454,-21.709381144253918,12.534397117988387,,0.0,Neutral
2013-05-15,703.0,725.0,700.0,718.0,4053.0,699.8,695.8,718.6,43.55828220484775,-18.938138985679416,-21.155132712539018,12.117938952015262,,0.0,Neutral
2013-05-16,718.0,741.0,718.0,733.0,3834.0,708.4,700.1,716.2,49.14285713892571,-15.491093559381966,-20.022324881907608,16.62294264631124,,0.0,Neutral
2013-05-19,733.0,729.0,715.0,722.0,4395.0,714.6,702.3,713.6,48.044692733672484,-13.491373142090538,-18.716134533944196,18.00648031497736,,0.0,Neutral
2013-05-20,722.0,722.0,709.0,716.0,4780.0,718.4,706.8,711.2,46.195652170398155,-12.249525257977893,-17.422812678750937,14.619621518140377,,0.0,Neutral
2013-05-21,716.0,730.0,716.0,725.0,3624.0,722.8,709.0,710.75,51.36612021464959,-10.419023066630643,-16.02205475632688,15.606266547637157,,0.0,Neutral
2013-05-22,725.0,727.0,720.0,722.0,2340.0,723.6,711.7,711.5,60.256410251002634,-9.105449861824354,-14.638733777426378,15.24649322158715,,0.0,Neutral
2013-05-23,722.0,723.0,715.0,720.0,8639.0,721.0,714.7,710.55,56.75675675138788,-8.132075415188979,-13.3374021049789,13.333749993502998,,0.0,Neutral
2013-05-26,720.0,724.0,720.0,724.0,4898.0,721.4,718.0,709.95,71.54471543901117,-6.957698564802968,-12.061461396943713,10.624918300356331,,0.0,Neutral
2013-05-27,724.0,740.0,720.0,740.0,4227.0,726.2,722.3,710.5,67.28971961736397,-4.68195945336322,-10.585561008227614,9.855060741699546,,0.0,Neutral
2013-05-28,740.0,740.0,730.0,730.0,2698.0,727.2,725.0,710.5,66.05504586307549,-3.6433381044760154,-9.197116427477296,7.363574011483274,,0.0,Neutral
2013-05-30,730.0,733.0,726.0,730.0,3488.0,728.8,726.2,711.0,69.2307692214497,-2.7880839068639034,-7.915309923354618,7.0679244163988475,,0.0,Neutral
2013-06-02,730.0,734.0,720.0,722.0,2099.0,729.2,725.1,712.6,63.96396395589643,-2.7244165565197136,-6.877131249987638,6.740425308072428,,0.0,Neutral
2013-06-03,722.0,725.0,722.0,724.0,1208.0,729.2,725.3,713.8,62.616822421713685,-2.4839430876573942,-5.998493617521589,6.667499947950937,,0.0,Neutral
2013-06-04,724.0,727.0,720.0,724.0,3358.0,726.0,726.1,716.45,60.39603959558866,-2.2672309045012753,-5.252241074917527,5.858517066851755,2013-06-04,0.1619733273983001,Slightly Positive
2013-06-05,724.0,724.0,717.0,724.0,2513.0,724.8,726.0,717.5,53.48837208431585,-2.071604767789154,-4.616113813491853,5.887840577583401,,0.0,Neutral
2013-06-06,724.0,725.0,720.0,724.0,2255.0,723.6,726.2,718.95,43.661971822376515,-1.894728395518655,-4.071836729897214,5.769652406277181,,0.0,Neutral
2013-06-09,724.0,724.0,715.0,724.0,2818.0,724.0,726.6,720.65,51.666666654611106,-1.7345576947878953,-3.6043809228753503,5.42012709981504,,0.0,Neutral
2013-06-10,724.0,725.0,722.0,725.0,3502.0,724.2,726.7,722.35,58.18181816700827,-1.5095287105141324,-3.1854104804031067,5.375872022320817,,0.0,Neutral
2013-06-11,725.0,726.0,720.0,723.0,2961.0,724.0,725.0,723.65,47.91666665269097,-1.4755655039119802,-2.8434414851048815,2.748737083812276,,0.0,Neutral
2013-06-12,723.0,728.0,715.0,726.0,2032.0,724.4,724.6,724.8,54.16666665086805,-1.192824353395622,-2.51331805876303,2.170509412898214,,0.0,Neutral
2013-06-13,726.0,725.0,720.0,720.0,1717.0,723.6,723.6,724.9,49.999999986538455,-1.436342547681761,-2.2979229565467763,1.6465452048086429,,0.0,Neutral
2013-06-16,720.0,737.0,720.0,724.0,5174.0,723.6,723.8,724.45,49.999999986538455,-1.2916762606104157,-2.096673617359504,1.549193338601584,,0.0,Neutral
2013-06-17,724.0,726.0,720.0,722.0,2340.0,723.0,723.6,724.45,26.31578946398892,-1.3231579301628926,-1.9419704799201818,1.646545204808629,,0.0,Neutral
2013-06-18,722.0,722.0,712.0,721.0,5111.0,722.6,723.3,724.7,34.4827586040428,-1.4125164128018923,-1.836079666496524,1.8287822300129495,,0.0,Neutral
2013-06-19,721.0,718.0,707.0,715.0,3044.0,720.4,722.4,724.2,28.57142856,-1.9450620454927048,-1.8578761422957601,3.169297153125526,,0.0,Neutral
2013-06-20,715.0,715.0,700.0,707.0,6632.0,717.8,720.7,723.45,28.57142856,-2.978309341242152,-2.0819627820850384,5.7358521599115395,,0.0,Neutral
2013-06-23,707.0,710.0,701.0,710.0,1642.0,715.0,719.3,722.95,30.55555554367284,-3.5145764892936313,-2.368485523526757,6.498717822285601,,0.0,Neutral
2013-06-24,710.0,720.0,710.0,720.0,3061.0,714.6,718.8,722.75,45.65217389914934,-3.0969558618207884,-2.514179591185563,6.196773353960771,,0.0,Neutral
2013-06-25,720.0,742.0,722.0,731.0,1381.0,716.6,719.6,722.3,56.14035086340412,-1.856974391728727,-2.382738551294196,7.229568912945398,,0.0,Neutral
2013-06-26,731.0,751.0,743.0,746.0,2599.0,722.8,721.6,723.1,65.27777776508488,0.33226435995857173,-1.8397379690436424,10.986860839724644,,0.0,Neutral
2013-06-27,746.0,746.0,735.0,740.0,2420.0,729.4,723.6,723.6,60.256410245595006,1.565060939087175,-1.158778187417479,12.393546707878569,,0.0,Neutral
2013-06-30,740.0,739.0,728.0,737.0,716.0,734.8,724.9,724.35,57.4999999899375,2.2737755131727226,-0.4722674472994387,13.101738646299047,2013-06-30,0.8769788146018982,Strongly Positive
2013-07-01,737.0,735.0,725.0,729.0,7120.0,736.6,725.6,724.6,53.48837208431585,2.16494760952844,0.05517556406613705,13.11657136773236,,0.0,Neutral
2013-07-02,729.0,731.0,725.0,730.0,4870.0,736.4,726.5,724.9,52.380952372222225,2.134783894598854,0.4710972301726805,13.074572438317762,,0.0,Neutral
2013-07-03,730.0,732.0,722.0,732.0,8198.0,733.6,728.2,725.3,57.4999999899375,2.246367492365266,0.8261512826111976,12.505998560705889,,0.0,Neutral
2013-07-04,732.0,734.0,724.0,733.0,2004.0,732.2,730.8,725.75,55.84415583400236,2.3879629892776393,1.138513623944486,10.075272259919053,,0.0,Neutral
2013-07-07,733.0,747.0,730.0,743.0,7144.0,733.4,734.1,726.7,62.35294116620069,3.2694071764393584,1.5646923344434605,7.60774459206985,,0.0,Neutral
2013-07-08,743.0,760.0,734.0,755.0,12254.0,738.6,737.6,728.2,67.7083333234592,4.880004107390278,2.2277546890328237,8.408989898406883,,0.0,Neutral
2013-07-09,755.0,777.0,740.0,777.0,9113.0,748.0,742.2,730.9,77.67857141886161,7.841240972295964,3.350451945685452,14.657572938411475,,0.0,Neutral
2013-07-10,777.0,804.0,780.0,789.0,8096.0,759.4,746.5,734.05,85.34482757590666,11.029204430871118,4.886202442722585,20.881943289741333,,0.0,Neutral
2013-07-11,789.0,795.0,780.0,784.0,4223.0,769.6,750.9,737.25,81.35593219373743,13.002347261027012,6.50943140638347,23.792856070687012,2013-07-11,0.8868986368179321,Strongly Positive
2013-07-14,784.0,805.0,780.0,784.0,1231.0,777.8,755.6,740.25,79.62962961930727,14.400081988231591,8.087561522753095,25.33421051113811,,0.0,Neutral
2013-07-15,784.0,790.0,780.0,784.0,2244.0,783.6,761.1,743.35,77.31958761770645,15.331069800278101,9.536263178258096,24.88395288356659,,0.0,Neutral
2013-07-16,784.0,781.0,760.0,781.0,4487.0,784.4,766.2,746.35,70.58823528249135,15.646446920254334,10.758299926657344,22.953092263242155,,0.0,Neutral
2013-07-17,781.0,782.0,778.0,780.0,2033.0,782.6,771.0,749.6,74.999999986875,15.635458089235726,11.733731559173021,19.810210610816807,,0.0,Neutral
2013-07-18,780.0,802.0,785.0,800.0,6440.0,785.8,777.7,754.25,82.47422679222021,17.044108343118637,12.795806915962146,16.600200802013163,,0.0,Neutral
2013-07-21,800.0,858.0,810.0,830.0,12899.0,795.0,786.4,760.25,92.43697477904102,20.346679244672373,14.305981381704193,19.0157829184211,,0.0,Neutral
2013-07-22,830.0,835.0,790.0,807.0,6211.0,799.6,791.6,764.6,77.30496453133142,20.867534745950366,15.618292054553429,16.405960976306332,,0.0,Neutral
2013-07-23,807.0,813.0,800.0,810.0,7176.0,805.4,794.9,768.55,77.464788724757,21.27712199343648,16.75005804233004,16.46174015374528,2013-07-23,0.8369138240814209,Strongly Positive
2013-07-24,810.0,822.0,805.0,811.0,11787.0,811.6,797.1,771.8,77.464788724757,21.435321438123083,17.68711072148865,17.04536430954152,,0.0,Neutral
2013-07-25,811.0,815.0,801.0,806.0,5148.0,812.8,799.3,775.1,72.9927007224679,20.916129305747745,18.33291443834047,16.580108564196856,,0.0,Neutral
2013-07-28,806.0,819.0,808.0,816.0,3531.0,810.0,802.5,779.05,72.59259258506447,21.06871519285255,18.880074589242888,16.38596960819113,,0.0,Neutral
2013-07-29,816.0,825.0,816.0,816.0,2073.0,811.8,805.7,783.4,67.25663715980892,20.948163221862274,19.293692315766766,15.470760952358399,,0.0,Neutral
2013-07-30,816.0,840.0,820.0,831.0,3622.0,816.0,810.7,788.45,68.10344826764269,21.811569361720444,19.7972677249575,14.659467930337293,,0.0,Neutral
2013-07-31,831.0,843.0,830.0,833.0,17065.0,820.4,816.0,793.5,71.68141592032265,22.399006430136865,20.317615465993374,11.58543146468122,,0.0,Neutral
2013-08-01,833.0,845.0,819.0,840.0,6529.0,827.2,820.0,798.85,73.33333332477778,23.16239437342449,20.886571247479598,12.328828005962919,,0.0,Neutral
2013-08-04,840.0,849.0,840.0,841.0,10059.0,832.2,821.1,803.75,73.55371899975411,23.576303509921217,21.42451769996792,13.7311486935749,,0.0,Neutral
2013-08-05,841.0,850.0,820.0,823.0,2683.0,833.6,822.7,807.15,65.44117646385163,22.196018035553607,21.578817767085063,12.80668228354774,,0.0,Neutral
2013-08-06,823.0,827.0,799.0,821.0,3174.0,831.6,823.8,809.35,64.96350364299643,20.702107558079774,21.403475725284007,12.044362443371366,,0.0,Neutral
2013-08-07,821.0,821.0,812.0,813.0,2655.0,827.6,824.0,810.55,55.1999999938176,18.65756678446826,20.854293937120858,11.822765234005384,,0.0,Neutral
2013-08-08,813.0,825.0,810.0,822.0,7647.0,824.0,825.6,812.45,46.15384614763313,17.561045474265825,20.195644244549854,10.068653225650946,2013-08-08,0.9134199023246764,Strongly Positive
2013-08-11,822.0,820.0,801.0,810.0,2724.0,817.8,825.0,813.75,51.61290321803676,15.544556750041579,19.2654267456482,10.85254706409557,,0.0,Neutral
2013-08-12,810.0,826.0,800.0,810.0,10859.0,815.2,824.4,815.05,49.99999999222222,13.787540721090409,18.169849540736642,11.548929724368737,2013-08-12,0.1305018961429596,Slightly Positive
2013-08-13,810.0,820.0,812.0,816.0,2931.0,814.2,822.9,816.8,52.63157893961219,12.73247071868036,17.082373776325387,11.570556502537098,,0.0,Neutral
2013-08-14,816.0,822.0,810.0,817.0,5377.0,815.0,821.3,818.65,56.0439560353339,11.840521620283084,16.03400334511693,11.116054455933897,,0.0,Neutral
2013-08-15,817.0,823.0,814.0,817.0,2120.0,814.0,819.0,819.5,50.61728394186862,11.006766382276396,15.028555952548823,8.993825042188865,,0.0,Neutral
2013-08-18,817.0,823.0,816.0,820.0,7574.0,816.0,816.9,819.0,52.380952372222225,10.467422348142463,14.116329231667551,4.724639904038303,,0.0,Neutral
2013-08-19,820.0,827.0,815.0,825.0,8904.0,819.0,817.1,819.9,45.94594593725346,10.324432892930531,13.357949963920149,5.043147165604301,2013-08-19,-0.7573104500770569,Strongly Negative
2013-08-20,825.0,840.0,821.0,823.0,5084.0,820.4,817.3,820.55,43.24324323506208,9.935202603030348,12.67340049174219,5.250396810458866,,0.0,Neutral
2013-08-25,823.0,837.0,821.0,835.0,3672.0,824.0,819.5,821.75,46.83544302967473,10.474293371877366,12.233579067769226,7.412451986020592,,0.0,Neutral
2013-08-26,835.0,830.0,816.0,820.0,4059.0,824.6,819.3,822.45,38.70967741352758,9.580711571152051,11.703005568445793,7.364328437403438,,0.0,Neutral
2013-08-27,820.0,830.0,822.0,822.0,9956.0,825.0,820.5,822.75,49.35064934167651,8.93097413102646,11.148599280961927,6.6206746887271555,,0.0,Neutral
2013-08-29,822.0,825.0,816.0,823.0,1671.0,824.6,821.8,823.1,51.3157894642313,8.39991517786791,10.598862460343124,5.51361950089256,,0.0,Neutral
2013-09-01,823.0,818.0,806.0,810.0,8284.0,822.0,821.2,822.05,48.14814813982624,6.851080782340659,9.84930612474263,6.460134157581735,,0.0,Neutral
2013-09-02,810.0,815.0,810.0,815.0,3367.0,818.0,821.0,821.15,45.454545446280996,5.958391945020594,9.071123288798224,6.633249580757558,,0.0,Neutral
2013-09-03,815.0,822.0,810.0,818.0,2371.0,817.6,821.1,820.05,55.88235292967128,5.430406195609976,8.342979870160576,6.5735158866265575,,0.0,Neutral
2013-09-04,818.0,822.0,810.0,818.0,4080.0,816.8,820.9,818.9,55.88235292967128,4.954857176036285,7.665355331335718,6.640783086400278,,0.0,Neutral
2013-09-05,818.0,821.0,815.0,820.0,3885.0,816.2,820.4,818.75,53.1249999883789,4.68535458604515,7.069355182277604,6.484168755134531,,0.0,Neutral
2013-09-08,820.0,856.0,821.0,852.0,7271.0,824.6,823.3,820.3,68.42105262149585,6.973518031652702,7.050187752152624,11.954078801841126,,0.0,Neutral
2013-09-09,852.0,859.0,840.0,857.0,8226.0,833.0,825.5,822.5,69.9999999902,9.085628787822088,7.457275959286518,15.763882770454574,,0.0,Neutral
2013-09-10,857.0,857.0,841.0,846.0,6312.0,838.6,828.1,823.7,62.0370370289952,9.759383610600707,7.917697489549356,16.861857021777443,,0.0,Neutral
2013-09-11,846.0,855.0,835.0,845.0,6321.0,844.0,830.4,825.45,59.61538460735947,10.096264071631254,8.353410805965737,17.494125998319983,,0.0,Neutral
2013-09-12,845.0,856.0,845.0,853.0,5083.0,850.6,833.4,827.6,63.63636362826446,10.88332125253396,8.859392895279383,18.620180211581513,,0.0,Neutral
2013-09-15,853.0,855.0,840.0,845.0,5970.0,849.2,836.9,829.05,54.7169811248487,10.737758402785062,9.23506599678052,16.94730394817369,,0.0,Neutral
2013-09-16,845.0,853.0,845.0,848.0,6318.0,847.4,840.2,830.6,64.89361701161158,10.74066205722363,9.536185208869142,15.346371268537542,2013-09-16,0.5081326365470886,Positive
2013-09-17,848.0,845.0,835.0,837.0,4159.0,845.6,842.1,831.6,57.281553390272414,9.743043415462125,9.577556850187738,13.337082806163716,,0.0,Neutral
2013-09-19,837.0,834.0,820.0,832.0,10780.0,843.0,843.5,832.2,54.20560746954319,8.451541135843058,9.352353707318802,11.06797181062072,,0.0,Neutral
2013-09-22,832.0,830.0,817.0,825.0,5312.0,837.4,844.0,832.2,57.425742566297416,6.784961957955375,8.838875357446117,9.944289260152559,,0.0,Neutral
2013-09-23,825.0,822.0,810.0,820.0,5824.0,832.4,840.8,832.05,52.47524751747868,5.003055628180505,8.071711411592995,12.016655108668369,,0.0,Neutral
2013-09-24,820.0,848.0,819.0,848.0,2262.0,832.4,839.9,832.7,61.904761897883596,5.7835785250443905,7.6140848342832745,10.959014554269126,,0.0,Neutral
2013-09-25,848.0,840.0,820.0,825.0,3291.0,830.0,837.8,832.95,52.3489932836719,4.49443175164663,6.990154217755945,11.650464940679788,,0.0,Neutral
2013-09-26,825.0,840.0,825.0,835.0,4883.0,830.6,836.8,833.6,54.777070058809684,4.230918675603903,6.438307109325537,11.39005414096024,,0.0,Neutral
2013-09-29,835.0,835.0,823.0,832.0,5201.0,832.0,834.7,834.05,42.18749999538574,3.736930725136176,5.898031832487665,9.911273043055486,,0.0,Neutral
2013-09-30,832.0,845.0,827.0,828.0,6271.0,833.6,833.0,834.95,38.582677161101124,2.988228704397784,5.316071206869689,9.392668535772001,,0.0,Neutral
2013-10-01,828.0,829.0,823.0,823.0,2597.0,828.6,830.5,835.35,40.495867763909565,1.968724514880364,4.646601868471824,8.209073570722774,,0.0,Neutral
2013-10-02,823.0,824.0,820.0,820.0,2363.0,827.6,828.8,835.45,39.8373983694494,0.9082158249178747,3.8989246597610343,8.469553313721896,,0.0,Neutral
2013-10-03,820.0,830.0,815.0,823.0,7375.0,825.2,827.9,835.7,37.28813558879633,0.30629914959206417,3.1803995577272404,8.569325138771099,2013-10-03,-0.4748390913009643,Negative
2013-10-06,823.0,836.0,826.0,836.0,2902.0,826.0,829.0,836.5,46.34146340935951,0.8682584592418152,2.7179713380301553,8.856886837094018,,0.0,Neutral
2013-10-07,836.0,847.0,837.0,847.0,2285.0,829.8,831.7,836.25,49.618320605384305,2.176138163847668,2.609604703193658,9.86632882307797,,0.0,Neutral
2013-10-08,847.0,851.0,840.0,851.0,1265.0,835.4,832.0,835.95,55.645161284040064,3.495119263879701,2.786707615330867,10.445626410692979,2013-10-08,0.2122796177864074,Positive
2013-10-09,851.0,852.0,845.0,852.0,2797.0,841.8,834.7,836.25,58.33333332652778,4.568450675427698,3.1430562273502334,11.832629087053144,,0.0,Neutral
2013-10-10,852.0,862.0,851.0,860.0,3377.0,849.2,837.2,837.0,64.46280990989686,5.995494366236812,3.7135438551275497,14.289078968864699,,0.0,Neutral
2013-10-17,860.0,865.0,864.0,864.0,288.0,854.8,840.4,837.55,68.33333332536111,7.3643121369134406,4.443697511484729,16.419500601439893,,0.0,Neutral
2013-10-20,864.0,891.0,881.0,886.0,5186.0,862.6,846.2,839.6,66.66666665847953,10.10780968217955,5.5765199456236925,21.122920673488387,,0.0,Neutral
2013-10-21,886.0,911.0,872.0,894.0,9166.0,871.2,853.3,841.9,84.84848483648608,12.780261494770798,7.017268255453114,24.170919166098418,,0.0,Neutral
2013-10-22,894.0,888.0,880.0,880.0,3560.0,876.8,859.3,844.05,71.84466018440946,13.611609649994307,8.336136534361353,22.36589665839681,,0.0,Neutral
2013-10-23,880.0,880.0,872.0,880.0,2741.0,880.8,865.0,846.45,73.99999998964,14.107832738559864,9.490475775201055,19.11369491579548,,0.0,Neutral
2013-10-24,880.0,880.0,872.0,872.0,2532.0,882.4,868.6,848.8,71.15384614426776,13.697661850814256,10.331912990323696,16.215219188593128,,0.0,Neutral
2013-10-27,872.0,882.0,861.0,875.0,9982.0,880.2,871.4,851.55,75.49019606806998,13.45952042194449,10.957434476647856,14.38517755657289,,0.0,Neutral
2013-10-28,875.0,878.0,870.0,877.0,5174.0,876.8,874.0,853.0,78.21782177133615,13.27910169081349,11.421767919480983,12.516655570377825,,0.0,Neutral
2013-10-29,877.0,883.0,865.0,879.0,8018.0,876.6,876.7,855.7,77.99999998908,13.145963349433828,11.766607005471553,9.877584050134896,,0.0,Neutral
2013-10-30,879.0,890.0,874.0,880.0,5273.0,876.6,878.7,857.95,74.99999998806818,12.971613214740955,12.007608247325432,7.95892231682556,,0.0,Neutral
2013-10-31,880.0,880.0,835.0,846.0,14071.0,871.4,876.9,858.65,49.54954954330005,9.974938742092945,11.601074346278937,12.431590583881775,2013-10-31,0.7935486435890198,Strongly Positive
2013-11-06,846.0,855.0,832.0,846.0,3706.0,865.6,872.9,859.55,47.66355139563281,7.513442346233774,10.783547946269904,15.285795875791216,2013-11-06,0.9250475764274596,Strongly Positive
2013-11-07,846.0,836.0,831.0,831.0,2042.0,856.4,866.6,859.95,41.32231404480568,4.302715057782962,9.487381368572516,18.307254178503506,,0.0,Neutral
2013-11-10,831.0,828.0,820.0,820.0,2791.0,844.6,860.6,859.95,33.87096773811135,0.8606613126116827,7.76203735738035,22.726391902139824,,0.0,Neutral
2013-11-11,820.0,846.0,816.0,845.0,5037.0,837.6,857.1,861.05,43.448275857873966,0.14838944602320225,6.23930777510892,22.092985312101796,,0.0,Neutral
2013-11-12,845.0,877.0,850.0,861.0,3106.0,840.6,856.0,862.3,41.0071942404741,0.8650039158355867,5.164447003254254,21.535500406968016,,0.0,Neutral
2013-11-13,861.0,874.0,850.0,852.0,5327.0,841.8,853.7,862.55,34.99999999650001,0.6986476865906752,4.271287139921538,20.483326552769714,2013-11-13,0.44415573449805373,Positive
2013-11-14,852.0,850.0,836.0,850.0,5627.0,845.6,851.0,862.5,38.281249995812985,0.40080565300456783,3.4971908425381444,18.779421361357,,0.0,Neutral
2013-11-21,850.0,935.0,867.0,934.0,9564.0,868.4,856.5,866.6,62.735849052460836,6.8637407474541305,4.170500823521342,31.581464324657798,,0.0,Neutral
2013-11-24,934.0,988.0,900.0,925.0,20314.0,884.4,861.0,869.85,62.441314549886485,11.131125898405116,5.562625838498097,37.87992725560134,,0.0,Neutral
2013-11-25,925.0,926.0,882.0,903.0,9567.0,892.8,866.7,871.8,56.0344827552393,12.592682630364948,6.968637196871468,39.62056144086892,,0.0,Neutral
2013-11-26,903.0,921.0,885.0,902.0,12240.0,902.8,872.3,872.6,55.41125540789715,13.514498501497428,8.27780945779666,40.321072516609576,,0.0,Neutral
2013-11-27,902.0,905.0,865.0,890.0,17604.0,910.8,878.2,872.4,52.28215767331141,13.12544257715399,9.247336081668127,37.847060652061465,,0.0,Neutral
2013-11-28,890.0,890.0,880.0,880.0,3535.0,900.0,884.2,872.4,49.9999999972,11.873328191105315,9.772534503555566,31.881028841629938,,0.0,Neutral
2013-12-01,880.0,890.0,876.0,880.0,5118.0,891.0,887.7,872.4,57.87037036661951,10.75701830812011,9.969431264468474,28.87925052891718,,0.0,Neutral
2013-12-02,880.0,894.0,876.0,885.0,7823.0,887.4,890.1,873.05,58.823529408038326,10.158689843580532,10.007282980290887,27.371721011145272,,0.0,Neutral
2013-12-03,885.0,915.0,890.0,914.0,20640.0,889.8,896.3,875.0,67.65957446405432,11.887535749213953,10.3833335340755,24.6713959430483,2013-12-03,0.8936959505081177,Strongly Positive
2013-12-04,914.0,966.0,890.0,938.0,20943.0,899.4,905.1,878.05,73.79032257647958,15.021104071300215,11.310887641520443,21.855332428413664,,0.0,Neutral
2013-12-05,938.0,982.0,911.0,933.0,20810.0,910.0,905.0,880.75,69.29824560977994,16.906137895484108,12.429937692313176,21.710212650599427,,0.0,Neutral
2013-12-08,933.0,941.0,918.0,920.0,13839.0,918.0,904.5,882.75,63.11111110718419,17.153316670608433,13.37461348797223,21.251143760090265,,0.0,Neutral
2013-12-09,920.0,950.0,930.0,950.0,21654.0,931.0,909.2,887.95,69.91869918301276,19.544658256012326,14.60862244158025,25.628976656225937,,0.0,Neutral
2013-12-10,950.0,959.0,941.0,951.0,39097.0,938.4,914.1,893.2,70.6122448939242,21.275257409750225,15.941949435214244,28.610215735736634,,0.0,Neutral
2013-12-11,865.0,916.0,882.0,916.0,126.0,934.0,916.7,897.45,45.40816326206268,19.596664069690064,16.67289236210941,27.32947127188811,,0.0,Neutral
2013-12-12,916.0,898.0,870.0,880.0,4503.0,923.4,916.7,900.45,39.91031389883971,15.186408158592371,16.375595521406,27.32947127188811,,0.0,Neutral
2013-12-15,880.0,897.0,851.0,897.0,6415.0,918.8,918.4,903.05,48.62385320788654,12.914140329001953,15.683304482925193,25.241940407910782,,0.0,Neutral
2013-12-16,897.0,971.0,914.0,971.0,3982.0,923.0,927.0,908.55,61.85567010011692,16.889837723721826,15.92461113108452,27.174334296270107,,0.0,Neutral
2013-12-18,971.0,1068.0,985.0,1067.0,13575.0,946.2,942.3,919.3,73.59999999725227,27.47034322985587,18.233757550838792,51.355081972921674,,0.0,Neutral
2013-12-19,1067.0,1080.0,995.0,1050.0,13092.0,973.0,953.5,929.3,72.2513088978756,34.09073537021891,21.405153114714818,61.52009608431484,,0.0,Neutral
2013-12-22,1050.0,1060.0,1025.0,1036.0,13522.0,1004.2,963.8,934.4,69.69696969450567,37.772344763720184,24.67859144451589,66.15436493536274,,0.0,Neutral
2013-12-23,1036.0,1020.0,986.0,986.0,8064.0,1022.0,970.4,937.45,61.451247163582046,36.237738507760014,26.990420857164715,64.57243994151978,,0.0,Neutral
2013-12-24,986.0,1020.0,965.0,1005.0,8545.0,1028.8,975.9,942.55,60.55684454559676,36.138115503714175,28.81995978647461,64.982818241962,,0.0,Neutral
2013-12-26,1005.0,1085.0,1025.0,1033.0,5126.0,1022.0,984.1,949.1,60.91954022792442,37.881851150074795,30.632338059194648,66.64407950699423,2013-12-26,0.861983060836792,Strongly Positive
2013-12-29,1033.0,1050.0,1000.0,1005.0,11525.0,1013.0,993.0,954.85,57.86026200696497,36.582705560755244,31.82241155950677,62.34313648404241,,0.0,Neutral
2013-12-31,1005.0,1025.0,995.0,1010.0,4690.0,1007.8,1006.0,961.35,59.99999999813333,35.54681992170708,32.567293231946834,48.085571871649286,,0.0,Neutral
2014-01-01,1010.0,1000.0,962.0,980.0,2496.0,1006.6,1014.3,966.35,53.333333331674076,31.936974250980484,32.44122943575356,31.475034198220314,,0.0,Neutral
2014-01-02,980.0,1000.0,943.0,1000.0,7138.0,1005.6,1017.2,972.1,55.22388059536645,30.34023505880441,32.021030560363734,28.208745688787825,,0.0,Neutral
2014-01-05,1000.0,996.0,980.0,990.0,4275.0,997.0,1009.5,975.9,58.333333331493996,27.945750106999185,31.205974469690826,23.162469643829873,,0.0,Neutral
2014-01-06,990.0,990.0,972.0,974.0,3833.0,990.8,1001.9,977.7,61.084905658360405,24.474905770320106,29.859760729816685,20.738852427299573,,0.0,Neutral
2014-01-07,974.0,990.0,951.0,980.0,1899.0,984.8,996.3,980.05,60.048426148085525,21.955299457875526,28.278868475428453,17.870211091247096,,0.0,Neutral
2014-01-08,980.0,1010.0,995.0,1004.0,4057.0,989.6,998.1,984.25,54.54545454335086,21.64557599988757,26.95220998032028,17.622271262403668,,0.0,Neutral
2014-01-09,1004.0,1004.0,990.0,1004.0,2911.0,990.4,998.0,986.95,38.20224718900812,21.15624194021177,25.79301637229858,17.581555992357572,,0.0,Neutral
2014-01-12,1004.0,1016.0,1000.0,1006.0,7592.0,993.6,995.3,989.7,41.26984126754851,20.691307939722606,24.772674685783386,13.11530064895172,,0.0,Neutral
2014-01-13,1006.0,1014.0,997.0,1007.0,8593.0,1000.2,995.5,994.25,43.933054390731954,20.171017108117326,23.852343170250176,13.293691068454443,,0.0,Neutral
2014-01-14,1007.0,1010.0,995.0,1010.0,6543.0,1006.2,995.5,1000.75,56.24999999589844,19.772828939673104,23.036440324134766,13.293691068454443,,0.0,Neutral
2014-01-16,1010.0,1044.0,1010.0,1032.0,3835.0,1011.8,1000.7,1007.5,56.923076918990134,20.99051252348829,22.62725476400547,16.37104489983508,,0.0,Neutral
2014-01-19,1032.0,1025.0,1000.0,1020.0,8997.0,1015.0,1002.7,1009.95,46.36871508017228,20.74806504615276,22.25141682043493,17.461385970229095,,0.0,Neutral
2014-01-20,1020.0,1015.0,990.0,1000.0,4471.0,1013.8,1003.7,1006.6,48.53801169193256,18.72622653774306,21.546378763896556,16.931561587139427,,0.0,Neutral
2014-01-21,1000.0,1005.0,993.0,996.0,3512.0,1011.6,1005.9,1003.9,45.882352937397926,16.60967241818844,20.559037494754932,13.779614572951763,,0.0,Neutral
2014-01-22,996.0,1003.0,980.0,999.0,2921.0,1009.4,1007.8,1002.05,56.64335663781113,15.001435744256014,19.44751714465515,10.799176923430638,,0.0,Neutral
2014-01-23,999.0,1005.0,990.0,992.0,1602.0,1001.4,1006.6,1002.35,46.92307691802366,13.012060165029652,18.160425748730052,11.880890352026878,,0.0,Neutral
2014-01-26,992.0,989.0,970.0,970.0,587.0,991.4,1003.2,1000.6,42.957746474637965,9.550161233555627,16.43837284569517,16.62528195253591,,0.0,Neutral
2014-01-27,970.0,989.0,965.0,965.0,1217.0,984.4,999.1,997.2,46.5648854912068,6.330153110793276,14.416728898714792,20.46921808204184,,0.0,Neutral
2014-01-28,965.0,989.0,962.0,969.0,2640.0,979.0,995.3,995.4,45.73643410356349,4.054304546112917,12.344244028194417,22.286268816898502,,0.0,Neutral
2014-01-29,969.0,974.0,950.0,950.0,4460.0,969.2,989.3,992.4,28.225806448426113,0.7093598923479476,10.017267201025124,25.703653004564142,,0.0,Neutral
2014-02-02,950.0,960.0,930.0,931.0,6906.0,957.0,979.2,989.95,24.475524473128274,-3.4350766300303803,7.326798434814023,26.877499883754478,,0.0,Neutral
2014-02-03,931.0,955.0,925.0,930.0,2305.0,949.0,970.2,986.45,23.239436617427103,-6.722768188816531,4.516885110087912,26.76564962785672,,0.0,Neutral
2014-02-04,930.0,940.0,924.0,935.0,7976.0,943.0,963.7,983.7,25.342465750994563,-8.823121766910276,1.8488837346882747,26.616828427833326,,0.0,Neutral
2014-02-06,940.0,949.0,920.0,946.0,4666.0,938.4,958.7,982.3,29.220779218122786,-9.49065665838657,-0.4190243439266943,24.486050450568946,,0.0,Neutral
2014-02-09,946.0,943.0,915.0,916.0,2694.0,931.6,950.4,979.1,14.19753086297058,-12.29866084221112,-2.79495164358358,23.348566456137387,,0.0,Neutral
2014-02-10,916.0,1005.0,934.0,954.0,11325.0,936.2,946.6,976.6,32.446808508222034,-11.327169409683734,-4.501395196803611,18.392027258237757,,0.0,Neutral
2014-02-11,954.0,971.0,940.0,956.0,3533.0,941.4,945.2,974.2,37.05882352635986,-10.27740068722278,-5.656596294887445,16.883917396971455,,0.0,Neutral
2014-02-12,956.0,951.0,932.0,935.0,3089.0,941.4,942.2,970.65,33.68983956967028,-11.013024614785081,-6.727881958866972,15.590595455842742,,0.0,Neutral
2014-02-13,935.0,941.0,922.0,941.0,4957.0,940.4,939.4,967.35,34.73684210270359,-10.985231115128386,-7.579351790119255,12.43829213003853,,0.0,Neutral
2014-02-16,941.0,949.0,930.0,948.0,3088.0,946.8,939.2,964.25,38.42105262874792,-10.279863203828768,-8.119454072861158,12.263767773448196,,0.0,Neutral
2014-02-17,948.0,940.0,918.0,930.0,4245.0,942.0,939.1,959.15,39.247311825002896,-11.04597252456199,-8.704757763201325,12.341888924442982,,0.0,Neutral
2014-02-18,930.0,945.0,930.0,938.0,5412.0,938.4,939.9,955.05,42.857142853968256,-10.882143957904987,-9.140235002142058,11.93919781415458,,0.0,Neutral
2014-02-20,938.0,956.0,931.0,953.0,11788.0,942.0,941.7,952.7,45.99999999678,-9.433194010149123,-9.198826803743472,12.4637251432114,,0.0,Neutral
2014-02-23,953.0,990.0,945.0,969.0,10620.0,947.6,944.0,951.35,54.822335021484704,-6.914122751820173,-8.741885993358814,15.173075569023787,,0.0,Neutral
2014-02-24,969.0,1000.0,953.0,970.0,11167.0,952.0,949.4,949.9,60.893854743840706,-4.781925922624282,-7.949893979211908,13.631662489341736,,0.0,Neutral
2014-02-25,970.0,988.0,955.0,974.0,2899.0,960.8,951.4,949.0,62.08791208313609,-2.73781813994799,-6.907478811359125,15.69288586168198,,0.0,Neutral
2014-02-26,974.0,993.0,940.0,946.0,6010.0,962.4,950.4,947.8,52.682926825670435,-3.338727220301962,-6.1937284931476935,15.685803914544907,,0.0,Neutral
2014-03-03,946.0,950.0,920.0,930.0,2871.0,957.8,949.9,946.05,46.19047618739683,-5.047830035732545,-5.964548801664664,16.298943387737182,,0.0,Neutral
2014-03-04,930.0,929.0,897.0,906.0,3433.0,945.2,946.4,942.9,47.54901960457997,-8.243875489010293,-6.42041413913379,21.38639235071851,,0.0,Neutral
2014-03-05,906.0,937.0,906.0,933.0,2588.0,937.8,944.9,942.05,44.55958548899568,-8.500106251675106,-6.8363525616420535,21.78404104948236,,0.0,Neutral
2014-03-06,933.0,930.0,910.0,910.0,6195.0,925.0,942.9,941.0,39.25233644603022,-10.438747376250944,-7.556831524563832,24.099100951441063,2014-03-06,0.8975179195404053,Strongly Positive
2014-03-09,910.0,901.0,900.0,900.0,557.0,915.8,939.1,939.5,41.37931034197384,-12.636386463867325,-8.572742512424531,27.68653904780284,,0.0,Neutral
2014-03-10,900.0,905.0,880.0,897.0,3240.0,909.2,933.5,937.6,38.999999997269995,-14.45349530500414,-9.748893070940454,30.11920760358269,,0.0,Neutral
2014-03-11,897.0,897.0,882.0,885.0,4180.0,905.0,925.1,934.55,34.634146339098166,-16.66970883803151,-11.133056224358665,30.82369218638509,,0.0,Neutral
2014-03-12,885.0,890.0,856.0,866.0,3714.0,891.6,914.7,932.05,34.466019415133374,-19.731759795952826,-12.852796938677498,31.527941751914163,,0.0,Neutral
2014-03-13,866.0,900.0,870.0,870.0,2500.0,883.6,904.3,927.85,33.168316829384366,-21.58685089066671,-14.599607729075341,26.55413757257365,,0.0,Neutral
2014-03-17,870.0,855.0,838.0,852.0,16031.0,874.0,894.9,922.65,25.365853656804276,-24.230163276659937,-16.52571883859226,26.789093966696004,,0.0,Neutral
2014-03-18,852.0,842.0,830.0,830.0,4412.0,860.6,884.9,917.4,17.06161137327554,-27.779993057405022,-18.776573682354815,30.621161891026148,,0.0,Neutral
2014-03-19,830.0,900.0,844.0,844.0,3171.0,852.4,878.7,912.55,21.874999998632802,-29.127808491807514,-20.846820644245355,32.114551911015326,,0.0,Neutral
2014-03-20,844.0,882.0,844.0,882.0,6623.0,855.6,873.6,909.25,32.17054263391323,-26.82050937640429,-22.041558390677142,26.00085468682288,,0.0,Neutral
2014-03-23,882.0,886.0,870.0,882.0,9097.0,858.0,870.8,906.85,36.08695651954253,-24.707149563750363,-22.57467662529179,22.977283467729166,,0.0,Neutral
2014-03-24,882.0,901.0,892.0,895.0,2295.0,866.6,870.3,904.7,42.29074889607017,-21.73278333373662,-22.40629796698076,22.31616255344843,,0.0,Neutral
2014-03-25,895.0,899.0,870.0,880.0,3442.0,876.6,868.6,901.05,44.036697244878376,-20.35135357137574,-21.99530908785976,20.640844082674064,,0.0,Neutral
2014-03-26,880.0,882.0,860.0,860.0,7949.0,879.8,866.1,895.6,32.701421798778114,-20.6325541442111,-21.72275809913003,19.935730067748736,,0.0,Neutral
2014-03-27,860.0,869.0,850.0,851.0,2739.0,873.6,864.6,889.65,35.025380708170786,-21.335687879119632,-21.64534405512795,20.500406500054314,,0.0,Neutral
2014-03-31,851.0,860.0,845.0,860.0,5044.0,869.2,863.6,883.95,39.795918364504374,-20.92548567280437,-21.501372378663234,20.45156880700025,2014-03-31,0.8013447523117065,Strongly Positive
2014-04-01,860.0,880.0,860.0,872.0,7016.0,864.6,865.6,880.25,43.90243902139203,-19.408370147368714,-21.08277193240433,20.16707988559368,,0.0,Neutral
2014-04-02,872.0,877.0,865.0,875.0,7207.0,863.6,870.1,877.5,47.44897958844753,-17.759252625761064,-20.41806807107568,15.91260855774228,,0.0,Neutral
2014-04-03,875.0,874.0,857.0,858.0,4645.0,863.2,871.5,875.1,47.93814432643746,-17.620949694293472,-19.85864439571924,13.842366528593931,,0.0,Neutral
2014-04-06,858.0,859.0,850.0,854.0,1454.0,863.8,868.7,871.15,45.876288656483155,-17.630872472268607,-19.413090011029112,14.306564150018493,,0.0,Neutral
2014-04-07,854.0,870.0,846.0,852.0,2406.0,862.2,865.7,868.25,49.99999999606741,-17.597269264445345,-19.04992586171236,14.353087163112935,,0.0,Neutral
2014-04-09,852.0,850.0,822.0,842.0,6818.0,856.2,860.4,865.35,53.614457826803594,-18.16812408151327,-18.87356550567254,11.908913561824624,,0.0,Neutral
2014-04-10,842.0,858.0,837.0,852.0,6828.0,851.6,857.6,863.1,52.469135797934754,-17.610610059768533,-18.62097441649174,9.912954487308296,,0.0,Neutral
2014-04-13,852.0,864.0,850.0,861.0,3180.0,852.2,857.7,861.9,42.10526315346261,-16.25517189390291,-18.147813911973977,9.94484791240064,,0.0,Neutral
2014-04-15,861.0,870.0,855.0,855.0,4240.0,852.4,858.1,861.35,40.2877697801149,-15.486607269433762,-17.615572583465934,9.723396754489924,2014-04-15,0.9077076315879822,Strongly Positive
2014-04-16,855.0,850.0,840.0,842.0,2609.0,850.4,856.3,859.95,30.935251795445367,-15.745006982235054,-17.24145946321976,10.924488292145252,,0.0,Neutral
2014-04-17,842.0,855.0,833.0,840.0,4387.0,850.0,853.1,859.35,34.126984123192244,-15.927570780216342,-16.978681726619076,10.492854711696074,,0.0,Neutral
2014-04-20,840.0,840.0,830.0,830.0,6441.0,845.6,848.6,859.35,37.068965512767534,-16.686815114472665,-16.920308404189793,9.674709297996799,,0.0,Neutral
2014-04-21,830.0,841.0,819.0,841.0,4555.0,841.6,846.9,859.2,45.76271185897731,-16.214008651403105,-16.779048453632456,9.326783416035154,,0.0,Neutral
2014-04-22,841.0,846.0,825.0,845.0,3842.0,839.6,846.0,857.35,43.36283185303469,-15.339712890862529,-16.491181341078473,8.993825042195622,,0.0,Neutral
2014-04-23,845.0,850.0,835.0,845.0,2490.0,840.2,845.3,855.5,36.6336633612587,-14.479911791967652,-16.08892743125631,8.743886753400291,,0.0,Neutral
2014-04-27,845.0,843.0,821.0,830.0,3531.0,838.2,844.1,852.25,30.088495571493453,-14.8378464091644,-15.838711226837928,9.982762921971267,,0.0,Neutral
2014-04-28,830.0,830.0,810.0,810.0,9262.0,834.2,839.9,848.75,29.310344824048755,-16.544628842476186,-15.979894749965581,14.224001624821847,,0.0,Neutral
2014-04-29,810.0,836.0,820.0,834.0,4545.0,832.8,837.2,847.45,42.647058819139275,-15.778778853276208,-15.939671570627707,12.191071414068743,2014-04-29,-0.0463172495365142,Neutral
2014-04-30,834.0,835.0,828.0,835.0,2926.0,830.8,835.2,846.65,43.70370369917147,-14.919166709563683,-15.735570598414904,10.464755664219068,,0.0,Neutral
2014-05-04,835.0,839.0,825.0,832.0,2838.0,828.2,834.2,845.25,46.09374999495849,-14.314978657258393,-15.451452210183604,10.21763181958961,,0.0,Neutral
2014-05-05,832.0,858.0,830.0,858.0,6015.0,833.8,836.0,844.55,52.08333332826967,-11.604404215625891,-14.682042611272063,12.649110640701066,2014-05-05,0.1276859939098358,Slightly Positive
2014-05-06,858.0,900.0,874.0,892.0,3494.0,850.2,842.2,845.4,59.1715976282343,-6.636240146362525,-13.072882118290156,21.487981136766972,,0.0,Neutral
2014-05-07,892.0,904.0,881.0,881.0,4196.0,859.6,846.2,846.55,57.47126436319197,-3.5456701189183377,-11.167439718415793,24.71976267417229,,0.0,Neutral
2014-05-08,881.0,890.0,850.0,850.0,1860.0,862.6,846.7,846.35,52.08333332953559,-3.5568113211325,-9.645314038959134,24.743349274786347,,0.0,Neutral
2014-05-11,850.0,870.0,835.0,841.0,2968.0,864.4,846.3,845.8,50.25125627787177,-4.24295543886592,-8.56484231894049,24.80613723345857,,0.0,Neutral
2014-05-12,841.0,860.0,837.0,846.0,2557.0,862.0,847.9,846.0,54.12371133630035,-4.333319571689685,-7.71853776949033,24.145162846616504,,0.0,Neutral
2014-05-13,846.0,865.0,848.0,860.0,3403.0,855.6,852.9,846.4,54.822335021484704,-3.2379260054214,-6.822415416676544,20.294772178532508,,0.0,Neutral
2014-05-15,860.0,877.0,855.0,865.0,2300.0,852.4,856.0,846.6,55.05050504661259,-1.9439518323573566,-5.846722699812707,19.43650631617082,,0.0,Neutral
2014-05-18,865.0,866.0,855.0,866.0,8064.0,855.6,859.1,847.15,55.27638190565895,-0.8282290263117602,-4.843023965112518,18.144175680142997,,0.0,Neutral
2014-05-19,866.0,880.0,850.0,855.0,3344.0,858.4,861.4,847.8,56.41025640620644,-0.8221415967738039,-4.038847491444775,15.60769041212663,,0.0,Neutral
2014-05-20,855.0,856.0,839.0,842.0,5347.0,857.6,859.8,847.9,58.510638293515164,-1.8450401451782454,-3.6000860221914692,16.77166923385007,,0.0,Neutral
2014-05-21,842.0,847.0,835.0,841.0,2840.0,853.8,854.7,848.45,52.12121211678971,-2.7052023680572574,-3.421109291364627,13.283657461569943,,0.0,Neutral
2014-05-22,841.0,846.0,837.0,840.0,2921.0,848.8,850.6,848.4,51.515151510780534,-3.42806220230068,-3.422499873551838,10.243697249240036,,0.0,Neutral
2014-05-25,840.0,856.0,837.0,840.0,4852.0,843.6,849.6,848.15,52.469135797934754,-3.955339141354216,-3.529067727112314,10.782702196917905,,0.0,Neutral
2014-05-26,840.0,845.0,831.0,831.0,6539.0,838.8,848.6,847.45,40.68965516848514,-5.041321482306671,-3.8315184781511853,12.05727074335342,,0.0,Neutral
2014-05-27,831.0,837.0,828.0,830.0,9204.0,836.4,847.0,847.45,22.321428568638396,-5.914483470433993,-4.248111476607747,13.424687043762548,,0.0,Neutral
2014-05-28,830.0,840.0,826.0,826.0,6388.0,833.4,843.6,848.25,23.80952380634922,-6.8502715412411135,-4.76854348953442,14.057026712670558,,0.0,Neutral
2014-06-01,826.0,850.0,824.0,840.0,6000.0,833.4,841.1,848.55,44.31818181113119,-6.388563943825147,-5.092547580392566,11.883228143557506,,0.0,Neutral
2014-06-02,840.0,858.0,845.0,856.0,1714.0,836.6,840.1,849.6,57.894736833573404,-4.67766979834164,-5.009572023982381,9.791719858048479,,0.0,Neutral
2014-06-03,856.0,870.0,860.0,868.0,7720.0,844.0,841.4,851.4,60.78431371714725,-2.326653931671217,-4.472988405520149,12.48287716125369,,0.0,Neutral
2014-06-04,868.0,874.0,858.0,858.0,3330.0,849.6,843.0,851.4,48.97959182973761,-1.2558961565684967,-3.8295699557298186,13.548267621961372,,0.0,Neutral
2014-06-05,858.0,860.0,841.0,855.0,4296.0,855.4,844.4,849.55,44.791666660134545,-0.6419874022109298,-3.1920534450260414,14.03329374502182,,0.0,Neutral
2014-06-08,855.0,869.0,855.0,862.0,5312.0,859.8,846.6,848.6,48.03921567968089,0.4047158942483975,-2.472699577171154,14.960689229542998,,0.0,Neutral
2014-06-09,862.0,869.0,860.0,867.0,8468.0,862.0,849.3,849.45,56.24999999179688,1.6190308314259028,-1.6543534954517427,16.03503109516697,,0.0,Neutral
2014-06-10,867.0,900.0,870.0,889.0,6410.0,866.2,855.1,851.85,72.38095237130159,4.306952439397719,-0.46209230848185034,18.9117835107195,,0.0,Neutral
2014-06-11,889.0,919.0,899.0,903.0,8453.0,875.2,862.4,854.7,76.27118643162885,7.480600964852556,1.126446346185031,21.985854037961893,,0.0,Neutral
2014-06-12,903.0,910.0,893.0,901.0,7203.0,884.4,869.9,856.75,75.63025209194267,9.722284556421414,2.8456139882323077,20.957364126051736,,0.0,Neutral
2014-06-15,901.0,933.0,893.0,925.0,18827.0,897.0,878.4,859.75,79.72027971247493,13.282324013560356,4.9329559932979175,24.432219165154983,,0.0,Neutral
2014-06-16,925.0,958.0,925.0,950.0,10121.0,913.6,887.8,863.95,87.42138364010125,17.9144651949249,7.529257833623315,31.821725632389622,,0.0,Neutral
2014-06-17,950.0,966.0,925.0,945.0,10047.0,924.8,895.5,868.45,85.27607361230757,20.940621787789723,10.211530624456596,35.591041319735304,,0.0,Neutral
2014-06-18,945.0,959.0,931.0,931.0,3682.0,930.4,902.8,872.9,80.3468208027465,21.956093513962514,12.560443202357781,34.515053076734425,,0.0,Neutral
2014-06-19,931.0,925.0,910.0,918.0,4423.0,933.8,909.1,876.75,72.6744185987358,21.464442091289243,14.341242980144074,30.314829521041588,,0.0,Neutral
2014-06-23,918.0,918.0,901.0,911.0,2727.0,931.0,914.0,880.3,66.87116563842824,20.276231522627427,15.528240688640746,25.420901286602014,,0.0,Neutral
2014-06-24,911.0,919.0,907.0,907.0,3216.0,922.4,918.0,883.65,62.580645155637875,18.79514083182255,16.181620717277106,19.70899399881687,,0.0,Neutral
2014-06-25,907.0,922.0,895.0,922.0,5675.0,917.8,921.3,888.2,69.99999999387501,18.617133699917645,16.668723313805216,16.872396918598838,,0.0,Neutral
2014-06-26,922.0,925.0,915.0,915.0,5258.0,914.6,922.5,892.45,68.29268292099941,17.707103796574074,16.87639941035899,15.820169966809697,,0.0,Neutral
2014-06-29,915.0,951.0,915.0,915.0,5236.0,914.0,923.9,896.9,66.87898088575602,16.79232704840956,16.859584937969103,14.247416919914405,,0.0,Neutral
2014-06-30,915.0,927.0,915.0,927.0,4828.0,917.2,924.1,901.25,68.29268292099941,16.841521025791735,16.855972155533628,14.278577582474833,,0.0,Neutral
2014-07-01,927.0,934.0,912.0,930.0,21975.0,921.8,922.1,904.95,64.13793102829013,16.927453389543643,16.870268402335633,11.347540115268824,,0.0,Neutral
2014-07-02,930.0,950.0,930.0,950.0,9750.0,927.4,922.6,909.05,65.56291390120609,18.397315459269066,17.17567781372232,12.518430856624214,,0.0,Neutral
2014-07-03,950.0,956.0,930.0,940.0,6878.0,932.4,923.5,913.15,62.26415093791385,18.541539981597907,17.44885024729744,13.476316674525135,,0.0,Neutral
2014-07-06,940.0,941.0,930.0,930.0,1386.0,935.4,924.7,916.9,51.72413792604043,17.645516003575153,17.488183398552984,13.466419139675605,,0.0,Neutral
2014-07-07,930.0,951.0,912.0,945.0,5107.0,939.0,928.1,921.05,48.148148143155005,17.93899561049659,17.578345840941708,13.908031252996283,,0.0,Neutral
2014-07-08,945.0,975.0,930.0,960.0,13887.0,945.0,933.4,925.7,55.172413787776456,19.161077973634633,17.894892267480294,15.027382414220614,,0.0,Neutral
2014-07-09,960.0,979.0,954.0,979.0,3026.0,950.8,939.1,930.2,65.99999999383999,21.415859563288222,18.59908572664188,20.157435903984517,,0.0,Neutral
2014-07-10,979.0,1003.0,960.0,1000.0,11806.0,962.8,947.6,935.05,75.94936708187791,24.6135846313839,19.801985507590288,25.953805116033518,,0.0,Neutral
2014-07-13,1000.0,1055.0,1000.0,1004.0,9066.0,977.6,956.5,940.2,79.99999999277419,27.15751641258271,21.273091688588774,28.65212809627793,2014-07-13,0.9226765036582948,Strongly Positive
2014-07-14,1004.0,1003.0,961.0,996.0,2421.0,987.8,963.4,943.75,77.98742137678099,28.202961353264755,22.659065621523972,29.063914242789238,,0.0,Neutral
2014-07-15,996.0,977.0,960.0,960.0,541.0,987.8,966.4,944.25,60.55555555084568,25.828846006468325,23.293021698512845,26.684160928265094,,0.0,Neutral
2014-07-16,960.0,999.0,965.0,990.0,6557.0,990.0,970.4,946.5,68.47290639921862,26.067600694801968,23.847937497770673,26.949335180441537,2014-07-16,0.9244367480278016,Strongly Positive
2014-07-17,990.0,1050.0,980.0,1050.0,22408.0,1000.0,981.4,952.45,75.6653992355159,30.743917323042865,25.227133462825112,34.54208383344449,,0.0,Neutral
2014-07-20,1050.0,1125.0,1051.0,1100.0,25823.0,1019.2,998.4,961.55,78.73754152457698,38.04594411356709,27.79089559297351,46.27502326070708,,0.0,Neutral
2014-07-21,1100.0,1130.0,1080.0,1090.0,19629.0,1038.0,1012.9,970.5,75.97402597057261,42.53561246382333,30.739838967143474,50.23157484204889,,0.0,Neutral
2014-07-22,1090.0,1086.0,1050.0,1080.0,12848.0,1062.0,1024.9,979.15,71.81208053353903,44.77070176999189,33.546011527713155,50.522712164389276,,0.0,Neutral
2014-07-23,1080.0,1100.0,1061.0,1079.0,7731.0,1079.8,1034.9,987.0,74.04844290298728,45.9318606079305,36.023181343756626,50.32439214184068,,0.0,Neutral
2014-07-24,1079.0,1099.0,1070.0,1073.0,7399.0,1084.4,1042.2,994.9,75.0877192945571,45.839527952663616,37.98645066553803,49.99288838315126,,0.0,Neutral
2014-07-27,1073.0,1084.0,1042.0,1042.0,2251.0,1072.8,1046.0,1001.25,66.1129568075562,42.7718652973673,38.943533591903886,48.177911028939924,,0.0,Neutral
2014-07-28,1042.0,1060.0,1022.0,1054.0,3355.0,1065.6,1051.8,1007.6,65.77181207744695,40.83826218797708,39.32247931111853,44.86721148754424,,0.0,Neutral
2014-07-30,1054.0,1060.0,1034.0,1039.0,7706.0,1057.4,1059.7,1013.05,60.204081629786195,37.66135647904764,38.99025474470435,32.02446981088122,,0.0,Neutral
2014-07-31,1039.0,1060.0,1036.0,1060.0,5407.0,1053.6,1066.7,1018.55,60.204081629786195,36.41835221730469,38.475874239224424,20.76883348784522,,0.0,Neutral
2014-08-03,1060.0,1065.0,1032.0,1050.0,5568.0,1049.0,1066.7,1024.05,57.66666666397556,34.23174372485869,37.62704813635128,20.76883348784522,,0.0,Neutral
2014-08-04,1050.0,1029.0,1011.0,1015.0,5855.0,1043.6,1058.2,1028.3,52.90519877449336,29.336460789468106,35.96893066697464,22.909483722812634,,0.0,Neutral
2014-08-05,1015.0,1035.0,1005.0,1015.0,5967.0,1035.8,1050.7,1031.8,59.450171818445696,25.16680651485194,33.808505836550104,23.60814360439623,,0.0,Neutral
2014-08-06,1015.0,1030.0,1005.0,1006.0,3035.0,1029.2,1043.3,1034.1,52.96296296021674,20.895233433430803,31.225851355926245,24.962416193620967,,0.0,Neutral
2014-08-07,1006.0,1026.0,983.0,1026.0,5908.0,1022.4,1038.0,1036.45,44.782608692926274,18.905878643902042,28.761856813521405,21.989896669990657,,0.0,Neutral
2014-08-12,1026.0,1020.0,995.0,995.0,1783.0,1011.4,1030.2,1036.2,25.118483410655642,14.658881260152839,25.94126170284769,22.029273453524777,,0.0,Neutral
2014-08-13,995.0,1010.0,957.0,990.0,5683.0,1006.4,1025.0,1035.5,25.728155338057306,10.765548480746475,22.906119058427446,24.886408606598856,,0.0,Neutral
2014-08-14,990.0,1005.0,980.0,980.0,3578.0,999.4,1017.6,1034.7,25.728155338057306,6.794811420177439,19.683857530777445,26.26869704507025,2014-08-14,-0.4009678661823272,Negative
2014-08-18,980.0,985.0,950.0,962.0,3962.0,990.6,1009.9,1034.8,23.766816142005666,2.1705039063962204,16.181186805901202,30.27815494160563,,0.0,Neutral
2014-08-19,962.0,965.0,941.0,951.0,7342.0,975.6,999.0,1032.85,23.24561403366036,-2.354757010741878,12.473998042572585,29.85520613451706,,0.0,Neutral
2014-08-20,951.0,965.0,932.0,945.0,9182.0,965.6,988.5,1027.6,26.10837438243587,-6.351986994132176,8.708801035231634,28.351954665145538,,0.0,Neutral
2014-08-21,945.0,950.0,909.0,944.0,5481.0,956.4,981.4,1019.8,21.354166665109602,-9.491104650701345,5.068819898045039,29.829888069239086,,0.0,Neutral
2014-08-24,944.0,950.0,930.0,930.0,3079.0,946.4,972.9,1011.8,21.46596858481402,-12.95917569615358,1.4632207792053156,31.267483997863305,,0.0,Neutral
2014-08-25,930.0,912.0,880.0,895.0,4805.0,933.0,961.8,1002.55,9.756097560309328,-18.320665253745346,-2.493556427384817,37.32678514002959,2014-08-25,0.4297630488872528,Positive
2014-08-26,895.0,918.0,841.0,845.0,8743.0,911.8,943.7,990.85,8.163265305655983,-26.301083964066606,-7.2550619347211756,45.68503280313154,,0.0,Neutral
2014-08-27,845.0,920.0,861.0,899.0,12391.0,902.6,934.1,982.15,28.030303028816576,-27.94612900532627,-11.393275348842195,43.752968153294155,,0.0,Neutral
2014-08-28,899.0,940.0,900.0,900.0,10548.0,893.8,925.1,975.05,28.30188679095764,-28.83673547348883,-14.881967373771523,40.07894986427589,,0.0,Neutral
2014-08-31,900.0,901.0,886.0,890.0,5261.0,885.8,916.1,966.85,28.19548872032054,-30.003601105542316,-17.906294120125683,36.308707250783655,,0.0,Neutral
2014-09-01,890.0,902.0,845.0,900.0,6600.0,886.8,909.9,959.9,25.390624998611457,-29.778169892985375,-20.280669274697622,32.71577940723846,,0.0,Neutral
2014-09-03,900.0,890.0,866.0,878.0,2155.0,893.4,902.6,950.8,26.31578947219262,-31.01718338864032,-22.427972097486162,30.60210595514189,,0.0,Neutral
2014-09-04,878.0,866.0,850.0,865.0,4022.0,886.6,894.6,941.55,25.49019607703191,-32.67148531955365,-24.47667474189966,28.68294111683681,,0.0,Neutral
2014-09-07,865.0,870.0,790.0,800.0,5100.0,866.6,880.2,930.8,20.967741934536946,-38.78045138714026,-27.337430070947782,36.269975339278645,,0.0,Neutral
2014-09-09,800.0,848.0,816.0,840.0,11535.0,856.6,871.2,922.05,31.62650602276274,-39.93385270633621,-29.85671459802547,33.60820005760279,,0.0,Neutral
2014-09-10,840.0,907.0,851.0,859.0,8603.0,848.4,867.6,914.7,36.470588233792384,-38.86675855235774,-31.658723388891925,32.69114728962323,,0.0,Neutral
2014-09-11,859.0,920.0,826.0,914.0,10923.0,855.6,874.5,909.1,46.01542416286834,-33.200325713173925,-31.967043853748326,34.61614908938499,,0.0,Neutral
2014-09-14,914.0,936.0,891.0,909.0,22634.0,864.4,875.5,904.8,45.547073789726056,-28.78132191366319,-31.3298994657313,35.534802971495104,,0.0,Neutral
2014-09-15,909.0,911.0,899.0,902.0,9054.0,884.8,875.7,900.4,46.37305699313673,-25.549551735543332,-30.17382991969371,35.69329224254701,,0.0,Neutral
2014-09-16,902.0,907.0,895.0,905.0,9220.0,897.8,877.2,896.65,51.41242937649782,-22.487058841169755,-28.63647570398892,36.66303012270724,,0.0,Neutral
2014-09-17,905.0,928.0,900.0,908.0,6066.0,907.6,878.0,893.95,60.2605863164702,-19.592090803228302,-26.8275987238368,37.297601948541875,,0.0,Neutral
2014-09-18,908.0,900.0,879.0,879.0,2276.0,900.6,878.1,890.35,46.453900706913636,-19.414072074889873,-25.344893394047418,37.298942493211186,2014-09-18,0.5690082907676697,Positive
2014-09-21,879.0,879.0,857.0,859.0,4286.0,890.6,877.5,886.05,43.189368768755315,-20.64879732106465,-24.405674179450866,37.58028442918627,,0.0,Neutral
2014-09-22,859.0,870.0,850.0,865.0,3770.0,883.2,884.0,882.1,45.791245789087284,-20.90222824247155,-23.704984992055003,26.74571616790469,,0.0,Neutral
2014-09-23,865.0,890.0,860.0,881.0,3736.0,878.4,888.1,879.65,46.8646864664815,-19.586229924571285,-22.88123397855826,21.966894283108026,,0.0,Neutral
2014-09-24,881.0,905.0,880.0,895.0,3708.0,875.8,891.7,879.65,52.88135592969377,-17.215163095167213,-21.74801980188005,19.47676678623166,,0.0,Neutral
2014-09-28,895.0,930.0,910.0,930.0,1492.0,886.0,893.3,883.9,60.25236592793838,-12.369282666486924,-19.87227237480143,22.00530239133631,,0.0,Neutral
2014-09-29,930.0,944.0,914.0,940.0,3458.0,902.2,896.4,885.95,76.71755724780898,-7.633971417047974,-17.424612183250737,26.239071799317106,,0.0,Neutral
2014-09-30,940.0,952.0,920.0,925.0,5965.0,914.2,898.7,887.2,67.9324894474639,-5.033554097207798,-14.94640056604215,27.7490740586411,2014-09-30,-0.7702483534812927,Strongly Negative
2014-10-08,925.0,943.0,912.0,920.0,17880.0,922.0,900.2,888.7,63.67713004084538,-3.337688059188281,-12.624658064671376,28.522116175206104,2014-10-08,-0.757002592086792,Strongly Negative
2014-10-09,920.0,790.0,787.0,787.0,1522.0,900.4,888.1,883.05,28.90365448370548,-12.58066836490866,-12.615860124718834,45.47392415196406,,0.0,Neutral
2014-10-12,787.0,772.0,750.0,750.0,340.0,864.4,875.2,876.65,26.126126125027724,-22.630517113095152,-14.618791522394098,63.18895824782369,,0.0,Neutral
2014-10-13,750.0,769.0,760.0,760.0,1514.0,828.4,865.3,871.4,28.869047617844743,-29.44871180625455,-17.58477557916619,73.00235917040746,,0.0,Neutral
2014-10-14,760.0,775.0,765.0,768.0,1778.0,797.0,855.6,869.8,29.912023459182493,-33.81682774184935,-20.831186011702826,79.2256972901584,,0.0,Neutral
2014-10-15,768.0,783.0,770.0,783.0,205.0,769.6,845.8,866.95,32.29461756245857,-35.65718264589839,-23.79638533854194,81.75546193103078,,0.0,Neutral
2014-10-16,783.0,795.0,765.0,765.0,1460.0,765.2,832.8,862.25,33.33333333196882,-38.128603922336765,-26.662829055300907,83.38238556327616,,0.0,Neutral
2014-10-19,765.0,770.0,765.0,770.0,787.0,769.2,816.8,855.05,36.391437307310454,-39.231528239519776,-29.17656889214468,77.82430354473333,,0.0,Neutral
2014-10-20,770.0,784.0,758.0,784.0,2655.0,774.0,801.2,848.8,37.91044775960971,-38.5317506733295,-31.047605248381647,64.95605351997152,,0.0,Neutral
2014-10-21,784.0,797.0,784.0,786.0,338.0,777.6,787.3,843.0,35.202492210302694,-37.38483946707413,-32.31505209212014,48.24255843593821,,0.0,Neutral
2014-10-22,786.0,783.0,783.0,783.0,671.0,777.6,773.6,836.9,31.9354838695255,-36.299540493887434,-33.1119497724736,12.816655830094208,2014-10-22,0.5998011231422424,Positive
2014-10-26,783.0,768.0,768.0,768.0,25.0,778.2,771.7,829.9,22.06896551617598,-36.23214625000742,-33.73598906798037,11.9912004774044,2014-10-26,0.9184716939926147,Strongly Positive
2014-10-27,768.0,775.0,768.0,775.0,633.0,779.2,774.2,824.7,21.254355399660056,-35.20803798201007,-34.03039885078631,9.259229629605077,,0.0,Neutral
2014-10-28,775.0,780.0,770.0,775.0,877.0,777.4,775.7,820.5,22.426470587080985,-34.00444275230268,-34.025207631089586,7.803845206078121,,0.0,Neutral
2014-10-30,775.0,770.0,765.0,765.0,242.0,773.2,775.4,815.5,22.021660648706487,-33.471660817320526,-33.91449826833578,8.181279443568764,,0.0,Neutral
2014-11-02,765.0,764.0,755.0,755.0,673.0,767.6,772.6,809.2,39.610389606788665,-33.47051644299188,-33.825701903266996,9.901739465612208,,0.0,Neutral
2014-11-03,755.0,755.0,740.0,740.0,2271.0,762.0,770.1,801.45,46.21212120721992,-34.28477066318453,-33.917515655250504,14.239616099708446,,0.0,Neutral
2014-11-04,740.0,740.0,727.0,733.0,999.0,753.6,766.4,791.6,39.53488371663963,-35.090414047515765,-34.152095333703556,18.452341013792413,,0.0,Neutral
2014-11-05,733.0,747.0,739.0,740.0,515.0,746.6,762.0,781.6,39.06249999572754,-34.76332081247597,-34.27434042945804,19.026297590450486,,0.0,Neutral
2014-11-06,740.0,740.0,729.0,740.0,1075.0,741.6,757.4,772.35,30.97345132359621,-34.11088798374135,-34.24164994031471,18.118130882269103,,0.0,Neutral
2014-11-09,740.0,730.0,720.0,728.0,1130.0,736.2,751.9,762.75,32.710280369551924,-34.16825955115735,-34.22697186248324,17.829127229848517,2014-11-09,-0.7661527991294861,Strongly Negative
2014-11-10,728.0,725.0,717.0,725.0,1453.0,733.2,747.6,759.65,28.57142856761905,-34.06314314897713,-34.194206119782024,18.679757314635204,,0.0,Neutral
2014-11-11,725.0,725.0,711.0,715.0,2410.0,729.6,741.6,757.9,15.84158415621998,-34.39032382363405,-34.23342966055243,18.536450577182105,,0.0,Neutral
2014-11-12,715.0,720.0,695.0,702.0,5656.0,722.0,734.3,755.0,12.499999998437502,-35.29178647387937,-34.445101023217816,18.294200659719174,,0.0,Neutral
2014-11-13,702.0,716.0,695.0,705.0,2763.0,715.0,728.3,751.85,15.178571426674097,-35.35655878989621,-34.6273925765535,16.892141499665378,,0.0,Neutral
2014-11-16,705.0,705.0,700.0,701.0,1303.0,709.6,722.9,747.75,16.83168316598372,-35.3234709031301,-34.76660824186882,16.017004852490384,,0.0,Neutral
2014-11-17,701.0,700.0,679.0,695.0,2742.0,703.6,718.4,744.25,9.999999998600003,-35.37363314679624,-34.88801322285431,16.97187215497119,,0.0,Neutral
2014-11-18,695.0,700.0,690.0,700.0,1809.0,700.6,715.1,740.75,14.285714283809526,-34.610955324633665,-34.83260164321018,17.025797419739543,,0.0,Neutral
2014-11-19,700.0,706.0,695.0,700.0,1613.0,700.2,711.1,736.55,15.789473681883663,-33.618988879068866,-34.58987909038192,15.11768647791932,,0.0,Neutral
2014-11-20,700.0,715.0,701.0,710.0,2860.0,701.2,708.1,732.75,26.31578946980609,-31.66096401283926,-34.00409607487339,11.219526628962075,,0.0,Neutral
2014-11-23,710.0,740.0,710.0,720.0,4761.0,705.0,707.3,729.6,38.88888888283951,-28.968369442285166,-32.996950748355744,9.843779761870382,,0.0,Neutral
2014-11-24,720.0,729.0,695.0,706.0,3630.0,707.2,705.4,726.5,36.08247422159634,-27.64547205005863,-31.926655008696322,7.633260552795908,,0.0,Neutral
2014-11-25,706.0,705.0,685.0,690.0,2722.0,705.2,702.9,722.25,26.415094336133862,-27.57031914104857,-31.055387835166773,8.211780156185966,,0.0,Neutral
2014-11-30,690.0,700.0,685.0,690.0,833.0,703.2,701.7,718.0,26.415094336133862,-27.197246985658353,-30.28375966526509,9.177871939263829,,0.0,Neutral
2014-12-01,690.0,686.0,675.0,675.0,2864.0,696.2,698.7,713.5,25.688073391196014,-27.79159504641359,-29.785326741494792,12.338287293361198,,0.0,Neutral
2014-12-02,675.0,670.0,650.0,670.0,6540.0,686.2,695.6,709.25,25.22522522204366,-28.339399423969212,-29.49614127798968,15.24758632994303,,0.0,Neutral
2014-12-03,670.0,690.0,670.0,675.0,3063.0,680.0,693.6,706.0,31.132075467586333,-28.046774370214052,-29.206267896434557,16.58781346518361,,0.0,Neutral
2014-12-04,675.0,681.0,665.0,669.0,3466.0,675.8,690.5,702.8,33.33333332861953,-27.976520845246682,-28.960318486196982,18.08774907684285,,0.0,Neutral
2014-12-07,669.0,670.0,656.0,660.0,7249.0,669.8,686.5,698.8,28.57142856761905,-28.32060687730643,-28.832376164418875,20.067940158929463,,0.0,Neutral
2014-12-08,660.0,651.0,647.0,651.0,5181.0,665.0,680.6,694.35,27.272727269256194,-28.985396710090413,-28.862980273553184,21.040701297990207,,0.0,Neutral
2014-12-09,651.0,658.0,650.0,656.0,3142.0,662.2,674.2,690.75,32.110091738995024,-28.77706513509122,-28.845797245860794,17.086706983959,,0.0,Neutral
2014-12-10,656.0,676.0,650.0,664.0,4605.0,660.0,670.0,687.7,33.92857142433036,-27.64772199074605,-28.606182194837846,13.09792180292968,,0.0,Neutral
2014-12-11,664.0,680.0,655.0,675.0,1912.0,661.2,668.5,685.7,39.8373983694494,-25.570342353543992,-27.999014226579074,11.286668635562464,,0.0,Neutral
2014-12-14,675.0,722.0,688.0,717.0,6843.0,672.6,671.2,686.45,52.25806451140894,-20.300938451422326,-26.459399071547725,18.1463188798444,,0.0,Neutral
2014-12-15,717.0,755.0,703.0,721.0,5719.0,686.6,675.8,687.25,50.33557046506915,-15.622050055726731,-24.29192926838353,24.077652155753373,,0.0,Neutral
2014-12-16,721.0,730.0,714.0,720.0,8836.0,699.4,680.8,688.2,55.1470588178525,-11.857997323421387,-21.805142879391102,27.663855278847613,,0.0,Neutral
2014-12-17,720.0,720.0,706.0,720.0,3022.0,710.6,685.3,689.45,62.49999999270833,-8.773819287302786,-19.19887816097344,30.162706922440464,,0.0,Neutral
2014-12-18,720.0,725.0,711.0,717.0,2246.0,719.0,690.1,690.3,60.97560974915724,-6.496770178807424,-16.658456564540238,31.0857237686753,,0.0,Neutral
2014-12-21,717.0,710.0,703.0,707.0,1275.0,717.0,694.8,690.65,63.559322026357364,-5.436440875241942,-14.41405342668058,29.54394090917154,2014-12-21,0.9211337566375732,Strongly Positive
2014-12-22,707.0,700.0,675.0,675.0,2638.0,707.8,697.2,688.9,51.72413792604043,-7.096451353927364,-12.950533012129936,26.3978113570922,,0.0,Neutral
2014-12-23,675.0,686.0,666.0,685.0,6558.0,700.8,700.1,687.15,53.33333332835556,-7.518437326072103,-11.86411387491837,22.703156902367617,,0.0,Neutral
2014-12-24,685.0,700.0,685.0,699.0,2072.0,696.6,703.6,686.8,59.493670880804366,-6.646563801956631,-10.820603860326024,18.898559615900737,,0.0,Neutral
2014-12-28,699.0,724.0,709.0,714.0,2752.0,696.0,707.5,688.0,66.46341462847263,-4.691146496145848,-9.594712387489988,16.167525750376832,,0.0,Neutral
2014-12-29,714.0,715.0,700.0,715.0,2199.0,697.6,707.3,689.25,70.51282050649243,-3.0258919517510776,-8.280948300342207,16.048883657964346,,0.0,Neutral
2014-12-31,715.0,715.0,701.0,709.0,2005.0,704.4,706.1,690.95,66.87898088575602,-2.16535472236194,-7.057829584746154,15.343836982109103,,0.0,Neutral
2015-01-01,709.0,720.0,709.0,718.0,849.0,711.0,705.9,693.35,67.08860758899215,-0.7485195173152306,-5.795967571259969,15.154390636240073,,0.0,Neutral
2015-01-04,718.0,735.0,720.0,735.0,6534.0,718.2,707.4,696.35,68.29268292099941,1.7261920480897288,-4.291535647390029,17.296113885950355,,0.0,Neutral
2015-01-05,735.0,760.0,726.0,734.0,5637.0,722.2,709.1,699.6,56.91056909921343,3.565624846648234,-2.720103548582377,19.087226677085283,,0.0,Neutral
2015-01-06,734.0,740.0,726.0,735.0,3801.0,726.2,711.9,703.35,55.83333332681944,5.045914078035594,-1.166900023258783,20.72813439641341,,0.0,Neutral
2015-01-07,735.0,741.0,729.0,736.0,3351.0,731.6,718.0,707.6,56.66666666005555,6.227953628803107,0.312070707153595,17.365355036848285,,0.0,Neutral
2015-01-08,736.0,750.0,734.0,735.0,3454.0,735.0,723.0,711.55,56.19834710093573,7.003307081640287,1.6503179820509335,13.597385369589928,,0.0,Neutral
2015-01-11,735.0,732.0,709.0,715.0,5430.0,731.0,724.6,714.1,49.275362313841626,5.935526372818799,2.5073596602045067,11.187294380492943,,0.0,Neutral
2015-01-12,715.0,726.0,710.0,720.0,5958.0,728.2,725.2,716.35,54.88721803933518,5.430165118068999,3.091920751777405,10.706176825668308,,0.0,Neutral
2015-01-13,720.0,728.0,710.0,728.0,3106.0,726.8,726.5,716.9,74.31192659595993,5.610521227674553,3.595640846956835,10.102254973807264,,0.0,Neutral
2015-01-14,728.0,730.0,729.0,730.0,2906.0,725.6,728.6,717.35,72.27722771275366,5.847432467648559,4.04599917109518,8.030497424764683,,0.0,Neutral
2015-01-18,730.0,735.0,721.0,735.0,2154.0,725.6,730.3,718.1,69.56521738071834,6.3652696788228695,4.509853272640719,7.303728119577828,,0.0,Neutral
2015-01-19,735.0,793.0,739.0,750.0,11456.0,732.6,731.8,719.6,69.56521738071834,7.89502510434329,5.186887638981233,9.566144004319721,,0.0,Neutral
2015-01-20,750.0,768.0,725.0,733.0,2582.0,735.2,731.7,720.4,58.333333325771605,7.647454282692934,5.6790009677235735,9.545796049701304,,0.0,Neutral
2015-01-22,733.0,745.0,719.0,745.0,2753.0,738.6,732.7,722.3,65.78947367613111,8.323603020343512,6.207921378247562,10.414199707890605,,0.0,Neutral
2015-01-25,745.0,760.0,745.0,755.0,4286.0,743.6,734.6,726.3,66.08695651369376,9.556214105165623,6.877579923631175,12.589237025696464,,0.0,Neutral
2015-01-26,755.0,770.0,750.0,750.0,6670.0,746.6,736.1,729.55,57.281553390272414,10.014171916861983,7.504898322277336,13.5026746321795,,0.0,Neutral
2015-01-27,750.0,770.0,750.0,770.0,2180.0,750.6,741.6,733.1,64.75409835322495,11.854290750335053,8.37477680788888,15.064306599828235,,0.0,Neutral
2015-01-28,770.0,785.0,772.0,780.0,6670.0,760.0,747.6,736.4,67.1755725119049,13.958608460317237,9.491543138374553,17.289688641894145,,0.0,Neutral
2015-01-29,780.0,790.0,760.0,781.0,8230.0,767.2,752.9,739.7,67.1755725119049,15.527990045513434,10.69883251980233,18.681244307840196,2015-01-29,-0.651597261428833,Strongly Negative
2015-02-01,781.0,790.0,770.0,774.0,2882.0,771.0,757.3,742.95,64.23357663577175,16.022200802627026,11.763506176367269,17.851548329993967,,0.0,Neutral
2015-02-02,774.0,787.0,772.0,772.0,3549.0,775.4,761.0,745.65,73.94957982323282,16.067269620278694,12.624258865149553,16.499158227696434,,0.0,Neutral
2015-02-03,772.0,779.0,774.0,774.0,1504.0,776.2,763.4,747.6,73.27586206012188,16.079021319347362,13.315211355989115,16.466801618890713,,0.0,Neutral
2015-02-04,774.0,772.0,760.0,760.0,5369.0,772.2,766.1,748.9,63.11475409111798,14.78818266398116,13.609805617587526,12.714383805592316,,0.0,Neutral
2015-02-05,760.0,770.0,764.0,765.0,3637.0,769.0,768.1,750.4,63.999999992831995,14.007175937822694,13.689279681634561,10.386422761381098,,0.0,Neutral
2015-02-08,765.0,775.0,758.0,770.0,3400.0,768.2,769.6,752.1,63.999999992831995,13.634510543392935,13.678325853986237,9.311880106158608,,0.0,Neutral
2015-02-09,770.0,780.0,749.0,761.0,3123.0,766.0,770.7,753.4,54.6218487330697,12.469208476037466,13.436502378396483,7.1344235927203,,0.0,Neutral
2015-02-10,761.0,760.0,750.0,750.0,4498.0,761.2,768.7,755.15,57.52212388667868,10.53663040644517,12.856527984006222,9.695932709722687,,0.0,Neutral
2015-02-11,750.0,754.0,750.0,754.0,594.0,760.0,766.1,756.85,54.28571427847619,9.221515048144056,12.12952539683379,9.814388530243493,,0.0,Neutral
2015-02-12,754.0,753.0,745.0,750.0,4285.0,757.0,763.0,757.95,47.474747468033875,7.766977202772637,11.257015758021561,9.475113602386141,,0.0,Neutral
2015-02-15,750.0,760.0,750.0,750.0,3875.0,753.0,760.6,758.95,49.99999999255319,6.538869464059758,10.313386499229201,9.418657606657645,,0.0,Neutral
2015-02-16,750.0,755.0,746.0,748.0,825.0,750.4,758.2,759.6,35.52631578292936,5.342615600805402,9.319232319544442,9.247221805031145,,0.0,Neutral
2015-02-18,748.0,751.0,741.0,741.0,2737.0,748.6,754.9,759.15,23.287671228410588,3.7860906013803515,8.212603975911625,8.862530363545606,,0.0,Neutral
2015-02-22,741.0,742.0,735.0,739.0,3703.0,745.6,752.8,759.45,21.621621617531034,2.3639004667724066,7.042863274083782,9.942054337246493,,0.0,Neutral
2015-02-23,739.0,739.0,725.0,734.0,3181.0,742.4,749.7,758.9,22.222222217901233,0.8238495012901694,5.79906051952506,10.530906893535251,2015-02-23,0.9116217494010924,Strongly Positive
2015-02-24,734.0,733.0,727.0,730.0,2939.0,738.4,745.7,757.65,21.621621617531034,-0.7112200528773656,4.497004405044575,9.51081256023123,,0.0,Neutral
2015-02-25,730.0,730.0,725.0,726.0,1966.0,734.0,742.2,756.45,18.421052628185592,-2.2248931217791323,3.152624899679834,9.693067396641881,,0.0,Neutral
2015-02-26,726.0,729.0,725.0,727.0,1720.0,731.2,739.9,754.3,23.80952380423281,-3.305692328220516,1.8609614540997643,10.343543343031369,,0.0,Neutral
2015-03-01,727.0,741.0,713.0,732.0,5248.0,729.8,737.7,751.9,23.80952380423281,-3.715940226962516,0.7455811178873082,9.298147963752184,,0.0,Neutral
2015-03-02,732.0,739.0,735.0,739.0,1489.0,730.8,736.6,749.8,26.15384614821302,-3.436608065270889,-0.09085671874433121,8.275801404647106,,0.0,Neutral
2015-03-03,739.0,738.0,730.0,731.0,2424.0,731.0,734.7,747.65,26.56249999418945,-3.8167710945407407,-0.8360395939036132,6.929005059269014,,0.0,Neutral
2015-03-04,731.0,735.0,728.0,731.0,3398.0,732.0,733.0,745.6,32.07547168964044,-4.071123654857047,-1.4830564060943,5.163977794968357,,0.0,Neutral
2015-03-09,731.0,745.0,735.0,740.0,1581.0,734.6,732.9,743.9,37.93103447360286,-3.5060594368159173,-1.8876570122386234,4.998888765430595,,0.0,Neutral
2015-03-10,740.0,740.0,735.0,740.0,1484.0,736.2,733.0,742.9,40.74074073017833,-3.0233902125748955,-2.114803652305878,5.1424162068724115,,0.0,Neutral
2015-03-11,740.0,741.0,740.0,740.0,509.0,736.4,733.6,741.65,40.74074073017833,-2.610775974635999,-2.213998116771902,5.60158707671665,,0.0,Neutral
2015-03-12,740.0,740.0,735.0,740.0,491.0,738.2,734.6,740.15,42.307692296301774,-2.2577502785342176,-2.2227485491243653,5.7773504115677214,,0.0,Neutral
2015-03-15,740.0,740.0,730.0,730.0,1294.0,738.0,735.0,738.6,39.99999998981818,-2.753154644511028,-2.328829768201698,5.22812904714472,,0.0,Neutral
2015-03-16,730.0,730.0,716.0,719.0,1427.0,733.8,734.2,737.05,34.37499999248047,-3.987409864070969,-2.6605457873755523,6.924994985977858,,0.0,Neutral
2015-03-17,719.0,727.0,715.0,725.0,2227.0,730.8,733.5,735.6,43.07692306764497,-4.430345892340938,-3.0145058083686296,7.501851623301994,,0.0,Neutral
2015-03-18,725.0,720.0,707.0,720.0,6490.0,726.8,731.6,734.1,42.42424241524334,-5.125747670702481,-3.4367541808354,8.315981935755476,,0.0,Neutral
2015-03-19,720.0,728.0,716.0,725.0,3229.0,723.8,731.0,732.85,49.253731332991755,-5.213304646105712,-3.7920642738894625,8.576453553527221,,0.0,Neutral
2015-03-22,725.0,730.0,725.0,726.0,1024.0,723.0,730.5,731.75,49.253731332991755,-5.142720457078553,-4.062195510527281,8.720983634648578,,0.0,Neutral
2015-03-23,726.0,726.0,706.0,706.0,1007.0,720.4,727.1,730.0,34.14634145758478,-6.624254548785757,-4.574607318178977,10.94887107322126,,0.0,Neutral
2015-03-24,706.0,703.0,700.0,703.0,2659.0,716.0,723.4,728.2,26.923076918244575,-7.948826791020224,-5.249451212747227,12.276445377687478,,0.0,Neutral
2015-03-25,703.0,707.0,700.0,707.0,3726.0,713.4,720.1,726.85,33.78378377739226,-8.57692382649168,-5.914945735496118,11.742136848887505,,0.0,Neutral
2015-03-26,707.0,710.0,700.0,709.0,1304.0,710.2,717.0,725.8,35.52631578292936,-8.811735762242847,-6.494303740845464,9.843215373499886,,0.0,Neutral
2015-03-29,709.0,711.0,700.0,704.0,3937.0,705.8,714.4,724.7,24.999999995138893,-9.294146985270118,-7.054272389730395,9.453982112209973,,0.0,Neutral
2015-03-30,704.0,714.0,700.0,714.0,2345.0,707.4,713.9,724.05,34.14634145758478,-8.768467493507842,-7.397111410485884,9.31486267568522,,0.0,Neutral
2015-03-31,714.0,724.0,713.0,713.0,1852.0,709.4,712.7,723.1,33.73493975334591,-8.336456866132608,-7.584980501615229,8.4597084268236,,0.0,Neutral
2015-04-01,713.0,715.0,710.0,710.0,1963.0,710.0,711.7,721.65,32.558139529583556,-8.142300883247458,-7.6964445779416755,8.083591061195827,,0.0,Neutral
2015-04-02,710.0,717.0,712.0,717.0,538.0,711.6,710.9,720.95,42.16867469168239,-7.338990060380183,-7.624953674429378,6.935416353774178,,0.0,Neutral
2015-04-05,717.0,724.0,710.0,710.0,3479.0,712.8,709.3,719.9,44.30379746050313,-7.184384828100974,-7.536839905163697,4.473378042520539,,0.0,Neutral
2015-04-06,710.0,711.0,703.0,706.0,2402.0,711.2,709.3,718.2,37.66233765548997,-7.300470360325448,-7.489565996196048,4.473378042520539,,0.0,Neutral
2015-04-07,706.0,715.0,708.0,711.0,339.0,710.8,710.1,716.75,44.15584414781581,-6.9093639213523375,-7.373525581227306,3.9001424475661444,,0.0,Neutral
2015-04-08,711.0,721.0,713.0,721.0,1555.0,713.0,711.5,715.8,47.56097560163593,-5.726481509947803,-7.044116766971406,5.016638981117433,,0.0,Neutral
2015-04-09,721.0,726.0,719.0,725.0,1151.0,714.6,713.1,715.05,49.41176469774395,-4.415374418278134,-6.518368297232752,6.471304179064906,,0.0,Neutral
2015-04-12,725.0,725.0,715.0,715.0,2834.0,715.6,714.2,714.3,55.99999998954666,-4.135556902944018,-6.041806018375006,5.633234713159196,,0.0,Neutral
2015-04-13,715.0,708.0,700.0,708.0,4639.0,716.0,713.6,713.75,53.164556952603746,-4.427602360697165,-5.718965286839438,5.966573556087847,2015-04-13,0.772154688835144,Strongly Positive
2015-04-15,708.0,714.0,700.0,712.0,1324.0,716.2,713.5,713.1,53.164556952603746,-4.286867578472993,-5.432545745166149,5.986094998706571,,0.0,Neutral
2015-04-16,712.0,720.0,705.0,720.0,663.0,716.0,714.5,713.1,56.470588225993076,-3.4895754547534352,-5.043951687083607,6.168918507790873,,0.0,Neutral
2015-04-19,720.0,715.0,710.0,715.0,423.0,714.0,714.3,712.6,56.470588225993076,-3.2240095406740465,-4.6799632578016945,6.111010100192366,,0.0,Neutral
2015-04-20,715.0,722.0,703.0,716.0,572.0,714.2,714.9,712.1,51.3157894642313,-2.899432148837832,-4.323857036008922,5.933895104509474,,0.0,Neutral
2015-04-21,716.0,725.0,720.0,722.0,2524.0,717.0,716.5,712.9,55.55555554595336,-2.1334591820278774,-3.8857774652127133,5.400617248693126,,0.0,Neutral
2015-04-22,722.0,725.0,715.0,723.0,2160.0,719.2,717.7,713.9,58.227848090946964,-1.4292529068115982,-3.3944725535324904,5.375872022306579,,0.0,Neutral
2015-04-23,723.0,722.0,710.0,710.0,2964.0,717.2,716.6,714.05,45.88235293361938,-1.8982735982312988,-3.095232762472252,5.738757124460727,,0.0,Neutral
2015-05-26,710.0,696.0,670.0,670.0,40.0,708.2,711.1,712.1,33.05084745370583,-5.4349903952328305,-3.563184289024368,15.256692520558495,,0.0,Neutral
2015-05-27,670.0,657.0,603.0,603.0,5633.0,685.6,699.9,707.05,21.546961324300227,-13.48871449094338,-5.548290329408171,37.28404484494896,,0.0,Neutral
2015-05-28,603.0,610.0,573.0,610.0,12208.0,663.2,690.1,701.85,22.404371582985462,-19.08649018426729,-8.255930300379994,46.627245254251655,,0.0,Neutral
2015-05-31,610.0,656.0,618.0,649.0,4433.0,648.4,683.8,698.65,33.01886792234782,-20.143590910554963,-10.633462422414988,47.585712141357234,,0.0,Neutral
2015-06-01,649.0,690.0,657.0,676.0,4123.0,641.6,679.4,696.95,39.57446808274876,-18.588400984876557,-12.224450134907302,45.86986422962841,,0.0,Neutral
2015-06-02,676.0,700.0,660.0,700.0,4366.0,647.6,677.9,696.1,46.98795180458702,-15.243583795414793,-12.828276867008801,44.809349222878396,,0.0,Neutral
2015-06-03,700.0,713.0,674.0,706.0,6630.0,668.2,676.9,695.9,49.596774190748576,-11.970651994036984,-12.656751892414439,43.968296659197556,,0.0,Neutral
2015-06-04,706.0,715.0,700.0,704.0,5648.0,687.0,675.1,695.8,48.37398373708441,-9.429515659692015,-12.011304645869956,42.25175867477232,,0.0,Neutral
2015-06-07,704.0,715.0,704.0,713.0,4586.0,699.8,674.1,695.9,48.58299594866332,-6.613189293356982,-10.93168157536736,41.094606296529356,,0.0,Neutral
2015-06-08,713.0,729.0,717.0,722.0,9818.0,709.0,675.3,695.95,51.39442230789035,-3.6133530884693528,-9.468015877987758,42.41344126571301,,0.0,Neutral
2015-06-09,722.0,775.0,736.0,751.0,14183.0,719.2,683.4,697.25,56.272401430868044,1.091514058818234,-7.35610989062656,48.57571409665649,,0.0,Neutral
2015-06-10,751.0,745.0,719.0,742.0,3663.0,726.4,697.3,698.6,53.54609928812183,4.047275908587039,-5.075432730783841,42.52332693162059,,0.0,Neutral
2015-06-11,742.0,728.0,703.0,714.0,3137.0,728.4,707.7,698.9,48.54368931818895,4.08330270360716,-3.243685643905641,29.533596688069025,,0.0,Neutral
2015-06-14,714.0,719.0,700.0,700.0,5061.0,725.8,712.8,698.3,48.38709677200833,2.94818634410899,-2.005311246302715,21.611725212644906,,0.0,Neutral
2015-06-15,700.0,715.0,698.0,709.0,1364.0,723.2,716.1,697.75,56.98924730896828,2.743201317788703,-1.0556087334844313,17.49571376081056,,0.0,Neutral
2015-06-16,709.0,720.0,704.0,706.0,4251.0,714.2,716.7,697.3,73.95348836727744,2.312022720896266,-0.38208244260829183,16.977436005874125,,0.0,Neutral
2015-06-17,706.0,705.0,701.0,703.0,3102.0,706.4,716.4,696.65,72.03791468716337,1.7085406552865834,0.03604217697068318,17.212398632000237,,0.0,Neutral
2015-06-18,703.0,712.0,700.0,705.0,2378.0,704.6,716.5,695.8,66.09195401767076,1.37580068188538,0.3039938779536226,17.13508421663951,2015-06-18,0.1412873864173889,Slightly Positive
2015-06-21,705.0,700.0,695.0,699.0,1807.0,704.4,715.1,694.6,57.51633986401811,0.6207958516492909,0.3673542726927563,18.002777563482056,,0.0,Neutral
2015-06-22,699.0,712.0,697.0,712.0,1657.0,705.0,714.1,694.7,54.22535210732989,1.0592302911891238,0.5057294763920298,17.854037825289726,,0.0,Neutral
2015-06-23,712.0,712.0,698.0,708.0,3570.0,705.4,709.8,696.6,50.71428570921429,1.0715737376526704,0.618898328644158,12.290918056307367,,0.0,Neutral
2015-06-24,708.0,717.0,708.0,708.0,1576.0,706.4,706.4,701.85,51.449275357099346,1.069032862515428,0.7089252354184119,4.835057163877493,,0.0,Neutral
2015-06-25,708.0,718.0,705.0,705.0,858.0,706.4,705.5,706.6,46.96969696471534,0.8155431983764174,0.730248828010013,4.034572812326026,,0.0,Neutral
2015-06-28,705.0,717.0,706.0,717.0,2599.0,710.0,707.2,710.0,48.148148143155005,1.5649112028444279,0.897181302976896,4.93963561411038,,0.0,Neutral
2015-06-29,717.0,730.0,709.0,714.0,2865.0,710.4,707.7,711.9,33.027522931537746,1.8948729020389692,1.0967196227893106,5.375872022303834,,0.0,Neutral
2015-06-30,714.0,720.0,710.0,715.0,2270.0,711.8,708.6,712.65,36.6336633612587,2.2115679894189952,1.3196892961152475,5.796550698492315,,0.0,Neutral
2015-07-01,715.0,720.0,712.0,714.0,1112.0,713.0,709.7,713.05,49.99999999054054,2.3547157873443894,1.526694594361076,5.6578362570249565,,0.0,Neutral
2015-07-02,714.0,710.0,705.0,709.0,2122.0,713.8,710.1,713.3,56.92307691081657,2.041173853669534,1.6295904462227675,5.425249610251085,,0.0,Neutral
2015-07-05,709.0,710.0,699.0,705.0,2688.0,711.4,710.7,712.9,46.66666665577778,1.453171781945116,1.5943067133672373,4.2700507413298014,,0.0,Neutral
2015-07-06,705.0,705.0,695.0,704.0,13837.0,709.4,709.9,712.0,48.27586205731272,0.8961539561558993,1.4546761619249697,4.724639903994573,,0.0,Neutral
2015-07-07,704.0,705.0,698.0,698.0,5392.0,706.0,708.9,709.35,45.90163933372749,-0.029101080643727073,1.1579207134112304,6.045200116177897,,0.0,Neutral
2015-07-08,698.0,712.0,700.0,703.0,8213.0,703.8,708.4,707.4,48.437499989404294,-0.35482396040799813,0.8553717786473847,6.328067986726745,2015-07-08,0.4764654636383056,Positive
2015-07-09,703.0,709.0,700.0,702.0,2909.0,702.4,708.1,706.8,52.54237286888825,-0.6857484507031586,0.547147732777276,6.57351588659385,,0.0,Neutral
2015-07-12,702.0,708.0,701.0,701.0,4079.0,701.6,706.5,706.85,38.29787232901766,-1.0169770576214887,0.2343227746975231,6.096447052739231,,0.0,Neutral
2015-07-13,701.0,704.0,701.0,703.0,3660.0,701.4,705.4,706.55,44.44444443061728,-1.105353008254042,-0.033612381892789894,5.5617742972469175,,0.0,Neutral
2015-07-14,703.0,705.0,700.0,705.0,1119.0,702.8,704.4,706.5,46.80851062435491,-1.0024526503934794,-0.2273804355929278,4.427188724256089,,0.0,Neutral
2015-07-15,705.0,709.0,698.0,703.0,6344.0,702.8,703.3,706.5,47.826086941965976,-1.0699529096149263,-0.3958949303973275,2.869378562251843,,0.0,Neutral
2015-07-16,703.0,714.0,701.0,704.0,4149.0,703.2,702.8,706.45,31.428571415999997,-1.0308724527701543,-0.5228904348718928,2.0976176963821835,,0.0,Neutral
2015-07-22,704.0,708.0,702.0,705.0,1698.0,704.0,702.8,706.75,36.36363634820937,-0.9087339472333724,-0.6000591373441888,2.0976176963821835,,0.0,Neutral
2015-07-23,705.0,768.0,706.0,768.0,6493.0,717.0,709.2,709.55,77.89473683062603,4.222955582144209,0.36454380655349083,20.76214504011714,,0.0,Neutral
2015-07-26,768.0,783.0,783.0,783.0,918.0,732.6,717.7,713.3,81.65137613630165,9.39196640337002,2.1700283259167965,30.692199515696657,,0.0,Neutral
2015-07-27,783.0,861.0,798.0,850.0,47940.0,762.0,732.4,720.4,91.22807016796963,18.679459594890204,5.471914579711478,51.21241169005197,,0.0,Neutral
2015-07-28,850.0,845.0,799.0,810.0,16161.0,783.2,743.2,725.65,75.36231883548274,22.552231074344604,8.887977878638104,55.31284761347406,,0.0,Neutral
2015-07-29,810.0,800.0,783.0,798.0,14161.0,801.8,752.9,729.7,71.55963302292736,24.372183303839165,11.984818963678318,55.59466401253799,,0.0,Neutral
2015-07-30,798.0,815.0,784.0,786.0,6322.0,805.4,761.2,733.3,69.64285713850447,24.563061166789794,14.500467404300615,53.47231890323472,,0.0,Neutral
2015-08-02,786.0,809.0,780.0,809.0,4709.0,810.6,771.6,738.0,71.90082644212144,26.26744625979336,16.853863175399166,51.400821437451945,,0.0,Neutral
2015-08-03,809.0,805.0,793.0,801.0,8280.0,800.8,781.4,742.35,69.87951806836018,26.66526995078152,18.81614453047564,45.91828490796769,,0.0,Neutral
2015-08-04,801.0,815.0,799.0,815.0,15707.0,801.8,792.5,747.65,71.75572518700542,27.789886575335913,20.610892939447695,37.83370043875339,,0.0,Neutral
2015-08-05,815.0,811.0,775.0,811.0,15432.0,804.4,803.1,752.95,70.45454545080923,28.035214283173786,22.095757208192914,22.223361081939245,2015-08-05,0.7210575342178345,Strongly Positive
2015-08-06,811.0,816.0,797.0,801.0,19869.0,807.4,806.4,757.8,67.64705882004758,27.110212182098962,23.098648202974125,18.58434227456712,,0.0,Neutral
2015-08-09,801.0,881.0,817.0,881.0,10784.0,821.8,816.2,766.95,75.42857142555428,32.45831353103347,24.970581268585995,28.216622366581966,,0.0,Neutral
2015-08-10,881.0,951.0,898.0,939.0,7684.0,849.4,825.1,778.75,78.8697788670659,40.90530674138347,28.157526363145493,47.50543828518174,2015-08-10,-0.0841805189847946,Slightly Negative
2015-08-11,939.0,1000.0,957.0,990.0,20803.0,884.4,843.1,793.15,81.18161925353054,51.125540091471066,32.75112910881061,69.94831425179072,,0.0,Neutral
2015-08-12,990.0,990.0,975.0,975.0,15470.0,917.2,860.8,806.85,75.30562346930495,57.35363698864546,37.67163068477758,79.06790330680327,,0.0,Neutral
2015-08-13,975.0,1005.0,990.0,1000.0,9162.0,957.0,882.2,821.7,75.8949880642899,63.57389937829885,42.85208442348184,85.28879045794064,,0.0,Neutral
2015-08-16,1000.0,1100.0,1020.0,1100.0,11059.0,1000.8,911.3,841.45,77.65486725423193,75.70004342286154,49.421676223357785,104.92224634355955,,0.0,Neutral
2015-08-17,1100.0,1200.0,1110.0,1150.0,21899.0,1043.0,946.2,863.8,86.7965367939066,88.32650905979392,57.202642790645015,120.97272419847761,,0.0,Neutral
2015-08-18,1150.0,1155.0,1085.0,1110.0,13315.0,1067.0,975.7,884.1,81.83673469153936,94.0215860225212,64.56643143702026,121.3919730093886,,0.0,Neutral
2015-08-19,1110.0,1117.0,1090.0,1094.0,10261.0,1090.8,1004.0,903.55,81.17408906652543,96.13571656571173,70.88028846275856,111.2973993906067,,0.0,Neutral
2015-08-20,1094.0,1137.0,1097.0,1105.0,15932.0,1111.8,1034.4,920.4,80.70539418852722,97.5740158053544,76.21903393127774,88.96591107460512,,0.0,Neutral
2015-08-23,1105.0,1115.0,1026.0,1073.0,9429.0,1106.4,1053.6,934.9,76.87747035360418,95.03622728022697,79.98247260106758,71.10743046031084,,0.0,Neutral
2015-08-24,1073.0,1082.0,1045.0,1050.0,12597.0,1086.4,1064.7,944.9,72.81553397860307,90.13013966332983,82.01200601352004,58.83508023847659,,0.0,Neutral
2015-08-25,1050.0,1050.0,1026.0,1047.0,4538.0,1073.8,1070.4,956.75,72.95719844159261,85.01989848583673,82.61358450798339,53.29415227459762,,0.0,Neutral
2015-08-26,1047.0,1065.0,1036.0,1038.0,6522.0,1062.6,1076.7,968.75,73.09941520268345,79.3293118255691,81.95672997150054,43.60695663157455,,0.0,Neutral
2015-08-27,1038.0,1060.0,1040.0,1041.0,3478.0,1049.8,1080.8,981.5,68.34862385101633,74.20615348119338,80.40661467343911,37.02491653529844,,0.0,Neutral
2015-08-31,1041.0,1040.0,1012.0,1030.0,5921.0,1041.2,1073.8,992.55,61.696658095465935,68.46913593524448,78.01911892580019,39.524394717428976,,0.0,Neutral
2015-09-01,1030.0,1033.0,1020.0,1020.0,9595.0,1035.2,1060.8,1003.5,54.31034482540131,62.39632576750387,74.89456029414093,32.41673093397531,,0.0,Neutral
2015-09-02,1020.0,1020.0,1000.0,1009.0,13653.0,1027.6,1050.7,1013.2,54.941860462880264,56.049863946425035,71.12562102459775,31.091442195225554,,0.0,Neutral
2015-09-03,1009.0,1006.0,996.0,1000.0,8959.0,1020.0,1041.3,1022.65,49.99999999786585,49.72087119262892,66.84467105820399,30.753680899855382,,0.0,Neutral
2015-09-06,1000.0,1007.0,980.0,997.0,4038.0,1011.2,1030.5,1032.45,27.70562770394858,43.95632278218898,62.26700140300099,24.15344465889058,,0.0,Neutral
2015-09-07,997.0,1009.0,992.0,992.0,7383.0,1003.6,1022.4,1038.0,7.526881719863567,38.54015154572244,57.52163143154529,21.782765868687594,,0.0,Neutral
2015-09-08,992.0,1031.0,1000.0,1000.0,12883.0,999.6,1017.4,1041.05,14.28571428441559,34.49568517475063,52.916442180186365,20.44070014024414,,0.0,Neutral
2015-09-09,1000.0,1015.0,1000.0,1005.0,9341.0,998.8,1013.2,1041.8,18.881118879270375,31.33269089350756,48.59969192285061,17.83130829627189,,0.0,Neutral
2015-09-10,1005.0,1030.0,1005.0,1025.0,14766.0,1003.8,1011.9,1044.3,23.684210524134343,30.092935363832794,44.89834061104705,16.22378226901007,,0.0,Neutral
2015-09-13,1025.0,1058.0,1014.0,1058.0,15609.0,1016.0,1013.6,1047.2,45.09803921155966,31.411156127035497,42.20090371424474,20.051045968866177,,0.0,Neutral
2015-09-14,1058.0,1080.0,1062.0,1079.0,18255.0,1033.4,1018.5,1046.15,59.602649001096445,33.76120195430781,40.51296336225735,28.648249898089407,,0.0,Neutral
2015-09-15,1079.0,1115.0,1088.0,1099.0,11672.0,1053.2,1026.4,1043.6,65.47619047073411,36.81310450326123,39.772991590458126,38.35564568035246,,0.0,Neutral
2015-09-16,1099.0,1100.0,1071.0,1080.0,12450.0,1068.2,1033.5,1042.1,61.797752804128265,37.26900416978299,39.2721941063231,41.23981355708863,,0.0,Neutral
2015-09-17,1080.0,1090.0,1050.0,1059.0,6816.0,1075.0,1039.4,1040.35,54.59183673079447,35.52625884674683,38.52300705440784,40.119820537998805,,0.0,Neutral
2015-09-22,1059.0,1080.0,1007.0,1008.0,9726.0,1065.0,1040.5,1035.5,45.33898304815786,29.68762637033103,36.75593091759248,38.96223242521906,,0.0,Neutral
2015-09-23,1008.0,1060.0,1010.0,1056.0,12797.0,1060.4,1046.9,1034.65,56.56934306280303,28.60393851706715,35.125532437487415,35.18348728848572,,0.0,Neutral
2015-09-24,1056.0,1057.0,1040.0,1050.0,8898.0,1050.6,1051.9,1034.65,57.62081784086732,26.95029203924446,33.490484357838824,31.09287163753043,,0.0,Neutral
2015-09-28,1050.0,1075.0,1012.0,1055.0,23863.0,1045.6,1056.9,1035.05,60.37735848737629,25.74643463309542,31.941674412890144,26.37528304221306,2015-09-28,0.8281720280647278,Strongly Positive
2015-09-29,1055.0,1079.0,1055.0,1071.0,20331.0,1048.0,1061.5,1036.7,63.309352514797375,25.7861881224876,30.710577154809634,24.107398587736103,2015-09-29,0.8537306189537048,Strongly Positive
2015-09-30,1071.0,1088.0,1075.0,1077.0,13470.0,1061.8,1063.4,1038.5,65.23297490712093,26.00210680366399,29.76888308458051,24.54564908268287,,0.0,Neutral
2015-10-01,1077.0,1072.0,1062.0,1063.0,9689.0,1063.2,1061.8,1040.15,61.05263157594829,24.75814443930153,28.766735355524713,23.929526159611637,,0.0,Neutral
2015-10-04,1063.0,1065.0,1041.0,1045.0,11675.0,1062.2,1056.4,1041.4,56.711409393308855,22.065488519196606,27.426485988259095,20.440700140247547,,0.0,Neutral
2015-10-05,1045.0,1045.0,1035.0,1038.0,9979.0,1058.8,1052.2,1042.85,52.2807017518178,19.145994695533773,25.77038772971403,19.33793048795121,,0.0,Neutral
2015-10-06,1038.0,1035.0,1020.0,1028.0,6859.0,1050.2,1049.1,1044.25,44.27480915793951,15.842733213227802,23.784856826416785,20.572095447775286,,0.0,Neutral
2015-10-07,1028.0,1023.0,1001.0,1020.0,7523.0,1038.8,1050.3,1045.4,38.15261043962194,12.43598722893421,21.51508290692027,18.11107702795117,,0.0,Neutral
2015-10-08,1020.0,1060.0,1010.0,1040.0,8106.0,1034.2,1048.7,1047.8,38.15261043962194,11.220605193046822,19.45618736414558,18.25772287131414,,0.0,Neutral
2015-10-11,1040.0,1033.0,1020.0,1026.0,12399.0,1030.4,1046.3,1049.1,38.93442622727425,9.023703538798372,17.36969059907614,19.596201446003896,,0.0,Neutral
2015-10-14,1026.0,1030.0,1020.0,1025.0,3163.0,1027.8,1043.3,1050.1,42.41071428306361,7.11987798588234,15.319728076437382,20.39635043610386,,0.0,Neutral
2015-10-15,1025.0,1035.0,1015.0,1033.0,8803.0,1028.8,1039.5,1050.5,56.90607734366473,6.185315196721376,13.49284550049418,18.06931099962666,,0.0,Neutral
2015-10-18,1033.0,1035.0,1021.0,1032.0,12507.0,1031.2,1035.0,1049.2,41.04477611511473,5.302847881034495,11.854845976602244,12.409673646039748,,0.0,Neutral
2015-10-19,1032.0,1034.0,1018.0,1033.0,16651.0,1029.8,1032.0,1046.9,43.41085270846703,4.630796874373573,10.41003615615651,7.571877794479789,,0.0,Neutral
2015-10-25,1033.0,1035.0,1030.0,1032.0,609.0,1031.0,1030.7,1043.55,40.7999999954304,3.9717164916689853,9.122372223259005,6.056218108603423,,0.0,Neutral
2015-10-27,1032.0,1031.0,992.0,997.0,15825.0,1025.4,1026.6,1039.4,24.30555555319252,0.6180584540327345,7.421509469413751,11.758684733755302,,0.0,Neutral
2015-10-28,997.0,998.0,966.0,998.0,9439.0,1018.4,1023.6,1036.35,21.58273381077585,-1.9367227259281208,5.549863030345377,14.796395957614319,,0.0,Neutral
2015-10-29,998.0,1022.0,985.0,1002.0,41274.0,1012.4,1021.8,1036.05,26.356589144426408,-3.5971726791631227,3.7204558884436776,16.301329189194934,2015-10-29,0.9230738282203674,Strongly Positive
2015-11-01,753.0,739.0,715.0,739.0,4618.0,953.6,991.7,1020.2,9.090909090568786,-25.837158566407993,-2.1910670025266565,90.04696305571119,,0.0,Neutral
2015-11-02,739.0,745.0,733.0,733.0,7677.0,893.8,962.4,1004.35,9.115281500998364,-43.445840859076725,-10.44202177383667,120.2499249249055,,0.0,Neutral
2015-11-03,733.0,728.0,718.0,720.0,7925.0,838.4,931.9,987.6,9.042553191152663,-57.78374475379928,-19.91036636982919,139.7127608901793,,0.0,Neutral
2015-11-04,720.0,744.0,710.0,727.0,5636.0,784.2,901.3,970.4,10.933333332925159,-67.8002364689944,-29.488340389662234,148.35247067560525,,0.0,Neutral
2015-11-05,727.0,725.0,710.0,718.0,2448.0,727.4,869.9,952.45,5.769230769008871,-75.59321161373134,-38.70931463447606,150.82473271980516,,0.0,Neutral
2015-11-08,718.0,705.0,703.0,705.0,2172.0,720.6,837.1,934.55,5.785123966719027,-81.87439485688719,-47.34233067895829,147.03170481982036,,0.0,Neutral
2015-11-09,705.0,733.0,719.0,730.0,1418.0,720.0,806.9,918.8,11.886304909130729,-83.86820628834107,-54.64750580083485,132.88629224516401,,0.0,Neutral
2015-11-10,730.0,728.0,710.0,720.0,4400.0,720.0,779.2,902.9,9.768637531782105,-85.27226702479834,-60.77245804562756,116.74740063725594,2015-11-10,0.004779253154993,Neutral
2015-11-15,720.0,715.0,703.0,710.0,2581.0,716.6,750.4,887.0,9.547738693131492,-86.19827168128415,-65.85762077275888,89.00087390332673,,0.0,Neutral
2015-11-16,710.0,715.0,704.0,712.0,2138.0,715.4,721.4,871.6,9.774436089882599,-85.78191325908608,-69.84247927002431,10.8135717195365,2015-11-16,0.912087619304657,Strongly Positive
2015-11-18,712.0,720.0,707.0,707.0,1197.0,715.8,718.2,854.95,9.677419354502518,-84.87699525583594,-72.84938246718664,9.704523572952706,,0.0,Neutral
2015-11-19,707.0,703.0,696.0,703.0,5604.0,710.4,715.2,838.8,10.483870967347372,-83.51984302815163,-74.98347457937965,9.247221805024425,,0.0,Neutral
2015-11-22,703.0,694.0,678.0,678.0,4648.0,702.0,711.0,821.45,9.595959595620357,-83.49905603463094,-76.68659087042991,14.734690736873526,,0.0,Neutral
2015-11-23,678.0,674.0,652.0,674.0,1114.0,694.8,705.7,803.5,8.585858585555044,-82.8503020535577,-77.91933310705548,17.594506718485917,,0.0,Neutral
2015-11-24,674.0,680.0,672.0,678.0,1161.0,688.0,701.7,785.8,27.737226274537804,-81.07876771449969,-78.55122002854432,18.979813838220362,,0.0,Neutral
2015-11-25,678.0,678.0,665.0,665.0,3126.0,679.6,697.7,767.4,26.3888888863233,-79.80387593644002,-78.80175121012347,22.15626322284866,,0.0,Neutral
2015-11-26,665.0,660.0,640.0,654.0,5541.0,669.8,690.1,748.5,26.760563377643322,-78.77307609965317,-78.79601618802941,22.868950323288175,,0.0,Neutral
2015-11-29,654.0,641.0,617.0,624.0,4608.0,659.0,680.5,729.85,18.787878786284665,-79.46093291015166,-78.92899953245386,28.402855881448374,,0.0,Neutral
2015-11-30,624.0,650.0,621.0,626.0,3577.0,649.4,672.1,711.25,20.886075947516417,-78.93477020715034,-78.93015366739316,31.0105716741184,,0.0,Neutral
2015-12-01,626.0,666.0,638.0,666.0,2176.0,647.0,667.5,694.45,39.45945945647333,-74.43210973947521,-78.03054488180958,27.66566263238518,,0.0,Neutral
2015-12-02,666.0,665.0,645.0,665.0,6528.0,647.0,663.3,690.75,29.813664593680798,-70.13592721078976,-76.45162134760562,23.939971224340987,,0.0,Neutral
2015-12-03,665.0,691.0,660.0,675.0,3405.0,651.2,660.5,687.85,36.02484471736431,-65.1729816146883,-74.19589340102216,20.112185361119845,,0.0,Neutral
2015-12-06,675.0,700.0,680.0,694.0,7261.0,665.2,662.1,686.55,45.29411764332872,-59.026252368572386,-71.16196519453221,22.188335273793534,2015-12-06,0.8390634655952454,Strongly Positive
2015-12-07,694.0,705.0,687.0,690.0,5622.0,678.0,663.7,684.7,43.604651159241484,-53.85686333109038,-67.70094482184385,23.669248685443876,,0.0,Neutral
2015-12-08,690.0,693.0,680.0,689.0,3067.0,682.6,664.8,683.25,44.6428571391369,-49.27279085635564,-64.01531402874622,24.64323211125005,,0.0,Neutral
2015-12-09,689.0,705.0,695.0,696.0,4484.0,688.8,667.9,682.8,47.953216370343014,-44.56136323818612,-60.1245238706342,26.547441810214654,,0.0,Neutral
2015-12-10,696.0,700.0,684.0,690.0,1869.0,691.8,671.5,680.8,53.94736841608379,-40.84088446909959,-56.26779599032728,26.891758340925648,,0.0,Neutral
2015-12-13,690.0,700.0,690.0,695.0,1697.0,692.0,678.6,679.55,56.862745092836086,-37.061695866891114,-52.42657596564005,21.85914504783573,,0.0,Neutral
2015-12-14,695.0,695.0,680.0,695.0,2946.0,693.0,685.5,678.8,55.70469798134319,-33.67843760741857,-48.67694829399575,12.140382567654468,,0.0,Neutral
2015-12-15,695.0,690.0,685.0,687.0,756.0,692.6,687.6,677.55,57.638888883285105,-31.282113471280013,-45.1979813294526,10.024414640716676,,0.0,Neutral
2015-12-16,687.0,678.0,670.0,678.0,1177.0,689.0,688.9,676.1,58.45070421958936,-29.766108937595618,-42.11160685108121,7.2180329730564265,,0.0,Neutral
2015-12-17,678.0,672.0,666.0,670.0,3899.0,685.0,688.4,674.45,69.16666665859722,-28.877317819323366,-39.46474904472965,8.36925590746111,,0.0,Neutral
2015-12-20,670.0,675.0,667.0,670.0,4205.0,680.0,686.0,674.05,68.64406778846596,-27.851885258633388,-37.1421762875104,9.888264649466997,,0.0,Neutral
2015-12-21,670.0,676.0,670.0,670.0,4818.0,675.0,684.0,673.85,52.564102554667976,-26.731083277937387,-35.0599576855958,10.954451150108566,,0.0,Neutral
2015-12-22,670.0,700.0,675.0,700.0,7736.0,677.6,685.1,674.95,66.35514017823391,-23.155171945164852,-32.67900053750961,12.013418423676931,,0.0,Neutral
2015-12-23,700.0,696.0,685.0,685.0,7569.0,679.0,684.0,675.95,54.46428570747768,-21.28623660529854,-30.400447751067396,11.39200499376175,,0.0,Neutral
2015-12-24,685.0,697.0,686.0,690.0,2820.0,683.0,684.0,677.75,47.959183666618074,-19.180532431838515,-28.15646468722162,11.39200499376175,,0.0,Neutral
2015-12-27,690.0,690.0,685.0,690.0,6161.0,687.0,683.5,681.05,49.99999999255319,-17.312182638593868,-25.987608277496072,10.956986609267574,,0.0,Neutral
2015-12-28,690.0,690.0,686.0,690.0,3831.0,691.0,683.0,684.25,50.537634400994335,-15.651085989885473,-23.920303819973956,10.477489097006478,,0.0,Neutral
2015-12-29,690.0,692.0,689.0,690.0,10328.0,689.0,683.3,685.45,46.511627899405084,-14.171297037309046,-21.970502463440972,10.646334789238836,,0.0,Neutral
2015-12-31,690.0,700.0,690.0,692.0,5265.0,690.4,684.7,686.8,51.21951218637716,-12.690877806232834,-20.11457753199935,10.791457526936401,,0.0,Neutral
2016-01-03,692.0,698.0,692.0,695.0,9881.0,691.4,687.2,687.8,49.99999999125,-11.147063561871391,-18.321074737973756,9.86351300952216,,0.0,Neutral
2016-01-04,695.0,700.0,692.0,700.0,9062.0,693.4,690.2,688.1,52.941176461868515,-9.411630024985584,-16.539185795376124,8.52186729668769,,0.0,Neutral
2016-01-05,700.0,708.0,698.0,705.0,14342.0,696.4,693.7,688.85,60.975609745687095,-7.545844433123648,-14.74051752292563,6.165315167228217,,0.0,Neutral
2016-01-06,705.0,725.0,705.0,719.0,12032.0,702.2,695.6,690.35,73.56321837896684,-4.8812449587802575,-12.768663010096557,10.035492569438729,2016-01-06,0.8981109261512756,Strongly Positive
2016-01-07,719.0,780.0,730.0,770.0,15731.0,717.8,704.1,694.05,88.46153845201184,1.3304069935830967,-9.948849009360627,24.95974536907505,,0.0,Neutral
2016-01-10,770.0,795.0,770.0,779.0,22048.0,734.6,713.0,698.5,89.20863308454014,6.8998732583282845,-6.579104555822845,33.70789554722192,2016-01-10,0.9144659638404846,Strongly Positive
2016-01-11,779.0,778.0,770.0,778.0,10724.0,750.2,721.8,702.65,88.57142856257143,11.105012089586467,-3.042281226740983,38.22099481233674,,0.0,Neutral
2016-01-12,778.0,780.0,767.0,777.0,6689.0,764.6,730.5,706.75,84.68468467400373,14.193311605933218,0.40483733979385716,40.03678863801012,,0.0,Neutral
2016-01-13,777.0,770.0,765.0,765.0,6801.0,773.8,738.0,710.65,87.03703702575446,15.49390739103751,3.422651350042588,38.60627467711327,,0.0,Neutral
2016-01-14,765.0,777.0,756.0,777.0,10090.0,775.2,746.5,715.6,87.82608694582987,17.293588904825356,6.196838860999142,36.661363252828615,,0.0,Neutral
2016-01-17,777.0,792.0,775.0,781.0,10491.0,775.6,755.1,721.15,88.23529410726644,18.825606171698155,8.722592323138944,33.1577039816338,,0.0,Neutral
2016-01-18,781.0,795.0,760.0,775.0,12067.0,775.0,762.6,726.4,83.999999990592,19.332735299057845,10.844620918322725,27.269030052430203,,0.0,Neutral
2016-01-19,775.0,775.0,757.0,775.0,17728.0,774.6,769.6,731.65,83.999999990592,19.509742617655206,12.577645258189222,18.373894524579175,,0.0,Neutral
2016-01-20,775.0,780.0,765.0,772.0,8600.0,776.0,774.9,735.25,81.74603173694885,19.18677407675375,13.899471021902128,4.748099034858032,,0.0,Neutral
2016-01-21,772.0,771.0,766.0,768.0,3592.0,774.2,774.7,739.4,78.74015747163494,18.3959950310134,14.798775823724384,5.0122073203925765,,0.0,Neutral
2016-01-24,768.0,790.0,768.0,777.0,24365.0,773.4,774.5,743.75,79.38931296861489,18.28474654752995,15.495969968485497,4.859126579076247,,0.0,Neutral
2016-01-25,777.0,805.0,781.0,796.0,20261.0,777.6,776.3,749.05,81.37931033697028,19.50488239041306,16.29775245287101,8.367264254909747,,0.0,Neutral
2016-01-26,796.0,804.0,787.0,789.0,25516.0,780.4,777.5,754.0,75.36231883293426,19.680146855459043,16.974231333388616,9.288583195415777,2016-01-26,0.806071937084198,Strongly Positive
2016-01-27,789.0,795.0,785.0,789.0,11812.0,783.8,779.9,758.95,60.91954022008191,19.593187141686485,17.49802249504819,8.786985325553934,,0.0,Neutral
2016-01-28,789.0,793.0,785.0,787.0,8148.0,787.6,780.9,763.7,54.999999990375,19.14222796831268,17.82686358970109,8.987027688121268,,0.0,Neutral
2016-01-31,787.0,825.0,795.0,825.0,48745.0,797.2,785.3,770.2,70.08547007708378,21.60210635990518,18.58191214374191,16.593506092590793,,0.0,Neutral
2016-02-01,825.0,873.0,825.0,873.0,41916.0,812.6,795.1,778.85,79.26829267616003,27.112243488817853,20.2879784127571,31.803039687013616,,0.0,Neutral
2016-02-02,873.0,901.0,871.0,890.0,37212.0,832.8,806.6,788.1,86.98224851350443,32.476456413307005,22.72567401286708,42.66458328247362,,0.0,Neutral
2016-02-03,890.0,890.0,870.0,880.0,29269.0,851.0,817.4,796.15,80.83832334651655,35.51136447194301,25.282812104682268,46.43561851280929,,0.0,Neutral
2016-02-04,880.0,897.0,870.0,872.0,19765.0,868.0,827.8,801.25,76.60818712823091,36.84627688857313,27.595505061460443,45.78403409244644,,0.0,Neutral
2016-02-07,872.0,899.0,880.0,899.0,59975.0,882.8,840.0,807.25,82.29166666066624,39.62609400258725,30.00162284968581,46.98226615792271,,0.0,Neutral
2016-02-08,899.0,907.0,895.0,895.0,10543.0,887.2,849.9,813.1,80.61224489220116,41.03334565598777,32.2079674109462,47.11086215867759,,0.0,Neutral
2016-02-11,895.0,914.0,898.0,914.0,27955.0,892.0,862.4,819.95,83.49056603222232,43.183946288640755,34.403163186485116,45.71943423389327,,0.0,Neutral
2016-02-14,914.0,969.0,930.0,944.0,48953.0,904.8,877.9,828.9,86.97478991085022,46.7699274533843,36.87651603986495,44.323181795140975,,0.0,Neutral
2016-02-15,944.0,940.0,910.0,934.0,36447.0,917.2,892.6,836.75,82.84518827966598,48.24874543199098,39.15096191829016,34.00065358849978,,0.0,Neutral
2016-02-16,934.0,925.0,900.0,920.0,19707.0,921.4,902.1,843.7,76.49572649114984,47.74071113680259,40.86891176199265,25.128337257647637,,0.0,Neutral
2016-02-17,920.0,935.0,920.0,923.0,29791.0,927.0,907.1,851.1,79.13043477779206,47.03794112049479,42.10271763369308,23.624140196010636,,0.0,Neutral
2016-02-18,923.0,935.0,924.0,932.0,38730.0,930.6,911.3,858.95,79.9163179869505,46.66924163625936,43.01602243420634,23.977072381772942,2016-02-18,0.914993405342102,Strongly Positive
2016-02-21,932.0,952.0,932.0,951.0,53876.0,932.0,918.4,867.9,82.03124999551392,47.36420082512052,43.88565811238918,24.189988746511567,2016-02-21,0.8507723808288574,Strongly Positive
2016-02-22,951.0,1000.0,950.0,989.0,44121.0,943.0,930.1,878.95,82.03124999551392,50.400260579070164,45.18857860572538,27.343290869176506,2016-02-22,0.5081722736358643,Positive
2016-02-23,989.0,1028.0,975.0,980.0,35008.0,955.0,938.2,889.1,74.65437787536791,51.486629211605305,46.448188726901364,29.050913162178148,2016-02-23,0.572629451751709,Positive
2016-02-24,980.0,980.0,956.0,960.0,24239.0,962.4,944.7,897.3,65.90909090489669,50.15558891844523,47.18966876521014,25.34670699630298,2016-02-24,0.7741562128067017,Strongly Positive
2016-02-25,960.0,980.0,941.0,970.0,26533.0,970.0,950.3,906.35,70.45454545006199,49.33889821675609,47.61951465551934,23.958528984727067,2016-02-25,0.8870935142040253,Strongly Positive
2016-02-28,970.0,1035.0,988.0,1013.0,104806.0,982.4,957.2,917.55,77.64705881926645,51.56697361324757,48.40900644706498,30.87897522768573,,0.0,Neutral
2016-02-29,1013.0,1025.0,1000.0,1010.0,43230.0,986.6,964.8,928.7,74.0259740214876,52.48564267188624,49.224333692029234,33.75335374284799,,0.0,Neutral
2016-03-01,1010.0,1015.0,992.0,994.0,10113.0,989.4,972.2,937.15,70.37037036631611,51.330917373988996,49.64565042842119,30.82495381632781,2016-03-01,0.9057095050811768,Strongly Positive
2016-03-02,994.0,995.0,972.0,980.0,16086.0,993.4,977.9,942.5,63.8655462147306,48.724441230348816,49.46140858880672,25.531897261636484,,0.0,Neutral
2016-03-03,980.0,980.0,965.0,966.0,16931.0,992.6,981.3,946.3,54.95495495148932,45.01025688726497,48.57117824849837,20.51043095058639,,0.0,Neutral
2016-03-06,966.0,960.0,952.0,952.0,15289.0,980.4,981.4,949.9,53.982300881611714,40.470536881860085,46.95104997517071,20.34808208272806,2016-03-06,0.8919322490692139,Strongly Positive
2016-03-10,952.0,955.0,937.0,950.0,19834.0,968.4,977.5,953.8,57.00934579066294,36.29302933481233,44.81944584709904,22.366890212516314,2016-03-10,0.0787483006715774,Slightly Positive
2016-03-13,950.0,950.0,940.0,946.0,17694.0,958.8,974.1,956.15,55.34883720569822,32.28736924142936,42.313030525965104,24.433356070950573,,0.0,Neutral
2016-03-14,946.0,947.0,930.0,935.0,4540.0,949.8,971.6,958.15,50.69124423636094,27.90359145611319,39.431142711994724,27.162883172137338,,0.0,Neutral
2016-03-15,935.0,950.0,935.0,941.0,5363.0,944.8,968.7,959.5,47.54901960457997,24.629650553587794,36.470844280313344,28.84845460911698,,0.0,Neutral
2016-03-16,941.0,951.0,940.0,940.0,6680.0,942.4,961.4,959.3,35.32934131440352,21.70414528176775,33.517504480604224,25.426145773392648,,0.0,Neutral
2016-03-17,940.0,965.0,944.0,965.0,13283.0,945.4,956.9,960.85,45.90163934075069,21.159044054196215,31.045812395322624,19.052267290005055,,0.0,Neutral
2016-03-20,965.0,985.0,961.0,965.0,13693.0,949.2,954.0,963.1,51.53374232686214,20.490841735680533,28.934818263394206,14.422205101887068,,0.0,Neutral
2016-03-21,965.0,980.0,951.0,965.0,7532.0,955.2,952.5,965.2,48.36601306746977,19.73380753472759,27.094616117660884,11.993053545041207,,0.0,Neutral
2016-03-23,965.0,985.0,960.0,983.0,7153.0,963.6,954.2,967.75,38.281249995812985,20.35170031136306,25.746032956401322,14.957718186081452,,0.0,Neutral
2016-03-24,983.0,994.0,970.0,985.0,11359.0,972.6,957.5,969.45,40.15748031053382,20.763420289509213,24.749510423022905,17.79044687468278,,0.0,Neutral
2016-03-27,985.0,1022.0,980.0,992.0,19731.0,978.0,961.7,969.6,49.1525423670497,21.4077773061249,24.081163799643303,20.564532574335967,,0.0,Neutral
2016-03-28,992.0,1000.0,980.0,990.0,27117.0,983.0,966.1,970.1,54.7169811248487,21.50910799086796,23.566752637888236,21.517176601260424,,0.0,Neutral
2016-03-29,990.0,991.0,975.0,990.0,16627.0,988.0,971.6,971.6,63.04347825127599,21.343380088705203,23.12207812805163,19.63104117918194,,0.0,Neutral
2016-03-30,990.0,990.0,981.0,988.0,9714.0,989.0,976.3,972.5,72.4999999873125,20.810762728450072,22.65981504813132,16.93156158712932,,0.0,Neutral
2016-03-31,988.0,990.0,980.0,988.0,10881.0,989.6,981.1,971.25,74.35897434562787,20.156310235618207,22.1591140856287,11.39639319165363,,0.0,Neutral
2016-04-03,988.0,988.0,960.0,983.0,8036.0,987.8,982.9,969.9,73.4177215059766,19.015000616042016,21.530291391711366,9.8933198562856,,0.0,Neutral
2016-04-04,983.0,994.0,980.0,989.0,7709.0,987.6,985.3,969.65,86.48648647012418,18.382749482573104,20.900783009883714,7.746683878416348,,0.0,Neutral
2016-04-05,989.0,1008.0,989.0,1007.0,19621.0,991.0,989.5,971.0,88.37209300886965,19.11380344372901,20.543387096652776,6.851601597105786,,0.0,Neutral
2016-04-06,1007.0,1050.0,1007.0,1045.0,37196.0,1002.4,995.7,974.95,92.68292681871901,22.50008442818182,20.934726562958588,18.487533337087648,,0.0,Neutral
2016-04-10,1045.0,1111.0,1060.0,1098.0,51060.0,1024.4,1007.0,982.25,94.03973509061883,29.124662584910652,22.572713767349,36.742346141762276,2016-04-10,0.8689455389976501,Strongly Positive
2016-04-11,1098.0,1101.0,1081.0,1090.0,18790.0,1045.8,1016.8,989.25,89.30817609276532,33.34477752155112,24.727126518189426,44.53912138035995,,0.0,Neutral
2016-04-12,1090.0,1100.0,1090.0,1099.0,18934.0,1067.8,1027.7,996.9,89.8809523734623,36.989086631209034,27.17951854079335,50.22626581559607,2016-04-12,0.9020867943763733,Strongly Positive
2016-04-14,1099.0,1110.0,1094.0,1110.0,20122.0,1088.4,1039.7,1005.65,89.4409937810424,40.300279390841865,29.803670710803054,54.38147151783976,,0.0,Neutral
2016-04-17,1110.0,1118.0,1100.0,1100.0,18227.0,1099.4,1050.9,1013.6,84.02366863209271,41.63753549151295,32.17044366694503,54.083166409614876,2016-04-17,0.9084146618843079,Strongly Positive
2016-04-18,1100.0,1115.0,1100.0,1111.0,36900.0,1102.0,1063.2,1022.15,84.39306357698553,43.08823431122403,34.35400179580083,52.14040872704644,,0.0,Neutral
2016-04-19,1111.0,1140.0,1119.0,1133.0,20870.0,1110.6,1078.2,1030.55,87.04663211803806,45.48877345132564,36.5809561269058,47.909173327142305,,0.0,Neutral
2016-04-20,1133.0,1224.0,1141.0,1185.0,50676.0,1127.8,1097.8,1041.55,89.79591836221574,50.999295302387054,39.46462396200205,47.45243232263919,,0.0,Neutral
2016-04-21,1185.0,1207.0,1170.0,1200.0,40987.0,1145.8,1117.1,1053.3,91.08527131288685,55.93204837313465,42.75810884422857,45.63246894727025,,0.0,Neutral
2016-04-24,1200.0,1215.0,1200.0,1208.0,27927.0,1167.4,1133.4,1064.55,91.35338345383855,59.79751532744535,46.16599014087193,46.12591462509334,2016-04-24,0.8954015970230103,Strongly Positive
2016-04-25,1208.0,1204.0,1191.0,1195.0,14339.0,1184.2,1143.1,1075.05,88.6861313823299,61.107524874811816,49.15429708765991,48.014928234193526,,0.0,Neutral
2016-04-26,1195.0,1192.0,1157.0,1157.0,16435.0,1189.0,1149.8,1083.3,77.45098038861335,58.40616455010104,51.00467058014814,44.31403088565483,2016-04-26,0.919262707233429,Strongly Positive
2016-04-27,1157.0,1200.0,1138.0,1175.0,15284.0,1187.0,1157.4,1092.55,77.45098038861335,57.06001427233514,52.21573931858554,41.02898704305567,,0.0,Neutral
2016-04-28,1175.0,1180.0,1160.0,1180.0,12225.0,1183.0,1164.4,1102.05,74.72527472144266,55.753941954742686,52.92337984581697,37.89517706049028,,0.0,Neutral
2016-05-02,1180.0,1200.0,1163.0,1163.0,21049.0,1174.0,1170.7,1110.8,63.71308016501273,52.73916800842676,52.88653747833893,30.517936438198436,2016-05-02,-0.1473098248243332,Slightly Negative
2016-05-03,1163.0,1160.0,1130.0,1140.0,38211.0,1163.0,1173.6,1118.4,59.920634917305996,47.94139163443651,51.897508309558454,25.113962473345186,,0.0,Neutral
2016-05-04,1140.0,1139.0,1111.0,1127.0,36888.0,1157.0,1173.0,1125.6,55.46874999696655,42.599072348438995,50.037821117334566,26.238224872234053,,0.0,Neutral
2016-05-05,1127.0,1130.0,1106.0,1110.0,23904.0,1144.0,1165.5,1131.65,49.999999997328246,36.57190969019666,47.34463883190699,32.41827331067937,,0.0,Neutral
2016-05-08,1110.0,1130.0,1110.0,1118.0,18812.0,1131.6,1157.3,1137.2,53.46153845865977,32.0711764429675,44.289946354119095,33.085915096596956,,0.0,Neutral
2016-05-09,1118.0,1120.0,1106.0,1113.0,15864.0,1121.6,1147.8,1140.6,50.39370078462396,27.780617044791143,40.98808049225351,30.444120030736126,,0.0,Neutral
2016-05-10,1113.0,1114.0,1088.0,1092.0,24206.0,1112.0,1137.5,1140.3,41.8972331992626,22.42726575511142,37.27591754482509,30.12289642265982,,0.0,Neutral
2016-05-11,1092.0,1090.0,1069.0,1075.0,17312.0,1101.6,1129.3,1139.55,24.770642200244083,16.621337926956357,33.145001621251346,34.9922213578524,,0.0,Neutral
2016-05-12,1075.0,1095.0,1070.0,1083.0,14763.0,1096.2,1120.1,1138.75,22.274881515109726,12.521293754732824,29.020260047947644,33.71267483374485,,0.0,Neutral
2016-05-15,1083.0,1081.0,1060.0,1060.0,13456.0,1084.6,1108.1,1136.25,17.256637167072597,7.331557793535239,24.682519597065166,31.2923490826825,,0.0,Neutral
2016-05-16,1060.0,1055.0,1036.0,1045.0,14919.0,1071.0,1096.3,1133.5,17.105263156844416,1.9853936325564518,20.143094404163424,30.52885702269968,2016-05-16,0.9040302634239196,Strongly Positive
2016-05-17,1045.0,1085.0,1040.0,1072.0,8865.0,1067.0,1089.5,1131.55,30.41474654181657,-0.07197593667251567,16.100080335996235,27.09345964539917,,0.0,Neutral
2016-05-18,1072.0,1096.0,1072.0,1090.0,5841.0,1070.0,1085.8,1129.4,30.41474654181657,-0.24715749733150005,12.83063276933069,23.719658982024477,,0.0,Neutral
2016-05-19,1090.0,1100.0,1080.0,1080.0,8564.0,1069.4,1082.8,1124.15,27.477477475744664,-1.1793121958837673,10.0286437762878,22.165037534148155,,0.0,Neutral
2016-05-22,1080.0,1082.0,1050.0,1060.0,18083.0,1069.4,1077.0,1117.15,27.1111111094242,-3.491634968870585,7.324588027256123,19.339079605847264,,0.0,Neutral
2016-05-23,1060.0,1087.0,1060.0,1080.0,17692.0,1076.4,1073.7,1110.75,36.486486484185534,-3.668051557747731,5.126060110255352,14.795269514317443,,0.0,Neutral
2016-05-24,1080.0,1120.0,1080.0,1108.0,27496.0,1083.6,1075.3,1106.4,45.991561178717795,-1.5308502919647253,3.794678029811337,17.594506718517614,,0.0,Neutral
2016-05-25,1108.0,1115.0,1065.0,1080.0,32297.0,1081.6,1075.8,1102.55,43.951612900744664,-2.072577502055765,2.621226923437917,17.65597160551152,,0.0,Neutral
2016-05-26,1080.0,1080.0,1050.0,1073.0,29659.0,1080.2,1074.8,1097.45,40.89068825679163,-3.0317930939836515,1.4906229199536032,17.485231863908094,,0.0,Neutral
2016-05-29,1073.0,1076.0,1050.0,1053.0,27762.0,1078.8,1074.1,1091.1,38.549618318550785,-5.344206528184031,0.12365703032607644,18.266240870985126,,0.0,Neutral
2016-05-30,1053.0,1049.0,1041.0,1047.0,21928.0,1072.2,1074.3,1085.3,40.89068825679163,-7.573656295398678,-1.4158056348188746,17.919883432196595,,0.0,Neutral
2016-05-31,1047.0,1060.0,1037.0,1038.0,20229.0,1058.2,1070.9,1080.2,42.259414223465974,-9.952015442983793,-3.1230475964518583,21.309622239760227,,0.0,Neutral
2016-06-01,1038.0,1041.0,1020.0,1034.0,16489.0,1049.0,1065.3,1075.55,39.57446808274876,-12.021077277211816,-4.90265353260385,23.02197018311818,,0.0,Neutral
2016-06-02,1034.0,1040.0,1000.0,1028.0,18189.0,1040.0,1060.1,1071.45,42.66055045597593,-13.98377726383228,-6.7188782788495365,25.110644046812194,,0.0,Neutral
2016-06-05,1028.0,1016.0,982.0,995.0,19041.0,1028.4,1053.6,1065.3,39.40677965867926,-17.994624520998514,-8.974027527279333,32.47289467987315,,0.0,Neutral
2016-06-06,995.0,1030.0,1005.0,1023.0,14091.0,1023.6,1047.9,1060.8,39.662447255041045,-18.698341038481885,-10.918890229519844,32.32628789221122,2016-06-06,0.8988217115402222,Strongly Positive
2016-06-07,1023.0,1032.0,1020.0,1026.0,17097.0,1021.2,1039.7,1057.5,35.585585583341455,-18.79728314148474,-12.494568811912824,24.944605295224594,,0.0,Neutral
2016-06-08,1026.0,1025.0,1010.0,1016.0,12517.0,1017.6,1033.3,1054.55,35.585585583341455,-19.45830862798016,-13.887316775126292,21.416763942738307,,0.0,Neutral
2016-06-09,1016.0,1020.0,965.0,1002.0,48972.0,1012.4,1026.2,1050.5,36.57407407170353,-20.871268098847167,-15.284107039870467,18.341210429008754,,0.0,Neutral
2016-06-12,1002.0,1080.0,997.0,1052.0,24755.0,1023.8,1026.1,1050.1,44.30894308690924,-17.751834429596556,-15.777652517815685,18.18088128902511,,0.0,Neutral
2016-06-13,1052.0,1118.0,1051.0,1065.0,15673.0,1032.2,1027.9,1051.1,40.69264069017447,-14.068496547082987,-15.435821323669145,21.131598246361477,,0.0,Neutral
2016-06-14,1065.0,1085.0,1040.0,1045.0,15009.0,1036.0,1028.6,1049.75,42.152466365066665,-12.617807362240683,-14.872218531383453,21.613781611664816,,0.0,Neutral
2016-06-15,1045.0,1055.0,1025.0,1055.0,14240.0,1043.8,1030.7,1048.0,46.0176991121936,-10.539714042352898,-14.005717633577344,23.161510217529965,,0.0,Neutral
2016-06-16,1055.0,1060.0,1021.0,1035.0,27089.0,1050.4,1031.4,1045.75,46.0176991121936,-10.386909144522406,-13.281955935766359,23.176616568359293,,0.0,Neutral
2016-06-19,1035.0,1041.0,1010.0,1033.0,7897.0,1046.6,1035.2,1044.4,46.84684684389254,-10.308365032039774,-12.687237755021041,19.343675394789322,,0.0,Neutral
2016-06-20,1033.0,1035.0,1017.0,1025.0,9709.0,1038.6,1035.4,1041.65,47.05882352643066,-10.767530014772092,-12.303296206971252,19.213421235083462,,0.0,Neutral
2016-06-21,1025.0,1045.0,1015.0,1035.0,9168.0,1036.6,1036.3,1038.0,50.22026431408332,-10.206846966887042,-11.88400635895441,18.932922530786374,,0.0,Neutral
2016-06-22,1035.0,1060.0,1031.0,1045.0,20923.0,1034.6,1039.2,1036.25,53.67965367640036,-8.853527234590729,-11.277910534081675,17.655971605509098,2016-06-22,0.7884050607681274,Strongly Positive
2016-06-23,1045.0,1051.0,1025.0,1040.0,18594.0,1035.6,1043.0,1034.6,61.08374383815186,-8.091199498636797,-10.640568326992701,11.916375287864147,,0.0,Neutral
2016-06-26,1040.0,1078.0,1036.0,1036.0,16298.0,1036.2,1041.4,1033.75,53.63128491200649,-7.720815095839271,-10.056617680762015,11.644741302459883,,0.0,Neutral
2016-06-27,1036.0,1082.0,1035.0,1080.0,38624.0,1047.2,1042.9,1035.4,62.27272726876447,-3.832669878880324,-8.811828120385677,15.387224137832199,2016-06-27,0.9061734080314636,Strongly Positive
2016-06-28,1080.0,1135.0,1070.0,1108.0,34878.0,1061.8,1049.2,1038.9,69.32773108835887,1.4908931244792711,-6.751283871412688,25.750080906045802,,0.0,Neutral
2016-06-29,1108.0,1120.0,1070.0,1080.0,19465.0,1068.8,1051.7,1041.2,65.47619047255291,3.411167350764117,-4.718793626977327,27.527965578482807,,0.0,Neutral
2016-06-30,1080.0,1090.0,1050.0,1072.0,16852.0,1075.2,1055.4,1043.4,54.76190475825396,4.238605364511386,-2.9273138286795843,27.520497411548252,,0.0,Neutral
2016-07-03,1072.0,1078.0,1040.0,1057.0,16782.0,1079.4,1057.8,1046.5,48.11320754399252,3.6419986189914653,-1.6134513391453746,26.372544646134813,,0.0,Neutral
2016-07-04,1057.0,1070.0,1050.0,1061.0,13709.0,1075.6,1061.4,1048.4,54.08163264919825,3.452155742940249,-0.6003299227282499,23.72153264678282,2016-07-04,-0.5325987935066223,Negative
2016-07-05,1061.0,1067.0,1050.0,1050.0,10613.0,1064.0,1062.9,1049.6,48.73096446354196,2.386584763208475,-0.0029469855409048895,22.298231120705218,,0.0,Neutral
2016-07-06,1050.0,1060.0,1048.0,1048.0,13016.0,1057.6,1063.2,1051.2,53.63128491200649,1.3649939983108652,0.2706412112294491,22.049439398294325,,0.0,Neutral
2016-07-10,1048.0,1070.0,1060.0,1064.0,10781.0,1056.0,1065.6,1054.3,58.03108807869204,1.8254001625841738,0.5815930015003941,20.494985836680318,,0.0,Neutral
2016-07-11,1064.0,1069.0,1050.0,1050.0,6118.0,1054.6,1067.0,1054.2,56.28140703121638,1.0485058449910412,0.6749755701985235,18.64284193884725,,0.0,Neutral
2016-07-12,1050.0,1064.0,1015.0,1042.0,9559.0,1050.8,1063.2,1053.05,51.77664974251333,-0.21029746189788057,0.4979209637792427,19.549367707909497,,0.0,Neutral
2016-07-13,1042.0,1046.0,1025.0,1046.0,6991.0,1050.0,1057.0,1053.1,50.26178010102794,-0.8750544976439869,0.22332587149459682,12.220201853267206,,0.0,Neutral
2016-07-14,1046.0,1054.0,1025.0,1040.0,53393.0,1048.4,1053.0,1052.35,49.99999999635417,-1.8645358846515592,-0.19424647973463438,10.24152766388593,2016-07-14,0.9281800985336304,Strongly Positive
2016-07-17,1040.0,1081.0,1000.0,1080.0,49240.0,1051.6,1053.8,1054.6,59.64912280335487,0.5723608735008838,-0.04092500908753073,12.04436244339736,,0.0,Neutral
2016-07-18,1080.0,1134.0,1085.0,1134.0,58974.0,1068.4,1061.5,1059.65,61.34453781151755,6.782780146999357,1.323816022129847,28.155323159635294,,0.0,Neutral
2016-07-19,1134.0,1195.0,1139.0,1150.0,57049.0,1090.0,1070.4,1065.9,59.29203539455713,12.84754988951795,3.6285627956074675,39.6854297360458,2016-07-19,0.8737027645111084,Strongly Positive
2016-07-20,1150.0,1185.0,1121.0,1126.0,36258.0,1106.0,1078.0,1070.45,60.360360356553855,15.538209375656379,6.01049211161725,42.52058325095401,,0.0,Neutral
2016-07-21,1126.0,1135.0,1102.0,1130.0,41399.0,1124.0,1086.2,1074.7,63.30275228951267,17.788290632594908,8.366051815812781,43.97423488060549,,0.0,Neutral
2016-07-25,1130.0,1152.0,1120.0,1130.0,36819.0,1134.0,1092.8,1079.2,67.98029556181416,19.348459245494496,10.562533301749124,45.2076689659473,,0.0,Neutral
2016-07-26,1130.0,1161.0,1125.0,1140.0,47594.0,1135.2,1101.8,1084.4,68.8995215264852,21.148039107504246,12.679634462900149,44.696010261931576,,0.0,Neutral
2016-07-27,1140.0,1160.0,1132.0,1150.0,45301.0,1135.2,1112.6,1087.9,74.03846153347818,23.114683852867984,14.766644340893716,41.58044412142222,,0.0,Neutral
2016-07-28,1150.0,1158.0,1115.0,1151.0,29092.0,1140.2,1123.1,1090.05,74.8792270480758,24.4718592647298,16.707687325660935,35.74119938299132,,0.0,Neutral
2016-07-31,1151.0,1160.0,1125.0,1137.0,58945.0,1141.6,1132.8,1092.9,67.80487804414992,24.139482629980648,18.194046386524878,20.665591369909915,,0.0,Neutral
2016-08-01,1137.0,1140.0,1115.0,1120.0,24364.0,1139.6,1136.8,1095.3,66.8269230724251,22.247854410391028,19.004807991298108,10.850499220532308,,0.0,Neutral
2016-08-02,1120.0,1135.0,1105.0,1114.0,40015.0,1134.4,1134.8,1098.15,67.47572815075408,20.033640227973137,19.210574438633117,13.045220495614908,,0.0,Neutral
2016-08-03,1114.0,1116.0,1083.0,1087.0,39936.0,1121.8,1128.5,1099.45,58.95196506189813,15.916707290432441,18.55180100899298,18.822268135886105,,0.0,Neutral
2016-08-04,1087.0,1079.0,1051.0,1055.0,46073.0,1102.6,1121.4,1099.7,52.94117646768166,9.957096501300157,16.83286010745442,29.963681720102702,,0.0,Neutral
2016-08-07,1055.0,1096.0,1030.0,1040.0,57810.0,1083.2,1112.4,1099.3,41.304347823572776,3.9778333872925487,14.261854763422045,39.18956777286005,2016-08-07,-0.8637787103652954,Strongly Negative
2016-08-08,1040.0,1040.0,983.0,1000.0,27481.0,1059.2,1099.4,1096.1,18.981481480251205,-3.94298909105828,10.62088599252598,52.12847377181792,,0.0,Neutral
2016-08-09,1000.0,1075.0,1015.0,1060.0,21346.0,1048.4,1091.4,1096.6,32.69230769054734,-5.317502553116128,7.433208283397559,51.33809501726091,,0.0,Neutral
2016-08-10,1060.0,1076.0,985.0,1047.0,61287.0,1040.4,1081.1,1096.85,34.13654618281964,-7.370839282043107,4.472398770309426,48.530517317584746,,0.0,Neutral
2016-08-11,1047.0,1046.0,1034.0,1042.0,37121.0,1037.8,1070.2,1096.65,32.399999998185606,-9.29444111488283,1.7190307932709752,43.013692910270194,,0.0,Neutral
2016-08-14,1042.0,1043.0,1000.0,1019.0,29496.0,1033.6,1058.4,1095.6,29.670329668808122,-12.530374845855704,-1.1308503345543608,38.612605886349456,,0.0,Neutral
2016-08-15,1019.0,1020.0,989.0,990.0,49536.0,1031.6,1045.4,1091.1,24.31506849198489,-17.23624457985602,-4.351929183614693,37.434980670209455,,0.0,Neutral
2016-08-16,990.0,1009.0,983.0,998.0,39885.0,1019.2,1033.8,1084.3,23.793103447127237,-20.08857847880381,-7.499259042652517,31.282938196776986,,0.0,Neutral
2016-08-17,998.0,1029.0,996.0,1024.0,45563.0,1014.6,1027.5,1078.0,29.841269839943564,-20.02030927166834,-10.003469088455681,25.114183686183228,,0.0,Neutral
2016-08-21,1024.0,1035.0,1002.0,1017.0,28932.0,1009.6,1023.7,1072.55,30.519480518093275,-20.29707488691338,-12.062190248147221,23.30021459131053,,0.0,Neutral
2016-08-22,1017.0,1065.0,1020.0,1026.0,125619.0,1011.0,1022.3,1067.35,34.33333333173111,-19.56465962949096,-13.56268412441597,22.622751576455187,2016-08-22,0.3998484914191067,Positive
2016-08-23,1026.0,1043.0,1020.0,1028.0,75122.0,1018.6,1025.1,1062.25,35.47297297129519,-18.608326768211327,-14.571812653175042,21.24696056697184,,0.0,Neutral
2016-08-24,1028.0,1038.0,1005.0,1030.0,43771.0,1025.0,1022.1,1056.75,39.483394831908605,-17.48745826700133,-15.1549417759403,17.571757643098287,,0.0,Neutral
2016-08-28,1030.0,1040.0,1000.0,1022.0,50040.0,1024.6,1019.6,1050.35,43.31983805422478,-17.048174304321265,-15.533588281616494,15.262153627009663,,0.0,Neutral
2016-08-29,1022.0,1030.0,1016.0,1028.0,45132.0,1026.8,1018.2,1044.2,47.47899159384578,-16.03109229020629,-15.633089083334454,13.521998537403867,,0.0,Neutral
2016-08-30,1028.0,1032.0,1022.0,1027.0,31851.0,1027.0,1019.0,1038.7,56.7839195939951,-15.131314731680959,-15.532734213003756,13.808210118178835,,0.0,Neutral
2016-08-31,1027.0,1070.0,1017.0,1068.0,70049.0,1035.0,1026.8,1036.1,52.222222218160496,-10.983268898287179,-14.622841150060442,17.21627137335865,2016-08-31,0.8441754579544067,Strongly Positive
2016-09-01,1068.0,1100.0,1065.0,1085.0,102650.0,1046.0,1035.5,1034.65,60.326086951931714,-6.252084625419684,-12.94868984513229,22.282279955183036,,0.0,Neutral
2016-09-03,1085.0,1084.0,1050.0,1070.0,135078.0,1055.6,1040.1,1033.8,57.2164948412318,-3.670648689407699,-11.093081613987373,24.30112023026116,,0.0,Neutral
2016-09-04,1085.0,1084.0,1050.0,1070.0,135078.0,1064.0,1045.4,1034.55,64.91228069643992,-1.6063253926529342,-9.195730369720485,24.482193075354903,2016-09-04,0.3731957674026489,Positive
2016-09-05,1070.0,1098.0,1062.0,1090.0,245296.0,1076.6,1051.8,1037.05,80.86419752387593,1.6247692175413704,-7.031630452268114,27.075203908149312,2016-09-05,0.9110153317451476,Strongly Positive
2016-09-06,908.0,959.0,896.0,910.0,43279.0,1045.0,1040.0,1032.55,36.82634730384561,-10.221236648745844,-7.669551691563661,52.436204625780434,,0.0,Neutral
2016-09-07,910.0,909.0,875.0,883.0,15143.0,1004.6,1025.3,1023.7,28.95522387938695,-21.53966020040957,-10.443573393332844,72.36796406023412,,0.0,Neutral
2016-09-08,883.0,900.0,870.0,871.0,14941.0,964.8,1010.2,1014.9,28.529411763531144,-31.119169704414844,-14.578692655549245,87.33816780512758,2016-09-08,0.91682231426239,Strongly Positive
2016-09-11,871.0,872.0,850.0,852.0,24922.0,921.2,992.6,1005.4,25.142857141851422,-39.78551852146268,-19.62005782873193,100.1467811653415,,0.0,Neutral
2016-09-12,852.0,855.0,830.0,840.0,16480.0,871.2,973.9,996.45,23.888888887959865,-47.07926168557185,-25.111898600099916,109.98530204835389,,0.0,Neutral
2016-09-14,840.0,839.0,820.0,828.0,35367.0,854.8,949.9,988.35,22.702702701843677,-53.21448198012388,-30.73241527610471,113.30533968000321,,0.0,Neutral
2016-09-18,828.0,835.0,810.0,835.0,28092.0,845.2,924.9,980.2,24.661246611530473,-56.85644110571161,-35.95722044202609,107.62223025214301,,0.0,Neutral
2016-09-20,835.0,835.0,810.0,820.0,20410.0,835.0,899.9,970.0,22.486772485939653,-60.25847243082205,-40.81747083978529,98.85056061213874,,0.0,Neutral
2016-09-21,820.0,818.0,796.0,815.0,15479.0,827.6,874.4,959.9,22.251308899708064,-62.63603574900458,-45.18118382162915,81.45510010634108,,0.0,Neutral
2016-09-22,815.0,815.0,800.0,810.0,19027.0,821.6,846.4,949.1,12.71676300526579,-64.1838584541448,-48.98171874813228,32.554910877206616,,0.0,Neutral
2016-09-25,810.0,806.0,785.0,795.0,16944.0,815.0,834.9,937.45,7.8488372089829,-65.86168127493397,-52.357711253492624,27.51343106356425,,0.0,Neutral
2016-09-26,795.0,809.0,794.0,798.0,20363.0,807.6,826.4,925.85,9.036144577932205,-66.18633811429936,-55.12343662565398,23.894211293405878,,0.0,Neutral
2016-09-27,798.0,813.0,795.0,796.0,16487.0,802.8,818.9,914.55,8.982035927767214,-65.84598278201531,-57.267945856926254,19.75094934428654,2016-09-27,0.7858311533927917,Strongly Positive
2016-09-28,796.0,804.0,790.0,799.0,11705.0,799.6,813.6,903.1,4.10094637205863,-64.58962481191224,-58.73228164792346,16.767693805533142,2016-09-28,-0.9280536770820618,Strongly Negative
2016-09-29,799.0,805.0,796.0,800.0,8119.0,797.6,809.6,891.75,10.144927535202683,-62.789462586766945,-59.543717835692156,14.369721253017985,,0.0,Neutral
2016-10-02,800.0,810.0,796.0,805.0,15758.0,799.6,807.3,878.6,16.379310342850772,-60.26466924698923,-59.68790811795157,12.858633070625588,,0.0,Neutral
2016-10-03,805.0,805.0,790.0,804.0,19480.0,800.8,804.2,864.55,18.095238092825383,-57.679550029248844,-59.28623650021103,8.4037028875821,,0.0,Neutral
2016-10-04,804.0,809.0,800.0,805.0,25048.0,802.6,802.7,851.3,22.98850574342714,-54.9170828355293,-58.41240576727469,6.360468186862112,,0.0,Neutral
2016-10-05,805.0,812.0,805.0,810.0,12256.0,804.8,802.2,838.3,31.24999999453125,-51.728060585913795,-57.075536731002515,5.411920998076099,,0.0,Neutral
2016-10-06,810.0,823.0,802.0,816.0,15536.0,808.0,802.8,824.6,41.891891883966395,-48.16141283381148,-55.292711951564314,6.579429222160428,,0.0,Neutral
2016-10-16,816.0,815.0,805.0,807.0,7120.0,808.4,804.0,819.45,31.57894736260387,-45.53613140029756,-53.34139584131097,6.073622386140061,,0.0,Neutral
2016-10-17,807.0,810.0,795.0,803.0,12499.0,808.2,804.5,815.45,36.92307691512426,-43.279445019051195,-51.32900567685902,5.7203341006235195,,0.0,Neutral
2016-10-18,803.0,801.0,790.0,794.0,19662.0,806.0,804.3,811.6,34.782608688594834,-41.73612155774356,-49.41042885303593,6.0745370194389015,,0.0,Neutral
2016-10-19,794.0,801.0,790.0,796.0,11984.0,803.2,804.0,808.8,39.39393938558311,-39.891795523297446,-47.50670218708824,6.4291005073700775,,0.0,Neutral
2016-10-20,796.0,800.0,784.0,794.0,10720.0,798.8,803.4,806.5,49.05660376062656,-38.1517475416282,-45.635711257996235,7.089898917981695,,0.0,Neutral
2016-10-23,794.0,802.0,785.0,790.0,19782.0,795.4,801.9,804.6,42.592592581550065,-36.67277265523069,-43.84312353744313,8.211780156206132,,0.0,Neutral
2016-10-24,790.0,792.0,780.0,789.0,13396.0,792.6,800.4,802.3,43.39622640363118,-35.175880392039176,-42.10967490836234,9.106774035510979,,0.0,Neutral
2016-10-25,789.0,785.0,772.0,775.0,7836.0,788.8,797.4,800.05,31.249999993164067,-34.71904593635293,-40.63154911396046,11.927559124447146,,0.0,Neutral
2016-10-26,775.0,782.0,765.0,775.0,13717.0,784.6,793.9,798.05,30.158730152028213,-33.965468560116165,-39.29833300319161,12.913816889950603,,0.0,Neutral
2016-10-27,775.0,784.0,769.0,784.0,9195.0,782.6,790.7,796.75,34.32835820178214,-32.27003935012874,-37.892674272579036,10.583530181919919,,0.0,Neutral
2016-11-03,784.0,788.0,766.0,788.0,6932.0,782.2,788.8,796.4,38.571428563714285,-30.25487356623387,-36.36511413131001,8.904430857128547,,0.0,Neutral
2016-11-07,788.0,800.0,780.0,783.0,10475.0,781.0,786.8,795.65,35.135135128487946,-28.730115489778086,-34.83811440300363,7.4951836387287525,2016-11-07,-0.7000437378883362,Strongly Negative
2016-11-08,783.0,787.0,771.0,775.0,12107.0,781.0,784.9,794.6,27.2727272677686,-27.846272375862213,-33.43974599757534,7.866242926471493,,0.0,Neutral
2016-11-09,775.0,775.0,752.0,765.0,13851.0,779.0,781.8,792.9,18.51851851531778,-27.634187060106342,-32.27863421008155,9.028350409215896,2016-11-09,-0.9314858317375184,Strongly Negative
2016-11-10,765.0,775.0,766.0,771.0,16075.0,776.4,779.5,791.45,26.923076918244575,-26.674471361891847,-31.157801640443612,8.488554385525703,,0.0,Neutral
2016-11-13,771.0,779.0,765.0,773.0,15363.0,773.4,777.8,789.85,30.263157889162045,-25.459030614152425,-30.018047435185373,7.828722047011044,2016-11-13,0.9310410022735596,Strongly Positive
2016-11-14,773.0,777.0,772.0,774.0,17126.0,771.6,776.3,788.35,35.29411763979239,-24.136858739266586,-28.841809696001615,6.8158312446846825,,0.0,Neutral
2016-11-15,774.0,785.0,772.0,775.0,16965.0,771.6,776.3,786.85,34.32835820178214,-22.746133096671997,-27.62267437613569,6.8158312446846825,,0.0,Neutral
2016-11-16,775.0,774.0,765.0,767.0,14481.0,772.0,775.5,784.7,31.50684930902608,-22.035494680432066,-26.50523843699497,7.427426651750191,,0.0,Neutral
2016-11-17,767.0,765.0,753.0,765.0,15327.0,770.8,773.6,782.15,32.39436619079548,-21.387154101549754,-25.48162156990593,7.441624673297853,,0.0,Neutral
2016-11-20,765.0,765.0,725.0,735.0,18356.0,763.2,768.3,778.55,22.99999999677999,-23.02862909984367,-24.99102307589348,12.910374811686216,,0.0,Neutral
2016-11-21,735.0,760.0,730.0,748.0,18333.0,758.0,764.8,775.8,36.363636358494034,-23.01521345349454,-24.595861151413693,13.222875800856615,,0.0,Neutral
2016-11-22,748.0,763.0,720.0,745.0,17808.0,752.0,761.8,773.35,35.29411764221453,-22.98173722397894,-24.273036365926746,14.030126316069705,,0.0,Neutral
2016-11-23,745.0,745.0,721.0,725.0,22210.0,743.6,757.8,769.8,23.89380530677421,-24.28905086496843,-24.276239265735086,18.121810064130365,,0.0,Neutral
2016-11-24,725.0,756.0,716.0,735.0,14296.0,737.6,754.2,766.85,27.731092433712305,-24.23878034591496,-24.26874748177106,18.772320048422543,,0.0,Neutral
2016-11-27,735.0,738.0,697.0,710.0,23787.0,732.6,747.9,762.85,23.741007191853427,-25.917471188868262,-24.598492223190505,22.04767561445853,,0.0,Neutral
2016-11-28,710.0,740.0,685.0,731.0,18150.0,729.2,743.6,759.95,35.52631578620152,-25.26211534002698,-24.7312168465578,20.532900428346153,,0.0,Neutral
2016-11-29,731.0,749.0,704.0,740.0,33758.0,728.2,740.1,758.2,41.721854300767504,-23.742823830649627,-24.533538243376164,17.31697946462216,,0.0,Neutral
2016-11-30,740.0,765.0,739.0,763.0,30050.0,735.8,739.7,757.6,47.61904761507936,-20.447164399306644,-23.71626347456226,16.660332129553524,,0.0,Neutral
2016-12-01,763.0,780.0,735.0,765.0,27196.0,741.8,739.7,756.65,47.61904761507936,-17.47253476621097,-22.467517732892002,16.660332129553524,2016-12-01,0.9297577738761902,Strongly Positive
2016-12-04,765.0,769.0,745.0,750.0,12125.0,749.8,741.2,754.75,43.40659340325443,-16.13944847513949,-21.2019038813415,16.864163187077228,,0.0,Neutral
2016-12-05,750.0,759.0,735.0,740.0,10580.0,751.6,740.4,752.6,40.837696332085194,-15.708803107774088,-20.10328372662802,16.69464318610852,,0.0,Neutral
2016-12-06,740.0,759.0,735.0,755.0,9781.0,754.6,741.4,751.6,46.96969696637588,-13.99580399536228,-18.881787780374875,17.289688641895918,,0.0,Neutral
2016-12-07,755.0,759.0,745.0,759.0,9597.0,753.8,744.8,751.3,48.499999996605,-12.175126012756323,-17.540455426851167,17.047645650429367,,0.0,Neutral
2016-12-08,759.0,759.0,735.0,742.0,7563.0,749.2,745.5,749.85,51.87165775012725,-11.966046385212962,-16.42557361852353,16.741498671808355,,0.0,Neutral
2016-12-11,742.0,746.0,731.0,735.0,11386.0,746.2,748.0,747.95,46.40883977541589,-12.224276917648126,-15.585314278348449,12.06464071391876,,0.0,Neutral
2016-12-12,735.0,740.0,721.0,733.0,17383.0,744.8,748.2,745.9,46.666666663037034,-12.446830446847912,-14.957617512048342,11.764352935898815,,0.0,Neutral
2016-12-14,733.0,746.0,720.0,733.0,11385.0,740.4,747.5,743.8,52.49999999540625,-12.479351525886386,-14.461964314815951,12.4922198009779,,0.0,Neutral
2016-12-15,733.0,737.0,725.0,735.0,11040.0,735.6,744.7,742.2,49.99999999539474,-12.203072012017515,-14.010185854256264,11.7478130352628,,0.0,Neutral
2016-12-18,735.0,750.0,731.0,748.0,10300.0,736.8,743.0,741.35,63.57142856507143,-10.810510318678439,-13.3702507471407,9.498537899203003,,0.0,Neutral
2016-12-19,748.0,750.0,726.0,733.0,9731.0,736.4,741.3,741.25,50.74626865141457,-10.792856452744104,-12.854771888261382,9.626929820983724,,0.0,Neutral
2016-12-20,733.0,730.0,724.0,726.0,9185.0,735.0,739.9,740.15,44.69696969222911,-11.214434119573411,-12.526704334523789,10.785278031770227,,0.0,Neutral
2016-12-21,726.0,740.0,720.0,721.0,12829.0,732.6,736.5,738.95,31.57894736454294,-11.815790592222356,-12.384521586063503,10.855106325305403,,0.0,Neutral
2016-12-22,721.0,723.0,718.0,721.0,10459.0,729.8,732.7,738.75,30.357142853348208,-12.152285941537343,-12.338074457158271,8.499019551317266,,0.0,Neutral
2016-12-26,721.0,735.0,702.0,710.0,16343.0,722.2,729.5,737.5,31.48148147740055,-13.154927187393355,-12.501445003205289,10.416333328015641,,0.0,Neutral
2016-12-27,710.0,710.0,690.0,700.0,19972.0,715.6,726.0,737.0,31.48148147740055,-14.588279420615095,-12.918811886687251,13.719410418182699,,0.0,Neutral
2016-12-28,700.0,712.0,695.0,700.0,15490.0,710.4,722.7,735.45,20.430107523806228,-15.5450279860097,-13.44405510655174,15.677655720457569,,0.0,Neutral
2016-12-29,700.0,718.0,702.0,717.0,11325.0,709.6,721.1,734.3,30.18867924129583,-14.761340645666337,-13.707512214374661,15.32209733251191,,0.0,Neutral
2017-01-01,717.0,724.0,712.0,717.0,13702.0,708.8,719.3,732.0,35.955056174119434,-13.9791201864723,-13.76183380879419,14.54533143888316,,0.0,Neutral
2017-01-02,717.0,731.0,720.0,725.0,14538.0,711.8,717.0,730.0,44.44444443753086,-12.56878654822674,-13.5232243566807,10.852547064079781,2017-01-02,0.92076575756073,Strongly Positive
2017-01-03,725.0,726.0,711.0,711.0,11535.0,714.0,714.8,728.05,39.21568626912726,-12.437399378111536,-13.306059360966868,9.378462323634787,,0.0,Neutral
2017-01-04,711.0,720.0,700.0,712.0,10079.0,716.4,713.4,726.65,39.80582523730794,-12.112951887245117,-13.06743786622252,8.527081042853293,,0.0,Neutral
2017-01-05,712.0,715.0,705.0,707.0,8884.0,714.4,712.0,724.25,36.7924528253293,-12.119576196255707,-12.877865532229158,8.286535263120454,,0.0,Neutral
2017-01-08,707.0,713.0,702.0,702.0,10900.0,711.4,710.1,721.4,26.530612241107875,-12.385511752360799,-12.779394776255488,8.171087238974495,,0.0,Neutral
2017-01-09,702.0,710.0,705.0,706.0,8071.0,707.6,709.7,719.6,34.48275861514071,-12.133632068370616,-12.650242234678513,8.27378725589553,,0.0,Neutral
2017-01-10,706.0,715.0,707.0,714.0,8981.0,708.2,711.1,718.55,43.18181817494835,-11.159838788112097,-12.352161545365231,7.607744592061876,,0.0,Neutral
2017-01-11,714.0,728.0,710.0,714.0,6587.0,708.6,712.5,717.6,45.78313252239803,-10.26971768491103,-11.935672773274392,6.553201083800088,,0.0,Neutral
2017-01-12,714.0,717.0,706.0,715.0,11055.0,710.2,712.3,716.7,46.428571420833336,-9.375523456649148,-11.423642909949344,6.429964575696969,,0.0,Neutral
2017-01-15,715.0,717.0,705.0,714.0,8039.0,712.6,712.0,715.65,52.702702692731926,-8.647872440698734,-10.868488816099221,6.253887679786343,,0.0,Neutral
2017-01-16,714.0,713.0,702.0,704.0,13399.0,712.2,709.9,713.45,52.702702692731926,-8.776945035715244,-10.450180060022426,4.748099034846279,,0.0,Neutral
2017-01-17,704.0,714.0,700.0,706.0,16443.0,710.6,709.4,712.1,53.94736841111496,-8.61850396302782,-10.083844840623506,4.880801391419642,,0.0,Neutral
2017-01-18,706.0,708.0,699.0,708.0,18263.0,709.4,709.0,711.2,42.62295080988982,-8.236608490545905,-9.714397570607986,4.807401700645699,,0.0,Neutral
2017-01-19,708.0,710.0,700.0,702.0,11118.0,706.8,708.5,710.25,38.80597014114502,-8.322170630446976,-9.435952182575784,5.275730597139261,,0.0,Neutral
2017-01-22,702.0,705.0,699.0,700.0,10249.0,704.0,708.3,709.2,29.50819671453911,-8.453911103241808,-9.23954396670899,5.5787294451765215,,0.0,Neutral
2017-01-23,700.0,703.0,700.0,702.0,17508.0,703.6,707.9,708.8,40.81632651895043,-8.301241546562665,-9.051883482679724,5.896326540052073,,0.0,Neutral
2017-01-24,702.0,702.0,690.0,690.0,20931.0,700.4,705.5,708.3,31.66666665927778,-9.044292560029817,-9.050365298149742,7.73520092393081,,0.0,Neutral
2017-01-25,690.0,695.0,670.0,675.0,34024.0,693.8,701.6,707.05,27.142857137428564,-10.719967370466748,-9.384285712613144,11.758684733714826,,0.0,Neutral
2017-01-26,675.0,680.0,648.0,662.0,37783.0,685.8,696.3,704.3,24.35897435460224,-12.94769017214287,-10.09696660451909,16.166151194537775,,0.0,Neutral
2017-01-30,662.0,663.0,635.0,640.0,27467.0,673.8,688.9,700.45,15.624999997721346,-16.300490769784915,-11.337671437572254,22.75692812701135,,0.0,Neutral
2017-01-31,640.0,655.0,616.0,655.0,26333.0,664.4,684.0,696.95,21.359223298067676,-17.54498706970628,-12.579134563999059,24.36299561949884,2017-01-31,-0.8657135367393494,Strongly Negative
2017-02-01,655.0,695.0,656.0,691.0,25633.0,664.6,682.5,695.95,41.72661870083329,-15.448282038935872,-13.152964058986422,23.296399340292492,,0.0,Neutral
2017-02-02,691.0,713.0,671.0,685.0,28849.0,666.6,680.2,694.6,39.58333332948495,-14.108148102703353,-13.34400086772981,21.570556063510242,,0.0,Neutral
2017-02-05,685.0,685.0,665.0,676.0,20381.0,669.4,677.6,693.05,37.499999996546045,-13.61535771844467,-13.398272237872783,20.172588662179013,,0.0,Neutral
2017-02-06,676.0,681.0,664.0,675.0,13330.0,676.4,675.1,691.7,39.86013985623747,-13.153879694100283,-13.349393729118283,18.57387651754527,,0.0,Neutral
2017-02-07,675.0,680.0,665.0,678.0,15414.0,681.0,672.7,690.3,40.27777777386188,-12.403104835208183,-13.160135950336263,16.09727375123949,,0.0,Neutral
2017-02-08,678.0,680.0,665.0,670.0,19225.0,676.8,670.7,688.1,37.33333332984889,-12.311721628552505,-12.990453085979514,14.907492523340323,,0.0,Neutral
2017-02-09,670.0,670.0,658.0,660.0,23520.0,671.8,669.2,685.4,36.363636360330574,-12.897541376858612,-12.971870744155334,15.178932768811801,,0.0,Neutral
2017-02-12,660.0,660.0,637.0,651.0,17696.0,666.8,668.1,682.2,34.78260869262759,-13.927485152575855,-13.162993625839437,16.12761606686198,,0.0,Neutral
2017-02-13,651.0,664.0,638.0,650.0,27499.0,661.8,669.1,679.0,33.74999999704687,-14.65547545944753,-13.461489992561058,14.41025869149003,,0.0,Neutral
2017-02-14,650.0,664.0,645.0,660.0,29010.0,658.2,669.6,676.8,40.50632911033488,-14.261103472416039,-13.621412688532054,13.945927322663028,,0.0,Neutral
2017-02-15,660.0,679.0,657.0,679.0,19178.0,660.0,668.4,675.45,51.23456789680689,-12.273933357534702,-13.351916822332585,12.321616055628745,,0.0,Neutral
2017-02-16,679.0,695.0,671.0,690.0,34400.0,666.0,668.9,674.55,58.74999999485937,-9.69966693296908,-12.621466844459885,13.144073442687942,,0.0,Neutral
2017-02-19,690.0,700.0,682.0,691.0,26719.0,674.0,670.4,674.0,68.3453237341235,-7.49248193442952,-11.595669862453812,14.796395957578552,,0.0,Neutral
2017-02-20,691.0,705.0,686.0,691.0,33066.0,682.2,672.0,673.55,64.51612902497399,-5.677821528913569,-10.412100195745763,16.15205525278466,,0.0,Neutral
2017-02-21,691.0,704.0,680.0,689.0,19029.0,688.0,673.1,672.9,48.88888888128395,-4.350918686655632,-9.199863893927738,16.96041142058999,,0.0,Neutral
2017-02-22,689.0,690.0,669.0,683.0,12420.0,688.8,674.4,672.55,48.88888888128395,-3.7403718024175987,-8.10796547562571,17.19302184027371,,0.0,Neutral
2017-02-23,683.0,687.0,676.0,685.0,9315.0,687.8,676.9,673.05,55.42168673763972,-3.0598536247107404,-7.098343105442717,16.676330531628903,,0.0,Neutral
2017-02-26,685.0,690.0,667.0,670.0,17692.0,683.6,678.8,673.45,47.42268040552662,-3.688395182066074,-6.416353520767388,14.312387796751109,,0.0,Neutral
2017-02-28,670.0,670.0,650.0,669.0,24369.0,679.2,680.7,674.9,45.26315788806648,-4.218581357406492,-5.976799088095209,10.924488292116795,,0.0,Neutral
2017-03-01,669.0,674.0,660.0,670.0,12074.0,675.4,681.7,675.65,49.99999999204545,-4.506122305523263,-5.682663731580821,9.129317852096104,,0.0,Neutral
2017-03-02,670.0,680.0,670.0,674.0,17595.0,673.6,681.2,674.8,58.5365853558596,-4.3609635348964275,-5.418323692243942,9.42573309852336,,0.0,Neutral
2017-03-05,674.0,699.0,674.0,690.0,21950.0,674.6,681.2,675.05,71.91011234823885,-2.921184286856601,-4.9188958111664745,9.42573309852336,,0.0,Neutral
2017-03-06,690.0,704.0,690.0,692.0,17182.0,679.0,681.3,675.85,73.33333332192592,-1.6003181034994896,-4.255180269633078,9.545796049695221,,0.0,Neutral
2017-03-07,692.0,692.0,675.0,685.0,18439.0,682.2,680.7,676.35,64.36781608159598,-1.1056187506870856,-3.6252679658438796,9.043720964793273,,0.0,Neutral
2017-03-09,685.0,692.0,683.0,687.0,23991.0,685.6,680.5,676.8,55.714285703142856,-0.5458899842305982,-3.0093923695212235,8.86002257334324,,0.0,Neutral
2017-03-13,687.0,700.0,691.0,691.0,13864.0,689.0,681.3,677.85,50.79365078236332,0.21795323717230985,-2.363923248182517,9.45221902225076,,0.0,Neutral
2017-03-14,691.0,700.0,683.0,690.0,11882.0,689.0,681.8,679.35,49.20634919541446,0.7341500261670717,-1.7443085933125992,9.795690662516455,,0.0,Neutral
2017-03-15,690.0,695.0,684.0,690.0,10358.0,688.6,683.8,681.3,49.20634919541446,1.1302113277877197,-1.1694046090925354,9.13844139398371,,0.0,Neutral
2017-03-16,690.0,700.0,692.0,696.0,13333.0,690.8,686.5,683.6,55.223880585475605,1.9062683438405656,-0.5542700185059152,8.222597589039893,2017-03-16,-0.2622116208076477,Negative
2017-03-19,696.0,699.0,690.0,696.0,19784.0,692.6,689.1,685.4,60.65573769099704,2.492566366744086,0.05509725854408504,6.314885412892346,,0.0,Neutral
2017-03-20,696.0,708.0,696.0,708.0,38630.0,696.0,692.5,686.85,66.19718308553858,3.88077631213298,0.8202330692618641,6.4334196885547295,2017-03-20,0.9240095019340516,Strongly Positive
2017-03-21,708.0,728.0,704.0,720.0,33889.0,702.0,695.5,688.35,86.76470586448961,5.881444772911891,1.8324754099918696,10.710846008716004,,0.0,Neutral
2017-03-22,720.0,753.0,720.0,725.0,52734.0,709.0,698.8,690.05,88.88888887160493,7.780755449899289,3.0221314179733536,14.069667926279312,,0.0,Neutral
2017-03-23,725.0,743.0,718.0,718.0,33577.0,713.4,702.1,691.4,80.76923075473373,8.621745234434684,4.14205418126562,14.340695783531027,,0.0,Neutral
2017-03-26,718.0,755.0,718.0,738.0,70359.0,721.8,707.2,693.85,84.04255317897238,10.777828453265215,5.469209035665539,17.16456297790506,,0.0,Neutral
2017-03-28,738.0,805.0,745.0,785.0,42031.0,737.2,716.6,698.95,87.999999990144,16.093530935787385,7.594073415689909,28.97968637205209,,0.0,Neutral
2017-03-29,785.0,819.0,785.0,790.0,40545.0,751.2,726.6,704.2,88.28124999034424,20.473713439919834,10.170001420535893,35.337106716756324,,0.0,Neutral
2017-03-30,790.0,789.0,770.0,780.0,34014.0,762.2,735.6,709.7,86.25954197551424,22.874440889711195,12.710889314370956,36.42404578175599,,0.0,Neutral
2017-04-02,780.0,816.0,790.0,816.0,22372.0,781.8,747.6,717.05,89.09090908334986,27.36647019208658,15.642005489914082,41.360743599595715,2017-04-02,0.903369665145874,Strongly Positive
2017-04-03,816.0,867.0,786.0,808.0,75916.0,795.8,758.8,723.95,84.61538460837505,29.935821124807035,18.500768616892675,40.998102937146626,,0.0,Neutral
2017-04-04,808.0,821.0,780.0,801.0,35142.0,799.0,768.1,730.3,81.71428570774857,31.04929184275261,21.010473262064664,38.67657918919715,,0.0,Neutral
2017-04-06,801.0,800.0,785.0,794.0,16269.0,799.8,775.5,735.5,78.57142856538461,31.0094265437898,23.01026391840969,35.390676738379675,,0.0,Neutral
2017-04-09,794.0,801.0,782.0,789.0,30516.0,801.6,781.9,740.35,75.6906077289521,30.22594887031414,24.453400908790584,30.7225939298473,,0.0,Neutral
2017-04-10,789.0,816.0,785.0,816.0,38606.0,801.6,791.7,746.9,78.8461538408469,31.421503982316835,25.847021523495837,22.642388959169605,,0.0,Neutral
2017-04-11,816.0,831.0,812.0,820.0,44062.0,804.0,799.9,753.55,77.99999999454,32.319200962007585,27.141457411198186,14.371654200022444,,0.0,Neutral
2017-04-12,820.0,836.0,810.0,816.0,53802.0,807.0,803.0,759.8,74.99999999453125,32.33512650493333,28.180191229945216,14.142135623751818,,0.0,Neutral
2017-04-13,816.0,815.0,785.0,801.0,27589.0,808.4,804.1,765.35,68.81188118334967,30.78253111543154,28.70065920704248,13.428411008857923,,0.0,Neutral
2017-04-16,801.0,810.0,778.0,781.0,21969.0,806.8,804.2,769.9,64.65116278648783,27.619870555389525,28.48450147671189,13.231276078567083,,0.0,Neutral
2017-04-18,781.0,781.0,762.0,770.0,19288.0,797.6,799.6,773.6,57.76699028733622,23.94975335814422,27.577551852998358,16.31086890527365,,0.0,Neutral
2017-04-19,770.0,834.0,756.0,818.0,17418.0,797.2,800.6,779.7,57.97101448883287,24.630433578443103,26.98812819808731,17.16715209671345,,0.0,Neutral
2017-04-20,818.0,824.0,790.0,798.0,21677.0,793.6,800.3,784.2,51.801801798535024,23.28759975014816,26.24802250849948,17.18558827753724,,0.0,Neutral
2017-04-23,798.0,861.0,805.0,820.0,39315.0,797.4,802.9,789.2,58.54700854350573,23.725121967294285,25.743442400258445,18.070540790054796,,0.0,Neutral
2017-04-24,820.0,818.0,800.0,810.0,24906.0,803.2,805.0,793.45,48.557692304424,22.999817471129063,25.194717414432567,17.486502731489068,,0.0,Neutral
2017-04-25,810.0,807.0,796.0,798.0,20413.0,808.8,803.2,797.45,47.64150943081613,21.212187823465456,24.398211496239146,17.15161152132267,,0.0,Neutral
2017-04-26,798.0,800.0,791.0,795.0,18004.0,804.2,800.7,800.3,48.557692304424,19.330572711210834,23.384683739233488,16.22789094260332,,0.0,Neutral
2017-04-27,795.0,797.0,785.0,790.0,24866.0,802.6,798.1,800.55,49.02912621026016,17.237221011168458,22.15519119362048,15.573838462145995,,0.0,Neutral
2017-04-30,790.0,789.0,770.0,777.0,24938.0,794.0,795.7,799.9,47.196261679155384,14.36365804377158,20.596884563650704,16.872396918586965,,0.0,Neutral
2017-05-02,777.0,785.0,768.0,775.0,36007.0,787.0,795.1,799.65,39.153439150538894,11.789058476223886,18.835319346165342,17.546446300557303,,0.0,Neutral
2017-05-03,775.0,800.0,775.0,780.0,27394.0,783.4,796.1,797.85,39.47368420761774,10.0364342170202,17.075542320336314,16.189502771875564,2017-05-03,-0.7306919097900391,Strongly Negative
2017-05-04,780.0,783.0,773.0,780.0,17335.0,780.4,792.3,796.45,40.322580642126255,8.548920233689387,15.370217903006928,14.885115608124142,,0.0,Neutral
2017-05-07,780.0,780.0,750.0,760.0,41285.0,774.4,788.5,794.4,39.26701570392807,5.69062386231974,13.434299094869491,17.82788078639399,,0.0,Neutral
2017-05-08,760.0,772.0,755.0,762.0,19326.0,771.4,782.7,792.8,44.508670516629365,3.545911618513742,11.456621599598343,15.755422347047977,,0.0,Neutral
2017-05-09,762.0,774.0,751.0,770.0,26633.0,770.4,778.7,791.85,49.99999999588235,2.4633489019305443,9.657967060064783,12.867271142988331,,0.0,Neutral
2017-05-11,770.0,776.0,765.0,769.0,19677.0,768.2,775.8,789.5,30.081300809584235,1.5073427974631386,8.027842207544454,11.193251935402593,,0.0,Neutral
2017-05-15,769.0,780.0,765.0,765.0,17183.0,765.2,772.8,786.75,34.57943924781203,0.4220691509719927,6.506687596229962,9.342852288749159,,0.0,Neutral
2017-05-16,765.0,770.0,756.0,767.0,18581.0,766.6,770.5,784.3,19.540229881913078,-0.27348221480860957,5.150653634022247,7.230337321195159,,0.0,Neutral
2017-05-17,767.0,771.0,752.0,765.0,20482.0,767.2,769.3,782.5,21.518987337958663,-0.9748574191687567,3.9255514233840465,7.024560089068252,2017-05-17,0.9115880727767944,Strongly Positive
2017-05-18,765.0,775.0,755.0,765.0,18557.0,766.2,768.3,781.7,25.373134323056362,-1.513258420656939,2.8377894545758493,6.832113712333893,,0.0,Neutral
2017-05-21,765.0,770.0,755.0,759.0,26516.0,764.2,766.2,781.15,24.28571428085715,-2.396469935547543,1.7909375765511708,6.014796569980913,,0.0,Neutral
2017-05-22,759.0,761.0,751.0,759.0,12679.0,763.0,764.1,778.2,26.15384614821302,-3.0611345704556925,0.8205231471497982,3.98469293399722,,0.0,Neutral
2017-05-23,759.0,780.0,755.0,765.0,16863.0,762.6,764.6,776.55,39.65517240422116,-3.068366012956858,0.04274531512846702,3.7178249316896874,,0.0,Neutral
2017-05-24,765.0,770.0,755.0,760.0,16152.0,761.6,764.4,773.55,37.70491802413329,-3.4379249378457644,-0.6533887354663792,3.9214509786874023,,0.0,Neutral
2017-05-28,760.0,760.0,750.0,754.0,31735.0,759.4,762.8,770.75,29.032258057960462,-4.166919252925709,-1.3560948389582452,4.589843860866328,,0.0,Neutral
2017-05-30,754.0,761.0,745.0,745.0,27135.0,756.6,760.4,768.1,25.352112671057327,-5.408531103738483,-2.166582091914293,6.752777206487553,,0.0,Neutral
2017-05-31,745.0,756.0,740.0,752.0,29171.0,755.2,759.1,765.95,43.103448265457786,-5.761263680828392,-2.885518409697113,7.015063158059565,,0.0,Neutral
2017-06-01,752.0,763.0,754.0,756.0,20857.0,753.4,758.0,764.25,44.9999999895,-5.65287736737082,-3.4389902012318547,6.480740698442574,,0.0,Neutral
2017-06-04,756.0,757.0,743.0,750.0,27274.0,751.4,756.5,762.9,32.758620681747914,-5.98217153925043,-3.94762646883557,6.416125518341398,,0.0,Neutral
2017-06-05,750.0,760.0,745.0,752.0,23083.0,751.0,755.2,761.75,35.59322033053719,-6.012448493979377,-4.360590873864331,5.7888782256627165,,0.0,Neutral
2017-06-06,752.0,769.0,753.0,764.0,27231.0,754.8,755.7,760.95,49.253731332991755,-5.010386865986675,-4.4905500722888005,6.34297511691286,,0.0,Neutral
2017-06-07,764.0,770.0,755.0,758.0,26783.0,756.0,755.6,759.85,43.661971822376515,-4.646829899713339,-4.521806037773708,6.292853089056034,,0.0,Neutral
2017-06-08,758.0,757.0,746.0,754.0,14957.0,755.6,754.5,759.55,42.46575341651342,-4.628124813320028,-4.543069792882973,5.359311730312088,,0.0,Neutral
2017-06-11,754.0,769.0,740.0,750.0,12314.0,755.6,753.5,758.95,40.25974025242031,-4.879815987076654,-4.610419031721709,5.1478150705357715,,0.0,Neutral
2017-06-12,750.0,750.0,739.0,742.0,11829.0,753.6,752.3,757.55,39.240506322159916,-5.659576126206957,-4.820250450618759,6.290204024282345,,0.0,Neutral
2017-06-13,742.0,755.0,739.0,745.0,29937.0,749.8,752.3,756.35,41.46341462706722,-5.966686478788233,-5.049537656252654,6.290204024282345,2017-06-13,-0.3402639031410217,Negative
2017-06-14,745.0,749.0,740.0,743.0,13969.0,746.8,751.4,755.25,35.89743589099277,-6.298847735325808,-5.299399672067285,6.947421584091094,,0.0,Neutral
2017-06-15,743.0,758.0,739.0,745.0,12702.0,745.0,750.3,754.15,39.999999992533326,-6.327762135914327,-5.505072164836694,7.00872472156288,,0.0,Neutral
2017-06-18,745.0,750.0,733.0,735.0,18810.0,742.0,748.8,752.65,37.9746835375741,-7.076025416877769,-5.819262815244909,8.521867296704498,,0.0,Neutral
2017-06-19,735.0,749.0,731.0,736.0,8270.0,740.8,747.2,751.2,43.661971822376515,-7.501861031115368,-6.155782458419001,9.319036669359038,,0.0,Neutral
2017-06-20,736.0,737.0,728.0,733.0,13251.0,738.4,744.1,749.9,35.8208955149031,-7.989317868126477,-6.522489540360496,8.198238293164861,,0.0,Neutral
2017-06-21,733.0,734.0,720.0,733.0,11754.0,736.4,741.6,748.6,31.74603173897708,-8.280182137942802,-6.874028059876958,7.2449215930391135,,0.0,Neutral
2017-06-22,733.0,742.0,721.0,738.0,8215.0,735.0,740.0,747.25,40.322580636056195,-8.014845800756802,-7.102191608052927,5.830951894878768,,0.0,Neutral
2017-06-25,738.0,745.0,732.0,743.0,11518.0,736.6,739.3,746.4,43.07692306764497,-7.316763533152539,-7.14510599307285,4.831608887817022,2017-06-25,0.5699232816696167,Positive
2017-06-27,743.0,754.0,735.0,745.0,19157.0,738.4,739.6,745.95,32.727272718942146,-6.52690690146062,-7.021466174750405,5.103375789106019,,0.0,Neutral
2017-06-28,745.0,752.0,740.0,744.0,16539.0,740.6,739.5,745.9,35.99999998992,-5.9134647324545995,-6.7998658862912436,4.99444135462948,,0.0,Neutral
2017-07-02,744.0,749.0,728.0,731.0,17201.0,740.2,738.3,744.85,30.50847456903189,-6.402494774031652,-6.720391663839326,5.478239782219804,,0.0,Neutral
2017-07-03,731.0,745.0,731.0,740.0,9996.0,740.6,737.8,744.05,42.187499990771485,-5.994726347642882,-6.575258600600038,5.006662228176525,,0.0,Neutral
2017-07-04,740.0,744.0,730.0,740.0,14893.0,740.0,738.3,743.55,48.21428570223214,-5.606933690527626,-6.381593618585556,4.945255863546408,,0.0,Neutral
2017-07-05,740.0,747.0,741.0,747.0,18690.0,740.4,739.4,743.3,51.666666654611106,-4.680806296029687,-6.041436154074383,5.561774297265365,,0.0,Neutral
2017-07-06,747.0,759.0,745.0,757.0,20816.0,743.0,741.8,742.95,60.294117634645325,-3.1041445904139664,-5.4539778413423,7.375635565861156,2017-07-06,0.919745922088623,Strongly Positive
2017-07-09,757.0,772.0,752.0,767.0,33429.0,750.2,745.2,743.4,64.47368419864958,-1.0357726604823938,-4.570336805170319,10.1740410413718,,0.0,Neutral
2017-07-10,767.0,764.0,753.0,762.0,8593.0,754.6,747.6,743.8,69.01408449343384,0.1976899360221296,-3.6167314569318294,11.077504733085219,2017-07-10,0.8063997626304626,Strongly Positive
2017-07-11,762.0,769.0,750.0,766.0,65169.0,759.8,749.9,744.6,70.27027025697589,1.4809134525310128,-2.5972024750392615,12.332882874673782,,0.0,Neutral
2017-07-12,766.0,774.0,764.0,771.0,13583.0,764.6,752.5,746.05,74.9999999861842,2.8682718947812873,-1.5041076010751517,13.834337312980315,,0.0,Neutral
2017-07-13,771.0,774.0,764.0,770.0,21118.0,767.2,755.1,747.3,74.02597401251475,3.8427746983130646,-0.43473114119750855,14.487159065124436,,0.0,Neutral
2017-07-16,770.0,775.0,760.0,775.0,10891.0,768.8,759.5,748.9,74.02597401251475,4.961342140415809,0.644483515125155,12.955050495223404,,0.0,Neutral
2017-07-17,775.0,800.0,766.0,780.0,19271.0,772.4,763.5,750.65,74.02597401251475,6.180033530776427,1.7515935182554094,12.429802894674916,,0.0,Neutral
2017-07-18,780.0,800.0,785.0,800.0,31686.0,779.2,769.5,753.9,78.94736840941827,8.659862585551537,3.133247331714635,14.183323540946125,,0.0,Neutral
2017-07-19,800.0,813.0,790.0,802.0,20719.0,785.4,775.0,757.2,80.20833332163627,10.663604863958767,4.639318838163462,15.121728296301859,,0.0,Neutral
2017-07-20,802.0,805.0,793.0,800.0,24837.0,791.4,779.3,760.55,90.58823527919724,11.952421693321071,6.1019394091949835,15.542415084766969,,0.0,Neutral
2017-07-23,800.0,802.0,782.0,786.0,35570.0,793.6,781.2,763.2,75.55555554380246,11.7091594178263,7.223383410921247,15.02442455915918,2017-07-23,0.9145938754081726,Strongly Positive
2017-07-24,786.0,790.0,774.0,774.0,12394.0,792.4,782.4,765.0,66.66666665751634,10.427866644514665,7.864280057639931,13.745302227811141,,0.0,Neutral
2017-07-25,774.0,786.0,761.0,779.0,24363.0,788.2,783.7,766.8,65.99999999076,9.704029096825934,8.232229865477132,12.587913073901372,,0.0,Neutral
2017-07-26,779.0,784.0,772.0,773.0,12873.0,782.4,783.9,768.2,58.333333324826384,8.547700202234182,8.295323932828541,12.377847596074748,,0.0,Neutral
2017-07-27,773.0,780.0,770.0,775.0,12738.0,777.4,784.4,769.75,54.545454536776866,7.703878986218115,8.177034943506456,11.843422928664282,,0.0,Neutral
2017-07-30,775.0,778.0,763.0,776.0,12635.0,775.4,784.5,772.0,58.33333332361111,7.03474408493787,7.948576771792739,11.75915718826491,,0.0,Neutral
2017-07-31,776.0,785.0,775.0,777.0,17027.0,776.0,784.2,773.85,56.79012344697455,6.510097149918579,7.660880847417907,11.92383234444032,2017-07-31,0.5858557224273682,Positive
2017-08-01,777.0,782.0,769.0,771.0,12583.0,774.4,781.3,775.4,49.99999999146342,5.54622736151407,7.237950150237141,11.155965021282935,,0.0,Neutral
2017-08-02,771.0,780.0,771.0,775.0,10905.0,774.8,778.6,776.8,52.941176461868515,5.046942172746981,6.799748554739109,8.553102101347704,,0.0,Neutral
2017-08-03,775.0,778.0,768.0,776.0,19687.0,775.0,776.2,777.75,50.61728394186862,4.6780213875561,6.375403121302507,4.077035960441876,,0.0,Neutral
2017-08-06,776.0,778.0,770.0,772.0,15999.0,774.2,774.8,778.0,44.999999992125005,4.016581782206572,5.90363885348332,2.3944379995819816,,0.0,Neutral
2017-08-07,772.0,775.0,769.0,770.0,16931.0,772.8,774.4,778.4,25.80645160707597,3.2930426978761034,5.3815196223618775,2.8362729849138004,,0.0,Neutral
2017-08-09,770.0,773.0,770.0,773.0,17218.0,773.2,773.8,778.75,26.984126978130504,2.927956034108661,4.890806904711234,2.3475755816621433,,0.0,Neutral
2017-08-10,773.0,774.0,769.0,770.0,19340.0,772.2,773.5,778.7,26.56249999418945,2.3692362145289962,4.386492766674787,2.63523138356931,,0.0,Neutral
2017-08-13,770.0,780.0,764.0,769.0,16775.0,770.8,772.9,778.65,33.333333324183,1.8247208434676168,3.8741383820333537,2.9230881692050414,,0.0,Neutral
2017-08-15,769.0,773.0,764.0,764.0,24861.0,769.2,771.7,778.1,38.63636362407024,0.9784512981235594,3.295000965251395,3.8311588035835085,,0.0,Neutral
2017-08-16,764.0,775.0,760.0,770.0,18899.0,769.2,771.0,777.6,39.999999987555555,0.7829016395420467,2.7925811001095258,3.366501646194219,,0.0,Neutral
2017-08-17,770.0,774.0,765.0,770.0,20257.0,768.6,770.9,776.1,46.15384613727811,0.6207712615703258,2.3582191324016857,3.381321240850683,,0.0,Neutral
2017-08-20,770.0,775.0,766.0,766.0,26910.0,767.8,770.0,774.3,39.02439023057703,0.16758340120418325,1.9200919861621852,3.3665016461936506,,0.0,Neutral
2017-08-21,766.0,770.0,764.0,768.0,14228.0,767.6,769.2,772.7,40.47619046269841,-0.02984393556357645,1.5301048018170331,2.658320271742076,,0.0,Neutral
2017-08-22,768.0,772.0,765.0,768.0,20423.0,768.4,768.8,771.8,39.02439023057703,-0.18418337108744254,1.187247167236138,2.48551358440555,,0.0,Neutral
2017-08-23,768.0,770.0,765.0,768.0,13884.0,768.0,768.6,771.5,45.714285696,-0.3030056254598321,0.889196608696944,2.458545188710277,,0.0,Neutral
2017-08-24,768.0,774.0,767.0,772.0,21681.0,768.4,768.5,771.15,45.714285696,-0.07355860964946714,0.6966455650276617,2.273030282937804,,0.0,Neutral
2017-08-27,772.0,782.0,770.0,778.0,16757.0,770.8,769.3,771.4,52.499999981624995,0.5856783242149959,0.6744521168651286,3.7727090179103477,,0.0,Neutral
2017-08-28,778.0,792.0,765.0,770.0,27594.0,771.2,769.4,771.15,47.72727271208678,0.45732346243687516,0.631026385979478,3.777124126522158,,0.0,Neutral
2017-08-30,770.0,780.0,761.0,773.0,20572.0,772.2,770.3,771.0,53.33333331674074,0.5908651124690323,0.6229941312773889,3.4009802509216733,,0.0,Neutral
2017-08-31,773.0,773.0,760.0,764.0,36905.0,771.4,769.7,770.35,41.176470576931955,-0.02919046214935861,0.49255721259203944,3.945461527775554,,0.0,Neutral
2017-09-04,764.0,767.0,755.0,757.0,27029.0,768.4,768.4,769.65,38.18181817209918,-1.0730608928372476,0.17943359150618204,5.621387729065256,,0.0,Neutral
2017-09-06,757.0,805.0,742.0,762.0,91979.0,765.2,768.0,769.0,44.06779659971273,-1.4798190833438412,-0.15241694346382262,5.944184833416365,2017-09-06,0.6898687481880188,Strongly Positive
2017-09-07,762.0,773.0,761.0,762.0,41271.0,763.6,767.4,768.3,48.148148135665295,-1.781640240198385,-0.47826160281073515,6.239658110330621,2017-09-07,0.4772456586360931,Positive
2017-09-10,762.0,764.0,746.0,748.0,30799.0,758.6,765.4,767.1,32.25806450884495,-3.114615331862751,-1.0055323486211383,8.733078876727262,,0.0,Neutral
2017-09-11,748.0,752.0,742.0,748.0,22389.0,755.4,763.4,766.0,32.25806450884495,-4.123474844342127,-1.629120847765336,10.232844722342666,,0.0,Neutral
2017-09-12,748.0,749.0,740.0,740.0,20211.0,752.0,760.2,764.35,30.303030296602387,-5.505077313158267,-2.4043121408439223,12.081206709431292,,0.0,Neutral
2017-09-13,740.0,745.0,735.0,740.0,44785.0,747.6,756.4,762.85,28.124999993847666,-6.5247934660693545,-3.228408405889009,11.834037537750236,,0.0,Neutral
2017-09-14,740.0,770.0,736.0,751.0,37496.0,745.4,754.5,761.95,38.66666665944889,-6.371866879705522,-3.8571001006523122,10.895972752473833,,0.0,Neutral
2017-09-17,751.0,790.0,751.0,770.0,25632.0,749.8,754.2,762.25,51.06382977962879,-4.663769219395363,-4.018433924400923,10.358034991701748,,0.0,Neutral
2017-09-18,770.0,781.0,756.0,761.0,21855.0,752.4,753.9,761.8,44.44444443815937,-3.990316417506733,-4.012810423022085,10.082437976798236,,0.0,Neutral
2017-09-20,761.0,772.0,760.0,768.0,25070.0,758.0,755.0,761.7,44.9999999937,-2.858804206140917,-3.7820091796458515,11.015141094591812,,0.0,Neutral
2017-09-24,768.0,769.0,757.0,760.0,27750.0,762.0,754.8,761.4,44.9999999937,-2.5778894626931788,-3.541185236255317,10.891382934350137,,0.0,Neutral
2017-09-25,760.0,762.0,756.0,757.0,24270.0,763.2,754.3,760.85,41.99999999412,-2.567738145602334,-3.346495818124721,10.635893108839124,2017-09-25,0.923499882221222,Strongly Positive
2017-09-26,757.0,765.0,757.0,764.0,42483.0,762.0,755.9,760.65,49.99999999285714,-1.9721183029174654,-3.07162031508327,10.785278031773561,,0.0,Neutral
2017-10-03,764.0,768.0,757.0,764.0,64114.0,762.6,757.5,760.45,53.84615383786983,-1.48299029736188,-2.753894311538992,10.669270515540141,2017-10-03,0.9190369248390198,Strongly Positive
2017-10-04,664.0,665.0,644.0,645.0,17862.0,738.0,748.0,754.1,21.463414632680553,-10.575747668537815,-4.318264982938757,37.22603628884204,,0.0,Neutral
2017-10-08,645.0,647.0,620.0,629.0,19739.0,711.8,736.9,746.65,19.909502261182197,-18.85553480927649,-7.225718948206305,53.05856303285529,,0.0,Neutral
2017-10-09,629.0,641.0,618.0,623.0,11784.0,685.0,724.1,739.3,20.657276993947406,-25.60630211544742,-10.90183558165453,63.659598211461926,,0.0,Neutral
2017-10-10,623.0,623.0,611.0,620.0,13716.0,656.2,709.1,731.65,20.37037036905008,-30.842871348311405,-14.890042734985904,69.0836047441411,2017-10-10,0.8729277849197388,Strongly Positive
2017-10-11,620.0,624.0,619.0,620.0,12682.0,627.4,695.0,724.45,21.153846152422346,-34.594110817383466,-18.830856351465417,71.6550378162252,,0.0,Neutral
2017-10-12,620.0,626.0,620.0,625.0,12238.0,623.4,680.7,717.85,23.004694834168717,-36.740020819449796,-22.412689245062296,69.7105922128541,,0.0,Neutral
2017-10-15,625.0,628.0,620.0,623.0,4621.0,622.2,667.0,710.9,18.627450979113803,-38.16214380318331,-25.5625801566865,65.74360974438764,,0.0,Neutral
2017-10-16,623.0,660.0,624.0,660.0,19195.0,629.6,657.3,705.8,25.22522522363444,-35.889879544818655,-27.62804003431293,57.646528275537165,,0.0,Neutral
2017-10-17,660.0,665.0,640.0,650.0,13836.0,635.6,645.9,700.9,25.112107621741842,-34.498334846158855,-29.00209899668212,43.81387400761999,,0.0,Neutral
2017-10-18,650.0,655.0,646.0,650.0,18916.0,641.6,634.5,696.0,22.68518518371485,-33.01494985608451,-29.8046691685626,15.079419381690094,,0.0,Neutral
2017-10-22,650.0,660.0,646.0,646.0,11438.0,645.8,634.6,691.3,23.113207545643476,-31.795603213079517,-30.202855977465983,15.159888595310472,,0.0,Neutral
2017-10-23,646.0,653.0,645.0,647.0,4984.0,650.6,636.4,686.65,23.809523807936515,-30.398159510291293,-30.241916684031047,15.486194568783864,,0.0,Neutral
2017-10-24,647.0,648.0,639.0,647.0,7602.0,648.0,638.8,681.45,21.182266008391366,-28.956878438188824,-29.984909034862604,15.031818105457932,2017-10-24,0.8727173209190369,Strongly Positive
2017-10-25,647.0,648.0,644.0,644.0,7439.0,646.8,641.2,675.15,20.873786406348373,-27.736992943656332,-29.53532581662135,13.538422688367904,,0.0,Neutral
2017-10-29,644.0,645.0,635.0,636.0,8454.0,644.0,642.8,668.9,45.26315788806648,-27.10332775057634,-29.04892620341235,11.554700823091135,,0.0,Neutral
2017-10-30,636.0,645.0,632.0,636.0,9991.0,642.0,643.9,662.3,54.43037973718955,-26.29799658505135,-28.49874027974015,10.104454463257074,,0.0,Neutral
2017-10-31,636.0,638.0,631.0,635.0,11747.0,639.6,645.1,656.05,58.10810809711468,-25.44711893018075,-27.888416009828273,7.7952977279066635,,0.0,Neutral
2017-11-01,635.0,636.0,626.0,626.0,12492.0,635.4,641.7,649.5,53.74999999059375,-25.208429953513587,-27.35241879856534,7.986794656739171,,0.0,Neutral
2017-11-02,626.0,634.0,621.0,628.0,12849.0,632.2,639.5,642.7,54.87804877111839,-24.574603205942253,-26.796855680040725,8.462334849858628,,0.0,Neutral
2017-11-05,628.0,650.0,625.0,626.0,33255.0,630.2,637.1,635.8,50.63291138343215,-23.957506999657767,-26.228985943964137,8.556349169542075,2017-11-05,0.8775162696838379,Strongly Positive
2017-11-06,626.0,634.0,623.0,630.0,23265.0,629.0,635.5,635.05,54.32098764493218,-22.881918724082652,-25.559572499987844,8.195527235429907,,0.0,Neutral
2017-11-07,630.0,635.0,628.0,631.0,30828.0,628.2,633.9,635.15,17.77777777224692,-21.69868667086473,-24.78739533416322,7.202622979011107,,0.0,Neutral
2017-11-08,631.0,631.0,621.0,625.0,31122.0,628.0,631.7,635.25,19.51219511528852,-21.003007008988902,-24.030517669128358,6.019413038937137,,0.0,Neutral
2017-11-09,625.0,634.0,625.0,629.0,22964.0,628.2,630.2,635.7,26.66666665837036,-19.89952001453935,-23.204318138210557,4.211096452626181,,0.0,Neutral
2017-11-12,629.0,637.0,631.0,636.0,23745.0,630.2,630.2,636.5,39.58333332178819,-18.249784961742307,-22.213411502916905,4.211096452626181,,0.0,Neutral
2017-11-13,636.0,650.0,637.0,646.0,23934.0,633.4,631.2,637.55,49.122807005478606,-15.951561943605043,-20.96104159105453,6.3735564814484365,,0.0,Neutral
2017-11-14,646.0,663.0,642.0,656.0,28744.0,638.4,633.3,639.2,56.71641789859656,-13.171454884453624,-19.40312424973435,10.122033173011955,,0.0,Neutral
2017-11-15,656.0,669.0,651.0,659.0,20613.0,645.2,636.6,639.15,61.194029837959455,-10.603890038856775,-17.643277407558838,12.56273147934928,,0.0,Neutral
2017-11-16,659.0,658.0,634.0,651.0,14948.0,649.6,638.9,639.2,61.194029837959455,-9.109599746279741,-15.93654187530302,12.913816889931738,,0.0,Neutral
2017-11-19,651.0,657.0,640.0,650.0,18551.0,652.4,641.3,639.2,60.294117634645325,-7.914818465813141,-14.332197193405046,12.472636716696867,,0.0,Neutral
2017-11-20,650.0,659.0,636.0,650.0,18217.0,653.2,643.3,639.4,61.194029837959455,-6.888538904583584,-12.843465535640755,12.055888372263567,,0.0,Neutral
2017-11-21,650.0,650.0,643.0,647.0,9365.0,651.4,644.9,639.4,67.2131147386724,-6.245288092741703,-11.523830047060946,11.278790321269051,,0.0,Neutral
2017-11-22,647.0,658.0,646.0,647.0,11535.0,649.0,647.1,639.4,66.10169489956908,-5.6701452846861,-10.353093094585976,8.849984306329143,,0.0,Neutral
2017-11-23,647.0,657.0,647.0,654.0,11954.0,649.6,649.6,639.9,71.87499998427734,-4.596513223848547,-9.201777120438491,6.345602151626466,,0.0,Neutral
2017-11-26,654.0,670.0,658.0,665.0,17482.0,652.6,652.5,641.35,74.64788730922436,-2.8254737092453297,-7.926516438199859,6.059886320905161,2017-11-26,0.8804852366447449,Strongly Positive
2017-11-27,665.0,669.0,663.0,667.0,17346.0,656.0,654.6,642.9,74.99999998541666,-1.2461638478411032,-6.590445920128109,7.1055533837251925,,0.0,Neutral
2017-11-28,667.0,669.0,666.0,666.0,13013.0,659.8,655.6,644.45,80.59701490853197,-0.07438359918728565,-5.287233455939945,7.974960814956,,0.0,Neutral
2017-11-29,666.0,692.0,669.0,674.0,20357.0,665.2,657.1,646.85,81.69014082896251,1.4827021637090638,-3.933246332010143,9.870832453923173,,0.0,Neutral
2017-11-30,674.0,682.0,672.0,680.0,20562.0,670.4,660.0,649.45,81.42857141228572,3.164376739611157,-2.513721717685883,11.925695880003124,,0.0,Neutral
2017-12-04,680.0,690.0,671.0,674.0,20086.0,672.2,662.4,651.85,71.2121211970156,3.9672342934990183,-1.2175305154489031,12.103259432442156,,0.0,Neutral
2017-12-05,674.0,675.0,666.0,675.0,10378.0,673.8,664.9,654.1,66.6666666502924,4.630815177103386,-0.047861376938445166,11.836384583145364,,0.0,Neutral
2017-12-06,675.0,684.0,674.0,677.0,16208.0,676.0,667.9,656.4,66.07142855491071,5.257486066798037,1.0132081118088514,10.52457441737195,,0.0,Neutral
2017-12-10,677.0,690.0,668.0,671.0,13745.0,675.4,670.3,658.7,68.51851850075445,5.2099206833189555,1.8525506261108724,7.543208866267949,2017-12-10,0.2887242138385772,Positive
2017-12-11,671.0,675.0,666.0,667.0,17699.0,672.8,671.6,660.6,64.91228068581103,4.794193722663522,2.4408792454214026,5.16827931823154,,0.0,Neutral
2017-12-12,667.0,670.0,662.0,662.0,11019.0,670.4,671.3,661.9,59.67741934136316,4.014986631293368,2.7557007225957957,5.657836257020758,,0.0,Neutral
2017-12-13,662.0,671.0,655.0,669.0,18750.0,669.2,671.5,663.05,66.66666665252525,3.9171464698918044,2.9879898720549978,5.5226805086070625,,0.0,Neutral
2017-12-14,669.0,673.0,667.0,672.0,13519.0,668.2,672.1,663.85,68.11594201516488,4.035167466287817,3.1974253909015617,5.173651192998773,,0.0,Neutral
2017-12-17,672.0,671.0,658.0,664.0,12054.0,666.8,671.1,664.1,57.14285713142857,3.443472606298542,3.2466348339809583,5.704773829398599,,0.0,Neutral
2017-12-18,664.0,665.0,659.0,663.0,10223.0,666.0,669.4,664.7,48.33333332205555,2.860880079454546,3.169483883075676,5.274677451973899,,0.0,Neutral
2017-12-19,663.0,667.0,661.0,661.0,19643.0,665.8,668.1,665.25,44.9999999895,2.2122861615060856,2.9780443387617583,5.606543795732601,,0.0,Neutral
2017-12-20,661.0,664.0,651.0,651.0,18934.0,662.2,665.7,665.3,39.13043477466918,0.8811964974552211,2.558674770500451,7.2272631980202675,,0.0,Neutral
2017-12-21,651.0,660.0,642.0,650.0,28459.0,657.8,663.0,665.45,30.645161283402715,-0.25149422506274277,1.9966409713878122,7.5718777944079205,2017-12-21,-0.3327119648456573,Negative
2017-12-24,650.0,659.0,650.0,655.0,14490.0,656.0,661.4,665.85,29.50819671453911,-0.7372035464080682,1.449872067828636,7.381658952362768,,0.0,Neutral
2017-12-26,655.0,655.0,646.0,655.0,16709.0,654.4,660.2,665.9,32.727272718942146,-1.1093438574745278,0.9380288827680033,7.345444544454735,,0.0,Neutral
2017-12-27,655.0,651.0,640.0,650.0,16269.0,652.2,659.0,665.15,28.813559315196784,-1.7871250828687835,0.392998089640646,7.972173828740544,,0.0,Neutral
2017-12-28,650.0,650.0,633.0,649.0,13115.0,651.8,657.0,664.25,25.862068959274666,-2.377556241421189,-0.16111277657172107,7.688375063119912,,0.0,Neutral
2017-12-31,649.0,647.0,632.0,643.0,22912.0,650.4,654.1,663.1,25.862068959274666,-3.291682576567382,-0.7872267365708534,6.822348894957453,2017-12-31,-0.2461362779140472,Negative
2018-01-01,643.0,656.0,645.0,655.0,22737.0,650.4,653.2,662.15,40.909090900413226,-3.013101413772233,-1.2324016720111295,5.90291829898772,,0.0,Neutral
2018-01-02,655.0,665.0,650.0,660.0,22399.0,651.4,652.9,661.15,48.484848474563826,-2.361642082080607,-1.458249754025025,5.404730438346547,,0.0,Neutral
2018-01-03,660.0,660.0,656.0,657.0,8665.0,652.8,652.5,660.3,40.322580636056195,-2.0636424110163034,-1.5793282854232806,4.8591265790457,,0.0,Neutral
2018-01-04,657.0,659.0,649.0,659.0,16770.0,654.8,653.3,659.5,39.344262286052135,-1.6471054332763515,-1.5928837149938948,5.229191567013438,,0.0,Neutral
2018-01-07,659.0,661.0,655.0,656.0,7962.0,657.4,653.9,658.45,42.857142846428566,-1.541304605323262,-1.5825678930597684,5.152130088082651,,0.0,Neutral
2018-01-08,656.0,666.0,655.0,663.0,11855.0,659.0,654.7,658.05,49.999999988709675,-0.882442935498716,-1.4425429015475582,5.907622195103956,,0.0,Neutral
2018-01-09,663.0,669.0,659.0,667.0,16393.0,660.4,655.9,658.05,54.68749998803711,-0.03709612369311799,-1.1614535459766702,7.078135347680851,,0.0,Neutral
2018-01-10,667.0,668.0,658.0,658.0,15237.0,660.6,656.7,657.85,55.55555554320988,-0.0923133381053276,-0.9476255044024017,6.7831490556527765,,0.0,Neutral
2018-01-14,658.0,658.0,650.0,657.0,10234.0,660.2,657.5,657.25,55.55555554320988,-0.21429476434718708,-0.8009593563913588,6.222718234205788,2018-01-14,0.6992319822311401,Strongly Positive
2018-01-16,657.0,657.0,648.0,657.0,13776.0,660.4,658.9,656.5,51.724137918549346,-0.3074221522649623,-0.7022519155660796,3.6347092196228035,,0.0,Neutral
2018-01-17,657.0,655.0,647.0,652.0,9034.0,658.2,658.6,655.9,47.61904760846561,-0.7757422179868172,-0.7169499760502271,4.087922591147005,,0.0,Neutral
2018-01-21,652.0,656.0,652.0,653.0,7017.0,655.4,657.9,655.4,52.54237286888825,-1.0540472014669149,-0.7843694211335648,4.408325456840735,,0.0,Neutral
2018-01-22,653.0,655.0,650.0,652.0,9479.0,654.2,657.4,654.95,52.54237286888825,-1.339852562296528,-0.8954660493661575,4.788875998961396,,0.0,Neutral
2018-01-23,652.0,653.0,649.0,652.0,8678.0,653.2,656.7,655.0,58.49056602228551,-1.5485051662252545,-1.026073872737977,5.0343266128189885,,0.0,Neutral
2018-01-24,652.0,652.0,650.0,650.0,7464.0,651.8,656.1,655.0,44.186046497241755,-1.8538768055855144,-1.1916344593074846,5.466056876567346,,0.0,Neutral
2018-01-25,650.0,658.0,648.0,654.0,10001.0,652.2,655.2,654.95,42.85714284285715,-1.7529129696930568,-1.303890161384599,4.917090377231921,,0.0,Neutral
2018-01-28,654.0,661.0,655.0,661.0,16864.0,653.8,654.6,655.25,54.347826070415884,-1.0954294746810547,-1.2621980240438901,3.470510689298022,2018-01-28,0.5792793035507202,Positive
2018-01-29,661.0,663.0,659.0,663.0,13683.0,656.0,655.1,655.9,54.347826070415884,-0.408279391983001,-1.0914142976317123,4.2804464980082395,2018-01-29,0.4390380084514618,Positive
2018-01-31,663.0,669.0,660.0,666.0,18243.0,658.8,656.0,656.75,60.86956519886578,0.37405505334436384,-0.7983204274364971,5.497474167498512,,0.0,Neutral
2018-02-01,666.0,671.0,666.0,669.0,20450.0,662.6,657.2,658.05,57.14285712380952,1.2220486495028808,-0.39424661204862155,6.876691711061602,,0.0,Neutral
2018-02-04,669.0,676.0,669.0,673.0,15190.0,666.4,659.3,658.95,57.14285712380952,2.1915929353878028,0.12292129743866331,8.192815280617658,,0.0,Neutral
2018-02-05,673.0,680.0,672.0,673.0,15421.0,668.8,661.3,659.6,72.72727269641874,2.9262319863188395,0.6835834352146986,8.895067297234325,2018-02-05,0.8875495791435242,Strongly Positive
2018-02-06,673.0,674.0,666.0,668.0,10552.0,669.8,662.9,660.15,64.8648648403214,3.06959612039509,1.160785972250777,8.464960458009541,,0.0,Neutral
2018-02-07,668.0,668.0,662.0,663.0,9127.0,669.2,664.0,660.35,57.14285712380952,2.74807689643319,1.4782441570872598,7.557189365843858,,0.0,Neutral
2018-02-08,663.0,670.0,661.0,669.0,11466.0,669.2,665.9,661.0,69.76744183775014,2.943489733540787,1.771293272377965,5.839520528272606,,0.0,Neutral
2018-02-11,669.0,674.0,669.0,673.0,9298.0,669.2,667.8,661.5,71.73913041294897,3.3821352357357455,2.0934616650495212,4.467164151413923,,0.0,Neutral
2018-02-12,673.0,672.0,665.0,669.0,13569.0,668.4,668.6,661.6,67.34693875626823,3.368172193458463,2.3484037707313097,3.7771241264738498,,0.0,Neutral
2018-02-14,669.0,675.0,665.0,672.0,14909.0,669.2,669.5,662.3,69.23076921213018,3.558164998586335,2.590356016302315,3.3416562759794726,,0.0,Neutral
2018-02-15,672.0,685.0,673.0,683.0,46089.0,673.2,671.2,663.6,77.04918031018543,4.543963749058776,2.9810775628536073,5.18116246073934,,0.0,Neutral
2018-02-18,687.0,694.0,683.0,687.0,40995.0,676.8,673.0,665.1,77.04918031018543,5.583618453855706,3.5015857410540274,7.102425250896949,,0.0,Neutral
2018-02-20,691.0,694.0,680.0,682.0,23556.0,678.6,673.9,666.6,67.79661015340419,5.935671359849152,3.9884028648130525,7.651434142994413,,0.0,Neutral
2018-02-21,680.0,680.0,672.0,675.0,8701.0,679.8,674.1,667.7,59.37499998701172,5.585448749332841,4.3078120417170105,7.651434142994443,2018-02-21,0.8873353600502014,Strongly Positive
2018-02-22,677.0,680.0,670.0,673.0,10408.0,680.0,674.6,668.75,55.55555554320988,5.087861818024294,4.463821996978467,7.3665912515086935,,0.0,Neutral
2018-02-25,670.0,675.0,670.0,671.0,13051.0,677.6,675.4,669.7,51.61290321415192,4.480489016366391,4.467155400856052,6.328067986722643,2018-02-25,-0.471180111169815,Negative
2018-02-26,671.0,675.0,666.0,668.0,14545.0,673.8,675.3,670.6,45.90163933372749,3.714251191518997,4.316574558988641,6.447221623831922,,0.0,Neutral
2018-02-27,667.0,675.0,667.0,675.0,12352.0,672.4,675.5,671.65,51.47058822469724,3.629999320866318,4.179259511364177,6.398784606828407,,0.0,Neutral
2018-02-28,676.0,676.0,667.0,668.0,13515.0,671.0,675.4,672.0,49.99999999,2.964217948464693,3.9362511987842805,6.518350166186868,,0.0,Neutral
2018-03-04,662.0,665.0,650.0,652.0,23967.0,666.8,673.4,671.45,43.20987653574151,1.1324608282244526,3.375493124672315,9.879271228189594,,0.0,Neutral
2018-03-05,660.0,663.0,650.0,652.0,18800.0,663.0,670.3,670.75,38.66666665944889,-0.3155820531970903,2.637278089098434,11.294541454472332,,0.0,Neutral
2018-03-06,659.0,665.0,649.0,665.0,21436.0,662.4,668.1,670.55,45.23809523055555,-0.4094551705136382,2.02793143717602,9.711962840865086,,0.0,Neutral
2018-03-07,665.0,674.0,665.0,674.0,23127.0,662.2,667.3,670.6,52.808988755737914,0.23961238908759697,1.6702676275583355,8.718435129725469,,0.0,Neutral
2018-03-11,675.0,675.0,656.0,662.0,17580.0,661.0,666.0,670.05,44.89795917725947,-0.21185447890684372,1.2938432062652998,8.40634680861926,,0.0,Neutral
2018-03-12,663.0,665.0,652.0,653.0,20133.0,661.2,664.0,669.3,34.37499999498698,-1.2811022589148706,0.7788541132292658,8.919392106845986,,0.0,Neutral
2018-03-13,646.0,666.0,646.0,658.0,11944.0,662.4,662.7,669.05,35.05154638669359,-1.7053721462839349,0.2820088613266257,8.731170215580532,,0.0,Neutral
2018-03-14,660.0,662.0,658.0,660.0,6761.0,661.4,661.9,668.6,38.297872334721596,-1.858798728737952,-0.14615265668628982,8.556349169547488,,0.0,Neutral
2018-03-15,662.0,662.0,647.0,661.0,16357.0,658.8,660.5,668.0,42.0454545387655,-1.878049769364452,-0.49253207922192227,7.214953607311419,,0.0,Neutral
2018-03-18,664.0,664.0,655.0,656.0,6285.0,657.6,659.3,667.35,40.65934065308537,-2.270590615788592,-0.8481437865352563,6.81583124465772,,0.0,Neutral
2018-03-19,656.0,659.0,655.0,655.0,14330.0,658.0,659.6,666.5,41.111111104716045,-2.632033266225676,-1.2049216824733404,6.518350166183669,,0.0,Neutral
2018-03-20,652.0,655.0,650.0,654.0,21518.0,657.2,659.8,665.05,42.0454545387655,-2.9649922286340598,-1.5569357917054845,6.285786435380187,,0.0,Neutral
2018-03-21,653.0,653.0,646.0,649.0,17153.0,655.0,658.2,663.15,34.88372092455381,-3.5909288262059817,-1.9637343986055842,6.828046735510516,,0.0,Neutral
2018-03-22,642.0,653.0,640.0,645.0,29370.0,651.8,655.3,661.3,36.14457830715634,-4.359501045657453,-2.442887728015958,5.375872022294162,2018-03-22,0.7470237016677856,Strongly Positive
2018-03-26,645.0,645.0,626.0,635.0,37696.0,647.6,652.6,659.3,38.96103895395514,-5.709698641573482,-3.0962499107274626,7.848566748144346,,0.0,Neutral
2018-03-27,632.0,651.0,616.0,636.0,32305.0,643.8,650.9,657.45,39.74358973645627,-6.622705890321754,-3.801541106646321,9.43339222596839,,0.0,Neutral
2018-03-28,648.0,650.0,630.0,645.0,20399.0,642.0,649.6,656.15,36.48648647958364,-6.544603810106537,-4.350153647338365,9.240009620008292,2018-03-28,0.6803320646286011,Strongly Positive
2018-03-29,650.0,653.0,646.0,649.0,19971.0,642.0,648.5,655.2,31.884057964545264,-6.089742022928135,-4.698071322456319,8.488554385501711,,0.0,Neutral
2018-04-01,645.0,648.0,631.0,640.0,13651.0,641.0,646.4,653.45,33.33333332626262,-6.381918776302086,-5.034840813225473,7.604092465395239,,0.0,Neutral
2018-04-02,640.0,645.0,640.0,640.0,9602.0,642.0,644.8,652.05,38.59649121859033,-6.538103767961957,-5.3354934041727695,7.020604595684217,,0.0,Neutral
2018-04-03,640.0,647.0,636.0,645.0,16369.0,643.8,643.8,651.7,38.59649121859033,-6.187102222761382,-5.505815167890493,6.051629716222944,2018-04-03,0.7797063291072845,Strongly Positive
2018-04-04,645.0,660.0,645.0,656.0,19365.0,646.0,644.0,651.9,46.9696969597337,-4.964099847202533,-5.397472103752901,6.446359868608521,,0.0,Neutral
2018-04-05,660.0,667.0,657.0,665.0,26595.0,649.2,645.6,651.9,52.702702692731926,-3.2313874464402943,-4.964255172290381,9.215928240464384,,0.0,Neutral
2018-04-08,670.0,680.0,667.0,673.0,29947.0,655.8,648.4,651.85,61.03896102786304,-1.1988476743737237,-4.21117367270705,12.633289357885547,,0.0,Neutral
2018-04-09,676.0,681.0,663.0,664.0,21754.0,660.6,651.3,651.95,55.29411763795156,-0.3106886201976522,-3.4310766622051703,12.543701385337492,,0.0,Neutral
2018-04-10,674.0,674.0,661.0,661.0,9260.0,663.8,653.8,652.35,54.022988497053774,0.14938686236428111,-2.71498395729128,11.61225406389843,,0.0,Neutral
2018-04-11,662.0,669.0,658.0,669.0,8824.0,666.4,656.2,652.9,61.11111110160494,1.1463190853130527,-1.9427233487704139,12.062798643399455,,0.0,Neutral
2018-04-12,669.0,675.0,665.0,667.0,10653.0,666.8,658.0,653.25,62.499999990056814,1.7547837148563303,-1.203221936045065,12.211106056013334,,0.0,Neutral
2018-04-15,666.0,674.0,658.0,661.0,12978.0,664.4,660.1,653.25,65.47619046527777,1.7328710033605148,-0.6160033481639492,10.45041200676855,2018-04-15,0.8803064823150635,Strongly Positive
2018-04-16,664.0,670.0,661.0,664.0,10054.0,664.4,662.5,653.65,66.27906975665223,1.935271346167383,-0.10574840929768275,7.720823214607376,,0.0,Neutral
2018-04-17,670.0,670.0,663.0,667.0,7414.0,665.6,664.7,654.25,63.74999998884375,2.3111089783246825,0.3776230682267903,4.7387293186752055,,0.0,Neutral
2018-04-18,666.0,695.0,662.0,662.0,28679.0,664.2,665.3,654.65,58.02469134799574,2.1803708385239133,0.7381726222862149,3.8020462327112834,,0.0,Neutral
2018-04-19,675.0,685.0,675.0,684.0,37495.0,667.6,667.2,656.4,73.40425530821639,3.8080788960759264,1.3521538770441572,7.020604595689307,,0.0,Neutral
2018-04-22,690.0,700.0,686.0,693.0,21235.0,674.0,669.2,658.8,75.72815532951267,5.757900549188321,2.23330321147299,10.726913193775667,,0.0,Neutral
2018-04-23,695.0,700.0,676.0,680.0,26341.0,677.2,670.8,661.05,65.76576575747099,6.182884459185971,3.0232194610155863,11.053405709459653,,0.0,Neutral
2018-04-24,682.0,682.0,671.0,675.0,9555.0,678.8,672.2,663.0,59.047619039746024,6.046528440418342,3.6278812568961376,10.549354903928082,,0.0,Neutral
2018-04-25,675.0,692.0,675.0,681.0,23803.0,682.6,673.4,664.8,57.843137246962705,6.349422973402056,4.1721896001973215,10.823841996061404,2018-04-25,0.0019650161266326,Neutral
2018-04-26,682.0,682.0,668.0,670.0,16174.0,679.8,673.7,665.85,48.571428564952384,5.636882530886055,4.465128186335068,10.667187487291901,2018-04-26,0.9119091033935548,Strongly Positive
2018-04-29,665.0,667.0,658.0,664.0,22208.0,674.0,674.0,667.05,49.99999999313726,4.535753893235324,4.479253327715119,10.306416555834103,,0.0,Neutral
2018-05-02,670.0,672.0,656.0,666.0,19644.0,671.2,674.2,668.35,52.47524751747868,3.780900927631592,4.339582847698414,10.108302418206907,,0.0,Neutral
2018-05-03,671.0,671.0,665.0,667.0,17228.0,669.6,674.2,669.45,48.93617020547759,3.2261767987098438,4.1169016379007,10.108302418206907,2018-05-03,0.8723625540733337,Strongly Positive
2018-05-06,665.0,668.0,659.0,660.0,14181.0,665.4,674.0,669.65,46.464646458075705,2.196393771221665,3.732800064564893,10.392304845420444,,0.0,Neutral
2018-05-07,660.0,662.0,657.0,659.0,10402.0,663.2,671.5,669.35,48.93617020547759,1.2847814987312631,3.243196351398167,10.721214690723471,,0.0,Neutral
2018-05-08,660.0,661.0,656.0,660.0,22536.0,662.4,668.2,668.7,47.82608694924386,0.6356860544867686,2.7216942920158878,8.13497251242477,2018-05-08,0.679585337638855,Strongly Positive
2018-05-09,662.0,665.0,658.0,660.0,16658.0,661.2,666.2,668.5,46.06741572309052,0.11989120723558244,2.2013336750598267,7.330302403956834,,0.0,Neutral
2018-05-10,665.0,665.0,657.0,660.0,10243.0,659.8,664.7,668.45,48.809523801388885,-0.28558784639119494,1.7039493707696223,6.8483574673141,,0.0,Neutral
2018-05-14,665.0,665.0,654.0,655.0,18012.0,658.8,662.1,667.75,28.358208949298287,-0.9988767021227432,1.1633841561911493,4.508017549026431,,0.0,Neutral
2018-05-15,651.0,655.0,650.0,651.0,4528.0,657.2,660.2,666.95,16.12903225442247,-1.8654263560192703,0.5576220537490655,4.802776974498039,,0.0,Neutral
2018-05-16,651.0,658.0,651.0,655.0,11921.0,656.2,659.3,666.65,26.41509433264507,-2.2040002859267815,0.005297585813896111,4.854551129277118,,0.0,Neutral
2018-05-17,656.0,658.0,654.0,656.0,7467.0,655.4,658.3,666.25,30.612244889212832,-2.364375868778211,-0.4686371051045254,4.32177946890788,,0.0,Neutral
2018-05-20,660.0,665.0,654.0,654.0,14698.0,654.2,657.0,665.6,19.999999993777777,-2.6226259594021712,-0.8994348759640546,3.231786571625098,,0.0,Neutral
2018-05-21,655.0,656.0,652.0,654.0,12065.0,654.0,656.4,665.2,26.47058822439446,-2.7950711761657203,-1.2785621360043877,3.1692971530821277,,0.0,Neutral
2018-05-22,653.0,656.0,650.0,650.0,11105.0,653.8,655.5,663.5,28.124999987695304,-3.2174134835883024,-1.6663324055211708,3.5978388574992843,2018-05-22,0.7939203977584839,Strongly Positive
2018-05-23,652.0,653.0,648.0,648.0,19505.0,652.4,654.3,661.25,21.874999990429686,-3.671186932610567,-2.0673033109390504,3.917198545456716,,0.0,Neutral
2018-05-24,650.0,652.0,648.0,648.0,9030.0,650.8,653.1,659.65,19.354838700936526,-3.984870552982784,-2.450816759347797,3.813717929334162,,0.0,Neutral
2018-05-27,648.0,648.0,644.0,645.0,16175.0,649.0,651.6,658.15,22.222222210699584,-4.424538682300295,-2.845561143938297,3.747591819358241,,0.0,Neutral
2018-05-28,645.0,659.0,634.0,656.0,17293.0,649.4,651.7,656.9,45.94594592856099,-3.841093043648357,-3.0446675238803094,3.8600518131336905,,0.0,Neutral
2018-05-29,655.0,657.0,651.0,652.0,8951.0,649.8,651.8,656.0,39.99999998599999,-3.659292693779662,-3.1675925578601802,3.8528488738232936,2018-05-29,-0.143727034330368,Slightly Negative
2018-05-30,665.0,665.0,647.0,650.0,12378.0,650.2,651.3,655.3,38.09523808253967,-3.6346993405346666,-3.2610139143950776,3.7133393177791354,,0.0,Neutral
2018-05-31,652.0,655.0,642.0,646.0,25080.0,649.8,650.3,654.3,34.78260868506615,-3.8930982878152918,-3.3874307890791204,3.653004851422607,2018-05-31,0.7901044487953186,Strongly Positive
2018-06-03,635.0,647.0,635.0,640.0,20385.0,648.8,648.9,652.95,34.042553181349035,-4.529814291663911,-3.6159074895960788,4.629614814798523,,0.0,Neutral
2018-06-04,635.0,649.0,630.0,638.0,18931.0,645.2,647.3,651.85,35.555555544493814,-5.136588205885346,-3.9200436328539325,5.375872022292201,,0.0,Neutral
2018-06-06,650.0,655.0,641.0,642.0,4120.0,643.2,646.5,651.0,35.555555544493814,-5.234355936903512,-4.182906093663849,5.522680508599214,,0.0,Neutral
2018-06-07,642.0,646.0,630.0,630.0,31090.0,639.2,644.7,649.5,26.785714279017867,-6.208568763918834,-4.588038627714846,7.543208866262158,,0.0,Neutral
2018-06-10,639.0,639.0,624.0,625.0,25575.0,635.0,642.4,647.75,25.423728807526572,-7.299948400310541,-5.1304205822339854,9.64019363567881,,0.0,Neutral
2018-06-11,630.0,636.0,619.0,628.0,21973.0,632.6,640.7,646.15,29.032258057960462,-7.832511381525592,-5.6708387420923065,10.583530181898427,,0.0,Neutral
2018-06-12,630.0,630.0,623.0,629.0,15607.0,630.8,638.0,644.85,32.203389822866995,-8.080730111748153,-6.1528170160234765,9.649409884088609,2018-06-12,0.8630610108375549,Strongly Positive
2018-06-13,630.0,631.0,626.0,630.0,6871.0,628.4,635.8,643.8,34.482758612366226,-8.103343303668908,-6.542922273552564,8.547904226574838,,0.0,Neutral
2018-06-14,631.0,635.0,625.0,625.0,10631.0,627.4,633.3,642.3,31.74603173897708,-8.427574798151795,-6.919852778472411,7.528464503323367,,0.0,Neutral
2018-06-17,629.0,629.0,617.0,625.0,6233.0,627.4,631.2,640.75,33.33333332555556,-8.58556158387887,-7.252994539553702,6.442911695121018,,0.0,Neutral
2018-06-18,617.0,626.0,617.0,625.0,5189.0,626.8,629.7,639.3,18.3673469335277,-8.611499246954054,-7.524695481033773,5.888784066154026,,0.0,Neutral
2018-06-19,625.0,625.0,621.0,622.0,6272.0,625.4,628.1,637.7,18.749999994531237,-8.773000273614684,-7.7743564395499565,5.5467708323558735,2018-06-19,-0.6279070973396301,Strongly Negative
2018-06-20,622.0,623.0,620.0,621.0,3762.0,623.6,626.0,636.25,19.148936164508825,-8.8793272856866,-7.995350608777285,3.1622776601686056,,0.0,Neutral
2018-06-21,620.0,626.0,618.0,625.0,12413.0,623.6,625.5,635.1,27.659574459846084,-8.542354690749335,-8.104751425171695,2.8382310609877424,,0.0,Neutral
2018-06-24,621.0,630.0,618.0,622.0,6725.0,623.0,625.2,633.8,29.54545453605371,-8.420312290832612,-8.167863598303878,3.0477678535098645,,0.0,Neutral
2018-06-25,625.0,629.0,620.0,620.0,7831.0,622.0,624.4,632.55,29.54545453605371,-8.38828121066058,-8.211947120775218,3.272783388968514,,0.0,Neutral
2018-06-26,625.0,625.0,615.0,615.0,17214.0,620.6,623.0,630.5,19.999999993777777,-8.666453085617945,-8.302848313743764,3.9999999999991687,,0.0,Neutral
2018-06-27,612.0,624.0,611.0,624.0,6025.0,621.2,622.4,629.1,42.85714284285715,-8.067682297215583,-8.255815110438128,3.2041639575181446,,0.0,Neutral
2018-06-28,624.0,625.0,618.0,624.0,10821.0,621.0,622.3,627.8,48.648648630241055,-7.506620485251233,-8.105976185400749,3.128720008067243,,0.0,Neutral
2018-07-01,624.0,625.0,615.0,615.0,10200.0,619.6,621.3,626.25,34.88372091887507,-7.699445327897365,-8.024670013900073,3.7133393177674145,,0.0,Neutral
2018-07-02,615.0,617.0,610.0,615.0,16571.0,618.6,620.3,625.0,33.33333332222222,-7.76277595586339,-7.972291202292736,3.945461527711587,,0.0,Neutral
2018-07-03,615.0,625.0,610.0,615.0,10542.0,618.6,619.6,623.85,31.707317062343847,-7.7239292859694615,-7.922618819028081,4.221637386394747,,0.0,Neutral
2018-07-04,616.0,619.0,613.0,618.0,10471.0,617.4,619.3,622.65,41.02564101091387,-7.3661556353577,-7.811326182294005,4.217687623434402,,0.0,Neutral
2018-07-05,618.0,630.0,615.0,629.0,17651.0,618.4,619.7,622.6,53.999999984880006,-6.124410973079534,-7.4739431404511105,4.945255863505897,2018-07-05,0.7497141361236572,Strongly Positive
2018-07-08,627.0,638.0,623.0,628.0,14954.0,621.0,620.3,622.75,52.94117645605536,-5.16151232345328,-7.011456977051545,5.57872944515216,2018-07-08,-0.030547797679901123,Neutral
2018-07-09,628.0,630.0,614.0,620.0,20943.0,622.0,620.3,622.35,48.21428570223214,-4.98646053444736,-6.606457688530709,5.57872944515216,,0.0,Neutral
2018-07-10,620.0,625.0,619.0,620.0,14541.0,623.0,620.8,621.9,49.090909078413226,-4.792485935830882,-6.243663337990744,5.266244708833816,,0.0,Neutral
2018-07-11,620.0,631.0,620.0,621.0,15016.0,623.6,620.5,621.45,46.15384614142012,-4.506124231093395,-5.896155516611274,5.147815070492143,,0.0,Neutral
2018-07-12,629.0,629.0,617.0,618.0,14870.0,621.4,619.9,621.1,46.15384614142012,-4.469731166343649,-5.61087064655775,5.043147165542336,,0.0,Neutral
2018-07-15,620.0,624.0,619.0,623.0,11888.0,620.4,620.7,621.0,52.727272713851235,-3.9914205752565977,-5.286980632297519,4.8085571871621635,,0.0,Neutral
2018-07-16,635.0,635.0,616.0,621.0,15606.0,620.6,621.3,620.8,55.769230754215975,-3.73073369534211,-4.975731244906437,4.372896319627374,,0.0,Neutral
2018-07-17,633.0,633.0,623.0,623.0,7379.0,621.2,622.1,620.85,48.88888887367901,-3.324432194607539,-4.645471434846658,3.784471194528104,,0.0,Neutral
2018-07-18,630.0,630.0,619.0,621.0,11409.0,621.2,622.4,620.85,46.80851062435491,-3.1277637003612426,-4.341929887949575,3.533962208185103,,0.0,Neutral
2018-07-19,626.0,626.0,619.0,620.0,13331.0,621.6,621.5,620.6,56.41025639000657,-3.017806746745464,-4.077105259708753,2.7182510717146386,2018-07-19,-0.3805905878543854,Negative
2018-07-22,620.0,622.0,616.0,622.0,6516.0,621.4,620.9,620.6,58.53658534586556,-2.7377230167414837,-3.8092288111152994,1.5238839267507498,2018-07-22,0.9192027449607848,Strongly Positive
2018-07-23,620.0,621.0,617.0,617.0,25956.0,620.6,620.6,620.45,52.17391302759924,-2.885945473100378,-3.624572143512315,1.9550504398118003,,0.0,Neutral
2018-07-24,620.0,624.0,618.0,620.0,19224.0,620.0,620.6,620.7,52.17391302759924,-2.729869671408892,-3.4456316490916308,1.9550504398118003,,0.0,Neutral
2018-07-25,620.0,623.0,620.0,620.0,4949.0,619.8,620.5,620.5,37.142857128,-2.576478434512069,-3.2718010061757186,1.9578900207414873,,0.0,Neutral
2018-07-26,625.0,625.0,618.0,622.0,6124.0,620.2,620.9,620.4,41.666666650462965,-2.267394377860569,-3.070919680512689,1.7919573407584792,,0.0,Neutral
2018-07-29,625.0,628.0,620.0,623.0,4513.0,620.4,620.9,620.8,55.172413766468495,-1.919623172474303,-2.840660378905012,1.7919573407584792,,0.0,Neutral
2018-07-30,623.0,626.0,620.0,620.0,6157.0,621.0,620.8,621.05,49.999999978125,-1.8645930466306027,-2.6454469124501303,1.8135294011610734,,0.0,Neutral
2018-07-31,616.0,623.0,616.0,621.0,11625.0,621.2,620.6,621.35,49.999999978125,-1.7204572722899911,-2.460448984418103,1.6465452046928999,,0.0,Neutral
2018-08-01,620.0,624.0,619.0,624.0,5166.0,622.0,620.9,621.65,59.37499997402344,-1.3486077935639287,-2.2380807462472685,1.9692073983623113,,0.0,Neutral
2018-08-02,623.0,625.0,621.0,624.0,5179.0,622.4,621.3,621.4,51.851851824965706,-1.041903982099825,-1.99884539341778,2.162817092998439,,0.0,Neutral
2018-08-05,624.0,625.0,619.0,625.0,6053.0,622.8,621.6,621.25,57.6923076612426,-0.7099633436923796,-1.7410689834726998,2.4585451886092833,,0.0,Neutral
2018-08-06,620.0,626.0,618.0,619.0,4925.0,622.6,621.8,621.2,43.33333331311112,-0.9204376202255844,-1.576942710823277,2.0976176963379376,,0.0,Neutral
2018-08-07,622.0,624.0,619.0,620.0,11795.0,622.4,621.8,621.2,48.27586204565993,-0.9950777215525477,-1.460569712969131,2.0976176963379376,2018-08-07,0.0457094013690948,Neutral
2018-08-08,620.0,623.0,619.0,621.0,6304.0,621.8,621.9,621.2,51.72413790606421,-0.9624444365915679,-1.3609446576936186,2.0248456731292865,,0.0,Neutral
2018-08-09,620.0,622.0,620.0,620.0,6849.0,621.0,621.7,621.3,46.42857140535714,-1.005681100093966,-1.2898919461736882,2.1108186931959168,,0.0,Neutral
2018-08-12,621.0,622.0,618.0,619.0,7550.0,619.8,621.3,621.1,54.16666663506945,-1.1078673054011006,-1.2534870180191708,2.213594362115266,,0.0,Neutral
2018-08-13,616.0,622.0,616.0,621.0,7594.0,620.2,621.4,621.1,52.173913011720224,-1.015758294682655,-1.2059412733518677,2.1705094128107154,,0.0,Neutral
2018-08-14,626.0,633.0,622.0,625.0,13694.0,621.2,621.8,621.2,59.25925922853224,-0.6129292031547493,-1.087338859312444,2.440400695694381,2018-08-14,-0.8593335747718811,Strongly Negative
2018-08-15,625.0,636.0,625.0,632.0,18333.0,623.4,622.6,621.75,65.62499997128907,0.2680671415255347,-0.8162576591448483,4.033195589933535,,0.0,Neutral
2018-08-16,639.0,640.0,632.0,639.0,13108.0,627.2,624.1,622.7,71.05263155277008,1.5136561051180024,-0.3502749062922782,6.590397054300354,2018-08-16,0.8950644135475159,Strongly Positive
2018-08-19,631.0,639.0,631.0,631.0,11587.0,629.6,624.7,623.15,62.79069765397512,1.8341186138572994,0.08660379773763732,6.94502219818862,2018-08-19,0.6557104587554932,Strongly Positive
2018-08-20,633.0,635.0,626.0,629.0,14477.0,631.2,625.7,623.75,59.090909072107436,1.9047474327970804,0.4502325247495259,6.75030863491953,,0.0,Neutral
2018-08-21,630.0,635.0,628.0,635.0,8473.0,633.2,627.2,624.5,61.70212764119511,2.4170093572337237,0.8435878912463655,7.00476028616782,,0.0,Neutral
2018-08-22,630.0,633.0,625.0,627.0,13879.0,632.2,627.8,624.85,52.727272713851235,2.152633265470513,1.105396966091195,6.663332499583756,2018-08-22,0.9089189767837524,Strongly Positive
2018-08-23,633.0,633.0,625.0,626.0,7970.0,629.6,628.4,625.05,50.90909089613223,1.8411974868473635,1.2525570702424287,6.131883886703251,2018-08-23,0.7643457055091858,Strongly Positive
2018-08-26,629.0,631.0,627.0,627.0,3558.0,628.8,629.2,625.25,57.999999983760006,1.655984868417704,1.3332426298774838,5.223876806443882,2018-08-26,0.908364236354828,Strongly Positive
2018-08-28,627.0,632.0,625.0,628.0,8217.0,628.6,629.9,625.65,57.999999983760006,1.5717757244240147,1.38094924878679,4.40832545683154,2018-08-28,0.8678902387619019,Strongly Positive
2018-08-29,628.0,631.0,628.0,628.0,20964.0,627.2,630.2,626.0,57.14285712653061,1.487887925290238,1.4023369840874795,4.131182235956595,,0.0,Neutral
2018-08-30,634.0,634.0,628.0,631.0,6009.0,628.0,630.1,626.35,60.78431370880431,1.6445241177034404,1.450774410810672,4.0947120370891765,,0.0,Neutral
2018-09-02,632.0,637.0,630.0,637.0,10433.0,630.2,629.9,627.0,66.07142855491071,2.227136244321173,1.6060467775127723,3.6347092196112034,,0.0,Neutral
2018-09-03,637.0,647.0,637.0,644.0,17927.0,633.6,631.2,627.95,68.85245900059124,3.216622825069294,1.9281619870240767,5.7696524062467445,,0.0,Neutral
2018-09-04,645.0,649.0,642.0,646.0,11812.0,637.2,632.9,629.3,67.79661015340419,4.114749088332701,2.3654794072858016,7.340148348487479,2018-09-04,-0.0721222758293151,Slightly Negative
2018-09-05,641.0,656.0,641.0,655.0,16453.0,642.6,634.9,631.05,68.85245900059124,5.489466256549463,2.990276777138534,10.15928693910864,,0.0,Neutral
2018-09-06,660.0,660.0,642.0,644.0,15055.0,645.2,636.6,632.2,53.84615383455622,5.626472969465226,3.5175160156038725,10.11269828812788,,0.0,Neutral
2018-09-09,644.0,650.0,640.0,648.0,10508.0,647.4,638.8,633.6,63.934426214834716,5.988783380217342,4.011769488526566,9.942054337232804,,0.0,Neutral
2018-09-10,650.0,650.0,644.0,644.0,3497.0,647.4,640.5,634.85,61.90476189100529,5.885308250405274,4.386477240902308,9.119576013539099,,0.0,Neutral
2018-09-11,644.0,649.0,641.0,642.0,9560.0,646.6,641.9,635.9,55.932203376558455,5.577624792570646,4.624706751235976,7.992357460589071,,0.0,Neutral
2018-09-12,641.0,650.0,638.0,650.0,7603.0,645.6,644.1,637.15,69.4915254072393,5.911176216858962,4.8820006443605735,6.657493689241185,,0.0,Neutral
2018-09-13,657.0,659.0,647.0,651.0,10912.0,647.0,646.1,638.1,71.1864406610744,6.184913928573678,5.142583301203194,5.108815909784906,,0.0,Neutral
2018-09-16,653.0,657.0,651.0,652.0,17367.0,647.8,647.6,638.75,71.1864406610744,6.408669526884864,5.395800546339528,4.2739521132955645,2018-09-16,-0.454336017370224,Negative
2018-09-17,653.0,658.0,650.0,651.0,12981.0,649.2,648.3,639.75,69.4915254072393,6.431171268845219,5.602874690840666,4.191260749076128,,0.0,Neutral
2018-09-18,655.0,655.0,650.0,650.0,11613.0,650.8,648.7,640.8,68.33333331738888,6.295739057915512,5.741447564255636,4.137900702325179,,0.0,Neutral
2018-09-20,647.0,652.0,647.0,650.0,17889.0,650.8,648.2,641.55,66.6666666502924,6.11788488629918,5.816735028664345,3.552776691870934,2018-09-20,-0.5097141265869141,Negative
2018-09-23,638.0,653.0,638.0,648.0,11535.0,650.2,648.6,642.6,60.377358474617296,5.749276804419765,5.803243383815429,3.2386554137434134,2018-09-23,0.8959836959838867,Strongly Positive
2018-09-25,650.0,661.0,650.0,660.0,84217.0,651.8,649.8,644.3,63.79310343287752,6.352227431956749,5.913040193443694,4.825856285569841,2018-09-25,0.9168522357940674,Strongly Positive
2018-09-26,660.0,669.0,660.0,664.0,26869.0,654.4,651.8,646.15,64.99999998483332,7.07132291014716,6.144696736784387,6.124631508197322,,0.0,Neutral
2018-09-27,660.0,664.0,655.0,655.0,16031.0,655.4,653.1,647.5,49.99999998833333,6.836183208898547,6.282994031207219,5.1088159097874115,,0.0,Neutral
2018-09-30,655.0,655.0,645.0,645.0,16084.0,654.4,652.6,648.35,50.847457615053145,5.776330927761933,6.181661410518163,5.6607812574360885,,0.0,Neutral
2018-10-01,650.0,650.0,636.0,638.0,20873.0,652.4,651.3,648.7,41.93548386149844,4.321730639945486,5.809675256403628,7.31892523986666,,0.0,Neutral
2018-10-02,644.0,650.0,637.0,641.0,10734.0,648.6,650.2,648.9,47.54098359564634,3.372152287497329,5.322170662622368,7.9972217398070224,,0.0,Neutral
2018-10-03,641.0,641.0,637.0,640.0,17340.0,643.8,649.1,648.7,48.33333332205555,2.509979478171772,4.759732425732249,8.608135686667724,,0.0,Neutral
2018-10-04,639.0,641.0,635.0,640.0,14020.0,640.8,648.1,648.4,40.3846153737426,1.8058842061568612,4.1689627818171715,9.060905032063781,,0.0,Neutral
2018-10-07,640.0,640.0,630.0,634.0,9038.0,638.6,646.5,647.35,35.087719289627586,0.7550302556477391,3.486176276583285,10.047111248737972,,0.0,Neutral
2018-10-08,630.0,646.0,630.0,634.0,6199.0,637.8,645.1,646.85,33.9285714200893,-0.07689269994364167,2.7735624812779,10.764654094667657,,0.0,Neutral
2018-10-09,633.0,644.0,631.0,631.0,13288.0,635.8,642.2,646.0,32.758620681747914,-0.9671241585986081,2.025425153302598,10.195859726163938,,0.0,Neutral
2018-10-10,624.0,635.0,624.0,635.0,3489.0,634.8,639.3,645.55,37.70491802413329,-1.3344892711219245,1.3534422684176934,6.896859188551802,,0.0,Neutral
2018-10-11,628.0,642.0,628.0,640.0,4511.0,634.8,637.8,645.45,42.42424241524334,-1.208242686675817,0.8411052773989915,4.211096452632289,2018-10-11,-0.741061806678772,Strongly Negative
2018-10-14,647.0,648.0,640.0,648.0,4120.0,637.6,638.1,645.35,49.99999999027778,-0.45738575941265935,0.5814070700366614,4.840798832152946,,0.0,Neutral
2018-10-15,648.0,650.0,645.0,646.0,4385.0,640.0,638.9,645.1,38.70967741061394,-0.023439326264565352,0.460437790776416,5.445691467169111,2018-10-15,0.757561206817627,Strongly Positive
2018-10-21,644.0,646.0,642.0,644.0,1287.0,642.6,639.2,644.7,33.33333332555556,0.15727015071774986,0.3998042627646828,5.652924513523906,,0.0,Neutral
2018-10-22,645.0,648.0,644.0,646.0,1742.0,644.8,639.8,644.45,41.50943395129939,0.4566035568922189,0.41116412159019,6.051629716222581,,0.0,Neutral
2018-10-23,651.0,651.0,640.0,644.0,4345.0,645.6,640.2,644.15,48.88888887367901,0.5263764129333595,0.43420657985882394,6.1967733539356855,,0.0,Neutral
2018-10-24,638.0,650.0,638.0,650.0,5842.0,646.0,641.8,644.15,63.6363636161157,1.053675643017641,0.5581003924905874,6.477310827466002,,0.0,Neutral
2018-10-25,650.0,650.0,643.0,643.0,7574.0,645.4,642.7,643.9,52.08333331814236,0.8963895623938924,0.6257582264712485,5.869885480621525,,0.0,Neutral
2018-10-28,642.0,643.0,637.0,637.0,7682.0,644.0,643.3,642.75,47.16981130829477,0.28431198284658876,0.5574689777463165,4.738729318669031,,0.0,Neutral
2018-10-29,637.0,638.0,634.0,636.0,3754.0,642.0,643.4,641.35,46.29629628429355,-0.27824808070579365,0.3903255660558945,4.550946177573338,,0.0,Neutral
2018-10-30,636.0,642.0,635.0,640.0,3581.0,641.2,643.4,640.6,55.769230754215975,-0.3967410298627101,0.23291224687217363,4.550946177573338,,0.0,Neutral
2018-10-31,641.0,641.0,636.0,636.0,4016.0,638.4,642.2,640.15,51.785714272767855,-0.804144439830452,0.02550090953164852,4.779586221054983,,0.0,Neutral
2018-11-01,638.0,639.0,636.0,637.0,4939.0,637.2,641.3,640.1,55.55555554115226,-1.0343990266733272,-0.18647907770934663,4.83160888778215,2018-11-01,0.864224374294281,Strongly Positive
2018-11-04,630.0,633.0,626.0,626.0,13430.0,635.0,639.5,639.35,42.62295080988982,-2.0805027738956596,-0.5652838169466092,6.704061787042911,,0.0,Neutral
2018-11-05,626.0,638.0,626.0,636.0,2683.0,635.0,638.5,639.15,46.9696969597337,-2.078669495806139,-0.8679609527185153,6.36396103068215,,0.0,Neutral
2018-11-06,636.0,600.0,600.0,635.0,2438.0,634.0,637.6,638.9,38.98305083820741,-2.1333167053279567,-1.1210321032404036,6.13188388670544,,0.0,Neutral
2018-11-11,635.0,635.0,625.0,628.0,4341.0,632.4,635.4,638.6,35.93749999213868,-2.7102247275421405,-1.438870628100751,5.037636129953001,,0.0,Neutral
2018-11-12,625.0,628.0,619.0,622.0,4834.0,629.4,633.3,638.0,33.823529404801036,-3.609964918991409,-1.8730894862788827,5.831904586936719,,0.0,Neutral
2018-11-13,626.0,635.0,622.0,630.0,3190.0,630.2,632.6,637.95,39.18918918177501,-3.635573730879173,-2.225586335198941,5.758086101785513,,0.0,Neutral
2018-11-14,625.0,633.0,625.0,633.0,3925.0,629.6,632.3,637.85,42.66666665870222,-3.3748903358525695,-2.455447135329667,5.638163609625724,,0.0,Neutral
2018-11-15,630.0,640.0,630.0,635.0,15158.0,629.6,631.8,637.6,39.43661971053362,-2.972646760423004,-2.5588870603483342,5.072803301267496,2018-11-15,-0.8011813163757324,Strongly Negative
2018-11-18,635.0,643.0,631.0,635.0,5958.0,631.0,631.7,636.95,43.749999990429686,-2.623622343657189,-2.5718341170101056,4.98998997995153,,0.0,Neutral
2018-11-19,635.0,635.0,628.0,632.0,5583.0,633.0,631.2,636.25,45.90163933372749,-2.5595875744684236,-2.569384808501769,4.638007234915234,2018-11-19,0.8893041610717773,Strongly Positive
2018-11-20,630.0,632.0,628.0,629.0,4389.0,632.8,631.5,635.5,44.4444444345679,-2.719565033657318,-2.599420853532879,4.352521619068701,,0.0,Neutral
2018-11-21,630.0,635.0,626.0,629.0,6271.0,632.0,630.8,634.65,40.67796609204252,-2.8139113047178625,-2.6423189437698755,4.104198392434008,,0.0,Neutral
2018-11-22,631.0,635.0,631.0,632.0,2466.0,631.4,630.5,634.05,46.55172412669441,-2.6164457187428525,-2.637144298764471,3.8658045015826668,,0.0,Neutral
2018-11-25,630.0,631.0,625.0,626.0,6175.0,629.6,630.3,632.85,41.2698412606702,-2.9105516474662636,-2.6918257685048297,4.05654478042178,,0.0,Neutral
2018-11-26,625.0,630.0,625.0,626.0,6870.0,628.4,630.7,632.0,49.999999986538455,-3.107807840654459,-2.7750221829347557,3.2676869155093295,,0.0,Neutral
2018-11-27,629.0,632.0,625.0,627.0,4822.0,628.0,630.4,631.5,39.5348837080584,-3.147164597817323,-2.8494506659112693,3.470510689287154,,0.0,Neutral
2018-11-28,629.0,633.0,628.0,629.0,8490.0,628.0,630.0,631.15,43.181818168078514,-2.982590380804595,-2.8760786088899346,3.3665016461222357,,0.0,Neutral
2018-11-29,641.0,641.0,626.0,628.0,7051.0,627.2,629.3,630.55,49.999999981578945,-2.899432912993234,-2.8807494697105946,2.9078437983432157,2018-11-29,0.1282612681388855,Slightly Positive
2018-12-02,628.0,629.0,617.0,617.0,17179.0,625.4,627.5,629.6,44.186046497241755,-3.678731957722448,-3.040345967312965,4.249182927994002,2018-12-02,0.0572157725691795,Slightly Positive
2018-12-03,611.0,623.0,611.0,617.0,8193.0,623.6,626.0,628.6,31.428571415999997,-4.247371016040461,-3.281750977058464,5.055250296033776,,0.0,Neutral
2018-12-04,618.0,621.0,615.0,619.0,8974.0,622.0,625.0,628.25,29.41176469377163,-4.484938699725035,-3.522388521591778,5.374838498864773,,0.0,Neutral
2018-12-05,618.0,619.0,614.0,617.0,14692.0,619.6,623.8,627.3,23.529411755017293,-4.779500973840072,-3.773811012041437,5.711586664159735,,0.0,Neutral
2018-12-06,610.0,621.0,610.0,619.0,10238.0,617.8,622.5,626.5,27.777777766975305,-4.796271975225409,-3.978303204678231,5.082650227323648,,0.0,Neutral
2018-12-09,618.0,621.0,616.0,619.0,5809.0,618.2,621.8,626.05,30.303030290174462,-4.754753278587373,-4.133593219460059,5.028805910836668,,0.0,Neutral
2018-12-10,631.0,655.0,631.0,648.0,84595.0,624.4,624.0,627.35,66.10169489956908,-2.3546488492717117,-3.77780434542239,9.706813185706654,2018-12-10,-0.018812626600265503,Neutral
2018-12-11,650.0,651.0,647.0,650.0,43933.0,630.6,626.3,628.35,67.2131147386724,-0.28784738642582397,-3.079812953623077,12.745805410234066,2018-12-11,0.8337811827659607,Strongly Positive
2018-12-12,653.0,653.0,649.0,649.0,25119.0,637.0,628.3,629.15,64.40677964573399,1.2549497412901474,-2.2128604146404323,14.64430112895664,2018-12-12,0.9273905158042908,Strongly Positive
2018-12-13,652.0,652.0,649.0,652.0,20185.0,643.6,630.7,630.0,73.21428569598214,2.688708747434589,-1.232546582225428,16.445532997004733,,0.0,Neutral
2018-12-16,652.0,669.0,652.0,668.0,41290.0,653.4,635.8,631.65,79.16666665127315,5.057736928916029,0.025510120002863346,19.37237437406492,,0.0,Neutral
2018-12-17,668.0,672.0,665.0,671.0,18602.0,658.0,641.2,633.6,79.72972971464573,7.095491351114788,1.4395063662252485,21.006877180793705,,0.0,Neutral
2018-12-18,675.0,675.0,644.0,665.0,24770.0,661.0,645.8,635.4,73.0769230638067,8.132529814648137,2.778111055909826,20.638690742283977,2018-12-18,0.928253173828125,Strongly Positive
2018-12-19,661.0,667.0,655.0,664.0,35576.0,664.0,650.5,637.15,73.0769230638067,8.772573855141218,3.9770036157561046,18.60256852038607,,0.0,Neutral
2018-12-20,670.0,672.0,666.0,666.0,27382.0,666.8,655.2,638.85,85.5072463594623,9.333604669144052,5.048323826433695,15.425808100572207,,0.0,Neutral
2018-12-23,679.0,683.0,670.0,677.0,38095.0,668.6,661.0,641.4,87.4999999846875,10.544285738016583,6.147516208750273,10.38160766827215,,0.0,Neutral
2018-12-24,680.0,684.0,674.0,676.0,47611.0,669.6,663.8,643.9,86.07594935183464,11.292890156785347,7.1765909983572875,10.261037417778526,,0.0,Neutral
2018-12-25,679.0,683.0,672.0,681.0,92161.0,672.8,666.9,646.6,89.02439022870315,12.149570084233574,8.171186815532545,10.31126676128587,2018-12-25,0.915266752243042,Strongly Positive
2018-12-26,568.0,574.0,557.0,567.0,39918.0,653.4,658.7,643.5,36.59793814168881,3.5882843284252885,7.254606318111094,33.240036101065535,,0.0,Neutral
2018-12-27,569.0,594.0,569.0,571.0,21374.0,634.4,650.6,640.65,37.87878787610958,-2.8410795466772925,5.2354691451534165,43.37741347752426,2018-12-27,0.8413619995117188,Strongly Positive
2018-12-30,571.0,575.0,564.0,568.0,14747.0,612.6,640.6,638.2,26.744186044334768,-8.085269710399416,2.5713213740428498,49.94930763617642,,0.0,Neutral
2018-12-31,566.0,566.0,558.0,560.0,10549.0,589.4,629.5,635.35,24.719101121651306,-12.74000252003475,-0.4909434047726702,54.5634187589696,,0.0,Neutral
2019-01-01,560.0,562.0,553.0,555.0,9511.0,564.2,618.5,632.15,24.1758241739645,-16.640548139891052,-3.720864351796347,57.61413792541591,2019-01-01,0.6637336313724518,Strongly Positive
2019-01-02,555.0,556.0,550.0,552.0,11258.0,561.2,607.3,628.9,22.527472525739654,-19.74621153846931,-6.92593378913094,58.66297336859386,,0.0,Neutral
2019-01-03,552.0,553.0,548.0,550.0,13629.0,557.0,595.7,625.45,14.880952379712312,-22.113939710706063,-9.963534973445965,57.217033205932154,,0.0,Neutral
2019-01-06,550.0,552.0,547.0,548.0,9427.0,553.0,582.8,621.9,13.173652693506398,-23.87653084609724,-12.746134147976221,51.06161854944164,,0.0,Neutral
2019-01-07,550.0,552.0,549.0,551.0,8483.0,551.2,570.3,617.05,15.24390243772308,-24.74606485990978,-15.146120290362934,39.76053319561667,,0.0,Neutral
2019-01-08,551.0,551.0,546.0,546.0,7781.0,549.4,556.8,611.85,14.880952379712312,-25.54417766435074,-17.225731765160496,9.077444574310148,,0.0,Neutral
2019-01-09,543.0,555.0,543.0,549.0,16894.0,548.8,555.0,606.85,15.384615383340915,-25.639061740031252,-18.908397760134648,8.60232526702312,,0.0,Neutral
2019-01-10,549.0,549.0,545.0,547.0,5626.0,548.2,552.6,601.6,9.374999999179693,-25.580762235336124,-20.242870655174944,6.801960501673027,,0.0,Neutral
2019-01-13,555.0,555.0,544.0,546.0,6940.0,547.8,550.4,595.5,9.374999999179693,-25.323339407038475,-21.25896440554765,4.4020197384178825,2019-01-13,0.11388516426086426,Slightly Positive
2019-01-14,542.0,549.0,542.0,549.0,3295.0,547.4,549.3,589.4,8.227848100536761,-24.59375355116947,-21.925922234672015,2.8303906286497975,,0.0,Neutral
2019-01-15,548.0,550.0,547.0,550.0,6183.0,548.2,548.8,583.65,31.1111111014321,-23.662097925617786,-22.27315737286117,2.043961295478176,2019-01-15,0.9201118350028992,Strongly Positive
2019-01-16,553.0,553.0,543.0,544.0,9956.0,547.2,548.0,577.65,21.276595738343133,-23.14114724547767,-22.44675534738447,2.2110831934868376,2019-01-16,0.789620041847229,Strongly Positive
2019-01-17,549.0,549.0,540.0,543.0,12044.0,546.4,547.3,571.5,22.222222215308648,-22.549050305248443,-22.467214338957266,2.5841396590364947,,0.0,Neutral
2019-01-20,540.0,544.0,539.0,539.0,8455.0,545.0,546.4,564.6,24.390243894110654,-22.147275775949197,-22.403226626355654,3.657564459773834,2019-01-20,0.7727754712104797,Strongly Positive
2019-01-21,544.0,545.0,534.0,536.0,11404.0,542.4,544.9,557.6,25.641025631821165,-21.819420794008806,-22.286465459886287,4.532597979532225,,0.0,Neutral
2019-01-22,538.0,540.0,535.0,537.0,15140.0,539.8,544.0,550.4,29.72972971848064,-21.234127907371658,-22.075997949383364,5.142416206809308,2019-01-22,0.8401851058006287,Strongly Positive
2019-01-23,540.0,540.0,537.0,539.0,6425.0,538.8,543.0,549.0,35.13513512184076,-20.374036581289943,-21.73560567576468,5.033222956807983,,0.0,Neutral
2019-01-24,544.0,548.0,535.0,538.0,12134.0,537.8,542.1,547.35,36.1111110970679,-19.54776518243625,-21.298037577098995,5.043147165504332,,0.0,Neutral
2019-01-27,540.0,540.0,530.0,532.0,18491.0,536.4,540.7,545.55,25.641025631821165,-19.15626747470253,-20.869683556619705,5.735852159844605,,0.0,Neutral
2019-01-28,535.0,535.0,531.0,532.0,14452.0,535.6,539.0,544.15,29.41176469377163,-18.631233458960196,-20.421993537087804,5.517648452378073,,0.0,Neutral
2019-01-29,533.0,535.0,531.0,533.0,13806.0,534.8,537.3,543.05,24.999999989062502,-17.927788193532933,-19.92315246837683,4.2176876233863405,2019-01-29,-0.6668252348899841,Strongly Negative
2019-01-30,531.0,534.0,531.0,531.0,9733.0,533.2,536.0,542.0,24.999999989062502,-17.331894744055376,-19.404900923512542,3.9157800414354846,2019-01-30,0.8829796314239502,Strongly Positive
2019-01-31,541.0,541.0,531.0,532.0,7746.0,532.0,534.9,541.1,28.124999987695304,-16.587740107068043,-18.84146876022364,3.212821535938161,,0.0,Neutral
2019-02-03,535.0,535.0,527.0,528.0,21379.0,531.2,533.8,540.1,18.181818174104677,-16.134767213621217,-18.30012845090316,3.521363372269412,2019-02-03,0.4023022949695587,Positive
2019-02-04,528.0,528.0,525.0,525.0,19113.0,529.8,532.7,538.8,14.285714280000008,-15.835318169312586,-17.807166394585046,4.3728963195778885,,0.0,Neutral
2019-02-05,527.0,530.0,523.0,525.0,14316.0,528.2,531.5,537.75,17.2413793020214,-15.420247628394804,-17.329782641347,4.696334267820575,,0.0,Neutral
2019-02-06,524.0,524.0,521.0,522.0,9976.0,526.4,529.8,536.4,16.12903225078044,-15.158636832765296,-16.89555347963066,4.756282395081756,,0.0,Neutral
2019-02-07,529.0,529.0,520.0,521.0,21319.0,524.2,528.1,535.1,17.85714284821428,-14.860695191371633,-16.488581821978855,4.5325979795233176,,0.0,Neutral
2019-02-10,522.0,523.0,517.0,520.0,21137.0,522.6,526.9,533.8,19.230769220414203,-14.537684558469095,-16.098402369276904,4.954235000882887,,0.0,Neutral
2019-02-11,515.0,518.0,514.0,516.0,9011.0,520.8,525.3,532.15,13.79310344161712,-14.43803024997328,-15.76632794541618,5.657836256965368,,0.0,Neutral
2019-02-12,516.0,518.0,515.0,516.0,6523.0,519.0,523.6,530.45,7.407407403566523,-14.195417555283143,-15.452145867389573,5.64111888030509,2019-02-12,0.8477837443351746,Strongly Positive
2019-02-13,518.0,520.0,515.0,515.0,7209.0,517.6,522.0,529.0,7.407407403566523,-13.923337323770511,-15.146384158665763,5.577733510182751,2019-02-13,-0.46006689965724945,Negative
2019-02-14,514.0,516.0,510.0,512.0,16924.0,515.8,520.0,527.45,8.333333328472236,-13.79081477972204,-14.87527028287702,5.163977794894323,,0.0,Neutral
2019-02-17,512.0,517.0,505.0,508.0,8158.0,513.4,518.0,525.9,7.142857139285724,-13.848914612393742,-14.669999148780365,5.5777335101810355,,0.0,Neutral
2019-02-18,509.0,510.0,502.0,503.0,9197.0,510.8,515.8,524.25,3.1249999986328163,-14.135472434431108,-14.563093805910515,6.729701991051574,2019-02-18,0.5097264647483826,Positive
2019-02-19,505.0,513.0,505.0,513.0,5167.0,510.2,514.6,523.05,27.499999990374988,-13.401174745891467,-14.330709993906707,5.929212051784308,,0.0,Neutral
2019-02-20,515.0,519.0,510.0,511.0,6455.0,509.4,513.5,521.65,24.390243894110654,-12.832694508478426,-14.03110689682105,5.400617248623529,2019-02-20,0.235763818025589,Positive
2019-02-21,510.0,511.0,499.0,504.0,17250.0,507.8,511.8,519.95,22.727272720041327,-12.799467034625195,-13.784778924381879,5.4528280123976405,,0.0,Neutral
2019-02-24,510.0,510.0,500.0,505.0,8410.0,507.2,510.3,518.6,26.19047618174602,-12.547799161553485,-13.5373829718162,4.989989979894516,,0.0,Neutral
2019-02-25,509.0,509.0,503.0,506.0,6807.0,507.8,509.3,517.3,27.90697673510006,-12.127856535510944,-13.25547768455515,4.715223571876113,,0.0,Neutral
2019-02-26,506.0,507.0,503.0,504.0,5858.0,506.0,508.1,515.85,28.571428561904753,-11.820176625813701,-12.96841747280686,4.332051092277603,2019-02-26,-0.6222054958343506,Strongly Negative
2019-02-27,504.0,505.0,501.0,503.0,9214.0,504.4,506.9,514.45,28.571428561904753,-11.524186079745391,-12.679571194194567,3.8427420764471916,2019-02-27,0.8085879683494568,Strongly Positive
2019-03-03,503.0,506.0,500.0,500.0,7928.0,503.6,505.7,512.85,27.27272726404958,-11.400271138184735,-12.423711182992601,3.9454615276405547,,0.0,Neutral
2019-03-05,501.0,505.0,501.0,504.0,6637.0,503.4,505.3,511.65,36.36363635206611,-10.854180843364475,-12.109805115066978,3.8887301554164573,,0.0,Neutral
2019-03-06,505.0,508.0,505.0,508.0,5942.0,503.8,505.8,510.8,41.66666665451389,-9.983549634108044,-11.684554018875192,3.881580434061912,,0.0,Neutral
2019-03-07,509.0,517.0,509.0,517.0,10455.0,506.4,506.2,510.4,51.785714272767855,-8.469709801965678,-11.04158517549329,4.802776974427839,2019-03-07,-0.1759252250194549,Slightly Negative
2019-03-10,520.0,520.0,516.0,520.0,3152.0,509.8,507.1,510.3,57.14285712857142,-6.947815804680772,-10.222831301330787,6.384877967988012,,0.0,Neutral
2019-03-11,520.0,531.0,518.0,531.0,10993.0,516.0,509.8,510.8,68.2539682388007,-4.798778447210452,-9.138020730506721,9.750213672843904,2019-03-11,0.6090959310531616,Strongly Positive
2019-03-12,540.0,541.0,532.0,541.0,18459.0,523.4,513.4,511.85,77.94117645454152,-2.2626519882554703,-7.762946982056471,13.647954669697963,2019-03-12,0.2102562189102172,Positive
2019-03-13,541.0,544.0,536.0,537.0,13712.0,529.2,516.5,512.9,69.35483869401665,-0.5689614350769716,-6.324149872660572,15.211472278789074,,0.0,Neutral
2019-03-14,530.0,536.0,530.0,535.0,14172.0,532.8,519.6,513.85,69.35483869401665,0.6049438294937772,-4.938331132229702,15.536337334689692,,0.0,Neutral
2019-03-17,537.0,542.0,531.0,540.0,54914.0,536.8,523.3,515.1,79.99999998133333,1.9166366284653122,-3.5673375800906992,15.549562337519417,,0.0,Neutral
2019-03-18,540.0,543.0,536.0,541.0,17260.0,538.8,527.4,516.55,79.99999998133333,3.002246238731118,-2.2534208163263356,14.057026712627874,,0.0,Neutral
2019-03-19,542.0,542.0,532.0,535.0,1523.0,537.6,530.5,517.9,72.30769229211835,3.339948967700252,-1.1347468595210182,11.510864433201727,2019-03-19,0.6317389607429504,Strongly Positive
2019-03-21,536.0,536.0,525.0,530.0,8768.0,536.2,532.7,519.25,69.11764704459343,3.1676083825028627,-0.274275811116242,8.42021377398217,,0.0,Neutral
2019-03-24,540.0,540.0,526.0,530.0,8070.0,535.2,534.0,520.1,70.14925371668522,2.996485606265651,0.37987647236013655,6.514940095197316,,0.0,Neutral
2019-03-25,530.0,533.0,524.0,530.0,12773.0,533.2,535.0,521.05,73.43749998393555,2.828267070965694,0.8695545920812482,4.618802153470454,,0.0,Neutral
2019-03-26,526.0,531.0,526.0,527.0,11808.0,530.4,534.6,522.2,68.2539682388007,2.424924719138403,1.1806286174926792,5.1467357507897145,,0.0,Neutral
2019-03-27,531.0,531.0,527.0,528.0,2961.0,529.0,533.3,523.35,66.66666665111111,2.1610533640698577,1.376713566808115,4.989989979905967,2019-03-27,0.863460123538971,Strongly Positive
2019-03-28,526.0,530.0,526.0,530.0,8747.0,529.0,532.6,524.55,62.26415092694909,2.089233318200513,1.5192175170865947,4.903513479537208,,0.0,Neutral
2019-03-31,531.0,533.0,527.0,528.0,7204.0,528.6,531.9,525.75,57.69230767677515,1.8496109652464838,1.5852962067185727,5.021066730353869,,0.0,Neutral
2019-04-01,529.0,533.0,527.0,529.0,11305.0,528.4,530.8,527.05,47.61904760317461,1.7205665466614164,1.6123502747071414,4.184627953672997,,0.0,Neutral
2019-04-02,528.0,535.0,528.0,534.0,15912.0,529.8,530.1,528.75,40.54054052520088,1.9987161725942997,1.6896234542845732,2.5582111804914716,,0.0,Neutral
2019-04-03,534.0,539.0,533.0,535.0,22693.0,531.2,530.1,530.3,47.0588235100346,2.273634356187472,1.806425634665153,2.5582111804914716,2019-04-03,0.8948839902877808,Strongly Positive
2019-04-04,534.0,537.0,534.0,535.0,10843.0,532.2,530.6,531.65,49.999999978125,2.4631157324363357,1.9377636542193897,2.988868236119292,,0.0,Neutral
2019-04-07,535.0,548.0,535.0,548.0,16664.0,536.2,532.4,533.2,59.999999978999995,3.620537144227569,2.2743183522210257,6.2396581102566495,,0.0,Neutral
2019-04-08,550.0,559.0,545.0,559.0,78212.0,542.2,535.3,535.15,67.99999998096,5.363581986579902,2.892171079092801,10.37143513050335,,0.0,Neutral
2019-04-09,560.0,562.0,550.0,555.0,29874.0,546.4,538.1,536.35,70.8333333126736,6.3490036495445565,3.583537593183152,11.589746426122021,2019-04-09,0.8977795839309692,Strongly Positive
2019-04-10,555.0,555.0,546.0,550.0,12810.0,549.4,540.3,536.8,70.8333333126736,6.649843942185839,4.19679886298369,11.547486498976332,2019-04-10,0.8950625061988831,Strongly Positive
2019-04-11,546.0,550.0,546.0,549.0,10129.0,552.2,542.2,537.4,69.38775508221573,6.729991249045156,4.7034373401959835,11.222992272792524,2019-04-11,0.5933548212051392,Positive
2019-04-15,550.0,554.0,547.0,548.0,5722.0,552.2,544.2,538.05,67.99999998096,6.636317586338919,5.090013389424571,10.141224997211085,,0.0,Neutral
2019-04-16,538.0,559.0,538.0,559.0,17236.0,552.2,547.2,539.0,77.58620687782403,7.364791866710448,5.544969084881747,9.566144004286144,,0.0,Neutral
2019-04-17,559.0,561.0,548.0,552.0,42129.0,551.6,549.0,539.55,68.74999998496094,7.293200013819728,5.894615270669343,8.432740427094156,2019-04-17,0.9200087189674376,Strongly Positive
2019-04-18,552.0,554.0,544.0,554.0,31661.0,552.4,550.9,540.5,68.74999998496094,7.313540299858914,6.178400276507258,6.935416353734338,,0.0,Neutral
2019-04-21,558.0,569.0,548.0,567.0,72471.0,556.0,554.1,542.35,75.99999998581333,8.283168269834277,6.599353875172662,6.118278624988723,,0.0,Neutral
2019-04-22,577.0,579.0,558.0,565.0,43070.0,559.4,555.8,544.1,73.68421051274238,8.78890906374852,7.037264912887833,6.579429222094984,,0.0,Neutral
2019-04-23,570.0,574.0,560.0,565.0,16494.0,560.6,556.4,545.85,71.8309859013291,9.084986220647124,7.446809174439692,7.152311203745751,,0.0,Neutral
2019-04-24,593.0,593.0,565.0,569.0,28033.0,564.0,557.8,547.95,72.97297295916728,9.532511215702812,7.8639495826923165,8.1486195149656,2019-04-24,0.9182303547859192,Strongly Positive
2019-04-25,571.0,579.0,571.0,577.0,40457.0,568.6,560.5,550.4,75.60975608465199,10.412680243558952,8.373695714865644,9.617692030819624,,0.0,Neutral
2019-04-28,586.0,610.0,583.0,585.0,72024.0,572.2,564.1,553.15,74.02597401251475,11.621784977707648,9.023313567434045,11.40613869807434,,0.0,Neutral
2019-04-29,582.0,587.0,570.0,575.0,33713.0,574.2,566.8,555.5,60.5263157783241,11.63892646483032,9.5464361469133,10.315037566568645,,0.0,Neutral
2019-04-30,577.0,580.0,567.0,568.0,20076.0,574.8,567.7,557.45,58.227848090946964,10.961314507848556,9.82941181910035,9.944847912347718,,0.0,Neutral
2019-05-02,568.0,569.0,560.0,565.0,21469.0,574.0,569.0,559.0,59.74025972939787,10.066190444596714,9.876767544199623,8.393118874660221,,0.0,Neutral
2019-05-05,565.0,565.0,555.0,556.0,21541.0,569.8,569.2,560.05,54.117647049910026,8.532219278862726,9.607857891132245,8.01110340574331,,0.0,Neutral
2019-05-06,557.0,566.0,554.0,565.0,25680.0,565.8,569.0,561.55,59.13978493733379,7.951105467773573,9.27650740646051,8.09663853431094,,0.0,Neutral
2019-05-07,554.0,568.0,554.0,565.0,17370.0,563.8,569.0,562.4,53.65853657620464,7.405205980820369,8.902247121332483,8.09663853431094,,0.0,Neutral
2019-05-08,570.0,570.0,557.0,562.0,17345.0,562.6,568.7,562.55,56.410256400131495,6.653800901517002,8.452557877369387,8.313977521135959,,0.0,Neutral
2019-05-09,556.0,564.0,545.0,562.0,19002.0,562.0,568.0,562.9,55.26315788455679,5.989266427401617,7.9598995873758325,8.576453553496572,,0.0,Neutral
2019-05-12,553.0,554.0,529.0,548.0,45535.0,560.4,565.1,562.8,37.66233765548997,4.283556894377966,7.22463104877626,9.982762921920472,2019-05-12,0.0278811808675527,Neutral
2019-05-13,555.0,555.0,541.0,547.0,18936.0,556.8,561.3,562.7,38.15789472981302,2.8185872386542314,6.343422286751855,8.71843512970119,2019-05-13,0.7713661193847656,Strongly Positive
2019-05-14,550.0,551.0,546.0,551.0,39034.0,554.0,558.9,562.85,41.24999999278125,1.9577866566638704,5.4662951607342585,7.781031065619128,2019-05-14,0.4636402428150177,Positive
2019-05-15,554.0,554.0,549.0,550.0,26481.0,551.6,557.1,562.4,37.66233765548997,1.1812872074501684,4.609293570077441,7.519604008464928,,0.0,Neutral
2019-05-16,551.0,553.0,545.0,546.0,21464.0,548.4,555.2,562.1,28.767123282154245,0.24036841154259037,3.7355085383704716,7.699927849568319,,0.0,Neutral
2019-05-19,550.0,555.0,542.0,543.0,15967.0,547.4,553.9,561.55,19.11764705488754,-0.7388741597416129,2.8406319987480546,8.595218308887857,,0.0,Neutral
2019-05-20,540.0,545.0,538.0,542.0,18522.0,546.4,551.6,560.3,22.03389829985636,-1.5774388619188358,1.9570178266146767,8.369255907432725,,0.0,Neutral
2019-05-21,545.0,545.0,536.0,537.0,25498.0,543.6,548.8,558.9,22.807017538257938,-2.6153178865657765,1.042550683978586,8.066391179846596,2019-05-21,0.7343581914901733,Strongly Positive
2019-05-22,535.0,542.0,535.0,535.0,17121.0,540.6,546.1,557.4,23.214285708482137,-3.5582109356587353,0.12239836005112181,7.665941994712344,,0.0,Neutral
2019-05-23,535.0,539.0,531.0,537.0,20698.0,538.8,543.6,555.8,30.612244889212832,-4.0968512341144105,-0.7214515587819847,5.738757124408483,,0.0,Neutral
2019-05-26,539.0,539.0,534.0,535.0,12696.0,537.2,542.3,553.7,14.28571428095239,-4.631719260151044,-1.5035050990557965,6.092800851975364,,0.0,Neutral
2019-05-27,536.0,536.0,531.0,532.0,8933.0,535.2,540.8,551.05,13.33333332918518,-5.237308519750627,-2.250265783194763,6.629898608210966,2019-05-27,0.929834485054016,Strongly Positive
2019-05-28,532.0,539.0,532.0,536.0,11347.0,535.0,539.3,549.1,21.739130428166348,-5.333000292716065,-2.866812685099023,5.6969777562450075,,0.0,Neutral
2019-05-29,537.0,540.0,535.0,538.0,35553.0,535.6,538.1,547.6,24.999999992708325,-5.187653387857608,-3.33098082565074,4.280446497949861,,0.0,Neutral
2019-05-30,548.0,564.0,539.0,543.0,35927.0,536.8,537.8,546.5,43.58974357409598,-4.615798651710747,-3.5879443908627415,3.7357135269106387,2019-05-30,0.8969955444335938,Strongly Positive
2019-06-02,543.0,545.0,535.0,540.0,8570.0,537.8,537.5,545.7,41.4634146199881,-4.354478859553524,-3.741251284600898,3.3747427884914503,2019-06-02,-0.5949865579605103,Negative
2019-06-03,535.0,540.0,532.0,534.0,14347.0,538.2,536.7,544.15,30.232558129691725,-4.578749918580684,-3.9087510113968555,3.1287200080019026,,0.0,Neutral
2019-06-04,535.0,536.0,531.0,532.0,17391.0,537.4,536.2,542.5,29.54545453605371,-4.861825535555454,-4.099365916228575,3.457680661243297,2019-06-04,0.8775197863578796,Strongly Positive
2019-06-06,532.0,536.0,531.0,532.0,14923.0,536.2,535.9,541.0,32.49999998862501,-5.028203007139041,-4.285133334410669,3.6953424137871944,2019-06-06,0.6331102699041365,Strongly Positive
2019-06-10,535.0,535.0,525.0,526.0,17065.0,532.8,534.8,539.2,30.232558129691725,-5.579886746902389,-4.544084016909013,4.8027769744431,,0.0,Neutral
2019-06-11,526.0,533.0,526.0,531.0,10576.0,531.0,534.4,538.35,38.29787232901766,-5.549668745327722,-4.7452009625927545,4.948624949262298,,0.0,Neutral
2019-06-12,535.0,535.0,527.0,529.0,9321.0,530.0,534.1,537.45,40.909090896074375,-5.622293744147328,-4.92061951890367,5.195083145480919,,0.0,Neutral
2019-06-13,530.0,533.0,527.0,530.0,10158.0,529.6,533.5,536.4,44.186046497241755,-5.5353498686451985,-5.043565588851976,5.296749527316153,,0.0,Neutral
2019-06-16,530.0,531.0,524.0,528.0,10872.0,528.8,532.5,535.3,39.5348837080584,-5.563694697027927,-5.147591410487166,5.296749527315723,2019-06-16,0.04922415316104892,Neutral
2019-06-17,530.0,530.0,524.0,527.0,10674.0,529.0,530.9,534.35,40.47619046269841,-5.602270335253479,-5.2385271954404296,4.040077006911976,,0.0,Neutral
2019-06-18,527.0,530.0,524.0,530.0,12054.0,528.8,529.9,533.7,47.61904760317461,-5.329333637734976,-5.256688483899339,2.4698178069550596,,0.0,Neutral
2019-06-19,531.0,535.0,525.0,529.0,11392.0,528.8,529.4,533.05,41.02564101091387,-5.134533277710602,-5.2322574426615915,2.0110804170879355,,0.0,Neutral
2019-06-20,530.0,531.0,526.0,528.0,15045.0,528.4,529.0,532.6,36.842105249584485,-5.0031707930452285,-5.186440112738319,1.8257418582268783,,0.0,Neutral
2019-06-23,521.0,527.0,521.0,525.0,18535.0,527.8,528.3,532.1,24.999999990277786,-5.0825515153952665,-5.165662393269709,1.888562063108334,,0.0,Neutral
2019-06-24,526.0,527.0,524.0,526.0,10877.0,527.6,528.3,531.55,29.41176469377163,-5.007051494269035,-5.133940213469575,1.888562063108334,,0.0,Neutral
2019-06-25,527.0,529.0,525.0,526.0,10505.0,526.8,527.8,531.1,35.714285696428576,-4.890838640175616,-5.085319898810784,1.7511900714113897,,0.0,Neutral
2019-06-26,526.0,529.0,523.0,525.0,8187.0,526.0,527.4,530.75,37.037037017832645,-4.823824710157282,-5.033020861080084,1.8973665959801784,,0.0,Neutral
2019-06-27,525.0,527.0,523.0,527.0,9208.0,525.8,527.1,530.3,41.37931032485137,-4.556804397918995,-4.937777568447866,1.663329993178374,,0.0,Neutral
2019-06-30,530.0,530.0,521.0,523.0,13646.0,525.4,526.6,529.55,44.44444442139917,-4.614759373824313,-4.873173929523156,2.065591117865447,,0.0,Neutral
2019-07-01,524.0,524.0,517.0,519.0,22221.0,524.0,525.8,528.35,26.923076908579887,-4.926664162652514,-4.8838719761490275,3.1552425509126905,,0.0,Neutral
2019-07-02,516.0,519.0,515.0,519.0,12804.0,522.6,524.7,527.3,29.16666664965277,-5.114889690507653,-4.930075519020753,3.4334951417496518,,0.0,Neutral
2019-07-03,520.0,530.0,519.0,523.0,18291.0,522.2,524.1,526.75,37.037037017832645,-4.884982173123376,-4.921056849841278,3.107338982969587,,0.0,Neutral
2019-07-04,525.0,525.0,514.0,521.0,12651.0,521.0,523.4,526.2,37.037037017832645,-4.80873004784371,-4.898591489441765,2.9135697843732364,2019-07-04,0.6093844771385193,Strongly Positive
2019-07-07,521.0,523.0,518.0,518.0,14583.0,520.0,522.7,525.5,34.4827586040428,-4.933504251139084,-4.905574041781229,3.3015148037712514,,0.0,Neutral
2019-07-08,516.0,517.0,513.0,517.0,23196.0,519.6,521.8,525.05,25.925925912482853,-5.05481162692729,-4.935421558810441,3.521363372263181,2019-07-08,0.573879063129425,Positive
2019-07-09,518.0,518.0,512.0,516.0,13865.0,519.0,520.8,524.3,25.925925912482853,-5.172020407081277,-4.982741328464609,3.6147844563927953,,0.0,Neutral
2019-07-10,513.0,525.0,512.0,512.0,13839.0,516.8,519.5,523.45,23.333333322444446,-5.523998563531677,-5.090992775478023,4.222953153048207,,0.0,Neutral
2019-07-11,510.0,516.0,509.0,515.0,14571.0,515.6,518.3,522.7,33.33333331777777,-5.497497135525123,-5.172293647487444,3.4976182371485707,,0.0,Neutral
2019-07-14,515.0,519.0,515.0,516.0,4797.0,515.2,517.6,522.1,33.33333331777777,-5.334312288676415,-5.204697375725238,3.134042472864701,,0.0,Neutral
2019-07-15,515.0,520.0,515.0,520.0,11966.0,515.8,517.7,521.75,41.17647057128028,-4.8265827102202365,-5.129074442624238,3.1989581636575792,2019-07-15,-0.702225923538208,Strongly Negative
2019-07-16,523.0,524.0,515.0,519.0,15165.0,516.4,517.7,521.2,41.17647057128028,-4.453557169148098,-4.993970987929011,3.1989581636575792,2019-07-16,-0.6852244734764099,Strongly Negative
2019-07-17,516.0,521.0,516.0,520.0,10292.0,518.0,517.4,520.75,39.39393937722681,-4.0307758230757145,-4.801331954958352,2.7568097503267666,2019-07-17,0.8922961354255676,Strongly Positive
2019-07-18,522.0,524.0,520.0,520.0,11482.0,519.0,517.3,520.35,44.82758618525565,-3.6536021095080287,-4.571785985868288,2.626785107216858,,0.0,Neutral
2019-07-21,519.0,520.0,516.0,516.0,12328.0,519.0,517.1,519.9,44.82758618525565,-3.6355474665759857,-4.384538282009828,2.6436506744243333,,0.0,Neutral
2019-07-22,516.0,520.0,515.0,515.0,17467.0,518.0,516.9,519.35,43.33333331311112,-3.6597434304717353,-4.23957931170221,2.7264140061310775,,0.0,Neutral
2019-07-23,513.0,522.0,513.0,520.0,8485.0,518.2,517.3,519.05,45.16129030218522,-3.2381335055413274,-4.039290150470034,2.869378562133203,,0.0,Neutral
2019-07-24,520.0,527.0,520.0,526.0,9830.0,519.4,518.7,519.1,57.14285712,-2.392278054321878,-3.7098877312404026,3.368151487677966,2019-07-24,0.8770189881324768,Strongly Positive
2019-07-25,525.0,525.0,520.0,520.0,10799.0,519.4,519.2,518.75,52.63157892797784,-2.1809408426333903,-3.404098353519,3.119829055066721,,0.0,Neutral
2019-07-28,514.0,518.0,512.0,514.0,17746.0,519.0,519.0,518.3,46.51162789183343,-2.469141707064068,-3.217107024228014,3.399346342322264,,0.0,Neutral
2019-07-29,515.0,518.0,514.0,515.0,10168.0,519.0,518.5,518.1,48.83720928642509,-2.5870296583181016,-3.0910915510460315,3.597838857417917,,0.0,Neutral
2019-07-30,522.0,522.0,514.0,517.0,4278.0,518.4,518.3,518.0,56.09756095645449,-2.490366034277031,-2.970946447692232,3.6224607964370157,,0.0,Neutral
2019-07-31,515.0,521.0,514.0,518.0,11149.0,516.8,518.1,517.75,53.846153826824455,-2.3064801062189417,-2.838053179397574,3.573047252159789,,0.0,Neutral
2019-08-01,520.0,522.0,516.0,520.0,13978.0,516.8,518.1,517.7,54.99999998075,-1.9765811015440704,-2.6657587638268736,3.573047252159789,,0.0,Neutral
2019-08-04,519.0,520.0,513.0,514.0,8767.0,516.8,517.9,517.5,42.85714284285715,-2.174220558262732,-2.5674511227140453,3.7549966710370177,,0.0,Neutral
2019-08-05,517.0,517.0,512.0,514.0,22432.0,516.6,517.8,517.35,43.90243900939917,-2.3042888442016647,-2.5148186670115695,3.8528488737482403,,0.0,Neutral
2019-08-06,512.0,512.0,509.0,510.0,16343.0,515.2,516.8,517.05,38.63636362407024,-2.69902281359316,-2.551659496327888,4.467164151343649,,0.0,Neutral
2019-08-07,515.0,515.0,510.0,511.0,8134.0,513.8,515.3,517.0,39.999999987555555,-2.8977571450128607,-2.6208790260648827,3.4334951417435446,,0.0,Neutral
2019-08-08,515.0,520.0,508.0,510.0,11869.0,511.8,514.3,516.75,42.85714284285715,-3.100209887350047,-2.7167451983219157,3.3681514876750507,,0.0,Neutral
2019-08-11,506.0,510.0,505.0,507.0,27104.0,510.4,513.6,516.3,40.909090896074375,-3.462812920379406,-2.865958742733414,4.087922591071311,,0.0,Neutral
2019-08-12,505.0,517.0,505.0,510.0,7837.0,509.6,513.1,515.8,38.09523808253967,-3.4681251209536867,-2.9863920183774684,4.201851443713042,,0.0,Neutral
2019-08-13,505.0,509.0,505.0,507.0,16815.0,509.0,512.1,515.2,25.641025631821165,-3.6720805473756855,-3.1235297241771116,4.357624225235841,,0.0,Neutral
2019-08-14,509.0,509.0,507.0,508.0,4606.0,508.4,511.1,514.6,32.3529411631488,-3.710255533348686,-3.2408748860114267,3.984692933871648,2019-08-14,0.8484676480293274,Strongly Positive
2019-08-15,502.0,502.0,479.0,492.0,48000.0,504.8,508.3,513.2,24.999999992045446,-4.974235872406268,-3.587547083290395,6.236986451761481,2019-08-15,0.0848599970340728,Slightly Positive
2019-08-18,490.0,491.0,477.0,479.0,35348.0,499.2,504.8,511.35,17.857142852678578,-6.944884447195989,-4.259014556071514,10.819735055263928,2019-08-18,0.9117669463157654,Strongly Positive
2019-08-19,479.0,480.0,462.0,480.0,31112.0,493.2,501.4,509.6,16.363636359471073,-8.329923821208467,-5.073196409098905,12.773235907747905,2019-08-19,0.8192152976989746,Strongly Positive
2019-08-20,480.0,480.0,471.0,471.0,16974.0,486.0,497.5,507.15,12.698412695590832,-10.038089441062084,-6.066175015491542,15.51522549696359,2019-08-20,0.9151046872138976,Strongly Positive
2019-08-21,471.0,471.0,466.0,468.0,14444.0,478.0,493.2,504.25,9.374999997949217,-11.501317896035005,-7.153203591600235,17.222724007009138,,0.0,Neutral
2019-08-22,468.0,472.0,464.0,466.0,17056.0,472.8,488.8,501.55,9.999999997666663,-12.676196965930728,-8.257802266466335,18.054239268241727,,0.0,Neutral
2019-08-25,466.0,468.0,462.0,465.0,32830.0,470.0,484.6,499.1,9.836065571513032,-13.532000260396899,-9.312641865252449,18.234277854859933,,0.0,Neutral
2019-08-26,466.0,474.0,460.0,465.0,14527.0,467.0,480.1,496.6,10.526315786888276,-14.048290587851625,-10.259771609772285,16.762723194284828,2019-08-26,0.7882136106491089,Strongly Positive
2019-08-27,465.0,471.0,465.0,467.0,14139.0,466.2,476.1,494.1,12.06896551432817,-14.133152917477389,-11.034447871313306,14.208369990153162,2019-08-27,-0.36812427639961237,Negative
2019-08-28,465.0,467.0,462.0,463.0,10099.0,465.2,471.6,491.35,11.475409833431883,-14.35766724504765,-11.699091746060176,9.240009619966003,,0.0,Neutral
2019-08-29,464.0,466.0,461.0,464.0,17203.0,464.8,468.8,488.55,13.559322030680846,-14.290176564425565,-12.217308709733254,6.069962474654852,2019-08-29,0.5478883385658264,Positive
2019-09-01,464.0,466.0,459.0,459.0,16708.0,463.6,466.8,485.8,8.196721309594196,-14.473308634429031,-12.66850869467241,5.613475849273375,,0.0,Neutral
2019-09-02,460.0,460.0,453.0,453.0,10720.0,461.2,464.1,482.75,7.812499998291003,-14.930482664951057,-13.12090348872814,5.021066730323623,2019-09-02,0.9215753078460692,Strongly Positive
2019-09-03,451.0,459.0,445.0,459.0,13379.0,459.6,462.9,480.2,14.492753620247854,-14.63988701746888,-13.424700194476289,4.605552204715206,,0.0,Neutral
2019-09-04,460.0,462.0,457.0,460.0,7049.0,459.0,462.1,477.65,20.37037036508916,-14.165603965823664,-13.572880948745764,4.30632609583699,,0.0,Neutral
2019-09-05,464.0,464.0,456.0,457.0,8315.0,457.6,461.2,475.0,24.999999992045446,-13.87189953543691,-13.632684666083994,4.341018825538816,,0.0,Neutral
2019-09-08,457.0,457.0,448.0,448.0,13691.0,455.4,459.5,472.05,19.230769225591715,-14.201653619487956,-13.746478456764788,5.778311941053277,,0.0,Neutral
2019-09-09,450.0,450.0,444.0,446.0,10288.0,454.0,457.6,468.85,22.222222215308648,-14.457709911898405,-13.888724747791512,6.8019605016412505,,0.0,Neutral
2019-09-10,445.0,459.0,443.0,450.0,10881.0,452.2,455.9,466.0,30.434782599432893,-14.174475270204084,-13.945874852274027,6.297265720514613,,0.0,Neutral
2019-09-11,447.0,453.0,445.0,449.0,9035.0,450.0,454.5,463.05,31.1111111014321,-13.870807385455464,-13.930861358910315,6.09644705265885,2019-09-11,0.869890034198761,Strongly Positive
2019-09-12,449.0,449.0,444.0,445.0,13529.0,447.6,452.6,460.7,29.166666658159713,-13.793907391587481,-13.90347056544575,5.758086101714061,,0.0,Neutral
2019-09-15,441.0,446.0,439.0,440.0,10411.0,446.0,450.7,458.75,26.41509433264507,-13.975322981672832,-13.917841048691166,6.4987178221955,,0.0,Neutral
2019-09-16,435.0,437.0,428.0,428.0,21433.0,442.4,448.2,456.15,19.04761904338625,-14.915459720552462,-14.117364783063426,9.589345939882023,2019-09-16,-0.030564218759536743,Neutral
2019-09-17,430.0,444.0,430.0,442.0,9730.0,440.8,446.5,454.7,35.61643834933383,-14.36524822285935,-14.16694147102261,8.947377020933223,,0.0,Neutral
2019-09-18,449.0,468.0,440.0,449.0,10393.0,440.8,445.4,453.75,40.50632910674571,-13.212059747767967,-13.975965126371683,7.691264886526711,,0.0,Neutral
2019-09-19,452.0,452.0,444.0,446.0,3255.0,441.0,444.3,452.75,41.558441550885476,-12.397315959616435,-13.660235293020634,6.549809157460859,2019-09-19,-0.7588661909103394,Strongly Negative
2019-09-22,443.0,443.0,437.0,441.0,6701.0,441.2,443.6,451.55,42.105263150138505,-12.016564376767008,-13.33150110976991,6.484168755021676,2019-09-22,0.7533304691314697,Strongly Positive
2019-09-23,439.0,443.0,439.0,441.0,4674.0,443.8,443.1,450.35,37.14285713542858,-11.58131382750588,-12.981463653317103,6.471304178983582,,0.0,Neutral
2019-09-24,439.0,442.0,437.0,439.0,5685.0,443.2,442.0,448.95,35.21126759869074,-11.267868937600383,-12.63874471017376,6.091888960762389,,0.0,Neutral
2019-09-25,437.0,439.0,432.0,434.0,13151.0,440.2,440.5,447.5,34.246575335897916,-11.292744092943963,-12.369544586727802,6.023103666459552,,0.0,Neutral
2019-09-26,434.0,435.0,433.0,435.0,3669.0,438.0,439.5,446.05,39.99999999138461,-11.103768854618352,-12.116389440305912,6.023103666459175,,0.0,Neutral
2019-09-29,434.0,434.0,428.0,433.0,4618.0,436.4,438.8,444.75,39.99999999138461,-10.988716814851898,-11.89085491521511,6.356099432760081,2019-09-29,-0.1866679191589355,Slightly Negative
2019-09-30,431.0,444.0,431.0,444.0,5091.0,437.0,440.4,444.3,45.8333333244213,-9.89585590831291,-11.49185511383467,5.2535702145436565,2019-09-30,-0.5910172462463379,Negative
2019-10-01,445.0,446.0,440.0,445.0,7537.0,438.2,440.7,443.6,47.22222221304012,-8.84708048685576,-10.962900188438889,5.4375239462285,,0.0,Neutral
2019-10-02,443.0,446.0,437.0,437.0,8148.0,438.8,439.5,442.45,44.73684209702216,-8.56274554996645,-10.482869260744401,4.672615256199616,,0.0,Neutral
2019-10-03,442.0,444.0,440.0,444.0,2652.0,440.6,439.3,441.8,52.564102554667976,-7.683990308244404,-9.923093470244401,4.398231967913877,,0.0,Neutral
2019-10-10,442.0,445.0,441.0,442.0,7794.0,442.4,439.4,441.5,60.294117634645325,-7.0674841751774125,-9.351971611231004,4.452215428453322,,0.0,Neutral
2019-10-14,443.0,443.0,436.0,436.0,7064.0,440.8,438.9,441.0,44.9999999895,-6.982557897986112,-8.878088868582026,4.532597979479067,,0.0,Neutral
2019-10-15,436.0,442.0,434.0,439.0,4376.0,439.6,438.9,440.45,41.071428561160715,-6.597130667730994,-8.421897228411819,4.532597979479067,,0.0,Neutral
2019-10-16,441.0,441.0,437.0,438.0,11139.0,439.8,439.3,439.9,42.592592581550065,-6.2997488700355575,-7.9974675567365665,4.217687623333905,,0.0,Neutral
2019-10-17,440.0,445.0,440.0,443.0,11751.0,439.6,440.1,439.8,51.85185183840878,-5.5961050243193995,-7.517195050253134,4.067486256102568,,0.0,Neutral
2019-10-20,442.0,445.0,442.0,444.0,8287.0,440.0,441.2,440.0,52.727272713851235,-4.901271754606512,-6.99401039112381,3.3598941781003764,,0.0,Neutral
2019-10-21,445.0,450.0,442.0,443.0,8426.0,441.4,441.1,440.75,53.70370368978052,-4.380803845234709,-6.471369081945991,3.2812599204894037,,0.0,Neutral
2019-10-22,443.0,445.0,440.0,441.0,13244.0,441.8,440.7,440.7,56.86274508242984,-4.082650311165878,-5.993625327789969,2.9832867778913927,,0.0,Neutral
2019-10-23,440.0,444.0,440.0,442.0,4605.0,442.6,441.2,440.35,56.86274508242984,-3.722756228221158,-5.539451507876207,2.6997942306836626,,0.0,Neutral
2019-10-24,443.0,452.0,439.0,445.0,9935.0,443.0,441.3,440.3,61.53846152189348,-3.1590471179001725,-5.063370629881001,2.830390628562688,,0.0,Neutral
2019-10-31,444.0,444.0,440.0,441.0,11310.0,442.4,441.2,440.3,46.66666665214815,-3.0004824631711813,-4.650792996539037,2.820559440022399,,0.0,Neutral
2019-11-03,441.0,442.0,439.0,442.0,6805.0,442.2,441.8,440.35,46.66666665214815,-2.7622852839599545,-4.273091454023221,2.1499353993478376,,0.0,Neutral
2019-11-04,443.0,443.0,439.0,442.0,7493.0,442.4,442.1,440.5,56.75675673528122,-2.544184527780658,-3.9273100687747085,1.9119507197372179,2019-11-04,0.9131786227226256,Strongly Positive
2019-11-05,442.0,445.0,440.0,444.0,7038.0,442.8,442.7,441.0,49.999999978125,-2.1847701515400786,-3.5788020853277827,1.3374935095318237,2019-11-05,0.7101582288742065,Strongly Positive
2019-11-06,444.0,451.0,441.0,450.0,8769.0,443.8,443.4,441.75,61.11111108734568,-1.3996475473454097,-3.1429711777313085,2.674987019540403,,0.0,Neutral
2019-11-07,450.0,452.0,443.0,445.0,5953.0,444.6,443.5,442.35,62.857142832,-1.16743299935996,-2.747863542057039,2.718251071561168,2019-11-07,0.916658341884613,Strongly Positive
2019-11-10,445.0,445.0,440.0,441.0,6013.0,444.4,443.3,442.2,52.777777757253084,-1.2912827637661053,-2.4565473863988525,2.8303906285643246,,0.0,Neutral
2019-11-11,441.0,449.0,441.0,445.0,9889.0,445.0,443.7,442.2,58.97435895318869,-1.0545122627878527,-2.176140361676653,2.7507574712835243,,0.0,Neutral
2019-11-12,445.0,459.0,445.0,459.0,16754.0,448.0,445.4,443.3,66.66666664722223,0.2598180415431557,-1.688948681032691,5.481281277548866,,0.0,Neutral
2019-11-13,450.0,452.0,437.0,439.0,40595.0,445.8,444.8,443.05,46.26865670674983,-0.3088384783291076,-1.4129266404919745,5.8461763381665355,2019-11-13,0.9152509570121764,Strongly Positive
2019-11-14,438.0,439.0,431.0,435.0,11094.0,443.8,444.2,442.7,44.28571427685714,-1.0699358830343613,-1.344328489000452,6.545566777873566,2019-11-14,-0.4694458246231079,Negative
2019-11-17,433.0,433.0,421.0,422.0,18971.0,440.0,442.2,442.0,38.27160493165675,-2.6910813040081507,-1.613679052001992,9.624043964018997,,0.0,Neutral
2019-11-18,422.0,422.0,417.0,420.0,14034.0,435.0,440.0,441.05,36.585365847412255,-4.090086049169884,-2.1089604514355704,11.916375287776816,,0.0,Neutral
2019-11-19,420.0,424.0,414.0,422.0,10434.0,427.6,437.8,440.25,35.802469129614394,-4.9800175612006115,-2.683171873388579,13.070747661995934,2019-11-19,0.8595895767211914,Strongly Positive
2019-11-20,422.0,426.0,420.0,423.0,12445.0,424.4,435.1,439.25,38.46153845463511,-5.540732933176798,-3.2546840853462227,13.059266612010019,,0.0,Neutral
2019-11-21,424.0,425.0,419.0,423.0,11729.0,422.0,432.9,438.2,37.66233765548997,-5.916897592894031,-3.7871267868557847,13.05926661200963,,0.0,Neutral
2019-11-24,422.0,422.0,417.0,419.0,6909.0,421.4,430.7,437.0,35.802469129614394,-6.46327278107259,-4.322355985699146,13.391954466900618,,0.0,Neutral
2019-11-25,420.0,423.0,414.0,418.0,7523.0,421.0,428.0,435.85,33.749999994093756,-6.897461059205909,-4.837377000400499,12.90133498687353,,0.0,Neutral
2019-11-26,418.0,423.0,416.0,418.0,6914.0,420.2,423.9,434.65,28.378378373009497,-7.15903351575821,-5.301708303472042,7.2180329729825905,,0.0,Neutral
2019-11-27,416.0,418.0,415.0,417.0,8515.0,419.0,421.7,433.25,29.999999994000007,-7.362156853333204,-5.713798013444275,5.1650535115167475,,0.0,Neutral
2019-11-28,425.0,425.0,416.0,416.0,4684.0,417.6,419.8,432.0,31.343283575540198,-7.517171925754326,-6.074472795906285,2.5733678752302507,,0.0,Neutral
2019-12-01,418.0,420.0,414.0,415.0,6537.0,416.8,419.1,430.65,26.56249999418945,-7.632728783910409,-6.38612399350711,2.8460498939831576,,0.0,Neutral
2019-12-02,415.0,416.0,413.0,415.0,15354.0,416.2,418.6,429.3,5.999999998320007,-7.6362821196862,-6.6361556187429285,3.098386676810879,2019-12-02,0.6570655703544617,Strongly Positive
2019-12-03,413.0,415.0,413.0,413.0,3307.0,415.2,417.7,427.75,9.374999995898435,-7.7115870737021055,-6.851241909734765,3.3015148036976742,,0.0,Neutral
2019-12-04,415.0,415.0,412.0,412.0,7454.0,414.2,416.6,425.85,10.34482758121284,-7.762477427148212,-7.033489013217455,3.169297152914846,,0.0,Neutral
2019-12-05,412.0,415.0,411.0,412.0,8550.0,413.4,415.5,424.2,18.749999983593753,-7.713887505464697,-7.169568711666904,2.5495097566050826,,0.0,Neutral
2019-12-08,415.0,417.0,412.0,417.0,9884.0,413.8,415.3,423.0,42.10526312686981,-7.1890505297244545,-7.173465075278415,2.3118054510421095,,0.0,Neutral
2019-12-09,421.0,423.0,416.0,421.0,7921.0,415.0,415.6,421.8,47.619047587301594,-6.376838648107707,-7.014139789844274,2.8362729846524646,,0.0,Neutral
2019-12-10,423.0,432.0,422.0,428.0,8495.0,418.0,416.6,420.25,59.25925922853224,-5.109415223500719,-6.633194876575563,4.835057163757978,,0.0,Neutral
2019-12-11,429.0,430.0,424.0,424.0,9290.0,420.4,417.3,419.5,51.61290320249739,-4.377281027885601,-6.182012106837571,5.375872022196282,,0.0,Neutral
2019-12-12,432.0,432.0,424.0,429.0,5145.0,423.8,418.6,419.2,65.62499997128907,-3.354927672028907,-5.616595219875839,6.484168755012709,,0.0,Neutral
2019-12-15,426.0,433.0,423.0,428.0,8230.0,426.0,419.9,419.5,65.62499997128907,-2.5954778613487406,-5.012371748170419,6.9673843329824265,,0.0,Neutral
2019-12-16,430.0,430.0,426.0,427.0,4601.0,427.2,421.1,419.85,63.63636360936639,-2.050661310401722,-4.420029660616679,7.0624201076421285,,0.0,Neutral
2019-12-17,425.0,435.0,425.0,429.0,13805.0,427.4,422.7,420.2,67.64705879567474,-1.440897217090992,-3.824203171911542,6.83211371222957,,0.0,Neutral
2019-12-18,430.0,431.0,425.0,428.0,7505.0,428.2,424.3,420.45,67.64705879567474,-1.0265134150146196,-3.264665220532158,5.850925852580804,,0.0,Neutral
2019-12-19,422.0,427.0,422.0,425.0,6344.0,427.4,425.6,420.55,63.8888888640432,-0.9294718217636841,-2.797626540778463,3.9496835315087298,,0.0,Neutral
2019-12-22,424.0,433.0,422.0,425.0,9182.0,426.8,426.4,420.85,63.8888888640432,-0.8428498119886285,-2.4066711950204964,2.5905812301848776,,0.0,Neutral
2019-12-23,426.0,433.0,426.0,430.0,14155.0,427.4,427.3,421.45,71.79487176909927,-0.3665180400909094,-1.9986405640345792,2.002775851210161,2019-12-23,0.9299484491348268,Strongly Positive
2019-12-24,435.0,437.0,432.0,433.0,15066.0,428.2,427.8,422.2,75.609756071743,0.25016945116897205,-1.5488785609938691,2.6997942306721834,,0.0,Neutral
2019-12-25,431.0,436.0,427.0,435.0,7789.0,429.6,428.9,423.1,76.74418602152515,0.890022392171204,-1.0610983703608547,3.178049716270543,,0.0,Neutral
2019-12-26,437.0,438.0,431.0,435.0,8620.0,431.6,429.5,424.05,73.68421049916897,1.3811889711083722,-0.5726409020670093,3.7193189339479216,,0.0,Neutral
2019-12-29,435.0,437.0,431.0,433.0,24512.0,433.2,430.0,424.95,66.66666664074074,1.590721886559379,-0.13996834434173167,3.829708430906882,,0.0,Neutral
2019-12-30,385.0,390.0,382.0,390.0,16444.0,425.2,426.3,423.7,23.611111106520056,-1.6934414632902985,-0.4506629681314451,13.275290329495931,,0.0,Neutral
2019-12-31,390.0,403.0,390.0,400.0,13595.0,418.6,423.4,423.05,34.6153846091716,-3.4494846409412503,-1.0504273026934061,15.58631878707716,,0.0,Neutral
2020-01-01,400.0,401.0,398.0,400.0,7512.0,411.6,420.6,422.45,30.136986295590177,-4.78599157909008,-1.797540157972741,17.10880215299011,,0.0,Neutral
2020-01-02,408.0,408.0,398.0,398.0,4596.0,404.2,417.9,421.75,29.729729724105184,-5.938115344544713,-2.625655195287136,18.417684738048543,2020-01-02,0.1548265516757965,Slightly Positive
2020-01-05,391.0,397.0,375.0,393.0,39579.0,396.2,414.7,420.55,28.205128200065744,-7.171965983068503,-3.5349173528434097,19.776810213511233,,0.0,Neutral
2020-01-06,393.0,402.0,390.0,401.0,43209.0,398.4,411.8,419.55,33.33333332777778,-7.4187496345265345,-4.3116838091800345,19.406757127898228,,0.0,Neutral
2020-01-07,402.0,406.0,401.0,403.0,15062.0,399.0,408.8,418.3,35.29411764124568,-7.36801033427821,-4.92294911419967,18.03576693373147,,0.0,Neutral
2020-01-08,403.0,405.0,399.0,400.0,20812.0,399.0,405.3,417.1,35.29411764124568,-7.483607630844062,-5.435080817528549,15.62085500573152,,0.0,Neutral
2020-01-09,400.0,402.0,397.0,398.0,20041.0,399.0,401.6,415.55,34.48275861514071,-7.648436195038471,-5.877751893030534,11.69235267643216,,0.0,Neutral
2020-01-12,402.0,404.0,400.0,403.0,32126.0,401.0,398.6,414.3,34.48275861514071,-7.29155331860909,-6.160512178146245,4.168666186770435,,0.0,Neutral
2020-01-13,405.0,419.0,405.0,412.0,12892.0,403.2,400.8,413.55,38.70967741352758,-6.21090088472738,-6.170589919462473,4.871686908278154,2020-01-13,0.008271217346191406,Neutral
2020-01-14,415.0,416.0,402.0,405.0,31091.0,403.6,401.3,412.35,34.69387754606413,-5.851860933569526,-6.106844122283884,5.0343266127062245,,0.0,Neutral
2020-01-15,412.0,413.0,405.0,409.0,12678.0,405.4,402.2,411.4,37.254901955670896,-5.184785633561887,-5.922432424539485,5.553777493148804,2020-01-15,0.1968604028224945,Slightly Positive
2020-01-16,410.0,414.0,408.0,409.0,33974.0,407.6,403.3,410.6,37.99999999468,-4.603062414085116,-5.658558422448611,5.71644800350223,,0.0,Neutral
2020-01-19,417.0,417.0,409.0,411.0,49574.0,409.2,405.1,409.9,67.79661015340419,-3.9352956476678855,-5.313905867492466,4.886489310000891,,0.0,Neutral
2020-01-20,409.0,416.0,404.0,405.0,39050.0,407.8,405.5,408.65,54.54545453157024,-3.8459023617550088,-5.020305166344976,4.672615256182599,,0.0,Neutral
2020-01-21,405.0,408.0,400.0,400.0,24326.0,406.8,405.2,407.0,49.99999998833333,-4.130897338754835,-4.8424236008269474,4.9396356139877025,2020-01-21,0.9201471209526062,Strongly Positive
2020-01-22,401.0,404.0,400.0,401.0,15223.0,405.2,405.3,405.3,52.54237286888825,-4.22733616872614,-4.7194061144067865,4.831608887670916,,0.0,Neutral
2020-01-23,402.0,408.0,398.0,398.0,20460.0,403.0,405.3,403.45,54.38596489892275,-4.4940351247580566,-4.6743319164770405,4.831608887670916,,0.0,Neutral
2020-01-26,398.0,402.0,395.0,397.0,16104.0,400.2,404.7,401.65,45.99999998712,-4.731545302563575,-4.685774593694347,5.478239782091005,2020-01-26,0.8893269896507263,Strongly Positive
2020-01-27,399.0,400.0,396.0,397.0,10316.0,398.6,403.2,402.0,43.74999998723958,-4.8637080310144825,-4.721361281158375,5.3082744632078205,,0.0,Neutral
2020-01-28,404.0,404.0,393.0,395.0,31605.0,397.6,402.2,401.75,44.680851050520594,-5.071371615629687,-4.791363348052638,5.846176338149553,,0.0,Neutral
2020-01-29,396.0,398.0,389.0,389.0,43311.0,395.2,400.2,401.2,41.176470576931955,-5.654910075192845,-4.964072693480679,6.629898608161998,,0.0,Neutral
2020-01-30,391.0,395.0,389.0,389.0,29199.0,393.4,398.2,400.75,34.78260868506615,-6.047654907327058,-5.180789136249954,6.696599468639899,,0.0,Neutral
2020-02-02,389.0,400.0,389.0,397.0,26812.0,393.4,396.8,400.95,33.33333332296296,-5.64826518996972,-5.274284346993908,4.962078417473828,,0.0,Neutral
2020-02-03,403.0,403.0,395.0,397.0,24339.0,393.4,396.0,400.75,39.473684195983374,-5.270985323778461,-5.273624542350819,4.055175020067344,2020-02-03,0.2245823740959167,Positive
2020-02-04,397.0,400.0,395.0,397.0,20892.0,393.8,395.7,400.45,32.3529411631488,-4.915327476206642,-5.201965129121985,3.8311588033792274,,0.0,Neutral
2020-02-05,400.0,400.0,393.0,395.0,12909.0,395.0,395.1,400.2,30.55555554367284,-4.7402071970411725,-5.109613542705823,3.3482997341995437,,0.0,Neutral
2020-02-06,395.0,396.0,393.0,395.0,13059.0,396.2,394.8,400.05,26.47058822439446,-4.548985243882555,-4.9974878829411695,3.190262963566798,2020-02-06,0.6992590427398682,Strongly Positive
2020-02-09,388.0,388.0,377.0,383.0,70949.0,393.4,393.4,399.05,22.499999992124998,-5.304592143899242,-5.058908735132784,4.78887599883887,,0.0,Neutral
2020-02-10,390.0,390.0,380.0,380.0,44733.0,390.0,391.7,397.45,23.68421051759003,-6.07545689868266,-5.26221836784276,6.183310871389764,,0.0,Neutral
2020-02-11,385.0,386.0,379.0,380.0,51265.0,386.6,390.2,396.2,21.621621613440453,-6.610174790337169,-5.531809652341642,7.052186422113331,,0.0,Neutral
2020-02-12,385.0,385.0,377.0,378.0,23924.0,383.2,389.1,394.65,22.22222221358024,-7.113327841743512,-5.848113290222017,8.047774019290532,,0.0,Neutral
2020-02-13,378.0,378.0,371.0,375.0,43736.0,379.2,387.7,392.95,21.052631571191128,-7.665788747070508,-6.211648381591715,9.20205291099069,2020-02-13,0.7711449861526489,Strongly Positive
2020-02-16,375.0,376.0,368.0,373.0,55935.0,377.2,385.3,391.05,19.999999993000003,-8.170813231334478,-6.603481351540268,9.626929820906604,,0.0,Neutral
2020-02-17,375.0,380.0,370.0,379.0,39523.0,377.0,383.5,389.75,31.818181808057858,-7.994740525486122,-6.8817331863294395,8.847472959927725,,0.0,Neutral
2020-02-18,380.0,388.0,378.0,387.0,66170.0,378.4,382.5,389.1,47.826086941965976,-7.127507032009703,-6.930887955465492,7.633988326991827,,0.0,Neutral
2020-02-19,394.0,394.0,383.0,385.0,15302.0,379.8,381.5,388.3,45.83333331996528,-6.5263695994340765,-6.849984284259209,6.363961030589744,2020-02-19,0.4383313953876495,Positive
2020-02-20,390.0,396.0,386.0,396.0,46487.0,384.0,381.6,388.2,49.01960782968089,-5.1035255186475865,-6.500692531136885,6.60302960760175,,0.0,Neutral
2020-02-23,400.0,412.0,399.0,412.0,97360.0,391.8,384.5,388.95,61.194029837959455,-2.6542485263659614,-5.7314037301827,11.692827811145659,,0.0,Neutral
2020-02-24,418.0,443.0,418.0,428.0,117519.0,401.6,389.3,390.5,68.67469878359704,0.5713018069187115,-4.470862622762418,17.863992337132377,2020-02-24,0.2999306619167328,Positive
2020-02-25,428.0,436.0,416.0,435.0,61561.0,411.2,394.8,392.5,72.72727271570247,3.650336377931808,-2.846622822623573,22.53786936590245,,0.0,Neutral
2020-02-26,429.0,450.0,429.0,450.0,74215.0,424.2,402.0,395.55,76.69902911578848,7.217667322424404,-0.8337647936139774,27.523727137771846,2020-02-26,0.532075822353363,Positive
2020-02-27,450.0,495.0,438.0,484.0,123519.0,441.8,412.9,400.3,90.3999999898752,12.642582822269844,1.8615047295627871,35.93960984143498,,0.0,Neutral
2020-03-01,490.0,500.0,466.0,466.0,121084.0,452.6,422.2,403.75,80.71428570621428,15.31290028998609,4.551783841647448,36.49596629155904,,0.0,Neutral
2020-03-02,468.0,468.0,435.0,435.0,66184.0,454.0,427.8,405.65,66.08187133961903,14.757588900988992,6.592944853515757,33.28596634551324,,0.0,Neutral
2020-03-03,434.0,452.0,404.0,448.0,96445.0,456.6,433.9,408.2,69.2307692254438,15.19137526116532,8.31263093504567,30.446492226330474,,0.0,Neutral
2020-03-04,448.0,448.0,421.0,423.0,66456.0,451.2,437.7,409.6,61.764705878114185,13.363813289666211,9.32286740596978,25.660388842624474,2020-03-04,0.8303459882736206,Strongly Positive
2020-03-05,415.0,425.0,400.0,416.0,56360.0,437.6,439.7,410.65,60.28708133567454,11.221264015247584,9.70254672782534,22.65220126657369,,0.0,Neutral
2020-03-10,410.0,410.0,394.0,400.0,32179.0,424.4,438.5,411.5,54.794520544442356,8.138397614888333,9.389716905237938,24.523231615919297,2020-03-10,0.0032716374844312,Neutral
2020-03-11,392.0,418.0,392.0,418.0,46426.0,421.0,437.5,413.4,56.76855894849451,7.066198610448623,8.925013246280075,25.193694096367697,,0.0,Neutral
2020-03-12,422.0,430.0,400.0,402.0,56808.0,411.8,434.2,414.5,53.49794238374909,4.86927689915882,8.113865976855825,27.60354244575631,,0.0,Neutral
2020-03-15,400.0,404.0,387.0,388.0,49256.0,404.8,428.0,415.0,48.37398373708441,1.9757424883287626,6.886241279150413,30.47403266169005,,0.0,Neutral
2020-03-16,385.0,397.0,382.0,387.0,40320.0,399.0,418.3,415.6,44.58874458604224,-0.39355931489507157,5.430281160341316,25.73821197275744,,0.0,Neutral
2020-03-17,384.0,392.0,378.0,380.0,38154.0,395.0,409.7,415.95,39.1891891867178,-2.8037694534334605,3.7834710375863607,22.146231181728265,,0.0,Neutral
2020-03-18,380.0,394.0,365.0,379.0,35176.0,387.2,404.1,415.95,37.03703703463649,-4.739931021195048,2.0787906258300795,22.11811725961506,2020-03-18,-0.7195503115653992,Strongly Negative
2020-03-19,372.0,388.0,358.0,379.0,41101.0,382.6,397.2,415.55,32.33830845545903,-6.202850414498926,0.4224624177642784,17.093208527854408,,0.0,Neutral
2020-03-22,380.0,380.0,370.0,373.0,2600.0,379.6,392.2,414.95,17.919075143058578,-7.756957056950682,-1.2134214771787137,15.984714921137126,,0.0,Neutral
2020-05-12,366.0,366.0,362.0,362.0,140.0,374.6,386.8,413.25,18.674698793605756,-9.763656482724059,-2.923468478287783,16.171305176453693,,0.0,Neutral
2020-05-13,355.0,355.0,352.0,352.0,102.0,369.0,382.0,410.25,21.379310342763375,-12.022310944709147,-4.743236971572056,18.737959096709943,,0.0,Neutral
2020-06-29,335.0,387.0,335.0,387.0,33192.0,370.6,378.9,408.2,31.736526943447245,-10.862882834358913,-5.967166144129427,14.114216631112054,,0.0,Neutral
2020-06-30,394.0,425.0,394.0,425.0,7406.0,379.8,381.2,407.7,50.55555555162346,-6.799366419305443,-6.133606199164631,19.24000461997443,,0.0,Neutral
2020-07-01,433.0,467.0,433.0,465.0,17914.0,398.2,388.9,408.45,61.50234741379797,-0.3473308642714983,-4.976351132186005,32.85473076030649,,0.0,Neutral
2020-07-02,488.0,494.0,435.0,441.0,39135.0,414.0,394.3,406.3,59.27601809579247,2.7971110191798516,-3.421658701912834,36.718296983006375,,0.0,Neutral
2020-07-05,435.0,453.0,420.0,439.0,50242.0,431.4,400.2,404.95,55.12195121574777,5.069285018816288,-1.7234699577670096,38.843846931571974,,0.0,Neutral
2020-07-06,438.0,440.0,428.0,439.0,33872.0,441.8,406.2,405.15,59.788359783931014,6.7917086935307225,-0.020434227507463376,39.826847449638215,,0.0,Neutral
2020-07-07,440.0,447.0,432.0,442.0,46799.0,445.2,412.5,404.85,65.16853932071709,8.30310378120123,1.6442733742342754,40.028462096073376,,0.0,Neutral
2020-07-08,440.0,448.0,430.0,440.0,24117.0,440.2,419.2,405.7,64.80446926867452,9.23307880679829,3.162034460747078,38.25005446617955,,0.0,Neutral
2020-07-09,448.0,448.0,435.0,440.0,30729.0,440.0,427.0,406.9,67.44186045962682,9.8564714472883,4.500921858055323,32.86335345029581,2020-07-09,0.868633508682251,Strongly Positive
2020-07-12,448.0,452.0,436.0,438.0,23717.0,439.8,435.6,408.8,67.0520231159611,10.07301586422733,5.615340659289725,19.653668020646293,,0.0,Neutral
2020-07-13,441.0,444.0,431.0,434.0,19262.0,438.8,440.3,409.6,65.5367231586581,9.808792648276722,6.454031057087124,9.97830981007285,,0.0,Neutral
2020-07-14,434.0,442.0,430.0,432.0,22141.0,436.8,441.0,411.1,67.0520231159611,9.330454884802236,7.029315822630147,8.981462390156695,,0.0,Neutral
2020-07-15,439.0,439.0,431.0,431.0,20316.0,435.0,437.6,413.25,71.16564416566675,8.769586780828831,7.377370014269884,3.8643671322029336,,0.0,Neutral
2020-07-16,439.0,440.0,435.0,440.0,30120.0,435.0,437.5,415.9,77.1604938204923,8.948170610697673,7.691530133555442,3.7785946828013075,,0.0,Neutral
2020-07-19,462.0,484.0,462.0,484.0,4167.0,444.2,442.0,421.1,78.36257309299955,12.496084772438849,8.652441061332123,15.224249662197327,2020-07-19,-0.5209159851074219,Negative
2020-07-20,508.0,532.0,463.0,478.0,150121.0,453.0,445.9,426.05,69.06474819448269,14.654751596909193,9.852903168447538,18.91765783010502,,0.0,Neutral
2020-07-21,500.0,500.0,466.0,467.0,59577.0,460.0,448.4,430.45,50.909090902611574,15.301516184777313,10.942625771713494,19.967751779063136,2020-07-21,0.9020757675170898,Strongly Positive
2020-07-22,476.0,476.0,454.0,458.0,45789.0,465.4,450.2,434.7,58.94736841236565,14.915915606214924,11.73728373861378,19.937680685332673,,0.0,Neutral
2020-07-23,451.0,463.0,445.0,459.0,32573.0,469.2,452.1,439.55,60.63829786330919,14.5235970263588,12.294546396162783,19.762197358685338,,0.0,Neutral
2020-07-26,459.0,468.0,459.0,464.0,37048.0,465.2,454.7,445.15,62.62626261740639,14.449574241270795,12.725551965184387,19.408188420792275,,0.0,Neutral
2020-07-27,464.0,476.0,462.0,470.0,55284.0,463.6,458.3,449.3,63.72549018733179,14.705544147640467,13.121550401675604,18.457458594752207,,0.0,Neutral
2020-07-28,467.0,472.0,462.0,469.0,37549.0,464.0,462.0,451.5,64.35643563464367,14.658733742116453,13.428987069763775,16.165807537285755,,0.0,Neutral
2020-07-29,462.0,472.0,460.0,467.0,37948.0,465.8,465.6,451.6,63.10679610792723,14.29546366665329,13.60228238914168,11.955472944747175,,0.0,Neutral
2020-07-30,464.0,472.0,464.0,465.0,38222.0,467.0,468.1,452.8,63.10679610792723,13.68839493326584,13.619504897966513,7.950541560822825,,0.0,Neutral
2020-08-02,460.0,461.0,449.0,451.0,53485.0,464.4,464.8,453.4,57.52212388667868,11.93996906028974,13.28359773043116,7.4505779044551845,2020-08-02,-0.8397742509841919,Strongly Negative
2020-08-03,445.0,458.0,442.0,458.0,32750.0,462.0,462.8,454.35,61.01694914530308,10.992456264535917,12.825369437252112,6.069962474651701,,0.0,Neutral
2020-08-05,455.0,455.0,437.0,448.0,60979.0,457.8,460.9,454.65,56.69291337957716,9.327111979947858,12.125717945791262,7.430417963367709,,0.0,Neutral
2020-08-06,458.0,458.0,435.0,441.0,26032.0,452.6,459.2,454.7,50.3999999943552,7.357658629003311,11.172106082433674,9.750213672832254,,0.0,Neutral
2020-08-09,438.0,445.0,432.0,445.0,26724.0,448.6,457.8,454.95,27.058823524955017,6.049879979357229,10.147660861818386,10.737266360117028,,0.0,Neutral
2020-08-10,445.0,454.0,444.0,451.0,40796.0,448.6,456.5,455.6,34.11764705320415,5.4349550546562,9.205119700385948,10.69007847384591,,0.0,Neutral
2020-08-11,455.0,455.0,446.0,450.0,20119.0,447.0,454.5,456.4,38.66666665944889,4.81146737798548,8.326389235905856,9.709674442378311,,0.0,Neutral
2020-08-12,451.0,451.0,445.0,449.0,21100.0,447.2,452.5,457.25,43.28358208050791,4.188376265175293,7.498786641759743,8.356634091099185,,0.0,Neutral
2020-08-13,448.0,448.0,440.0,442.0,36639.0,447.4,450.0,457.8,38.35616437620567,3.0940641253361605,6.6178421384750274,7.1956777149170765,,0.0,Neutral
2020-08-16,435.0,436.0,405.0,417.0,96353.0,441.8,445.2,456.65,24.73118279197594,0.20713507987431967,5.335700726754886,11.05340570941519,2020-08-16,0.0681280344724655,Slightly Positive
2020-08-17,417.0,417.0,408.0,415.0,57685.0,434.6,441.6,453.2,19.10112359250094,-2.216608589132761,3.825238863577357,14.331007563214659,,0.0,Neutral
2020-08-18,422.0,422.0,413.0,417.0,32419.0,428.0,437.5,450.15,21.11111110782717,-3.9307484028661293,2.27404141028866,14.968485412849038,,0.0,Neutral
2020-08-19,410.0,418.0,409.0,416.0,18460.0,421.4,434.3,447.6,21.348314603383415,-5.308712662596122,0.7574905957117035,15.867857098171536,,0.0,Neutral
2020-08-20,416.0,419.0,414.0,419.0,5455.0,416.8,432.1,445.65,24.444444440641973,-6.088499901272314,-0.6117075036851002,16.3533890473023,2020-08-20,0.6419330835342407,Strongly Positive
2020-08-23,420.0,420.0,413.0,417.0,9566.0,416.8,429.3,443.55,28.205128200065744,-6.789603864323226,-1.8472867758127254,16.296216329741913,,0.0,Neutral
2020-08-24,425.0,425.0,417.0,421.0,45059.0,418.0,426.3,441.4,25.333333328604454,-6.942439118971947,-2.86631724444457,14.52239649641429,,0.0,Neutral
2020-08-25,425.0,429.0,418.0,420.0,20761.0,418.6,423.3,438.9,28.787878781772264,-7.06283780430681,-3.705621356417018,11.954078801775223,,0.0,Neutral
2020-08-26,427.0,428.0,417.0,422.0,55840.0,419.8,420.6,436.55,34.42622950029562,-6.917134918978718,-4.347924068929358,7.8485667480782055,2020-08-26,0.47874862141907215,Positive
2020-08-27,427.0,427.0,422.0,424.0,20290.0,420.8,418.8,434.4,32.203389822866995,-6.564608328833003,-4.791260920910087,2.8982753490706066,,0.0,Neutral
2020-08-30,423.0,423.0,418.0,421.0,9548.0,421.6,419.2,432.2,23.214285708482137,-6.4529181704130565,-5.123592370810681,2.8982753490709365,,0.0,Neutral
2020-08-31,419.0,426.0,419.0,424.0,36561.0,422.2,420.1,430.85,27.586206889892978,-6.052557867714654,-5.309385470191476,2.8460498939822934,,0.0,Neutral
2020-09-02,403.0,440.0,403.0,430.0,66367.0,424.2,421.4,429.45,34.920634912874775,-5.191277768817486,-5.285763929916678,4.0055517027604814,,0.0,Neutral
2020-09-03,451.0,451.0,422.0,429.0,55148.0,425.6,422.7,428.5,38.59649121859033,-4.537097887700725,-5.136030721473487,4.16466618632199,2020-09-03,0.8214860558509827,Strongly Positive
2020-09-06,437.0,445.0,423.0,428.0,34839.0,426.4,423.6,427.85,66.66666663838384,-4.052631053347625,-4.919350787848314,4.247875285775021,,0.0,Neutral
2020-09-07,425.0,425.0,420.0,420.0,31433.0,426.2,423.9,426.6,56.41025639000657,-4.265055829243693,-4.78849179612739,3.8137179291997594,,0.0,Neutral
2020-09-08,418.0,422.0,418.0,419.0,20071.0,425.2,423.7,425.0,52.63157892797784,-4.462652951905909,-4.723324027283094,4.029061098120451,,0.0,Neutral
2020-09-09,418.0,420.0,416.0,417.0,38207.0,422.6,423.4,423.35,51.28205126364234,-4.726153228044041,-4.723889867435283,4.4271887241287455,,0.0,Neutral
2020-09-10,420.0,424.0,417.0,419.0,22940.0,420.6,423.1,421.85,49.999999981578945,-4.719195857747195,-4.722951065497666,4.629614814688637,,0.0,Neutral
2020-09-13,425.0,430.0,416.0,419.0,35195.0,418.8,422.6,420.7,52.777777757253084,-4.6599649168280735,-4.7103538357637476,4.7888759988521254,,0.0,Neutral
2020-09-14,420.0,427.0,418.0,422.0,35807.0,419.2,422.7,420.95,51.428571408,-4.321137656372002,-4.632510599885398,4.762119042697998,,0.0,Neutral
2020-09-15,430.0,430.0,418.0,421.0,36634.0,419.6,422.4,421.25,51.428571408,-4.086203048819527,-4.523249089672224,4.765617600076482,,0.0,Neutral
2020-09-16,421.0,425.0,414.0,420.0,25143.0,420.2,421.4,421.4,47.0588235100346,-3.9353431363631444,-4.405667899010409,3.977715703926669,,0.0,Neutral
2020-09-17,441.0,441.0,419.0,429.0,51581.0,422.2,421.4,422.05,56.09756095645449,-3.054352115078359,-4.135404742223999,3.977715703926669,,0.0,Neutral
2020-09-20,435.0,444.0,428.0,431.0,38402.0,424.6,421.7,422.65,62.499999978125004,-2.169765393387081,-3.7422768724566158,4.595891885289112,,0.0,Neutral
2020-09-21,431.0,431.0,425.0,429.0,31994.0,426.0,422.6,423.25,56.41025639000657,-1.611530606952158,-3.3161276193557243,5.081557066615585,,0.0,Neutral
2020-09-22,450.0,450.0,421.0,424.0,34917.0,426.6,423.1,423.4,42.10526314238227,-1.5546625479851741,-2.9638346050816144,4.93175650466173,,0.0,Neutral
2020-09-23,423.0,423.0,416.0,420.0,43833.0,426.6,423.4,423.4,39.02439023057703,-1.8114791679058158,-2.733363517646455,4.599516882739765,,0.0,Neutral
2020-09-24,441.0,441.0,419.0,423.0,31967.0,425.4,423.8,423.45,44.186046497241755,-1.7527288938503602,-2.5372365928872362,4.3410188255176925,2020-09-24,0.8897400796413422,Strongly Positive
2020-09-27,428.0,428.0,421.0,424.0,28343.0,424.0,424.3,423.45,55.55555553395062,-1.606953278634876,-2.351179930036764,4.001388647728202,,0.0,Neutral
2020-09-28,424.0,424.0,420.0,420.0,21312.0,422.2,424.1,423.4,51.28205126364234,-1.793517075504326,-2.2396473591302763,4.1753243385860905,,0.0,Neutral
2020-09-29,422.0,422.0,417.0,419.0,24416.0,421.2,423.9,423.15,52.63157892797784,-1.9990184311655526,-2.1915215735373317,4.383048152845937,,0.0,Neutral
2020-09-30,416.0,420.0,415.0,418.0,30228.0,420.8,423.7,422.55,48.648648630241055,-2.2170150097472856,-2.1966202607793224,4.620004809899938,,0.0,Neutral
2020-10-01,416.0,425.0,416.0,420.0,51814.0,420.2,422.8,422.1,51.28205126364234,-2.2030007620862193,-2.197896361040702,4.341018825517142,,0.0,Neutral
2020-10-04,423.0,427.0,419.0,420.0,50077.0,419.4,421.7,421.7,47.22222220385802,-2.166915516630013,-2.191700192158564,3.3015148036991393,,0.0,Neutral
2020-10-05,420.0,424.0,419.0,420.0,29956.0,419.4,420.8,421.7,48.57142855199999,-2.1139494067526243,-2.1761500350773764,2.097617696111549,,0.0,Neutral
2020-10-06,419.0,424.0,419.0,420.0,21242.0,419.6,420.4,421.75,49.99999997941176,-2.0483611507888213,-2.1505922582196657,1.7763883456592406,,0.0,Neutral
2020-10-07,420.0,424.0,418.0,421.0,31521.0,420.2,420.5,421.95,34.61538459674557,-1.8938591137711,-2.0992456293299524,1.7795130417351712,,0.0,Neutral
2020-10-08,428.0,428.0,419.0,420.0,38514.0,420.2,420.2,422.0,27.99999998432,-1.8310001489991237,-2.0455965332637867,1.5491933381723086,2020-10-08,-0.8097173571586609,Strongly Negative
2020-10-11,425.0,425.0,416.0,418.0,31852.0,419.8,419.6,421.95,27.99999998432,-1.9204297333059799,-2.0205631732722256,0.9660917825796829,,0.0,Neutral
2020-10-12,416.0,419.0,415.0,418.0,26307.0,419.4,419.4,421.75,34.9999999755,-1.9686104078107292,-2.0101726201799264,1.0749676993237025,,0.0,Neutral
2020-10-13,418.0,419.0,415.0,416.0,30631.0,418.6,419.1,421.5,38.88888885864198,-2.1434686524191875,-2.0368318266277785,1.5238839264374997,,0.0,Neutral
2020-10-14,420.0,420.0,413.0,414.0,25346.0,417.2,418.7,421.2,23.529411745328716,-2.415583018965208,-2.1125820650952645,2.2135943618988723,,0.0,Neutral
2020-10-15,415.0,422.0,414.0,414.0,21800.0,416.0,418.1,420.45,18.749999983593753,-2.6012500238777534,-2.2103156568517623,2.601281735163324,2020-10-15,0.0522956550121307,Slightly Positive
2020-10-18,420.0,420.0,411.0,412.0,25508.0,414.8,417.3,419.5,21.428571407142854,-2.8766159106453415,-2.343575707610478,3.1287200079126194,,0.0,Neutral
2020-10-19,415.0,416.0,412.0,414.0,12355.0,414.0,416.7,418.75,33.333333302222215,-2.900032307279332,-2.454867027544249,3.12872000791216,,0.0,Neutral
2020-10-20,414.0,416.0,414.0,416.0,20466.0,414.0,416.3,418.35,43.74999996171875,-2.7257855262116095,-2.509050727277721,2.9078437981732455,2020-10-20,-0.8048479557037354,Strongly Negative
2020-10-21,418.0,424.0,416.0,422.0,26511.0,415.6,416.4,418.45,54.9999999615,-2.07957183134414,-2.423154948091005,3.0983866768077144,,0.0,Neutral
2020-10-22,443.0,443.0,421.0,426.0,35666.0,418.0,417.0,418.6,62.49999996354167,-1.2304919070878668,-2.1846223398903777,4.242640687004087,,0.0,Neutral
2020-10-28,430.0,440.0,427.0,439.0,72380.0,423.4,419.1,419.35,75.67567564704163,0.4858013886351955,-1.6505375941852631,8.171087238899094,,0.0,Neutral
2020-10-29,450.0,450.0,439.0,440.0,76618.0,428.6,421.3,420.35,76.31578944556787,1.9047115047870307,-0.9394877743908043,10.478019320841744,,0.0,Neutral
2020-11-01,462.0,462.0,432.0,436.0,30920.0,432.6,423.3,421.2,68.29268290350981,2.6755987866178543,-0.21647046218907262,11.235360845668794,,0.0,Neutral
2020-11-02,450.0,450.0,430.0,431.0,31657.0,434.4,425.0,421.85,62.2222222028642,2.8502187505979464,0.3968673803683312,10.954451150060537,,0.0,Neutral
2020-11-03,433.0,434.0,428.0,430.0,27895.0,435.2,426.6,422.35,63.6363636161157,2.8747760585526976,0.8924491160052045,10.319345371095961,,0.0,Neutral
2020-11-04,425.0,430.0,425.0,428.0,20110.0,433.0,428.2,422.75,60.86956519886578,2.7017109743742367,1.2543014876790108,8.954204474818338,,0.0,Neutral
2020-11-05,425.0,427.0,424.0,425.0,30102.0,430.0,429.3,423.0,59.5744680673608,2.2960137035862545,1.4626439308604597,7.587270040386808,,0.0,Neutral
2020-11-08,430.0,430.0,424.0,427.0,57180.0,428.2,430.4,423.35,63.82978721502943,2.111538477714305,1.5924228402312288,6.095535706945353,,0.0,Neutral
2020-11-09,426.0,426.0,423.0,423.0,29570.0,426.6,430.5,423.45,58.82352939561707,1.6238551699490245,1.5987093061747881,5.948856099115156,,0.0,Neutral
2020-11-10,424.0,426.0,422.0,423.0,23219.0,425.2,430.2,423.6,61.22448977842565,1.2232616362873614,1.5236197721973028,6.268084945817026,,0.0,Neutral
2020-11-11,425.0,427.0,423.0,425.0,40337.0,424.6,428.8,423.95,61.22448977842565,1.0550101596431318,1.4298978496864687,5.613475849257122,,0.0,Neutral
2020-11-12,425.0,430.0,423.0,428.0,62472.0,425.2,427.6,424.45,61.999999982640006,1.1504825336724025,1.3740147864836554,4.005551702764567,,0.0,Neutral
2020-11-18,428.0,428.0,418.0,420.0,49129.0,423.8,426.0,424.65,48.076923063979294,0.5739952764740224,1.2140108844817288,3.4318767135264805,,0.0,Neutral
2020-11-19,420.0,425.0,418.0,419.0,60356.0,423.0,424.8,424.9,42.85714284489796,0.03601813449262181,0.9784123344839074,3.5839146813932197,,0.0,Neutral
2020-11-22,422.0,431.0,420.0,425.0,63132.0,423.4,424.3,425.45,33.33333332222222,0.09274808724802597,0.8012794850367311,3.093002855757738,,0.0,Neutral
2020-11-23,433.0,441.0,427.0,430.0,90253.0,424.4,424.5,426.35,39.13043477069944,0.5349980720308167,0.7480232024355482,3.407508049905533,2020-11-23,0.8358328342437744,Strongly Positive
2020-11-24,427.0,436.0,427.0,427.0,48000.0,424.2,424.7,427.0,39.999999987555555,0.6360771419086859,0.7256339903301757,3.4976182370856703,,0.0,Neutral
2020-11-25,435.0,439.0,426.0,431.0,77126.0,426.4,425.1,427.75,49.999999984090906,1.0271097221046261,0.7859291366850658,3.9846929338207246,,0.0,Neutral
2020-11-26,435.0,445.0,432.0,440.0,137733.0,430.6,426.8,428.65,59.61538459933432,2.0397180430888397,1.0366869179658207,6.069962474638245,,0.0,Neutral
2020-11-29,462.0,484.0,447.0,484.0,297344.0,442.4,432.9,431.55,79.78723403066999,6.319799000633907,2.093309334499438,18.905907366017583,,0.0,Neutral
2020-11-30,490.0,525.0,490.0,520.0,484583.0,460.4,442.4,435.6,87.40157479351478,12.472913152549438,4.169230098109438,33.062903011603666,,0.0,Neutral
2020-12-01,520.0,525.0,499.0,502.0,213143.0,475.4,449.8,438.7,76.22377621631375,15.71569018721209,6.478522115929968,37.46939491844979,,0.0,Neutral
2020-12-02,502.0,507.0,490.0,499.0,190661.0,489.0,457.7,441.85,76.76056337271375,17.83791504129573,8.75040070100312,38.79304061296611,,0.0,Neutral
2020-12-03,495.0,508.0,495.0,496.0,163865.0,500.2,465.4,445.1,75.17241378584542,19.05802949915278,10.811926460633053,37.88931247725775,,0.0,Neutral
2020-12-06,491.0,491.0,468.0,468.0,131984.0,497.0,469.7,447.0,62.57309941008174,17.56315587497636,12.162172343501716,35.134819702893864,2020-12-06,0.90567946434021,Strongly Positive
2020-12-07,460.0,488.0,451.0,483.0,115343.0,489.6,475.0,449.75,65.02732239939681,17.3883898631575,13.207415847432873,32.36939569681693,,0.0,Neutral
2020-12-08,491.0,491.0,479.0,479.0,103962.0,485.0,480.2,452.45,66.4804469221747,16.734218316995623,13.912776341345424,27.631704817301316,2020-12-08,-0.7336912155151367,Strongly Negative
2020-12-09,481.0,483.0,465.0,470.0,83672.0,479.2,484.1,454.6,63.636363631599416,15.313038691746328,14.192828811425606,22.11811725962439,2020-12-09,0.818311870098114,Strongly Positive
2020-12-10,468.0,477.0,461.0,476.0,68244.0,475.2,487.7,457.25,63.636363631599416,14.503703786588062,14.255003806458097,16.309847059691094,,0.0,Neutral
2020-12-13,471.0,484.0,470.0,481.0,83327.0,477.8,487.4,460.15,63.636363631599416,14.103185512899017,14.224640147746282,16.412732185019628,,0.0,Neutral
2020-12-14,484.0,503.0,480.0,497.0,169443.0,480.6,485.1,463.75,67.499999995275,14.905022358152337,14.360716589827494,12.476199563767183,,0.0,Neutral
2020-12-15,490.0,540.0,490.0,531.0,239338.0,491.0,488.0,468.9,71.73913043041588,18.075635016306364,15.103700275123268,18.672618098865293,,0.0,Neutral
2020-12-16,557.0,557.0,520.0,521.0,243146.0,501.2,490.2,473.95,67.53246752837465,19.556022312394987,15.994164682577612,21.233097853206953,2020-12-16,0.6675947904586792,Strongly Positive
2020-12-17,520.0,523.0,501.0,509.0,97114.0,507.8,491.5,478.45,56.28140703121638,19.535744298648012,16.702480605791692,22.01136070304207,,0.0,Neutral
2020-12-20,530.0,530.0,490.0,497.0,160309.0,511.0,494.4,482.05,43.42857142509715,18.33996244401834,17.029976973437023,20.424386295675966,2020-12-20,0.923702836036682,Strongly Positive
2020-12-21,473.0,509.0,465.0,500.0,114208.0,511.6,496.1,485.55,49.37499999567969,17.433410136898033,17.110663606129226,20.074583156029387,,0.0,Neutral
2020-12-22,525.0,525.0,503.0,509.0,144671.0,507.2,499.1,489.65,53.0120481883002,17.242425735172446,17.13701603193787,19.46763696210599,,0.0,Neutral
2020-12-23,515.0,520.0,503.0,505.0,113132.0,504.0,502.6,493.35,52.694610774025605,16.577210882137592,17.02505500197781,16.58781346516295,,0.0,Neutral
2020-12-24,514.0,515.0,501.0,503.0,105856.0,502.8,505.3,496.5,62.41134751153363,15.707572910305316,16.761558583643314,13.727911551108422,,0.0,Neutral
2020-12-27,510.0,512.0,496.0,497.0,92956.0,502.8,506.9,497.15,55.30303029716483,14.368596460461788,16.28296615900701,11.298475806721227,,0.0,Neutral
2020-12-28,500.0,505.0,490.0,499.0,60297.0,502.6,507.1,496.1,57.69230768609467,13.315340307901067,15.689440988785822,11.120051958289855,2020-12-28,-0.8473653197288513,Strongly Negative
2020-12-29,508.0,508.0,499.0,500.0,41541.0,500.8,504.0,496.0,62.29508196006449,12.41816992845429,15.035186776719517,7.42368581707257,,0.0,Neutral
2020-12-30,500.0,513.0,500.0,510.0,71600.0,501.8,502.9,496.55,63.49206348500882,12.371461854204426,14.5024417922165,5.065131346277485,2020-12-30,0.9283084869384766,Strongly Positive
2020-12-31,515.0,519.0,512.0,513.0,118058.0,503.8,503.3,497.4,62.903225799349634,12.433198128177366,14.088593059408673,5.7164480035479315,,0.0,Neutral
2021-01-03,515.0,527.0,514.0,527.0,127347.0,509.8,506.3,500.35,62.29508196006449,13.456687253048642,13.962211898136667,8.982080926894582,,0.0,Neutral
2021-01-04,553.0,553.0,530.0,534.0,120015.0,516.8,509.7,502.9,51.57894736081994,14.663618194152377,14.10249315733981,12.193349735708475,,0.0,Neutral
2021-01-05,550.0,550.0,534.0,540.0,383826.0,524.8,512.8,505.95,60.43956043026204,15.920745077419895,14.466143541355827,15.490498880123152,2021-01-05,0.9292356967926024,Strongly Positive
2021-01-06,478.0,493.0,478.0,485.0,122949.0,519.8,510.8,506.7,41.04477611511473,12.336776167416758,14.040270066568013,17.73759347323511,2021-01-06,0.211521714925766,Positive
2021-01-07,482.0,490.0,482.0,482.0,46551.0,513.6,508.7,507.0,43.999999995072,9.148917036589125,13.061999460572236,19.87768151021999,,0.0,Neutral
2021-01-10,482.0,490.0,482.0,484.0,71066.0,505.0,507.4,507.15,43.54838709185744,6.706589603187524,11.790917489095296,21.114502651536327,,0.0,Neutral
2021-01-11,490.0,493.0,484.0,486.0,72882.0,495.4,506.1,506.6,40.17094016613339,4.8762009917966225,10.407974189635562,22.067824743014302,,0.0,Neutral
2021-01-12,490.0,490.0,484.0,487.0,40553.0,484.8,504.8,504.4,42.10526315272391,3.46633867812227,9.019647087332904,22.83661776863223,,0.0,Neutral
2021-01-13,485.0,491.0,483.0,485.0,62033.0,484.8,502.3,502.6,42.10526315272391,2.1626991027008557,7.648257490406495,23.56103185817011,2021-01-13,0.4864499568939209,Positive
2021-01-17,493.0,493.0,481.0,482.0,82370.0,484.8,499.2,501.25,43.24324323778914,0.8773666820407584,6.294079328733348,24.031460860933507,,0.0,Neutral
2021-01-18,468.0,490.0,468.0,480.0,82165.0,484.0,494.5,500.4,41.44144143621459,-0.29920278351386287,4.975422906283907,22.540087745059857,2021-01-18,0.8973833322525024,Strongly Positive
2021-01-19,489.0,489.0,477.0,483.0,113733.0,483.4,489.4,499.55,42.47787610093194,-0.9782905097060848,3.7846802230859082,17.90220346461024,,0.0,Neutral
2021-01-20,492.0,492.0,477.0,481.0,59745.0,482.2,483.5,498.15,36.19047618565079,-1.6587348477802948,2.695997208912668,2.273030282694948,2021-01-20,0.8430197238922119,Strongly Positive
2021-01-21,481.0,482.0,474.0,478.0,91721.0,480.8,482.8,496.8,33.333333328888884,-2.4122597867525997,1.6743458097796142,2.7808871485033624,2021-01-21,0.4829928204417228,Positive
2021-01-24,478.0,490.0,474.0,477.0,134162.0,479.8,482.3,495.5,22.826086953048204,-3.0549102684345826,0.7284945941367749,3.334999583447852,,0.0,Neutral
2021-01-25,480.0,482.0,468.0,473.0,115908.0,478.4,481.2,494.3,15.73033707617725,-3.8426858849268797,-0.18574150167595604,4.366539438277848,2021-01-25,-0.3735667169094085,Negative
2021-01-26,496.0,496.0,465.0,469.0,114083.0,475.6,479.5,492.8,9.195402297370862,-4.735186030213697,-1.0956304073835044,5.4619898693327205,,0.0,Neutral
2021-01-27,469.0,470.0,462.0,465.0,79462.0,472.4,477.3,491.05,22.22222221358024,-5.6995643659203665,-2.016417199090877,6.447221623770559,,0.0,Neutral
2021-01-28,465.0,465.0,452.0,456.0,100783.0,468.0,474.4,488.35,19.04761904126984,-7.108127855537532,-3.034759330380208,8.720346578191526,,0.0,Neutral
2021-01-31,450.0,451.0,440.0,443.0,87754.0,461.2,470.5,484.85,11.320754713990738,-9.16773597013173,-4.261354658330513,12.73882952932053,2021-01-31,0.0300732478499412,Neutral
2021-02-01,443.0,454.0,443.0,446.0,39694.0,455.8,467.1,480.8,12.962962959602194,-10.437597188459108,-5.496603164356232,14.356183336781838,,0.0,Neutral
2021-02-02,446.0,454.0,445.0,448.0,58241.0,451.6,463.6,476.5,14.545454541752065,-11.154011565342785,-6.628084844553543,14.3154927729578,2021-02-02,0.9310134053230286,Strongly Positive
2021-02-03,456.0,460.0,449.0,451.0,78531.0,448.8,460.6,472.05,19.642857137946436,-11.348877398338914,-7.572243355310618,13.376596477900902,,0.0,Neutral
2021-02-04,460.0,460.0,445.0,447.0,44590.0,447.0,457.5,470.15,19.298245609295165,-11.691306442443135,-8.396055972737122,12.456591294006053,,0.0,Neutral
2021-02-07,448.0,450.0,445.0,446.0,58547.0,447.6,454.4,468.35,19.642857137946436,-11.906129124377344,-9.098070603065167,10.813571719490156,,0.0,Neutral
2021-02-08,446.0,453.0,443.0,453.0,85599.0,449.0,452.4,466.8,24.999999994166657,-11.380350551825757,-9.554526592817286,8.61781101358575,2021-02-08,-0.6175408959388733,Strongly Negative
2021-02-09,460.0,466.0,454.0,458.0,66417.0,451.0,451.3,465.4,31.74603173897708,-10.439864769321503,-9.73159422811813,6.766748767916261,2021-02-09,0.8760882616043091,Strongly Positive
2021-02-10,461.0,465.0,452.0,460.0,46764.0,452.8,450.8,464.05,35.483870959729444,-9.42449995659797,-9.670175373814098,5.750362307356931,,0.0,Neutral
2021-02-11,452.0,474.0,452.0,465.0,83716.0,456.4,451.7,463.05,40.909090900413226,-8.122724106668159,-9.360685120384911,7.180993431683129,,0.0,Neutral
2021-02-14,472.0,480.0,457.0,459.0,50237.0,459.0,453.3,461.9,39.70588234476644,-7.488880074880797,-8.98632411128409,6.799509786194267,2021-02-14,0.9289336204528807,Strongly Positive
2021-02-15,460.0,467.0,458.0,462.0,73705.0,460.8,454.9,461.0,44.77611939362887,-6.667619023481791,-8.52258309372363,6.773313648208287,,0.0,Neutral
2021-02-16,467.0,480.0,463.0,471.0,139271.0,463.4,457.2,460.4,54.166666656134254,-5.230247897474214,-7.864116054473748,7.969385867828852,,0.0,Neutral
2021-02-17,475.0,475.0,468.0,472.0,70352.0,465.8,459.3,459.95,62.49999998632813,-3.9647263839643756,-7.084238120371874,8.870049479965036,,0.0,Neutral
2021-02-18,473.0,503.0,470.0,500.0,303977.0,472.8,464.6,461.05,86.07594935183464,-0.6944206239897994,-5.80627462109546,14.653023957886282,,0.0,Neutral
2021-02-21,502.0,514.0,496.0,504.0,248264.0,481.8,470.4,462.4,86.24999998490625,2.1947866879446565,-4.206062359287436,17.64589974405065,,0.0,Neutral
2021-02-22,501.0,510.0,488.0,488.0,198284.0,487.0,473.9,463.15,71.27659573406518,3.1570455598255194,-2.7334407754648455,17.2784387154561,2021-02-22,0.931430995464325,Strongly Positive
2021-02-23,490.0,490.0,472.0,484.0,109517.0,489.6,476.5,463.9,67.3684210427036,3.555886037113055,-1.4755754129492653,16.561333816366346,2021-02-23,-0.7857543230056763,Strongly Negative
2021-02-24,484.0,490.0,480.0,480.0,99955.0,491.2,478.5,464.65,67.3684210427036,3.5087566556476304,-0.4787089992298862,15.52238526914587,,0.0,Neutral
2021-02-25,480.0,483.0,469.0,473.0,136064.0,485.8,479.3,465.5,63.366336624879914,2.8734415373411366,0.1917211080843183,14.944712926108716,,0.0,Neutral
2021-02-28,473.0,473.0,460.0,462.0,81058.0,477.4,479.6,466.45,54.28571427847619,1.4654488772737295,0.4464666619222005,14.515891674660198,2021-02-28,-0.0959164500236511,Slightly Negative
2021-03-01,471.0,472.0,452.0,466.0,50123.0,473.0,480.0,467.45,53.84615383890532,0.6647087717818181,0.49011508389412406,14.023789311952282,,0.0,Neutral
2021-03-02,461.0,470.0,454.0,457.0,51725.0,467.6,478.6,467.9,48.64864864251278,-0.68817545641582,0.2544569758321352,15.629032812878073,,0.0,Neutral
2021-03-03,449.0,455.0,443.0,455.0,75962.0,462.6,476.9,468.1,45.37037036448902,-1.8998291912553782,-0.17640025758536748,17.265572680897197,,0.0,Neutral
2021-03-04,456.0,464.0,449.0,460.0,43877.0,460.0,472.9,468.75,50.46728971302298,-2.4286196764857664,-0.6268441413654473,15.898637258142248,,0.0,Neutral
2021-03-07,469.0,469.0,454.0,456.0,31693.0,458.8,468.1,469.25,47.222222216100825,-3.1343259577747062,-1.1283405046472992,12.305825178858587,,0.0,Neutral
2021-03-09,456.0,460.0,451.0,455.0,40276.0,456.6,464.8,469.35,41.99999999412,-3.731283004849786,-1.6489290046877967,10.695793565663056,,0.0,Neutral
2021-03-10,456.0,456.0,447.0,451.0,30867.0,455.4,461.5,469.0,39.80582523730794,-4.475550970451593,-2.2142533978405563,9.082951062251837,,0.0,Neutral
2021-03-14,473.0,494.0,460.0,470.0,192426.0,458.4,460.5,469.5,34.042553186419184,-3.491993952385201,-2.4698015087494856,7.168604389150328,2021-03-14,0.3672319650650024,Positive
2021-03-15,480.0,480.0,462.0,463.0,68866.0,459.0,459.5,469.4,28.86597937727707,-3.240010602590928,-2.623843327517774,5.7975090435774455,,0.0,Neutral
2021-03-16,462.0,472.0,461.0,464.0,45377.0,460.6,459.7,469.65,35.365853652498515,-2.9258924726656232,-2.684253156547344,5.926400443901378,,0.0,Neutral
2021-03-17,466.0,468.0,462.0,466.0,23467.0,462.8,459.7,469.85,38.74999999321875,-2.486900861212291,-2.6447826974803337,5.926400443901378,,0.0,Neutral
2021-03-18,469.0,469.0,458.0,466.0,60272.0,465.8,460.6,469.6,40.78947367669667,-2.1146208139344935,-2.538750320771166,6.149977416338963,2021-03-18,0.8036499619483948,Strongly Positive
2021-03-21,470.0,475.0,465.0,473.0,133085.0,466.4,462.4,469.65,49.999999990789476,-1.2404456109226771,-2.2790893788014683,6.915361322554945,,0.0,Neutral
2021-03-22,480.0,480.0,463.0,465.0,127121.0,466.8,462.9,467.9,52.05479451056483,-1.1795910147063182,-2.0591897059824387,6.903300337869191,,0.0,Neutral
2021-03-23,465.0,470.0,462.0,463.0,69282.0,466.6,463.6,465.85,47.887323934219395,-1.2780144391555837,-1.9029546526170678,6.467010300091944,,0.0,Neutral
2021-03-24,464.0,466.0,462.0,464.0,131747.0,466.2,464.5,464.65,55.55555554320988,-1.2607904618533894,-1.7745218144643322,5.720334100513712,,0.0,Neutral
2021-03-25,470.0,470.0,454.0,459.0,157527.0,464.8,465.3,463.4,53.03030301905418,-1.6317883091311387,-1.7459751133976937,3.888730155398321,,0.0,Neutral
2021-03-29,461.0,461.0,454.0,456.0,44818.0,461.4,463.9,462.2,46.874999989746094,-2.1431764993443494,-1.825415390587025,4.4833023542110695,2021-03-29,-0.6916500926017761,Strongly Negative
2021-03-30,454.0,457.0,454.0,456.0,30127.0,459.6,463.2,461.35,49.99999998833333,-2.5194130985216816,-1.9642149321739564,5.13809303139509,,0.0,Neutral
2021-03-31,460.0,465.0,456.0,460.0,33559.0,459.0,462.8,461.25,53.968253956261016,-2.466385783364103,-2.0646491024119857,5.223876806372597,,0.0,Neutral
2021-04-01,465.0,465.0,455.0,458.0,44486.0,457.8,462.0,460.85,55.73770490524052,-2.5562773651254247,-2.1629747549546736,5.291502622059676,,0.0,Neutral
2021-04-04,466.0,468.0,457.0,458.0,65817.0,457.6,461.2,460.9,35.71428570238096,-2.5975738765893652,-2.2498945792816123,5.223876806371789,,0.0,Neutral
2021-04-05,462.0,462.0,455.0,457.0,54062.0,457.8,459.6,461.0,41.666666650462965,-2.6800987915358405,-2.335935421732458,3.3065591379234784,,0.0,Neutral
2021-04-06,457.0,459.0,455.0,458.0,44411.0,458.2,458.9,460.9,41.666666650462965,-2.634440547787051,-2.3956364469433766,2.7264140060859567,,0.0,Neutral
2021-04-07,455.0,467.0,455.0,460.0,45038.0,458.2,458.6,461.1,41.666666650462965,-2.4091021454449333,-2.398329586643688,2.366431913080707,,0.0,Neutral
2021-04-08,465.0,468.0,456.0,459.0,67393.0,458.4,458.1,461.3,40.54054052520088,-2.2848728883911917,-2.375638246993189,1.4491376743581863,,0.0,Neutral
2021-04-12,459.0,465.0,457.0,459.0,75827.0,458.6,458.1,461.7,26.666666654222226,-2.161503836415932,-2.3328113648777378,1.4491376743581863,,0.0,Neutral
2021-04-13,450.0,466.0,450.0,466.0,56356.0,460.4,459.1,461.5,51.72413790606421,-1.4818100910060252,-2.1626111101033954,2.72641400608615,,0.0,Neutral
2021-04-15,475.0,475.0,466.0,469.0,126189.0,462.6,460.4,461.8,59.999999972000005,-0.6930835372972979,-1.8687055955421759,3.921450978532538,,0.0,Neutral
2021-04-18,475.0,484.0,471.0,473.0,103474.0,465.2,461.7,462.25,63.63636360936639,0.2518513242955578,-1.4445942115746293,5.578729445087372,2021-04-18,0.9179937839508056,Strongly Positive
2021-04-19,473.0,473.0,463.0,463.0,83447.0,466.0,462.2,462.1,55.26315787437674,0.19159400703296114,-1.1173565678531112,5.4324130099225965,,0.0,Neutral
2021-04-20,463.0,465.0,457.0,464.0,62385.0,467.0,462.8,462.0,61.11111108734568,0.2219725304650524,-0.8494907481894786,5.245103536669159,,0.0,Neutral
2021-04-21,487.0,487.0,457.0,458.0,57834.0,465.4,462.9,461.25,52.38095236349206,-0.2353887122074525,-0.7266703409930735,5.130518708814046,,0.0,Neutral
2021-04-22,458.0,460.0,448.0,459.0,74484.0,463.4,463.0,460.95,48.71794870046023,-0.5112655979227725,-0.6835893923790133,5.033222956774573,,0.0,Neutral
2021-04-25,475.0,475.0,455.0,457.0,94434.0,460.2,462.7,460.65,48.71794870046023,-0.8811262280653409,-0.7230967595162788,5.313504806867223,2021-04-25,0.9165491461753844,Strongly Positive
2021-04-26,450.0,459.0,447.0,449.0,73491.0,457.4,461.7,459.9,40.42553190285197,-1.799038388683357,-0.9382850853496946,6.815831244596536,,0.0,Neutral
2021-04-27,430.0,459.0,430.0,452.0,68024.0,455.0,461.0,459.55,44.89795917084548,-2.2583822365899664,-1.202304515597749,7.45355992494961,,0.0,Neutral
2021-04-28,459.0,459.0,446.0,448.0,27059.0,453.0,459.2,459.15,40.3846153737426,-2.911618787096927,-1.5441673698975849,8.24351597043432,2021-04-28,0.1806495233128468,Slightly Positive
2021-04-29,450.0,453.0,446.0,447.0,36775.0,450.6,457.0,458.7,37.25490195055748,-3.470005044193954,-1.9293349047568586,8.273115763947912,,0.0,Neutral
2021-05-02,447.0,455.0,447.0,452.0,69082.0,449.6,454.9,458.3,43.636363625256195,-3.4690825385669086,-2.2372844315188685,6.154492487362879,2021-05-02,0.1060797721147537,Slightly Positive
2021-05-03,474.0,474.0,449.0,449.0,46966.0,449.6,453.5,457.85,41.379310334839474,-3.66814231292102,-2.523456007799299,5.681353516284563,,0.0,Neutral
2021-05-04,455.0,455.0,445.0,448.0,69778.0,448.8,451.9,457.35,32.692307683505916,-3.862070713763444,-2.791178948992128,4.532597979487874,2021-05-04,0.9276710748672484,Strongly Positive
2021-05-05,453.0,453.0,445.0,446.0,41226.0,448.4,450.7,456.8,27.450980384621303,-4.129540877229601,-3.0588513346396224,4.3217794688050395,,0.0,Neutral
2021-05-06,445.0,450.0,441.0,445.0,57483.0,448.0,449.3,456.15,20.833333327256938,-4.371809057982546,-3.3214428793082074,3.529242915237684,,0.0,Neutral
2021-05-09,467.0,467.0,440.0,447.0,53163.0,447.0,448.3,455.5,29.999999989499997,-4.352254965318991,-3.527605296510364,2.311805451079112,,0.0,Neutral
2021-05-10,451.0,451.0,444.0,447.0,30922.0,446.6,448.1,454.9,28.205128195003283,-4.287336460066172,-3.6795515292215257,2.330951164766641,,0.0,Neutral
2021-05-11,447.0,451.0,444.0,449.0,26068.0,446.8,447.8,454.4,37.142857128,-4.028071688599482,-3.749255561097117,1.932183565949525,,0.0,Neutral
2021-05-12,456.0,456.0,448.0,453.0,55626.0,448.2,448.3,453.75,42.10526314238227,-3.4599517486914237,-3.6913947986159785,2.540778533196106,,0.0,Neutral
2021-05-13,462.0,484.0,455.0,460.0,395752.0,451.2,449.6,453.3,53.48837207560843,-2.4170093257014855,-3.43651770403308,4.427188724145503,,0.0,Neutral
2022-05-30,405.0,405.0,367.7,367.7,9320.0,435.34,441.16999999999996,448.035,18.067556950094698,-8.93530789087231,-4.536275741400926,26.178025135581922,2022-05-30,0.7343191802501678,Strongly Positive
2022-05-31,360.4,360.4,331.0,331.0,12666.0,412.14,429.37,441.43500000000006,12.422360247366996,-16.86804542323273,-7.0026296777672865,43.27087935319896,,0.0,Neutral
2022-06-01,324.4,324.4,297.9,307.0,399556.0,383.74,415.27,433.58500000000004,11.049723756051407,-24.805454653164873,-10.563194672846805,57.24272006114863,2022-06-01,0.3814393877983093,Positive
2022-06-02,300.9,308.9,299.0,299.1,87488.0,352.96,400.58000000000004,425.64,10.643959552160652,-31.371738754642593,-14.724903489205964,66.56970949479332,,0.0,Neutral
2022-06-03,301.0,301.0,287.0,287.0,107746.0,318.36,384.78000000000003,417.03999999999996,7.692307691755417,-37.12399280845398,-19.204721353055568,73.26861993149276,,0.0,Neutral
2022-06-06,287.0,293.0,279.3,287.0,91258.0,302.21999999999997,368.78000000000003,408.54,7.8124999994303295,-41.20767911490498,-23.60531290542545,75.60439140684085,2022-06-06,0.4257493251934647,Positive
2022-06-07,285.0,286.9,274.0,274.1,71679.0,290.84000000000003,351.49,399.79499999999996,7.356547326616038,-44.966605091584256,-27.877571342657212,75.49886606947472,2022-06-07,0.2998286485671997,Positive
2022-06-08,276.0,279.0,264.8,275.5,174787.0,284.54,334.14,390.96999999999997,8.066896211938328,-47.287511710445926,-31.759559416214955,70.36157726738487,,0.0,Neutral
2022-06-09,277.0,279.9,271.1,271.1,65391.0,278.94,315.95,382.125,7.934204160081848,-48.917993970688656,-35.191246327109695,58.778628958327594,,0.0,Neutral
2022-06-10,270.0,270.0,262.0,265.0,160736.0,274.54,296.45,373.025,6.831119544138332,-50.12457700682535,-38.17791246305283,31.863153572017687,2022-06-10,0.4768381714820862,Positive
2022-11-22,270.3,278.4,262.0,267.0,67227.0,270.54,286.38,363.775,7.706766916786194,-50.33914118605691,-40.61015820765365,20.854085664139465,,0.0,Neutral
2022-11-23,267.0,270.0,260.0,262.0,35294.0,268.12,279.48,354.425,6.672845226629178,-50.33244199672487,-42.5546149654679,15.060529723548902,,0.0,Neutral
2022-11-24,260.0,263.0,258.0,259.7,56171.0,264.96,274.75,345.01,4.857543203792574,-49.93708004500638,-44.0311079813756,12.699715657293238,,0.0,Neutral
2022-11-27,258.0,261.0,255.2,257.8,45459.0,262.3,270.62,335.6,1.626794258264212,-49.20980694841779,-45.066847774784044,10.410230011252855,,0.0,Neutral
2022-11-28,260.4,261.9,257.1,257.9,38362.0,260.88,267.71,326.245,2.9965753421065244,-48.07123336051029,-45.667724891929296,9.334339231417266,2022-11-28,0.5205149203538895,Positive
2022-11-29,263.0,263.0,255.8,257.0,23271.0,258.88,264.71,316.745,4.320987653574093,-46.70316307527776,-45.874812528598994,6.966339705122114,,0.0,Neutral
2022-11-30,257.0,257.0,253.1,254.0,32385.0,257.28000000000003,262.7,307.09499999999997,5.833333331972142,-45.33839959738589,-45.767529942356376,6.854844191311067,2022-11-30,0.813675045967102,Strongly Positive
2022-12-01,255.0,255.0,252.0,252.5,33931.0,255.84,260.4,297.27,6.529850744562992,-43.87212166345478,-45.38844828657606,5.870831854594184,2022-12-01,0.8198827505111694,Strongly Positive
2022-12-04,253.0,255.1,250.0,251.0,64447.0,254.48000000000002,258.39,287.16999999999996,8.13953488107073,-42.34301933158906,-44.77936249557866,5.203300234617893,,0.0,Neutral
2022-12-05,251.0,252.1,248.1,249.9,44058.0,252.87999999999997,256.88,276.665,7.93650793398831,-40.750212441020835,-43.9735324846671,5.262614474702196,,0.0,Neutral
2022-12-06,250.0,255.0,249.1,251.8,65096.0,251.84,255.35999999999999,270.87,16.31419938887001,-38.886329977572586,-42.9560919832482,4.0762728071397065,2022-12-06,0.8976726531982422,Strongly Positive
2022-12-07,242.1,242.1,234.0,235.0,27482.0,248.04000000000002,252.66,266.07000000000005,8.247422678031626,-38.323045084813145,-42.02948260356119,7.048120316666965,,0.0,Neutral
2022-12-11,231.0,232.0,221.2,221.5,45184.0,241.84,248.83999999999997,261.795,6.944444442756506,-38.521918230545054,-41.32796972895797,11.654965560670592,,0.0,Neutral
2022-12-12,217.3,228.9,217.3,222.0,36750.0,236.04000000000002,245.26,257.94,8.653846151516234,-38.1988482651721,-40.702145436200794,13.882378918709234,,0.0,Neutral
2022-12-13,222.0,228.0,218.1,219.0,22448.0,229.85999999999999,241.36999999999998,254.54000000000002,4.716981130829424,-37.74973250010589,-40.111662848981815,15.32239102310165,2022-12-13,0.7148497700691223,Strongly Positive
2022-12-14,223.0,223.0,217.0,218.2,25147.0,223.14000000000001,237.49,251.1,5.122950818202369,-37.031482456249364,-39.49562677043533,15.828908153485315,,0.0,Neutral
2022-12-15,217.4,220.0,216.0,218.7,36650.0,219.88000000000002,233.95999999999998,248.33,6.38297872150288,-36.0068537044387,-38.797872157236,15.673275201874018,,0.0,Neutral
2022-12-18,217.0,219.0,214.0,214.7,40103.0,218.51999999999998,230.17999999999998,245.29000000000002,6.109979631659016,-35.11283569428005,-38.06086486464481,15.25777033362545,,0.0,Neutral
2022-12-19,214.7,218.0,212.0,214.0,26669.0,216.92,226.47999999999996,242.435,5.83501005871851,-34.06808841345173,-37.2623095744062,14.08946020566353,,0.0,Neutral
2022-12-20,216.0,216.0,212.0,214.0,40217.0,215.92,222.89000000000001,239.885,5.942622949114835,-32.86131389527051,-36.38211043857906,11.855561282849623,,0.0,Neutral
2022-12-21,215.0,217.0,211.0,212.2,28492.0,214.71999999999997,218.92999999999998,237.14499999999998,6.092436972998044,-31.684937120111215,-35.442675774885494,6.554565838511623,,0.0,Neutral
2022-12-22,212.2,214.0,211.0,212.9,28957.0,213.56,216.71999999999997,234.69,7.692307690006629,-30.346352044187398,-34.423411028745875,3.5891193593717667,2022-12-22,0.026710897684097346,Neutral
2022-12-26,215.9,230.5,215.0,230.5,83771.0,216.71999999999997,217.61999999999998,233.23000000000002,33.704292520320195,-27.547787075367495,-33.048286238070204,5.526461596340065,,0.0,Neutral
2022-12-27,232.0,242.9,232.0,238.0,73757.0,221.51999999999998,219.21999999999997,232.24,41.41414140577492,-24.442953700077027,-31.327219730471572,8.468477496525729,,0.0,Neutral
2022-12-28,240.0,240.0,230.0,231.1,33506.0,224.94,220.42999999999998,230.9,36.06998653425329,-22.282267110318685,-29.518229206441,9.260915481398854,,0.0,Neutral
2022-12-29,227.5,240.6,227.5,238.0,53891.0,230.1,222.41,229.95,52.32919253520794,-19.785065171216615,-27.571596399396125,10.731102252500555,,0.0,Neutral
2023-01-01,240.0,247.0,234.0,239.6,156046.0,235.43999999999997,224.5,229.23000000000002,67.23809522016506,-17.475461769684046,-25.55236947345371,11.899859943072592,,0.0,Neutral
2023-01-02,234.9,241.8,233.0,238.0,55611.0,236.93999999999997,226.83,228.50500000000002,64.92537311737023,-15.594428201307437,-23.560781219024456,12.047964327741537,2023-01-02,0.8120682239532471,Strongly Positive
2023-01-03,236.0,241.7,233.0,234.2,64638.0,236.17999999999998,228.85,227.66500000000002,63.970588218831075,-14.246103574216846,-21.697845690062934,11.32982788916486,,0.0,Neutral
2023-01-04,236.0,239.0,234.3,238.9,41993.0,237.74,231.34,227.115,67.75300169899586,-12.65244634701807,-19.888765821453962,10.401730625146469,,0.0,Neutral
2023-01-05,241.7,242.0,236.0,236.1,50743.0,237.35999999999999,233.73000000000002,226.32999999999998,64.35643562869652,-11.483028902950423,-18.207618437753254,7.978867922923324,,0.0,Neutral
2023-01-08,240.8,241.0,232.0,237.0,71120.0,236.84,236.14000000000001,226.42999999999998,69.39130433093081,-10.364163054715618,-16.638927361145726,3.1917254125698507,,0.0,Neutral
2023-01-09,233.0,241.7,233.0,241.0,88058.0,237.44,237.19,227.40499999999997,72.20394735179512,-9.050360318295617,-15.121213952575705,2.8376242015547506,2023-01-09,0.3584555685520172,Positive
2023-01-10,245.0,265.0,240.1,251.0,185345.0,240.8,238.49,228.85499999999996,76.12994348777089,-7.120168883000218,-13.521004938660608,5.224185210083526,2023-01-10,-0.1271198689937591,Slightly Negative
