Date_Stock,Open,High,Low,Close,Volume,MA5,MA10,MA20,RSI,MACD,MACD_signal,Volatility,Date_News,Sentiment_Score,Prediction
2016-09-05,0.0,392.0,392.0,392.0,10.0,0.0,0.0,0.0,0.0,0.0,0.0,0.0,,0.0,Neutral
2016-09-08,392.0,411.0,411.0,411.0,10.0,0.0,0.0,0.0,0.0,1.5156695156694582,0.30313390313389166,0.0,,0.0,Neutral
2016-11-24,411.0,419.0,419.0,419.0,10.0,0.0,0.0,0.0,0.0,3.32406392805251,0.9073199081176154,0.0,,0.0,Neutral
2016-12-06,419.0,451.0,427.0,451.0,50.0,0.0,0.0,0.0,0.0,7.2557226394289955,2.1770004543798915,0.0,,0.0,Neutral
2016-12-15,451.0,478.0,460.0,478.0,92.0,430.2,0.0,0.0,0.0,12.407241884644918,4.223048740432898,0.0,,0.0,Neutral
2016-12-18,478.0,496.0,487.0,496.0,20.0,451.0,0.0,0.0,0.0,17.73783682736797,6.9260063578199125,0.0,2016-12-18,0.9162263870239258,Strongly Positive
2016-12-21,451.0,487.0,460.0,487.0,40.0,466.2,0.0,0.0,0.0,20.994139567935974,9.739632999843124,0.0,,0.0,Neutral
2016-12-26,487.0,535.0,496.0,535.0,50.0,489.4,0.0,0.0,0.0,27.135184284131014,13.218743256700701,0.0,,0.0,Neutral
2017-01-19,535.0,545.0,545.0,545.0,10.0,508.2,0.0,0.0,0.0,32.435032032897766,17.062001011940115,0.0,,0.0,Neutral
2017-01-23,545.0,566.0,555.0,566.0,41.0,525.8,478.0,0.0,0.0,37.89291808070192,21.228184425692476,59.611706531146716,,0.0,Neutral
2017-01-24,566.0,577.0,577.0,577.0,10.0,542.0,496.5,0.0,0.0,42.61470437934389,25.505488416422757,58.655775504207654,,0.0,Neutral
2017-02-09,577.0,610.0,588.0,610.0,30.0,566.6,516.4,0.0,0.0,48.46095057481165,30.096580848100537,60.1631116216574,,0.0,Neutral
2017-02-12,610.0,646.0,622.0,646.0,74.0,588.8,539.1,0.0,0.0,55.36087621998075,35.14943992247658,62.12254913564898,,0.0,Neutral
2017-02-13,646.0,671.0,658.0,671.0,20.0,614.0,561.1,0.0,0.0,62.13020968876032,40.54559387573333,66.27292056337954,,0.0,Neutral
2017-02-14,671.0,684.0,684.0,684.0,10.0,637.6,581.7,0.0,97.09677418916337,67.76281899120852,45.989038898828376,69.50947177663404,,0.0,Neutral
2017-02-26,684.0,710.0,697.0,710.0,20.0,664.2,603.1,0.0,97.16088327646608,73.47768019408147,51.486767157878994,73.04557177239136,,0.0,Neutral
2017-03-01,710.0,752.0,724.0,752.0,30.0,692.6,629.6,0.0,97.4358974320111,80.46821042204078,57.28305581071136,74.30447870455443,,0.0,Neutral
2017-03-02,752.0,782.0,767.0,782.0,41.0,719.8,654.3,0.0,97.4212034344874,87.4212673194786,63.31069811246482,80.18457873348653,,0.0,Neutral
2017-03-14,782.0,797.0,797.0,797.0,10.0,745.0,679.5,0.0,97.32937685055605,93.06914645770507,69.26238778151287,81.60371723559358,,0.0,Neutral
2017-03-20,797.0,812.0,812.0,812.0,4.0,770.6,704.1,591.05,97.30538921747822,97.63008713343561,74.93592765189742,80.66039920555846,,0.0,Neutral
2017-03-21,797.0,844.0,812.0,844.0,50.0,797.4,730.8,613.65,99.99999999607843,102.6435866698805,80.47745945549404,78.06236822780491,,0.0,Neutral
2017-03-22,844.0,877.0,860.0,877.0,27.0,822.4,757.5,636.95,99.99999999590644,108.03429329621349,85.98882622363794,77.814951433942,,0.0,Neutral
2017-03-26,877.0,894.0,894.0,894.0,10.0,844.8,782.3,660.7,99.99999999598855,112.38274671232944,91.26761032137624,77.85035502666557,,0.0,Neutral
2017-04-06,894.0,975.0,938.0,975.0,61.0,880.4,812.7,686.9,99.99999999657702,120.97047805871853,97.2081838688447,88.22326475734478,,0.0,Neutral
2017-04-09,975.0,994.0,994.0,994.0,10.0,916.8,843.7,712.7,99.99999999664269,127.83584617274153,103.33371632962407,92.34362156881527,,0.0,Neutral
2017-04-11,975.0,1033.0,994.0,1033.0,35.0,954.6,876.0,739.55,99.9999999966903,134.86898818603333,109.64077070090593,96.76546675108683,,0.0,Neutral
2017-04-12,1033.0,1053.0,1053.0,1053.0,20.0,989.8,906.1,767.85,99.99999999656019,140.43775770429852,115.80016810158446,100.64508598701423,,0.0,Neutral
2017-04-13,1053.0,1074.0,1074.0,1074.0,10.0,1025.8,935.3,794.8,99.99999999652606,144.87553715360275,121.61524191198814,102.97146314500147,,0.0,Neutral
2017-04-20,1074.0,1160.0,1095.0,1160.0,40.0,1062.8,971.6,825.55,99.99999999705882,153.56182547253218,128.00455862409694,112.3557841066601,2017-04-20,0.9063389897346495,Strongly Positive
2017-04-24,1160.0,1183.0,1183.0,1183.0,20.0,1100.6,1008.7,856.4,99.99999999704016,160.45208754038242,134.49406440735405,115.02081937149072,,0.0,Neutral
2017-04-26,1183.0,1206.0,1206.0,1206.0,10.0,1135.2,1044.9,887.85,99.9999999969163,165.85668502897863,140.76658853167896,114.38963628270312,,0.0,Neutral
2017-04-27,1206.0,1326.0,1230.0,1326.0,312.0,1189.8,1089.8,923.65,99.99999999742647,177.77360118068248,148.16799106147968,128.42273941946664,,0.0,Neutral
2017-04-30,1326.0,1379.0,1352.0,1379.0,22.0,1250.8,1138.3,960.3,99.9999999975945,189.312226642209,156.39683817762554,137.52094789926133,,0.0,Neutral
2017-05-04,1379.0,1434.0,1406.0,1434.0,28.0,1305.6,1184.2,998.45,99.9999999977492,200.58252036115778,165.233974614332,152.72036901183603,,0.0,Neutral
2017-05-07,1434.0,1550.0,1462.0,1550.0,43.0,1379.0,1239.8,1041.75,99.999999998017,216.38024312829816,175.46322831712524,175.3192643278106,,0.0,Neutral
2017-05-08,1550.0,1705.0,1581.0,1705.0,75.0,1478.8,1307.0,1091.5,99.99999999830918,238.65617699852714,188.10181805340565,212.162935290572,,0.0,Neutral
2017-05-09,1705.0,1844.0,1739.0,1844.0,54.0,1582.4,1386.1,1146.1,99.99999999852632,264.4774223156751,203.37693890585956,250.86581185079,,0.0,Neutral
2017-05-11,1844.0,1880.88,1880.88,1880.88,10.0,1682.7760000000003,1466.788,1201.044,99.99999999845454,284.6357493041453,219.62870098551673,268.4726770620977,,0.0,Neutral
2017-05-15,1880.88,1918.0,1918.0,1918.0,10.0,1779.5760000000002,1542.5880000000002,1257.094,99.99999999848485,300.14673769335513,235.73230832708444,279.0291097836698,,0.0,Neutral
2017-05-17,1918.0,2109.0,1956.0,2109.0,72.0,1891.3760000000002,1635.188,1321.944,99.99999999869888,324.11521306731333,253.40888927513026,299.34866719448036,,0.0,Neutral
2017-05-18,2109.0,2319.0,2151.0,2319.0,575.0,2014.1760000000002,1746.488,1395.694,99.99999999889415,355.95244918004596,273.9176012561134,327.6187202899816,,0.0,Neutral
2017-05-21,2319.0,2550.9,2365.0,2550.0,478.0,2155.376,1868.8880000000001,1479.344,99.9999999990515,395.2670649472291,298.18749399433653,377.8609398766235,,0.0,Neutral
2017-05-22,2550.0,2805.0,2601.0,2805.0,1780.0,2340.2,2011.488,1574.894,99.99999999914894,441.90652670274585,326.9313005360184,436.90551139170293,,0.0,Neutral
2017-05-23,2805.0,3085.0,2690.0,2750.0,23569.0,2506.6,2143.088,1663.6439999999998,96.72033392882881,469.0239793407977,355.3498362969743,441.80184308252075,,0.0,Neutral
2017-05-24,2750.0,2800.0,2553.0,2723.0,9195.0,2629.4,2260.388,1750.0939999999998,95.12195121871999,482.7709980248467,380.8340686425488,422.11787044747643,,0.0,Neutral
2017-05-28,2723.0,2670.0,2598.0,2618.0,4617.0,2689.2,2351.688,1829.3439999999998,88.77551020333561,479.66372208756457,400.599999331552,385.821645749549,,0.0,Neutral
2017-05-30,2618.0,2610.0,2541.0,2585.0,3110.0,2696.2,2425.788,1905.944,86.63426488383179,469.13051476248506,414.30610241773866,346.65134019966507,,0.0,Neutral
2017-05-31,2585.0,2636.0,2473.0,2598.0,3194.0,2654.8,2497.5,1982.1439999999998,86.28428927605488,456.56882224554283,422.75864638329955,291.13007783845353,,0.0,Neutral
2017-06-01,2598.0,2547.0,2472.0,2512.0,3711.0,2607.2,2556.9,2049.7439999999997,80.55908513270151,434.6635779972769,425.13963270609503,208.67755562643552,,0.0,Neutral
2017-06-04,2512.0,2505.0,2382.0,2440.0,1476.0,2550.6,2590.0,2112.594,74.64788732324274,406.8043287657606,421.47257191802817,146.82264433285076,,0.0,Neutral
2017-06-05,2440.0,2487.0,2445.0,2476.0,3213.0,2522.2,2605.7,2176.094,72.76657060445336,383.2131297522849,413.82068348487957,120.69341324199063,,0.0,Neutral
2017-06-06,2476.0,2545.0,2476.0,2538.0,2535.0,2512.8,2604.5,2236.694,73.25067934710037,365.3087643741792,404.11829966273956,121.36652476418385,,0.0,Neutral
2017-06-07,2538.0,2599.0,2520.0,2525.0,5278.0,2498.2,2576.5,2293.9939999999997,71.85025197911742,346.0810278030235,392.51084529079634,100.47028305812454,,0.0,Neutral
2017-06-08,2525.0,2525.0,2480.0,2510.0,2104.0,2497.8,2552.5,2347.794,66.52926628117774,325.8760372951033,379.18388369165774,81.24619649218239,,0.0,Neutral
2017-06-11,2510.0,2475.0,2413.0,2431.0,2170.0,2496.0,2523.3,2391.844,55.17560073865763,300.0302351900932,363.35315399134487,63.74785399439523,,0.0,Neutral
2017-06-12,2431.0,2450.0,2375.0,2449.0,2655.0,2490.6,2506.4,2429.044,44.18872266902343,277.797424592834,346.2420081116427,57.994635767281174,,0.0,Neutral
2017-06-13,2449.0,2500.0,2353.0,2397.0,936.0,2462.4,2487.6,2456.694,19.369369368962197,253.06462512668668,327.6065315146515,60.11692311193458,,0.0,Neutral
2017-06-14,2397.0,2419.0,2361.0,2419.0,900.0,2441.2,2469.7,2483.6,23.854660347023753,232.55813409051234,308.5968520298237,49.26132131581088,,0.0,Neutral
2017-06-15,2419.0,2449.0,2350.0,2400.0,2083.0,2419.2,2458.5,2507.7,24.15999999945882,212.32589029760584,289.34265968338013,51.2667316861485,,0.0,Neutral
2017-06-18,2400.0,2399.0,2338.0,2340.0,1179.0,2401.0,2448.5,2519.25,26.03448275799228,189.26842418866136,269.3278125844364,63.556186865565145,,0.0,Neutral
2017-06-19,2340.0,2369.0,2267.0,2280.0,1495.0,2367.2,2428.9,2517.3,24.87644151507699,164.26022795870585,248.31429565929028,81.7509089314169,,0.0,Neutral
2017-06-20,2280.0,2331.0,2250.0,2295.0,1178.0,2346.8,2404.6,2504.55,25.123152708782072,143.9915815909776,227.44975284562776,81.83343516627406,,0.0,Neutral
2017-06-21,2295.0,2315.0,2252.0,2272.0,777.0,2317.4,2379.3,2477.9,28.021978021259514,124.6359004585297,206.88698236820815,79.55159052814219,,0.0,Neutral
2017-06-22,2272.0,2290.0,2256.0,2290.0,597.0,2295.4,2357.3,2454.9,34.756097559986614,109.48673831249744,187.40693355706603,69.12798114931034,,0.0,Neutral
2017-06-25,2290.0,2301.0,2265.0,2285.0,605.0,2284.4,2342.7,2433.0,29.284164858112845,95.97116411475145,169.11977966860312,67.22441686042241,,0.0,Neutral
2017-06-27,2285.0,2330.0,2270.0,2277.0,1125.0,2283.8,2325.5,2415.95,17.936117935500974,83.65017391293077,152.02585851746866,58.43372313999525,,0.0,Neutral
2017-06-28,2277.0,2272.0,2232.0,2250.0,1418.0,2274.8,2310.8,2399.2,17.339667457855683,70.88985197232569,135.7986572084401,56.918655406948545,,0.0,Neutral
2017-07-02,2250.0,2290.0,2216.0,2218.0,925.0,2264.0,2290.7,2380.2,16.666666666133935,57.53188062886193,120.14530189252447,49.466150042242234,,0.0,Neutral
2017-07-03,2218.0,2244.0,2200.0,2240.0,1136.0,2254.0,2274.7,2366.6,24.934383201183508,48.165585352599464,105.74935858453946,33.47652577223912,,0.0,Neutral
2017-07-04,2240.0,2245.0,2202.0,2210.0,843.0,2239.0,2261.7,2355.1,19.592875317368183,37.8852618700289,92.17653924163736,30.401206116451064,,0.0,Neutral
2017-07-05,2210.0,2280.0,2190.0,2280.0,1061.0,2239.6,2261.7,2345.3,35.76642335644591,34.98318208317096,80.73786780994408,30.401206116451064,,0.0,Neutral
2017-07-06,2280.0,2350.0,2280.0,2325.0,859.0,2254.6,2264.7,2334.65,39.170506911178826,35.90054769650851,71.77040378725697,35.16010997330557,,0.0,Neutral
2017-07-09,2325.0,2345.0,2180.0,2205.0,629.0,2252.0,2258.0,2318.65,31.775700933747927,26.63750881582928,62.74382479297143,39.70446378489517,,0.0,Neutral
2017-07-10,2205.0,2248.0,2206.0,2210.0,1620.0,2246.0,2250.0,2303.65,36.458333332269966,19.47544121625606,54.090148077628356,40.59009183972318,,0.0,Neutral
2017-07-11,2210.0,2240.0,2200.0,2213.0,701.0,2246.6,2242.8,2292.75,42.08037824919828,13.881508581647722,46.04842017843223,40.0743752984019,,0.0,Neutral
2017-07-12,2213.0,2245.0,2210.0,2224.0,689.0,2235.4,2237.5,2281.5,41.52744629932844,10.218096875539686,38.882355517853725,38.523441636971704,,0.0,Neutral
2017-07-13,2224.0,2229.0,2200.0,2204.0,734.0,2211.2,2232.9,2271.85,41.82692307551544,5.636015375021998,32.233087489287385,39.59643642778209,,0.0,Neutral
2017-07-16,2204.0,2215.0,2185.0,2188.0,804.0,2207.8,2229.9,2260.3,37.681159419015614,0.7054841096587552,25.92756681336166,41.919101983615086,,0.0,Neutral
2017-07-17,2188.0,2250.0,2156.0,2250.0,1941.0,2215.8,2230.9,2252.8,46.28450106019536,1.7803615044917933,21.098125751587688,42.30432076699928,,0.0,Neutral
2017-07-18,2250.0,2320.0,2225.0,2305.0,3126.0,2234.2,2240.4,2251.05,52.702702701278305,6.98967728101934,18.27643605747402,47.44400207966171,,0.0,Neutral
2017-07-19,2305.0,2320.0,2215.0,2260.0,2192.0,2241.4,2238.4,2250.05,50.93283581956519,7.401652008714336,16.101479247722082,45.988404335603384,,0.0,Neutral
2017-07-20,2260.0,2274.0,2225.0,2260.0,879.0,2252.6,2231.9,2248.3,54.16666666516203,7.64007492062683,14.409198382303034,35.86843242248058,,0.0,Neutral
2017-07-23,2260.0,2280.0,2251.0,2253.0,1704.0,2265.6,2236.7,2247.35,51.329243352313675,7.181402559069738,12.963639217656375,35.071514240373496,,0.0,Neutral
2017-07-24,2253.0,2250.0,2214.0,2227.0,2418.0,2261.0,2238.4,2244.2,51.75257731809374,4.666130451763365,11.304137464477773,34.03005207821541,,0.0,Neutral
2017-07-25,2227.0,2245.0,2220.0,2230.0,791.0,2246.0,2240.1,2241.45,44.019138754506535,2.8816166303495265,9.619633297652124,33.03012093363416,,0.0,Neutral
2017-07-26,2230.0,2251.0,2196.0,2196.0,779.0,2233.2,2237.3,2237.4,34.15233415115938,-1.2615963822149752,7.443387361678704,35.63097903044868,,0.0,Neutral
2017-07-27,2196.0,2415.0,2202.0,2375.0,3123.0,2256.2,2254.4,2243.65,68.24034334558935,9.785876002609712,7.9118850898649065,54.113461048691825,,0.0,Neutral
2017-07-30,2375.0,2400.0,2282.0,2380.0,2077.0,2281.6,2273.6,2251.75,68.24034334558935,18.728643529152578,10.075236777722441,61.49471522010358,,0.0,Neutral
2017-07-31,2380.0,2400.0,2334.0,2355.0,1418.0,2307.2,2284.1,2257.5,64.54918032601702,23.527351494059985,12.765659720989952,65.82881841059418,,0.0,Neutral
2017-08-01,2355.0,2469.0,2331.0,2469.0,3586.0,2355.0,2300.5,2270.45,70.72758037057498,36.11292210481088,17.435112197754137,88.2310728837856,,0.0,Neutral
2017-08-02,2469.0,2450.0,2401.0,2429.0,1858.0,2401.6,2317.4,2277.9,68.41243862363703,42.37098543682532,22.422286845568372,95.49776029951647,,0.0,Neutral
2017-08-03,2429.0,2600.0,2392.0,2540.0,4828.0,2434.6,2345.4,2288.65,74.92917846876911,55.64586713071867,29.067002902598432,115.7076776478915,,0.0,Neutral
2017-08-06,2540.0,2570.0,2455.0,2455.0,3983.0,2449.6,2365.6,2301.15,64.060356651719,58.63164774980123,34.979931872038996,115.41634777333347,,0.0,Neutral
2017-08-07,2455.0,2450.0,2380.0,2438.0,1563.0,2466.2,2386.7,2312.55,59.62373371803946,58.94664227757448,39.773273953146095,106.18019275427541,,0.0,Neutral
2017-08-09,2438.0,2599.0,2412.0,2516.0,8108.0,2475.6,2415.3,2327.7,67.679558009741,64.7438984770829,44.76739885793346,97.44063719916623,2017-08-09,0.4278497695922851,Positive
2017-08-10,2516.0,2549.0,2476.0,2476.0,4364.0,2485.0,2443.3,2340.3,64.13612565327499,65.3572029242523,48.88535967119723,60.7399740240825,,0.0,Neutral
2017-08-13,2476.0,2460.0,2368.0,2382.0,2800.0,2453.4,2444.0,2349.2,57.579318447936416,57.59432517859568,50.62715277267692,59.89991652750257,,0.0,Neutral
2017-08-15,2382.0,2381.0,2335.0,2380.0,1035.0,2438.4,2444.0,2358.8,59.25030229645767,50.69640870916601,50.64100395997474,59.89991652750257,,0.0,Neutral
2017-08-16,2380.0,2429.0,2385.0,2411.0,1354.0,2433.0,2449.6,2366.85,60.58479532064539,47.18725582047682,49.95025433207516,52.85872155516269,,0.0,Neutral
2017-08-17,2411.0,2402.0,2361.0,2380.0,1310.0,2405.8,2440.7,2370.6,60.79812206472867,41.42723853366397,48.245651172392925,56.590242582598364,,0.0,Neutral
2017-08-20,2380.0,2432.0,2340.0,2430.0,755.0,2396.6,2440.8,2379.1,53.80359612620573,40.43090318321265,46.68270157455687,56.568149656474795,,0.0,Neutral
2017-08-21,2430.0,2390.0,2351.0,2353.0,619.0,2390.8,2422.1,2383.75,48.301886791602236,33.04709738803649,43.955580737252795,50.73996890466352,,0.0,Neutral
2017-08-22,2353.0,2437.0,2345.0,2355.0,1149.0,2385.8,2412.1,2388.85,49.99999999909326,27.04500341873245,40.57346527354873,53.32385332414667,,0.0,Neutral
2017-08-23,2355.0,2375.0,2350.0,2355.0,1360.0,2374.6,2403.8,2395.25,41.33738601735756,22.034302976471736,36.86563281413333,55.268636876839984,2017-08-23,0.8553773164749146,Strongly Positive
2017-08-24,2355.0,2375.0,2323.0,2360.0,898.0,2370.6,2388.2,2401.75,44.46227929274081,18.256297752746377,33.14376580185594,39.98277406864114,,0.0,Neutral
2017-08-27,2360.0,2385.0,2325.0,2385.0,746.0,2361.6,2379.1,2411.2,35.56797020391443,17.08257516717549,29.931527674919856,25.51883835743503,,0.0,Neutral
2017-08-28,2385.0,2400.0,2334.0,2337.0,2066.0,2358.4,2374.6,2409.3,38.199999998930394,12.139258894523664,26.373073918840618,28.71778388234199,,0.0,Neutral
2017-08-30,2337.0,2390.0,2340.0,2346.0,1752.0,2356.6,2371.2,2407.6,40.65040650290832,8.845899890086912,22.86763911308988,29.99185074504246,,0.0,Neutral
2017-08-31,2346.0,2344.0,2325.0,2325.0,885.0,2350.6,2362.6,2406.1,28.045977010591628,4.489611212649834,19.19203353300187,29.63931323243994,,0.0,Neutral
2017-09-04,2325.0,2324.0,2261.0,2300.0,1490.0,2338.6,2354.6,2397.65,29.047619046650794,-0.9689011267969363,15.159846601042108,34.77291410792834,,0.0,Neutral
2017-09-06,2300.0,2399.0,2320.0,2337.0,1177.0,2329.0,2345.3,2393.05,43.80165289087267,-2.282904798707932,11.6712963210921,22.710986083627066,,0.0,Neutral
2017-09-07,2337.0,2387.0,2330.0,2387.0,1125.0,2339.0,2348.7,2385.4,50.85158150678365,0.7022251426578805,9.477482085405258,26.259601418690227,,0.0,Neutral
2017-09-10,2387.0,2440.0,2300.0,2374.0,6000.0,2344.6,2350.6,2381.35,45.29262086352647,1.9959625594815407,7.981178180220515,27.427480137053717,,0.0,Neutral
2017-09-11,2374.0,2388.0,2336.0,2355.0,1762.0,2350.6,2350.6,2377.2,46.71916010327016,1.4711589679955068,6.679174337775513,27.427480137053717,,0.0,Neutral
2017-09-12,2355.0,2355.0,2305.0,2305.0,1802.0,2351.6,2345.1,2366.65,33.59580052369989,-2.9453812699835,4.754263216223711,30.657426144077924,,0.0,Neutral
2017-09-13,2305.0,2340.0,2260.0,2315.0,1137.0,2347.2,2338.1,2358.6,43.949044584027746,-5.574347196947201,2.6885411335895286,28.446636200312522,,0.0,Neutral
2017-09-14,2315.0,2349.0,2280.0,2298.0,1267.0,2329.4,2334.2,2354.4,41.337386016478035,-8.926678368250123,0.36549723322159844,31.15837679415067,,0.0,Neutral
2017-09-17,2298.0,2350.0,2300.0,2325.0,3844.0,2319.6,2332.1,2351.65,45.78651685213199,-9.297573976897638,-1.5671170088022488,30.981894354277333,2017-09-17,0.9111939668655396,Strongly Positive
2017-09-18,1788.0,1855.0,1788.0,1788.0,1683.0,2206.2,2278.4,2320.5,17.792792792512287,-52.3198132830812,-11.71765626365804,175.05440424178502,,0.0,Neutral
2017-09-20,1788.0,1775.0,1750.0,1756.0,404.0,2096.4,2224.0,2289.3,14.860335195298276,-87.98316529467093,-26.970758069860615,240.0550862707272,,0.0,Neutral
2017-09-24,1756.0,1775.0,1720.0,1720.0,291.0,1977.4,2162.3,2253.8,15.062287655480318,-117.79367567076406,-45.13534159004131,283.19920354565033,,0.0,Neutral
2017-09-25,1720.0,1719.0,1695.0,1700.0,288.0,1857.8,2093.6,2221.15,13.870246084793976,-141.40255216860623,-64.38878370575429,305.1138949456263,,0.0,Neutral
2017-09-26,1700.0,1719.0,1676.0,1719.0,4029.0,1736.6,2028.1,2189.35,16.03139013427753,-156.77244056812788,-82.86551507822901,308.517764660502,,0.0,Neutral
2017-10-03,1719.0,1719.0,1719.0,1719.0,44.0,1722.8,1964.5,2157.55,16.49365628577749,-167.02779540458369,-99.69797114349996,299.0500701294788,,0.0,Neutral
2017-10-04,1719.0,1700.0,1690.0,1690.0,79.0,1709.6,1903.0,2124.05,12.33993015113765,-175.47255722340674,-114.85288835948131,284.1099161318488,,0.0,Neutral
2017-10-08,1690.0,1658.0,1625.0,1634.0,191.0,1692.4,1834.9,2086.5,6.473988439201577,-184.5563728111067,-128.7935852498064,254.4508029288035,,0.0,Neutral
2017-10-09,1634.0,1610.0,1582.0,1585.0,385.0,1669.4,1763.6,2048.9,6.215316315108751,-193.47894772669974,-141.73065774518506,205.44217894310438,,0.0,Neutral
2017-10-10,1585.0,1581.0,1566.0,1571.0,348.0,1639.8,1688.2,2010.15,6.249999999902343,-199.38148992294282,-153.26082418073662,70.65691756651704,,0.0,Neutral
2017-10-11,1571.0,1571.0,1550.0,1571.0,287.0,1610.2,1666.5,1972.45,6.6193853426800615,-201.73383506332766,-162.95542635725485,69.91939803962701,,0.0,Neutral
2017-10-12,1571.0,1570.0,1560.0,1560.0,188.0,1584.2,1646.9,1935.45,5.430932703570207,-202.15537230934592,-170.7954155476731,69.51330807839288,,0.0,Neutral
2017-10-15,1560.0,1560.0,1540.0,1560.0,219.0,1569.4,1630.9,1896.6,5.542168674605307,-200.18187160683215,-176.6727067595049,69.23141547657708,,0.0,Neutral
2017-10-16,1560.0,1622.0,1560.0,1610.0,198.0,1574.4,1621.9,1857.75,8.089097303501461,-192.36580271902994,-179.8113259514099,64.9691379725053,2017-10-16,0.9261035919189452,Strongly Positive
2017-10-17,1610.0,1680.0,1615.0,1640.0,820.0,1588.2,1614.0,1821.05,28.61271676184805,-181.65673675030712,-180.18040811118937,56.03966848979371,,0.0,Neutral
2017-10-18,1640.0,1667.0,1620.0,1665.0,706.0,1607.0,1608.6,1786.55,36.57817108993483,-169.20197866369722,-177.98472222169093,46.60519761191849,,0.0,Neutral
2017-10-22,1665.0,1695.0,1665.0,1665.0,152.0,1628.0,1606.1,1754.55,40.92409240735004,-157.5157496367101,-173.89092770469478,42.21755822195012,,0.0,Neutral
2017-10-23,1665.0,1684.0,1653.0,1670.0,123.0,1650.0,1609.7,1722.3,44.79166666448929,-146.16596051714237,-168.3459342671843,46.2073827675162,,0.0,Neutral
2017-10-24,1670.0,1670.0,1651.0,1651.0,145.0,1658.2,1616.3,1689.95,38.19444444258777,-137.12363615831146,-162.10147464540975,46.99420768091635,,0.0,Neutral
2017-10-25,1651.0,1683.0,1630.0,1683.0,121.0,1666.8,1627.5,1657.85,44.3749999980586,-125.92382492380489,-154.8659447010888,48.32586149144625,,0.0,Neutral
2017-10-29,1683.0,1683.0,1595.0,1625.0,567.0,1658.8,1632.9,1649.7,40.68767908146239,-120.34079532498868,-147.9609148258688,44.14735426829626,,0.0,Neutral
2017-10-30,1625.0,1600.0,1593.0,1593.0,251.0,1644.4,1636.2,1641.55,43.692307690425565,-117.14792831366549,-141.79831752342815,39.029333697751774,,0.0,Neutral
2017-10-31,1593.0,1600.0,1580.0,1581.0,55.0,1626.6,1638.3,1634.6,49.305555553158754,-114.26864016161835,-136.2923820510662,34.81075823492596,,0.0,Neutral
2017-11-01,1581.0,1575.0,1550.0,1560.0,209.0,1608.4,1633.3,1627.6,48.13559321805458,-112.38579457056585,-131.51106455496614,42.145383297994805,,0.0,Neutral
2017-11-02,1560.0,1565.0,1530.0,1530.0,574.0,1577.8,1622.3,1618.15,43.692307690425565,-112.02304324343822,-127.61346029266056,53.12678755164007,,0.0,Neutral
2017-11-05,1530.0,1500.0,1470.0,1490.0,477.0,1550.8,1604.8,1606.7,40.11299434869609,-113.6531036766753,-124.82138896946353,64.99538445152476,,0.0,Neutral
2017-11-06,1490.0,1501.0,1475.0,1500.0,437.0,1532.2,1588.3,1597.2,41.75824175663568,-112.83730368930651,-122.42457191343212,68.84451079547401,2017-11-06,0.0204739943146705,Neutral
2017-11-07,1500.0,1475.0,1471.0,1473.0,243.0,1510.6,1568.6,1589.15,29.912023459182493,-113.06609511015085,-120.55287655277587,71.01987202342492,,0.0,Neutral
2017-11-08,1473.0,1444.0,1415.0,1415.0,682.0,1481.6,1545.0,1580.65,19.512195121210908,-116.58362576625223,-119.75902639547115,79.32212806021656,,0.0,Neutral
2017-11-09,1415.0,1450.0,1415.0,1430.0,827.0,1461.6,1519.7,1573.6,17.270194985398945,-116.81435632853959,-119.17009238208485,70.24409820998977,2017-11-09,0.9083226323127748,Strongly Positive
2017-11-12,1430.0,1441.0,1410.0,1441.0,187.0,1451.8,1501.3,1567.1,19.7297297289832,-114.78641752316867,-118.29335741030162,63.35797766133846,,0.0,Neutral
2017-11-13,1441.0,1450.0,1420.0,1445.0,931.0,1440.8,1486.5,1561.35,19.512195121210908,-111.5703809375002,-116.94876211574135,56.4687720977137,,0.0,Neutral
2017-11-14,1445.0,1490.0,1456.0,1489.0,1083.0,1444.0,1477.3,1557.8,29.44162436443608,-104.26926531126423,-114.41286275484593,45.859810534099644,,0.0,Neutral
2017-11-15,1489.0,1515.0,1485.0,1485.0,648.0,1458.0,1469.8,1551.55,22.950819671253242,-97.67985260909904,-111.06626072569655,35.878808353820396,,0.0,Neutral
2017-11-16,1485.0,1480.0,1465.0,1465.0,131.0,1465.0,1463.3,1542.8,25.609756096467876,-92.9994882115725,-107.45290622287175,28.98677859532871,,0.0,Neutral
2017-11-19,1465.0,1465.0,1421.0,1425.0,129.0,1461.8,1456.8,1530.8,24.99999999895833,-91.4635960116691,-104.25504418063122,29.615311355242067,,0.0,Neutral
2017-11-20,1425.0,1430.0,1410.0,1412.0,211.0,1455.2,1448.0,1518.15,24.925816022703373,-90.2549785215831,-101.4550310488216,28.40187787220968,2017-11-20,0.8581589460372925,Strongly Positive
2017-11-21,1412.0,1465.0,1410.0,1415.0,808.0,1440.4,1442.2,1505.4,27.272727271530343,-88.04019298352068,-98.77206343576141,28.65038297205956,,0.0,Neutral
2017-11-22,1415.0,1420.0,1387.0,1415.0,563.0,1426.4,1442.2,1493.6,30.103806226915395,-85.30165510630923,-96.07798176987097,28.65038297205956,,0.0,Neutral
2017-11-23,1415.0,1435.0,1407.0,1435.0,180.0,1420.4,1442.7,1481.2,39.77695167079228,-80.58853676825106,-92.980092769547,28.456789855676373,,0.0,Neutral
2017-11-26,1435.0,1460.0,1430.0,1430.0,637.0,1421.4,1441.6,1471.45,36.74242424047578,-76.37639520118842,-89.65935325587529,28.74098892602131,,0.0,Neutral
2017-11-27,1430.0,1475.0,1447.0,1447.0,815.0,1428.4,1441.8,1464.15,44.88188976130572,-70.84977266059877,-85.89743713681999,28.774216853926557,,0.0,Neutral
2017-11-28,1447.0,1440.0,1420.0,1435.0,111.0,1432.4,1436.4,1456.85,54.807692304003325,-66.66965787625531,-82.05188128470706,23.519259247620443,,0.0,Neutral
2017-11-29,1435.0,1492.0,1420.0,1474.0,705.0,1444.2,1435.3,1452.55,59.48275861710018,-59.52375987853611,-77.54625700347289,21.129494919585213,,0.0,Neutral
2017-11-30,1474.0,1475.0,1441.0,1469.0,670.0,1451.0,1435.7,1449.5,56.19469026200563,-53.645648799086075,-72.76613536259553,21.782000724377422,,0.0,Neutral
2017-12-04,1469.0,1453.0,1446.0,1452.0,221.0,1455.4,1438.4,1447.6,51.46443514342886,-49.78507004682092,-68.16992229944061,21.98079970239444,,0.0,Neutral
2017-12-05,1452.0,1451.0,1430.0,1430.0,211.0,1452.0,1440.2,1444.1,36.40552995156831,-47.94803461360084,-64.12554476227267,20.247359224273836,,0.0,Neutral
2017-12-06,1430.0,1487.0,1430.0,1487.0,607.0,1462.4,1447.4,1444.8,50.37037036775857,-41.415336942404565,-59.583503198299056,22.9162727239139,,0.0,Neutral
2017-12-10,1487.0,1516.0,1514.0,1515.0,202.0,1470.6,1457.4,1449.8,58.99280575242482,-33.59153863086999,-54.385110284813244,28.375263092292524,,0.0,Neutral
2017-12-12,1515.0,1485.0,1455.0,1457.0,433.0,1468.2,1459.6,1451.15,55.40540540278488,-31.70575318871761,-49.849238865594124,27.2771780880228,,0.0,Neutral
2017-12-13,1457.0,1450.0,1445.0,1450.0,33.0,1467.8,1461.6,1451.6,56.55172413520095,-30.42537139570686,-45.964465371616676,25.543862059018387,,0.0,Neutral
2017-12-14,1450.0,1455.0,1425.0,1455.0,88.0,1472.8,1462.4,1452.1,56.8493150657675,-28.67663498926595,-42.50689929514653,25.158166334902173,,0.0,Neutral
2017-12-17,1455.0,1455.0,1435.0,1435.0,80.0,1462.4,1462.4,1449.4,53.205128202740795,-28.575184699441706,-39.72055637600557,25.158166334902173,,0.0,Neutral
2017-12-18,1435.0,1435.0,1407.0,1435.0,287.0,1446.4,1458.5,1446.9,49.99999999760274,-28.17005772365974,-37.4104566455364,26.16295090392642,,0.0,Neutral
2017-12-19,1435.0,1463.0,1420.0,1420.0,239.0,1439.0,1453.6,1444.65,48.34437085868602,-28.728205446637958,-35.674006405756714,28.4651834118089,,0.0,Neutral
2017-12-20,1420.0,1435.0,1414.0,1422.0,362.0,1433.4,1450.6,1444.5,45.64459930090933,-28.678569554992464,-34.274919035603865,30.181672142785278,,0.0,Neutral
2017-12-21,1422.0,1430.0,1402.0,1402.0,180.0,1422.8,1447.8,1444.0,44.406779658909514,-29.90830132586848,-33.40159549365679,33.429195490055584,,0.0,Neutral
2017-12-24,1402.0,1410.0,1400.0,1405.0,602.0,1416.8,1439.6,1443.5,36.679536677554005,-30.29161480645962,-32.77959935621736,32.796341259372575,,0.0,Neutral
2017-12-26,1405.0,1408.0,1377.0,1390.0,430.0,1407.8,1427.1,1442.25,35.31598512827351,-31.44330924502583,-32.51234133397905,23.3164224433499,,0.0,Neutral
2017-12-27,1390.0,1390.0,1363.0,1364.0,258.0,1396.6,1417.8,1438.7,34.17266186878267,-34.061379711195514,-32.82214900942235,28.118005303068664,,0.0,Neutral
2017-12-28,1364.0,1385.0,1353.0,1364.0,820.0,1385.0,1409.2,1435.4,37.10937499797058,-35.724410649519996,-33.40260133744188,30.24639556121693,,0.0,Neutral
2017-12-31,1364.0,1350.0,1290.0,1315.0,370.0,1367.6,1395.2,1428.8,15.322580644296309,-40.52907123482237,-34.827895316917974,38.07828194071639,,0.0,Neutral
2018-01-01,1315.0,1379.0,1300.0,1379.0,413.0,1362.4,1389.6,1426.0,26.056338026884546,-38.726123588152404,-35.607540971164866,35.61273180574314,,0.0,Neutral
2018-01-02,1379.0,1382.0,1355.0,1380.0,201.0,1360.4,1384.1,1421.3,33.039647575054815,-36.79246234260586,-35.84452524545306,31.872837617301833,,0.0,Neutral
2018-01-03,1380.0,1377.0,1355.0,1355.0,646.0,1358.6,1377.6,1415.6,30.612244896209916,-36.852500257432894,-36.04612024784903,30.32857105475501,2018-01-03,0.9265115857124328,Strongly Positive
2018-01-04,1355.0,1380.0,1329.0,1373.0,310.0,1360.4,1372.7,1411.65,34.1085271299321,-35.04366956098761,-35.84563011047675,26.008759208325348,,0.0,Neutral
2018-01-07,1373.0,1395.0,1344.0,1393.0,86.0,1376.0,1371.8,1409.8,41.860465114007575,-31.63169486079846,-35.002843060541096,25.019103812020273,,0.0,Neutral
2018-01-08,1393.0,1400.0,1346.0,1365.0,255.0,1373.2,1367.8,1403.7,37.76223776038926,-30.831638387877547,-34.16860212600839,22.15500946615754,,0.0,Neutral
2018-01-09,1365.0,1380.0,1377.0,1380.0,22.0,1373.2,1366.8,1396.95,43.006993004887775,-28.656874616923915,-33.066256624191496,21.24879081529571,,0.0,Neutral
2018-01-10,1380.0,1375.0,1355.0,1365.0,683.0,1375.2,1366.9,1392.35,40.46822742285433,-27.82300699447387,-32.017606698247974,21.236498979115492,,0.0,Neutral
2018-01-14,1365.0,1356.0,1340.0,1340.0,951.0,1368.6,1364.5,1386.85,39.80263157711435,-28.846922595181468,-31.383469877634674,22.89225973023713,2018-01-14,0.9263303875923156,Strongly Positive
2018-01-16,1340.0,1340.0,1304.0,1325.0,1009.0,1355.0,1365.5,1380.35,37.341772150244346,-30.516977010605615,-31.210171304228865,20.59260924595613,,0.0,Neutral
2018-01-17,1325.0,1351.0,1318.0,1340.0,234.0,1350.0,1361.6,1375.6,42.08860759307203,-30.28107118781145,-31.024351280945385,21.427915333896404,,0.0,Neutral
2018-01-21,1340.0,1342.0,1325.0,1330.0,623.0,1340.0,1356.6,1370.35,44.33333333126445,-30.54888205385214,-30.92925743552674,22.465776441338107,,0.0,Neutral
2018-01-22,1330.0,1330.0,1313.0,1320.0,175.0,1331.0,1353.1,1365.35,42.90322580451405,-31.20829077164649,-30.98506410275069,25.291412684083554,,0.0,Neutral
2018-01-23,1320.0,1325.0,1300.0,1305.0,338.0,1324.0,1346.3,1359.5,48.188405794657115,-32.56585269274888,-31.30122182075033,28.308027915160444,,0.0,Neutral
2018-01-24,1305.0,1310.0,1305.0,1305.0,307.0,1320.0,1337.5,1354.65,32.54716980917142,-33.25834875409396,-31.692647207419057,25.739075352487887,,0.0,Neutral
2018-01-25,1305.0,1335.0,1305.0,1335.0,342.0,1319.0,1334.5,1351.15,40.66390041257554,-31.028727733733376,-31.559863312681923,23.857214143057718,,0.0,Neutral
2018-01-28,1335.0,1350.0,1314.0,1328.0,1104.0,1318.6,1329.3,1348.05,43.946188338048216,-29.486674481499676,-31.145225546445474,17.714087300505486,,0.0,Neutral
2018-01-29,1328.0,1323.0,1305.0,1319.0,918.0,1318.4,1324.7,1345.8,37.383177567647834,-28.660431341071444,-30.64826670537067,12.667105255605621,,0.0,Neutral
2018-01-31,1319.0,1315.0,1301.0,1301.0,771.0,1317.6,1320.8,1342.65,28.301886790583836,-29.12237268300305,-30.34308790089715,13.414751416130967,,0.0,Neutral
2018-02-01,1301.0,1340.0,1321.0,1325.0,393.0,1321.6,1320.8,1343.15,40.384615381897184,-27.23788373228831,-29.722047067175385,13.414751416130967,,0.0,Neutral
2018-02-04,1325.0,1316.0,1312.0,1313.0,277.0,1317.2,1318.1,1339.85,33.65853658306722,-26.40829399902418,-29.059296453545148,11.732670435863465,,0.0,Neutral
2018-02-05,1313.0,1301.0,1290.0,1293.0,518.0,1310.2,1314.4,1335.5,32.857142854952386,-27.05282290887135,-28.65800174461039,13.293273152694015,,0.0,Neutral
2018-02-06,1293.0,1300.0,1290.0,1293.0,477.0,1305.0,1311.7,1332.4,37.2972972944748,-27.249501423322954,-28.376301680352906,14.697316459549066,,0.0,Neutral
2018-02-07,1293.0,1320.0,1285.0,1285.0,402.0,1301.8,1309.7,1328.0,38.76404494077138,-27.731235285946468,-28.24728840147162,16.90529174222991,,0.0,Neutral
2018-02-08,1285.0,1318.0,1270.0,1296.0,772.0,1296.0,1308.8,1323.15,37.356321836074784,-26.91514375055499,-27.980859471288298,17.415191325101922,,0.0,Neutral
2018-02-11,1296.0,1308.0,1285.0,1295.0,94.0,1292.4,1304.8,1319.65,39.39393939059688,-26.048802590341893,-27.59444809509902,15.178932768841477,,0.0,Neutral
2018-02-12,1295.0,1295.0,1270.0,1286.0,429.0,1291.0,1300.6,1314.95,39.634146338080015,-25.79114153786327,-27.23378678365187,13.793718377133487,2018-02-12,0.8008541464805603,Strongly Positive
2018-02-14,1286.0,1315.0,1280.0,1315.0,323.0,1295.4,1300.2,1312.45,52.80898875989142,-22.981963886629273,-26.383422204247353,13.248060654756765,,0.0,Neutral
2018-02-15,1315.0,1428.0,1323.0,1428.0,1232.0,1324.0,1312.9,1316.85,71.13402061513445,-11.504893488806601,-23.407716461159204,42.555715114305265,,0.0,Neutral
2018-02-18,1430.0,1430.0,1359.0,1359.0,2394.0,1336.6,1316.3,1318.55,53.636363634088156,-7.8860503738308125,-20.303383243693528,44.92227856100061,,0.0,Neutral
2018-02-20,1386.0,1386.0,1325.0,1325.0,676.0,1342.6,1317.5,1317.8,49.5798319308288,-7.673155621370142,-17.77733771922885,44.98456525423066,,0.0,Neutral
2018-02-21,1325.0,1332.0,1325.0,1330.0,292.0,1351.4,1321.2,1317.8,51.55807365234614,-7.020053970623394,-15.62588096950776,44.26134506166409,,0.0,Neutral
2018-02-22,1326.0,1356.0,1325.0,1356.0,291.0,1359.6,1327.5,1319.6,57.617728529621466,-4.354289953991383,-13.371562766404486,44.285061439132065,,0.0,Neutral
2018-02-25,1383.0,1383.0,1310.0,1310.0,263.0,1336.0,1330.0,1319.85,48.04177545516296,-5.885622534077356,-11.874374719939059,42.27949332190008,,0.0,Neutral
2018-02-26,1305.0,1320.0,1293.0,1320.0,1105.0,1328.2,1332.4,1320.6,50.91863516873265,-6.220591107830614,-10.743617997517372,40.78997698238211,,0.0,Neutral
2018-02-27,1294.0,1319.0,1272.0,1273.0,919.0,1317.8,1330.2,1317.5,47.54901960621155,-10.16142869572468,-10.627180137158835,43.53236343994781,,0.0,Neutral
2018-02-28,1270.0,1295.0,1253.0,1270.0,566.0,1305.8,1328.6,1314.6,47.20194647041161,-13.372495994550718,-11.176243308637213,45.583135282944916,,0.0,Neutral
2018-03-04,1245.0,1245.0,1160.0,1200.0,2391.0,1274.6,1317.1,1308.65,41.01479915312007,-21.31994192959064,-13.204983032827897,61.21991324543672,,0.0,Neutral
2018-03-05,1224.0,1224.0,1150.0,1160.0,566.0,1244.6,1290.3,1301.6,36.45418326591562,-30.494494249868467,-16.66288527623601,65.76904033561426,,0.0,Neutral
2018-03-06,1145.0,1200.0,1105.0,1175.0,847.0,1215.6,1271.9,1294.1,38.372093022214706,-36.138437016469425,-20.557995624282697,70.01499839320834,,0.0,Neutral
2018-03-07,1175.0,1185.0,1162.0,1171.0,715.0,1195.2,1256.5,1287.0,38.74755381498539,-40.46758377643914,-24.539913254713987,73.86812573770194,,0.0,Neutral
2018-03-11,1148.0,1175.0,1148.0,1149.0,818.0,1171.0,1238.4,1279.8,33.53174603081459,-45.15318213508863,-28.662567030788917,76.00175436572226,,0.0,Neutral
2018-03-12,1150.0,1150.0,1100.0,1115.0,942.0,1154.0,1214.3,1270.9,13.176470587801248,-51.02191951425743,-33.134437527482625,72.70648756014978,,0.0,Neutral
2018-03-13,1094.0,1136.0,1094.0,1136.0,147.0,1149.2,1196.9,1263.45,20.424403182265408,-53.36327307897068,-37.180204637780236,67.92225948342845,,0.0,Neutral
2018-03-14,1136.0,1158.0,1130.0,1158.0,237.0,1145.8,1180.7,1256.55,27.12328767019254,-52.834552674356246,-40.31107424509544,52.973892941090845,,0.0,Neutral
2018-03-15,1171.0,1175.0,1158.0,1175.0,621.0,1146.6,1170.9,1250.55,29.4429708211878,-50.462084520605686,-42.34127630019749,41.91114940496439,,0.0,Neutral
2018-03-18,1153.0,1153.0,1129.0,1129.0,198.0,1142.6,1156.8,1242.7,21.41057934433313,-51.6977623543271,-44.212573511023415,25.288556920312562,,0.0,Neutral
2018-03-19,1128.0,1128.0,1115.0,1122.0,281.0,1144.0,1149.0,1233.05,23.74301675884803,-52.63514228269196,-45.89708726535713,22.340794773505138,,0.0,Neutral
2018-03-20,1101.0,1120.0,1100.0,1100.0,1047.0,1136.8,1143.0,1216.65,20.270270269503285,-54.524711830183605,-47.62261217832243,26.691654958904202,,0.0,Neutral
2018-03-21,1090.0,1090.0,1060.0,1060.0,1567.0,1117.2,1131.5,1201.7,20.661157023996537,-58.574662765338644,-49.81302229572567,34.88791576846336,,0.0,Neutral
2018-03-22,1039.0,1055.0,1035.0,1040.0,663.0,1090.2,1118.4,1187.45,19.73684210453601,-62.67562531834801,-52.385542900250144,42.23005775248811,,0.0,Neutral
2018-03-26,1020.0,1020.0,936.0,945.0,2141.0,1053.4,1098.0,1168.2,18.518518517878377,-72.75272560553935,-56.45897944130799,67.5113159239134,,0.0,Neutral
2018-03-27,928.0,1004.0,917.0,1004.0,819.0,1029.8,1086.9,1150.6,31.603773583862136,-75.11224605156644,-60.18963276335968,73.28399855660912,,0.0,Neutral
2018-03-28,1024.0,1024.0,977.0,977.0,2168.0,1005.2,1071.0,1133.95,27.293577980774984,-78.25873932350714,-63.803454075389176,78.50973046558235,,0.0,Neutral
2018-03-29,965.0,980.0,965.0,970.0,1090.0,987.2,1052.2,1116.45,27.107061502552398,-80.39050767817866,-67.12086479594709,77.86855020553347,,0.0,Neutral
2018-04-01,951.0,970.0,950.0,965.0,316.0,972.2,1031.2,1101.05,28.19905213176591,-81.54342581727246,-70.00537700021216,68.8683123391664,,0.0,Neutral
2018-04-02,970.0,970.0,965.0,965.0,669.0,976.2,1014.8,1085.8,30.67010309167685,-81.51743944969894,-72.30778949010951,62.19467644242777,,0.0,Neutral
2018-04-03,964.0,968.0,957.0,958.0,2062.0,967.0,998.4,1073.7,26.20320855516887,-81.12651064946692,-74.071533721981,51.48721524158988,,0.0,Neutral
2018-04-04,965.0,1000.0,961.0,992.0,4661.0,970.0,987.6,1065.3,28.49740932539129,-77.18345804929106,-74.69391858744301,37.13399161595459,,0.0,Neutral
2018-04-05,1011.0,1044.0,990.0,1040.0,4665.0,984.0,985.6,1058.55,33.81294963915256,-69.38552842750892,-73.63224055545619,33.12333853276272,,0.0,Neutral
2018-04-08,1060.0,1110.0,1022.0,1109.0,4456.0,1012.8,992.5,1055.45,47.72727272575414,-56.98104763064225,-70.30200197049341,49.06514943306859,,0.0,Neutral
2018-04-09,1100.0,1175.0,1100.0,1101.0,3042.0,1040.0,1008.1,1053.05,47.619047617535905,-47.25125728972807,-65.69185303434034,56.51833527469396,,0.0,Neutral
2018-04-10,1079.0,1106.0,1079.0,1080.0,795.0,1064.4,1015.7,1051.3,47.72727272575414,-40.764939987989464,-60.706470425070165,60.84963251966513,,0.0,Neutral
2018-04-11,1059.0,1079.0,1038.0,1079.0,463.0,1081.8,1025.9,1048.45,52.36907730490482,-35.29828181724838,-55.62483270350581,62.176183364519176,,0.0,Neutral
2018-04-12,1090.0,1105.0,1058.0,1070.0,2400.0,1087.8,1035.9,1044.05,53.8461538442209,-31.330976620032743,-50.766061486811196,60.196806855148985,,0.0,Neutral
2018-04-15,1049.0,1090.0,1049.0,1086.0,360.0,1083.2,1048.0,1039.6,72.6688102861178,-26.589287629393084,-45.930706715327574,56.40330959557175,,0.0,Neutral
2018-04-16,1105.0,1150.0,1075.0,1143.0,1763.0,1091.6,1065.8,1040.3,72.49190938182885,-18.024268760608265,-40.349419124383715,55.37709113182852,,0.0,Neutral
2018-04-17,1165.0,1254.0,1160.0,1231.0,3325.0,1121.8,1093.1,1045.75,84.32432432113367,-4.08843609975861,-33.0972225194587,63.0845112175424,,0.0,Neutral
2018-04-18,1255.0,1255.0,1196.0,1196.0,2586.0,1145.2,1113.5,1050.55,78.39195979623747,4.08452038495011,-25.660873938576938,59.649438853657976,,0.0,Neutral
2018-04-19,1219.0,1225.0,1180.0,1225.0,3806.0,1176.2,1132.0,1058.8,80.80568720111071,12.754676942656943,-17.977763762330163,62.919701913547414,,0.0,Neutral
2018-04-22,1249.0,1326.0,1235.0,1326.0,3788.0,1224.2,1153.7,1073.1,84.51242829601688,27.459162257753178,-8.890378558313495,86.94065664451013,,0.0,Neutral
2018-04-23,1352.0,1352.0,1240.0,1291.0,5634.0,1253.8,1172.7,1090.4,80.21778584188195,35.87482269256907,0.06266169186301784,94.5704323066546,,0.0,Neutral
2018-04-24,1270.0,1293.0,1221.0,1250.0,2291.0,1257.6,1189.7,1102.7,73.11827956805797,38.78880368631303,7.807890090753021,91.27741597277816,,0.0,Neutral
2018-04-25,1226.0,1255.0,1215.0,1235.0,1287.0,1265.4,1205.3,1115.6,68.5714285696,39.433218382991754,14.132955749200768,83.23200506216112,,0.0,Neutral
2018-04-26,1240.0,1255.0,1180.0,1199.0,1483.0,1260.2,1218.2,1127.05,59.1463414617316,36.616925414487014,18.629749682258016,68.65177832123244,,0.0,Neutral
2018-04-29,1176.0,1222.0,1133.0,1190.0,1091.0,1233.0,1228.6,1138.3,59.02636916668079,33.27519245723124,21.55883823725266,52.33906550349147,,0.0,Neutral
2018-05-02,1200.0,1234.0,1144.0,1234.0,998.0,1221.6,1237.7,1151.75,64.92248061839358,33.787792647902734,24.004629119382678,42.853886119657396,,0.0,Neutral
2018-05-03,1258.0,1264.0,1232.0,1236.0,2317.0,1218.8,1238.2,1165.65,65.18375241602985,33.96390057338135,25.996483410182414,42.796157667623866,,0.0,Neutral
2018-05-06,1212.0,1225.0,1212.0,1216.0,458.0,1215.0,1240.2,1176.85,63.82575757406523,32.11938227484325,27.22106318311458,41.036027531384775,,0.0,Neutral
2018-05-07,1193.0,1200.0,1181.0,1200.0,932.0,1215.2,1237.7,1184.85,60.795454543842546,29.031860732970472,27.58322269308576,42.78901728248744,,0.0,Neutral
2018-05-08,1205.0,1249.0,1157.0,1249.0,1183.0,1227.0,1230.0,1191.85,60.19230769068713,30.190846867024902,28.104747527873588,30.214051183015563,,0.0,Neutral
2018-05-09,1249.0,1249.0,1215.0,1215.0,641.0,1223.2,1222.4,1197.55,48.28326180112454,28.042578489238167,28.092313720146503,21.453826387561893,,0.0,Neutral
2018-05-10,1215.0,1215.0,1193.0,1215.0,869.0,1219.0,1218.9,1204.3,52.204176332411,26.039888694798492,27.681828715076904,19.18593234640875,,0.0,Neutral
2018-05-14,1194.0,1205.0,1158.0,1158.0,1466.0,1207.4,1211.2,1208.25,42.70152505316379,19.627070323715543,26.07087703680463,26.18226711176995,,0.0,Neutral
2018-05-15,1142.0,1187.0,1142.0,1187.0,176.0,1204.8,1210.0,1214.1,32.04134366809153,16.69250242245448,24.195202113934602,27.063710840263592,,0.0,Neutral
2018-05-16,1164.0,1230.0,1164.0,1230.0,169.0,1201.0,1214.0,1221.3,42.278481011159755,17.63331101921608,22.8828238949909,26.733250207702604,2018-05-16,0.8216570615768433,Strongly Positive
2018-05-17,1206.0,1243.0,1200.0,1205.0,1231.0,1199.0,1211.1,1224.4,44.06332453663091,16.175160364038447,21.54129118880041,25.881997175232367,,0.0,Neutral
2018-05-20,1186.0,1220.0,1186.0,1214.0,716.0,1198.8,1208.9,1223.55,47.184986593403245,15.566351043155237,20.346303159671375,24.424259342821387,,0.0,Neutral
2018-05-21,1210.0,1230.0,1200.0,1230.0,1092.0,1213.2,1210.3,1225.25,54.390934842035485,16.188322645959943,19.51470705692909,25.263280335979527,,0.0,Neutral
2018-05-22,1215.0,1233.0,1191.0,1224.0,2455.0,1220.6,1212.7,1225.2,54.85714285494856,16.012507546779034,18.814267154899078,25.31600284407002,,0.0,Neutral
2018-05-23,1200.0,1229.0,1195.0,1229.0,864.0,1220.4,1210.7,1220.35,49.19614147688506,16.091142354579915,18.269642194835246,22.7940050598315,,0.0,Neutral
2018-05-24,1230.0,1244.0,1172.0,1172.0,1466.0,1213.8,1206.4,1214.4,41.25683059951477,11.422367433573982,16.900187242582994,25.7561211710678,,0.0,Neutral
2018-05-27,1165.0,1175.0,1125.0,1154.0,1581.0,1201.8,1200.3,1209.6,41.483516481920965,6.198428479126733,14.759835489891744,30.31336338978136,,0.0,Neutral
2018-05-28,1175.0,1220.0,1159.0,1220.0,628.0,1199.8,1206.5,1208.85,52.41545893542557,7.299918717333412,13.267852135380078,26.8421310629568,,0.0,Neutral
2018-05-29,1244.0,1244.0,1185.0,1185.0,857.0,1192.0,1206.3,1208.15,41.99999999853,5.287696895787803,11.671821087461623,27.01049178870345,,0.0,Neutral
2018-05-30,1208.0,1208.0,1180.0,1180.0,440.0,1182.2,1201.3,1207.65,45.283018866215734,3.25205077468172,9.987867024905643,26.76253600341852,,0.0,Neutral
2018-05-31,1180.0,1203.0,1180.0,1200.0,142.0,1187.8,1200.8,1205.95,48.08184143050346,3.215552522821781,8.633404124488871,26.73241893699783,,0.0,Neutral
2018-06-03,1178.0,1178.0,1155.0,1165.0,1256.0,1190.0,1195.9,1202.4,50.948509483161835,0.3582897611329372,6.978381251817685,28.47786664920351,,0.0,Neutral
2018-06-04,1150.0,1175.0,1086.0,1122.0,2491.0,1170.4,1185.1,1197.7,41.514360311798434,-5.314588924077725,4.519787216638603,34.04392587363857,,0.0,Neutral
2018-06-06,1144.0,1189.0,1144.0,1145.0,655.0,1162.4,1177.2,1194.95,38.29201101780692,-7.863829045834564,2.04306396414397,33.16892789613003,,0.0,Neutral
2018-06-07,1160.0,1160.0,1120.0,1120.0,932.0,1150.4,1166.3,1188.5,38.29201101780692,-11.765782656375222,-0.7187053599598685,32.149131662729864,,0.0,Neutral
2018-06-10,1120.0,1120.0,1060.0,1060.0,793.0,1122.4,1155.1,1180.75,31.400966182513002,-19.475110611569562,-4.469986410281807,46.32601860726701,,0.0,Neutral
2018-06-11,1065.0,1101.0,1025.0,1050.0,1192.0,1099.4,1144.7,1172.5,27.941176469629468,-26.090964586589962,-8.794182045543439,57.03614838173284,,0.0,Neutral
2018-06-12,1049.0,1091.0,1020.0,1091.0,683.0,1093.2,1131.8,1169.15,34.98871331717868,-27.70633776261343,-12.576613188957438,52.52258773349819,,0.0,Neutral
2018-06-13,1100.0,1100.0,1075.0,1096.0,85.0,1083.4,1122.9,1164.6,34.98871331717868,-28.257341387559336,-15.712758828677819,49.98544232519317,,0.0,Neutral
2018-06-14,1096.0,1106.0,1085.0,1085.0,463.0,1076.4,1113.4,1157.35,39.04282115731335,-29.244511277330957,-18.41910931840845,46.85722996508373,,0.0,Neutral
2018-06-17,1065.0,1099.0,1064.0,1070.0,898.0,1078.4,1100.4,1150.6,39.340101521444765,-30.88124539293767,-20.911536533314294,37.199761050616004,,0.0,Neutral
2018-06-18,1070.0,1080.0,1050.0,1080.0,334.0,1084.4,1091.9,1143.9,29.28994082718917,-31.01394311436252,-22.93201784952394,29.76743186774232,,0.0,Neutral
2018-06-19,1061.0,1080.0,1061.0,1070.0,370.0,1080.2,1086.7,1135.9,31.629392969831272,-31.562194114175554,-24.658053102454264,28.437260377512523,,0.0,Neutral
2018-06-20,1050.0,1050.0,1050.0,1050.0,70.0,1071.0,1077.2,1127.2,30.182926827979998,-33.2274939674287,-26.371941275449153,21.918029108490536,,0.0,Neutral
2018-06-21,1070.0,1070.0,1040.0,1050.0,294.0,1064.0,1070.2,1118.25,25.649350648184765,-34.153555174764506,-27.928264055312226,17.453430099061908,,0.0,Neutral
2018-06-24,1065.0,1070.0,1045.0,1046.0,241.0,1059.2,1068.8,1111.95,28.519855594226428,-34.80897571983087,-29.304406388215956,18.86678445194543,,0.0,Neutral
2018-06-25,1050.0,1050.0,1041.0,1050.0,191.0,1053.2,1068.8,1106.75,34.87394957778052,-34.60671004180813,-30.36486711893439,18.86678445194543,,0.0,Neutral
2018-06-26,1035.0,1039.0,1020.0,1030.0,393.0,1045.2,1062.7,1097.25,25.53191489209597,-35.649302914675445,-31.421754278082602,20.666935482137198,,0.0,Neutral
2018-06-27,1012.0,1066.0,1012.0,1012.0,348.0,1037.6,1054.3,1088.6,26.31578947206833,-37.49578675621342,-32.636560773708766,22.608012345688476,,0.0,Neutral
2018-06-28,1015.0,1041.0,1015.0,1041.0,283.0,1035.8,1049.9,1081.65,45.177664971408696,-36.20176940407123,-33.34960249978126,20.113290244139943,,0.0,Neutral
2018-07-01,1022.0,1030.0,1018.0,1018.0,377.0,1030.2,1044.7,1072.55,42.380952378126985,-36.61014020334369,-34.00171004049375,21.039909167540088,,0.0,Neutral
2018-07-02,1002.0,1055.0,1002.0,1054.0,167.0,1031.0,1042.1,1067.0,40.975609753299224,-33.641084388490526,-33.929584910093105,17.50206337043656,,0.0,Neutral
2018-07-03,1033.0,1035.0,1010.0,1010.0,558.0,1027.0,1036.1,1061.4,32.37704917847017,-34.44149838667113,-34.03196760540871,17.15582181717817,,0.0,Neutral
2018-07-04,1020.0,1040.0,1020.0,1025.0,260.0,1029.6,1033.6,1055.4,37.903225804311916,-33.47952646630938,-33.921479377588845,16.721243972878934,,0.0,Neutral
2018-07-05,1025.0,1107.0,1025.0,1100.0,1166.0,1041.4,1038.6,1054.4,54.870129867635775,-26.361405714273133,-32.409464644925706,26.679996668342575,,0.0,Neutral
2018-07-08,1101.0,1122.0,1088.0,1095.0,1246.0,1056.8,1043.5,1056.15,52.47524752232788,-20.88297600012197,-30.10416691596496,32.13253802612791,,0.0,Neutral
2018-07-09,1095.0,1105.0,1074.0,1099.0,262.0,1065.8,1048.4,1058.6,54.88215487956785,-16.033688036041895,-27.29007113998035,36.652118325935035,,0.0,Neutral
2018-07-10,1100.0,1100.0,1081.0,1084.0,540.0,1080.6,1053.8,1058.25,55.82191780554278,-13.248249454087045,-24.48170680280169,37.60555514519569,,0.0,Neutral
2018-07-11,1105.0,1136.0,1095.0,1095.0,1954.0,1094.6,1062.1,1058.2,57.42574257160409,-10.037455699517523,-21.592856582144858,36.49794514764624,,0.0,Neutral
2018-07-12,1080.0,1097.0,1075.0,1075.0,243.0,1089.6,1065.5,1057.7,54.54545454306071,-9.002931182979864,-19.074871502311858,35.89258666881475,,0.0,Neutral
2018-07-15,1075.0,1075.0,1052.0,1073.0,262.0,1085.2,1071.0,1057.85,53.62776024999751,-8.249352930046143,-16.909767787858716,31.78399317617021,,0.0,Neutral
2018-07-16,1070.0,1091.0,1070.0,1080.0,136.0,1081.4,1073.6,1057.85,58.22368420784497,-7.006528339513579,-14.92911989818969,31.298562267308984,,0.0,Neutral
2018-07-17,1065.0,1097.0,1059.0,1076.0,550.0,1079.8,1080.2,1058.15,61.0344827556742,-6.272047212007692,-13.197705360953291,21.963606261282145,,0.0,Neutral
2018-07-18,1075.0,1075.0,1070.0,1070.0,76.0,1074.8,1084.7,1059.15,55.430711607580406,-6.10375519231502,-11.778915327225636,11.52822622959148,,0.0,Neutral
2018-07-19,1050.0,1056.0,1050.0,1056.0,207.0,1071.0,1080.3,1059.45,57.364341082158525,-7.0191531234124795,-10.826962886463004,13.300375934560392,,0.0,Neutral
2018-07-22,1055.0,1055.0,1035.0,1035.0,566.0,1063.4,1074.3,1058.9,46.090534976768446,-9.331568560900223,-10.527884021350449,18.46347746229359,,0.0,Neutral
2018-07-23,1035.0,1060.0,1035.0,1060.0,208.0,1059.4,1070.4,1059.4,61.160714281891735,-9.042645401542813,-10.230836297388922,16.701297354814994,,0.0,Neutral
2018-07-24,1081.0,1081.0,1045.0,1055.0,152.0,1055.2,1067.5,1060.65,57.00934579066294,-9.112091411715028,-10.007087320254143,16.594845250543933,,0.0,Neutral
2018-07-25,1076.0,1098.0,1065.0,1065.0,1059.0,1054.2,1064.5,1063.3,38.25503355345255,-8.264938383653998,-9.658657532934114,13.492796432028502,2018-07-25,-0.5451856255531311,Negative
2018-07-26,1065.0,1065.0,1045.0,1045.0,327.0,1052.0,1061.5,1063.5,34.75609755800862,-9.1024687647041,-9.547419779288113,14.214624706834687,,0.0,Neutral
2018-07-29,1040.0,1065.0,1038.0,1065.0,410.0,1058.0,1060.7,1065.85,40.55555555240124,-8.059480102966063,-9.249831844023703,13.711714375369297,,0.0,Neutral
2018-07-30,1066.0,1070.0,1050.0,1050.0,77.0,1056.0,1057.7,1065.65,40.55555555240124,-8.347059013536409,-9.069277277926245,12.22065646538828,,0.0,Neutral
2018-07-31,1049.0,1065.0,1035.0,1035.0,280.0,1052.0,1053.6,1066.9,33.69565217134925,-9.673828142746515,-9.1901874508903,12.276445377701743,,0.0,Neutral
2018-08-01,1035.0,1046.0,1035.0,1046.0,568.0,1048.2,1051.2,1067.95,41.714285710948566,-9.725583692495093,-9.297266699211258,10.992927018998284,,0.0,Neutral
2018-08-02,1050.0,1050.0,1031.0,1032.0,147.0,1045.6,1048.8,1064.55,39.037433152157625,-10.772109166600103,-9.592235192689028,12.363027317166951,,0.0,Neutral
2018-08-05,1032.0,1032.0,1005.0,1032.0,386.0,1039.0,1048.5,1061.4,36.66666666381482,-11.469277453530367,-9.967643644857295,12.764969425933446,,0.0,Neutral
2018-08-06,1030.0,1039.0,1020.0,1020.0,132.0,1033.0,1044.5,1057.45,35.10638297610909,-12.8420528640479,-10.542525488695418,14.85672313206326,,0.0,Neutral
2018-08-07,1020.0,1034.0,1020.0,1021.0,297.0,1030.2,1041.1,1054.3,36.61202185512257,-13.691468893780439,-11.172314169712422,16.030872992118745,,0.0,Neutral
2018-08-08,1022.0,1024.0,1010.0,1017.0,272.0,1024.4,1036.3,1050.4,38.72832369628788,-14.52002596671855,-11.841856529113649,15.246493221593573,,0.0,Neutral
2018-08-09,1020.0,1035.0,1001.0,1010.0,429.0,1020.0,1032.8,1047.15,42.13836477616392,-15.562114545610712,-12.585908132413063,16.949598487557896,,0.0,Neutral
2018-08-12,1000.0,1000.0,995.0,1000.0,616.0,1013.6,1026.3,1043.5,29.166666663831023,-16.998940474422398,-13.468514600814931,15.642179444639442,,0.0,Neutral
2018-08-13,990.0,1000.0,990.0,1000.0,69.0,1009.6,1021.3,1039.5,30.215827335086175,-17.930938675349807,-14.360999415721906,15.210011322972667,,0.0,Neutral
2018-08-14,1020.0,1020.0,995.0,1000.0,634.0,1005.4,1017.8,1035.7,24.80620154769545,-18.45679551453395,-15.180158635484316,15.725421739635273,2018-08-14,0.6938690543174744,Strongly Positive
2018-08-15,1020.0,1040.0,1005.0,1040.0,1336.0,1010.0,1017.2,1034.2,48.32214764646638,-15.46757457070919,-15.237641822529293,14.604413336022521,,0.0,Neutral
2018-08-16,1040.0,1041.0,1020.0,1030.0,956.0,1014.0,1017.0,1032.9,37.41007193867812,-13.747044491408246,-14.939522356305083,14.39135542996608,,0.0,Neutral
2018-08-19,1030.0,1030.0,1010.0,1010.0,292.0,1016.0,1014.8,1031.65,36.11111110760031,-13.837830959290386,-14.719184076902145,13.497324837843847,,0.0,Neutral
2018-08-20,1001.0,1010.0,1000.0,1000.0,412.0,1016.0,1012.8,1028.65,37.41007193867812,-14.548984676755936,-14.685144196872903,14.109098719165642,,0.0,Neutral
2018-08-21,990.0,990.0,985.0,985.0,247.0,1013.0,1009.2,1025.15,28.671328668521696,-16.136937194123448,-14.975502796323013,16.219330031390175,,0.0,Neutral
2018-08-22,982.0,982.0,981.0,981.0,161.0,1001.2,1005.6,1020.95,30.82706766592797,-17.516251135717766,-15.483652464201965,18.173240400851718,,0.0,Neutral
2018-08-23,980.0,1010.0,980.0,1010.0,556.0,997.2,1005.6,1019.2,43.209876539475694,-16.083904495818956,-15.603702870525364,18.173240400851718,,0.0,Neutral
2018-08-26,1000.0,1000.0,992.0,994.0,134.0,994.0,1005.0,1015.65,42.168674695238785,-16.054756507341835,-15.69391359788866,18.47520861408105,,0.0,Neutral
2018-08-28,993.0,1000.0,993.0,1000.0,124.0,994.0,1005.0,1013.15,43.859649119216165,-15.370327097482686,-15.629196297807466,18.47520861408105,,0.0,Neutral
2018-08-29,990.0,1005.0,990.0,1000.0,269.0,997.0,1005.0,1011.4,44.91017963695364,-14.658932806596113,-15.435143599565196,18.47520861408105,,0.0,Neutral
2018-08-30,1000.0,1017.0,995.0,1010.0,703.0,1002.8,1002.0,1009.6,49.99999999588235,-13.136798444145484,-14.975474568481255,14.071247279487197,,0.0,Neutral
2018-09-02,1000.0,1015.0,986.0,1015.0,389.0,1003.8,1000.5,1008.75,54.54545454082644,-11.395675528332049,-14.259514760451413,11.276819882712497,,0.0,Neutral
2018-09-03,1035.0,1050.0,1020.0,1020.0,604.0,1009.0,1001.5,1008.15,55.88235293657439,-9.502822240690989,-13.30817625649933,12.580849644529291,,0.0,Neutral
2018-09-04,1015.0,1035.0,1010.0,1035.0,558.0,1016.0,1005.0,1008.9,59.45945945495983,-6.714942061021134,-11.989529417403691,16.40460639916704,,0.0,Neutral
2018-09-05,1035.0,1072.0,1035.0,1072.0,667.0,1030.4,1013.7,1011.45,58.7912087866864,-1.5026149451998663,-9.892146522962927,25.28526140748678,,0.0,Neutral
2018-09-06,1093.0,1116.0,1080.0,1100.0,3358.0,1048.4,1025.6,1015.6,67.499999995275,4.831859176257694,-6.947345383118803,34.50668212262123,,0.0,Neutral
2018-09-09,1080.0,1105.0,1065.0,1105.0,2758.0,1066.4,1035.1,1020.35,75.67567566994887,10.138562728097668,-3.530163760875509,41.99854494834683,,0.0,Neutral
2018-09-10,1110.0,1192.0,1093.0,1192.0,5397.0,1100.8,1054.9,1029.95,86.64122136941612,21.120868214831717,1.4000426342659362,62.256548071494805,,0.0,Neutral
2018-09-11,1203.0,1250.0,1150.0,1169.0,7268.0,1127.6,1071.8,1038.4,84.07407406971468,27.649787120793235,6.649991531571397,68.33869897633679,,0.0,Neutral
2018-09-12,1146.0,1160.0,1138.0,1159.0,268.0,1145.0,1087.7,1046.35,82.24637680742228,31.65221888904466,11.65043700306605,68.27403931543137,,0.0,Neutral
2018-09-13,1140.0,1180.0,1140.0,1174.0,3414.0,1159.8,1104.1,1053.05,81.29770991931997,35.6238994038963,16.4451294832321,67.22507799260457,,0.0,Neutral
2018-09-16,1170.0,1200.0,1167.0,1175.0,2439.0,1173.8,1120.1,1060.3,86.63967610844958,38.40941662318028,20.837986911221737,62.53967629522721,,0.0,Neutral
2018-09-17,1170.0,1199.0,1170.0,1190.0,1809.0,1173.4,1137.1,1069.3,87.10937499523621,41.35066895597333,24.94052332017206,54.951392662573056,,0.0,Neutral
2018-09-18,1167.0,1211.0,1167.0,1211.0,1433.0,1181.8,1154.7,1079.85,88.08664259482595,44.85904991236703,28.924228638611055,46.08699503235029,,0.0,Neutral
2018-09-20,1189.0,1250.0,1189.0,1244.0,6406.0,1198.8,1171.9,1092.8,88.99999999584666,49.72904581937223,33.08519207476329,43.83415715323078,,0.0,Neutral
2018-09-23,1250.0,1305.0,1233.0,1300.0,7569.0,1224.0,1191.9,1108.75,90.598290594677,57.445093372502924,37.957172334311224,52.20993945388764,,0.0,Neutral
2018-09-25,1326.0,1406.0,1326.0,1362.0,14224.0,1261.4,1217.6,1126.35,91.91176470272852,67.78165378167932,43.922068623784845,66.08950160368212,2018-09-25,0.8018684685230255,Strongly Positive
2018-09-26,1393.0,1408.0,1366.0,1390.0,11905.0,1301.4,1237.4,1146.15,92.161520186959,77.34127628138526,50.60591015530493,84.62755001902829,2018-09-26,0.9324092268943788,Strongly Positive
2018-09-27,1395.0,1399.0,1365.0,1365.0,4603.0,1332.2,1257.0,1164.4,85.8190709017079,81.95532494888857,56.87579311402166,89.57802309843174,,0.0,Neutral
2018-09-30,1366.0,1370.0,1330.0,1332.0,3178.0,1349.8,1274.3,1181.0,78.01932366885924,82.00387789409592,61.90141007003652,85.14438717066236,,0.0,Neutral
2018-10-01,1332.0,1348.0,1280.0,1300.0,4902.0,1349.8,1286.9,1195.5,72.1088435351258,78.5546942711776,65.23206691026473,77.64513292324045,,0.0,Neutral
2018-10-02,1300.0,1318.0,1295.0,1313.0,6518.0,1340.0,1300.7,1210.4,66.48501362144198,75.99416927577226,67.38448738336623,67.09371555270809,2018-10-02,0.254678338766098,Positive
2018-10-03,1127.0,1130.0,1084.0,1084.0,837.0,1278.8,1290.1,1213.6,42.582897032118396,54.854223261984316,64.87843455908985,90.73459465202723,,0.0,Neutral
2018-10-04,1080.0,1080.0,1026.0,1040.0,1358.0,1213.8,1273.0,1213.85,40.19769357403169,34.156496632811695,58.734046973834225,119.00700259508956,,0.0,Neutral
2018-10-07,1040.0,1050.0,1020.0,1050.0,311.0,1157.4,1253.6,1212.75,39.70099667681758,18.348802018698507,50.656997982807084,138.47920020309851,,0.0,Neutral
2018-10-08,1060.0,1060.0,1040.0,1060.0,293.0,1109.4,1229.6,1210.75,40.58919803507652,6.552473736772754,41.83609313360022,149.87268671183264,,0.0,Neutral
2018-10-09,1060.0,1060.0,1023.0,1039.0,148.0,1054.6,1197.3,1207.45,37.76337114987248,-4.4395495466367265,32.58096459755283,152.94229122268732,,0.0,Neutral
2018-10-10,1021.0,1039.0,1021.0,1036.0,160.0,1045.0,1161.9,1199.65,35.3923205333965,-13.240256682679274,23.41672034150641,144.096765327257,,0.0,Neutral
2018-10-11,1056.0,1070.0,1049.0,1068.0,86.0,1050.6,1132.2,1194.6,35.284280935628786,-17.43180493248292,15.247015286708544,127.2013277359105,,0.0,Neutral
2018-10-14,1070.0,1076.0,1055.0,1076.0,251.0,1055.8,1106.6,1190.45,29.636363635609257,-19.87895179563384,8.221821870240069,106.61790552143886,,0.0,Neutral
2018-10-15,1055.0,1080.0,1055.0,1080.0,94.0,1059.8,1084.6,1185.75,21.34146341402686,-21.25060302122938,2.327336891946179,82.17217696195783,,0.0,Neutral
2018-10-21,1059.0,1059.0,1055.0,1055.0,88.0,1063.0,1058.8,1179.75,15.746421267442841,-24.077388419958197,-2.9536081704346966,17.712519113156464,,0.0,Neutral
2018-10-22,1043.0,1060.0,1043.0,1060.0,24.0,1067.8,1056.4,1173.25,17.484008528262734,-25.6188597332648,-7.486658483000717,15.39263893339696,,0.0,Neutral
2018-10-23,1060.0,1070.0,1050.0,1069.0,166.0,1068.0,1059.3,1166.15,20.44943820160384,-25.816663642741332,-11.15265951494884,14.674619056215597,,0.0,Neutral
2018-10-24,1057.0,1060.0,1057.0,1060.0,162.0,1064.8,1060.3,1156.95,21.563981041938632,-26.395379940561952,-14.201203600071464,14.306564150011065,,0.0,Neutral
2018-10-25,1060.0,1070.0,1053.0,1054.0,487.0,1059.6,1059.7,1144.65,18.7951807222575,-27.02662057343514,-16.7662869947442,14.445683707543246,,0.0,Neutral
2018-10-28,1035.0,1055.0,1035.0,1055.0,201.0,1059.6,1061.3,1129.3,42.245989301650035,-27.13341456701437,-18.839712509198236,12.67587384673673,,0.0,Neutral
2018-10-29,1040.0,1050.0,1040.0,1042.0,626.0,1056.0,1061.9,1111.9,50.64102563648093,-27.94490941022309,-20.66075188940321,11.425604773711195,,0.0,Neutral
2018-10-30,1040.0,1055.0,1040.0,1055.0,134.0,1053.2,1060.6,1096.4,51.5723270394842,-27.225198425156123,-21.973641196553793,11.393955512587663,,0.0,Neutral
2018-10-31,1055.0,1060.0,1040.0,1040.0,536.0,1049.2,1057.0,1081.8,43.902439020642475,-27.547644822324173,-23.08844192170787,11.671427600033294,,0.0,Neutral
2018-11-01,1040.0,1052.0,1040.0,1041.0,84.0,1046.6,1053.1,1068.85,50.69444443951582,-27.406568411873877,-23.95206721974107,9.43339222599578,,0.0,Neutral
2018-11-04,1040.0,1055.0,1040.0,1041.0,284.0,1043.8,1051.7,1055.25,51.77304964024948,-26.98371289471902,-24.55839635473666,10.133004380654498,,0.0,Neutral
2018-11-05,1050.0,1050.0,1049.0,1050.0,183.0,1045.4,1050.7,1053.55,42.37288135090492,-25.6269604195154,-24.77210916769241,9.707385504548395,,0.0,Neutral
2018-11-11,1050.0,1050.0,1045.0,1045.0,70.0,1043.4,1048.3,1053.8,36.52173912598866,-24.67079297689702,-24.751845929533335,7.364328437400809,,0.0,Neutral
2018-11-12,1040.0,1050.0,1036.0,1037.0,196.0,1042.8,1046.0,1053.15,31.932773105486902,-24.278686940920807,-24.657214131810832,6.879922480224915,,0.0,Neutral
2018-11-13,1017.0,1037.0,1017.0,1030.0,393.0,1040.6,1043.6,1051.65,37.623762371022444,-24.25320572252417,-24.5764124499535,7.8909230554626415,,0.0,Neutral
2018-11-14,1020.0,1040.0,1020.0,1030.0,356.0,1038.4,1041.1,1051.2,34.37499999498698,-23.956851996173327,-24.45250035919747,7.8379419067694505,,0.0,Neutral
2018-11-15,1025.0,1030.0,990.0,990.0,320.0,1026.4,1035.9,1048.9,18.897637793192388,-26.642536660756832,-24.890507619509343,17.928561942718126,,0.0,Neutral
2018-11-18,991.0,998.0,990.0,998.0,262.0,1017.0,1030.2,1045.4,25.39682539400353,-27.804910267929017,-25.47338814919328,20.10969915241236,,0.0,Neutral
2018-11-19,1017.0,1040.0,998.0,1035.0,430.0,1016.6,1029.7,1043.35,43.94904458206824,-25.44716981465467,-25.46814448228556,19.900027917358415,,0.0,Neutral
2018-11-20,1015.0,1035.0,1015.0,1015.0,10.0,1013.6,1027.1,1040.1,38.636363633290294,-24.905382624030608,-25.355592110634568,19.95801147967275,,0.0,Neutral
2018-11-21,1010.0,1010.0,990.0,1000.0,86.0,1007.6,1023.0,1037.35,38.20224718800656,-25.39366465275475,-25.36320661905861,20.9708792800468,,0.0,Neutral
2018-11-22,990.0,1010.0,990.0,1010.0,445.0,1011.6,1019.0,1034.85,37.14285713988571,-24.68911450827659,-25.22838819690221,18.967808987289178,,0.0,Neutral
2018-11-25,990.0,993.0,990.0,990.0,464.0,1010.0,1013.5,1030.9,36.11111110830247,-25.45120069698146,-25.272950696918063,18.56071119328403,,0.0,Neutral
2018-11-26,975.0,976.0,972.0,972.0,884.0,997.4,1007.0,1026.5,32.48730964236131,-27.19413203346562,-25.657186964227577,20.677416559039514,,0.0,Neutral
2018-11-27,985.0,1004.0,985.0,1004.0,74.0,995.2,1004.4,1024.0,41.921397377349784,-25.697065336597348,-25.665162638701535,19.033304144765495,2018-11-27,0.8313140869140625,Strongly Positive
2018-11-28,999.0,999.0,984.0,984.0,278.0,992.0,999.8,1020.45,36.24999999788542,-25.826747379374638,-25.69747958683616,17.668553358389275,,0.0,Neutral
2018-11-29,975.0,980.0,965.0,965.0,200.0,983.0,997.3,1016.6,34.251968502049095,-27.14969772765471,-25.98792321499987,20.715265439349018,,0.0,Neutral
2018-12-02,970.0,970.0,915.0,915.0,630.0,968.0,989.0,1009.6,29.391891890501725,-31.865403012174284,-27.163419174434754,33.24321150417871,,0.0,Neutral
2018-12-03,897.0,930.0,886.0,910.0,1354.0,955.6,976.5,1003.1,29.591836733284737,-35.595765807599264,-28.84988850106766,37.28046852352793,,0.0,Neutral
2018-12-04,909.0,915.0,909.0,915.0,58.0,937.8,966.5,996.8,30.769230767790063,-37.71390456974018,-30.622691714802166,39.16985802601512,,0.0,Neutral
2018-12-05,897.0,897.0,880.0,886.0,154.0,918.2,955.1,989.05,31.94444444289158,-41.257017223044386,-32.749556816450614,44.55570795208502,,0.0,Neutral
2018-12-06,878.0,900.0,876.0,890.0,612.0,903.2,943.1,981.05,30.985915491430276,-43.24370642750739,-34.84838673866197,44.28556323579354,,0.0,Neutral
2018-12-09,886.0,903.0,886.0,901.0,58.0,900.4,934.2,973.85,24.031007750633975,-43.42993065975031,-36.564695522879646,42.72860088200493,,0.0,Neutral
2018-12-10,905.0,920.0,905.0,920.0,102.0,902.4,929.0,968.0,31.517509725909548,-41.565235335613124,-37.56480348542634,40.73491540845105,,0.0,Neutral
2018-12-11,920.0,945.0,905.0,945.0,258.0,908.4,923.1,963.75,39.70037452975354,-37.63631181572657,-37.57910515148639,32.00156246185988,,0.0,Neutral
2018-12-12,940.0,940.0,930.0,930.0,235.0,917.2,917.7,958.75,35.29411764524221,-35.32577274099242,-37.1284386693876,24.184705910974195,2018-12-12,0.8147884011268616,Strongly Positive
2018-12-13,921.0,935.0,921.0,935.0,324.0,926.2,914.7,956.0,39.2996108928008,-32.71408802157396,-36.24556853982487,18.962243186579272,,0.0,Neutral
2018-12-16,953.0,990.0,935.0,990.0,238.0,944.0,922.2,955.6,53.06122448726919,-25.907621782467572,-34.17797918835342,30.447769485907905,,0.0,Neutral
2018-12-17,990.0,995.0,1000.0,1020.0,148.0,964.0,933.2,954.85,52.73972602486864,-17.886514366843244,-30.919686224051386,42.88174954971847,,0.0,Neutral
2018-12-18,1035.0,1035.0,980.0,999.0,518.0,974.8,941.6,954.05,52.55972695994595,-13.073549703697608,-27.350458919980632,46.95435135438952,,0.0,Neutral
2018-12-19,1000.0,1005.0,982.0,1000.0,320.0,988.8,953.0,954.05,56.36363636076695,-9.073950042216666,-23.69515714442784,45.77966554899836,,0.0,Neutral
2018-12-20,1000.0,1020.0,1000.0,1020.0,258.0,1005.8,966.0,954.55,71.4285714244898,-4.241512130318938,-19.80442814160606,44.33709257245192,,0.0,Neutral
2018-12-23,1040.0,1065.0,1020.0,1065.0,380.0,1020.8,982.4,958.3,77.19298245234842,3.182665859120334,-15.207009341460783,47.81724468106993,,0.0,Neutral
2018-12-24,1086.0,1086.0,1029.0,1045.0,429.0,1025.8,994.9,961.95,71.66666666332222,7.367618234218071,-10.692083826325014,45.99625588627839,,0.0,Neutral
2018-12-25,1030.0,1035.0,1010.0,1035.0,279.0,1033.0,1003.9,963.5,76.51245551220222,9.764744816027246,-6.600718097854562,43.90507437137552,,0.0,Neutral
2018-12-26,1040.0,1076.0,1040.0,1040.0,278.0,1041.0,1014.9,966.3,76.59574467704843,11.930416698458544,-2.894491138591942,36.48576586987851,,0.0,Neutral
2018-12-27,1055.0,1060.0,1040.0,1045.0,1008.0,1046.0,1025.9,970.3,76.08695651787964,13.890069407503574,0.4624209706271616,24.250773183560565,2018-12-27,0.9189020991325378,Strongly Positive
2018-12-30,1045.0,1070.0,1038.0,1050.0,707.0,1043.0,1031.9,977.05,74.80916030134608,15.665978858664175,3.5031325482345643,21.666410254904807,,0.0,Neutral
2018-12-31,1035.0,1044.0,1032.0,1044.0,414.0,1042.8,1034.3,983.75,70.37037036631611,16.400198755058796,6.082545789599411,21.530598381540212,,0.0,Neutral
2019-01-01,1050.0,1055.0,1040.0,1055.0,1022.0,1046.8,1039.9,990.75,76.15062761060206,17.666038289213475,8.399244289522224,18.381452004080206,,0.0,Neutral
2019-01-02,1055.0,1055.0,1045.0,1045.0,236.0,1047.8,1044.4,998.7,72.54098360239519,17.65874973860275,10.25114537933833,11.89023876035771,,0.0,Neutral
2019-01-03,1058.0,1059.0,1038.0,1048.0,541.0,1048.4,1047.2,1006.6,65.10416666191949,17.691116261758452,11.739139555822355,8.243515970512568,,0.0,Neutral
2019-01-06,1035.0,1069.0,1035.0,1069.0,613.0,1052.2,1047.6,1015.0,63.38797813722715,19.19008016153282,13.229327676964449,9.240009620033872,,0.0,Neutral
2019-01-07,1048.0,1048.0,1031.0,1033.0,178.0,1050.0,1046.4,1020.65,58.58585858171615,17.273996833304523,14.038261508232463,10.330107023242773,,0.0,Neutral
2019-01-08,1040.0,1059.0,1040.0,1059.0,464.0,1050.8,1048.8,1026.35,63.228699547599994,17.650011355822926,14.760611477750556,10.174041041378482,,0.0,Neutral
2019-01-09,1052.0,1065.0,1050.0,1065.0,570.0,1054.8,1051.3,1033.1,60.765550235164035,18.222102376533257,15.452909657507098,10.82230207593417,2019-01-09,0.8632208108901978,Strongly Positive
2019-01-10,1044.0,1071.0,1037.0,1071.0,322.0,1059.4,1053.9,1039.9,51.76470587808997,18.94129502949386,16.15058673190445,12.178761111983997,,0.0,Neutral
2019-01-13,1055.0,1062.0,1055.0,1055.0,136.0,1056.6,1054.4,1043.15,53.0120481883002,18.012556566377498,16.52298069879906,12.103259432460387,,0.0,Neutral
2019-01-14,1060.0,1071.0,1058.0,1071.0,859.0,1064.2,1057.1,1045.7,60.46511627414819,18.35599444779473,16.889583448598195,12.52952069671645,,0.0,Neutral
2019-01-15,1060.0,1140.0,1060.0,1140.0,834.0,1080.4,1065.6,1052.75,71.18644067374318,23.920158093374766,18.29569837755351,28.979686372057117,,0.0,Neutral
2019-01-16,1140.0,1140.0,1096.0,1097.0,1745.0,1086.8,1070.8,1057.6,59.489051091850925,24.57675174055703,19.551909050154215,29.532656124675906,,0.0,Neutral
2019-01-17,1090.0,1116.0,1085.0,1116.0,130.0,1095.8,1077.6,1062.4,61.45833333034578,26.326769535465473,20.906881147216467,31.46497170577204,,0.0,Neutral
2019-01-20,1110.0,1160.0,1110.0,1160.0,236.0,1116.8,1086.7,1067.15,67.7914110400335,30.907817442753412,22.90706840632386,40.54914713448284,,0.0,Neutral
2019-01-21,1137.0,1137.0,1093.0,1110.0,513.0,1124.6,1094.4,1070.4,57.53424657313567,30.156127712648413,24.35688026758877,36.30794219819241,,0.0,Neutral
2019-01-22,1089.0,1130.0,1088.0,1130.0,1086.0,1122.6,1101.5,1075.15,61.333333331043555,30.818979032792413,25.6493000206295,35.55043365887339,2019-01-22,0.8501448631286621,Strongly Positive
2019-01-23,1125.0,1129.0,1108.0,1120.0,1033.0,1127.2,1107.0,1079.15,59.42408376745566,30.189372756178273,26.557314567739255,33.46972097617271,,0.0,Neutral
2019-01-24,1125.0,1134.0,1100.0,1134.0,745.0,1130.8,1113.3,1083.6,58.66666666447644,30.468862166168037,27.339624087425012,31.829580930682464,,0.0,Neutral
2019-01-27,1117.0,1139.0,1117.0,1136.0,2049.0,1126.0,1121.4,1087.9,65.10263929351484,30.500156009708007,27.97173047188161,24.89622907636573,2019-01-27,-0.5698280334472656,Negative
2019-01-28,1158.0,1175.0,1135.0,1175.0,5899.0,1139.0,1131.8,1094.45,66.38418078833509,33.28820496393769,29.03502537029283,23.165107861240294,2019-01-28,0.7795566916465759,Strongly Positive
2019-01-29,1178.0,1198.0,1130.0,1150.0,5508.0,1143.0,1132.8,1099.2,61.39410187437126,33.09891904529786,29.847804105293836,23.76645628706814,2019-01-29,0.8376240730285645,Strongly Positive
2019-01-30,1155.0,1158.0,1145.0,1153.0,2767.0,1149.6,1138.4,1104.6,61.0810810787699,32.812738692570974,30.440791022749263,20.807050087266553,,0.0,Neutral
2019-01-31,1153.0,1159.0,1145.0,1145.0,2072.0,1151.8,1141.3,1109.45,62.43093922410488,31.576412334251245,30.66791528504966,19.30486409634807,,0.0,Neutral
2019-02-03,1147.0,1148.0,1133.0,1135.0,2885.0,1151.6,1138.8,1112.75,58.98876404262404,29.45021461950796,30.424375151941323,18.20134305180736,,0.0,Neutral
2019-02-04,1125.0,1150.0,1118.0,1123.0,1103.0,1141.2,1140.1,1117.25,47.157190633243474,26.491510260441146,29.637802173641287,16.27847931747859,,0.0,Neutral
2019-02-05,1110.0,1128.0,1110.0,1118.0,2121.0,1134.8,1138.9,1120.2,54.02298850284934,23.472679092962153,28.40477755750546,17.502063370440332,,0.0,Neutral
2019-02-06,1118.0,1140.0,1090.0,1092.0,10410.0,1122.6,1136.1,1121.55,45.522388057323454,18.765928986327935,26.47700784326996,22.4125460896995,2019-02-06,0.8943043351173401,Strongly Positive
2019-02-07,585.0,620.0,585.0,620.0,4245.0,1017.6,1084.7,1099.0,11.206896551498716,-22.787974134098476,16.624011447796274,164.80833986449076,,0.0,Neutral
2019-02-10,620.0,644.0,613.0,620.0,2882.0,914.6,1033.1,1077.25,12.074303405311085,-55.0847589249272,2.2822573732515785,218.87208339322177,2019-02-10,0.8660281896591187,Strongly Positive
2019-02-11,624.0,624.0,616.0,620.0,1176.0,814.0,977.6,1054.7,9.265175718642624,-79.76076115221565,-14.126346331841868,247.39945207879776,,0.0,Neutral
2019-02-12,620.0,620.0,611.0,611.0,296.0,712.6,923.7,1028.25,9.279999999792139,-98.90280550519412,-31.08163816651232,263.8349863077306,2019-02-12,0.8319199085235596,Strongly Positive
2019-02-13,600.0,612.0,591.0,591.0,952.0,612.4,867.5,1002.95,6.973058636929267,-114.36847779877905,-47.73900609296567,269.36272529393915,,0.0,Neutral
2019-02-14,595.0,600.0,591.0,600.0,403.0,608.4,813.0,977.15,7.993730407348096,-124.46416432168724,-63.08403773870999,262.0122982694605,,0.0,Neutral
2019-02-17,600.0,610.0,600.0,603.0,597.0,605.0,759.8,949.3,2.4916943521015327,-130.71617895562736,-76.61046598209347,242.66291205886634,,0.0,Neutral
2019-02-18,591.0,600.0,591.0,598.0,678.0,600.6,707.3,923.7,2.577319587566876,-134.52369835309457,-88.1931124562937,209.93917108428266,,0.0,Neutral
2019-02-19,591.0,612.0,591.0,601.0,892.0,598.6,655.6,897.25,2.577319587566876,-135.73444775734276,-97.70137951650352,153.68307938380522,,0.0,Neutral
2019-02-20,600.0,609.0,600.0,603.0,569.0,601.0,606.7,871.4,2.9513888888171493,-134.97666512241085,-105.156436637685,10.414199707878794,,0.0,Neutral
2019-02-21,600.0,610.0,600.0,606.0,476.0,602.2,605.3,845.0,3.5149384884899746,-132.6054489255563,-110.64623909525926,9.310090105783257,,0.0,Neutral
2019-02-24,601.0,601.0,590.0,590.0,280.0,599.6,602.3,817.7,3.490401396075285,-130.5128385271596,-114.61955898163934,8.870049480008541,,0.0,Neutral
2019-02-25,590.0,600.0,581.0,600.0,627.0,600.0,600.3,788.95,5.190311418559389,-126.58828236286422,-117.01330365788434,6.3254336698072295,,0.0,Neutral
2019-02-26,600.0,600.0,593.0,593.0,416.0,598.4,598.5,761.1,5.366726296824439,-122.62929069724385,-118.13650106575625,5.441609239106465,2019-02-26,0.7570230960845947,Strongly Positive
2019-02-27,591.0,591.0,587.0,587.0,367.0,595.2,598.1,732.8,32.25806451127298,-118.60866428460986,-118.23093370952698,6.154492487426972,,0.0,Neutral
2019-03-03,591.0,596.0,579.0,579.0,964.0,589.8,596.0,704.5,29.702970292912454,-114.74511180423156,-117.5337693284679,8.55050355892129,2019-03-03,0.8833798766136169,Strongly Positive
2019-03-05,579.0,592.0,579.0,582.0,647.0,588.2,593.9,676.85,31.730769226497785,-110.17115915659349,-116.06124729409302,9.194805296712723,,0.0,Neutral
2019-03-06,590.0,590.0,580.0,580.0,469.0,584.2,592.1,649.7,34.02061855179085,-105.49161039668786,-113.947319914612,10.0271852702767,,0.0,Neutral
2019-03-07,583.0,605.0,583.0,605.0,1558.0,586.6,592.5,624.05,56.86274509023452,-98.62881167714147,-110.8836182671179,10.49073665457129,,0.0,Neutral
2019-03-10,605.0,610.0,593.0,610.0,190.0,591.2,593.2,599.95,55.10204080845481,-91.72913961280017,-107.05272253625435,11.458136361943858,,0.0,Neutral
2019-03-11,610.0,622.0,601.0,604.0,760.0,596.2,593.0,599.15,50.49504949795117,-85.75669979472309,-102.7935179879481,11.22497216032231,,0.0,Neutral
2019-03-12,601.0,608.0,600.0,602.0,774.0,600.2,594.2,598.25,52.0408163190962,-80.25969766039225,-98.28675392243694,11.506519890914571,,0.0,Neutral
2019-03-13,590.0,601.0,590.0,595.0,597.0,603.2,593.7,597.0,47.058823522952714,-75.59669373565566,-93.7487418850807,11.333823518811624,,0.0,Neutral
2019-03-14,603.0,603.0,595.0,595.0,47.0,601.2,593.9,596.2,45.999999993559996,-71.08184229905964,-89.2153619678765,11.337744239682632,,0.0,Neutral
2019-03-17,586.0,595.0,586.0,591.0,520.0,597.4,594.3,596.2,42.57425741984119,-67.05360436669469,-84.78301044764015,11.136027618101709,,0.0,Neutral
2019-03-18,590.0,597.0,590.0,590.0,166.0,594.6,595.4,595.7,49.99999999186046,-63.21320593687369,-80.46904954548685,9.935346552140283,,0.0,Neutral
2019-03-19,585.0,587.0,585.0,587.0,133.0,591.6,595.9,594.9,41.77215189133152,-59.72328459229175,-76.31989655484783,9.290975310603171,,0.0,Neutral
2019-03-21,581.0,581.0,570.0,575.0,325.0,587.6,595.4,593.75,39.28571427916667,-57.2656734580205,-72.50905193548238,10.319345371141695,,0.0,Neutral
2019-03-24,565.0,575.0,565.0,575.0,382.0,583.6,592.4,592.45,42.30769230009862,-54.68759438179063,-68.94476042474403,11.510381787277908,,0.0,Neutral
2019-03-25,564.0,579.0,557.0,579.0,294.0,581.2,589.3,591.25,49.99999999054054,-51.7254230897953,-65.50089295775429,10.360716405946532,,0.0,Neutral
2019-03-26,568.0,570.0,558.0,570.0,551.0,577.2,585.9,589.45,42.4999999925625,-49.533118822963615,-62.307338130796154,10.577229210798894,,0.0,Neutral
2019-03-27,570.0,570.0,559.0,564.0,144.0,572.6,582.1,588.15,40.47619046944445,-47.72965401193653,-59.39180130702424,10.969148655306645,,0.0,Neutral
2019-03-28,557.0,558.0,556.0,558.0,682.0,569.2,578.4,586.05,13.846153843171592,-46.251387803730836,-56.763718606365565,12.29453356396829,,0.0,Neutral
2019-03-31,554.0,563.0,554.0,563.0,444.0,566.8,575.2,584.55,13.846153843171592,-44.16726028671803,-54.244426942436064,11.640923980126887,,0.0,Neutral
2019-04-01,563.0,563.0,554.0,560.0,239.0,563.0,572.1,583.2,14.516129028980231,-42.27038248522115,-51.84961805099309,11.080012033686781,,0.0,Neutral
2019-04-02,559.0,559.0,554.0,555.0,828.0,560.0,568.6,582.0,13.846153843171592,-40.7013713018805,-49.61996870117058,10.297788327811784,,0.0,Neutral
2019-04-03,550.0,557.0,550.0,557.0,377.0,558.6,565.6,580.75,18.33333332905555,-38.84871158499686,-47.46571727793584,8.566082989193234,,0.0,Neutral
2019-04-04,550.0,551.0,544.0,550.0,680.0,557.0,563.1,579.25,16.417910444330587,-37.512881760259006,-45.475150174400476,9.14634110207573,,0.0,Neutral
2019-04-07,547.0,550.0,547.0,550.0,275.0,554.4,560.6,576.5,17.46031745643738,-36.03879421369504,-43.58787898225939,8.94675608499556,2019-04-07,0.9008079171180724,Strongly Positive
2019-04-08,550.0,567.0,550.0,562.0,305.0,554.8,558.9,574.1,31.08108107520087,-33.515918851416245,-41.57348695609076,6.279596590012092,,0.0,Neutral
2019-04-09,556.0,561.0,556.0,561.0,1181.0,556.0,558.0,571.95,31.94444443823302,-31.237131386936653,-39.50621584225994,5.033222956842897,,0.0,Neutral
2019-04-10,550.0,557.0,550.0,557.0,820.0,556.0,557.3,569.7,35.93749999213868,-29.414866206652732,-37.487945915138496,4.571651780260186,,0.0,Neutral
2019-04-11,564.0,564.0,553.0,559.0,1102.0,557.8,557.4,567.9,37.87878787075299,-27.49240925678191,-35.48883858346718,4.599516882838006,,0.0,Neutral
2019-04-15,554.0,591.0,554.0,591.0,416.0,566.0,560.2,567.7,56.382978715006786,-23.120200429882743,-33.01511095275029,11.593101396949839,,0.0,Neutral
2019-04-16,602.0,602.0,591.0,591.0,1124.0,571.8,563.3,567.7,62.35294116620069,-19.431202626131153,-30.298329287426466,15.13678374761914,,0.0,Neutral
2019-04-17,600.0,600.0,585.0,585.0,947.0,576.6,566.3,567.45,62.35294116620069,-16.79815645366341,-27.598294720673856,16.24157901464195,,0.0,Neutral
2019-04-18,574.0,596.0,574.0,594.0,899.0,584.0,570.0,567.8,70.45454544333677,-13.825847840434676,-24.843805344626023,18.006171781425277,,0.0,Neutral
2019-04-21,605.0,615.0,595.0,615.0,1805.0,595.2,576.5,569.8,74.99999998990384,-9.664342826190591,-21.807912840938936,21.397040293772292,,0.0,Neutral
2019-04-22,605.0,607.0,600.0,604.0,1240.0,597.8,581.9,571.25,69.64285713415178,-7.17126234122793,-18.880582740996736,20.770973336204595,,0.0,Neutral
2019-04-23,596.0,617.0,596.0,617.0,639.0,603.0,587.4,573.15,75.8333333244861,-4.0992333306021465,-15.92431285891782,22.15200016050712,,0.0,Neutral
2019-04-24,615.0,615.0,605.0,610.0,326.0,608.0,592.3,575.15,71.1999999920256,-2.20406264329597,-13.18026281579345,21.055746114646407,,0.0,Neutral
2019-04-25,610.0,630.0,610.0,630.0,3328.0,615.2,599.6,578.45,78.98550723836378,0.9013168142038239,-10.363946889793995,20.089798406156625,2019-04-25,-0.4543937146663666,Negative
2019-04-28,599.0,673.0,599.0,673.0,536.0,626.8,611.0,584.2,83.97790054599065,6.754234431171312,-6.940310625600934,25.97434631837145,,0.0,Neutral
2019-04-29,686.0,696.0,680.0,685.0,4669.0,643.0,620.4,590.3,83.97790054599065,12.220147271460178,-3.1082190461887116,33.771125075853384,,0.0,Neutral
2019-04-30,685.0,685.0,670.0,670.0,1257.0,653.6,628.3,595.8,77.94871794312164,15.166715482268046,0.5467678595026402,35.333490565688706,,0.0,Neutral
2019-05-02,666.0,666.0,648.0,648.0,365.0,661.2,634.6,600.45,71.36150234272742,15.547454502333949,3.5469051880689024,32.23593577912115,,0.0,Neutral
2019-05-05,650.0,650.0,640.0,640.0,691.0,663.2,639.2,604.6,68.49315068055294,15.030398697515693,5.843603889958262,28.909052792047834,2019-05-05,0.9173858165740968,Strongly Positive
2019-05-06,631.0,638.0,629.0,635.0,778.0,655.6,641.2,608.85,61.45833332885199,14.055151002031039,7.485913312372817,27.716020237001135,,0.0,Neutral
2019-05-07,647.0,647.0,630.0,635.0,652.0,645.6,644.3,613.1,61.45833332885199,13.130895388736462,8.614909727645546,24.6578813183776,,0.0,Neutral
2019-05-08,647.0,649.0,635.0,635.0,335.0,638.6,646.1,616.75,63.44086021027865,12.257123664488745,9.343352515014185,23.048017509347694,,0.0,Neutral
2019-05-09,642.0,642.0,635.0,635.0,711.0,636.0,648.6,620.45,61.58192089908392,11.432862357291924,9.761254483469735,19.828150583340996,,0.0,Neutral
2019-05-12,635.0,642.0,635.0,642.0,351.0,636.4,649.8,624.7,58.28220858395122,11.215189112538951,10.052041409283579,18.91971341103368,2019-05-12,0.9215821623802184,Strongly Positive
2019-05-13,630.0,630.0,624.0,626.0,401.0,634.6,645.1,628.05,56.547619042906746,9.64048569727629,9.96973026688212,18.345147708441324,,0.0,Neutral
2019-05-14,626.0,635.0,620.0,635.0,932.0,634.6,640.1,630.25,55.48780487331202,9.014829338340746,9.778750081173847,11.967084486673825,,0.0,Neutral
2019-05-15,635.0,650.0,635.0,635.0,951.0,634.6,636.6,632.45,57.96178343432188,8.421909634464328,9.507381991831943,5.758086101790122,,0.0,Neutral
2019-05-16,623.0,639.0,615.0,627.0,247.0,633.0,634.5,634.55,48.9655172366516,7.223218588584359,9.050549311182426,4.904646323194508,,0.0,Neutral
2019-05-19,624.0,625.0,615.0,615.0,1032.0,627.6,632.0,635.6,24.561403505755607,5.244492343651814,8.289337917676304,7.483314773552294,,0.0,Neutral
2019-05-20,606.0,608.0,605.0,608.0,193.0,624.0,629.3,635.25,14.678899080683436,3.076037395700041,7.246677813281052,10.530906893523568,,0.0,Neutral
2019-05-21,600.0,600.0,596.0,598.0,793.0,616.6,625.6,634.95,15.384615382544368,0.5443301014847748,5.906208270921797,14.175095531720068,2019-05-21,0.861009269952774,Strongly Positive
2019-05-22,598.0,610.0,598.0,600.0,288.0,609.6,622.1,634.1,21.428571425,-1.285860286877437,4.467794559361951,15.82157458100407,,0.0,Neutral
2019-05-23,600.0,612.0,600.0,605.0,255.0,605.2,619.1,633.85,28.395061723487274,-2.306256057965925,3.112984435896376,15.94748325668567,,0.0,Neutral
2019-05-26,600.0,601.0,597.0,597.0,147.0,601.6,614.6,632.2,27.38095237638889,-3.717605952032841,1.7468663583105326,15.093780912093012,,0.0,Neutral
2019-05-27,600.0,607.0,600.0,601.0,400.0,600.2,612.1,628.6,30.681818176936986,-4.461910217161858,0.5051110432160545,15.066150433635206,,0.0,Neutral
2019-05-28,609.0,609.0,597.0,608.0,187.0,602.2,609.4,624.75,35.78947367893629,-4.435802046340882,-0.4830715746953328,12.747112962899578,2019-05-28,0.9276676177978516,Strongly Positive
2019-05-29,600.0,600.0,596.0,597.0,456.0,601.6,605.6,621.1,32.07547169387682,-5.242289353574051,-1.4349151304710765,9.524238085597162,,0.0,Neutral
2019-05-30,608.0,610.0,602.0,602.0,464.0,601.0,603.1,618.8,30.76923076508875,-5.415551040396849,-2.231042312456231,5.858517066822196,,0.0,Neutral
2019-06-02,590.0,594.0,590.0,590.0,647.0,599.6,600.6,616.3,31.99999999552,-6.446846652119689,-3.0742031803889227,5.5417606508340045,,0.0,Neutral
2019-06-03,590.0,599.0,587.0,595.0,296.0,598.4,599.3,614.3,29.166666662413206,-6.782513052732952,-3.815865154857729,5.121848624603465,,0.0,Neutral
2019-06-04,590.0,590.0,563.0,563.0,750.0,589.4,595.8,610.7,21.874999997607418,-9.520912505604088,-4.956874625007001,12.6033505245414,2019-06-04,0.5534107685089111,Positive
2019-06-06,552.0,579.0,552.0,564.0,1343.0,582.8,592.2,607.15,23.966942145987304,-11.47810965522558,-6.261121631050717,15.963848046271695,,0.0,Neutral
2019-06-10,564.0,568.0,560.0,568.0,215.0,576.0,588.5,603.8,29.203539819390713,-12.561633237917931,-7.52122395242416,16.92631087981084,,0.0,Neutral
2019-06-11,557.0,561.0,550.0,560.0,269.0,570.0,584.8,599.7,28.947368417497685,-13.90557184842703,-8.798093531624735,18.801891157835904,,0.0,Neutral
2019-06-12,560.0,565.0,551.0,565.0,396.0,564.0,581.2,596.65,34.86238531662319,-14.401186750125817,-9.918712175324952,18.801891157835747,,0.0,Neutral
2019-06-13,567.0,579.0,565.0,565.0,1181.0,564.4,576.9,593.15,33.64485980868197,-14.625372935216092,-10.86004432730318,16.802446911750856,,0.0,Neutral
2019-06-16,554.0,554.0,537.0,549.0,471.0,561.4,572.1,588.85,26.27118643756104,-15.91069974193681,-11.870175410229907,17.272006896194686,,0.0,Neutral
2019-06-17,540.0,548.0,520.0,548.0,254.0,557.4,566.7,584.9,27.927927924405495,-16.81617573304925,-12.859375474793776,15.202704437769821,,0.0,Neutral
2019-06-18,548.0,550.0,540.0,548.0,438.0,555.0,562.5,581.55,25.233644856511475,-17.33395691431349,-13.75429176269772,13.786063816605221,,0.0,Neutral
2019-06-19,550.0,550.0,539.0,539.0,496.0,549.8,556.9,578.1,18.34862385085431,-18.2600366783887,-14.655440745835918,9.960477453970634,,0.0,Neutral
2019-06-20,549.0,550.0,540.0,550.0,231.0,546.8,555.6,575.7,28.44036696882418,-17.90001328353719,-15.304355253376174,9.924156835158977,2019-06-20,0.9286578297615052,Strongly Positive
2019-06-23,539.0,539.0,529.0,538.0,1649.0,544.6,553.0,572.6,22.41379310074315,-18.371219874083295,-15.9177281775176,10.8423039781909,,0.0,Neutral
2019-06-24,530.0,534.0,522.0,530.0,2185.0,541.0,549.2,568.85,23.214285711383923,-19.169216833923315,-16.568025908798745,11.631375193364716,,0.0,Neutral
2019-06-25,530.0,535.0,528.0,529.0,985.0,537.2,546.1,565.45,19.444444441923864,-19.655747593525348,-17.185570245744067,12.529520696691254,,0.0,Neutral
2019-06-26,520.0,530.0,519.0,522.0,1694.0,533.8,541.8,561.5,25.301204815009427,-20.37134009642125,-17.822724215879504,12.699956255389493,,0.0,Neutral
2019-06-27,515.0,530.0,515.0,522.0,2873.0,528.2,537.5,557.2,24.390243898274846,-20.699837469386125,-18.398146866580827,11.157956802206645,,0.0,Neutral
2019-06-30,516.0,516.0,501.0,506.0,1852.0,521.8,533.2,552.65,17.021276593209592,-21.997664898696144,-19.11805047300389,14.124840215415265,,0.0,Neutral
2019-07-01,503.0,514.0,503.0,511.0,1927.0,518.0,529.5,548.1,23.076923073372782,-22.364935221959627,-19.767427422795038,14.653403093551908,,0.0,Neutral
2019-07-02,503.0,525.0,503.0,524.0,1089.0,517.0,527.1,544.8,29.29292928878685,-21.36077453252824,-20.08609684474168,13.177843357524237,,0.0,Neutral
2019-07-03,550.0,550.0,520.0,528.0,3696.0,518.2,526.0,541.45,32.038834947101506,-20.011523000551733,-20.07118207590369,12.51665557034126,,0.0,Neutral
2019-07-04,528.0,528.0,523.0,524.0,5911.0,518.6,523.4,539.5,36.26373625815722,-19.04545387435303,-19.866036435593557,9.252026804970015,,0.0,Neutral
2019-07-07,515.0,520.0,509.0,510.0,1621.0,519.4,520.6,536.8,31.730769226497785,-19.188329016227613,-19.730494951720367,8.553102101310046,,0.0,Neutral
2019-07-08,520.0,520.0,510.0,515.0,2041.0,520.2,519.1,534.15,34.86238531662319,-18.682737414947155,-19.520943444365727,8.020113604064377,,0.0,Neutral
2019-07-09,512.0,516.0,512.0,514.0,1868.0,518.2,517.6,531.85,37.623762371022444,-18.153482030297823,-19.24745116155215,7.33636301051794,,0.0,Neutral
2019-07-10,520.0,520.0,513.0,516.0,1418.0,515.8,517.0,529.4,31.521739125637993,-17.372401805512254,-18.87244129034417,7.180219742837136,,0.0,Neutral
2019-07-11,514.0,520.0,514.0,516.0,2905.0,514.2,516.4,526.95,36.24999999365626,-16.56246827548921,-18.410446687373177,6.963396361601183,,0.0,Neutral
2019-07-14,519.0,520.0,516.0,517.0,969.0,515.6,517.5,525.35,41.0958904030775,-15.659386811505442,-17.86023471219963,5.930148958208396,,0.0,Neutral
2019-07-15,520.0,520.0,517.0,518.0,528.0,516.2,518.2,523.85,42.46575341651342,-14.693617723637772,-17.22691131448726,5.473166867128213,,0.0,Neutral
2019-07-16,516.0,535.0,516.0,532.0,697.0,519.8,519.0,523.05,56.249999990156255,-12.652703279027719,-16.312069707395352,6.8313005106306335,,0.0,Neutral
2019-07-17,522.0,558.0,521.0,558.0,978.0,528.2,522.0,524.0,66.98113206662512,-8.835431810697514,-14.816742128055786,14.023789311970821,,0.0,Neutral
2019-07-18,547.0,547.0,520.0,520.0,1610.0,529.0,521.6,522.5,55.46874999393311,-8.775342406043478,-13.608462183653325,14.017449443060912,,0.0,Neutral
2019-07-21,516.0,520.0,511.0,511.0,931.0,527.8,521.7,521.15,49.99999999469697,-9.346208628538989,-12.756011472630458,13.928787137112515,,0.0,Neutral
2019-07-22,512.0,519.0,511.0,516.0,284.0,527.4,521.8,520.45,46.77419354310614,-9.28809859056787,-12.062428896217941,13.878840809739923,,0.0,Neutral
2019-07-23,526.0,526.0,508.0,525.0,778.0,526.0,522.9,520.25,48.83720929702542,-8.418774787706525,-11.33369807451566,13.625547899274993,,0.0,Neutral
2019-07-24,525.0,530.0,517.0,530.0,680.0,520.4,524.3,520.65,52.307692302059166,-7.242879787884021,-10.515534417189333,13.556876074109855,,0.0,Neutral
2019-07-25,530.0,530.0,515.0,519.0,2250.0,520.2,524.6,520.5,53.543307080711756,-7.116547468502972,-9.835737027452062,13.38490028186386,,0.0,Neutral
2019-07-28,510.0,522.0,510.0,515.0,1103.0,521.0,524.4,520.95,49.999999994444444,-7.255557218634635,-9.319701065688577,13.52528496310584,,0.0,Neutral
2019-07-29,525.0,531.0,522.0,522.0,1941.0,522.2,524.8,521.5,53.0303030246786,-6.723379020377365,-8.800436656626335,13.373273512656816,,0.0,Neutral
2019-07-30,532.0,542.0,525.0,529.0,2221.0,523.0,524.5,521.75,54.74452554185092,-5.671406027208491,-8.174630530742768,13.22665658601327,2019-07-30,-0.0596808455884456,Slightly Negative
2019-07-31,555.0,555.0,527.0,550.0,5632.0,527.0,523.7,522.85,60.75949366550232,-3.107365579259067,-7.161177540446028,11.035800328420782,,0.0,Neutral
2019-08-01,555.0,570.0,540.0,556.0,10943.0,534.4,527.3,524.45,61.96319017872708,-0.5844579282529594,-5.845833618007415,14.892578315683807,,0.0,Neutral
2019-08-04,557.0,557.0,539.0,539.0,1729.0,539.2,530.1,525.9,55.86592178334009,0.042714253341614494,-4.66812404373761,14.0984632732279,,0.0,Neutral
2019-08-05,549.0,549.0,530.0,530.0,2343.0,540.8,531.5,526.65,49.425287352345094,-0.18434702037586703,-3.7713686390652614,13.209844813618766,,0.0,Neutral
2019-08-06,522.0,528.0,522.0,528.0,1192.0,540.6,531.8,527.35,39.99999999626666,-0.5196873684978982,-3.121032384951789,13.079245645929186,,0.0,Neutral
2019-08-07,519.0,544.0,519.0,540.0,1061.0,538.6,532.8,528.55,58.06451612247659,0.18076890996485417,-2.4606721259684607,13.306639946528902,,0.0,Neutral
2019-08-08,540.0,540.0,530.0,530.0,267.0,533.4,533.9,529.25,57.5999999935488,-0.07022140075468997,-1.9825819809257066,12.467290536970195,,0.0,Neutral
2019-08-11,528.0,531.0,522.0,530.0,844.0,531.6,535.4,529.9,55.83333332681944,-0.26606598720729835,-1.639278782182025,10.720696494781865,,0.0,Neutral
2019-08-12,528.0,543.0,523.0,533.0,414.0,532.2,536.5,530.65,53.50877192325331,-0.1771571476791678,-1.3468544552814536,9.70967444241432,,0.0,Neutral
2019-08-13,535.0,543.0,530.0,534.0,1150.0,533.4,537.0,530.75,51.818181811586776,-0.02570826032615514,-1.082625216290394,9.404490653105091,,0.0,Neutral
2019-08-14,538.0,538.0,530.0,533.0,1096.0,532.0,535.3,529.5,56.999999992019994,0.013469167204902988,-0.8634063395913346,8.260347046778861,,0.0,Neutral
2019-08-15,535.0,539.0,532.0,533.0,765.0,532.6,533.0,530.15,59.37499999134115,0.044010238151372505,-0.6819230240427933,3.9157800414765673,,0.0,Neutral
2019-08-18,530.0,530.0,517.0,525.0,1757.0,531.6,531.6,530.85,51.54639174513764,-0.5707397517128356,-0.6596863695768018,4.03319558992099,,0.0,Neutral
2019-08-19,520.0,535.0,520.0,535.0,881.0,532.0,532.1,531.8,52.99999999258,-0.24815652722793402,-0.5773804011070283,4.121757985226795,,0.0,Neutral
2019-08-20,545.0,545.0,528.0,528.0,662.0,530.8,532.1,531.95,37.20930231952406,-0.5509969464807227,-0.5721037101817672,4.121757985226795,,0.0,Neutral
2019-08-21,530.0,540.0,523.0,536.0,1555.0,531.4,531.7,532.25,38.63636363021694,-0.14380927556510414,-0.4864448232584346,3.4009802508333125,,0.0,Neutral
2019-08-22,536.0,540.0,530.0,535.0,2108.0,531.8,532.2,533.05,47.22222221304012,0.09707917629839358,-0.36974002334706896,3.489667287531832,,0.0,Neutral
2019-08-25,526.0,535.0,526.0,535.0,1872.0,533.8,532.7,534.05,53.968253956261016,0.2847031294528506,-0.2388513927870851,3.497618237204538,,0.0,Neutral
2019-08-26,545.0,570.0,545.0,560.0,12354.0,538.8,535.4,535.95,68.6046511516225,2.422759467343667,0.2934707792390653,9.323804659752827,2019-08-26,0.9109625816345216,Strongly Positive
2019-08-27,570.0,573.0,560.0,562.0,8621.0,545.6,538.2,537.6,64.47368419864958,4.229809196832548,1.0807384627577619,12.514880032270414,,0.0,Neutral
2019-08-28,562.0,568.0,560.0,563.0,4719.0,551.0,541.2,538.25,74.62686565604812,5.677158025385552,2.00002237528332,14.55869347006996,,0.0,Neutral
2019-08-29,564.0,567.0,561.0,564.0,1984.0,556.8,544.3,538.65,74.99999998455883,6.826195905016789,2.965257081230014,15.860853276749406,,0.0,Neutral
2019-09-01,564.0,567.0,558.0,560.0,2080.0,561.8,547.8,539.7,69.56521737718967,7.329559532590906,3.8381175715021927,14.965144688758112,,0.0,Neutral
2019-09-02,550.0,561.0,550.0,556.0,2489.0,561.0,549.9,541.0,65.27777776508488,7.321316682028282,4.534757393607411,14.43337182442599,2019-09-02,0.521414041519165,Positive
2019-09-03,555.0,565.0,550.0,565.0,3100.0,561.6,553.6,542.85,69.99999998775,7.9493735178321,5.2176806184523485,12.851286144019642,,0.0,Neutral
2019-09-04,555.0,575.0,555.0,569.0,5025.0,562.8,556.9,544.3,71.42857141666667,8.669938007218889,5.908132096205657,12.04113320617323,,0.0,Neutral
2019-09-05,561.0,575.0,559.0,569.0,5845.0,563.8,560.3,546.25,78.9473684065097,9.135680122753115,6.553641701515149,9.753062197184214,,0.0,Neutral
2019-09-08,561.0,565.0,560.0,563.0,1483.0,564.4,563.1,547.9,69.44444443094136,8.917834998197122,7.026480360851544,4.012480529538315,,0.0,Neutral
2019-09-09,563.0,563.0,555.0,561.0,683.0,565.4,563.2,549.3,74.62686565604812,8.485986709747863,7.318381630630808,3.9384147967215544,,0.0,Neutral
2019-09-10,558.0,563.0,547.0,558.0,2385.0,564.0,562.8,550.5,67.74193546857441,7.8116213930454705,7.417029583113741,4.263540521409597,,0.0,Neutral
2019-09-11,560.0,562.0,555.0,555.0,1685.0,561.2,562.0,551.6,65.62499998564454,6.954934932460446,7.324610652983083,4.921607686736666,,0.0,Neutral
2019-09-12,560.0,560.0,551.0,551.0,784.0,557.6,560.7,552.5,61.76470586963667,5.885394999723303,7.036767522331127,5.945119380161054,,0.0,Neutral
2019-09-15,542.0,552.0,542.0,544.0,930.0,553.8,559.1,553.45,33.99999999047999,4.421961776072067,6.513806373079316,7.9645045880615974,2019-09-15,0.6814584136009216,Strongly Positive
2019-09-16,536.0,566.0,532.0,540.0,2198.0,549.6,557.5,553.7,28.84615383838758,2.905916238726263,5.792228346208706,10.002777392078428,,0.0,Neutral
2019-09-17,535.0,559.0,535.0,549.0,6235.0,547.8,555.9,554.75,38.33333332438889,2.402964136945684,5.114375504356102,9.949316001052908,,0.0,Neutral
2019-09-18,559.0,565.0,551.0,562.0,2301.0,549.2,555.2,556.05,48.61111110165895,3.0185661753005206,4.6952136385449865,9.13844139397026,,0.0,Neutral
2019-09-19,570.0,575.0,559.0,561.0,1087.0,551.2,554.4,557.35,50.724637670867466,3.3867037703043934,4.4335116648968675,8.08565258823894,,0.0,Neutral
2019-09-22,565.0,565.0,547.0,550.0,955.0,552.4,553.1,558.1,46.05263157046399,2.7590428687227586,4.098617905662046,7.578478299319012,,0.0,Neutral
2019-09-23,548.0,550.0,545.0,550.0,318.0,554.4,552.0,557.6,38.80597014114502,2.2358436681249714,3.7260630581546312,7.0867638751504,,0.0,Neutral
2019-09-24,548.0,555.0,548.0,550.0,1407.0,554.6,551.2,557.0,34.920634912874775,1.8004500646010229,3.34094045944391,6.77905270339957,,0.0,Neutral
2019-09-25,545.0,546.0,542.0,543.0,1112.0,550.8,550.0,556.0,31.428571422285714,0.8804072121010904,2.8488338099753463,7.0867638751502025,,0.0,Neutral
2019-09-26,540.0,553.0,540.0,550.0,168.0,548.6,549.9,555.3,40.84507041448125,0.7079473451897229,2.4206565170182217,7.078135347668306,,0.0,Neutral
2019-09-29,555.0,556.0,546.0,550.0,535.0,548.6,550.5,554.8,42.02898549871876,0.5647614398295673,2.049477501580491,6.770032003856837,,0.0,Neutral
2019-09-30,553.0,555.0,546.0,551.0,1945.0,548.8,551.6,554.55,44.77611939362887,0.5259148024126716,1.7447649617469272,5.680375574429986,,0.0,Neutral
2019-10-01,552.0,558.0,552.0,557.0,539.0,550.2,552.4,554.15,51.42857141828571,0.9681185502779499,1.589435679453132,5.834761729870364,,0.0,Neutral
2019-10-02,560.0,560.0,555.0,559.0,1690.0,553.4,552.1,553.65,55.88235292967128,1.4630859476051228,1.5641657330835301,5.342700108031452,,0.0,Neutral
2019-10-03,555.0,562.0,555.0,562.0,1181.0,555.8,552.2,553.3,64.06249998598634,2.0735238122049395,1.666037348907812,5.533734925178218,,0.0,Neutral
2019-10-10,570.0,570.0,561.0,561.0,110.0,558.0,553.3,553.2,67.2131147386724,2.44838511566968,1.8225069022601856,6.111010100168458,,0.0,Neutral
2019-10-14,558.0,558.0,550.0,556.0,850.0,559.0,553.9,552.95,56.14035086340412,2.3153176455560924,1.921069050919367,6.045200116155109,,0.0,Neutral
2019-10-15,565.0,565.0,551.0,551.0,160.0,557.8,554.0,552.6,38.775510193002916,1.7858167200192838,1.8940185847393507,5.981452814968552,,0.0,Neutral
2019-10-16,555.0,555.0,532.0,532.0,14577.0,552.4,552.9,551.45,28.358208949298287,-0.16505513582899312,1.4822038406256821,8.6467720373896,,0.0,Neutral
2019-10-17,542.0,552.0,542.0,550.0,1950.0,550.0,552.9,551.4,49.99999999054054,-0.25573758544419434,1.1346155554117068,8.6467720373896,,0.0,Neutral
2019-10-21,550.0,550.0,546.0,550.0,2322.0,547.8,552.9,551.7,49.99999999054054,-0.32387070026595666,0.8429183042761741,8.6467720373896,,0.0,Neutral
2019-10-22,550.0,555.0,549.0,555.0,1758.0,547.6,553.3,552.45,53.164556952603746,0.025299887269966348,0.6793946208749325,8.641630504580391,,0.0,Neutral
2019-10-23,561.0,561.0,551.0,559.0,1385.0,549.2,553.5,552.95,60.5263157783241,0.6176665881909003,0.6670490143381261,8.759122228975858,2019-10-23,0.930609166622162,Strongly Positive
2019-10-24,561.0,562.0,555.0,561.0,7739.0,555.0,553.7,552.9,57.74647886185281,1.2342767773661762,0.7804945669437362,8.920014947665939,,0.0,Neutral
2019-10-31,552.0,565.0,552.0,559.0,4147.0,556.8,553.4,552.8,56.16438355087258,1.543765936664613,0.9331488408879116,8.656404180330886,,0.0,Neutral
2019-11-03,564.0,570.0,557.0,559.0,3663.0,558.6,553.2,553.25,55.55555554475308,1.7686504240161867,1.1002491575135667,8.482662055951067,,0.0,Neutral
2019-11-04,561.0,565.0,560.0,565.0,3443.0,560.6,554.1,554.0,55.55555554475308,2.4033188921804367,1.3608631044469408,9.25502866313625,,0.0,Neutral
2019-11-05,567.0,568.0,561.0,562.0,12505.0,561.2,555.2,554.6,52.05479451056483,2.633861778722917,1.615462839302136,9.496198069632804,2019-11-05,0.8967348337173462,Strongly Positive
2019-11-06,433.0,444.0,431.0,434.0,3300.0,535.8,545.4,549.15,17.67676767551781,-7.426355182290422,-0.19290076501637565,39.443912359477274,,0.0,Neutral
2019-11-07,437.0,439.0,433.0,437.0,1971.0,511.4,534.1,543.5,18.999999998670006,-14.984344480152231,-3.151189508043547,52.12687513280451,2019-11-07,-0.916031777858734,Strongly Negative
2019-11-10,437.0,441.0,435.0,435.0,3257.0,486.6,522.6,537.75,19.28934010015203,-20.89462846588276,-6.69987729961139,60.27750639979759,,0.0,Neutral
2019-11-11,431.0,445.0,430.0,435.0,2851.0,460.6,510.6,531.95,19.79166666522353,-25.287077418054707,-10.417317323300054,64.87971776894238,,0.0,Neutral
2019-11-12,430.0,438.0,425.0,425.0,779.0,433.2,497.2,525.35,20.76502732081579,-29.238003777527865,-14.181454614145618,67.55540935656559,,0.0,Neutral
2019-11-13,420.0,426.0,418.0,420.0,2830.0,430.4,483.1,518.4,11.764705881384074,-32.39912267708621,-17.824988226733737,67.47419259736613,,0.0,Neutral
2019-11-14,428.0,431.0,421.0,429.0,1083.0,428.8,470.1,511.75,16.201117317168624,-33.7886132943803,-21.01771324026305,63.640395976139,,0.0,Neutral
2019-11-17,430.0,437.0,418.0,418.0,703.0,425.4,456.0,504.6,12.97297297199124,-35.36968299973171,-23.888107192156784,57.03215467318775,,0.0,Neutral
2019-11-18,415.0,429.0,415.0,422.0,1569.0,422.8,441.7,497.9,12.97297297199124,-35.88625119623521,-26.28773599297247,42.82276134123779,,0.0,Neutral
2019-11-19,422.0,430.0,421.0,426.0,1011.0,423.0,428.1,491.65,13.903743314467093,-35.56292142202864,-28.142773078783705,6.903300337900303,,0.0,Neutral
2019-11-20,418.0,420.0,415.0,417.0,1776.0,422.4,426.4,485.9,13.402061854702936,-35.622273634008934,-29.63867318982875,7.366591251478725,,0.0,Neutral
2019-11-21,423.0,423.0,415.0,415.0,450.0,419.6,424.2,479.15,13.265306121501453,-35.422366978050434,-30.795411947473088,7.130529043776289,,0.0,Neutral
2019-11-24,412.0,423.0,410.0,410.0,887.0,418.0,421.7,472.15,10.256410255673899,-35.260931655256115,-31.688515889029695,7.30372811953822,,0.0,Neutral
2019-11-25,418.0,418.0,408.0,412.0,920.0,416.0,419.4,465.0,11.340206184748652,-34.57307285072778,-32.26542728136931,6.1860057117943175,,0.0,Neutral
2019-11-26,410.0,410.0,406.0,407.0,683.0,412.2,417.6,457.4,30.985915486847844,-34.03901740158756,-32.62014530541296,6.947421584037422,,0.0,Neutral
2019-11-27,415.0,419.0,408.0,413.0,220.0,411.4,416.9,450.0,33.78378377739226,-32.75405638130292,-32.64692752059096,7.030884249723828,,0.0,Neutral
2019-11-28,405.0,410.0,405.0,407.0,1619.0,409.8,414.7,442.4,32.05128204552925,-31.852687418045093,-32.48807950008179,6.219146064971902,,0.0,Neutral
2019-12-01,406.0,406.0,402.0,403.0,759.0,408.4,413.2,434.6,30.487804872843554,-31.102581393634637,-32.21097987879236,7.083627444851474,,0.0,Neutral
2019-12-02,403.0,419.0,403.0,404.0,758.0,406.8,411.4,426.55,35.61643834933383,-30.080674036690425,-31.784918710371976,6.88315173285102,,0.0,Neutral
2019-12-03,405.0,406.0,404.0,406.0,303.0,406.6,409.4,418.75,39.99999999199999,-28.77769050590291,-31.183473069478165,4.742245131639411,,0.0,Neutral
2019-12-04,408.0,425.0,406.0,425.0,239.0,409.0,410.2,418.3,47.4999999916875,-25.913214058637493,-30.12942126731003,6.511528238414554,,0.0,Neutral
2019-12-05,425.0,430.0,422.0,427.0,1604.0,413.0,411.4,417.8,56.33802815790518,-23.214114687604592,-28.746359951368945,8.342661445826037,,0.0,Neutral
2019-12-08,427.0,435.0,422.0,435.0,525.0,419.4,413.9,417.8,58.66666665571555,-20.196710739500702,-27.036430108995297,11.149987543575943,,0.0,Neutral
2019-12-09,435.0,454.0,435.0,446.0,10204.0,427.8,417.3,418.35,62.195121940600835,-16.72499299395497,-24.974142685987232,15.01887701082703,,0.0,Neutral
2019-12-10,454.0,463.0,442.0,448.0,6159.0,436.2,421.4,419.5,70.66666665347556,-13.654843842955188,-22.710282917380823,17.315375312764974,,0.0,Neutral
2019-12-11,456.0,492.0,450.0,479.0,12305.0,447.0,428.0,422.45,80.76923075835799,-8.620911102508614,-19.892408554406384,24.74312474652142,,0.0,Neutral
2019-12-12,480.0,480.0,455.0,464.0,6307.0,454.4,433.7,424.2,73.68421051726685,-5.775283900135889,-17.068983623552285,25.90602675482926,,0.0,Neutral
2019-12-15,458.0,461.0,450.0,456.0,2030.0,458.6,439.0,426.1,68.33333332536111,-4.118165335312369,-14.478819965904302,24.299062624804268,,0.0,Neutral
2019-12-16,465.0,465.0,441.0,449.0,2943.0,459.2,443.5,427.45,67.21311474638537,-3.331326968737642,-12.249321366470971,21.046245376412546,2019-12-16,-0.223274290561676,Negative
2019-12-17,444.0,444.0,440.0,440.0,580.0,457.6,446.9,428.15,60.7999999931904,-3.394843040865908,-10.478425701349959,16.589487970122477,,0.0,Neutral
2019-12-18,437.0,443.0,437.0,440.0,1099.0,449.8,448.4,429.3,63.8655462109738,-3.4059186752585333,-9.063924296131676,14.99036727738319,,0.0,Neutral
2019-12-19,440.0,445.0,440.0,440.0,982.0,445.0,449.7,430.55,66.08695651369376,-3.3757822785546523,-7.926295892616271,13.408537910175758,,0.0,Neutral
2019-12-22,440.0,453.0,440.0,449.0,591.0,443.6,451.1,432.5,68.29268291905612,-2.595751970270271,-6.8601871081470716,12.395787815031744,,0.0,Neutral
2019-12-23,450.0,455.0,448.0,455.0,1848.0,444.8,452.0,434.65,69.29133857503875,-1.4764034156854677,-5.783430369654751,12.310790208402176,,0.0,Neutral
2019-12-24,455.0,455.0,440.0,441.0,4816.0,445.0,451.3,436.35,56.557377042690135,-1.6994049365584942,-4.9666252830355,12.754519896002043,,0.0,Neutral
2019-12-25,449.0,449.0,442.0,445.0,432.0,446.0,447.9,437.95,57.258064509664415,-1.5356664707289838,-4.2804335205741975,8.305955025679927,,0.0,Neutral
2019-12-26,446.0,450.0,446.0,446.0,633.0,447.2,446.1,439.9,54.70085469430931,-1.310108795555152,-3.6863685755703886,6.081849133989994,,0.0,Neutral
2019-12-29,447.0,447.0,444.0,445.0,1035.0,446.4,445.0,442.0,49.53271027389291,-1.1982318842872814,-3.1887412373137676,4.9888765156709605,,0.0,Neutral
2019-12-30,445.0,447.0,440.0,447.0,1614.0,444.8,444.8,444.15,49.53271027389291,-0.9373798098262682,-2.738468951816268,4.848825745563057,,0.0,Neutral
2019-12-31,447.0,450.0,447.0,450.0,1284.0,446.6,445.8,446.35,31.645569614645083,-0.48300989610521583,-2.2873771406740575,4.779586221020599,,0.0,Neutral
2020-01-01,450.0,459.0,448.0,453.0,1703.0,448.2,447.1,447.75,41.79104476738694,0.11779855363187153,-1.8063420018128717,4.794672969934063,2020-01-01,0.918117880821228,Strongly Positive
2020-01-02,461.0,462.0,455.0,460.0,3750.0,451.0,449.1,449.4,53.03030301905418,1.1455795492534548,-1.2159576915996064,5.606543795696566,,0.0,Neutral
2020-01-05,467.0,479.0,465.0,468.0,14282.0,455.6,451.0,451.05,64.17910446420137,2.5759426706178488,-0.4575776191561154,8.192137151613375,,0.0,Neutral
2020-01-06,491.0,494.0,470.0,490.0,17349.0,464.2,454.5,453.25,81.24999998578124,5.422227820739636,0.7183834688230348,14.856723132035546,,0.0,Neutral
2020-01-07,490.0,510.0,482.0,495.0,8741.0,473.2,459.9,455.6,82.35294116290657,7.989291937550263,2.1725651625684805,18.716896703833342,,0.0,Neutral
2020-01-08,500.0,515.0,485.0,502.0,13147.0,483.0,465.6,456.75,83.69565216117675,10.467883004139253,3.831628730882635,22.05649312308376,,0.0,Neutral
2020-01-09,505.0,545.0,494.0,540.0,24426.0,499.0,475.0,460.55,87.60330577498804,15.321845999282857,6.129672184562679,30.9946231896184,,0.0,Neutral
2020-01-12,550.0,594.0,550.0,594.0,29467.0,524.2,489.9,467.45,91.12426034748083,23.257892835942016,9.555316314838548,46.7700046325967,,0.0,Neutral
2020-01-13,605.0,645.0,595.0,608.0,27624.0,547.8,506.0,475.4,99.40828401543364,30.327355253997553,13.70972410267035,56.96197562116742,,0.0,Neutral
2020-01-14,605.0,629.0,575.0,602.0,22065.0,569.2,521.2,483.5,95.90643274068603,35.04186449601832,17.976152181339945,60.526945331074934,,0.0,Neutral
2020-01-15,614.0,614.0,600.0,613.0,8172.0,591.4,537.2,492.15,96.1325966776472,39.21372370847314,22.223666486766586,61.63296376308756,,0.0,Neutral
2020-01-16,625.0,663.0,613.0,637.0,30563.0,610.8,554.9,502.0,97.05882352275087,43.94992424576981,26.568918038567233,62.40984608928909,,0.0,Neutral
2020-01-19,649.0,676.0,648.0,676.0,26696.0,627.2,575.7,513.35,97.5103734383189,50.270879945979345,31.309310420049655,64.84348677992008,,0.0,Neutral
2020-01-20,675.0,675.0,640.0,643.0,29575.0,634.2,591.0,522.75,85.6088560841383,52.0178295122862,35.45101423849697,60.264232989209226,,0.0,Neutral
2020-01-21,650.0,655.0,631.0,649.0,11075.0,643.6,606.4,533.15,85.76642335328201,53.2723588931558,39.015283169428734,52.13486783760349,,0.0,Neutral
2020-01-22,645.0,653.0,630.0,642.0,9111.0,649.4,620.4,543.0,83.2116788278651,53.08975531528256,41.830177598599505,37.81592844879524,,0.0,Neutral
2020-01-23,654.0,654.0,628.0,628.0,13864.0,647.6,629.2,552.1,78.57142856749999,51.224869260649484,43.7091159310095,25.14314574148879,,0.0,Neutral
2020-01-26,617.0,628.0,616.0,616.0,7179.0,635.6,631.4,560.65,73.33333332953086,48.22275204678408,44.61184315416442,22.549698199507244,,0.0,Neutral
2020-01-27,607.0,649.0,605.0,639.0,18982.0,634.8,634.5,570.25,74.99999999635416,47.155876713450425,45.12064986602162,21.056801487615928,2020-01-27,-0.4905303418636322,Negative
2020-01-28,651.0,658.0,642.0,655.0,25031.0,636.0,639.8,580.5,75.7575757540047,47.058970093733706,45.50831391156404,18.480019240008733,,0.0,Neutral
2020-01-29,666.0,679.0,656.0,675.0,23770.0,642.6,646.0,591.6,74.1935483833738,48.04220313989606,46.015091757230444,18.885620632286752,,0.0,Neutral
2020-01-30,687.0,710.0,677.0,693.0,46969.0,655.6,651.6,603.25,70.37037036631611,49.70095036250302,46.75226347828496,23.627667397918493,,0.0,Neutral
2020-02-02,706.0,710.0,664.0,693.0,16730.0,671.0,653.3,614.5,68.55895196087411,50.43414604559962,47.488639991747895,26.06423688590248,,0.0,Neutral
2020-02-03,693.0,693.0,672.0,681.0,27792.0,679.4,657.1,624.05,66.8085106343178,49.47657404750612,47.88622680289954,27.143446108898278,2020-02-03,0.8422914147377014,Strongly Positive
2020-02-04,690.0,690.0,663.0,667.0,16022.0,681.8,658.9,632.65,61.34453781151755,47.04569485757531,47.7181204138347,27.14344610889831,,0.0,Neutral
2020-02-05,670.0,675.0,655.0,660.0,10200.0,678.8,660.7,640.55,55.203619906005194,44.0466220465745,46.983820740382654,26.487103780267635,,0.0,Neutral
2020-02-06,662.0,665.0,651.0,654.0,11491.0,671.0,663.3,646.25,44.14893616692508,40.71633284084362,45.73032316047485,24.088032990124724,,0.0,Neutral
2020-02-09,642.0,662.0,640.0,643.0,9864.0,661.0,666.0,648.7,49.99999999578313,36.76563522563163,43.93738557350621,19.218047073866256,,0.0,Neutral
2020-02-10,650.0,668.0,643.0,660.0,13926.0,656.8,668.1,651.3,53.10734462856777,34.60750307439014,42.071409073683,16.953858951086662,,0.0,Neutral
2020-02-11,672.0,684.0,660.0,673.0,17925.0,658.0,669.9,654.85,58.46994535071815,33.55930833396576,40.36898892573956,16.353389047330314,,0.0,Neutral
2020-02-12,682.0,682.0,668.0,673.0,10043.0,660.6,669.7,657.85,63.31360946221071,32.3556308782604,38.76631731624373,16.296216329770427,,0.0,Neutral
2020-02-13,686.0,688.0,673.0,678.0,21378.0,665.4,668.2,659.9,69.1358024631611,31.442714001246145,37.30159665324422,14.505171491575279,,0.0,Neutral
2020-02-16,690.0,700.0,680.0,694.0,21564.0,675.6,668.3,660.8,67.74193547775235,31.6454974850526,36.17037681960589,14.697316459514619,,0.0,Neutral
2020-02-17,700.0,708.0,676.0,676.0,22604.0,678.8,667.8,662.45,56.687898084117,30.00784354803443,34.9378701652916,14.296852800529484,,0.0,Neutral
2020-02-18,676.0,687.0,668.0,676.0,11368.0,679.4,668.7,663.8,50.36496349850285,28.38281161962368,33.62685845615802,14.522396496446742,,0.0,Neutral
2020-02-19,670.0,700.0,666.0,694.0,13171.0,683.6,672.1,666.4,50.36496349850285,28.222085047568157,32.54590377444005,16.1482713213111,,0.0,Neutral
2020-02-20,707.0,763.0,701.0,763.0,94698.0,700.6,683.0,673.15,66.99029125758318,33.278813972053854,32.69248581396281,31.787488803686067,,0.0,Neutral
2020-02-23,801.0,810.0,761.0,790.0,50688.0,719.8,697.7,681.85,74.66063347943327,39.015239038564914,33.95703645888324,43.18191493875436,,0.0,Neutral
2020-02-24,805.0,805.0,757.0,779.0,31459.0,740.4,709.6,688.85,75.68807338963472,42.18747817570522,35.603124802247635,47.78935260308801,2020-02-24,0.2999306619167328,Positive
2020-02-25,764.0,800.0,751.0,787.0,18177.0,762.6,721.0,695.45,78.9954337849044,44.83025837516607,37.44855151683132,51.538550835489055,,0.0,Neutral
2020-02-26,802.0,834.0,784.0,808.0,28031.0,785.4,734.5,702.1,82.90598290102272,48.06514020237728,39.57186925394052,55.12460632260612,,0.0,Neutral
2020-02-27,795.0,810.0,765.0,794.0,30083.0,791.6,746.1,707.15,81.85654007955277,48.93503177409673,41.444501757971764,54.10986765625912,,0.0,Neutral
2020-03-01,790.0,790.0,752.0,757.0,23816.0,785.0,752.4,710.35,68.87159532698755,46.10733962345989,42.37706933106939,50.944850355829736,,0.0,Neutral
2020-03-02,742.0,757.0,708.0,708.0,9035.0,770.8,755.6,711.7,55.97269624305932,39.45763962369074,41.793183389593665,46.4164721719456,2020-03-02,0.9280850887298584,Strongly Positive
2020-03-03,694.0,718.0,638.0,691.0,22463.0,751.6,757.1,712.9,52.90322580406243,32.44197563955595,39.92294183958612,43.7224834102052,,0.0,Neutral
2020-03-04,699.0,699.0,627.0,656.0,17830.0,721.2,753.3,712.7,46.764705880427336,23.783640886862827,36.69508164904147,50.88123426176009,,0.0,Neutral
2020-03-05,643.0,700.0,619.0,664.0,25627.0,695.2,743.4,713.2,45.48192770892546,17.367183278492348,32.829501974931645,57.92754094556491,,0.0,Neutral
2020-03-10,677.0,677.0,664.0,665.0,698.0,676.8,730.9,714.3,48.253968251823636,12.221899587848839,28.707981497515085,60.19680685514508,,0.0,Neutral
2020-03-11,673.0,681.0,631.0,681.0,17824.0,671.4,721.1,715.35,50.75528700691669,9.327766786485995,24.831938555309268,59.468852725141076,,0.0,Neutral
2020-03-12,694.0,694.0,645.0,657.0,8658.0,664.6,708.1,714.55,44.51038575482746,5.039454571327269,20.873441758512868,57.64344426443241,,0.0,Neutral
2020-03-15,644.0,645.0,592.0,592.0,17364.0,651.8,686.5,710.5,24.32432432330168,-3.5629490681426432,15.986163593181764,56.50811151212453,,0.0,Neutral
2020-03-16,603.0,627.0,564.0,600.0,11435.0,639.0,667.1,706.6,19.74522292905594,-9.623943952990771,10.864142083947257,48.190478543196036,2020-03-16,0.857405960559845,Strongly Positive
2020-03-17,612.0,612.0,540.0,556.0,12403.0,617.2,647.0,699.7,17.867435157780562,-17.772883604048502,5.136736946348105,48.444699285772074,,0.0,Neutral
2020-03-18,567.0,578.0,510.0,540.0,8626.0,589.0,630.2,692.9,15.21126760503391,-25.231193773919358,-0.9368491977053877,53.776905410738685,,0.0,Neutral
2020-03-19,530.0,561.0,520.0,550.0,8047.0,567.6,616.1,686.6,12.49999999949128,-29.98934340816095,-6.747348039796501,54.543458717694605,,0.0,Neutral
2020-03-22,539.0,560.0,539.0,540.0,800.0,557.2,604.5,678.9,12.64705882300865,-34.173200319226,-12.2325184956824,57.37643728531348,,0.0,Neutral
2020-06-29,530.0,530.0,525.0,505.0,566.0,538.2,588.6,666.0,12.721893490597324,-39.85373550231975,-17.75676189700987,60.97394707760159,,0.0,Neutral
2020-06-30,510.0,535.0,510.0,535.0,1309.0,534.0,575.6,653.25,22.88401253818064,-41.456961238335566,-22.49680176527501,56.574827539383925,,0.0,Neutral
2020-07-01,544.0,588.0,544.0,588.0,1860.0,543.6,566.3,643.7,35.49295774507915,-38.0126855473128,-25.59997852168257,43.44357771229662,,0.0,Neutral
2020-07-02,598.0,609.0,558.0,558.0,3182.0,545.2,556.4,632.25,35.99999999856,-37.27414834725448,-27.93481248679695,29.530398650278016,,0.0,Neutral
2020-07-05,558.0,586.0,529.0,552.0,5310.0,547.6,552.4,619.45,33.90804597564738,-36.74937819510319,-29.6977256284582,26.75070092539429,,0.0,Neutral
2020-07-06,541.0,575.0,541.0,575.0,3842.0,561.6,549.9,608.5,37.83783783640614,-34.084679321536214,-30.575116367073807,22.663970427871693,,0.0,Neutral
2020-07-07,570.0,632.0,570.0,630.0,9390.0,580.6,557.3,602.15,43.76528117209606,-27.221058502399273,-29.904304794138902,34.08176443006676,,0.0,Neutral
2020-07-08,630.0,645.0,606.0,615.0,3932.0,586.0,564.8,597.5,44.74999999843375,-22.729947507321526,-28.469433336775428,37.89107194753457,,0.0,Neutral
2020-07-09,607.0,637.0,607.0,622.0,3684.0,598.8,572.0,594.05,54.38596491005438,-18.393835502547518,-26.454313769929847,41.44072071445248,,0.0,Neutral
2020-07-12,630.0,643.0,625.0,643.0,6617.0,617.0,582.3,593.4,56.05633802595835,-13.111766718151443,-23.785804359574165,45.23039784137232,,0.0,Neutral
2020-07-13,655.0,667.0,631.0,654.0,6216.0,632.8,597.2,592.9,65.2173913015123,-7.946479018489072,-20.61793929135715,41.30859474733976,,0.0,Neutral
2020-07-14,655.0,677.0,655.0,664.0,8968.0,639.6,610.1,592.85,69.62025316147252,-3.011322227944561,-17.096615878674633,39.84260700974893,,0.0,Neutral
2020-07-15,675.0,693.0,668.0,674.0,5444.0,651.4,618.7,592.5,69.62025316147252,1.6872914652507234,-13.339834409889564,43.64261424087413,,0.0,Neutral
2020-07-16,666.0,680.0,658.0,680.0,5038.0,663.0,630.9,593.65,72.43589743264711,5.827945595642973,-9.506278408783057,41.80231253571169,,0.0,Neutral
2020-07-19,685.0,698.0,685.0,698.0,150.0,674.0,645.5,598.95,82.71186440285435,10.441529936028473,-5.516716739820751,36.32033406601138,,0.0,Neutral
2020-07-20,732.0,740.0,656.0,660.0,4687.0,675.2,654.0,601.95,70.62706270300734,10.90583071626179,-2.2322072486042432,26.64582518894862,,0.0,Neutral
2020-07-21,660.0,677.0,638.0,641.0,6637.0,670.6,655.1,606.2,59.851301112126706,9.629646647028494,0.14016353052230435,25.75719964074789,,0.0,Neutral
2020-07-22,653.0,653.0,639.0,639.0,4115.0,663.6,657.5,611.15,66.80497924923125,8.360503611053332,1.78423154662851,22.520361157554262,,0.0,Neutral
2020-07-23,635.0,656.0,631.0,647.0,4197.0,657.0,660.0,616.0,69.54732509887381,7.9090610203484175,3.009197441372492,19.29881976817389,,0.0,Neutral
2020-07-26,646.0,658.0,646.0,650.0,5705.0,647.4,660.7,621.5,66.81614349356312,7.704551172698189,3.9482681876376313,18.732325002519453,,0.0,Neutral
2020-07-27,650.0,663.0,646.0,658.0,13274.0,647.0,661.1,629.15,57.95454544993543,8.09469814479337,4.777554179068779,18.615704242506123,,0.0,Neutral
2020-07-28,670.0,684.0,650.0,664.0,28037.0,651.6,661.1,635.6,64.67065867721324,8.786754055753477,5.579394154405719,18.615704242506123,,0.0,Neutral
2020-07-29,650.0,655.0,630.0,649.0,11616.0,653.6,658.6,638.65,57.71428570966857,8.032247956867536,6.069964914898082,18.367846302106045,,0.0,Neutral
2020-07-30,640.0,652.0,632.0,651.0,7654.0,654.4,655.7,643.3,52.56410255938527,7.509119270197743,6.3577957859580145,16.83943783701451,,0.0,Neutral
2020-08-02,640.0,642.0,626.0,635.0,8115.0,651.4,649.4,647.45,44.09937887815284,5.737333327419947,6.233703294250401,9.395034149308286,,0.0,Neutral
2020-08-03,624.0,642.0,624.0,632.0,4643.0,646.2,646.6,650.3,39.610389606788665,4.044482992452686,5.795859233890858,10.035492569431282,,0.0,Neutral
2020-08-05,620.0,622.0,610.0,615.0,6535.0,636.4,644.0,649.55,31.677018630785852,1.3159594195585669,4.8998792710244,14.165686240583737,,0.0,Neutral
2020-08-06,620.0,620.0,596.0,615.0,3577.0,629.6,641.6,649.55,29.03225806189387,-0.836769412988815,3.7525495342217567,16.879968404393647,,0.0,Neutral
2020-08-09,615.0,618.0,603.0,618.0,3649.0,623.0,638.7,649.35,21.428571426428576,-2.2745282485974485,2.5471339776579156,18.28204948394258,,0.0,Neutral
2020-08-10,616.0,649.0,616.0,646.0,7203.0,625.2,638.3,649.5,44.61538461057988,-1.141438695315287,1.809419443063275,18.049622956972822,,0.0,Neutral
2020-08-11,647.0,650.0,620.0,640.0,4820.0,626.8,636.5,648.8,49.57264956671781,-0.7193151000620901,1.303672534438202,16.714930119174255,,0.0,Neutral
2020-08-12,645.0,652.0,635.0,638.0,5824.0,631.4,633.9,647.5,49.57264956671781,-0.5399383220139953,0.9349503631477627,13.714955340794482,2020-08-12,-0.7888372540473938,Strongly Negative
2020-08-13,626.0,638.0,622.0,629.0,4467.0,634.2,631.9,645.25,42.37288135090492,-1.11119653497326,0.5257209835235582,12.688139693779933,,0.0,Neutral
2020-08-16,617.0,629.0,616.0,629.0,3392.0,636.4,629.7,642.7,40.86956521241588,-1.546100302562877,0.11135672630627114,10.770845422300603,,0.0,Neutral
2020-08-17,624.0,640.0,620.0,637.0,3352.0,634.6,629.9,639.65,40.86956521241588,-1.2310408577676526,-0.15712279050851363,10.898012051133438,,0.0,Neutral
2020-08-18,635.0,640.0,631.0,634.0,6206.0,633.4,630.1,638.35,36.60714285256696,-1.2094866960874242,-0.3675955716242958,10.959014554237218,,0.0,Neutral
2020-08-19,625.0,635.0,613.0,624.0,5689.0,630.6,631.0,637.5,38.31775700433225,-1.976537005926616,-0.6893838584847599,9.899494936610859,,0.0,Neutral
2020-08-20,625.0,636.0,625.0,632.0,538.0,631.2,632.7,637.15,41.592920348829196,-1.9168010719723725,-0.9348673011822825,8.152027695950336,,0.0,Neutral
2020-08-23,644.0,644.0,630.0,640.0,4011.0,633.4,634.9,636.8,52.38095237396825,-1.2099788892792276,-0.9898896188016715,6.556591255284758,2020-08-23,-0.6888811588287354,Strongly Negative
2020-08-24,650.0,670.0,647.0,664.0,13489.0,638.8,636.7,637.5,62.69841269144621,1.2721180218253494,-0.5374880906762673,10.944811048568985,,0.0,Neutral
2020-08-25,666.0,668.0,655.0,664.0,7852.0,644.8,639.1,637.8,72.47706421087452,3.2022837724420015,0.21046628194738642,13.963842196504489,,0.0,Neutral
2020-08-26,677.0,680.0,666.0,676.0,12846.0,655.2,642.9,638.4,75.20661156154634,5.635293591045524,1.2954317437670142,18.16865432551331,,0.0,Neutral
2020-08-27,667.0,678.0,664.0,670.0,11168.0,662.8,647.0,639.45,70.96774192747138,6.998645516264219,2.4360744982664553,19.275776393067872,,0.0,Neutral
2020-08-30,665.0,678.0,662.0,673.0,3619.0,669.4,651.4,640.55,63.636363627364545,8.22635832928438,3.5941312644700405,19.727026019031776,,0.0,Neutral
2020-08-31,679.0,689.0,670.0,680.0,11986.0,672.6,655.7,642.8,69.9999999902,9.652898472485049,4.8058847060730425,20.89151874698344,,0.0,Neutral
2020-09-02,714.0,714.0,676.0,681.0,9743.0,676.0,660.4,645.25,71.71717170702989,10.740325667613888,5.992772898381212,20.753580681682877,,0.0,Neutral
2020-09-03,675.0,708.0,671.0,706.0,26102.0,682.0,668.6,649.8,83.47826085940264,13.464203661887382,7.487059051082446,20.97193892376766,,0.0,Neutral
2020-09-06,716.0,730.0,698.0,700.0,18270.0,688.0,675.4,654.05,79.3388429660269,14.96622541054171,8.9828923229743,18.685704577445904,,0.0,Neutral
2020-09-07,692.0,704.0,686.0,696.0,17762.0,692.6,681.0,657.95,75.21367520467528,15.653379482444166,10.316989754868274,14.907119849999754,,0.0,Neutral
2020-09-08,703.0,703.0,687.0,700.0,7684.0,696.6,684.6,660.65,77.96610168566504,16.33245028541694,11.520081860978008,14.690889088896604,,0.0,Neutral
2020-09-09,710.0,735.0,702.0,729.0,34573.0,706.2,691.1,665.1,88.32116787418616,18.99175133862434,13.014415756507276,18.459866377271368,,0.0,Neutral
2020-09-10,735.0,760.0,735.0,745.0,24382.0,714.0,698.0,670.45,88.96551723278954,22.135172376452033,14.838567080496228,24.193663082166562,,0.0,Neutral
2020-09-13,759.0,759.0,740.0,745.0,20108.0,723.0,705.5,676.25,88.32116787418616,24.345713960203625,16.73999645643771,26.099169846313732,,0.0,Neutral
2020-09-14,743.0,745.0,729.0,732.0,22042.0,730.2,711.4,681.4,76.98412697557319,24.76313868866771,18.34462490288371,24.559225467339726,,0.0,Neutral
2020-09-15,726.0,732.0,715.0,722.0,12179.0,734.6,715.6,685.65,71.32352940442257,24.01025904642529,19.477751731592026,22.056493123091144,,0.0,Neutral
2020-09-16,725.0,732.0,704.0,732.0,26739.0,735.2,720.7,690.55,70.89552238065271,23.94449569086305,20.37110052344623,18.826990082210152,,0.0,Neutral
2020-09-17,725.0,765.0,725.0,760.0,40748.0,738.2,726.1,697.35,78.84615383907791,25.853718182193347,21.467624055195653,21.671537913947063,,0.0,Neutral
2020-09-20,798.0,798.0,745.0,760.0,15837.0,741.2,732.1,703.75,78.43137254184288,27.054918502384453,22.585082944633413,21.94665249088459,,0.0,Neutral
2020-09-21,765.0,805.0,754.0,785.0,32045.0,751.8,741.0,711.0,80.70175437935775,29.682013699088202,24.00446909552437,23.659623365089345,,0.0,Neutral
2020-09-22,795.0,800.0,765.0,767.0,45908.0,760.8,747.7,716.15,72.87234042010525,29.966125164322307,25.19680030928396,19.955784457982194,,0.0,Neutral
2020-09-23,756.0,777.0,756.0,767.0,20519.0,767.8,751.5,721.3,68.71165643581618,29.84722531327418,26.12688531008201,19.61433715990259,,0.0,Neutral
2020-09-24,740.0,791.0,740.0,770.0,24062.0,769.8,754.0,726.0,71.87499999371093,29.653247078825757,26.832157663830763,20.27587510099691,,0.0,Neutral
2020-09-27,775.0,781.0,758.0,758.0,7231.0,769.4,755.3,730.4,68.45238094667658,28.20607613071013,27.10694135720664,20.050214739778408,,0.0,Neutral
2020-09-28,748.0,760.0,748.0,756.0,12517.0,763.6,757.7,734.55,66.86746987387865,26.591271813745266,27.003807448514365,18.312412305443598,,0.0,Neutral
2020-09-29,750.0,758.0,749.0,758.0,9633.0,761.8,761.3,738.45,60.43165467017236,25.18262145927156,26.639570250665805,13.391954466938897,,0.0,Neutral
2020-09-30,746.0,751.0,734.0,748.0,9001.0,758.0,762.9,741.8,51.1278195434903,22.994275780304747,25.910511356593595,10.038260141418352,,0.0,Neutral
2020-10-01,741.0,769.0,741.0,761.0,13692.0,756.2,763.0,744.55,55.47945204947457,22.05475394316204,25.139359873907285,10.011104945126888,,0.0,Neutral
2020-10-04,761.0,785.0,759.0,761.0,6723.0,756.8,763.1,747.6,60.90225563268698,21.06732510844165,24.324952920814162,9.982762921940871,,0.0,Neutral
2020-10-05,756.0,771.0,752.0,755.0,9294.0,756.6,760.1,750.55,62.79069766760411,19.574982572880685,23.37495885122747,6.607235091600363,,0.0,Neutral
2020-10-06,755.0,755.0,745.0,749.0,5244.0,754.8,758.3,753.0,56.7999999936384,17.70405913250795,22.240778907483566,6.961002482090789,,0.0,Neutral
2020-10-07,749.0,756.0,739.0,745.0,9413.0,754.2,756.1,753.8,42.57425741984119,15.717391945520717,20.936101515090996,7.3703610645842454,,0.0,Neutral
2020-10-08,742.0,759.0,742.0,750.0,8314.0,752.0,754.1,754.05,45.283018861943745,14.380631135823933,19.625007439237585,5.704773829395887,,0.0,Neutral
2020-10-11,735.0,753.0,735.0,753.0,5102.0,750.4,753.6,754.45,30.952380947222224,13.408745816137525,18.381755114617572,5.54176065084252,,0.0,Neutral
2020-10-12,742.0,756.0,742.0,746.0,2913.0,748.6,752.6,755.15,35.61643834933383,11.936086425316262,17.09262137675731,5.947922139528436,,0.0,Neutral
2020-10-13,742.0,745.0,739.0,740.0,2925.0,746.8,750.8,756.05,32.91139239923089,10.167637199740398,15.707624541353928,6.795423296446759,,0.0,Neutral
2020-10-14,750.0,760.0,730.0,735.0,2483.0,744.8,749.5,756.2,28.395061723487274,8.267369148935927,14.21957346287033,8.436033823235867,,0.0,Neutral
2020-10-15,749.0,750.0,726.0,740.0,2586.0,742.8,747.4,755.2,37.83783783067932,7.083200514842019,12.792298873264668,7.848566748146554,,0.0,Neutral
2020-10-18,730.0,730.0,720.0,722.0,4123.0,736.6,743.5,753.3,31.111111106271608,4.638815396793007,11.161602177970337,9.789450103731202,,0.0,Neutral
2020-10-19,730.0,736.0,719.0,724.0,6209.0,732.2,740.4,750.25,31.111111106271608,2.830379017731275,9.495357545922525,10.616548926615415,,0.0,Neutral
2020-10-20,738.0,766.0,722.0,739.0,2872.0,732.0,739.4,748.85,45.26315788806648,2.577839073820087,8.111853851502039,10.178408520004846,2020-10-20,0.7710407972335815,Strongly Positive
2020-10-21,753.0,767.0,741.0,743.0,3223.0,733.6,739.2,747.65,39.53488371449431,2.669691379031292,7.02342135700789,10.075272259905349,,0.0,Neutral
2020-10-22,743.0,746.0,740.0,742.0,3055.0,734.0,738.4,746.25,39.080459763826134,2.6314595226692745,6.145028990140167,9.41865760664532,,0.0,Neutral
2020-10-28,742.0,755.0,739.0,755.0,3874.0,740.6,738.6,746.1,49.99999999255319,3.6085546833808166,5.637734128788297,9.77752524926971,,0.0,Neutral
2020-10-29,770.0,770.0,755.0,758.0,10173.0,747.4,739.8,746.2,54.94505493660186,4.57227818897104,5.424642940824846,11.390054140935463,,0.0,Neutral
2020-11-01,750.0,770.0,750.0,770.0,6619.0,753.6,742.8,746.8,62.62626261740639,6.232491440484978,5.586212640756873,14.868310820896129,,0.0,Neutral
2020-11-02,756.0,783.0,756.0,778.0,27209.0,760.6,747.1,748.3,63.72549018733179,8.100379413147152,6.08904599523493,18.20531058052696,,0.0,Neutral
2020-11-03,790.0,790.0,770.0,770.0,16688.0,766.2,750.1,748.75,57.94392522606341,8.83333575169263,6.637903946526469,19.341664871466353,,0.0,Neutral
2020-11-04,770.0,773.0,767.0,773.0,6460.0,769.8,755.2,749.35,63.10679610792723,9.546240737713333,7.219571304763843,17.768886665558224,2020-11-04,0.896449625492096,Strongly Positive
2020-11-05,788.0,799.0,770.0,773.0,56632.0,772.8,760.1,750.25,67.01030926867892,9.995995461943721,7.774856136199819,14.700340132123616,,0.0,Neutral
2020-11-08,776.0,777.0,761.0,767.0,10283.0,772.2,762.9,751.15,66.32653060276968,9.755820440050798,8.171048996970015,12.775410408720255,,0.0,Neutral
2020-11-09,781.0,781.0,760.0,764.0,15836.0,769.4,765.0,752.1,62.499999990885414,9.21715544637334,8.38027028685068,10.697871023926808,,0.0,Neutral
2020-11-10,777.0,777.0,765.0,768.0,11616.0,769.0,767.6,753.0,78.04878047447947,9.009173979003663,8.506051025281277,7.011102306747907,,0.0,Neutral
2020-11-11,775.0,775.0,763.0,768.0,5533.0,768.0,768.9,753.75,77.4999999864375,8.743556886574424,8.553552197539906,5.445691467177215,,0.0,Neutral
2020-11-12,775.0,775.0,765.0,770.0,13269.0,767.4,770.1,754.95,73.13432834292715,8.59535481260184,8.561912720552293,3.871548642212957,2020-11-12,0.046888493001461,Neutral
2020-11-18,769.0,775.0,760.0,770.0,13472.0,768.0,770.1,756.45,71.4285714126984,8.381289315186223,8.52578803947908,3.871548642212957,,0.0,Neutral
2020-11-19,775.0,785.0,770.0,783.0,23203.0,771.8,770.6,758.85,77.33333331889779,9.155097950371328,8.651650021657531,5.1251016250216095,,0.0,Neutral
2020-11-22,790.0,799.0,779.0,783.0,14613.0,774.8,771.9,761.0,72.58064514490115,9.657026676509304,8.852725352627886,6.436872946817175,,0.0,Neutral
2020-11-23,770.0,783.0,770.0,779.0,9208.0,777.0,772.5,763.85,66.66666665185184,9.621135773323886,9.006407436767086,6.81909084850275,,0.0,Neutral
2020-11-24,770.0,783.0,770.0,774.0,9214.0,777.8,772.6,766.35,53.57142855803571,9.08451314805518,9.022028579024706,6.834552736737432,,0.0,Neutral
2020-11-25,785.0,826.0,785.0,818.0,35424.0,787.4,777.7,770.3,71.73913042386579,12.07052661090097,9.63172818539996,15.599501416538374,,0.0,Neutral
2020-11-26,834.0,851.0,805.0,812.0,18509.0,793.2,782.5,773.75,73.33333332192592,13.79380751072722,10.46414405046541,18.10003069365503,,0.0,Neutral
2020-11-29,835.0,835.0,799.0,810.0,15869.0,798.6,786.7,777.15,70.78651684279762,14.827217816736606,11.33675880371965,19.200983771096855,,0.0,Neutral
2020-11-30,820.0,840.0,810.0,823.0,30812.0,807.4,792.2,780.55,74.50980391134179,16.50493565971567,12.370394174918856,21.038588883819514,2020-11-30,0.0210499465465545,Neutral
2020-12-01,812.0,842.0,812.0,826.0,22744.0,817.8,797.8,783.95,79.79797978669524,17.87061276564259,13.470437893063604,21.907887975697545,,0.0,Neutral
2020-12-02,820.0,908.0,819.0,908.0,49954.0,835.8,811.6,790.85,90.44943819513318,25.278244540763353,15.831999222603555,39.13850051065313,,0.0,Neutral
2020-12-03,926.0,963.0,898.0,907.0,39944.0,854.8,824.0,797.3,89.71428570710857,30.714101406846225,18.808419659452092,47.76330530159656,,0.0,Neutral
2020-12-06,910.0,910.0,821.0,821.0,23471.0,857.0,827.8,799.85,60.15325670175423,27.76254651381339,20.599245030324354,45.601656889978294,,0.0,Neutral
2020-12-07,810.0,890.0,810.0,879.0,33796.0,868.2,837.8,805.15,67.19242901911453,29.76047306184944,22.43149063662937,44.66616915146037,,0.0,Neutral
2020-12-08,895.0,913.0,863.0,870.0,20713.0,877.0,847.4,810.0,65.33742331007753,30.26870072128679,23.998932653560853,39.441095319478826,,0.0,Neutral
2020-12-09,861.0,872.0,843.0,845.0,25698.0,864.4,850.1,813.9,59.1715976306852,28.32764033228443,24.86467418930557,38.10642990362935,,0.0,Neutral
2020-12-10,840.0,878.0,840.0,860.0,14776.0,855.0,854.9,818.7,60.906515578320985,27.680625607769457,25.427864472998348,35.722541902840874,,0.0,Neutral
2020-12-13,877.0,899.0,866.0,879.0,9207.0,866.6,861.8,824.25,63.58695651932006,28.373926030354255,26.01707678446953,32.61492500886002,,0.0,Neutral
2020-12-14,896.0,912.0,885.0,905.0,32954.0,871.8,870.0,831.1,66.83804627008809,30.667834611805574,26.94722834993674,32.079761705962696,,0.0,Neutral
2020-12-15,923.0,923.0,890.0,900.0,21908.0,877.8,877.4,837.6,61.71428571181714,31.71670504329245,27.901123688607885,29.208826672014823,,0.0,Neutral
2020-12-16,914.0,971.0,890.0,961.0,50684.0,901.0,882.7,847.15,68.39506172603079,37.04312256034575,29.72952346295546,38.658188725751394,,0.0,Neutral
2020-12-17,980.0,1000.0,960.0,980.0,50714.0,925.0,890.0,857.0,70.14218009245974,42.309767366466076,32.245572243657584,49.20930354674634,,0.0,Neutral
2020-12-20,961.0,980.0,906.0,919.0,37184.0,933.0,899.8,863.8,60.21276595565324,41.08779657506227,34.01401710993852,43.350765724369474,,0.0,Neutral
2020-12-21,874.0,951.0,874.0,928.0,42652.0,937.6,904.7,871.25,60.7142857125,40.38012377182497,35.28723844231581,43.50747062287446,,0.0,Neutral
2020-12-22,946.0,992.0,946.0,975.0,31237.0,952.6,915.2,881.3,57.59637188025771,43.11479466647586,36.85274968714782,46.75182705877525,2020-12-22,0.9257676005363464,Strongly Positive
2020-12-23,1000.0,1015.0,970.0,977.0,24952.0,955.8,928.4,889.25,57.91855203436457,44.92555055639923,38.46730986099811,43.23116160055897,,0.0,Neutral
2020-12-24,985.0,985.0,939.0,958.0,11394.0,951.4,938.2,896.55,68.26666666411805,44.316592344157925,39.63716635763007,36.602367865121174,,0.0,Neutral
2020-12-27,945.0,960.0,939.0,946.0,14367.0,956.8,944.9,903.35,60.182370818107735,42.37719098306684,40.18517128271743,30.119945403526895,,0.0,Neutral
2020-12-28,936.0,950.0,918.0,937.0,9238.0,958.6,948.1,909.05,60.182370818107735,39.656837312889365,40.079504488751816,26.94211902909851,,0.0,Neutral
2020-12-29,950.0,950.0,932.0,940.0,8029.0,951.6,952.1,914.75,65.47231270059736,37.312892559184434,39.52618210283834,21.408461463228996,,0.0,Neutral
2020-12-30,941.0,977.0,934.0,970.0,19188.0,950.2,953.0,917.85,67.08074533869835,37.44441285119149,39.10982825250897,22.005049925473067,2020-12-30,0.5854834318161011,Positive
2020-12-31,989.0,1021.0,978.0,1015.0,97038.0,961.6,956.5,923.25,69.54022988225987,40.71048244918893,39.429959091844964,28.578352335685256,2020-12-31,0.9244701266288756,Strongly Positive
2021-01-03,880.0,932.0,880.0,899.0,18740.0,952.2,954.5,927.15,49.31506849157441,33.55187051087728,38.25434137565143,31.990449963844384,,0.0,Neutral
2021-01-04,916.0,916.0,890.0,906.0,28483.0,946.0,952.3,928.5,50.68181818020558,28.119318473614385,36.22733679524402,34.660416103168515,,0.0,Neutral
2021-01-05,895.0,909.0,893.0,900.0,20329.0,938.0,944.8,930.0,42.07792207639197,23.06396495754109,33.59466242770343,37.22245439397354,,0.0,Neutral
2021-01-06,893.0,917.0,893.0,914.0,21164.0,926.8,938.5,933.45,41.315789472162045,19.957189810104296,30.86716790418361,36.491247047907684,,0.0,Neutral
2021-01-07,921.0,943.0,906.0,943.0,26362.0,912.4,937.0,937.6,53.44827585991875,19.60906466826509,28.615547256999907,35.90419350314708,,0.0,Neutral
2021-01-10,961.0,1015.0,961.0,1004.0,40663.0,933.4,942.8,943.85,59.499999997917506,23.97894879168723,27.68822756393737,41.73141635640274,,0.0,Neutral
2021-01-11,1024.0,1024.0,990.0,1000.0,45417.0,952.2,949.1,948.6,53.501400558125994,26.810294486200974,27.512640948390093,45.35648918414484,,0.0,Neutral
2021-01-12,1019.0,1031.0,1000.0,1030.0,30650.0,978.2,958.1,955.1,56.88311688104841,31.116217244168183,28.23335620754571,51.81902267615109,,0.0,Neutral
2021-01-13,1030.0,1050.0,1025.0,1025.0,23434.0,1000.4,963.6,958.3,59.029649593459794,33.73634228537696,29.333953423111964,55.97459741307582,,0.0,Neutral
2021-01-17,1045.0,1068.0,1045.0,1060.0,20944.0,1023.8,968.1,962.3,64.46700507385142,38.196709855721565,31.10650470963389,62.045592555442006,,0.0,Neutral
2021-01-18,1070.0,1099.0,1055.0,1059.0,17829.0,1034.8,984.1,969.3,65.80310880590352,41.17623761190919,33.12045129008895,62.8710320152855,,0.0,Neutral
2021-01-19,1069.0,1069.0,1029.0,1029.0,27611.0,1040.6,996.4,974.35,60.774818399876885,40.64821818884354,34.62600466983987,57.71423856669808,,0.0,Neutral
2021-01-20,1030.0,1032.0,1009.0,1020.0,9919.0,1038.6,1008.4,976.6,56.37755101839468,39.053351482010385,35.51147403227398,46.907000188320424,,0.0,Neutral
2021-01-21,1020.0,1112.0,1010.0,1057.0,24329.0,1045.0,1022.7,980.6,55.4687499979777,40.31032655236049,36.47124453629129,35.289438142947134,2021-01-21,0.9206947088241576,Strongly Positive
2021-01-24,1078.0,1120.0,1040.0,1047.0,28049.0,1042.4,1033.1,985.05,76.61870503211273,40.03803834192399,37.18460329741783,22.022463279328054,,0.0,Neutral
2021-01-25,1049.0,1051.0,1005.0,1015.0,31864.0,1033.6,1034.2,988.5,67.98679867672668,36.815726628996,37.11082796373346,20.638690742293257,,0.0,Neutral
2021-01-26,1011.0,1015.0,993.0,999.0,37385.0,1027.6,1034.1,991.6,65.81469648267921,32.59521771853679,36.20770591469413,20.8243980838828,,0.0,Neutral
2021-01-27,1000.0,1020.0,1000.0,1005.0,40080.0,1024.6,1031.6,994.85,64.9180327839054,29.395728199304813,34.84531037161627,22.780108281871634,,0.0,Neutral
2021-01-28,1010.0,1080.0,1009.0,1050.0,93526.0,1023.2,1034.1,998.85,66.66666666375909,30.143755177692242,33.904999332831466,23.340237073927348,,0.0,Neutral
2021-01-31,1035.0,1049.0,1000.0,1012.0,36720.0,1016.2,1029.3,998.7,51.34228187678257,27.35495859178286,32.59499118462175,22.336069484142925,,0.0,Neutral
2021-02-01,1062.0,1071.0,1015.0,1025.0,44058.0,1018.2,1025.9,1005.0,54.071661235319205,25.895303618870457,31.255053671471494,19.750949344283615,2021-02-01,-0.2039280235767364,Negative
2021-02-02,1045.0,1079.0,1030.0,1048.0,34277.0,1028.0,1027.8,1012.1,52.99999999752667,26.291353954977694,30.262313728172735,20.959219663178004,,0.0,Neutral
2021-02-03,1065.0,1074.0,1027.0,1035.0,29701.0,1034.0,1029.3,1018.85,51.62337662103011,25.264996196030552,29.2628502217443,20.875557211469793,,0.0,Neutral
2021-02-04,1028.0,1073.0,1015.0,1060.0,59119.0,1036.0,1029.6,1026.15,49.99999999765101,26.16725155644474,28.64373048868439,21.334374974580708,,0.0,Neutral
2021-02-07,1060.0,1166.0,1060.0,1166.0,77861.0,1066.8,1041.5,1037.3,63.27543424097803,35.03178494074166,29.921341379095846,48.284458046967444,,0.0,Neutral
2021-02-08,1224.0,1282.0,1140.0,1169.0,95142.0,1095.6,1056.9,1045.55,68.61702127404085,41.81702579805983,32.300478262888646,61.61249873199828,,0.0,Neutral
2021-02-09,1172.0,1172.0,1110.0,1140.0,34079.0,1114.0,1071.0,1052.55,65.1515151492118,44.34316007888674,34.70901462608827,63.0079360080975,,0.0,Neutral
2021-02-10,1125.0,1139.0,1108.0,1110.0,29590.0,1129.0,1081.5,1056.55,56.812339329574876,43.42382756296615,36.45197721346385,59.43483826848127,,0.0,Neutral
2021-02-11,1110.0,1120.0,1067.0,1068.0,30104.0,1130.6,1083.3,1058.7,52.494061755974066,38.85826701558699,36.93323517388848,58.642135022529054,,0.0,Neutral
2021-02-14,1089.0,1091.0,1047.0,1053.0,23527.0,1108.0,1087.4,1058.35,54.70297029513406,33.641850438403026,36.274958226791384,54.38177799390447,,0.0,Neutral
2021-02-15,1074.0,1158.0,1074.0,1158.0,53060.0,1105.8,1100.7,1063.3,66.1257606472094,37.54759983874692,36.529486549182494,53.68436561152293,2021-02-15,0.0480102635920047,Neutral
2021-02-16,1215.0,1224.0,1141.0,1156.0,61620.0,1109.0,1111.5,1069.65,65.43967279976246,40.020222875042236,37.22763381435445,52.75993850557146,,0.0,Neutral
2021-02-17,1150.0,1150.0,1127.0,1134.0,14972.0,1113.8,1121.4,1075.35,59.01287553470777,39.74640647470346,37.731388346424254,45.614812409037654,,0.0,Neutral
2021-02-18,1129.0,1140.0,1117.0,1140.0,16900.0,1128.2,1129.4,1079.5,64.74654377671325,39.55755993341586,38.09662266382258,40.36279915412398,,0.0,Neutral
2021-02-21,1140.0,1162.0,1120.0,1153.0,43877.0,1148.2,1128.1,1084.8,64.74654377671325,39.99584187476103,38.47646650601027,39.24693901723823,,0.0,Neutral
2021-02-22,1150.0,1184.0,1149.0,1165.0,52325.0,1149.6,1127.7,1092.3,63.829787231929984,40.84069704960689,38.94931261472959,38.80163226807939,,0.0,Neutral
2021-02-23,1165.0,1195.0,1140.0,1185.0,45303.0,1155.4,1132.2,1101.6,67.4418604629205,42.63264116608593,39.68597832500086,42.79096477841165,,0.0,Neutral
2021-02-24,1185.0,1232.0,1178.0,1188.0,37175.0,1166.2,1140.0,1110.75,65.68627450754998,43.79006016143467,40.50679469228762,45.328431107498915,,0.0,Neutral
2021-02-25,1178.0,1220.0,1178.0,1207.0,65319.0,1179.6,1153.9,1118.6,56.38629283243175,45.713507406662984,41.5481372351627,41.98531489303478,,0.0,Neutral
2021-02-28,1208.0,1220.0,1182.0,1188.0,47338.0,1186.6,1167.4,1127.4,52.818991095728585,45.18386057706516,42.27528190354319,23.627667397932026,,0.0,Neutral
2021-03-01,1188.0,1233.0,1178.0,1230.0,50848.0,1199.6,1174.6,1137.65,62.85714285462857,47.60440667265607,43.34110685736577,30.43462939921078,,0.0,Neutral
2021-03-02,1235.0,1265.0,1215.0,1235.0,62347.0,1209.6,1182.5,1147.0,69.23076922778698,49.35720595925659,44.54432667774394,34.98332936319782,,0.0,Neutral
2021-03-03,1235.0,1268.0,1216.0,1267.0,55233.0,1225.4,1195.8,1158.6,81.58730158367548,52.720713024721135,46.17960394713938,39.48783216244651,,0.0,Neutral
2021-03-04,1275.0,1388.0,1275.0,1371.0,85106.0,1258.2,1218.9,1174.15,89.35643564046785,63.051429807923114,49.55396911929613,63.49006921471699,,0.0,Neutral
2021-03-07,1348.0,1377.0,1321.0,1326.0,37769.0,1285.8,1236.2,1182.15,74.41860464813412,66.83701783113952,53.01057886166481,67.01044694673112,,0.0,Neutral
2021-03-09,1317.0,1322.0,1281.0,1286.0,31170.0,1297.0,1248.3,1188.0,67.01570680382665,65.85037576578293,55.57853824248844,63.561081733335676,,0.0,Neutral
2021-03-10,1300.0,1317.0,1261.0,1283.0,20440.0,1306.6,1258.1,1195.15,70.52341597524152,64.08761772864318,57.28035413971939,60.18203866419321,,0.0,Neutral
2021-03-14,1283.0,1285.0,1231.0,1239.0,22896.0,1301.0,1263.2,1201.6,62.34413964869621,58.46622476246603,57.51752826426872,55.56537690965284,,0.0,Neutral
2021-03-15,1229.0,1290.0,1215.0,1249.0,26973.0,1276.6,1267.4,1210.65,62.06030150535466,54.19343853811142,56.852710319037264,52.33906550348839,,0.0,Neutral
2021-03-16,1250.0,1275.0,1250.0,1264.0,11483.0,1264.2,1275.0,1221.2,62.34413964869621,51.42480615677255,55.767129486584324,44.4522215417933,,0.0,Neutral
2021-03-17,1275.0,1289.0,1269.0,1282.0,8774.0,1263.4,1280.2,1227.4,62.15538846899705,50.10550949154367,54.634805487576195,41.549969915761345,2021-03-17,0.9328337907791138,Strongly Positive
2021-03-18,1307.0,1316.0,1283.0,1314.0,23931.0,1269.6,1288.1,1235.3,64.7196261661073,51.0535760986545,53.918559609791856,39.458698519965935,,0.0,Neutral
2021-03-21,1340.0,1409.0,1335.0,1395.0,57003.0,1300.8,1300.9,1248.35,69.18367346741107,57.67609465295891,54.67006661842527,50.943214573795665,,0.0,Neutral
2021-03-22,1420.0,1448.0,1355.0,1364.0,52267.0,1323.8,1300.2,1259.55,67.52988047620434,59.73446566099847,55.68294642693991,49.91058671932582,,0.0,Neutral
2021-03-23,1338.0,1472.0,1337.0,1445.0,84088.0,1360.0,1312.1,1274.15,69.87060997970761,67.12795330933727,57.97194780341938,67.7453565444453,,0.0,Neutral
2021-03-24,1460.0,1495.0,1457.0,1495.0,38525.0,1402.6,1333.0,1290.65,72.18430033957239,76.1441849049379,61.60639522372309,88.00757543151633,,0.0,Neutral
2021-03-25,1500.0,1500.0,1439.0,1445.0,40643.0,1428.8,1349.2,1303.65,64.73509933624786,78.35184003077961,64.9554841851344,92.57285419243622,,0.0,Neutral
2021-03-29,1501.0,1501.0,1422.0,1444.0,17315.0,1438.6,1369.7,1316.45,57.285429140115774,79.10881381848117,67.78615011180375,88.04550591093147,,0.0,Neutral
2021-03-30,1445.0,1490.0,1445.0,1470.0,15920.0,1459.8,1391.8,1329.6,64.93775933421344,80.87443358014502,70.403806805472,81.90482281282823,,0.0,Neutral
2021-03-31,1499.0,1499.0,1442.0,1459.0,28174.0,1462.6,1411.3,1343.15,69.09492273517147,80.45861506201686,72.41476845678098,70.51879182176069,,0.0,Neutral
2021-04-01,1480.0,1480.0,1410.0,1433.0,21259.0,1450.2,1426.4,1353.3,65.7563025190744,77.14184995451478,73.36018475632774,53.983948231557804,,0.0,Neutral
2021-04-04,1460.0,1460.0,1382.0,1410.0,32996.0,1443.2,1436.0,1362.05,68.79120878909214,71.82937757736045,73.05402332053428,37.920970451728465,,0.0,Neutral
2021-04-05,1430.0,1450.0,1392.0,1445.0,22521.0,1443.4,1441.0,1370.95,70.41666666461285,69.64063850605885,72.3713463576392,35.10618812183,,0.0,Neutral
2021-04-06,1465.0,1480.0,1430.0,1475.0,22495.0,1444.4,1452.1,1376.15,71.31313131111438,69.52535133046831,71.80214735220503,23.774168988883872,,0.0,Neutral
2021-04-07,1490.0,1500.0,1453.0,1466.0,23365.0,1445.8,1454.2,1383.15,68.93004115027773,67.92476620622574,71.02667112300917,24.003703417986966,,0.0,Neutral
2021-04-08,1508.0,1508.0,1460.0,1481.0,30719.0,1455.4,1452.8,1392.9,67.80383795106769,67.09325630881358,70.23998816017006,21.652816085796843,,0.0,Neutral
2021-04-12,1500.0,1606.0,1491.0,1560.0,55515.0,1485.4,1464.3,1406.75,67.66595288876377,71.9791872289743,70.5878279739309,39.900013923707334,,0.0,Neutral
2021-04-13,1560.0,1607.0,1551.0,1567.0,36537.0,1509.8,1476.6,1423.15,72.91196388031429,75.54532470512322,71.57932732016937,50.49796475547708,,0.0,Neutral
2021-04-15,1568.0,1568.0,1545.0,1554.0,33709.0,1525.6,1485.0,1438.4,64.53333333092408,76.44135463993939,72.55173278412337,55.96824496484975,,0.0,Neutral
2021-04-18,1550.0,1555.0,1515.0,1524.0,31234.0,1537.2,1491.5,1451.4,54.08450704012061,73.87908345337155,72.81720291797302,56.386069989758056,,0.0,Neutral
2021-04-19,1535.0,1540.0,1510.0,1516.0,19278.0,1544.2,1499.8,1463.1,61.341853032400046,70.39150251285969,72.33206283695036,52.813718756492804,,0.0,Neutral
2021-04-20,1510.0,1530.0,1510.0,1530.0,22188.0,1538.2,1511.8,1473.9,63.19018404636606,67.97369405504719,71.46038908056973,42.83249026408913,,0.0,Neutral
2021-04-21,1530.0,1535.0,1490.0,1496.0,18383.0,1524.0,1516.9,1478.95,53.89221556660332,62.592519974937204,69.68681525944322,36.573973745775014,,0.0,Neutral
2021-04-22,1467.0,1508.0,1467.0,1500.0,17101.0,1513.2,1519.4,1485.75,56.26911314743801,57.9822836446524,67.34590893648506,34.16691056825113,,0.0,Neutral
2021-04-25,1500.0,1500.0,1442.0,1443.0,14696.0,1497.0,1517.1,1485.65,51.39664804268281,49.16249981158421,63.709227111504894,38.64208989058688,,0.0,Neutral
2021-04-26,1451.0,1500.0,1440.0,1445.0,43359.0,1482.8,1513.5,1483.15,55.19287833598605,41.85170051431896,59.33772179206771,43.721975151086056,2021-04-26,0.3182550966739654,Positive
2021-04-27,1470.0,1515.0,1462.0,1514.0,21282.0,1479.6,1508.9,1486.6,59.29919137242537,41.151197355329714,55.700416904720115,40.594060868294996,,0.0,Neutral
2021-04-28,1589.0,1589.0,1495.0,1560.0,21935.0,1492.4,1508.2,1492.4,60.981912142496775,43.80292624950812,53.32091877367772,39.52720582081486,,0.0,Neutral
2021-04-29,1542.0,1574.0,1540.0,1549.0,24699.0,1502.2,1507.7,1496.35,60.6683804605415,44.5038200982292,51.55749903858802,38.91029569551186,,0.0,Neutral
2021-05-02,1532.0,1560.0,1532.0,1559.0,17727.0,1525.4,1511.2,1501.35,60.15624999780681,45.34350821220437,50.314700873311295,41.99153353820217,,0.0,Neutral
2021-05-03,1575.0,1714.0,1560.0,1647.0,50610.0,1565.8,1524.3,1512.05,61.06870228790086,52.504591398798084,50.75267897840865,60.15914080356643,,0.0,Neutral
2021-05-04,1648.0,1774.0,1614.0,1722.0,57597.0,1607.4,1543.5,1527.65,66.81127982443523,63.49968971993212,53.302081126713354,86.8833828889241,,0.0,Neutral
2021-05-05,1808.0,1808.0,1704.0,1796.0,54023.0,1654.6,1573.5,1545.2,73.1800766263898,77.29357370691832,58.100379642754355,115.68083486713265,,0.0,Neutral
2021-05-06,1761.0,1940.0,1726.0,1895.0,46173.0,1723.8,1613.0,1566.2,81.38747884747983,95.11734522142956,65.5037727584894,150.10958959670188,2021-05-06,0.9314282536506652,Strongly Positive
2021-05-09,1989.0,1989.0,1756.0,1839.0,39784.0,1779.8,1652.6,1584.85,75.27386541306129,103.5306437559168,73.10914695797489,152.4942257558967,,0.0,Neutral
2021-05-10,1805.0,1805.0,1769.0,1789.0,17550.0,1808.2,1687.0,1600.25,69.18518518375024,104.95381903215684,79.47808137281129,138.62980279227057,,0.0,Neutral
2021-05-11,1787.0,1815.0,1760.0,1793.0,21696.0,1822.4,1714.9,1611.9,73.02325581236849,105.19187579807522,84.62084025786407,127.57869031395451,,0.0,Neutral
2021-05-12,1804.0,1804.0,1765.0,1790.0,24380.0,1821.2,1737.9,1623.05,72.51552794873413,103.94030345458623,88.48473289720852,116.82983827393096,,0.0,Neutral
2021-05-13,1790.0,1850.0,1790.0,1823.0,35860.0,1806.8,1765.3,1636.5,80.64516128850155,104.40770058199996,91.6693264341668,98.25935070008262,,0.0,Neutral
2021-05-16,1825.0,1888.0,1801.0,1874.0,36432.0,1813.8,1796.8,1654.0,82.062780267341,107.65243963530679,94.8659490743948,71.66868214221545,2021-05-16,0.8939490914344788,Strongly Positive
2021-05-17,1875.0,1882.0,1841.0,1848.0,20427.0,1825.6,1816.9,1670.6,76.67731629221488,106.89373160430455,97.27150558037675,49.85412052514111,,0.0,Neutral
2021-05-18,1848.0,1851.0,1832.0,1843.0,19363.0,1835.6,1829.0,1686.25,74.18803418625875,104.68227965290043,98.7536603948815,37.38686638085318,,0.0,Neutral
2021-05-19,1853.0,1860.0,1810.0,1823.0,23158.0,1842.2,1831.7,1702.6,73.06397306225102,100.16125855532823,99.03518002697086,35.67460970746249,,0.0,Neutral
2021-05-20,1818.0,1820.0,1802.0,1812.0,12065.0,1840.0,1823.4,1718.2,71.26050420000395,94.60021628736922,98.14818727905055,28.17879423336673,,0.0,Neutral
2021-05-23,1788.0,1809.0,1770.0,1799.0,11285.0,1825.0,1819.4,1736.0,64.61538461364498,88.12817215962514,96.14418425516547,28.554820569909797,,0.0,Neutral
2021-05-24,1800.0,1800.0,1780.0,1780.0,13362.0,1811.4,1818.5,1752.75,56.2499999983028,80.53750314604031,93.02284803334044,29.736808466608213,,0.0,Neutral
2021-05-25,1752.0,1806.0,1752.0,1779.0,12065.0,1798.6,1817.1,1766.0,47.8260869548093,73.59281941008612,89.13684230868958,31.356197331836533,,0.0,Neutral
2021-05-27,1691.0,1750.0,1658.0,1689.0,39755.0,1771.8,1807.0,1772.45,23.03664921381541,60.133676090918925,83.33620906513545,51.103381057983746,,0.0,Neutral
2021-05-30,1680.0,1710.0,1630.0,1633.0,29080.0,1736.0,1788.0,1776.65,23.03664921381541,44.43624270876876,75.55621579386211,74.47147104765617,,0.0,Neutral
2021-05-31,1652.0,1700.0,1606.0,1652.0,18992.0,1706.6,1765.8,1781.3,30.48433048311459,33.146957378494335,67.07436411078857,78.94132842393246,2021-05-31,0.9302043914794922,Strongly Positive
2021-06-01,1685.0,1685.0,1628.0,1635.0,7473.0,1677.6,1744.5,1780.7,28.29670329561496,22.568207249322086,58.17313273849527,82.93270364177882,,0.0,Neutral
2021-06-02,1635.0,1771.0,1635.0,1771.0,16215.0,1676.0,1737.3,1783.15,48.08853118576813,24.871828005676207,51.51287179193146,76.29045374969986,,0.0,Neutral
2021-06-03,1771.0,1779.0,1730.0,1741.0,21404.0,1686.4,1729.1,1780.4,41.7004048571178,24.000057054037143,46.0103088443526,70.22100034099932,,0.0,Neutral
2021-06-06,1720.0,1741.0,1700.0,1709.0,7371.0,1701.6,1718.8,1771.1,32.63157894640665,20.490834148291015,40.90641390514028,63.98749877907177,,0.0,Neutral
2021-06-07,1700.0,1789.0,1668.0,1789.0,11943.0,1729.0,1717.8,1768.6,44.423440452510526,23.88969558511917,37.503070241136065,62.65921941565732,,0.0,Neutral
2021-06-08,1760.0,1760.0,1671.0,1738.0,22400.0,1749.6,1713.6,1766.05,40.869565216396225,22.21199790075275,34.4448557730594,59.34681494778083,,0.0,Neutral
2021-06-09,1737.0,1737.0,1691.0,1691.0,9118.0,1733.6,1704.8,1760.95,39.03654484959051,16.89514646256498,30.934913910960518,54.93187700336467,,0.0,Neutral
2021-06-10,1770.0,1770.0,1658.0,1698.0,22717.0,1725.0,1705.7,1756.35,40.46822742380174,13.095389393186451,27.367009007405706,54.71755761282467,,0.0,Neutral
2021-06-13,1614.0,1711.0,1614.0,1675.0,19564.0,1718.2,1709.9,1748.95,39.80263157803086,8.134378704719666,23.5204829468685,49.918711699917324,,0.0,Neutral
2021-06-14,1643.0,1671.0,1643.0,1665.0,13790.0,1693.4,1711.2,1738.5,40.40066777868846,3.3571266986020873,19.48781169721522,48.389163157806315,,0.0,Neutral
2021-06-15,1642.0,1655.0,1632.0,1637.0,9989.0,1673.2,1711.4,1727.95,38.65814696399167,-2.657610647485626,15.058727228275053,48.042111157255924,,0.0,Neutral
2021-06-16,1619.0,1740.0,1616.0,1670.0,34145.0,1669.0,1701.3,1719.3,48.33040421673704,-4.707246908409161,11.105532400938213,44.6145218012837,,0.0,Neutral
2021-06-17,1690.0,1702.0,1640.0,1645.0,9698.0,1658.4,1691.7,1710.4,51.1152416343576,-8.253745438666556,7.23367683301726,45.44361585771823,,0.0,Neutral
2021-06-20,1650.0,1650.0,1576.0,1590.0,19131.0,1641.4,1679.8,1699.3,44.599303134800714,-15.32574576364118,2.7217923136855715,54.988483642804155,2021-06-20,0.9033527970314026,Strongly Positive
2021-06-21,1571.0,1600.0,1538.0,1538.0,16285.0,1616.0,1654.7,1686.25,42.03612479377914,-24.839982533765124,-2.7905626558045675,56.858596535629886,,0.0,Neutral
2021-06-22,1540.0,1600.0,1530.0,1554.0,13307.0,1599.4,1636.3,1674.95,27.81186093989905,-30.73472664102701,-8.379395452849057,56.67852817034907,,0.0,Neutral
2021-06-23,1584.0,1590.0,1510.0,1532.0,12604.0,1571.8,1620.4,1662.6,28.27442827360531,-36.75784835878471,-14.055086034036188,61.70755401264642,,0.0,Neutral
2021-06-24,1505.0,1522.0,1492.0,1494.0,11069.0,1541.6,1600.0,1652.85,27.926078027944627,-44.08926453812455,-20.06192173485386,66.71997868372677,,0.0,Neutral
2021-06-27,1522.0,1523.0,1498.0,1517.0,5744.0,1527.0,1584.2,1647.05,18.37209302265765,-47.49605197734354,-25.548747783351796,65.68578401925016,,0.0,Neutral
2021-06-28,1538.0,1594.0,1533.0,1555.0,15038.0,1530.4,1573.2,1642.2,28.05755395589256,-46.59258285448277,-29.75751479757799,59.577773633398245,,0.0,Neutral
2021-06-29,1585.0,1616.0,1550.0,1561.0,16080.0,1531.8,1565.6,1638.5,32.71276595622878,-44.87513459179149,-32.78103875642069,55.22318353736331,2021-06-29,0.913339912891388,Strongly Positive
2021-06-30,1550.0,1592.0,1530.0,1560.0,5917.0,1537.4,1554.6,1627.95,31.35135135016509,-43.097930003166994,-34.844417005769955,41.323117017007434,,0.0,Neutral
2021-07-01,1590.0,1591.0,1539.0,1539.0,5992.0,1546.4,1544.0,1617.85,31.521739129235584,-42.88960241945074,-36.45345408850611,26.491088648431283,,0.0,Neutral
2021-07-04,1522.0,1560.0,1522.0,1527.0,2585.0,1548.4,1537.7,1608.75,31.35135135016509,-43.19487736190149,-37.80173874318519,21.323174664646704,,0.0,Neutral
2021-07-05,1550.0,1550.0,1502.0,1504.0,4136.0,1538.2,1534.3,1594.5,31.780821916589233,-44.776561406705696,-39.19670327588929,23.832983680444954,,0.0,Neutral
2021-07-06,1534.0,1534.0,1500.0,1502.0,4305.0,1526.4,1529.1,1582.7,24.850299400155976,-45.66504250839921,-40.49037112239128,24.713693909812367,,0.0,Neutral
2021-07-07,1532.0,1549.0,1502.0,1505.0,5700.0,1515.4,1526.4,1573.4,27.564102562865713,-45.601430351510544,-41.512582968215135,25.81214184580368,,0.0,Neutral
2021-07-08,1530.0,1530.0,1500.0,1526.0,7179.0,1512.8,1529.6,1564.8,38.48920863115523,-43.356703671879586,-41.881407108948025,23.200574705551983,,0.0,Neutral
2021-07-11,1556.0,1560.0,1538.0,1554.0,13217.0,1518.2,1533.3,1558.75,53.14960629628309,-38.87030295511022,-41.27918627818046,23.907460481362477,2021-07-11,0.9060488343238832,Strongly Positive
2021-07-12,1581.0,1581.0,1515.0,1564.0,9967.0,1530.2,1534.2,1553.7,52.01612902932167,-34.11462942538947,-39.846274907622266,24.961303384797645,,0.0,Neutral
2021-07-13,1534.0,1569.0,1534.0,1557.0,3733.0,1541.2,1533.8,1549.7,55.36480686362614,-30.558308233438538,-37.988681572785524,24.512128517239944,,0.0,Neutral
2021-07-14,1543.0,1566.0,1536.0,1555.0,4189.0,1551.2,1533.3,1543.95,65.48223349788452,-27.583318031956424,-35.907608864619704,23.963166179254678,2021-07-14,0.8277279734611511,Strongly Positive
2021-07-15,1530.0,1562.0,1526.0,1546.0,11410.0,1555.2,1534.0,1539.0,57.92349726332826,-25.656094164334263,-33.85730592456262,24.24871130598993,,0.0,Neutral
2021-07-18,1576.0,1656.0,1553.0,1654.0,22374.0,1575.2,1546.7,1542.2,69.56521738745488,-15.23839917785699,-30.133524575221493,44.75873595674614,2021-07-18,0.9129294157028198,Strongly Positive
2021-07-19,1654.0,1697.0,1654.0,1670.0,17640.0,1596.4,1563.3,1548.8,70.72243345631135,-5.626377189274081,-25.232095098032012,56.42507322893083,,0.0,Neutral
2021-07-20,1645.0,1680.0,1645.0,1645.0,11753.0,1614.0,1577.6,1553.35,64.8083623661766,-0.025774466717393807,-20.190830971769092,57.2774921859579,,0.0,Neutral
2021-07-22,1658.0,1666.0,1634.0,1640.0,10697.0,1631.0,1591.1,1558.75,68.63468634331777,3.963595466530478,-15.35994568410918,54.085220819670354,,0.0,Neutral
2021-07-25,1660.0,1664.0,1635.0,1645.6,6948.0,1650.92,1603.06,1566.33,72.4111866930697,7.49072466817438,-10.789811613652468,51.23879172833024,,0.0,Neutral
2021-07-26,1650.0,1694.0,1635.1,1675.0,25883.0,1655.1200000000001,1615.16,1574.23,81.54981549394208,12.514079744468972,-6.129033342028181,52.6340658593876,,0.0,Neutral
2021-07-27,1642.0,1650.0,1580.0,1649.0,22430.0,1650.92,1623.66,1578.9299999999998,74.91525423373284,14.233072129093443,-2.0566122478038555,50.26419534156315,,0.0,Neutral
2021-07-28,1650.0,1683.0,1637.5,1645.0,16755.0,1650.92,1632.46,1583.1299999999999,73.64864864516527,15.098572463153914,1.3744246943876983,44.69134144329873,,0.0,Neutral
2021-07-29,1677.9,1677.9,1637.0,1641.0,8798.0,1651.1200000000001,1641.06,1587.1799999999998,70.60931899287266,15.285519192538914,4.156643594017941,35.448121718010235,,0.0,Neutral
2021-08-01,1673.8,1699.0,1642.0,1699.0,20873.0,1661.8,1656.36,1595.1799999999998,73.46278316819263,19.884574103680507,7.302229695950455,19.11620603924611,,0.0,Neutral
2021-08-02,1732.9,1765.0,1690.0,1732.0,50794.0,1673.2,1664.1599999999999,1605.4299999999998,75.30120481610176,25.893696052823543,11.020522967325073,30.543782782560907,2021-08-02,-0.3106421232223511,Negative
2021-08-03,1750.0,1820.0,1707.0,1780.0,37770.0,1699.4,1675.1599999999999,1619.23,79.89276139110322,34.135672553686845,15.643552884597428,47.80876721087726,2021-08-03,0.9144495129585266,Strongly Positive
2021-08-04,1815.6,1815.6,1720.0,1729.0,47304.0,1716.2,1683.56,1630.58,70.61611374173312,36.135674968281364,19.741977301334217,49.2776983589657,,0.0,Neutral
2021-08-05,1694.5,1725.0,1678.0,1698.9,29818.0,1727.78,1689.45,1640.275,67.2534416588997,34.889686262128635,22.7715190934931,46.95807231517526,2021-08-05,0.5329503417015076,Positive
2021-08-08,1720.0,1732.0,1650.0,1670.0,19622.0,1721.98,1691.89,1647.475,52.19780219579458,31.210467916713924,24.459308858137266,45.020352187791595,,0.0,Neutral
2021-08-09,1652.0,1660.0,1638.0,1642.0,25994.0,1703.98,1688.5900000000001,1651.875,46.27659574295779,25.73859635928966,24.715166358367746,47.53516709882045,2021-08-09,0.9291759133338928,Strongly Positive
2021-08-10,1659.0,1670.0,1642.0,1650.0,10591.0,1677.98,1688.69,1656.175,50.696378828106546,21.796376804506735,24.131408447595543,47.44359106702406,,0.0,Neutral
2021-08-11,1652.0,1680.0,1639.0,1640.0,11328.0,1660.1799999999998,1688.19,1660.325,49.99999999807692,17.661630694012956,22.83745289687903,47.97852413090098,,0.0,Neutral
2021-08-12,1672.0,1672.0,1629.0,1635.0,10483.0,1647.4,1687.5900000000001,1664.325,48.54155200693567,13.822024702098815,21.034367257922987,48.666813926734974,,0.0,Neutral
2021-08-15,1635.0,1702.0,1630.0,1667.0,27512.0,1646.8,1684.39,1670.375,48.90710382326585,13.208976991030795,19.469289204544552,48.88477268026985,,0.0,Neutral
2021-08-16,1675.0,1710.0,1666.0,1685.0,25544.0,1655.4,1679.69,1671.925,55.02793295874192,14.014036738872164,18.378238711410077,45.97130626816736,,0.0,Neutral
2021-08-17,1700.0,1700.0,1655.0,1659.0,8878.0,1657.2,1667.5900000000001,1671.375,51.84210526124792,12.411003359102551,17.18479164094857,29.668780823572156,,0.0,Neutral
2021-08-18,1650.0,1679.0,1632.0,1645.0,9721.0,1658.2,1659.19,1671.375,50.512820511007234,9.896820473424441,15.727197407443745,20.964650141539114,,0.0,Neutral
2021-08-19,1658.0,1683.0,1630.1,1641.0,14579.0,1659.4,1653.4,1671.425,41.36904761732391,7.495146469278325,14.080787219810661,16.24260515507847,,0.0,Neutral
2021-08-24,1650.0,1652.0,1625.0,1626.0,7663.0,1651.2,1649.0,1670.4450000000002,33.33333333186583,4.331497076066853,12.1309291910619,17.178798302345115,2021-08-24,0.9291753172874452,Strongly Positive
2021-08-25,1620.0,1625.0,1606.0,1606.7,6279.0,1635.54,1645.47,1667.03,20.04839267099662,0.2638914594360813,9.757521644736737,21.786032732550314,,0.0,Neutral
2021-08-26,1630.0,1630.0,1590.0,1599.0,12092.0,1623.54,1640.3700000000001,1664.53,23.57723577101592,-3.540231362248278,7.097971043339735,26.141752470401347,,0.0,Neutral
2021-08-29,1620.0,1630.0,1568.0,1576.0,10309.0,1609.74,1633.97,1661.08,24.277940559481394,-8.315082788214568,4.015360277028874,33.13990712790143,,0.0,Neutral
2021-08-31,1555.1,1560.5,1515.0,1526.0,11676.0,1586.74,1623.0700000000002,1655.33,22.30769230649112,-15.949908460544975,0.022306529514104056,47.55422752560491,,0.0,Neutral
2021-09-01,1535.0,1540.0,1490.0,1501.1,17826.0,1561.76,1606.48,1645.4350000000002,22.576878161478874,-23.73616893361782,-4.7293885631122805,58.25918716297256,2021-09-01,0.8887598514556885,Strongly Positive
2021-09-02,1491.0,1550.0,1486.0,1510.0,10141.0,1542.42,1588.98,1634.335,22.847168346315527,-28.856046296468776,-9.55472010978358,58.33590089588608,,0.0,Neutral
2021-09-05,1490.0,1505.0,1442.0,1450.5,14463.0,1512.72,1568.1299999999999,1617.8600000000001,19.166937844880152,-37.28494113862848,-15.10076431555256,67.1270611105131,,0.0,Neutral
2021-09-06,1460.0,1529.0,1440.0,1518.0,18036.0,1501.1200000000001,1555.4299999999998,1607.31,34.180638181507504,-38.07926113019403,-19.696463678480853,62.84504842159237,2021-09-06,0.9247888326644896,Strongly Positive
2021-09-07,1520.0,1524.0,1470.0,1492.0,5978.0,1494.3200000000002,1540.53,1596.965,25.9483232535369,-40.34171398819876,-23.825513740424434,57.76056036201909,,0.0,Neutral
2021-09-08,1472.0,1500.0,1460.0,1480.0,5441.0,1490.1,1525.9299999999998,1587.465,21.352711010902937,-42.611821338621894,-27.582775260063926,51.91199925515991,,0.0,Neutral
2021-09-09,1490.0,1490.0,1461.0,1475.0,5970.0,1483.1,1512.7599999999998,1579.115,22.684085509745927,-44.30365107084958,-30.92695042222106,45.447508182528516,,0.0,Neutral
2021-09-12,1504.0,1517.0,1482.0,1517.0,5489.0,1496.4,1504.56,1572.465,32.45614034963164,-41.77384643289861,-33.09632962435657,34.15247510146979,,0.0,Neutral
2021-09-13,1536.0,1546.5,1505.2,1505.2,7527.0,1493.84,1497.48,1565.725,31.776704239278402,-40.25706107344536,-34.52847591417433,23.316651179428582,,0.0,Neutral
2021-09-14,1510.0,1604.0,1491.0,1550.0,24223.0,1505.44,1499.8799999999999,1561.475,40.556660038350415,-35.036137375030876,-34.630008206345636,27.447639040358737,,0.0,Neutral
2021-09-15,1570.0,1601.0,1527.0,1541.1,11753.0,1517.6599999999999,1503.88,1555.1799999999998,41.6326530597376,-31.256369379121907,-33.95528044090089,30.400942967847,,0.0,Neutral
2021-09-16,1530.1,1530.1,1470.0,1491.0,12271.0,1520.86,1501.98,1545.48,37.56906077226987,-31.935395942108926,-33.5513035411425,30.56922199425883,,0.0,Neutral
2021-09-20,1490.0,1490.0,1416.1,1420.0,13924.0,1501.4599999999998,1498.93,1533.53,33.830845770162455,-37.76727833827135,-34.394498500568275,37.100166217070566,,0.0,Neutral
2021-09-21,1420.0,1448.6,1363.8,1410.0,14369.0,1482.42,1488.13,1521.78,36.88969258472772,-42.70374143112508,-36.05634708667964,45.66335876098271,,0.0,Neutral
2021-09-22,1438.0,1447.0,1400.0,1418.0,21845.0,1456.02,1480.73,1510.6299999999999,40.23501762499815,-45.44651175821991,-37.93438002098769,50.686313076945964,2021-09-22,0.9254526495933532,Strongly Positive
2021-09-23,1446.0,1446.0,1390.0,1400.0,21922.0,1427.8,1472.73,1499.33,37.344684766399396,-48.51339435912632,-40.05018288861542,56.763369448191895,,0.0,Neutral
2021-09-26,1428.0,1428.0,1364.0,1378.0,8461.0,1405.2,1463.0300000000002,1487.895,40.87131704716142,-52.118349167709766,-42.46381614443429,64.14085281628839,,0.0,Neutral
2021-09-27,1378.0,1378.0,1310.0,1328.0,14900.0,1386.8,1444.13,1474.3449999999998,24.973656479584747,-58.337406648307024,-45.63853424520884,73.61663534827358,,0.0,Neutral
2021-09-28,1302.0,1310.0,1266.0,1266.2,15309.0,1358.04,1420.23,1458.855,22.821376985268415,-67.47498835933561,-50.0058250680342,88.81448893308459,,0.0,Neutral
2021-09-29,1260.0,1325.0,1259.9,1286.0,6147.0,1331.64,1393.83,1446.855,27.07939508417033,-72.28562943368183,-54.461785941163726,85.11427677605879,,0.0,Neutral
2021-09-30,1310.0,1377.0,1291.0,1330.0,28693.0,1317.64,1372.7199999999998,1438.3,34.314149717697106,-71.72091085166016,-57.913610923263015,69.22544169435176,,0.0,Neutral
2021-10-03,1321.0,1335.0,1296.0,1335.0,7446.0,1309.0400000000002,1357.12,1429.55,28.598306678268145,-70.06227480190933,-60.34334369899228,55.90517368226914,,0.0,Neutral
2021-10-04,1361.7,1365.0,1295.0,1321.5,21794.0,1307.7400000000002,1347.27,1423.1,28.484422580466642,-69.04126621817954,-62.082928202829734,52.14633363057553,,0.0,Neutral
2021-10-05,1347.9,1425.0,1347.0,1404.0,86382.0,1335.3,1346.6699999999998,1417.4,34.28755918966847,-60.87333908029245,-61.84101037832228,51.37314581677171,2021-10-05,0.9090490341186525,Strongly Positive
2021-10-06,1432.0,1480.0,1407.0,1467.0,36702.0,1371.5,1351.57,1416.15,42.857142855986126,-48.75461167505,-59.22373063766783,60.464903502410024,,0.0,Neutral
2021-10-10,1481.0,1496.0,1425.0,1435.0,24227.0,1392.5,1355.07,1413.9,44.40671194442331,-41.25698066894779,-55.63038064392383,64.46070379179513,,0.0,Neutral
2021-10-11,1430.0,1430.0,1353.0,1385.0,20267.0,1402.5,1355.77,1409.4,46.35112593692887,-38.90120730896501,-52.28454597693207,64.77461865748376,,0.0,Neutral
2021-10-17,1400.0,1405.0,1381.0,1389.9,6183.0,1416.1799999999998,1361.96,1403.045,47.881981031253225,-36.22131413736656,-49.07189960901898,64.78364334031154,,0.0,Neutral
2021-10-18,1389.9,1389.9,1338.0,1380.0,9879.0,1411.3799999999999,1373.3400000000001,1396.785,46.011754826523585,-34.49864781617248,-46.15724925044968,55.41029186391949,,0.0,Neutral
2021-10-19,1353.0,1407.6,1296.0,1407.6,14098.0,1399.5,1385.5,1389.665,50.78189300265237,-30.554124085138483,-43.03662421738744,46.78499284552583,,0.0,Neutral
2021-10-20,1420.0,1541.0,1365.0,1541.0,23600.0,1420.7,1406.6,1389.66,63.64245061785906,-16.473894676662667,-37.724078309242486,63.54999781449761,,0.0,Neutral
2021-10-21,1510.2,1695.1,1407.0,1695.1,44201.0,1482.7199999999998,1442.6100000000001,1399.8650000000002,76.16535994145927,7.038238275011054,-28.77161499239178,106.18951036289636,,0.0,Neutral
2021-10-24,1661.2,1661.2,1525.6,1525.6,19957.0,1509.8600000000001,1463.02,1405.145,66.0281759751305,11.857849695553114,-20.645722054802803,99.74408141728718,,0.0,Neutral
2021-10-25,1495.1,1520.9,1435.9,1465.0,74824.0,1526.8600000000001,1469.1200000000001,1407.895,60.52941176370892,10.66457830486047,-14.38366198287015,97.57526781356815,,0.0,Neutral
2021-10-26,1489.0,1585.0,1465.0,1482.0,41414.0,1541.74,1470.6200000000001,1411.095,59.23450789692675,10.964270767367452,-9.31407543282263,97.65432003871045,,0.0,Neutral
2021-10-27,1455.0,1499.0,1453.0,1470.0,18881.0,1527.54,1474.1200000000001,1414.595,58.13253011950138,10.116858642353236,-5.427888617787457,96.85980475810622,,0.0,Neutral
2021-10-28,1470.0,1490.0,1453.0,1471.0,26825.0,1482.72,1482.72,1419.2450000000001,59.14373088583729,9.417412007172743,-2.4588284927954174,91.75096487534213,,0.0,Neutral
2021-10-31,1475.0,1525.0,1467.0,1503.0,28297.0,1478.2,1494.03,1427.9950000000001,56.45371577471923,11.314798124827348,0.29589683072913564,85.81680811796903,,0.0,Neutral
2021-11-01,1530.0,1531.0,1460.0,1460.0,31345.0,1477.2,1502.03,1437.685,49.53145916908509,9.24221120133916,2.0851597048511405,77.31315900644825,,0.0,Neutral
2021-11-02,1465.0,1476.0,1455.0,1463.1,11284.0,1473.4199999999998,1507.5800000000002,1446.54,51.95655201124162,7.760358640756294,3.2201994920321715,71.55915656916105,,0.0,Neutral
2021-11-03,1489.9,1490.0,1467.0,1468.5,11905.0,1473.12,1500.3300000000002,1453.465,56.198960652135426,6.9416951401199185,3.9644986216497213,71.46960581643319,,0.0,Neutral
2021-11-08,1470.0,1484.9,1451.0,1466.0,6648.0,1472.12,1477.42,1460.0149999999999,55.66979585638596,6.021754276201136,4.375949752560004,20.99115157501222,,0.0,Neutral
2021-11-09,1495.3,1520.0,1430.0,1454.0,29483.0,1462.32,1470.26,1466.6399999999999,55.49613784792491,4.275113949470551,4.355782591942114,13.663349190874788,2021-11-09,0.5463339686393737,Positive
2021-11-11,1430.0,1445.0,1410.2,1416.0,11764.0,1453.52,1465.3600000000001,1467.24,50.614394381643365,-0.17339472759158525,3.449947128035374,22.001424196340473,,0.0,Neutral
2021-11-14,1416.0,1430.0,1402.2,1405.0,8436.0,1441.9,1457.66,1464.1399999999999,37.88310762556956,-4.534210417852819,1.8531156188577356,28.146647718305587,,0.0,Neutral
2021-11-15,1433.0,1433.0,1405.0,1416.0,4001.0,1431.4,1452.26,1463.19,16.622817507216652,-7.021639116287133,0.07816467182876186,30.590092804343954,,0.0,Neutral
2021-11-16,1426.0,1438.0,1412.0,1431.0,3894.0,1424.4,1448.26,1465.49,32.05614567356304,-7.693879388664072,-1.4762441402698052,30.482388357879397,,0.0,Neutral
2021-11-17,1458.0,1458.0,1440.0,1440.0,8742.0,1421.6,1441.96,1467.995,44.103773581993146,-7.414935107607334,-2.6639823337373114,23.658317776218897,,0.0,Neutral
2021-11-18,1462.0,1468.8,1439.0,1444.0,15904.0,1427.2,1440.3600000000001,1471.195,40.45226130368678,-6.792800014384966,-3.4897458698668427,22.829230775002596,2021-11-18,0.906507670879364,Strongly Positive
2021-11-21,1472.0,1472.0,1446.0,1449.0,7910.0,1436.0,1438.95,1473.2649999999999,44.531249996752926,-5.829101009559281,-3.9576168978053303,21.674934320046262,,0.0,Neutral
2021-11-22,1450.0,1463.0,1450.0,1452.0,9938.0,1443.2,1437.3,1468.815,45.10309278025029,-4.768321435869211,-4.119757805418107,19.714912573438212,,0.0,Neutral
2021-11-23,1452.0,1455.0,1405.0,1405.0,16729.0,1438.0,1431.2,1454.31,26.555023921666162,-7.632174232142006,-4.822241090762887,19.28038727136568,,0.0,Neutral
2021-11-24,1433.1,1449.0,1385.0,1440.0,30382.0,1438.0,1429.8,1450.03,45.024875618754486,-6.996934408912466,-5.257179754392803,17.899720668225534,2021-11-24,0.9092909693717957,Strongly Positive
2021-11-25,1224.0,1224.0,1200.0,1215.0,17686.0,1392.2,1409.7,1437.53,20.666824307662964,-24.36822019516967,-9.079387842548176,70.5471473555126,,0.0,Neutral
2021-11-28,1215.0,1215.0,1139.8,1165.0,18417.0,1335.4,1385.7,1421.6799999999998,17.540106951346402,-41.68910541009859,-15.60133135605826,104.82159446729936,,0.0,Neutral
2021-11-29,1159.0,1180.0,1141.0,1141.0,6621.0,1273.2,1358.2,1405.23,16.76891615493912,-56.69903991854585,-23.82087306855578,129.22228909905667,,0.0,Neutral
2021-11-30,1155.0,1155.0,1116.0,1125.0,4967.0,1217.2,1327.6,1387.9299999999998,16.632860040095608,-69.08917048877038,-32.8745325525987,145.2983138236643,2021-11-30,0.856306791305542,Strongly Positive
2021-12-01,1147.5,1237.5,1097.6,1110.0,15227.0,1151.2,1294.6,1368.28,17.4468085101186,-79.20577796699467,-42.1407816354779,154.1393309098402,,0.0,Neutral
2021-12-02,1120.0,1201.3,1095.0,1095.2,8590.0,1127.2400000000002,1259.7199999999998,1350.04,17.306880539800986,-87.4098917693982,-51.19460366226196,156.02857857883936,,0.0,Neutral
2021-12-05,1082.0,1090.0,1050.0,1052.0,6591.0,1104.64,1220.02,1329.4850000000001,14.03162055297146,-96.2876459818865,-60.213212126186875,152.99384010838688,,0.0,Neutral
2021-12-06,1045.0,1157.2,1000.0,1157.2,14823.0,1107.88,1190.54,1313.92,27.0379067420689,-93.75383351609366,-66.92133640416823,130.0021213502109,,0.0,Neutral
2021-12-07,1180.3,1180.3,1068.2,1097.0,27234.0,1102.2800000000002,1159.74,1295.47,23.50942230409464,-95.50251225638613,-72.63757157461181,108.20515699355217,,0.0,Neutral
2021-12-08,1100.0,1100.0,1018.3,1045.0,18785.0,1089.2800000000002,1120.24,1275.02,21.311475409407024,-99.93236013261071,-78.09652928621159,52.06011909320883,,0.0,Neutral
2021-12-09,1027.0,1044.0,1015.0,1030.0,5933.0,1076.2400000000002,1101.74,1255.72,20.300538701043095,-103.46078954979407,-83.16938133892809,47.297643821971896,,0.0,Neutral
2021-12-12,1049.0,1049.0,952.0,970.0,17739.0,1059.8400000000001,1082.24,1233.97,18.38929695664028,-109.8325130014357,-88.50200767142962,57.43083182788983,,0.0,Neutral
2021-12-13,950.6,974.9,878.1,900.0,18340.0,1008.4,1058.1399999999999,1208.17,17.850776673987895,-119.15699703903033,-94.63300554494978,77.1976424510413,,0.0,Neutral
2021-12-14,912.0,988.0,912.0,988.0,6753.0,986.6,1044.44,1186.02,23.043893129386205,-118.08464695977796,-99.32333382791542,76.16337994366584,,0.0,Neutral
2021-12-15,1007.0,1049.0,955.5,970.0,18656.0,971.6,1030.44,1162.52,30.598669622381408,-117.33469009472537,-102.92560508127741,75.63872024299917,,0.0,Neutral
2021-12-16,970.0,984.0,950.0,955.0,6009.0,956.6,1016.4200000000001,1138.0700000000002,32.394366196422666,-116.60655078341915,-105.66179422170578,75.29399858037061,,0.0,Neutral
2021-12-20,950.0,969.0,946.0,948.0,2897.0,952.2,1006.0200000000001,1113.02,33.34483948832097,-115.26562624284111,-107.58256062593284,76.99670700028328,,0.0,Neutral
2021-12-21,966.9,968.9,950.0,967.0,8851.0,965.6,987.0,1088.77,36.435439559563704,-111.38580643192859,-108.343209787132,56.18026541607574,,0.0,Neutral
2021-12-22,986.0,1025.0,976.0,1016.0,9368.0,971.2,978.9,1069.3200000000002,42.3750811151959,-103.16787573754505,-107.30814297721462,42.8056330664631,,0.0,Neutral
2021-12-23,1035.0,1035.0,1000.0,1005.0,9072.0,978.2,974.9,1047.5700000000002,42.63793666242747,-96.43111663809862,-105.13273770939142,37.48021700397565,,0.0,Neutral
2021-12-26,1025.0,1071.0,1023.1,1070.0,15408.0,1001.2,978.9,1040.3200000000002,51.4186633027745,-84.86891373524941,-101.07997291456303,45.32708290242051,,0.0,Neutral
2021-12-27,1091.0,1100.0,1029.0,1030.0,15714.0,1017.6,984.9,1033.5700000000002,38.82642304893961,-78.03392384002268,-96.47076309965496,47.91531882160715,,0.0,Neutral
2021-12-28,1014.0,1035.0,1010.0,1013.5,8288.0,1026.9,996.25,1027.1950000000002,42.05518553646285,-73.10583860769384,-91.79777820126274,37.98336624247043,,0.0,Neutral
2021-12-29,1033.0,1054.0,1030.0,1035.0,4757.0,1030.7,1000.95,1022.695,48.989898988513424,-66.69658848427162,-86.77754025786452,39.71736955593858,,0.0,Neutral
2022-01-02,1035.0,1082.0,1030.0,1079.0,12952.0,1045.5,1011.85,1021.1450000000001,54.67557251762318,-57.40504962991781,-80.90304213227517,44.898682237514144,,0.0,Neutral
2022-01-03,1079.0,1142.0,1079.0,1130.0,17110.0,1057.5,1029.35,1022.885,65.53398058074276,-45.402789278159844,-73.8029915614521,53.549587611222655,,0.0,Neutral
2022-01-04,1130.0,1179.9,1113.0,1156.0,18097.0,1082.7,1050.15,1028.085,77.17622080450008,-33.40782416748743,-65.72395808265917,58.59846888404437,,0.0,Neutral
2022-01-05,1166.0,1170.0,1120.6,1128.0,15461.0,1105.6,1066.25,1026.625,67.03163016803299,-25.862961768328432,-57.75175881979302,55.23548074681851,,0.0,Neutral
2022-01-06,1120.0,1152.0,1087.0,1141.0,7692.0,1126.8,1078.75,1028.825,71.05911329804229,-18.619973144846426,-49.9254016848037,56.724113038450206,,0.0,Neutral
2022-01-09,1156.0,1172.0,1145.0,1158.0,8533.0,1142.6,1094.05,1034.475,74.87745097782283,-11.376948176080532,-42.215710983059076,55.2360842203621,,0.0,Neutral
2022-01-10,1160.0,1181.0,1148.0,1164.9,10602.0,1149.58,1103.54,1041.22,76.58739886964398,-5.022134332448104,-34.77699565293688,58.68933652905947,,0.0,Neutral
2022-01-11,1168.0,1260.0,1165.0,1221.0,20048.0,1162.58,1122.6399999999999,1053.77,78.53932584022573,4.4891543978333175,-26.923765642782847,63.017249843013744,,0.0,Neutral
2022-01-12,1245.0,1269.0,1189.8,1210.0,15892.0,1178.98,1142.29,1069.27,73.83292383038412,11.0123674554859,-19.3365390231291,55.377060031902005,,0.0,Neutral
2022-01-13,1210.0,1276.0,1200.0,1275.0,18623.0,1205.78,1166.29,1083.6200000000001,79.2841648565944,21.18283503677503,-11.232664211148274,55.71790954839941,,0.0,Neutral
2022-01-16,1300.0,1340.2,1265.1,1299.9,25151.0,1234.16,1188.3799999999999,1100.115,77.31052506276468,30.896075050186482,-2.806916358881322,60.82102706574907,2022-01-16,0.9234281778335572,Strongly Positive
2022-01-17,1320.0,1320.0,1277.0,1300.0,13842.0,1261.18,1205.3799999999999,1117.365,85.43307086300246,38.16204856439549,5.3868766257740415,66.20974752002888,,0.0,Neutral
2022-01-18,1300.0,1300.0,1260.0,1280.0,15526.0,1272.98,1217.78,1133.965,84.65539661590331,41.82442612037812,12.674386524694858,67.53249094571206,,0.0,Neutral
2022-01-19,1298.9,1298.9,1242.0,1247.0,12369.0,1280.38,1229.6799999999998,1147.965,76.76767676496277,41.584699976257525,18.456449215007392,60.02128881580688,,0.0,Neutral
2022-01-20,1240.0,1272.0,1223.0,1258.0,9040.0,1276.98,1241.3799999999999,1160.065,74.65564738004083,41.80047351033659,23.125254074073233,51.63114477823001,,0.0,Neutral
2022-01-23,1258.0,1280.0,1245.2,1255.0,7500.0,1268.0,1251.08,1172.565,69.84126983816579,41.25385193720399,26.750973646699386,42.53672400277627,,0.0,Neutral
2022-01-24,1232.0,1240.0,1190.0,1210.0,20399.0,1250.0,1255.59,1179.565,58.08383233289469,36.76571421537983,28.753921760435475,33.89776951035672,,0.0,Neutral
2022-01-25,1190.0,1235.0,1175.1,1185.0,14600.0,1231.0,1251.99,1187.315,58.61027190084428,30.836082504943533,29.170353909337088,39.43829075628478,,0.0,Neutral
2022-01-26,1180.0,1200.0,1151.0,1174.0,10301.0,1216.4,1248.3899999999999,1195.34,55.015197566047995,24.961458429758977,28.328574813421465,44.95440776806256,,0.0,Neutral
2022-01-27,1180.0,1197.0,1160.0,1177.0,9528.0,1200.2,1238.59,1202.44,53.01587301351675,20.313687904417748,26.725597431620724,49.0080820999,,0.0,Neutral
2022-01-30,1190.0,1248.0,1190.0,1229.0,14636.0,1195.0,1231.5,1209.94,58.90030546841264,20.588925379954844,25.49826302128755,44.028399925495826,,0.0,Neutral
2022-01-31,1250.0,1255.0,1207.0,1228.0,11962.0,1198.6,1224.3,1214.84,51.1475409812588,20.490163568709477,24.496643130771936,36.890378149313875,,0.0,Neutral
2022-02-01,1230.0,1239.0,1200.0,1200.0,9655.0,1201.6,1216.3,1217.04,48.447204966837695,17.945661710112972,23.186446846640145,31.791158798903876,,0.0,Neutral
2022-02-03,1224.0,1232.0,1199.0,1199.0,13769.0,1206.6,1211.5,1220.59,35.27131782754341,15.667825077764292,21.682722492864976,30.226000580798637,,0.0,Neutral
2022-02-06,1200.0,1206.0,1175.0,1175.0,8975.0,1206.2,1203.2,1222.29,25.70984052757703,11.790114609937973,19.704200916279575,27.291838421838577,,0.0,Neutral
2022-02-07,1160.0,1194.0,1160.0,1190.0,4480.0,1198.4,1196.7,1223.8899999999999,29.779411763173115,9.814243279191714,17.726209388862003,20.472474745899678,,0.0,Neutral
2022-02-08,1213.0,1213.0,1172.0,1180.0,5533.0,1188.8,1193.7,1224.645,30.91603053269914,7.356631914314221,15.652293893952448,20.505012937202046,,0.0,Neutral
2022-02-09,1175.0,1179.0,1155.1,1163.0,5299.0,1181.4,1191.5,1221.745,32.92682926641879,3.9911913074809036,13.32007337665814,22.613909190764627,,0.0,Neutral
2022-02-10,1150.0,1165.0,1140.0,1140.0,6821.0,1169.6,1188.1,1218.245,27.13178294426416,-0.5257914050807813,10.550900420310358,27.55378578544807,,0.0,Neutral
2022-02-13,1119.0,1121.0,1083.0,1100.0,15487.0,1154.6,1180.4,1209.495,23.728813558195924,-7.249629240790682,6.990794488090151,39.26887373536027,,0.0,Neutral
2022-02-14,1110.0,1122.0,1080.0,1080.0,6310.0,1132.6,1165.5,1198.5,25.92592592458162,-14.030418095084315,2.7865519714552573,46.39983237516727,,0.0,Neutral
2022-02-15,1101.0,1138.0,1086.0,1135.0,3402.0,1123.6,1156.2,1190.25,41.66666666472222,-14.795646763318928,-0.7298877754995798,41.54729567344818,2022-02-15,0.9053531885147096,Strongly Positive
2022-02-16,1135.0,1160.0,1110.0,1117.0,14135.0,1114.4,1147.9,1182.1,40.71661237599338,-16.662470970473578,-3.9164044144943797,40.090037554363,,0.0,Neutral
2022-02-17,1100.1,1130.0,1100.1,1117.9,5246.0,1109.98,1139.7900000000002,1175.645,40.308297800707415,-17.863401947925695,-6.705803921180643,36.66055858214188,2022-02-17,0.8908843994140625,Strongly Positive
2022-02-20,1096.0,1112.0,1076.0,1100.0,7750.0,1109.98,1132.2900000000002,1167.7450000000001,26.18168389820333,-20.028650982135332,-9.370373333371582,36.32716920187015,,0.0,Neutral
2022-02-21,1122.0,1122.0,1083.0,1095.0,5728.0,1112.98,1122.7900000000002,1159.7450000000001,25.800582240315848,-21.8956848296541,-11.875435632628086,31.68344993839931,,0.0,Neutral
2022-02-22,1116.0,1116.0,1100.0,1110.0,8954.0,1107.98,1115.7900000000002,1154.7450000000001,32.811306338963504,-21.912355965691404,-13.88281969924075,24.574532888047003,,0.0,Neutral
2022-02-23,1105.0,1107.0,1100.0,1100.0,2573.0,1104.58,1109.4900000000002,1150.4950000000001,31.720827177089774,-22.473424736481775,-15.600940706688956,18.435500174003614,2022-02-23,0.032625563442707,Neutral
2022-02-24,1081.0,1088.0,1066.1,1070.0,7427.0,1095.0,1102.4900000000002,1145.295,31.033236992650075,-25.05006352001874,-17.490765269354913,18.84854547878085,,0.0,Neutral
2022-02-27,1076.0,1085.0,1055.0,1056.0,6516.0,1086.2,1098.0900000000001,1139.2450000000001,25.707034081363688,-27.90013591714842,-19.572639398913616,23.941894940299246,,0.0,Neutral
2022-02-28,1070.0,1070.0,1029.0,1030.0,7994.0,1073.2,1093.0900000000001,1129.295,24.297464015283893,-31.889222428664425,-22.035956004863777,32.003348783093244,,0.0,Neutral
2022-03-02,1020.0,1025.0,995.0,1000.0,10301.0,1051.2,1079.5900000000001,1117.895,23.26115485457464,-37.04432755958237,-25.037630315807498,39.86745957961564,,0.0,Neutral
2022-03-06,1010.0,1035.0,980.0,999.9,10967.0,1031.18,1067.88,1107.8899999999999,25.150762680553015,-40.669047219879076,-28.16391369662181,44.57761770214878,,0.0,Neutral
2022-03-07,1000.0,1014.9,995.0,1000.0,4559.0,1017.1800000000001,1056.09,1097.94,29.338842973509344,-43.03748516205019,-31.138627989707487,45.460763301982745,,0.0,Neutral
2022-03-09,1000.0,1000.0,990.0,996.0,3792.0,1005.1800000000001,1045.69,1088.99,31.415929201593727,-44.721731582132406,-33.85524870819247,46.18952382423953,,0.0,Neutral
2022-03-10,1000.0,1024.9,1000.0,1012.0,5612.0,1001.5800000000002,1037.3899999999999,1080.09,17.112299463959545,-44.255295226560065,-35.93525801186599,43.73644424909755,,0.0,Neutral
2022-03-13,1025.0,1070.9,1025.0,1070.0,8209.0,1015.5799999999999,1033.3899999999999,1074.59,39.647577090065795,-38.758739161920175,-36.49995424187683,37.78166662989058,,0.0,Neutral
2022-03-14,1090.0,1100.0,1070.2,1089.0,2740.0,1033.4,1032.29,1070.8899999999999,44.104447161903444,-32.49495604390404,-35.69895460228227,35.73135722146223,,0.0,Neutral
2022-03-15,1070.0,1093.0,1070.0,1080.0,8220.0,1049.4,1033.29,1067.8899999999999,45.766299743265336,-27.935069486553402,-34.1461775791365,37.02066840141793,,0.0,Neutral
2022-03-16,1090.0,1090.0,1067.0,1070.0,4157.0,1064.2,1034.69,1066.3899999999999,44.8175787702013,-24.84188122097612,-32.285318307504426,38.22019390611567,,0.0,Neutral
2022-03-20,1070.0,1089.9,1054.0,1055.0,2869.0,1072.8,1037.19,1065.1399999999999,38.59867329792545,-23.33192595625337,-30.49463983725422,38.69402624004813,,0.0,Neutral
2022-03-21,1041.0,1060.0,1041.0,1060.0,2769.0,1070.8,1043.19,1061.3899999999999,41.53259948949426,-21.484161279262707,-28.69254412565592,36.896625861979366,,0.0,Neutral
2022-03-22,1081.0,1081.0,1060.0,1063.1,5613.0,1065.6200000000001,1049.5099999999998,1058.6950000000002,48.3516483484141,-19.544355207212675,-26.86290634196727,33.95292329091711,,0.0,Neutral
2022-03-23,1056.0,1065.0,1051.0,1058.0,1619.0,1061.22,1055.31,1055.7,50.49900199248011,-18.208674037290848,-25.13205988103199,29.173140233955404,,0.0,Neutral
2022-03-24,1051.0,1070.0,1050.0,1060.0,5193.0,1059.22,1061.7099999999998,1053.7,58.503401355901104,-16.79514976983296,-23.464677858792186,20.424301973630442,,0.0,Neutral
2022-03-27,1041.0,1059.0,1036.0,1036.0,3562.0,1055.42,1064.11,1050.75,60.563380276714284,-17.410819933279527,-22.253906273689655,14.478677809456574,,0.0,Neutral
2022-03-28,1039.0,1040.0,1006.0,1008.0,3777.0,1045.02,1057.9099999999999,1045.65,52.04236005684018,-19.928386928193277,-21.78880240459038,22.6468761642511,,0.0,Neutral
2022-03-29,1006.0,1018.7,1004.0,1008.0,1758.0,1034.0,1049.81,1041.05,52.01816346756683,-21.67373557744827,-21.765789039161962,24.68523850399072,,0.0,Neutral
2022-03-30,1011.0,1030.0,1000.0,1030.0,3646.0,1028.4,1044.81,1039.05,57.863089727982974,-21.039194085241206,-21.62047004837781,22.88922356818707,,0.0,Neutral
2022-03-31,1048.9,1048.9,1009.0,1009.0,3728.0,1018.2,1038.7099999999998,1036.7,49.32188064787293,-21.977496972141807,-21.691875433130612,23.548930147885557,,0.0,Neutral
2022-04-03,1019.0,1020.0,990.0,998.0,4873.0,1010.6,1033.0099999999998,1035.1,29.334098734726282,-23.339671633136504,-22.02143467313179,25.94440423501726,,0.0,Neutral
2022-04-04,990.0,1014.9,987.0,991.0,3955.0,1007.2,1026.11,1034.65,19.79038224243483,-24.699327887384243,-22.55701331598228,27.117622396576365,,0.0,Neutral
2022-04-05,991.0,991.0,972.0,972.0,6506.0,1000.0,1017.0,1033.255,18.641114981062827,-26.998781330029942,-23.445366918791812,28.573491988962083,,0.0,Neutral
2022-04-06,970.0,973.1,940.0,962.0,8245.0,986.4,1007.4,1031.355,18.641114981062827,-29.290389795578108,-24.614371494149072,29.38329079215927,,0.0,Neutral
2022-04-07,969.0,999.0,969.0,983.5,3057.0,981.3,999.75,1030.73,29.99440402674915,-29.036916202539487,-25.498880435827154,23.54575923126231,,0.0,Neutral
2022-04-11,1003.0,1015.0,973.0,974.2,3793.0,976.54,993.57,1028.8400000000001,26.557377047148606,-29.249301094574093,-26.248964567576543,20.94023506179494,,0.0,Neutral
2022-04-12,992.0,992.0,954.0,955.0,3028.0,969.3399999999999,988.2700000000001,1023.0900000000001,22.85283776835793,-30.61399807728435,-27.121971269518106,23.44013888845114,,0.0,Neutral
2022-04-13,955.0,998.9,940.0,983.0,4190.0,971.54,985.7700000000001,1017.7900000000002,33.10810810602021,-29.100709410435684,-27.51771889770162,22.41269729414026,,0.0,Neutral
2022-04-17,985.0,1002.0,960.1,960.1,2327.0,971.1600000000001,978.7800000000001,1011.7950000000001,29.435981883853017,-29.410232997258845,-27.896221717613066,17.43246014380674,,0.0,Neutral
2022-04-18,950.0,961.0,947.0,950.0,2111.0,964.46,972.8799999999999,1005.7950000000001,31.22270742167197,-30.12327588725111,-28.341632551540677,15.992901202959326,,0.0,Neutral
2022-04-19,949.5,980.0,949.0,955.0,1558.0,960.6200000000001,968.5799999999999,1000.7950000000001,37.13592232757328,-29.939782129983087,-28.66126246722916,14.164650836926802,,0.0,Neutral
2022-04-20,957.0,965.0,940.0,945.0,3160.0,958.6200000000001,963.9799999999999,995.0450000000001,35.41666666437115,-30.25254591411806,-28.97951915660694,13.529786070364047,,0.0,Neutral
2022-04-21,940.0,955.0,926.1,950.0,4712.0,952.0200000000001,961.78,989.39,29.89949748533371,-29.753970008079932,-29.13440932690154,13.865288392995021,,0.0,Neutral
2022-04-24,969.0,999.0,960.0,995.5,4066.0,959.1,965.1299999999999,986.265,46.979865768869274,-25.394641648556217,-28.386455791232475,17.495970964730976,,0.0,Neutral
2022-04-25,1014.0,1015.4,980.2,980.2,2474.0,965.14,964.8,982.275,46.09306408847541,-22.910328641538626,-27.291230361293707,17.138455784153233,,0.0,Neutral
2022-04-26,966.0,989.0,966.0,973.2,508.0,968.78,964.7,979.135,46.09306408847541,-21.26124775408539,-26.085233839852044,17.080333069834623,,0.0,Neutral
2022-04-27,973.5,980.0,960.0,976.0,1003.0,974.9799999999999,966.8,977.5350000000001,50.94517958075031,-19.50357756871233,-24.7689025856241,17.046146517903264,,0.0,Neutral
2022-04-28,976.1,994.0,967.0,967.0,4112.0,978.3799999999999,965.2,975.485,51.18708451701511,-18.62217126884798,-23.53955632226888,16.080146489065978,2022-04-28,-0.6035007238388062,Strongly Negative
2022-05-02,960.4,979.5,941.0,941.1,3413.0,967.5,963.3,971.04,40.13953488110719,-19.785489167599735,-22.788742891335055,17.7821383540661,,0.0,Neutral
2022-05-04,942.0,950.0,910.0,910.0,5411.0,953.46,959.3,966.0899999999999,36.4442567546021,-22.95235659063769,-22.821465631195583,24.380866815299235,,0.0,Neutral
2022-05-05,928.2,928.2,895.0,899.9,4787.0,938.8,953.79,961.1850000000001,37.90074659406846,-25.97765321449208,-23.452703147854884,30.833079278211173,,0.0,Neutral
2022-05-08,890.0,907.8,885.1,907.8,1267.0,925.1600000000001,950.07,957.025,31.888246625980543,-27.421658794839573,-24.246494277251823,34.084113275490175,,0.0,Neutral
2022-05-09,908.1,930.0,907.8,916.0,2577.0,914.96,946.6700000000001,954.225,38.569206840124565,-27.586373607991163,-24.914470143399694,35.74710710904206,,0.0,Neutral
2022-05-10,920.0,936.0,904.1,935.0,2451.0,913.74,940.6200000000001,952.875,46.283448956154764,-25.88537953159448,-25.108652021038655,31.42273769809193,,0.0,Neutral
2022-05-11,953.5,972.7,940.0,972.0,4919.0,926.14,939.8,952.3,53.635585967703605,-21.306134833202805,-24.348148583471485,30.36426993832603,,0.0,Neutral
2022-05-12,960.0,989.9,945.0,951.0,5451.0,936.36,937.5800000000002,951.14,51.22549019314887,-19.15081622525247,-23.308682111827686,28.398935817283544,,0.0,Neutral
2022-05-17,951.0,951.0,927.5,930.0,3218.0,940.8,932.9800000000001,949.89,46.16564416930092,-18.919147045516524,-22.430775098565455,25.00723450876566,,0.0,Neutral
2022-05-18,930.0,944.0,911.4,930.0,2021.0,943.6,929.2800000000001,947.24,34.788666974049974,-18.52203703808209,-21.649027486468782,21.966833585576012,,0.0,Neutral
2022-05-19,930.0,930.0,915.0,920.0,1441.0,940.6,927.1700000000001,945.235,35.66666666428887,-18.797554416438857,-21.078732872462798,21.717276788532164,,0.0,Neutral
2022-05-20,910.0,924.9,908.3,910.0,1212.0,928.2,927.1700000000001,943.235,35.16431924651501,-19.596919263682025,-20.782370150706644,21.717276788532164,,0.0,Neutral
2022-05-23,915.0,915.0,886.0,888.0,4541.0,915.6,925.9800000000001,939.885,31.050818258248455,-21.754861303388907,-20.976868381243097,23.62022673705133,,0.0,Neutral
2022-05-24,889.0,905.7,888.0,899.0,1898.0,909.4,925.1,937.585,35.48249359309669,-22.320145108818906,-21.24552372675826,24.519606667108505,,0.0,Neutral
2022-05-25,900.0,910.0,888.0,905.0,2061.0,904.4,924.0,935.335,41.57722818207148,-22.030038174511105,-21.40242661630883,25.21022720155757,,0.0,Neutral
2022-05-26,905.0,905.0,892.0,895.0,2136.0,899.4,920.0,930.3100000000001,46.11801241901836,-22.34941264849192,-21.59182382274545,26.415483674851842,,0.0,Neutral
2022-05-27,895.0,900.0,895.0,895.0,1578.0,896.4,912.3,926.05,48.66193336602257,-22.344940653479853,-21.742447188892335,20.022487357932448,,0.0,Neutral
2022-05-30,895.0,895.0,875.0,877.0,3126.0,894.2,904.9,921.24,42.02898550420081,-23.522691191251283,-22.098495989364128,17.66635219841785,,0.0,Neutral
2022-05-31,866.0,880.0,865.0,866.0,2873.0,887.6,898.5,915.74,37.244897956523324,-25.054858237183225,-22.68976843892795,19.097702014136352,,0.0,Neutral
2022-06-01,881.0,881.0,855.0,863.0,1937.0,879.2,891.8,910.54,29.999999997666663,-26.209064803230376,-23.393627711788437,18.564003399609938,,0.0,Neutral
2022-06-02,880.0,880.0,853.0,859.0,2145.0,872.0,885.7,906.4350000000001,11.564625849238737,-27.133767214769023,-24.141655612384554,18.288126080986174,,0.0,Neutral
2022-06-03,851.1,860.0,845.1,853.0,3471.0,863.6,880.0,903.585,12.878787877421942,-28.027664919367453,-24.918857473781134,18.74981481385966,,0.0,Neutral
2022-06-06,850.0,874.5,836.2,868.0,2577.0,861.8,878.0,901.99,25.39682539400353,-27.212027338419034,-25.377491446708717,18.867962264072666,,0.0,Neutral
2022-06-07,851.0,868.0,845.0,845.0,2244.0,857.6,872.6,898.85,21.476510065096164,-28.097644306753864,-25.92152201871775,19.889695824684075,,0.0,Neutral
2022-06-08,851.0,885.0,850.1,872.0,3024.0,859.4,869.3,896.65,35.54216867170126,-26.3174565263123,-26.000708920236658,16.337074401447957,,0.0,Neutral
2022-06-09,880.0,910.0,873.0,882.0,5506.0,864.0,868.0,894.0,41.56626505673538,-23.825087678088266,-25.56558467180698,14.476033833685188,,0.0,Neutral
2022-06-10,888.0,888.0,864.3,865.0,653.0,866.4,865.0,888.65,42.85714285341615,-22.956991427450134,-25.043866022935614,10.934146311166229,,0.0,Neutral
2022-06-13,865.0,881.0,865.0,875.0,520.0,867.8,864.8,884.85,42.49999999628125,-21.217520103702896,-24.278596839089072,10.706176825583267,,0.0,Neutral
2022-06-14,860.0,870.0,850.0,853.2,1720.0,869.4399999999999,863.5200000000001,881.01,35.267349257714784,-21.35192268363096,-23.693262007997454,11.295702230818549,,0.0,Neutral
2022-06-15,840.0,855.0,839.0,840.0,2076.0,863.04,861.22,876.51,34.63687150567087,-22.266888549003056,-23.407987316198575,13.533316912903897,,0.0,Neutral
2022-06-16,850.0,865.0,845.0,859.0,1533.0,858.4399999999999,861.22,873.46,40.90909090619835,-21.214318915901572,-22.969253636139175,13.533316912903897,,0.0,Neutral
2022-06-17,860.0,870.0,842.0,842.0,2044.0,853.8399999999999,860.1200000000001,870.0600000000001,41.116751266113525,-21.504022833945555,-22.67620747570045,14.674603912829163,,0.0,Neutral
2022-06-19,827.0,838.0,816.2,818.0,3947.0,842.4399999999999,855.1200000000001,866.5600000000001,38.57142856885715,-23.40046866336536,-22.821059713233435,19.436780711909353,,0.0,Neutral
2022-06-20,802.0,809.9,786.0,791.0,4638.0,830.0,849.72,861.1600000000001,34.61538461331361,-26.773462191675776,-23.611540208921905,28.121672148768763,,0.0,Neutral
2022-06-21,806.0,826.2,800.0,815.0,2829.0,825.0,844.0200000000001,856.6600000000001,41.33858267488685,-27.196480344150586,-24.328528235967642,28.870661771242577,,0.0,Neutral
2022-06-22,830.0,830.0,796.0,807.0,2128.0,814.6,836.5200000000001,852.26,41.01562499775696,-27.856150060828554,-25.034052600939827,27.6227281619587,,0.0,Neutral
2022-06-23,792.0,792.0,769.3,783.0,4508.0,802.8,828.32,846.6600000000001,33.96226414914916,-29.97006621992591,-26.021255324737044,30.272862801865205,,0.0,Neutral
2022-06-24,790.0,805.8,757.0,785.0,3291.0,796.2,819.32,842.0600000000001,37.70491803062349,-31.12518496315124,-27.042041252419885,28.157525143743147,,0.0,Neutral
2022-06-26,799.0,832.0,790.0,828.0,4916.0,803.6,816.8,840.1600000000001,41.53846153622485,-28.245290132764808,-27.28269102848887,25.81902829737246,,0.0,Neutral
2022-06-27,837.0,846.0,812.1,820.0,2987.0,804.6,814.8,838.01,37.98449612196983,-26.305255264139873,-27.087203875619075,24.566463137973336,,0.0,Neutral
2022-06-28,815.0,825.0,804.0,810.9,1557.0,805.3799999999999,809.99,835.6049999999999,39.18432626729876,-25.21143586263429,-26.71205027302212,19.03741637461607,,0.0,Neutral
2022-06-29,827.0,835.0,810.0,835.0,4521.0,815.78,809.2900000000001,834.7049999999999,42.4299772876835,-22.14463791715127,-25.798567801847952,17.819368363866456,,0.0,Neutral
2022-06-30,850.0,888.0,833.0,888.0,4349.0,836.3799999999999,816.2900000000001,835.7049999999999,55.890318209944255,-15.26159522006742,-23.691173285491846,30.70861080830709,,0.0,Neutral
2022-07-01,888.0,905.7,872.0,888.0,3678.0,848.3799999999999,825.99,837.8549999999999,58.50460665903945,-9.694976637223135,-20.891933955838105,36.58932600877071,,0.0,Neutral
2022-07-03,888.0,920.0,875.0,910.0,5560.0,866.3799999999999,835.49,839.7549999999999,58.94109396625113,-3.4681959624907677,-17.407186357168637,44.824855456153145,,0.0,Neutral
2022-07-04,922.0,952.0,890.0,890.0,8053.0,882.2,843.79,840.155,58.327550309449734,-0.14558208955236296,-13.954865503645383,46.61207401996637,,0.0,Neutral
2022-07-05,875.0,909.8,855.0,855.0,8515.0,886.2,850.99,839.655,56.183155077585006,-0.332758319135678,-11.230444066743443,41.45413663849297,,0.0,Neutral
2022-07-06,850.0,880.0,841.0,880.0,4979.0,884.6,860.49,839.905,64.97308209653559,1.5186877496423676,-8.68061770346628,35.040308534895225,,0.0,Neutral
2022-07-07,897.0,897.0,867.3,877.0,4229.0,882.4,865.39,841.095,61.2237509020379,2.7126276867234083,-6.401968625428343,33.37878401351172,,0.0,Neutral
2022-07-08,870.0,870.0,852.6,867.0,1797.0,873.8,870.0899999999999,842.445,60.7836089113912,2.819416780599113,-4.557691544222853,29.342288405769335,,0.0,Neutral
2022-07-11,849.7,849.7,781.0,821.0,16162.0,860.0,871.1,840.5450000000001,56.32911392142369,-0.7985623256872714,-3.8058657005157364,27.17208534913508,,0.0,Neutral
2022-07-12,810.0,834.9,800.0,820.0,3604.0,853.0,869.6,839.445,55.84893047867017,-3.7038329949923536,-3.78545915941106,29.684264443539956,,0.0,Neutral
2022-07-13,836.3,836.3,818.0,831.0,4169.0,843.2,863.9,840.095,50.56137724285981,-5.060340408322531,-4.040435409193354,31.192769817496618,,0.0,Neutral
2022-07-14,845.0,850.0,829.0,831.0,4971.0,834.0,858.2,842.095,52.12191357743169,-6.065463419811181,-4.44544101131692,31.505907735227133,,0.0,Neutral
2022-07-15,838.0,847.0,825.1,847.0,3132.0,830.0,851.9,843.695,56.78316422098849,-5.507477592119358,-4.657848327477407,25.774449018759384,,0.0,Neutral
2022-07-17,862.8,864.0,850.0,851.0,1372.0,836.0,848.0,845.8950000000001,53.2520325172946,-4.688457612108664,-4.6639701844036585,22.050447211351873,,0.0,Neutral
2022-07-18,841.0,865.0,834.0,865.0,2176.0,845.0,849.0,849.9950000000001,44.44444444143854,-2.8765364584011195,-4.30648343920315,22.62250600124075,,0.0,Neutral
2022-07-19,882.1,910.0,880.0,880.0,10407.0,854.8,849.0,854.7450000000001,48.198198195158675,-0.2275778740615806,-3.4907023261748362,22.62250600124075,,0.0,Neutral
2022-07-20,881.0,904.0,880.0,882.0,2339.0,865.0,849.5,857.445,43.06930692770807,2.009954667789202,-2.390570927382029,23.35356265941636,,0.0,Neutral
2022-07-21,878.0,892.9,876.0,883.0,3709.0,872.2,851.1,860.595,48.087431690310254,3.8198738425409147,-1.14848197339744,25.16368635771621,,0.0,Neutral
2022-07-22,879.0,879.0,863.0,863.0,2141.0,874.6,855.3,863.2,52.380952376587295,3.5989287647248602,-0.19899982577298003,22.992994102034448,,0.0,Neutral
2022-07-24,879.0,909.0,859.0,909.0,12888.0,883.4,864.2,866.9,57.67195766768567,7.0543258830771265,1.2516653159970414,24.952399127552017,,0.0,Neutral
2022-07-25,927.0,964.8,926.0,958.9,15551.0,899.1800000000001,876.99,870.4449999999999,67.35905044110629,13.66178145007018,3.7336885428116693,36.26079762557513,,0.0,Neutral
2022-07-26,950.0,959.0,914.0,924.2,9267.0,907.6200000000001,886.3100000000001,872.2549999999999,60.974673826348265,15.914781892015526,6.169907212652441,35.085117135944415,,0.0,Neutral
2022-07-27,939.0,940.0,905.1,939.9,12918.0,919.0,895.6,873.75,75.81415544480507,18.75100979505521,8.686127729132995,35.81163684239879,,0.0,Neutral
2022-07-28,950.0,990.0,931.0,968.0,24035.0,940.0,907.3,877.65,78.7490287447456,23.00103439378927,11.54910906206425,38.623481631410264,,0.0,Neutral
2022-07-29,971.0,975.0,951.0,960.0,4096.0,950.2,916.8,882.9,75.35377358075885,25.430529057825538,14.32539306121651,38.74626863753349,,0.0,Neutral
2022-07-31,978.0,980.0,965.0,967.0,9699.0,951.82,925.5,887.25,76.01377199286844,27.602577252636593,16.980829899500527,39.32819175432896,,0.0,Neutral
2022-08-01,968.0,975.0,951.1,961.0,10244.0,959.18,933.4,891.45,72.67303102220598,28.511132650250488,19.28689044965052,37.51186478967187,,0.0,Neutral
2022-08-02,961.0,969.0,938.0,965.0,10117.0,964.2,941.6,896.35,72.67303102220598,29.217138928720033,21.272940145464425,34.075504398301234,,0.0,Neutral
2022-08-03,953.0,976.0,953.0,964.0,9279.0,963.4,951.7,903.5,70.76342281463639,29.3575468229202,22.88986148095558,20.423189434202992,,0.0,Neutral
2022-08-04,960.0,963.0,929.0,939.0,5576.0,959.2,954.7,909.45,61.876006437736464,27.138692075379936,23.739627599840453,14.914422549957544,,0.0,Neutral
2022-08-05,928.0,932.0,906.5,910.0,4131.0,947.8,949.8100000000001,913.4,55.08351488463628,22.77760995607764,23.547224071087893,20.394141315551117,,0.0,Neutral
2022-08-07,911.0,921.5,900.0,911.0,7708.0,937.8,948.49,917.4,55.08351488463628,19.181005902993775,22.673980437469073,22.54922762901941,,0.0,Neutral
2022-08-08,915.5,928.0,900.0,901.0,7610.0,925.0,944.6,920.1,57.15900527204135,15.346845965073385,21.208553542989936,27.093254593036615,,0.0,Neutral
2022-08-09,900.0,901.0,876.0,877.0,6815.0,907.6,935.5,921.4,43.42645850202148,10.253451757699054,19.01753318593176,32.9991582384017,,0.0,Neutral
2022-08-10,862.0,885.0,860.0,867.0,4176.0,893.2,926.2,921.5,27.42014741826101,5.34833148972541,16.283692846690492,38.04617078116685,,0.0,Neutral
2022-08-11,860.0,884.0,860.0,865.0,2890.0,884.2,916.0,920.75,32.66978922448841,1.284794738581013,13.283913225068599,39.536200008469244,,0.0,Neutral
2022-08-14,870.0,870.0,858.0,866.0,4917.0,875.2,906.5,919.95,26.329276102699495,-1.8337573569148162,10.260379108671916,38.9308503774276,,0.0,Neutral
2022-08-15,875.0,910.0,866.0,885.3,6894.0,872.0600000000001,898.53,920.0649999999999,21.928038015566898,-2.716568743905327,7.664989538156469,33.38742444558477,,0.0,Neutral
2022-08-16,900.0,903.0,873.3,875.0,5197.0,871.6600000000001,889.6299999999999,920.665,21.590909088888537,-4.198924460277794,5.292206738469616,24.738007195376362,,0.0,Neutral
2022-08-17,873.2,887.0,861.0,866.0,2807.0,871.46,882.3299999999999,918.515,16.68865435202082,-6.030411993501048,3.027682992075484,18.54664090576402,,0.0,Neutral
2022-08-18,880.0,883.0,865.0,880.0,4696.0,874.46,879.3299999999999,914.57,24.624060148215918,-6.279806362909653,1.1661851210784568,15.795924228125529,,0.0,Neutral
2022-08-21,890.0,897.0,871.0,871.0,3005.0,875.46,875.3299999999999,911.9100000000001,21.445929524299842,-7.121584784948595,-0.4913688601269537,11.31371340937887,,0.0,Neutral
2022-08-22,875.0,877.0,858.0,871.0,3297.0,872.6,872.3299999999999,908.4649999999999,21.577017113067967,-7.699940132301663,-1.9330831145618956,6.845931476155479,2022-08-22,0.0184371341019868,Neutral
2022-08-23,861.0,868.0,860.0,868.0,3892.0,871.2,871.43,903.4649999999999,24.929378528608666,-8.304635175016415,-3.2073935266527993,6.754759638670609,,0.0,Neutral
2022-08-24,879.0,902.0,869.0,870.0,1905.0,872.0,871.7299999999999,898.9649999999999,32.54799301522101,-8.524215220733026,-4.270757865468845,6.601018439822835,,0.0,Neutral
2022-08-25,882.0,882.0,862.4,862.4,5685.0,868.4799999999999,871.4699999999999,893.7349999999999,29.95049504604529,-9.205376621556638,-5.257681616686404,6.938147367080405,,0.0,Neutral
2022-08-26,857.0,859.9,845.0,847.1,2171.0,863.7,869.5799999999999,888.04,28.695652170737233,-10.854658327369407,-6.377076958823004,10.335999655926786,,0.0,Neutral
2022-08-28,840.0,844.0,830.0,831.0,4451.0,855.7,864.15,881.3399999999999,30.607082627078412,-13.307461278335381,-7.76315382272548,14.560009920577043,,0.0,Neutral
2022-08-29,817.0,835.0,816.1,829.0,1716.0,847.9,859.55,874.5899999999999,32.820976487707995,-15.237065171219456,-9.257936092424275,17.682838510153747,,0.0,Neutral
2022-08-30,815.1,850.0,815.1,825.0,2180.0,838.9,855.45,868.89,32.23801065318531,-16.894309643750034,-10.785210802689427,20.543030718701093,,0.0,Neutral
2022-08-31,830.0,840.0,812.0,813.7,2818.0,829.1600000000001,848.82,864.075,28.722538646036483,-18.901617311473387,-12.40849210444622,22.358036089427483,,0.0,Neutral
2022-09-01,825.0,825.0,805.0,815.0,1528.0,822.74,843.22,859.275,16.49189704260354,-20.155187509131565,-13.95783118538329,23.183269829735984,,0.0,Neutral
2022-09-02,820.0,825.0,811.0,815.0,587.0,819.54,837.6200000000001,854.975,18.287526424354894,-20.907640655340856,-15.347793079374805,22.480154210584573,,0.0,Neutral
2022-09-04,824.5,825.0,814.0,817.0,2805.0,817.14,832.5200000000001,851.975,22.031963466798516,-21.099361602879867,-16.498106784075816,20.52195572222543,,0.0,Neutral
2022-09-05,830.0,830.0,815.1,823.0,932.0,816.74,827.82,849.775,14.195979897000669,-20.530489278554228,-17.3045832829715,15.83012599088172,,0.0,Neutral
2022-09-06,815.0,820.0,811.0,812.0,1339.0,816.4,822.78,847.125,13.848039213310344,-20.72831877626436,-17.989330381630072,10.831107463559443,,0.0,Neutral
2022-09-07,801.0,807.0,795.0,798.0,2837.0,813.0,817.87,843.725,11.82008368027735,-21.763902356792073,-18.744244776662473,9.645499814158681,,0.0,Neutral
2022-09-08,793.0,810.0,793.0,800.0,2504.0,810.0,814.7700000000001,839.46,14.059196615255473,-22.16769117507681,-19.42893405634534,9.934010043975885,,0.0,Neutral
2022-09-11,795.0,810.0,790.0,790.2,1265.0,804.6400000000001,810.8900000000001,835.22,11.035156248491248,-23.01319305635309,-20.14578585634689,11.248748078412044,,0.0,Neutral
2022-09-12,804.0,804.0,784.0,787.0,1849.0,797.4399999999999,807.0899999999999,831.2700000000001,11.530612243250687,-23.668635350158183,-20.85035575510915,12.320033369291464,,0.0,Neutral
2022-09-13,798.0,802.0,795.0,798.0,1582.0,794.64,805.52,827.1700000000001,23.79935965492855,-23.03493759914886,-21.28727212391709,12.384291124844182,,0.0,Neutral
2022-09-14,812.0,824.0,809.8,822.0,1853.0,799.4399999999999,806.22,824.72,45.570866135452825,-20.361414431273943,-21.102100585388463,13.153605335859957,,0.0,Neutral
2022-09-15,822.0,822.0,790.1,798.0,2607.0,799.04,804.52,821.07,37.459546921323344,-19.94926477631452,-20.871533423573677,12.990321183199,,0.0,Neutral
2022-09-16,785.0,794.0,771.0,791.9,649.0,799.38,802.01,817.265,36.83373110170506,-19.88562314036278,-20.674351366931496,12.733372600218413,,0.0,Neutral
2022-09-18,785.0,790.0,770.0,780.0,2656.0,797.98,797.7099999999999,812.765,36.658749006229414,-20.55843242113724,-20.651167577772647,12.102382685441189,,0.0,Neutral
2022-09-20,774.0,774.0,744.2,745.0,3519.0,787.38,791.01,806.895,28.124999997539064,-23.643300861389093,-21.249594234495937,19.56030276970734,,0.0,Neutral
2022-09-21,736.0,765.0,736.0,747.0,2672.0,772.38,785.91,801.89,29.012345676505106,-25.631237093935283,-22.125922806383805,23.737848353264926,,0.0,Neutral
2022-09-22,752.0,752.0,742.1,743.1,1344.0,761.4,780.22,797.495,27.455765708454052,-27.207754232324078,-23.14228909157186,26.628672933895125,,0.0,Neutral
2022-09-25,750.0,755.0,735.0,740.0,3438.0,751.02,775.2,793.045,24.22360248236565,-28.380150802488174,-24.189861433755127,29.15060510136789,,0.0,Neutral
2022-09-27,753.0,762.9,740.0,741.0,1863.0,743.22,770.6,788.845,26.49006622270953,-28.895502522104152,-25.130989651424933,30.671412676198287,,0.0,Neutral
2022-09-28,750.0,770.0,741.0,750.0,1378.0,744.22,765.8,785.6600000000001,33.561643832398204,-28.25202592041171,-25.755196905222288,29.645722944245666,,0.0,Neutral
2022-09-29,765.0,775.0,755.1,775.0,2192.0,749.8199999999999,761.1,783.6600000000001,42.6035502923287,-25.431615182100927,-25.69048056059802,22.64489150137797,,0.0,Neutral
2022-10-09,777.1,805.0,777.1,798.0,1463.0,760.8,761.1,782.8100000000001,52.14050493562036,-21.0973148579875,-24.771847420075918,22.64489150137797,,0.0,Neutral
2022-10-10,803.0,803.0,782.1,782.1,1812.0,769.22,760.1200000000001,781.065,48.742945096550024,-18.729446343562472,-23.563367204773233,21.338218190692995,,0.0,Neutral
2022-10-11,782.1,782.1,767.1,767.1,896.0,774.4399999999999,758.83,778.2700000000001,42.232277523422574,-17.857418916664642,-22.422177547151517,20.370842452394637,,0.0,Neutral
2022-10-12,765.0,782.4,759.0,771.0,2049.0,778.64,761.4300000000001,776.22,35.73825503075875,-16.659592084574683,-21.269660454636153,20.066503321546225,,0.0,Neutral
2022-10-13,771.0,788.0,771.0,776.0,1429.0,778.8399999999999,764.33,775.1200000000001,43.11639549059055,-15.132410468725652,-20.042210457454054,19.84366957546669,,0.0,Neutral
2022-10-16,775.0,775.0,762.0,762.0,1288.0,771.64,766.22,773.22,41.08527131439956,-14.880260650396849,-19.009820496042614,18.447932735683665,,0.0,Neutral
2022-10-17,762.0,770.0,756.0,760.0,1446.0,767.22,768.22,771.71,43.66286438142408,-14.672675913525154,-18.142391579539122,16.2417021548538,,0.0,Neutral
2022-10-19,760.0,770.0,744.0,744.0,725.0,762.6,768.52,769.5600000000001,49.639769447442674,-15.619181593599706,-17.63774958235124,15.701790414481938,,0.0,Neutral
2022-10-20,744.0,757.0,742.0,751.0,963.0,758.6,768.62,767.21,51.39082057914136,-15.624344943018741,-17.235068654484742,15.573396118533738,,0.0,Neutral
2022-10-23,755.0,760.0,746.5,756.6,1455.0,754.72,766.78,763.9399999999999,54.63917525247458,-15.003611442500755,-16.788777212087943,15.82085824326999,,0.0,Neutral
2022-10-31,755.0,769.8,745.0,765.0,1808.0,755.32,763.48,762.29,58.28912466302356,-13.676214979787119,-16.16626476562778,11.412838774247424,,0.0,Neutral
2022-11-01,779.3,793.0,776.0,792.0,3060.0,761.72,764.47,762.295,64.42307691797555,-10.32653154056959,-14.998318120616142,13.45428886589584,,0.0,Neutral
2022-11-02,786.0,804.0,781.0,797.0,3585.0,772.32,767.46,763.145,63.5995370318843,-7.185594013654736,-13.435773299223861,16.96743285756181,,0.0,Neutral
2022-11-03,796.0,797.0,782.0,790.0,2134.0,780.1200000000001,769.36,765.395,54.84496123534994,-5.201262971044343,-11.788871233587958,18.410335261546475,,0.0,Neutral
2022-11-06,797.0,818.0,795.0,818.0,7286.0,792.4,773.5600000000001,768.9449999999999,56.257822272918595,-1.3536957670501124,-9.70183614028039,24.027354781080046,,0.0,Neutral
2022-11-07,820.0,825.0,800.0,800.0,5117.0,799.4,777.36,771.79,55.528103762956185,0.2403092590656115,-7.713407060411191,24.981913457502138,,0.0,Neutral
2022-11-08,793.0,812.0,793.0,796.2,1629.0,800.24,780.98,774.6,59.654943591007516,1.183301125577259,-5.934065423213501,24.809039571143916,,0.0,Neutral
2022-11-09,811.8,811.9,768.2,768.2,4110.0,794.48,783.4,775.96,49.1990846642518,-0.32499072972643717,-4.812250484516088,21.79867478128823,,0.0,Neutral
2022-11-10,768.2,774.0,755.1,755.1,2507.0,787.5,783.8100000000001,776.2149999999999,44.286495349261834,-2.5480115197252644,-4.359402691557924,21.150489881333073,,0.0,Neutral
2022-11-13,760.0,760.0,740.0,750.0,4023.0,773.9,783.15,774.9649999999999,46.55172413418549,-4.667494913374412,-4.421021135921222,22.17221735010664,,0.0,Neutral
2022-11-14,740.0,765.0,730.0,760.0,2679.0,765.9,782.65,773.0649999999999,49.999999996153846,-5.477147202833066,-4.632246349303592,22.677607653521008,2022-11-14,0.02462899684906,Neutral
2022-11-15,750.0,770.0,749.7,750.0,3500.0,756.6600000000001,778.45,771.46,51.7045454504326,-6.846793330439368,-5.075155745530747,24.564348601588247,,0.0,Neutral
2022-11-16,750.0,760.0,730.0,758.8,1675.0,754.78,774.63,771.045,52.19347581141333,-7.139857466536114,-5.488096089731821,24.32822092409236,,0.0,Neutral
2022-11-17,758.0,771.0,755.0,757.0,1345.0,755.1600000000001,771.33,770.345,50.11494252470338,-7.431689966708291,-5.876814865127115,24.249721647847792,,0.0,Neutral
2022-11-22,757.0,770.0,748.0,748.0,1125.0,754.76,764.33,768.9449999999999,45.13172966419333,-8.29359075782088,-6.360170043665868,18.763561021839394,,0.0,Neutral
2022-11-23,750.0,750.0,735.1,738.5,887.0,750.46,758.1800000000001,767.77,32.97262889585221,-9.632190058460992,-7.014574046624894,15.582240603336357,,0.0,Neutral
2022-11-24,738.0,746.9,730.2,739.0,1560.0,748.26,752.46,766.72,30.996068149187764,-10.531295606729373,-7.71791835864579,9.312023291196933,,0.0,Neutral
2022-11-27,731.0,759.9,731.0,759.9,3932.0,748.4799999999999,751.63,767.515,40.96096095751678,-9.448471798600849,-8.064029046636803,8.035622080476077,,0.0,Neutral
2022-11-28,774.0,774.9,745.2,745.2,990.0,746.12,750.64,767.225,26.240208874886648,-9.665080247518972,-8.384239286813237,8.169346498969796,2022-11-28,0.826242983341217,Strongly Positive
2022-11-29,746.0,757.0,742.1,755.0,885.0,747.5200000000001,751.14,767.1450000000001,34.48275861736026,-8.942877975332067,-8.495967024517004,8.278110358597623,,0.0,Neutral
2022-11-30,756.0,757.0,756.0,756.1,786.0,751.0400000000001,750.75,766.7,35.91004918831523,-8.18738755723325,-8.434251131060254,7.897432775431066,,0.0,Neutral
2022-12-01,752.0,765.9,751.0,754.0,1943.0,754.04,751.15,764.8,43.900343637331545,-7.66969691562042,-8.281340287972288,7.956304278733183,,0.0,Neutral
2022-12-04,751.0,780.0,741.0,778.0,5245.0,757.6600000000001,753.0699999999999,763.85,58.99450117183093,-5.2621649666003805,-7.677505223697907,11.52418230399869,,0.0,Neutral
2022-12-05,770.0,772.0,766.0,772.0,2941.0,763.02,754.5699999999999,762.95,58.58034320733133,-3.7945867733043315,-6.900921533619193,12.977163703051723,,0.0,Neutral
2022-12-06,772.0,780.0,760.2,777.9,5176.0,767.6,757.56,760.945,57.211925859782696,-2.13087637373269,-5.946912501641893,14.63399391061156,,0.0,Neutral
2022-12-07,765.0,780.3,763.0,770.0,1809.0,770.38,760.7099999999999,759.445,58.196721304797116,-1.4333155037123788,-5.04419310205599,13.41487151544249,,0.0,Neutral
2022-12-11,755.0,761.0,755.0,755.2,1262.0,770.62,762.33,757.395,48.59374999468509,-2.051086155363464,-4.445571712717485,11.315775615300856,,0.0,Neutral
2022-12-12,750.0,770.0,748.0,770.0,1995.0,769.02,763.34,757.4849999999999,54.60992907259193,-1.3310935188467283,-3.822676073943334,11.52361825885611,,0.0,Neutral
2022-12-13,770.0,775.0,761.1,766.0,934.0,767.8199999999999,765.4200000000001,758.03,56.61764705299525,-1.0709158860335037,-3.272324036361368,9.602638526193742,,0.0,Neutral
2022-12-14,758.0,766.0,752.1,752.1,1397.0,762.6600000000001,765.13,758.135,54.84330483783616,-1.9637007505126576,-3.010599379191626,9.988332081776724,,0.0,Neutral
2022-12-15,750.0,760.0,744.5,760.0,1806.0,760.6600000000001,765.52,758.135,57.104194852507064,-2.0105982853551723,-2.8105991604243354,9.667563176718934,,0.0,Neutral
2022-12-18,760.0,760.0,750.0,754.0,754.0,760.4200000000001,765.52,758.335,47.78028592423684,-2.503061045868776,-2.749091537513224,9.667563176718934,,0.0,Neutral
2022-12-19,750.2,752.0,750.0,750.0,1107.0,756.4200000000001,762.72,757.895,51.96399344740182,-3.179457099879528,-2.835164649986485,9.706103463414475,,0.0,Neutral
2022-12-20,750.0,763.4,750.0,758.0,3195.0,754.82,761.3199999999999,757.9449999999999,51.24584717012092,-3.034987260715525,-2.875129172132293,9.216145253379501,,0.0,Neutral
2022-12-21,745.0,759.0,722.0,739.0,8730.0,752.2,757.4300000000001,757.495,43.81778741421944,-4.402881406547522,-3.180679619015339,9.64019939848158,2022-12-21,0.9018218517303468,Strongly Positive
2022-12-22,731.0,735.0,730.0,734.0,3328.0,747.0,753.83,757.27,42.917847021240426,-5.823278456341313,-3.7091993864805337,11.044158838158276,,0.0,Neutral
2022-12-26,734.0,757.0,734.0,748.2,3883.0,745.8399999999999,753.1299999999999,757.73,38.660578382486705,-5.736999467360988,-4.114759402656625,11.168810739347114,,0.0,Neutral
2022-12-27,761.0,770.0,755.0,755.0,5397.0,746.8399999999999,751.6299999999999,757.485,43.57034795302582,-5.061572915113061,-4.304122105147912,9.539863730578947,,0.0,Neutral
2022-12-28,755.0,761.0,748.0,757.6,3951.0,746.76,750.79,758.105,42.12567881621599,-4.267303417880385,-4.296758367694407,8.440438377123078,,0.0,Neutral
2022-12-29,764.0,805.0,760.1,794.0,7545.0,757.76,754.98,760.0550000000001,57.623888177847945,-0.6926785591609814,-3.575942405987722,16.093463131146954,2022-12-29,0.9251159429550172,Strongly Positive
2023-01-01,801.0,824.9,790.0,803.0,6758.0,771.5600000000001,759.28,762.4,65.76517149788447,2.8337959433588367,-2.2939947361184103,22.178107323270282,,0.0,Neutral
2023-01-02,790.0,808.0,790.0,799.0,3488.0,781.72,763.78,764.65,60.29829544854989,5.2453210271750095,-0.7861315834597264,25.32920141738613,,0.0,Neutral
2023-01-03,814.0,829.7,801.1,818.0,10757.0,794.3199999999999,770.58,766.65,66.68806161146577,8.590586309057471,1.0892119950437131,29.92887123383431,,0.0,Neutral
2023-01-04,825.0,899.8,825.0,885.0,16475.0,819.8,783.28,772.3,81.80947821376097,16.458351571967683,4.163039910428507,46.40691519349174,,0.0,Neutral
2023-01-05,902.0,945.0,902.0,943.9,43421.0,849.78,803.7700000000001,780.6,85.37899191537012,27.13357106203148,8.757146140749102,65.84669147175146,2023-01-05,0.9140644073486328,Strongly Positive
2023-01-08,875.2,875.2,826.0,835.0,16369.0,856.18,813.8700000000001,783.85,61.16317530083714,26.500953043568416,12.305907521312966,61.56247143257963,,0.0,Neutral
2023-01-09,851.0,851.0,825.1,831.0,6397.0,862.5799999999999,822.15,787.6400000000001,61.16317530083714,25.38421866393412,14.921569749837197,57.1593727125064,,0.0,Neutral
2023-01-10,831.0,845.0,790.0,807.7,10391.0,860.5200000000001,827.4199999999998,789.525,56.572335358920895,22.361316017053355,16.40951900328043,52.521631522413074,,0.0,Neutral
2023-01-12,815.0,831.0,760.0,767.0,6516.0,836.9200000000001,828.36,789.575,53.50175087356423,16.49139153853355,16.425893510331054,51.20069877993773,,0.0,Neutral
2023-01-17,782.3,783.0,765.0,782.0,4559.0,804.54,827.1600000000001,791.0699999999999,55.85651537144463,12.901092969453657,15.720933402155577,52.22583864545,,0.0,Neutral
2023-01-18,780.0,795.0,768.0,775.0,6239.0,792.54,824.36,791.8199999999999,53.32836562159315,9.382755424226389,14.45329780656974,54.37156528103135,,0.0,Neutral
2023-01-19,761.0,778.0,760.0,762.0,4600.0,778.74,820.6600000000001,792.22,50.856164381819994,5.482260134669559,12.659090272189705,57.46027033233479,,0.0,Neutral
2023-01-23,763.0,800.0,760.0,764.0,4996.0,770.0,815.26,792.92,50.78392944460809,2.5233847923140047,10.631949176214565,60.20965592548234,,0.0,Neutral
2023-01-24,775.0,775.0,756.0,765.0,4047.0,769.6,803.26,793.27,46.11051501972761,0.2561931731771665,8.556797975607086,56.61686438978747,2023-01-24,0.8633071184158325,Strongly Positive
2023-01-25,767.0,790.0,765.0,788.0,9533.0,770.8,787.6700000000001,795.72,48.061013441900585,0.311741697521029,6.9077867199898755,27.632511045231688,,0.0,Neutral
2023-01-26,803.0,805.0,770.0,784.0,6975.0,772.6,782.57,798.22,48.061013441900585,0.03262169012634786,5.53275371401717,22.073717403241393,,0.0,Neutral
2023-01-29,769.0,779.0,757.2,772.5,1661.0,774.7,776.72,799.435,44.0021091468072,-1.1038127508824118,4.205440421037253,14.138033809484831,,0.0,Neutral
2023-01-30,758.0,762.0,740.0,749.0,5534.0,771.7,770.85,799.135,29.749851100606023,-3.8562464268762824,2.5931030514545466,11.84635433832792,,0.0,Neutral
2023-01-31,745.0,752.0,736.4,750.0,3474.0,768.7,769.15,798.7549999999999,15.113350125183203,-5.888993649642202,0.8966837112351969,13.55656872345129,,0.0,Neutral
2023-02-01,740.0,749.5,721.5,744.0,4199.0,759.9,765.35,796.2549999999999,23.999999998080014,-7.893123312496982,-0.861277693511239,14.821249759805339,,0.0,Neutral
2023-02-02,735.5,745.0,730.0,738.0,2766.0,750.7,761.65,793.0049999999999,23.72881355744518,-9.851992725702416,-2.6594206999494743,16.65007507484783,,0.0,Neutral
2023-02-05,725.0,739.0,725.0,728.0,2036.0,741.8,758.25,789.4549999999999,25.65668906316924,-12.072166850285498,-4.54196993001668,19.752988522084696,,0.0,Neutral
2023-02-06,713.5,724.0,712.5,715.0,2725.0,735.0,753.35,784.305,30.882352937997396,-14.711081998032569,-6.575792343619858,23.82581466482264,2023-02-06,0.0213529672473669,Neutral
2023-02-07,714.0,743.0,713.0,738.0,10129.0,732.6,750.65,776.9549999999999,34.722222218846454,-14.776202618084653,-8.215874398512817,23.88868862961016,,0.0,Neutral
2023-02-08,752.0,779.0,735.0,740.0,5061.0,731.8,745.85,766.76,37.41007193867812,-14.499289113930786,-9.47255734159641,20.066625138334675,,0.0,Neutral
2023-02-09,735.0,750.0,733.0,750.0,2630.0,734.2,742.45,762.51,45.588235289424745,-13.319379227611648,-10.241921718799459,15.166575091232247,,0.0,Neutral
2023-02-12,745.0,745.0,720.0,725.0,3738.0,733.6,737.7,757.2099999999999,37.73584905328112,-14.237462601833272,-11.041029895406222,11.766713880838703,,0.0,Neutral
2023-02-14,712.0,725.2,711.0,721.0,1524.0,734.8,734.9,752.875,36.41975308327237,-15.11359672577521,-11.85554326148002,12.10555428067625,,0.0,Neutral
2023-02-15,721.0,725.0,715.0,721.0,1456.0,731.4,732.0,750.575,25.899280572931005,-15.627791874438799,-12.609992984071777,11.547005383703393,,0.0,Neutral
2023-02-16,714.0,719.0,700.3,702.0,3304.0,723.8,727.8,746.575,23.376623374498223,-17.368226342771322,-13.561639655811687,14.061768499419115,2023-02-16,0.8297063708305359,Strongly Positive
2023-02-20,697.0,702.0,684.0,685.0,3586.0,710.8,722.5,742.075,22.570532913379395,-19.89001145223108,-14.827314015095567,18.934096228705982,,0.0,Neutral
2023-02-22,677.0,688.0,674.0,679.0,4884.0,701.6,717.6,737.925,25.35211267355683,-22.11773469807872,-16.2853981516922,23.210151035893478,,0.0,Neutral
2023-02-23,665.5,665.5,611.1,611.1,23626.0,679.6200000000001,707.2099999999999,730.28,16.754427954836956,-29.027572173337376,-18.833832956021237,40.96661106584301,,0.0,Neutral
2023-02-26,598.9,651.0,557.0,648.0,14521.0,665.0200000000001,698.2099999999999,724.4300000000001,29.983319431110232,-31.16687421608026,-21.300441208033043,43.27196808812849,,0.0,Neutral
2023-02-27,650.0,650.0,623.0,643.0,8864.0,653.22,688.51,717.1800000000001,30.108877720177873,-32.88664790522557,-23.617682547471553,43.73278581971769,2023-02-27,0.9115644693374634,Strongly Positive
2023-02-28,643.0,643.0,630.2,636.9,3198.0,643.6,677.2,709.825,30.608769687405186,-34.34588201603492,-25.76332244118423,40.57423922745296,,0.0,Neutral
2023-03-01,624.2,636.6,600.0,606.0,8347.0,629.0,665.3,701.5,28.44145569462745,-37.562707806372146,-28.123199514221813,42.40665566207839,2023-03-01,0.8950603008270264,Strongly Positive
2023-03-02,606.0,606.0,582.0,588.0,4221.0,624.3799999999999,652.0,693.45,19.733656173219245,-41.09084530243274,-30.716728671864,43.82898584267702,,0.0,Neutral
2023-03-05,595.0,595.0,575.0,575.1,9332.0,609.8,637.41,684.705,18.129107072849607,-44.4158436790907,-33.45655167330934,42.5737908420684,,0.0,Neutral
2023-03-07,570.0,586.0,560.6,575.9,5550.0,596.3799999999999,624.8,676.3,15.110220440033885,-46.450918262750406,-36.055424991197555,39.908562155642734,,0.0,Neutral
2023-03-09,580.0,600.0,580.0,600.0,3962.0,589.0,616.3,669.4,24.85921158347533,-45.59348760023033,-37.96303751300411,34.32320238875811,,0.0,Neutral
2023-03-12,605.0,617.0,578.2,599.0,3538.0,587.6,608.3,662.95,25.162866448077025,-44.48189961563219,-39.26680993352973,26.521982496656403,,0.0,Neutral
2023-03-13,588.0,595.0,571.5,575.0,3520.0,585.0,604.69,655.95,22.922848663498073,-45.018611028090845,-40.417170152441955,28.482877897619655,,0.0,Neutral
2023-03-14,575.0,586.0,575.0,580.0,1383.0,585.9799999999999,597.8900000000001,648.05,26.134585288083386,-44.52721841929804,-41.23917980581317,24.883972976766756,,0.0,Neutral
2023-03-15,572.0,572.0,559.0,565.0,4937.0,583.8,590.09,639.3,26.340694004854996,-44.83137271817213,-41.95761838828496,21.11173712515759,2023-03-15,-0.1714332699775695,Slightly Negative
2023-03-16,570.0,570.0,558.6,563.0,1510.0,576.4,582.7,629.95,26.76282051131939,-44.71831557092901,-42.509757824813775,14.936606783988864,,0.0,Neutral
2023-03-19,563.0,570.0,556.0,556.1,2790.0,567.82,577.7099999999999,621.505,35.41887592526052,-44.670554950485894,-42.941917249948204,14.619579717227474,,0.0,Neutral
2023-03-20,565.0,565.0,554.0,561.0,2678.0,565.0200000000001,575.01,613.505,22.22222222023555,-43.73318631679979,-43.10017106331852,14.996403272396913,,0.0,Neutral
2023-03-22,571.0,572.0,558.0,560.0,3098.0,561.0200000000001,573.5,605.455,22.80471821547006,-42.58016888223892,-42.9961706271026,15.728671625676148,,0.0,Neutral
2023-03-23,558.0,565.0,552.0,560.0,1938.0,560.0200000000001,571.91,598.355,23.754266209334062,-41.191563554509116,-42.63524921258391,16.25398754485627,,0.0,Neutral
2023-03-26,555.0,571.0,539.4,554.0,5743.0,558.22,567.31,591.8050000000001,28.61842104933669,-40.11283785837304,-42.13076694174173,13.734987764322886,,0.0,Neutral
2023-03-27,543.0,560.0,532.2,554.0,3126.0,557.8,562.81,585.5550000000001,33.59073358619429,-38.81055604107701,-41.46672476160879,8.616837522320944,,0.0,Neutral
2023-03-28,552.1,579.0,552.1,569.0,3124.0,559.4,562.2099999999999,583.45,47.11447492280412,-36.1513830384539,-40.40365641697782,7.84834731346301,,0.0,Neutral
2023-03-29,558.8,572.0,558.0,565.0,2558.0,560.4,560.7099999999999,579.3,44.99540862598774,-33.9750921328266,-39.11794356014757,4.979613996359049,,0.0,Neutral
2023-03-30,565.0,567.1,556.0,560.0,1994.0,560.4,560.2099999999999,575.15,27.728285073628086,-32.28170077220318,-37.7506950025587,4.746566009871337,,0.0,Neutral
2023-04-02,556.0,566.0,552.0,555.0,1414.0,560.6,559.41,571.0550000000001,26.545842213521937,-30.985947418185333,-36.39774548568403,4.895905318331029,,0.0,Neutral
2023-04-03,555.0,555.0,537.0,539.0,3222.0,557.6,557.7,567.705,29.020979016243643,-30.89399311041427,-35.29699501063008,8.111035007078543,,0.0,Neutral
2023-04-04,531.0,550.0,530.3,545.0,2407.0,552.8,556.1,565.5550000000001,29.83870967260664,-29.99124836090232,-34.23584568068453,8.924996109394803,,0.0,Neutral
2023-04-05,541.5,545.0,535.6,542.0,537.0,548.2,554.3,563.9,34.625668442717114,-29.181505342214564,-33.224977612990536,9.821178928860993,,0.0,Neutral
2023-04-06,550.0,550.0,537.0,537.0,1094.0,543.6,552.0,561.955,33.290488425886025,-28.613398927661933,-32.30266187592482,10.964589468801746,,0.0,Neutral
2023-04-09,533.2,543.7,533.0,533.1,1852.0,539.22,549.9100000000001,558.61,34.625668442717114,-28.153333800275504,-31.472796260794958,12.434401205142871,,0.0,Neutral
2023-04-10,530.0,535.0,523.0,535.0,5043.0,538.42,548.01,555.4100000000001,31.894150411608365,-27.32048124975597,-30.64233325858716,13.16986880882114,,0.0,Neutral
2023-04-11,535.0,543.9,531.0,543.9,712.0,538.2,545.5,553.855,39.899623581447976,-25.646645419579613,-29.643195690785653,10.925607025973044,,0.0,Neutral
2023-04-12,545.0,598.0,545.0,582.0,6440.0,546.2,547.2,553.955,59.33786077393268,-21.00364987833518,-27.91528652829556,14.897501654729465,,0.0,Neutral
2023-04-13,584.0,590.0,559.0,570.0,3811.0,552.8,548.2,554.205,56.46203553481044,-18.083882432877658,-25.94900570921198,16.136294494000683,,0.0,Neutral
2023-04-16,570.0,570.0,560.0,560.0,1423.0,558.1800000000001,548.7,554.0550000000001,52.24215246090142,-16.387952013412473,-24.03679497005208,16.444924917818106,,0.0,Neutral
2023-04-17,555.0,555.0,544.0,554.3,1789.0,562.04,550.23,553.965,44.09638553721002,-15.327175166100233,-22.294871009261715,16.151301977013578,,0.0,Neutral
2023-04-18,544.0,550.0,544.0,549.9,1053.0,563.24,550.72,553.4100000000001,43.955164126378115,-14.672410682694931,-20.77037894394836,16.049008276644273,,0.0,Neutral
2023-04-19,543.3,550.0,542.1,546.0,376.0,556.04,551.1200000000001,552.71,44.345718896439095,-14.303322717830952,-19.476967698724877,15.85621504498117,,0.0,Neutral
2023-04-20,550.0,553.0,535.1,544.0,1949.0,550.8399999999999,551.82,551.9100000000001,45.44701986228263,-14.010694566238612,-18.383713072227625,15.308661310129189,,0.0,Neutral
2023-04-23,540.0,544.0,530.0,535.0,931.0,545.8399999999999,552.01,550.96,48.24253074977684,-14.339710178908604,-17.574912493563822,15.060282570664047,,0.0,Neutral
2023-04-24,540.0,543.0,535.0,540.0,730.0,542.98,552.51,550.26,47.783687937331806,-14.035210044346286,-16.866972003720317,14.505588961095299,,0.0,Neutral
2023-04-25,543.0,549.0,532.2,548.8,1092.0,542.76,553.0,549.25,52.86677908313544,-12.934701847246401,-16.080517972425532,14.263161563093892,,0.0,Neutral
2023-04-26,548.0,549.9,540.0,549.9,458.0,543.54,549.7900000000001,548.495,55.6233652939954,-11.837327027897572,-15.231879783519942,9.98058671162352,,0.0,Neutral
2023-04-27,540.1,551.0,540.0,540.0,1291.0,542.74,546.7900000000001,547.495,52.85832642303217,-11.632405707576936,-14.51198496833134,7.408021178080366,,0.0,Neutral
2023-04-30,540.0,540.0,529.1,529.1,1972.0,541.5600000000001,543.7,546.2,47.725520426614054,-12.208807457097123,-14.051349466084499,7.723413177359144,,0.0,Neutral
2023-05-02,529.1,530.0,522.0,522.0,2438.0,537.96,540.47,545.35,41.43862392040547,-13.087654326868119,-13.858610438241223,9.375268884877087,,0.0,Neutral
2023-05-03,522.0,522.0,516.2,517.0,1204.0,531.6,537.18,543.95,15.717299575737925,-14.025922907721565,-13.892072932137292,11.277982482959901,,0.0,Neutral
2023-05-04,517.0,537.0,515.0,537.0,1751.0,529.0200000000001,536.28,543.7,33.949416337788975,-13.005752446478823,-13.7148088350056,10.846791640201536,,0.0,Neutral
2023-05-07,526.3,530.0,516.1,520.0,1327.0,525.0200000000001,533.8799999999999,542.85,31.78506374822412,-13.414385248109284,-13.654724117626337,11.579272669412404,,0.0,Neutral
2023-05-08,520.0,520.0,515.0,516.0,1097.0,522.4,531.9799999999999,541.995,32.28492136492147,-13.900756984451164,-13.703930690991303,12.86276279279468,,0.0,Neutral
2023-05-09,508.5,524.0,508.0,515.1,951.0,521.02,529.49,541.0,33.36520076035265,-14.195199148428856,-13.802184382478814,13.53049641847474,,0.0,Neutral
2023-05-10,518.5,518.5,510.0,515.0,927.0,520.6200000000001,526.11,539.5550000000001,34.623015868207105,-14.272096010252653,-13.896166708033583,12.340128758436284,,0.0,Neutral
2023-05-11,510.0,511.0,509.0,509.2,1505.0,515.0600000000001,522.04,535.9150000000001,33.365200760352636,-14.63237593321719,-14.043408553070305,10.137082639568145,,0.0,Neutral
2023-05-14,515.0,515.0,501.2,502.1,2975.0,511.48,518.25,532.52,33.98247321834708,-15.314277571628509,-14.297582356781948,9.753888113480944,,0.0,Neutral
2023-05-15,500.0,507.9,493.0,498.0,3274.0,507.88,515.1400000000001,529.42,29.371316302444015,-16.00107483737372,-14.638280852900303,10.810817627484722,,0.0,Neutral
2023-05-16,507.0,509.0,500.0,509.0,2166.0,506.66,513.84,527.155,30.865384611229686,-15.479322554554528,-14.80648919323115,10.67501756424552,,0.0,Neutral
2023-05-17,500.0,525.0,498.9,512.3,1126.0,506.12000000000006,513.3700000000001,525.275,32.29755178481952,-14.630891876510418,-14.771369729887002,10.62377313163754,,0.0,Neutral
2023-05-18,522.0,527.3,515.0,522.0,2380.0,508.68,511.87000000000006,524.075,41.50943395678177,-13.025644001957176,-14.422224584301038,7.523156843096508,,0.0,Neutral
2023-05-21,530.0,531.0,515.5,515.5,3721.0,511.36,511.4200000000001,522.65,43.30708660820571,-12.13804929680066,-13.965389526800962,7.105834847913909,,0.0,Neutral
2023-05-22,514.1,535.0,514.1,530.0,3300.0,517.76,512.82,522.4,53.669724763748846,-10.147619834962256,-13.201835588433221,9.183777968500953,,0.0,Neutral
2023-05-23,539.0,551.4,538.0,546.0,9813.0,525.1600000000001,515.9100000000001,522.7,62.08333332609028,-7.196170885260358,-12.000702647798649,13.981372528287006,,0.0,Neutral
2023-05-24,550.0,570.0,547.0,569.5,6868.0,536.6,521.36,523.735,63.1578947296825,-2.927130586943804,-10.18598823562768,21.942713293110625,,0.0,Neutral
2023-05-28,570.0,580.0,560.0,560.0,5831.0,544.2,526.4399999999999,524.24,67.24137930222949,-0.3069180388389441,-8.210174196269932,24.54126683312801,,0.0,Neutral
2023-05-30,550.0,550.0,530.0,535.0,5431.0,548.1,529.7299999999999,523.99,56.93430656352496,-0.24484931267318188,-6.617109219550582,23.077312090673818,,0.0,Neutral
2023-05-31,525.0,543.5,511.0,515.0,5963.0,545.1,531.43,523.2850000000001,49.967969245999015,-1.7888712586950533,-5.6514616273794775,21.014124879268213,,0.0,Neutral
2023-06-01,515.0,530.0,510.0,526.0,2255.0,541.1,533.1299999999999,523.485,53.29341316918499,-2.1006961878155153,-4.941308539466686,19.64072017228318,,0.0,Neutral
2023-06-04,535.0,570.0,535.0,570.0,4474.0,541.2,538.9,526.135,64.81481481039276,1.188907599202139,-3.7152653117329213,21.25088233455422,,0.0,Neutral
2023-06-05,559.0,568.9,545.2,545.5,2320.0,538.3,541.25,526.5600000000001,59.748427669198215,1.7982677445952504,-2.612558700467287,20.458969779574044,,0.0,Neutral
2023-06-06,534.6,556.0,533.0,546.0,7804.0,540.5,544.3,527.86,60.95890410569213,2.295079622101639,-1.631031035953502,18.359375443183247,,0.0,Neutral
2023-06-07,540.0,560.0,540.0,552.5,8014.0,548.0,546.55,529.6850000000001,60.13986013593493,3.1766834620611917,-0.6694881363505634,17.7817790635181,,0.0,Neutral
2023-06-08,545.0,566.0,545.0,556.0,4342.0,554.0,547.55,531.73,60.17699114651851,4.110399479556008,0.286489386830751,18.026908898686795,,0.0,Neutral
2023-06-11,559.0,571.0,556.0,570.0,9429.0,554.0,547.6,534.48,60.95890410569213,5.9119103254046195,1.411573574545525,18.09511904714755,,0.0,Neutral
2023-06-12,580.0,580.0,561.1,575.0,7364.0,559.9,549.1,537.77,63.678160915441396,7.654838648215787,2.6602265892795773,19.780461740408942,,0.0,Neutral
2023-06-13,563.5,596.0,563.5,592.0,9706.0,569.1,554.8,542.2650000000001,64.09090908683058,10.28927150912807,4.186035573249276,23.185483964407712,,0.0,Neutral
2023-06-14,601.9,615.0,588.0,593.0,14894.0,577.2,562.6,547.0150000000001,61.463414629948836,12.315801283243218,5.811988715248065,21.356497840169748,,0.0,Neutral
2023-06-15,593.0,600.0,584.0,594.0,2997.0,584.8,569.4,551.2650000000001,56.71232876277275,13.842959353752235,7.4181828429489,19.116310662116224,,0.0,Neutral
2023-06-18,604.9,618.0,603.0,618.0,12079.0,594.4,574.2,556.55,64.72081217814167,16.79622611151558,9.293791496662237,24.54044281040093,,0.0,Neutral
2023-06-19,618.0,630.3,607.1,610.0,6074.0,601.4,580.65,560.95,70.83333332782408,18.280452476013807,11.091123692532552,24.635171334170167,,0.0,Neutral
2023-06-20,610.0,620.0,582.0,582.0,8714.0,599.4,584.25,564.275,67.81914893111986,17.00136541143536,12.273172036313113,21.43109112163763,,0.0,Neutral
2023-06-21,571.1,595.1,570.4,572.0,3982.0,595.2,586.2,566.375,62.29946523597758,15.007763119683887,12.820090252987269,18.96663737541819,,0.0,Neutral
2023-06-22,572.0,591.0,572.0,580.0,3194.0,592.4,588.6,568.075,53.31125827320293,13.912972000850687,13.038666602559953,16.008331164239248,,0.0,Neutral
2023-06-25,589.0,593.0,580.0,593.0,5555.0,587.4,590.9,569.25,67.02508959900823,13.933714320843592,13.217676146216682,14.632156368672954,,0.0,Neutral
2023-06-26,595.0,627.0,595.0,624.0,11189.0,590.2,595.8,572.45,72.94117646458132,16.2641111319964,13.826963143372627,16.765042996186544,,0.0,Neutral
2023-06-27,636.0,686.4,635.2,686.4,29820.0,611.0799999999999,605.24,580.02,79.6370075205183,22.882352381395435,15.638040990977188,33.052792788332845,,0.0,Neutral
2023-06-28,700.1,728.0,677.0,680.0,27902.0,632.68,613.9399999999999,588.27,77.09790209318457,27.29627527045284,17.96968784687232,40.15902278577636,,0.0,Neutral
2023-07-02,667.0,680.0,633.0,645.0,14830.0,645.68,619.04,594.22,65.01200960404256,27.65138550808524,19.906027379114903,40.58152836503153,,0.0,Neutral
2023-07-03,633.0,665.0,633.0,639.0,5938.0,654.8799999999999,621.14,597.67,62.7591706504042,27.13585779673633,21.35199346263919,41.062234609291956,,0.0,Neutral
2023-07-04,635.0,650.0,633.0,645.0,4215.0,659.0799999999999,624.64,602.645,61.05087572621055,26.90134625312419,22.46186402073619,41.49653800817731,,0.0,Neutral
2023-07-05,635.0,647.0,630.0,630.0,6540.0,647.8,629.4399999999999,606.845,57.28920409455458,25.214462892708752,23.012383795130702,38.69801028473502,,0.0,Neutral
2023-07-06,619.0,640.0,611.0,639.0,4519.0,639.6,636.14,611.17,58.59434682650756,24.32343504175401,23.274594044455366,33.03359232992541,,0.0,Neutral
2023-07-09,643.0,655.8,638.1,646.0,4859.0,639.8,642.74,615.67,55.718954245179475,23.90655071360709,23.40098537828571,26.522284131519815,,0.0,Neutral
2023-07-10,658.8,672.0,652.0,655.0,6821.0,643.0,648.9399999999999,619.92,59.153783560503854,24.025441331570732,23.525876568942717,20.063022924934018,,0.0,Neutral
2023-07-11,655.0,670.0,645.1,669.0,5765.0,647.8,653.4399999999999,624.62,68.76617773527728,24.961604165227868,23.813022088199748,18.858019219590577,,0.0,Neutral
2023-07-12,672.0,684.4,670.0,672.0,10462.0,656.2,652.0,628.62,72.24199287806323,25.649918588574792,24.18040138827476,16.45870252743033,,0.0,Neutral
2023-07-13,680.0,704.8,667.0,675.0,10478.0,663.4,651.5,632.72,71.61055504548432,26.13620574545837,24.571562259711484,15.565274741402034,,0.0,Neutral
2023-07-16,688.0,688.5,652.1,661.0,2290.0,666.4,653.1,636.0699999999999,65.39855072049104,25.102542341359253,24.67775827604104,15.645020506992775,,0.0,Neutral
2023-07-17,661.0,689.0,653.0,686.0,8159.0,672.6,657.8,639.47,64.43202979095881,26.000925231693373,24.942391667171506,17.843766418488574,,0.0,Neutral
2023-07-18,687.0,700.0,676.2,692.0,12044.0,677.2,662.5,643.5699999999999,51.76767676310134,26.887112108944393,25.331335755526084,20.13978925184458,,0.0,Neutral
2023-07-19,690.0,690.0,675.0,677.0,2659.0,678.2,667.2,648.3199999999999,49.10179640306931,26.078431034324012,25.48075481128567,16.943041836231554,,0.0,Neutral
2023-07-20,665.0,683.0,665.0,672.0,4642.0,677.6,670.5,653.3199999999999,59.854014592423674,24.748798499686018,25.33436354896574,13.753787357099462,,0.0,Neutral
2023-07-23,672.0,699.0,660.0,680.0,4821.0,681.4,673.9,658.3199999999999,64.74820143232752,24.063202656312342,25.080131370435062,10.93871818602231,,0.0,Neutral
2023-07-24,680.0,682.1,666.4,670.0,6585.0,678.2,675.4,662.17,58.74125873550785,22.454109586360687,24.554927013620187,8.89694079744396,,0.0,Neutral
2023-07-25,670.0,674.0,650.0,663.0,5402.0,672.4,674.8,664.12,62.22222221576955,20.37913228555692,23.719768068007532,9.554521907795964,,0.0,Neutral
2023-07-26,650.0,662.0,650.0,654.0,4471.0,667.8,673.0,662.5,55.555555549794235,17.80324827739946,22.53646410988592,11.61416759335528,,0.0,Neutral
2023-07-27,654.0,660.0,647.0,647.1,2123.0,662.82,670.21,660.855,50.40770940914969,15.031792165283036,21.035529720965343,14.153794151623423,,0.0,Neutral
2023-07-30,647.2,655.0,628.5,633.0,2455.0,653.4200000000001,667.4100000000001,660.255,42.14285713864286,11.564334616869246,19.141290700146126,18.331299887165166,,0.0,Neutral
2023-07-31,645.6,645.6,622.1,622.1,1758.0,643.84,661.02,659.4100000000001,32.87070854302273,7.846362638860228,16.88230508788895,21.91756271927034,,0.0,Neutral
2023-08-01,620.0,625.0,604.0,604.0,9429.0,632.0400000000001,652.22,657.36,27.631578944823417,3.4001297485241366,14.185870020015987,25.474466519281496,,0.0,Neutral
2023-08-02,604.0,604.0,585.0,597.0,4126.0,620.6400000000001,644.22,655.71,24.999999997756404,-0.680538524514418,11.212588311109906,29.12756617207522,,0.0,Neutral
2023-08-03,597.0,603.0,585.1,596.5,4473.0,610.5200000000001,636.67,653.585,27.368421049942754,-3.9097739119432617,8.188115866499272,30.86022430965006,,0.0,Neutral
2023-08-06,596.5,596.5,578.0,578.0,1332.0,599.5200000000001,626.47,650.1850000000001,10.294117645999137,-7.871029284863994,4.9762868362266195,31.790042116599967,,0.0,Neutral
2023-08-07,566.5,589.9,566.3,583.0,1816.0,591.7,617.77,646.585,9.629629628630994,-10.486018203421736,1.8838258282969487,30.429044969817173,,0.0,Neutral
2023-08-08,572.1,574.0,565.0,570.0,1819.0,584.9,608.47,641.635,9.77443608919667,-13.452336949261166,-1.1834067272146744,29.258732789404526,,0.0,Neutral
2023-08-09,574.0,580.0,560.0,579.0,1331.0,581.3,600.97,636.985,16.058394158942946,-14.90512414957118,-3.927750211685976,25.685406578608113,,0.0,Neutral
2023-08-10,580.1,590.0,570.0,587.0,1705.0,579.4,594.96,632.585,16.058394158942946,-15.235312136713674,-6.189262596691516,20.120868105789988,,0.0,Neutral
2023-08-13,597.0,597.9,571.0,580.0,3725.0,579.8,589.6600000000001,628.5350000000001,16.417910446045894,-15.878789196307025,-8.127167916614617,15.418257575481864,,0.0,Neutral
2023-08-14,568.5,627.0,568.5,582.0,2567.0,579.6,585.65,623.335,18.60465116077158,-16.042438867540568,-9.710222106799808,10.461702644380592,,0.0,Neutral
2023-08-15,582.0,582.0,560.0,575.0,2513.0,580.6,582.75,617.485,18.897637793192388,-16.546239164176086,-11.077425518275064,8.677077080668946,,0.0,Neutral
2023-08-16,565.0,576.3,555.0,566.0,1764.0,578.0,579.65,611.9350000000001,18.590240121918953,-17.470342084170625,-12.356008831454176,8.557160743914341,,0.0,Neutral
2023-08-17,566.0,571.0,560.0,561.5,2809.0,572.9,576.15,606.4100000000001,20.083682006015295,-18.354236484916555,-13.555654362146653,8.041731433069375,,0.0,Neutral
2023-08-20,554.0,559.0,546.0,546.0,3141.0,566.1,572.95,599.71,19.3392425441519,-20.07404849137083,-14.859333187991489,12.406203645194823,,0.0,Neutral
2023-08-21,556.9,556.9,536.0,537.0,2806.0,557.1,568.35,593.0600000000001,20.869565214850667,-21.910664183135623,-16.269599387020317,16.210507566164924,,0.0,Neutral
2023-08-22,535.0,550.0,518.2,550.0,3176.0,552.1,566.35,587.4100000000001,30.578512393156203,-22.062876885422725,-17.4282548867008,17.18857824892296,,0.0,Neutral
2023-08-23,545.0,564.0,541.1,560.0,1792.0,550.9,564.45,582.71,36.015325666634375,-21.13298225746621,-18.169200360853882,16.67741320193954,,0.0,Neutral
2023-08-24,570.0,570.0,543.0,550.0,2452.0,548.6,560.75,577.855,38.52459015951357,-20.96132142636111,-18.727624573955328,15.153382460596005,,0.0,Neutral
2023-08-27,542.0,548.0,540.2,548.0,1058.0,549.0,557.55,573.605,35.29411764290657,-20.74749802391284,-19.131599263946832,13.969112753077566,,0.0,Neutral
2023-08-28,545.0,554.0,538.0,544.0,1670.0,550.4,553.75,569.7,38.18181817695867,-20.66262216132327,-19.43780384342212,11.535573000137827,,0.0,Neutral
2023-08-29,545.0,545.0,540.0,544.9,1769.0,549.3799999999999,550.74,566.745,33.26790971083658,-20.288857628965843,-19.608014600530865,9.029482573913354,,0.0,Neutral
2023-08-30,538.0,539.0,531.1,531.1,1561.0,543.6,547.25,563.45,24.048282262426397,-20.865664817244692,-19.85954464387363,9.218610403678511,,0.0,Neutral
2023-09-03,521.0,529.0,515.0,520.0,3604.0,537.6,543.1,559.625,23.166368512304743,-21.96526401242329,-20.280688517583563,11.21566364991934,,0.0,Neutral
2023-09-04,529.0,530.0,519.0,521.0,1815.0,532.2,540.6,556.775,22.472924184886068,-22.496684874601215,-20.723887788987096,13.121737689688763,,0.0,Neutral
2023-09-05,511.0,531.0,511.0,520.0,1814.0,527.4,538.9,553.625,23.759541981558826,-22.736439853519983,-21.126398201893675,14.651962325811173,,0.0,Neutral
2023-09-07,512.0,520.0,512.0,520.0,2726.0,522.4200000000001,535.9,551.125,25.99164926551269,-22.6651773457952,-21.43415403067398,15.18815327803136,,0.0,Neutral
2023-09-10,530.0,530.0,518.0,518.0,1108.0,519.8,531.7,548.075,26.688102889886025,-22.51059643694191,-21.649442511927568,13.496172296752137,,0.0,Neutral
2023-09-11,518.0,545.0,518.0,544.0,2294.0,524.6,531.1,545.925,49.03660885658466,-20.05888095066723,-21.331330199675502,12.702230775088946,,0.0,Neutral
2023-09-12,544.0,544.0,528.1,532.0,1375.0,526.8,529.5,543.525,47.659176023715084,-18.866694960558448,-20.83840315185209,11.263115811120802,,0.0,Neutral
2023-09-13,522.5,545.7,522.5,545.0,2040.0,531.8,529.6,541.675,47.659176023715084,-16.680604000096423,-20.00684332150096,11.409645042548096,,0.0,Neutral
2023-09-17,540.0,550.0,530.0,536.0,2558.0,535.0,528.71,539.725,38.65784498543279,-15.49571103677033,-19.104616864554835,10.38465213653965,,0.0,Neutral
2023-09-18,526.0,532.1,526.0,530.0,489.0,537.4,528.6,537.925,40.176817283276264,-14.86941927306168,-18.257577346256205,10.362324921305772,,0.0,Neutral
2023-09-19,531.0,540.6,523.0,535.0,2062.0,535.6,530.1,536.6,43.79770991781328,-13.810422372457424,-17.36814635149645,10.060373308583348,,0.0,Neutral
2023-09-21,545.7,567.0,534.6,556.0,4107.0,540.4,533.6,537.1,54.9261083680709,-11.148126540104045,-16.12414238921797,12.366621742832509,,0.0,Neutral
2023-09-24,566.0,575.0,556.0,565.0,4941.0,544.4,538.1,538.5,57.73672054804994,-8.217289331962775,-14.542771777766932,14.813282328043389,,0.0,Neutral
2023-09-25,568.0,575.0,550.4,550.4,2210.0,547.28,541.14,538.52,57.38332057533765,-6.992077395875299,-13.032632901388606,13.768579366615269,,0.0,Neutral
2023-09-26,561.4,561.4,539.0,560.0,1765.0,553.28,545.3399999999999,538.52,65.47987615389536,-5.186659754828042,-11.463438272076495,12.247466858149657,,0.0,Neutral
2023-09-27,549.1,560.0,538.2,555.0,4394.0,557.28,546.4399999999999,538.77,62.762762756166076,-4.1119119191947675,-9.99313300150015,12.60257469273343,,0.0,Neutral
2023-10-01,544.0,550.0,536.0,550.0,1654.0,556.0799999999999,548.24,538.87,60.93294460019634,-3.62187402040297,-8.718881205280713,11.552700501871227,,0.0,Neutral
2023-10-02,540.1,553.0,540.0,553.0,1122.0,553.68,549.04,539.3199999999999,61.768901563018794,-2.9573500367864654,-7.566574971581863,11.580366526407547,,0.0,Neutral
2023-10-03,542.0,547.9,542.0,542.5,723.0,552.1,549.6899999999999,539.2,58.238063209042814,-3.2406164309697942,-6.70138326345945,10.93134636402985,,0.0,Neutral
2023-10-04,550.0,557.0,539.2,547.0,1278.0,549.5,551.39,539.995,51.17924527738592,-3.0666443303331334,-5.974435476834187,8.60290002766243,,0.0,Neutral
2023-10-05,556.0,556.0,537.0,543.5,1252.0,547.2,552.24,541.17,54.84414489664854,-3.174596167950199,-5.414467615057389,7.09055710061421,,0.0,Neutral
2023-10-08,550.0,550.0,529.0,536.0,2656.0,544.4,550.24,541.92,46.02473497664005,-3.8212866826877416,-5.09583142858346,8.576997661533287,,0.0,Neutral
2023-10-09,527.0,534.0,520.0,525.3,3612.0,538.86,546.27,542.185,45.34377719203817,-5.1379668673660035,-5.10425851633997,10.047780296459687,,0.0,Neutral
2023-10-10,534.0,536.0,515.0,520.0,1099.0,534.36,543.2299999999999,542.185,45.621716281622554,-6.533793600463014,-5.390165533164579,12.86364817777059,,0.0,Neutral
2023-10-11,530.4,530.4,512.0,520.0,4289.0,528.96,539.2299999999999,542.285,43.13186812633841,-7.552930857442561,-5.822718598020176,13.281821327467467,,0.0,Neutral
2023-10-12,511.4,518.0,511.4,515.0,2852.0,523.26,535.2299999999999,540.8349999999999,28.004291841286914,-8.66418733105968,-6.391012344628076,14.008176183820932,,0.0,Neutral
2023-10-16,505.0,513.0,503.2,508.0,1916.0,517.6600000000001,531.03,539.635,18.74999999712172,-9.994497248212042,-7.1117093253448695,15.322391023061945,,0.0,Neutral
2023-10-17,510.0,514.0,509.5,511.5,1851.0,514.9,526.8799999999999,537.9599999999999,25.717852679649837,-10.643663169078309,-7.818100094091559,14.29644866536306,,0.0,Neutral
2023-10-18,511.5,540.0,511.5,535.0,826.0,517.9,526.1299999999999,537.91,36.70212765410819,-9.156329766120848,-8.085746028497416,13.56392683215385,,0.0,Neutral
2023-10-19,524.5,545.0,514.0,533.2,1592.0,520.54,524.75,538.0699999999999,37.99559470779806,-8.030284168178355,-8.074653656433604,11.790792075797166,,0.0,Neutral
2023-10-29,524.0,525.0,513.6,517.0,859.0,520.9399999999999,522.1,537.17,33.823529407122265,-8.348849193514866,-8.129492763849857,9.941383762233402,,0.0,Neutral
2023-10-30,507.2,536.0,507.2,534.7,1284.0,526.28,521.97,536.1049999999999,42.15938302836137,-7.091327783809561,-7.921859767841798,9.746002029162609,,0.0,Neutral
2023-10-31,525.0,525.0,511.0,511.0,753.0,526.1800000000001,520.5400000000001,533.405,37.87528867952076,-7.915875650464386,-7.920662944366316,10.23970485670523,,0.0,Neutral
2023-11-01,504.0,519.0,503.0,515.0,1869.0,522.1800000000001,520.0400000000001,531.635,37.635239563161576,-8.152591208094577,-7.967048597111969,10.389973799410155,,0.0,Neutral
2023-11-02,507.2,520.0,506.0,512.0,1661.0,517.9399999999999,519.24,529.2349999999999,37.78122575229685,-8.48446133207176,-8.070531144103928,10.69685311965793,,0.0,Neutral
2023-11-05,502.0,512.0,496.0,506.0,1497.0,515.74,518.34,526.785,38.22605965043043,-9.126416998069999,-8.281708314897143,11.445639635403952,,0.0,Neutral
2023-11-06,515.0,519.9,507.0,517.5,1584.0,512.3,519.2900000000001,525.16,46.95787831000462,-8.607990046951045,-8.346964661307924,10.871926129929644,,0.0,Neutral
2023-11-07,517.0,519.0,511.0,513.0,262.0,512.7,519.44,523.16,47.252747247554645,-8.462692691550728,-8.370110267356484,10.762300456128383,,0.0,Neutral
2023-11-08,511.0,511.0,509.0,510.2,700.0,511.73999999999995,516.96,521.545,46.23655913481327,-8.475776613199514,-8.39124353652509,9.569651102264755,,0.0,Neutral
2023-11-09,510.0,515.0,505.1,505.7,562.0,510.48,514.2099999999999,519.48,46.41480338743402,-8.748411861064483,-8.46267720143297,8.243711407771086,,0.0,Neutral
2023-11-20,505.0,505.0,500.2,500.2,2338.0,509.32,512.53,517.3149999999999,46.9578783100046,-9.301064412969367,-8.63035464374025,9.261035459094455,,0.0,Neutral
2023-11-21,500.0,505.0,481.2,485.0,2921.0,502.82,507.55999999999995,514.765,40.52894924540812,-10.84059488055334,-9.072402691102868,9.376590235327589,,0.0,Neutral
2023-11-22,478.0,494.0,478.0,492.0,2213.0,498.62,505.65999999999997,513.1,32.5769854095942,-11.364835618625591,-9.530889276607413,10.464033638936016,,0.0,Neutral
2023-11-23,490.0,492.0,485.1,491.0,837.0,494.78000000000003,503.25999999999993,511.65,32.789559539485694,-11.725823825165094,-9.969876186318949,10.829712215171572,,0.0,Neutral
2023-11-26,499.0,500.8,486.0,500.0,3637.0,493.64000000000004,502.05999999999995,510.65,42.634315419437776,-11.157073003221285,-10.207315549699416,10.41037943577285,,0.0,Neutral
2023-11-27,500.0,504.0,490.0,500.0,2619.0,493.6,501.4599999999999,509.9,32.24155577838911,-10.584324376305403,-10.282717315020614,10.330666322334933,,0.0,Neutral
2023-11-28,490.0,510.0,485.1,495.0,1416.0,495.6,499.2099999999999,509.25,39.873417714452806,-10.41383101474679,-10.30894005496585,8.783374446271273,,0.0,Neutral
2023-11-29,488.1,510.0,488.0,490.0,3388.0,495.2,496.90999999999997,508.175,34.374999993984375,-10.560437856662531,-10.359239615305189,7.717865277469845,,0.0,Neutral
2023-11-30,485.0,499.8,472.1,477.1,3521.0,492.41999999999996,493.6,505.28000000000003,30.589543932944906,-11.584013725893726,-10.604194437422898,8.448142464933992,,0.0,Neutral
2023-12-03,477.0,486.5,470.0,474.0,3573.0,487.21999999999997,490.43,502.32,31.609195397212318,-12.501242526848102,-10.98360405530794,9.307111975796987,,0.0,Neutral
2023-12-04,478.0,483.4,464.6,482.0,3184.0,483.62,488.61,500.57,28.742514965240773,-12.439228139825502,-11.274728872211453,8.957237917337592,,0.0,Neutral
2023-12-05,485.0,485.0,478.0,479.0,2625.0,480.41999999999996,488.01000000000005,497.785,29.268292677929807,-12.488200023043476,-11.517423102377858,9.415170972484779,,0.0,Neutral
2023-12-06,471.0,471.0,463.3,466.0,1802.0,475.62,485.41,495.535,26.03036875960494,-13.421289674874686,-11.898196416877225,11.540888661960611,,0.0,Neutral
2023-12-07,475.0,482.0,465.5,475.0,3037.0,475.2,483.81000000000006,493.535,34.12616338699311,-13.281444932863508,-12.17484612007448,11.786286758441173,,0.0,Neutral
2023-12-10,484.5,503.0,484.5,503.0,30.0,481.0,484.11,493.08500000000004,51.17449663828487,-10.786906232622641,-11.897258142584112,12.272322065751897,,0.0,Neutral
2023-12-11,513.0,522.0,501.0,505.9,7717.0,485.78000000000003,484.7,493.08000000000004,59.77549110536148,-8.478228832347042,-11.2134522805367,13.225900515318417,,0.0,Neutral
2023-12-12,500.5,530.1,500.5,529.0,9902.0,495.7799999999999,488.1,493.65500000000003,65.04065039910105,-4.730082962246854,-9.916778416878731,19.192359590820057,,0.0,Neutral
2023-12-13,535.0,540.0,511.8,526.0,8150.0,507.7799999999999,491.7,494.305,63.999999992831995,-1.9789136000630378,-8.329205453515593,22.652740820116318,2023-12-13,0.1697400510311126,Slightly Positive
2023-12-14,516.1,526.4,509.6,518.0,7904.0,516.3799999999999,495.78999999999996,494.695,57.258064509664415,-0.43906394479006394,-6.751177151770488,23.40362982286318,,0.0,Neutral
2023-12-17,511.0,531.6,511.0,518.0,6269.0,519.3799999999999,500.18999999999994,495.30999999999995,57.258064509664415,0.7723745480282105,-5.246466811810749,22.984170881453604,,0.0,Neutral
2023-12-18,527.0,569.8,525.0,568.0,21755.0,531.8,508.78999999999996,498.7,71.5976331301635,5.70130926977447,-3.0569115954937054,30.33547428336667,,0.0,Neutral
2023-12-19,579.0,624.8,553.0,624.8,17095.0,550.9599999999999,523.37,505.68999999999994,80.5253623137348,14.029092208239263,0.36028916525288857,45.61588539091276,,0.0,Neutral
2023-12-20,615.0,642.0,600.0,630.0,9610.0,571.76,539.77,512.5899999999999,85.87517596807952,20.80864759070323,4.449960850342957,51.76476815575637,,0.0,Neutral
2023-12-21,617.4,628.0,606.3,612.0,21906.0,590.5600000000001,553.47,518.64,80.2631578898084,24.4472320346199,8.449415087198346,50.839006240805155,,0.0,Neutral
2023-12-24,599.8,599.8,580.0,581.0,13322.0,603.1600000000001,561.27,522.6899999999999,69.72111553395978,24.546439424758432,11.668819954710365,48.14759830167376,,0.0,Neutral
2023-12-27,580.0,580.0,537.0,556.1,7111.0,600.78,566.2900000000001,525.495,64.12605349616064,22.35810972273282,13.806677908314857,44.18723923383601,,0.0,Neutral
2023-12-28,561.0,567.0,553.0,565.0,7240.0,588.8199999999999,569.8900000000001,528.995,68.41517856786528,21.098784631712988,15.265099252994483,42.23496313610652,,0.0,Neutral
2024-01-01,553.7,575.0,553.7,559.0,5116.0,574.62,573.19,532.4449999999999,65.80135439834004,19.393059450638134,16.090691292523214,39.63372441631365,,0.0,Neutral
2024-01-02,548.0,549.8,540.0,545.0,3820.0,561.22,575.8900000000001,535.8399999999999,58.33995233988579,16.718852434688984,16.21632352095637,36.22971309723985,,0.0,Neutral
2024-01-03,536.0,548.0,536.0,547.0,1537.0,554.42,578.7900000000001,539.49,58.190514145816394,14.592691924362043,15.891597201637506,31.994112305538987,,0.0,Neutral
2024-01-04,555.0,557.1,540.0,545.0,3144.0,552.2,576.49,542.64,53.48128807333012,12.601054009725772,15.23348856325516,33.64033458674746,2024-01-04,0.9276528358459472,Strongly Positive
2024-01-07,540.0,555.9,531.0,545.0,7723.0,548.2,568.51,545.9399999999999,54.18871251870087,10.897052179059415,14.366201286416011,30.195674819002473,,0.0,Neutral
2024-01-08,534.1,566.0,534.1,565.0,9899.0,549.4,562.01,550.89,59.840871018267286,11.033266674359993,13.699614364004809,21.120840155780133,,0.0,Neutral
2024-01-09,576.2,582.0,570.0,573.0,4732.0,555.0,558.11,555.79,61.1426256043112,11.652428838206788,13.290177258845207,12.84302231639135,2024-01-09,0.9244428873062134,Strongly Positive
2024-01-10,573.0,591.0,570.0,580.0,9041.0,561.6,558.01,559.64,52.944062803036225,12.563140746198428,13.144769956315852,12.647393231518466,,0.0,Neutral
2024-01-11,579.0,580.0,570.0,580.0,3713.0,568.6,560.4,563.345,34.76190475859413,13.133491776719438,13.142514320396568,14.385177556445043,,0.0,Neutral
2024-01-14,590.0,601.8,586.0,595.8,8522.0,578.76,563.4799999999999,566.6850000000001,39.1497461894156,14.691077435655075,13.45222694344827,18.256006621791947,,0.0,Neutral
2024-01-16,607.0,610.0,580.6,602.6,16388.0,586.28,567.8399999999999,570.515,46.78961748186439,16.28643853669405,14.019069262097426,21.90825313786367,,0.0,Neutral
2024-01-17,609.0,626.0,593.5,609.9,16067.0,593.6600000000001,574.3299999999999,575.11,61.77669110949574,17.93310106842887,14.801875623363717,23.911691700864523,,0.0,Neutral
2024-01-18,598.0,610.0,576.0,604.0,6156.0,598.46,580.03,579.4100000000001,73.09546768540659,18.548200190803072,15.55114053685159,23.462501997809703,,0.0,Neutral
2024-01-21,592.0,615.0,581.3,582.0,4534.0,598.86,583.7299999999999,580.11,57.27739725340853,17.06375420188499,15.85366326985827,19.984107574590364,,0.0,Neutral
2024-01-22,584.0,593.0,559.0,566.0,6686.0,592.9,585.8299999999999,577.1700000000001,52.76025236010533,14.429914703993177,15.568913556685253,16.2087801994108,,0.0,Neutral
2024-01-23,566.0,580.0,560.0,565.0,5419.0,585.38,585.8299999999999,573.9200000000001,58.787346214208945,12.122149687650676,14.879560782878338,16.2087801994108,,0.0,Neutral
2024-01-24,575.0,575.0,558.3,567.0,2805.0,576.8,585.2299999999999,571.6700000000001,58.787346214208945,10.33547168695327,13.970742963693326,16.83541571270145,,0.0,Neutral
2024-01-25,578.0,578.0,556.2,565.0,2285.0,569.0,583.7299999999999,570.8700000000001,58.787346214208945,8.658325427865975,12.908259456527855,17.98234010224476,,0.0,Neutral
2024-01-28,560.0,572.0,550.8,571.0,6269.0,566.8,582.8299999999999,571.615,60.85141902460835,7.724284051910331,11.87146437560435,18.409903735565678,,0.0,Neutral
2024-01-29,575.0,578.0,560.0,567.0,5193.0,567.0,579.95,571.715,50.96339112992787,6.5853709049147255,10.814245681466426,18.40816545864306,,0.0,Neutral
2024-01-30,578.0,589.0,556.0,568.0,3431.0,567.6,576.49,572.1650000000001,47.417355365042944,5.697785152654205,9.790953575703982,16.864851680919905,,0.0,Neutral
2024-01-31,579.0,579.0,555.0,560.0,9762.0,566.2,571.5,572.9150000000001,39.7750511190506,4.2992745472915885,8.692617770021503,12.764969425800503,,0.0,Neutral
2024-02-01,571.0,571.0,541.0,550.9,5024.0,563.3799999999999,566.19,573.11,36.389148732371844,2.428654847394455,7.439825185496094,7.836162609440405,,0.0,Neutral
2024-02-04,550.0,560.0,542.0,542.0,5306.0,557.5799999999999,562.19,572.96,23.099999996766016,0.22542112414294024,5.996944373225463,8.992892254899731,,0.0,Neutral
2024-02-05,550.0,552.7,547.0,550.0,4042.0,554.18,560.59,573.21,24.01185770418806,-0.8651514068848201,4.624525217203407,9.639784460326887,,0.0,Neutral
2024-02-06,550.0,565.0,550.0,557.1,2297.0,552.0,559.8,572.815,23.86138613530636,-1.1433475333950582,3.470950667083714,9.561613066923135,,0.0,Neutral
2024-02-07,567.9,567.9,547.0,558.9,1941.0,551.78,558.99,572.11,26.728586167448896,-1.2046881164626484,2.5358229103744416,9.220924272628565,,0.0,Neutral
2024-02-08,569.9,569.9,551.0,564.0,4036.0,554.4,558.8900000000001,571.3100000000001,38.74999999321875,-0.8321807314989655,1.8622221819997602,9.153681712075997,,0.0,Neutral
2024-02-11,557.0,569.0,556.1,557.0,1729.0,557.4,557.49,570.1600000000001,43.661971822376515,-1.0892512335187803,1.2719274988960523,8.106437770712288,,0.0,Neutral
2024-02-12,550.0,560.0,548.6,559.9,3263.0,559.38,556.78,568.365,46.502057604238274,-1.046907595688026,0.8081604799792368,7.466636904507948,,0.0,Neutral
2024-02-13,550.0,560.0,549.5,555.8,1716.0,559.12,555.5600000000001,566.025,42.533333325393755,-1.3288673370378774,0.380754916575814,6.341608628501614,,0.0,Neutral
2024-02-14,566.9,566.9,539.0,555.0,3175.0,558.3399999999999,555.0600000000001,563.28,43.22493224112264,-1.5984498428015286,-0.015086035299654521,6.146760664264536,,0.0,Neutral
2024-02-15,555.0,560.0,547.1,552.5,4313.0,556.04,555.22,560.7049999999999,36.84210525582091,-1.9908754545217562,-0.4102439191440749,6.046449830490584,,0.0,Neutral
2024-02-18,542.0,548.0,540.0,546.2,6099.0,553.8799999999999,555.64,558.915,35.67493112259713,-2.778207481316599,-0.8838366315785797,5.097537531590663,,0.0,Neutral
2024-02-20,537.0,547.7,537.0,540.0,2861.0,549.9,554.64,557.615,32.005141382415516,-3.8579894683346083,-1.4786671989297855,6.965502294831499,,0.0,Neutral
2024-02-21,533.0,540.0,533.0,536.2,3135.0,545.98,552.55,556.175,33.831521732695094,-4.963140717783631,-2.175561902700555,8.987429492683491,,0.0,Neutral
2024-02-22,532.0,544.9,526.2,538.0,3841.0,542.58,550.4599999999999,554.725,40.271493204165886,-5.628850207035271,-2.866219563567498,9.744878996874327,,0.0,Neutral
2024-02-25,528.0,534.0,525.0,525.1,5107.0,537.1,546.5699999999999,552.7299999999999,37.98008534094279,-7.115330858648122,-3.716041822583623,11.368284342235695,,0.0,Neutral
2024-02-26,515.0,535.0,515.0,534.9,2222.0,534.84,544.3599999999999,550.925,39.52843272464076,-7.417099678474074,-4.456253393761713,11.263036890511328,,0.0,Neutral
2024-02-27,545.0,545.0,525.2,532.2,4443.0,533.28,541.59,549.185,31.61004430660938,-7.784387503939229,-5.1218802157972165,10.388824123242689,,0.0,Neutral
2024-02-28,522.1,532.0,522.1,525.0,1716.0,531.04,538.51,547.035,26.81258549418085,-8.557796626409754,-5.809063497919724,10.272882317446026,,0.0,Neutral
2024-02-29,520.0,525.0,515.5,522.1,3384.0,527.86,535.22,545.14,20.451339911335324,-9.297558228044295,-6.5067624439446385,9.65468222604209,,0.0,Neutral
2024-03-03,512.0,528.0,512.0,517.9,3799.0,526.42,531.76,543.49,21.29221732308227,-10.106231183991099,-7.226656191953931,8.947898573734074,,0.0,Neutral
2024-03-04,528.0,538.5,528.0,538.5,20.0,527.14,530.99,543.3149999999999,37.52913752301387,-8.981331292678988,-7.577591212098943,7.828502056037473,,0.0,Neutral
2024-03-05,540.8,542.0,530.0,530.0,3523.0,526.7,529.99,542.3149999999999,35.69844788802905,-8.675710793301278,-7.79721512833941,7.159833951926167,,0.0,Neutral
2024-03-06,528.0,540.0,522.3,534.0,5945.0,528.5,529.7700000000001,541.16,38.75802997277715,-8.01830771494781,-7.841433645661089,6.979342534877715,,0.0,Neutral
2024-03-07,535.0,538.0,532.5,535.1,1246.0,531.1,529.48,539.97,40.543478254699906,-7.324122309229892,-7.7379713783748505,6.65195042385117,,0.0,Neutral
2024-03-10,544.0,576.0,544.0,566.0,10171.0,540.72,533.5699999999999,540.0699999999999,58.490566030712955,-4.2318218083485135,-7.036741464369583,13.10420204011162,,0.0,Neutral
2024-03-12,572.0,600.0,569.1,594.1,12832.0,551.84,539.49,541.925,69.53068591354926,0.4807420804713729,-5.533244755401392,23.23103527604809,,0.0,Neutral
2024-03-13,603.0,603.0,586.0,590.0,12450.0,563.84,545.27,543.4300000000001,69.38040345121522,3.8403776961511085,-3.6585202650908917,27.93078946247359,,0.0,Neutral
2024-03-14,579.0,590.4,568.0,572.0,7609.0,571.44,549.97,544.24,60.96774192997711,4.992908418451179,-1.9282345283824778,28.094841361149655,,0.0,Neutral
2024-03-17,574.0,590.0,565.0,570.0,5866.0,578.4200000000001,554.76,544.99,65.57945870285835,5.679444928305088,-0.40669863704496456,26.87192669760633,,0.0,Neutral
2024-03-18,572.0,577.9,563.2,577.9,5102.0,580.8,560.76,546.26,65.11954992326531,6.782806069321055,1.0312023042282392,24.302958210368075,,0.0,Neutral
2024-03-19,580.0,614.9,580.0,591.2,19651.0,580.22,566.03,548.51,69.30628271616303,8.630934529441106,2.551148749270813,24.651033334154498,,0.0,Neutral
2024-03-20,590.0,649.0,590.0,630.0,66115.0,588.22,576.03,553.01,78.47071582918333,13.075696889598476,4.656058377336345,28.40786471692287,,0.0,Neutral
2024-03-21,630.0,640.0,615.0,616.0,13582.0,597.02,584.2299999999999,557.0,74.01534526324184,15.292240654512511,6.7832948327715785,26.71192201574123,,0.0,Neutral
2024-03-25,606.0,616.9,604.2,610.0,19840.0,605.02,591.72,560.6,73.3400912264229,16.375945989935076,8.701825064204279,21.372557690167326,,0.0,Neutral
2024-03-26,602.0,622.1,602.0,621.6,8395.0,613.76,597.28,565.4250000000001,72.06585235789208,17.963738534896493,10.554207758342722,21.16925443492696,,0.0,Neutral
2024-03-27,621.0,632.0,610.0,616.8,14814.0,618.88,599.55,569.52,73.510292518802,18.6201145910926,12.167389124892697,21.9914756211891,,0.0,Neutral
2024-03-28,605.1,620.0,605.1,616.0,7870.0,616.08,602.15,573.71,72.6019845588951,18.858356634082725,13.505582626730703,22.272117596214155,,0.0,Neutral
2024-03-31,611.5,611.5,602.5,603.0,4870.0,613.48,605.25,577.61,67.56337299045066,17.793066421222193,14.363079385629002,19.607325728400863,,0.0,Neutral
2024-04-01,603.0,610.0,600.0,605.0,6882.0,612.48,608.75,581.755,61.86131386334514,16.91521150891026,14.873505810285256,15.25714768732885,,0.0,Neutral
2024-04-02,593.0,629.9,593.0,620.0,9994.0,612.1600000000001,612.96,586.86,58.55915399325955,17.231248697168212,15.345054387661849,11.018287828156408,,0.0,Neutral
2024-04-03,630.0,648.0,617.6,640.0,20812.0,616.8,617.8399999999999,591.9350000000001,64.95215310460927,18.877930269767262,16.051629564082933,11.116274355782066,,0.0,Neutral
2024-04-04,650.0,671.0,632.1,659.0,26190.0,625.4,620.74,598.385,75.86206895920292,21.468601812176644,17.135024013701678,16.912598854034233,,0.0,Neutral
2024-04-07,659.0,665.0,643.0,649.0,16391.0,634.6,624.04,604.135,72.41770714521084,22.455952999965348,18.199209810954414,18.978303401450287,,0.0,Neutral
2024-04-09,652.0,660.0,629.2,638.0,13869.0,641.2,626.8399999999999,609.28,66.75962074213811,22.096117571595187,18.97859136308257,18.740757722075056,,0.0,Neutral
2024-04-10,629.0,635.0,612.3,617.0,12868.0,640.6,626.38,611.83,56.898395717665345,19.887173944563187,19.160307879378696,18.93907190022673,,0.0,Neutral
2024-04-14,618.0,644.5,618.0,638.0,9936.0,640.2,628.5,614.025,52.3640661895207,19.605099320027534,19.249266167508466,18.934096228696145,,0.0,Neutral
2024-04-15,650.0,660.0,624.0,624.0,17775.0,633.2,629.3,615.725,52.3640661895207,18.043871630490685,19.00818726010491,18.51155795105609,,0.0,Neutral
2024-04-16,620.2,626.0,617.9,620.0,5185.0,627.4,631.0,618.125,52.99043061757257,16.295971057429142,18.465744019569758,16.499158227611566,,0.0,Neutral
2024-04-18,620.0,620.0,610.0,610.0,4543.0,621.8,631.5,620.125,46.49758453713184,13.94310341691164,17.561215899038135,15.679073101777306,,0.0,Neutral
2024-04-21,602.0,618.0,602.0,618.0,5323.0,622.0,631.3,622.13,50.355450232790446,12.578969471584173,16.564766613547345,15.853846361119638,,0.0,Neutral
2024-04-22,630.0,630.0,608.2,612.0,9586.0,616.8,628.5,623.17,48.85057470871317,10.888221001922034,15.429457491222283,16.601539419844055,,0.0,Neutral
2024-04-24,620.0,624.0,608.0,613.0,3287.0,614.6,623.9,622.3199999999999,53.0864197484987,9.519250309144809,14.24741605480679,13.245124889212285,,0.0,Neutral
2024-04-25,610.0,610.0,603.1,608.0,3484.0,612.2,619.8,621.92,50.909090904771354,7.939353039201023,12.985803451685637,10.716550025167502,,0.0,Neutral
2024-04-28,619.0,639.9,610.0,639.0,7780.0,618.0,619.9,623.37,55.24861878025701,9.083999303043242,12.20544262195716,10.908202825688681,,0.0,Neutral
2024-04-29,639.0,650.0,627.0,636.0,7214.0,621.6,621.8,624.0899999999999,48.78048780071386,9.637964332514684,11.691946964068666,11.951754868718192,,0.0,Neutral
2024-04-30,627.0,655.0,623.5,639.9,11433.0,627.18,621.99,625.245,43.586299525787716,10.273259277741431,11.40820942680322,12.2493038349912,,0.0,Neutral
2024-05-02,652.6,703.8,652.6,693.0,80858.0,643.18,628.89,629.095,61.45833332885199,14.88982073878526,12.104531689199629,25.631337156730037,2024-05-02,-0.5168274641036987,Negative
2024-05-05,704.0,721.0,660.9,680.0,60181.0,657.5799999999999,634.89,632.9449999999999,60.82474226365182,17.300063242579995,13.143637999875702,29.973857127648277,,0.0,Neutral
2024-05-06,693.0,693.0,654.0,667.0,16609.0,663.18,640.5899999999999,636.045,63.44086021027865,17.954241121705877,14.105758624241739,30.13401363534854,,0.0,Neutral
2024-05-07,670.0,692.0,670.0,685.0,26390.0,672.9799999999999,647.29,639.295,62.84153004983726,19.698064347554237,15.22421976890424,31.94712471843769,,0.0,Neutral
2024-05-08,695.0,705.0,684.0,697.0,23475.0,684.4,655.79,642.145,70.16574585092641,21.797093207150056,16.538794456553404,32.81051491346297,,0.0,Neutral
2024-05-09,695.0,700.0,681.5,685.0,22817.0,682.8,662.99,643.4449999999999,67.19576719078972,22.23596660760643,17.67822888676401,30.17101073690803,,0.0,Neutral
2024-05-12,693.0,693.0,666.0,666.0,9621.0,680.0,668.79,644.295,64.1414141368789,20.810742444344555,18.30473159828012,23.19331560787838,,0.0,Neutral
2024-05-13,666.0,688.0,657.1,670.0,11576.0,680.6,671.89,645.895,63.4020618510947,19.77604268743744,18.598993816111587,20.707725343133994,,0.0,Neutral
2024-05-14,675.0,704.0,670.0,693.0,38857.0,682.2,677.5899999999999,649.6949999999999,69.19431279161743,20.574770311656266,18.994149115220523,17.29460095579084,,0.0,Neutral
2024-05-15,705.0,715.0,687.0,693.0,35155.0,681.4,682.9,652.4449999999999,69.04761904301587,20.966083745882884,19.388536041352996,11.675710780079871,,0.0,Neutral
2024-05-16,683.0,730.0,675.0,716.0,56962.0,687.6,685.2,657.045,73.68421052179133,22.868496450808266,20.084528123244052,15.519163780381637,,0.0,Neutral
2024-05-19,701.7,748.0,700.0,709.0,31288.0,696.2,688.1,661.495,67.15686274048923,23.539976530726335,20.77561780474051,17.071418609219787,,0.0,Neutral
2024-05-20,718.0,733.0,695.0,695.0,23078.0,701.2,690.9,665.745,63.720930228408875,22.680993954813403,21.156693034755087,15.444884086400382,,0.0,Neutral
2024-05-21,686.0,724.0,681.1,715.0,42859.0,705.6,693.9,670.595,66.24837732181965,23.344970638017685,21.594348555407606,17.00620801675167,,0.0,Neutral
2024-05-22,702.0,719.9,690.0,696.0,29440.0,706.2,693.8,674.795,50.76142131618954,22.083471223000856,21.692173088926257,16.988885255370327,,0.0,Neutral
2024-05-26,709.0,723.1,685.2,689.0,13357.0,700.8,694.2,678.595,52.356020938570765,20.285048932340942,21.410748257609196,16.804761230018105,,0.0,Neutral
2024-05-27,702.7,702.7,682.1,689.9,8169.0,696.98,696.59,682.6899999999999,56.400223584183315,18.716654842139178,20.871929574515192,13.774892618986225,,0.0,Neutral
2024-05-29,703.5,703.5,662.0,662.2,17716.0,690.42,695.8100000000001,683.85,43.955461290480514,15.06487423195665,19.710518506003485,15.553809822610324,,0.0,Neutral
2024-05-30,655.1,669.9,650.0,657.0,11969.0,678.82,692.21,684.9,38.998899886985775,11.617298264070541,18.091874457616896,19.849458430846592,,0.0,Neutral
2024-06-02,652.0,674.9,652.0,674.9,7208.0,674.6,690.4,686.65,47.30953649087728,10.21173534605066,16.51584663530365,20.581167227403306,,0.0,Neutral
2024-06-03,686.0,698.6,666.1,680.0,12715.0,672.8,686.8,686.0,54.027617947316536,9.400975392091595,15.09287238666124,18.665059454561533,,0.0,Neutral
2024-06-04,681.0,701.0,681.0,689.0,14007.0,672.6200000000001,684.8,686.45,55.31319910081441,9.376579697199531,13.949613848768898,17.02109801909493,,0.0,Neutral
2024-06-05,702.0,702.0,678.0,688.0,13147.0,677.78,684.1,687.5,48.40561224057603,9.17083857217358,12.993858793449835,16.695841132119284,,0.0,Neutral
2024-06-06,688.3,714.0,683.0,697.0,46067.0,685.78,682.3,688.1,51.20627261328778,9.623083120119986,12.319703658783865,13.694930124281555,,0.0,Neutral
2024-06-09,700.0,720.9,694.5,709.5,55039.0,692.7,683.65,688.725,47.90727623521763,10.86489200389417,12.028741327805928,15.712291720464046,,0.0,Neutral
2024-06-10,710.0,719.0,703.0,706.0,28400.0,697.9,685.35,689.775,49.01185770298969,11.434800479741284,11.909953158193002,17.204279183391694,,0.0,Neutral
2024-06-11,706.0,718.0,701.1,710.0,23640.0,702.1,687.3599999999999,691.975,55.28913962782759,12.07008717187523,11.941979960929448,18.886809035764372,,0.0,Neutral
2024-06-12,702.0,718.9,702.0,710.0,18360.0,706.5,692.14,693.975,47.94745483849537,12.430268059765126,12.039637580696583,17.830884567018824,,0.0,Neutral
2024-06-13,712.1,725.0,711.0,716.0,26468.0,710.3,698.04,695.125,59.191176462971725,13.049438065265463,12.241597677610361,14.328852012563427,,0.0,Neutral
2024-06-16,730.3,730.3,701.3,702.2,24061.0,708.84,700.7700000000001,695.585,55.70934255380685,12.284976524671492,12.25027344702259,11.809417146129343,,0.0,Neutral
2024-06-18,700.0,705.0,686.5,690.0,14115.0,705.64,701.7700000000001,694.2850000000001,50.03940109771039,10.57282031452337,11.914782820522746,10.163994184165224,,0.0,Neutral
2024-06-19,699.0,699.0,685.6,691.0,7865.0,701.8399999999999,701.97,693.385,64.37125747603591,9.190671485324287,11.369960553483056,9.901071771287699,,0.0,Neutral
2024-06-20,690.0,693.0,681.0,681.0,6462.0,696.04,701.2700000000001,692.6850000000001,61.428571420380955,7.205333553782907,10.537035153543027,11.165228763052577,,0.0,Neutral
2024-06-23,694.0,694.0,670.2,673.0,9931.0,687.4399999999999,698.8700000000001,690.585,49.001051517497224,4.929580660936722,9.415544255021766,14.31906654306118,,0.0,Neutral
2024-06-24,660.1,725.0,650.0,713.9,364695.0,689.78,699.3100000000001,691.48,62.94881588325986,6.353083885505271,8.803052181118467,14.743318637348741,,0.0,Neutral
2024-06-25,728.1,728.1,700.0,709.0,33907.0,693.58,699.61,692.48,57.886435324839034,7.005081182412255,8.443457981377225,14.923988891794204,,0.0,Neutral
2024-06-26,695.0,736.0,695.0,702.9,83800.0,695.96,698.9,693.13,55.64821834132618,6.949465603835961,8.144659505868972,14.538684030244307,,0.0,Neutral
2024-06-27,695.0,701.0,682.6,682.6,57274.0,696.28,696.1600000000001,694.15,44.97206703470944,5.2073227362468515,7.557192151944549,14.794007795881251,,0.0,Neutral
2024-06-30,670.3,694.9,670.0,676.0,17214.0,696.88,692.1600000000001,695.1,37.800436995417286,3.256557552394952,6.69706523203463,14.230499327466063,,0.0,Neutral
2024-07-01,675.0,683.5,670.0,677.1,9338.0,689.52,689.65,695.21,39.28836174536667,1.7788177923697504,5.713415744101654,14.474364311433702,,0.0,Neutral
2024-07-02,690.6,718.4,680.0,680.0,26964.0,683.72,688.65,695.21,38.789237664102764,0.8321120796164223,4.7371550112046075,14.789504536742298,,0.0,Neutral
2024-07-03,680.0,693.0,668.0,684.9,27880.0,680.12,688.04,695.005,40.95169430012022,0.4717915117371376,3.884082311311114,14.80759564840833,,0.0,Neutral
2024-07-04,698.5,698.5,674.0,679.7,34573.0,679.54,687.91,694.59,36.838288611198436,-0.23070228374365342,3.061125392300161,14.881789766843845,,0.0,Neutral
2024-07-07,692.0,693.0,675.1,687.3,26880.0,681.8,689.34,694.105,44.34320424737426,-0.1721922684224637,2.4144618601556362,13.947616283719633,,0.0,Neutral
2024-07-08,699.0,699.0,682.2,690.4,24811.0,684.46,686.99,693.15,50.16313213130273,0.12290466401930189,1.9561504209283695,11.022850004426605,,0.0,Neutral
2024-07-09,700.0,703.9,686.2,700.0,40327.0,688.46,686.0899999999999,692.85,53.429878043079135,1.118517307225602,1.7886237981878161,9.25112005219269,,0.0,Neutral
2024-07-10,713.0,724.0,700.0,716.0,95724.0,694.68,687.4,693.15,62.75510203441276,3.1621623432735078,2.0633315072049543,12.315843454585961,,0.0,Neutral
2024-07-11,725.0,725.0,707.0,714.9,43631.0,701.72,690.63,693.395,66.07828088315352,4.639523413188272,2.578569888401618,14.88474610682209,,0.0,Neutral
2024-07-14,729.1,743.0,716.0,719.0,39310.0,708.06,694.9300000000001,693.545,52.72727271937775,6.071193500293134,3.2770946107799213,16.32966285282111,,0.0,Neutral
2024-07-15,730.0,730.0,700.0,700.0,37710.0,709.9799999999999,697.22,693.435,45.81784386020958,5.608015437480276,3.7432787761199924,15.11171730803391,,0.0,Neutral
2024-07-16,709.0,736.0,707.0,731.9,48613.0,716.3599999999999,702.4100000000001,695.53,60.869565211003206,7.725946978723982,4.539812416640791,17.295114917165648,,0.0,Neutral
2024-07-17,733.0,745.9,726.5,737.0,40736.0,720.5600000000001,707.62,697.8299999999999,73.01184432299353,9.7040876793709,5.572667469186813,19.179027897917866,,0.0,Neutral
2024-07-18,745.0,810.7,745.0,800.0,148034.0,737.58,719.65,703.78,85.50973653380794,16.168966146494768,7.691927204648404,32.690204105244256,,0.0,Neutral
2024-07-21,800.0,824.0,784.0,808.0,81594.0,755.38,731.72,710.53,86.06060605396779,21.687956784309677,10.49113312058066,40.71608472770586,,0.0,Neutral
2024-07-22,811.1,821.0,795.2,815.0,69597.0,778.38,744.1800000000001,715.585,86.36853447624377,26.323200654001766,13.657546627264882,45.45559004858391,,0.0,Neutral
2024-07-23,820.0,887.0,810.0,885.0,88891.0,809.0,762.6800000000001,724.385,89.90825687571316,35.23886806582311,17.97381091497653,60.60050971548144,,0.0,Neutral
2024-07-24,885.0,908.0,865.4,879.0,79128.0,837.4,778.98,733.1899999999999,89.62226639660153,41.34386255581626,22.647821243144477,68.10630253099151,,0.0,Neutral
2024-07-25,880.0,948.0,880.0,948.0,100883.0,867.0,802.29,746.46,91.65867688947516,51.16009627241124,28.35027624899783,82.17472509502605,,0.0,Neutral
2024-07-28,966.0,980.0,906.4,935.0,77603.0,892.4,823.89,759.4100000000001,87.88723667524653,57.230819597123514,34.12638491862297,86.14154308139163,,0.0,Neutral
2024-07-29,935.0,935.0,885.0,889.0,89884.0,907.2,842.79,770.0049999999999,76.30846324869621,57.66536556836945,38.83418104857227,76.08603974740295,,0.0,Neutral
2024-07-30,890.0,910.0,865.1,900.0,62853.0,910.2,859.6,781.0049999999999,75.97402597102304,58.22615952796821,42.71257674445146,66.87666924188092,,0.0,Neutral
2024-07-31,917.9,940.0,905.0,910.0,66490.0,916.4,876.9,792.26,76.8658771658603,58.79970283502746,45.930001962566664,52.46046130181442,,0.0,Neutral
2024-08-01,918.0,946.0,900.0,900.0,56249.0,906.8,886.9,803.275,74.52574525462504,57.78125724557208,48.300253019167755,45.20189278238628,,0.0,Neutral
2024-08-05,915.0,915.0,885.0,886.5,46098.0,897.1,894.75,813.235,75.65337001084141,55.247930846476606,49.68978858462953,35.81995874430526,,0.0,Neutral
2024-08-06,886.7,917.0,854.0,865.0,87527.0,892.3,899.75,821.9649999999999,68.84735202219241,50.918425196513226,49.93551590700628,25.43537562790557,,0.0,Neutral
2024-08-07,882.0,917.0,867.0,898.0,64574.0,891.9,901.05,831.865,71.12860892127087,49.578574044017614,49.864127534408546,24.92483143817727,2024-08-07,-0.2017803788185119,Negative
2024-08-08,900.0,913.0,870.3,891.0,37004.0,888.1,902.25,840.615,63.99999999724307,47.405430559367005,49.37238813940024,24.017643977325466,,0.0,Neutral
2024-08-11,890.0,940.0,890.0,926.0,97117.0,893.3,900.05,851.1700000000001,66.76136363370836,47.9546152302604,49.08883355757228,20.03947493211529,,0.0,Neutral
2024-08-12,926.0,963.3,903.8,903.8,60758.0,896.76,896.93,860.4100000000001,62.09150326560652,46.06745660796594,48.484558167651016,16.01888122044908,,0.0,Neutral
2024-08-13,907.0,918.0,887.0,888.0,52691.0,901.36,896.8299999999999,869.8100000000001,50.479233224579204,42.8035294069324,47.3483524155073,16.076901995629562,,0.0,Neutral
2024-08-14,888.0,899.8,877.1,890.0,43536.0,899.76,895.8299999999999,877.7149999999999,51.77993527273489,39.918076136527816,45.8622971597114,16.168560026564723,,0.0,Neutral
2024-08-15,906.9,906.9,870.0,883.8,69997.0,898.32,893.21,885.055,36.96181965671215,36.7078996296691,44.031417653702945,15.734212546032298,,0.0,Neutral
2024-08-18,900.0,905.0,870.0,871.2,62791.0,887.36,890.3299999999999,888.615,37.02196907844465,32.769352228231014,41.77900456860856,16.94265163555282,,0.0,Neutral
2024-08-21,875.0,905.1,866.5,869.0,41997.0,880.4,888.5799999999999,891.665,45.0495049473728,29.13465723020147,39.25013510092715,18.236581063569272,,0.0,Neutral
2024-08-22,870.0,878.0,860.0,861.8,31707.0,875.1599999999999,888.26,894.0049999999999,40.363269421972305,25.38058385875138,36.476224852492,18.7180364592051,,0.0,Neutral
2024-08-25,863.0,905.0,851.1,877.0,85110.0,872.5599999999998,886.1600000000001,893.6049999999999,41.88790560183663,23.36265647247285,33.853511176488176,18.681850967042415,,0.0,Neutral
2024-08-27,877.0,902.0,848.2,850.0,41553.0,865.8,882.0600000000001,892.155,38.65698729337025,19.361571979263545,30.95512333704325,21.748879920055135,,0.0,Neutral
2024-08-28,867.0,880.0,835.0,840.0,28919.0,859.5600000000001,873.46,886.7549999999999,39.28077454794869,15.208453678552473,27.8057894053451,19.309882328867133,,0.0,Neutral
2024-08-29,832.0,839.0,805.0,808.0,41351.0,847.36,863.8799999999999,880.405,37.46701846735032,9.228563799892186,24.090344284254517,25.39154714990287,,0.0,Neutral
2024-09-01,803.0,822.0,800.0,800.0,24366.0,835.0,855.0799999999999,875.9549999999999,25.790513832208177,3.800119435700708,20.032299314543756,30.780686585352203,,0.0,Neutral
2024-09-02,800.0,847.0,791.0,827.0,20404.0,825.0,848.78,872.305,35.61151078912518,1.657604683861905,16.357360388407386,29.248430157286027,,0.0,Neutral
2024-09-03,830.0,845.0,815.0,815.0,15764.0,818.0,841.9,867.555,22.166499496939167,-0.9971587790757894,12.886456554910751,28.167317546701266,,0.0,Neutral
2024-09-04,831.2,835.0,798.0,810.0,26979.0,812.0,835.78,863.055,24.259055980572867,-3.4645984291942113,9.61624555808976,27.73917406442852,,0.0,Neutral
2024-09-05,810.0,827.0,795.0,811.0,29568.0,812.6,829.9799999999999,859.28,27.00119474087208,-5.278522959296083,6.637291854612592,26.0325351990108,,0.0,Neutral
2024-09-08,805.0,843.0,805.0,819.0,31701.0,816.4,825.7,856.9799999999999,29.527104957246962,-6.001358155708772,4.109561852548319,23.62696199963406,,0.0,Neutral
2024-09-09,834.9,834.9,790.0,799.9,21363.0,810.98,817.99,852.075,27.482555016721662,-8.02293720525472,1.6830620409877115,16.54491865595294,,0.0,Neutral
2024-09-10,814.0,814.0,784.0,790.0,10951.0,805.98,811.99,847.025,27.88671023752498,-10.30510954087913,-0.7145722753856565,14.38521231445887,,0.0,Neutral
2024-09-11,790.0,800.0,780.0,781.0,13549.0,800.1800000000001,806.0899999999999,839.775,26.890756300543757,-12.693647871742883,-3.110387394657102,13.703726176109775,,0.0,Neutral
2024-09-12,796.6,796.6,761.5,796.0,17247.0,797.1800000000001,804.89,834.385,33.40060544668211,-13.223771659493764,-5.133064247624434,14.039187219225143,,0.0,Neutral
2024-09-15,799.1,812.0,770.0,772.0,13815.0,787.78,802.0899999999999,828.585,24.637681157753974,-15.402942471441065,-7.1870398923877605,17.490724525962374,,0.0,Neutral
2024-09-16,760.0,785.0,759.0,764.0,8978.0,780.6,795.79,822.2850000000001,27.12765957244794,-17.572914560899108,-9.264214826090031,18.817158245682503,,0.0,Neutral
2024-09-18,765.0,778.9,750.0,755.0,7991.0,773.6,789.79,815.845,27.272727270685465,-19.79072272715939,-11.369516406303903,21.399815679338932,,0.0,Neutral
2024-09-22,770.0,770.0,750.0,753.0,6553.0,768.0,784.0899999999999,809.935,32.48407643022435,-21.462330575629267,-13.388079240168977,22.953404492064045,,0.0,Neutral
2024-09-23,741.0,755.0,730.5,731.1,15130.0,755.02,776.1,803.04,29.842012870580533,-24.27441842755718,-15.565347077646617,26.219416045675917,,0.0,Neutral
2024-09-24,721.0,735.6,710.0,710.2,25407.0,742.6600000000001,765.22,795.46,14.56310679487936,-27.868226078753537,-18.025922877868002,28.87862723727535,,0.0,Neutral
2024-09-25,702.3,724.0,702.3,724.0,11582.0,734.6600000000001,757.63,787.8100000000001,22.689075628345435,-29.265446021101297,-20.273827506514664,28.724904022632465,,0.0,Neutral
2024-09-26,737.0,737.0,707.5,707.5,7142.0,725.1600000000001,749.38,780.6850000000001,21.224031441341154,-31.342863969993573,-22.487634799210447,30.204223398547864,,0.0,Neutral
2024-09-29,695.0,716.0,693.4,713.0,6450.0,717.1600000000001,742.58,774.335,23.16538882626331,-32.17454055137637,-24.425015949643633,29.947984536125357,,0.0,Neutral
2024-09-30,727.2,727.2,691.0,724.0,7944.0,715.74,735.38,770.135,24.407327584365802,-31.58198470429602,-25.856409700574112,23.67618587897873,,0.0,Neutral
2024-10-01,720.0,772.0,720.0,760.0,18430.0,725.7,734.1800000000001,768.135,40.148148145372474,-27.886028018357933,-26.26233336413088,21.847389877113688,,0.0,Neutral
2024-10-02,761.0,767.8,735.5,738.0,15069.0,728.5,731.58,763.6850000000001,37.884436157826734,-26.427531720048933,-26.29537303531449,19.30324094832933,,0.0,Neutral
2024-10-06,726.0,760.0,726.0,758.0,9726.0,738.6,731.88,760.835,44.902482266717044,-23.388225141943167,-25.71394345664023,19.726338850445458,,0.0,Neutral
2024-10-07,773.0,787.0,765.0,777.8,12128.0,751.5600000000001,734.36,759.225,46.05034721942401,-19.16098237970141,-24.40335124125247,23.81233107256149,,0.0,Neutral
2024-10-08,784.0,785.0,763.1,770.0,2915.0,760.76,738.25,757.175,49.533146588732656,-16.252903493276108,-22.773261691657197,26.271033900865348,,0.0,Neutral
2024-10-09,760.3,784.0,755.0,768.1,5693.0,762.38,744.04,754.63,50.98510331228356,-13.940842787463907,-21.00677791081854,25.777863026644734,,0.0,Neutral
2024-10-15,783.4,783.4,770.0,781.0,6593.0,770.9799999999999,749.74,753.6850000000001,56.132075467991285,-10.941469382198306,-18.993716205094493,27.121176637832253,,0.0,Neutral
2024-10-16,767.0,805.5,767.0,802.8,13977.0,779.9399999999999,759.27,754.325,60.74201897821231,-6.727812504771464,-16.54053546502989,27.37184482067718,,0.0,Neutral
2024-10-17,801.0,806.0,786.0,795.0,15686.0,783.38,767.47,755.025,64.6761598488495,-3.972066375678992,-14.026841647159712,24.05152108838584,,0.0,Neutral
2024-10-20,780.0,792.0,771.0,777.9,8568.0,784.96,772.8599999999999,754.1200000000001,65.82515193585063,-3.131842868547551,-11.84784189143728,18.663404476812588,,0.0,Neutral
2024-10-21,770.0,780.0,751.0,760.0,10835.0,783.3399999999999,772.8599999999999,753.5200000000001,58.2568807302037,-3.865777808902749,-10.251429074930375,18.663404476812588,,0.0,Neutral
2024-10-22,760.0,774.9,753.1,759.5,3230.0,779.04,775.01,753.2950000000001,62.871287124355476,-4.436629653239152,-9.08846919059213,15.099481227240569,,0.0,Neutral
2024-10-23,760.0,771.0,754.0,760.0,4779.0,770.4799999999999,775.2099999999999,753.5450000000001,61.928934005751266,-4.793432327255005,-8.229461817924706,14.860495729678465,,0.0,Neutral
2024-10-24,750.0,765.0,745.0,759.9,8718.0,763.4599999999999,773.42,753.8900000000001,59.6453519568241,-5.026329780375477,-7.588835410414861,15.574751647693597,,0.0,Neutral
2024-10-27,751.0,760.0,741.0,750.0,8546.0,757.8799999999999,771.4200000000001,754.835,46.874999995898435,-5.94126277321493,-7.259320882974875,17.256097151074446,,0.0,Neutral
2024-10-28,762.0,764.0,745.1,762.0,2441.0,758.28,770.8100000000001,757.425,57.99999999458668,-5.633118961072455,-6.934080498594391,17.492693712855075,,0.0,Neutral
2024-10-29,760.0,780.0,760.0,780.0,7049.0,762.3799999999999,770.71,760.225,57.43243242699964,-3.891603222658091,-6.3255850434071315,17.430716820811313,,0.0,Neutral
2024-10-30,769.9,785.0,769.0,776.0,5247.0,765.5799999999999,768.03,763.65,49.31921330793898,-2.8019073794827136,-5.620849510622248,13.584554137310395,,0.0,Neutral
2024-11-05,766.1,777.0,765.0,775.0,5706.0,768.6,766.03,766.75,51.99362040886834,-1.9959985863453085,-4.8958793257668605,10.23100407794052,,0.0,Neutral
2024-11-06,774.9,776.0,770.0,775.0,2665.0,773.6,765.74,769.3,52.79352226122178,-1.3418421405955314,-4.185071888732595,9.892668441188043,,0.0,Neutral
2024-11-10,787.0,787.0,770.3,787.0,12648.0,778.6,768.44,770.65,52.446982049475885,0.14323019884477617,-3.3194114712171205,11.675824976732814,,0.0,Neutral
2024-11-11,802.7,825.0,790.1,817.0,26914.0,786.0,774.19,774.6,55.42813455064227,3.6982785536902156,-1.9158734662356536,18.780749600428816,,0.0,Neutral
2024-11-12,802.2,822.0,802.2,803.2,20234.0,791.44,778.51,776.8599999999999,52.997076017968155,5.340572523398691,-0.46458426830878463,20.0777627128632,,0.0,Neutral
2024-11-13,819.0,819.0,795.0,798.9,6809.0,796.22,782.41,777.9150000000001,58.467741928882674,6.223388909655682,0.8730103672841087,19.847667089292948,,0.0,Neutral
2024-11-14,800.0,805.0,785.0,793.0,12132.0,799.82,786.7099999999999,779.065,64.73214284905134,6.37347708795221,1.9731037114177292,16.40531417961505,,0.0,Neutral
2024-11-17,793.0,808.6,793.0,801.0,13672.0,802.6200000000001,790.6099999999999,780.71,67.36401672850965,7.056611961683643,2.9898053614709124,14.390309239157256,,0.0,Neutral
2024-11-19,813.9,813.9,775.0,788.0,11433.0,796.82,791.41,781.0600000000001,60.60606059963269,6.47437732473054,3.686719754122838,13.950583420644405,,0.0,Neutral
2024-11-20,775.1,791.0,775.0,786.8,7149.0,793.54,792.49,780.26,60.1051840658041,5.8487020128757194,4.119116205873414,13.011486378441417,,0.0,Neutral
2024-11-21,790.0,790.0,766.8,766.8,8487.0,787.1200000000001,791.67,778.85,55.86592178224773,3.696407087486591,4.03457438219605,14.418510479346578,,0.0,Neutral
2024-11-24,757.0,775.0,757.0,760.0,3685.0,780.5200000000001,790.17,777.9549999999999,49.275362313841626,1.4255616948028091,3.5127718447174017,16.910355144398423,,0.0,Neutral
2024-11-25,752.0,775.2,750.2,760.0,3974.0,772.32,787.47,777.9549999999999,41.66666666180556,-0.3698363957021229,2.7362501966334967,19.43913864114512,,0.0,Neutral
2024-11-26,775.0,775.2,760.0,765.0,5408.0,767.72,782.27,778.2299999999999,45.45454544928625,-1.373412262670854,1.9143177047726265,17.522686881698974,,0.0,Neutral
2024-11-27,774.8,820.0,769.0,800.0,17928.0,770.36,781.95,780.2299999999999,58.06451612378772,0.6479845624980953,1.6610510763177204,17.12264582354337,,0.0,Neutral
2024-11-28,784.0,809.8,782.0,788.0,9494.0,774.6,780.86,781.635,53.89221556434437,1.2670506270892474,1.582250986472026,16.248364020166207,,0.0,Neutral
2024-12-01,775.0,790.5,766.9,772.0,2430.0,777.0,778.76,782.7349999999999,45.61403508398481,0.46128129732903744,1.3580570486434282,15.857364219771252,,0.0,Neutral
2024-12-02,783.4,783.4,770.0,774.9,4097.0,779.9799999999999,776.15,783.38,35.37178595903261,0.056062804812313516,1.0976581998772053,13.805252623492997,,0.0,Neutral
2024-12-03,770.0,776.0,767.0,769.0,5306.0,780.78,774.25,782.83,37.42647058438256,-0.7327102341089358,0.7315845130799771,13.291037080119501,,0.0,Neutral
2024-12-04,755.1,780.0,755.0,760.1,5031.0,772.8,771.58,782.035,36.20199146154461,-2.0523163445560613,0.17480434155276942,13.171079429255476,,0.0,Neutral
2024-12-05,760.0,768.0,750.0,760.0,5238.0,767.2,770.9,781.285,37.75964391299232,-3.070784763344477,-0.4743134794266799,13.613392099064159,,0.0,Neutral
2024-12-08,745.2,754.5,744.8,750.0,4993.0,762.8,769.9,780.035,31.35964911959769,-4.631456205263021,-1.3057420245939482,14.817107229991853,,0.0,Neutral
2024-12-09,752.0,752.0,735.0,738.0,5788.0,755.4200000000001,767.7,777.5849999999999,31.590574370822765,-6.758689315538049,-2.3963314827827684,17.786136923600335,,0.0,Neutral
2024-12-10,738.0,743.0,723.3,726.0,8700.0,746.82,763.8,773.035,29.263301497887554,-9.305567800049516,-3.7781787462361183,22.17761634317422,,0.0,Neutral
2024-12-11,740.3,740.3,717.0,728.0,6305.0,740.4,756.6,769.275,34.91446344876515,-11.035394899879748,-5.229621976964845,20.761663388682795,,0.0,Neutral
2024-12-12,738.0,740.0,721.1,727.0,3726.0,733.8,750.5,765.68,36.56351791114096,-12.34468513593049,-6.652634608757975,19.42941641482007,,0.0,Neutral
2024-12-16,713.1,734.0,710.0,710.0,5430.0,725.8,744.3,761.53,32.117310440274366,-14.585927513053662,-8.239293189617111,21.579620015148766,,0.0,Neutral
2024-12-17,718.2,734.0,715.0,728.9,5531.0,723.9799999999999,739.7,757.925,38.25634352286538,-14.667972936576916,-9.525029139009073,19.09135930200293,2024-12-17,0.8949765563011169,Strongly Positive
2024-12-18,736.9,743.4,726.1,727.0,3388.0,724.18,735.5,754.875,19.734660030876555,-14.716664103877747,-10.563356131982808,16.352777541796222,,0.0,Neutral
2024-12-19,727.0,730.0,713.0,715.0,4428.0,721.5799999999999,730.99,751.2850000000001,19.734660030876555,-15.544366139753038,-11.559558133536854,14.975568993022403,,0.0,Neutral
2024-12-22,711.0,715.0,707.0,709.0,5869.0,717.9799999999999,725.89,748.3950000000001,21.51898733904821,-16.494339345754838,-12.54651437598045,12.473478531056823,,0.0,Neutral
2024-12-23,720.0,723.0,706.0,721.0,3923.0,720.18,722.99,746.445,27.485380113744398,-16.0933857111894,-13.25588864302224,9.182162659698314,2024-12-23,0.9265249967575072,Strongly Positive
2024-12-24,730.0,730.0,721.0,727.0,1676.0,719.8,721.89,744.7950000000001,32.470784637273866,-15.117215362613138,-13.628153986940422,7.727936335014581,,0.0,Neutral
2024-12-26,739.0,739.0,717.0,721.0,4286.0,718.6,721.39,742.595,33.276304529804364,-14.658766054040711,-13.834276400360482,7.5930450631724895,,0.0,Neutral
2024-12-29,718.0,764.6,718.0,733.0,6937.0,722.2,721.89,739.2450000000001,39.51863353607716,-13.175265700554746,-13.702474260399336,8.215763980045702,,0.0,Neutral
2024-12-31,734.0,745.0,720.3,739.0,4288.0,728.2,723.0899999999999,736.7950000000001,45.59294871283412,-11.384201142119196,-13.23881963674331,9.773711907074613,,0.0,Neutral
2025-01-01,739.0,748.9,730.1,731.0,1858.0,730.2,725.1899999999999,734.7450000000001,47.1026490011636,-10.489387586169755,-12.688933226628599,8.862210659640239,,0.0,Neutral
2025-01-02,745.0,745.0,730.0,732.0,7047.0,731.2,725.5,732.6,52.73224043043487,-9.58901357411628,-12.068949296126137,9.058452161027354,2025-01-02,0.9046640992164612,Strongly Positive
2025-01-05,690.0,700.0,661.0,673.8,10801.0,721.76,720.1800000000001,727.8399999999999,33.67469879234068,-13.417050874369352,-12.33856961177478,18.637226784590265,,0.0,Neutral
2025-01-06,673.0,680.0,668.1,676.0,10206.0,710.36,716.28,723.635,34.748803824841616,-16.087825957195832,-13.088420880858992,23.331085605979702,,0.0,Neutral
2025-01-07,676.0,689.5,669.1,672.1,11034.0,696.98,712.5899999999999,719.24,37.702790392421555,-18.3080876208669,-14.132354228860574,27.206553540526336,,0.0,Neutral
2025-01-08,685.5,700.0,682.0,693.0,14861.0,689.38,709.79,716.3900000000001,38.50096091903259,-18.171733224929767,-14.940230028074414,27.6815401786934,,0.0,Neutral
2025-01-09,685.0,685.0,662.0,678.9,9034.0,678.76,704.98,713.4350000000001,35.710041589423994,-18.982603903612357,-15.748704803182004,28.52495204004391,,0.0,Neutral
2025-01-12,666.6,680.0,666.2,667.1,1733.0,677.42,699.5899999999999,710.49,35.75252825401229,-20.342886014789656,-16.667541045503537,30.204468028534578,,0.0,Neutral
2025-01-13,670.0,680.0,650.0,662.0,6653.0,674.62,692.49,707.19,35.94497607354528,-21.583643953577734,-17.650761627118378,29.820703099208828,,0.0,Neutral
2025-01-15,670.0,683.2,651.0,655.0,4561.0,671.2,684.0899999999999,703.59,29.654747223087753,-22.868184857715733,-18.69424627323785,26.957145002103598,,0.0,Neutral
2025-01-16,655.0,655.0,648.0,651.0,2823.0,662.8,676.0899999999999,700.6400000000001,26.279650434657214,-23.933073772835428,-19.74201177315737,23.080990254077697,,0.0,Neutral
2025-01-19,661.0,663.9,651.1,651.1,1775.0,657.24,668.0,696.75,27.34931950497156,-24.486669660489497,-20.690943350623797,13.493537547775224,,0.0,Neutral
2025-01-20,651.0,664.0,651.0,658.1,2048.0,655.4399999999999,666.4300000000001,693.305,24.916275952117715,-24.08294370739236,-21.36934342197751,13.656097539108824,,0.0,Neutral
2025-01-21,655.0,659.8,649.1,659.8,3051.0,655.0,664.8100000000001,690.545,22.689655170223062,-23.35657216342861,-21.76678917026773,13.352190831382083,,0.0,Neutral
2025-01-22,659.9,676.0,652.1,665.0,5897.0,657.0,664.1,688.345,26.793248942509805,-22.106491071566097,-21.834729550527406,13.108012816504234,,0.0,Neutral
2025-01-23,677.0,677.0,662.0,668.0,7365.0,660.4,661.6,685.6949999999999,27.808599165122615,-20.635840745217365,-21.594951789465398,8.588622965415814,,0.0,Neutral
2025-01-26,670.0,680.0,665.1,674.0,6835.0,664.98,661.11,683.045,50.108695644548696,-18.769823073630846,-21.02992604629849,7.571503593361571,,0.0,Neutral
2025-01-27,664.0,685.0,664.0,680.0,3849.0,669.36,662.4,680.995,52.087682664621845,-16.615309820124367,-20.147002801063664,9.546727187765907,,0.0,Neutral
2025-01-28,680.0,680.0,670.5,677.0,9239.0,672.8,663.9,678.1949999999999,52.58166490267499,-14.977268840082274,-19.11305600886739,10.597483978015958,,0.0,Neutral
2025-02-02,690.0,729.0,685.0,724.0,25405.0,684.6,670.8,677.4449999999999,62.80991734810464,-9.773934524208016,-17.245231711935517,21.258880497281183,,0.0,Neutral
2025-02-03,738.0,748.0,720.0,729.0,9956.0,696.8,678.6,677.345,72.38605897217691,-5.187003826309706,-14.833586134810355,26.7794697482555,,0.0,Neutral
2025-02-04,735.0,735.0,707.2,715.0,14106.0,705.0,684.99,676.495,70.99035932520712,-2.650952666118087,-12.397059441071903,27.11016414553354,,0.0,Neutral
2025-02-05,725.0,728.0,711.0,711.1,7111.0,711.22,690.29,678.36,71.74490698844617,-0.9449188207701127,-10.106631317011546,26.44156870447292,,0.0,Neutral
2025-02-06,723.0,723.0,710.0,711.5,11767.0,718.12,695.46,680.135,76.57572905858834,0.43439452040877313,-7.998426149527483,24.822355515365015,,0.0,Neutral
2025-02-09,720.0,720.0,710.2,712.0,3748.0,715.72,700.1600000000001,682.13,79.66926068953921,1.5499887960286287,-6.088743160416261,22.77963027692555,,0.0,Neutral
2025-02-10,721.0,721.0,696.0,700.0,7663.0,709.92,703.36,682.48,71.31647775938596,1.4491012479128358,-4.581174278750442,19.81459619119475,,0.0,Neutral
2025-02-11,714.0,725.9,702.0,714.0,5976.0,709.72,707.36,684.235,72.96631059144184,2.4703534395837323,-3.1708687350836073,17.077483551224866,,0.0,Neutral
2025-02-12,721.0,721.0,705.0,706.0,3769.0,708.7,709.96,686.1800000000001,68.04687499255739,2.6041509864531918,-2.0158647907762477,14.18310418922358,,0.0,Neutral
2025-02-13,703.0,716.0,702.0,706.0,11249.0,707.6,712.86,688.38,66.69381106731504,2.6793011899952717,-1.076831594621944,8.535312270415183,,0.0,Neutral
2025-02-16,717.0,774.0,710.0,754.8,17747.0,716.1600000000001,715.94,693.37,75.74139975646276,6.600523700576673,0.4586394644177795,15.619304295154414,,0.0,Neutral
2025-02-17,768.9,780.3,741.0,778.4,38197.0,731.8399999999999,720.8799999999999,699.74,78.03437163752696,11.480108018547071,2.6629331752436376,25.127046074746563,,0.0,Neutral
2025-02-18,793.9,793.9,761.0,774.5,25466.0,743.9399999999999,726.8299999999999,705.91,75.66539923378971,14.861205612187177,5.102587662632345,30.127176730915323,,0.0,Neutral
2025-02-20,761.4,764.0,754.0,758.0,11523.0,754.3399999999999,731.52,710.905,70.4959514120094,16.024615913618163,7.286993312829509,31.04297379795109,,0.0,Neutral
2025-02-23,745.0,754.2,740.0,750.8,9989.0,763.3,735.45,715.4549999999999,58.49176171851148,16.179144031108194,9.065423456485247,30.712764266457146,,0.0,Neutral
2025-02-24,764.0,764.0,742.1,758.0,10751.0,763.9399999999999,740.05,720.1049999999999,59.06249999483203,16.69019433363053,10.590377631914304,30.251657438492227,,0.0,Neutral
2025-02-25,746.0,766.0,746.0,766.0,8908.0,761.46,746.65,725.0049999999999,66.55844155239079,17.538564863143733,11.980015078160191,27.629020572143336,,0.0,Neutral
2025-02-27,781.3,814.0,775.0,797.5,45287.0,766.0600000000001,755.0,731.18,73.78854624981805,20.51619345620236,13.687250753768625,29.23608880967284,,0.0,Neutral
2025-03-02,812.0,828.0,782.0,828.0,48621.0,780.0600000000001,767.2,738.5799999999999,77.51535190795835,25.04833900966753,15.959468404948407,31.854425821896427,,0.0,Neutral
2025-03-03,840.0,840.0,800.0,815.0,22967.0,792.9,778.1,745.4799999999999,72.97056199365929,27.276677104152554,18.22291014478924,26.840351049171545,,0.0,Neutral
2025-03-04,803.1,805.0,786.5,804.0,34128.0,802.1,783.02,749.4799999999999,73.29749103482901,27.834187837961167,20.145165683423627,26.603040761840084,,0.0,Neutral
2025-03-05,813.9,813.9,775.2,780.0,9487.0,804.9,783.1800000000001,752.03,64.15094339237515,26.039255360598077,21.32398361885852,26.576965799531354,,0.0,Neutral
2025-03-06,764.4,791.0,764.4,783.0,17947.0,802.0,784.03,755.43,66.87116564006925,24.575541820092894,21.974295259105396,26.40387387399638,,0.0,Neutral
2025-03-09,784.0,787.0,764.0,777.9,11341.0,791.98,786.02,758.77,65.4093441881023,22.741856945679046,22.127807596420126,24.933012475621045,,0.0,Neutral
2025-03-10,772.0,779.8,765.7,766.1,8040.0,782.2,787.55,761.5,52.8782475764631,20.104732249819904,21.723192527100082,22.91977554666456,,0.0,Neutral
2025-03-11,764.0,773.0,750.0,770.0,18998.0,775.4,788.75,764.4,47.62174405058492,18.12060626588675,21.002675274857417,21.468956917127798,,0.0,Neutral
2025-03-12,785.0,785.0,746.1,758.0,9408.0,771.0,787.95,767.3,45.53329723531421,15.40232401333651,19.882605022553236,22.533542898397705,,0.0,Neutral
2025-03-16,750.0,750.0,732.2,734.0,12345.0,761.2,781.6,768.3,43.75650363885229,11.182560721300433,18.142596162302677,27.860804806085266,,0.0,Neutral
2025-03-17,734.0,764.0,730.1,732.0,6653.0,752.02,772.0,769.6,44.97326202871859,7.589497621029409,16.031976454048024,26.607475975298083,,0.0,Neutral
2025-03-18,746.5,746.5,725.0,729.0,3050.0,744.6,763.4,770.75,42.067833694808805,4.448613452771156,13.715303853792651,25.01559513579957,,0.0,Neutral
2025-03-19,740.0,740.0,720.0,721.0,4471.0,734.8,755.1,769.0600000000001,37.69146608026433,1.2989336804573668,11.232029819125597,23.78729819785651,,0.0,Neutral
2025-03-20,721.0,727.0,721.0,722.36,4186.0,727.672,749.336,766.258,25.38975500880744,-1.075076781389157,8.770608499022646,24.065144550165922,,0.0,Neutral
2025-03-23,722.0,722.0,711.0,711.16,7066.0,723.104,742.152,763.091,6.193761247100227,-3.816252194158892,6.25323636038634,23.617846735944447,,0.0,Neutral
2025-03-24,701.5,720.0,700.0,717.92,3701.0,720.288,736.154,761.087,11.8156072988875,-5.38114743556946,3.9263596011951805,21.001942873042186,2025-03-24,0.8972104787826538,Strongly Positive
2025-03-25,707.1,710.0,689.0,691.43,10807.0,712.774,728.687,758.1184999999999,10.53222074084951,-8.659043736554167,1.4092789336453109,22.39952085296657,,0.0,Neutral
2025-03-26,678.0,738.0,678.0,721.22,10302.0,712.818,723.809,756.2794999999999,30.195417786908806,-8.752107291609832,-0.6229983114057176,17.08374825506557,,0.0,Neutral
2025-03-27,706.8,732.0,705.0,725.73,7677.0,713.492,720.582,754.2660000000001,30.89853912058851,-8.365509139113783,-2.171500476947331,12.280158160318493,,0.0,Neutral
2025-03-30,713.0,772.0,713.0,731.14,12764.0,717.488,720.296,750.948,34.43616029501993,-7.535718459646773,-3.2443440734872198,11.962121885267294,,0.0,Neutral
2025-04-01,730.0,730.0,710.0,719.17,5800.0,717.7379999999999,719.013,745.5065,34.39723385543212,-7.754592218359107,-4.146393702461597,11.23315830715203,,0.0,Neutral
2025-04-02,730.0,730.0,717.0,720.28,3888.0,723.508,718.141,740.7705,33.15718156867074,-7.74915607810965,-4.866946177591208,10.6974342197962,,0.0,Neutral
2025-04-03,724.0,733.0,718.0,724.05,14607.0,724.074,718.446,736.773,37.820190855065775,-7.355846782152298,-5.3647262985034265,10.830656284525658,,0.0,Neutral
2025-04-07,716.0,730.0,716.0,716.6,6814.0,722.248,717.87,733.603,42.91646311186429,-7.55817315389902,-5.803415669582546,10.752253510475455,,0.0,Neutral
2025-04-08,714.1,716.0,705.0,715.7,5413.0,719.16,718.324,730.238,43.30430495722759,-7.702352810921184,-6.183203097850274,10.531024219376285,,0.0,Neutral
2025-04-09,717.0,718.0,711.5,712.55,2493.0,717.836,717.787,726.9705,43.251005164474314,-7.978820031540636,-6.542326484588347,10.689633659567267,2025-04-09,0.9204193949699402,Strongly Positive
2025-04-10,718.0,718.0,702.3,703.38,5558.0,714.4559999999999,718.982,723.8345,42.83972691320094,-8.836008651324505,-7.001062917935579,7.652191842732522,,0.0,Neutral
2025-04-13,701.0,710.0,700.1,704.74,5697.0,710.5939999999999,717.3340000000001,720.5714999999999,42.83972691320094,-9.298409893020448,-7.460532312952553,8.804489006446602,,0.0,Neutral
2025-04-15,701.1,710.0,700.0,701.22,15262.0,707.518,714.883,717.7325000000001,45.69174756727045,-9.835523003830417,-7.935530451128127,9.584509550899872,,0.0,Neutral
2025-04-16,696.2,706.9,696.2,698.61,9806.0,704.1,711.63,715.963,41.31822677296599,-10.352457515105243,-8.418915863923552,8.953371804220161,,0.0,Neutral
2025-04-17,700.0,711.0,699.5,701.33,14672.0,701.856,709.846,714.4295,55.661024693741425,-10.422506405533,-8.819633972245441,9.060767933982339,,0.0,Neutral
2025-04-20,714.9,714.9,700.0,706.48,7478.0,702.476,708.466,713.3035000000001,38.2643312016608,-9.94778680224374,-9.045264538245101,8.315282048943036,,0.0,Neutral
2025-04-21,695.0,714.0,695.0,711.33,7753.0,703.7940000000001,707.194,712.8199999999999,38.59676907601593,-9.075595810467348,-9.051330792689551,6.424405203607062,,0.0,Neutral
2025-04-22,719.8,719.8,695.0,701.86,8300.0,703.9219999999999,705.72,711.795,28.214285708407786,-9.044271292004623,-9.049918892552565,5.6736114305236995,,0.0,Neutral
2025-04-23,705.0,705.0,697.0,697.98,4564.0,703.796,703.948,711.1360000000001,32.07579089072817,-9.22617634116341,-9.085170382274734,4.928558048997321,,0.0,Neutral
2025-04-24,692.1,703.0,692.1,699.8,8000.0,703.49,702.673,710.23,32.881979263451186,-9.118367746160743,-9.091809855051936,4.021765919219519,,0.0,Neutral
2025-04-27,705.0,705.0,690.0,693.72,12761.0,700.9380000000001,701.7070000000001,710.3444999999999,25.59150168423821,-9.415003544991578,-9.156448593039865,4.897802341423822,,0.0,Neutral
2025-04-28,693.0,700.0,688.0,688.39,7683.0,696.35,700.0719999999999,708.7030000000001,26.495584063140484,-9.965302207380432,-9.318219315907978,6.300858495129623,,0.0,Neutral
2025-04-29,687.0,692.0,682.1,685.73,11882.0,693.124,698.523,706.703,25.74065079552581,-10.495076917715096,-9.553590836269402,7.729369745621368,,0.0,Neutral
2025-04-30,685.0,687.0,681.0,684.67,5081.0,690.4620000000001,697.129,704.3795,26.64209114656518,-10.875098962362244,-9.81789246148797,8.882905493015919,,0.0,Neutral
2025-05-04,698.3,698.3,675.0,675.23,3401.0,685.548,694.519,702.1825,26.5221017452659,-11.801952712870843,-10.214704511764545,11.075252141501682,,0.0,Neutral
2025-05-05,670.1,678.0,670.0,677.03,7594.0,682.2099999999999,691.574,700.02,27.057459838072376,-12.250035250017163,-10.62177065941507,11.450474225892181,,0.0,Neutral
2025-05-06,668.0,687.0,668.0,675.06,7782.0,679.544,687.947,697.5705,27.770224330578017,-12.618646522709923,-11.02114583207404,10.170117501671294,,0.0,Neutral
2025-05-07,675.06,708.0,670.0,700.72,13678.0,682.542,687.833,696.7764999999999,51.28831358263481,-10.71669072185432,-10.960254810030097,10.001830998928824,,0.0,Neutral
2025-05-08,710.0,723.0,687.0,710.47,44906.0,687.702,689.082,696.5150000000001,55.139451183401334,-8.326649103271166,-10.433533668678312,11.991671924855298,,0.0,Neutral
2025-05-11,720.0,764.0,697.0,728.12,15066.0,698.28,691.914,697.2935,60.66850718941669,-4.9512415775632235,-9.337075250455294,17.07203509310022,,0.0,Neutral
2025-05-13,720.0,730.0,700.0,702.33,13765.0,703.3399999999999,692.775,697.241,46.32232755272546,-4.307589053688957,-8.331178011102027,17.387440070926207,,0.0,Neutral
2025-05-14,704.1,712.0,702.0,702.05,9688.0,708.738,694.141,697.1065000000001,50.0839445020661,-3.776549736651191,-7.42025235621186,17.540573568414086,,0.0,Neutral
2025-05-15,702.0,707.9,695.0,701.26,9825.0,708.8460000000001,695.694,697.1085,51.489825574846854,-3.380475630862179,-6.612297011141925,17.400072285867093,,0.0,Neutral
2025-05-18,712.0,754.2,710.0,741.45,115058.0,715.042,701.372,699.2505,64.02829234828971,0.17440266433857232,-5.254957076045826,22.046790544911758,,0.0,Neutral
2025-05-19,749.9,771.0,727.0,736.65,49185.0,716.748,707.514,701.0165,64.58517360260788,2.5746702441756497,-3.689031612001531,22.50540735018836,,0.0,Neutral
2025-05-20,737.0,754.0,733.0,744.9,15876.0,725.262,714.301,702.9375,68.82537143738051,5.084000453516069,-1.9344251988980115,22.524666207864854,,0.0,Neutral
2025-05-21,759.7,800.0,722.0,738.5,27622.0,732.552,720.645,704.296,67.15205095923986,6.481521267631706,-0.2512359055920679,18.884201068564863,,0.0,Neutral
2025-05-22,753.0,769.0,750.0,752.89,57334.0,742.8779999999999,725.862,706.8475000000001,70.40559941980331,8.650501720085458,1.5291116195434373,19.944592583739308,,0.0,Neutral
2025-05-25,759.9,795.0,755.0,789.92,73155.0,752.5719999999999,733.807,711.4445,79.44544286977026,13.205224277192087,3.8643341510731677,27.518406789279844,,0.0,Neutral
2025-05-26,805.7,805.7,762.7,768.22,37641.0,758.886,737.817,714.8655,71.24155601678369,14.892198083732183,6.069906937604971,29.451421414448188,,0.0,Neutral
2025-05-27,770.0,770.0,751.0,753.28,17835.0,760.5619999999999,742.912,717.8435000000001,67.1821456772667,14.85239467764552,7.826404485613082,26.92925497171147,,0.0,Neutral
2025-05-28,751.0,756.0,740.1,748.47,24238.0,762.5559999999999,747.5539999999999,720.8475,61.5466460276556,14.268247910168611,9.114773170524188,22.78491128401342,,0.0,Neutral
2025-06-02,763.4,763.4,740.0,743.53,18075.0,760.684,751.7810000000001,723.7375,58.18478906310859,13.253907873995331,9.942600111218418,16.216426822424644,,0.0,Neutral
2025-06-03,755.0,755.0,723.0,723.95,10371.0,747.49,750.0310000000001,725.7014999999999,48.977389765630086,10.746218012332406,10.103323691441215,18.26947207770805,,0.0,Neutral
2025-06-04,730.0,730.0,712.9,714.51,3908.0,736.7479999999999,747.817,727.6655,53.24730723714693,7.905991277271028,9.663857208607178,21.180795310803145,,0.0,Neutral
2025-06-05,710.0,730.0,710.0,723.3,16486.0,730.7520000000001,745.6569999999999,729.979,55.41953582873821,6.29184222527374,8.98945421194049,22.567314638612363,,0.0,Neutral
2025-06-08,728.0,728.0,709.0,710.43,13656.0,723.144,742.85,731.7475000000001,52.202950075765905,3.928826959745834,7.97732876150156,25.153925251412886,,0.0,Neutral
2025-06-09,724.0,753.0,701.2,715.97,8670.0,717.632,739.158,732.51,42.65621396934985,2.474626088352238,6.876788226871695,26.204121304318193,,0.0,Neutral
2025-06-10,711.0,720.0,711.0,714.6,18022.0,715.762,731.626,732.7165,43.516612757370005,1.1978063049144794,5.740991842480252,20.107787988135886,,0.0,Neutral
2025-06-11,715.0,720.0,706.1,707.81,11167.0,714.422,725.585,731.701,38.99994068126224,-0.35785371122528886,4.521222731739144,16.67350676299936,,0.0,Neutral
2025-06-12,701.3,719.0,701.2,711.75,16790.0,712.112,721.432,732.172,41.94907602126475,-1.2582955619191125,3.365319073007493,13.960151861565933,,0.0,Neutral
2025-06-15,716.0,716.0,706.0,712.73,16289.0,712.572,717.858,732.7059999999999,36.851754842090614,-1.8712537576260502,2.3180045068807846,10.386471756738016,,0.0,Neutral
2025-06-16,705.0,737.0,703.5,733.16,24438.0,716.01,716.821,734.3009999999999,29.150749335820535,-0.7004232413551108,1.7143189572336057,7.71186020203506,,0.0,Neutral
2025-06-17,723.4,760.0,723.4,743.53,40649.0,721.796,718.779,734.405,40.10738039457085,1.0521126131746996,1.5818776884218246,11.350308316819198,,0.0,Neutral
2025-06-18,740.0,774.0,735.0,767.13,151951.0,733.6600000000001,724.0409999999999,735.929,55.189209435948676,4.29581321016326,2.124664792770112,18.862584629018563,,0.0,Neutral
2025-06-19,779.0,779.0,739.0,748.91,35415.0,741.092,726.6020000000001,736.1294999999999,50.1498025282439,5.334771647004345,2.7666861636169586,20.424671247135645,,0.0,Neutral
2025-06-22,748.9,748.9,725.0,729.91,27555.0,744.528,728.55,735.7,45.768083515779566,4.572305788153244,3.1278100885242157,19.624154617268744,,0.0,Neutral
2025-06-23,741.0,741.0,725.0,727.32,10924.0,743.36,729.685,734.4215,51.17070797806996,3.7162165165387933,3.2454913741271314,19.137924100772313,,0.0,Neutral
2025-06-24,727.32,737.0,724.0,725.78,15033.0,739.81,730.8030000000001,731.2144999999999,54.1424685675366,2.8802922551138863,3.1724515503244826,18.47380671227466,,0.0,Neutral
2025-06-25,726.0,730.0,721.2,724.45,5310.0,731.2740000000001,732.467,729.0260000000001,50.44722718592008,2.0864451300076325,2.9552502662611126,16.85074152665247,,0.0,Neutral
2025-06-26,734.9,736.0,730.0,733.8,18426.0,728.252,734.672,728.0519999999999,59.34426228843806,2.1865769250953235,2.8015155980279554,15.200474992514675,,0.0,Neutral
2025-06-29,733.0,752.0,733.0,748.45,18871.0,731.96,738.2439999999999,728.051,62.104949307770795,3.408770474806829,2.9229665733837304,13.582178028508046,,0.0,Neutral
2025-06-30,755.0,771.0,750.0,752.12,44564.0,736.92,740.14,728.4805,63.7476183431594,4.620246669312337,3.262422592569452,14.106847037216776,,0.0,Neutral
2025-07-01,767.1,775.0,759.4,771.97,50955.0,746.158,742.984,730.8815,71.45532369582418,7.1002323297445855,4.029984540004479,17.35832057923374,,0.0,Neutral
2025-07-02,787.4,791.0,773.0,788.44,69899.0,758.9559999999999,745.115,734.5780000000001,73.66244985479005,10.27617286336249,5.279222204676081,21.472485365600047,,0.0,Neutral
2025-07-03,804.2,804.2,775.9,795.48,57700.0,771.292,749.772,738.187,74.61186127509033,13.208933419748519,6.865164447690569,26.780928869426297,,0.0,Neutral
2025-07-06,811.3,811.3,775.1,797.03,93587.0,781.008,756.484,742.517,71.39985256986131,15.479797862276087,8.588091130607673,29.520752474570628,,0.0,Neutral
2025-07-07,781.1,815.0,781.1,811.86,99023.0,792.956,764.938,747.3115,72.2298132538798,18.265577150726244,10.523588334631388,32.22237793829397,,0.0,Neutral
2025-07-08,811.0,811.0,799.0,804.31,46440.0,799.4240000000001,772.7909999999999,751.7969999999999,63.50624817720801,19.637733833691527,12.346417434443417,31.170933914616874,,0.0,Neutral
2025-07-09,820.3,820.3,799.0,809.38,42692.0,803.6120000000001,781.284,756.8755,74.28709132428293,20.89343797181334,14.055821541917403,27.93889411631746,,0.0,Neutral
2025-07-10,825.5,825.5,804.1,822.97,62233.0,809.1099999999999,790.201,762.4365,89.0745717060208,22.723252462115852,15.789307725957094,25.19501646046003,,0.0,Neutral
2025-07-13,839.0,855.7,820.0,833.37,99904.0,816.3779999999999,798.693,768.4685000000001,91.78816296567861,24.727542989137987,17.576954778593276,23.833626128705298,,0.0,Neutral
2025-07-14,828.0,830.0,803.0,807.45,81183.0,815.496,804.226,772.183,76.9947775429502,23.948368410717762,18.851237505018176,17.364956537637784,,0.0,Neutral
2025-07-15,823.5,823.5,802.0,812.25,36975.0,817.0840000000001,808.254,775.6189999999999,78.37016930918195,23.44789410100725,19.770568824215992,13.231119210183042,,0.0,Neutral
2025-07-16,813.0,855.0,810.0,846.53,176544.0,824.5139999999999,814.063,779.589,81.37140312161628,25.52315902529665,20.921086864432127,16.022815018269004,,0.0,Neutral
2025-07-17,863.4,931.1,850.0,911.54,156203.0,842.2280000000001,825.6690000000001,787.7205000000001,85.4497239438495,32.04419953264244,23.14570939807419,33.532771184797156,,0.0,Neutral
2025-07-20,900.0,951.0,890.0,903.55,243261.0,856.2639999999999,836.3209999999999,796.4024999999999,82.30851290312643,36.15072187278349,25.746711893016048,39.764064583753495,,0.0,Neutral
2025-07-21,886.0,993.9,881.1,953.32,258573.0,885.4379999999999,850.467,807.7025,84.31149959821258,42.92636505240648,29.182642524894135,53.04082265365582,,0.0,Neutral
2025-07-22,972.3,1000.0,950.0,969.43,171365.0,916.874,866.9789999999999,819.885,84.2900988928799,49.030856260915584,33.152285272098425,62.017224390567584,,0.0,Neutral
2025-07-23,988.0,988.0,930.0,963.06,133843.0,940.18,882.347,831.8155,81.83026895173367,52.746672948369564,37.07116280735266,65.12158253775185,,0.0,Neutral
2025-07-24,943.8,965.0,931.0,941.45,78254.0,946.162,894.195,842.198,75.48888104109834,53.33294900892906,40.32352004766794,63.88459216951887,,0.0,Neutral
2025-07-27,922.7,975.0,913.0,929.38,90381.0,951.3279999999999,903.7959999999999,851.2445,70.94531973696002,52.221650207271296,42.70314607958861,60.87115868783138,,0.0,Neutral
2025-07-28,935.0,946.0,910.0,928.81,143275.0,946.426,915.932,860.0790000000001,72.75551980911473,50.710385901616064,44.30459404399411,50.79151849581132,,0.0,Neutral
2025-07-29,944.9,969.0,932.1,950.31,130060.0,942.6020000000001,929.738,868.9959999999999,74.29911375895657,50.66355049517267,45.57638533422982,36.12299753772432,,0.0,Neutral
2025-07-30,969.0,969.0,905.0,909.58,125418.0,931.906,936.043,875.0530000000001,63.655283319486735,46.80037688049288,45.821183643482435,23.163865562059094,,0.0,Neutral
2025-07-31,915.0,951.0,885.1,891.21,76729.0,921.858,934.0099999999999,879.8395,58.89572438995836,41.77492317234771,45.01193154925549,26.241087375831462,,0.0,Neutral
2025-08-03,885.0,888.0,862.0,864.3,61363.0,908.842,930.085,883.2029999999999,58.716918639571766,35.21486772383116,43.05251878417063,33.291587609407905,,0.0,Neutral
2025-08-04,870.0,888.1,857.0,881.32,55124.0,899.344,922.885,886.6759999999998,60.208093166495495,31.03163490549116,40.64834200843474,35.42555300280899,,0.0,Neutral
2025-08-05,898.9,915.0,868.2,887.61,77059.0,886.8040000000001,914.7030000000001,890.841,56.61897395980708,27.902302812427024,38.099134169233196,32.834882552271075,,0.0,Neutral
2025-08-06,871.0,900.0,871.0,882.06,20147.0,881.3,906.6030000000001,894.475,44.12421270582102,24.68983689549725,35.41727471448601,29.3905343983633,,0.0,Neutral
2025-08-07,874.4,895.0,870.1,873.69,54969.0,877.796,899.827,897.0109999999999,44.057474921920075,21.22388967402253,32.57859770639332,28.252909407689373,,0.0,Neutral
2025-08-11,891.0,900.0,840.0,846.53,34430.0,874.242,891.542,897.6690000000001,26.645672044906433,16.099926583989372,29.28286348191253,30.668152427760848,,0.0,Neutral
2025-08-12,843.0,855.0,835.1,838.84,34901.0,865.7460000000001,882.5450000000001,899.2385,20.34875800243006,11.288503347251094,25.683991454980244,31.699907202792254,,0.0,Neutral
2025-08-13,850.0,854.9,835.0,836.51,25335.0,855.5260000000001,871.1650000000002,900.4514999999999,20.729055834342418,7.204356898556057,21.98806454369541,24.212115998193983,,0.0,Neutral
2025-08-14,837.0,864.0,830.1,844.17,23831.0,847.948,864.624,900.3335,25.946988426647906,4.5334802575719095,18.497147686470708,21.34689683404326,,0.0,Neutral
2025-08-17,850.0,860.0,830.0,830.28,13247.0,839.266,858.531,896.2705,25.715545969613714,1.2812153079967175,15.053961210775912,21.609304811660216,,0.0,Neutral
2025-08-18,846.0,846.0,830.0,830.35,7319.0,836.03,855.1360000000001,892.6105,25.813107986826296,-1.275872220109136,11.787994524598902,23.209877303493347,,0.0,Neutral
2025-08-19,840.0,840.0,830.0,830.49,18476.0,834.3599999999999,850.0529999999999,886.469,17.1149412655637,-3.2535804290796477,8.779679533863193,22.38982956113131,2025-08-19,0.9305298328399658,Strongly Positive
2025-08-20,830.1,835.0,821.0,828.57,10878.0,832.7719999999999,844.149,879.426,21.747924947307894,-4.919151471104215,6.0399133328697125,18.89785140634947,2025-08-20,0.93004709482193,Strongly Positive
2025-08-21,825.0,861.0,825.0,846.46,26235.0,833.2299999999999,840.5889999999999,873.5959999999999,34.341101543279635,-4.740904834843036,3.883749699327163,13.562693480393373,,0.0,Neutral
2025-08-24,852.0,852.0,830.5,836.61,8019.0,834.4960000000001,836.881,868.354,38.99705952041679,-5.33298049207599,2.0404036610465326,6.977610940936446,,0.0,Neutral
2025-08-25,853.3,861.2,830.0,836.84,20373.0,835.7940000000001,835.912,863.7270000000001,29.603815109918784,-5.7177351466937125,0.48877589949848343,6.107303096272149,,0.0,Neutral
2025-08-26,845.0,845.0,830.0,831.44,5449.0,835.984,835.1720000000001,858.8584999999999,24.03143781473473,-6.384790957044402,-0.8859374718100936,6.161186393576845,,0.0,Neutral
2025-08-27,848.0,860.8,832.0,856.82,24513.0,841.634,837.2030000000001,854.184,40.139084227520364,-4.810036495557938,-1.6707572765596628,9.23302051207578,,0.0,Neutral
2025-08-28,865.0,872.0,850.0,856.4,25196.0,843.622,838.426,851.525,42.79763391986029,-3.5549435528483855,-2.0475945318174076,10.915159895952005,,0.0,Neutral
2025-08-31,873.5,873.5,833.1,835.28,21568.0,843.3560000000001,838.926,848.7284999999999,45.06535660469414,-4.21588277377009,-2.481252180207944,10.6108248710028,,0.0,Neutral
2025-09-01,830.0,845.0,825.5,837.48,11922.0,843.484,839.6389999999999,847.3875,49.37327188303017,-4.510169824078844,-2.887035708982124,10.20221049025854,,0.0,Neutral
2025-09-02,850.0,854.0,830.1,831.02,9374.0,843.4,839.692,844.8725000000001,47.562816295251004,-5.204666290000773,-3.3505618251858538,10.150647269935693,,0.0,Neutral
2025-09-03,830.0,842.0,829.9,836.87,19292.0,839.4100000000001,840.5220000000002,842.3354999999999,46.70637068531054,-5.2228083497401485,-3.725011130096713,9.455724662211143,,0.0,Neutral
2025-09-04,845.0,845.0,820.0,835.65,10548.0,835.26,839.441,840.015,52.73560875457669,-5.274824968057487,-4.034973897688868,9.31836591533004,,0.0,Neutral
2025-09-07,829.0,840.0,829.0,831.98,6229.0,834.6,838.9780000000001,837.9295,50.80098279399298,-5.548230296163069,-4.337625177383709,9.585844656389218,,0.0,Neutral
2025-09-08,828.0,828.0,803.8,806.8,10562.0,828.4639999999999,835.9739999999999,835.943,40.657780577575444,-7.707870022785187,-5.011674146464005,14.01431109809477,,0.0,Neutral
2025-09-21,790.7,850.0,780.0,810.88,17438.0,824.436,833.918,834.5450000000001,43.140752224862574,-8.986586389537138,-5.806656595078631,16.105515135393514,,0.0,Neutral
2025-09-23,825.0,866.0,815.0,866.0,24460.0,830.2620000000001,834.836,836.0195,55.879167163423325,-5.488981418878097,-5.743121559838524,17.735132866048563,,0.0,Neutral
2025-09-24,852.1,865.0,840.0,860.0,8885.0,835.132,835.1959999999999,836.811,57.204460045580824,-3.1647726080325356,-5.227451769477327,18.250538013340826,,0.0,Neutral
2025-09-25,850.0,859.0,828.3,839.0,6255.0,836.5360000000001,835.568,837.247,50.589841612734794,-2.9829591795007673,-4.778553251482015,18.290309395316452,,0.0,Neutral
2025-09-28,845.0,855.7,835.0,835.1,3282.0,842.1959999999999,835.3299999999999,837.4845000000001,51.007709247169,-3.117630035443085,-4.44636860827423,18.27814602799868,,0.0,Neutral
2025-10-07,835.0,840.0,788.1,798.0,8808.0,839.6199999999999,832.028,835.86,34.786881851401745,-6.147157001945516,-4.786526287008487,21.78872379105858,,0.0,Neutral
2025-10-08,786.1,800.0,765.5,772.3,11635.0,820.8799999999999,825.5710000000001,833.0465,30.76395242254945,-10.500807394482308,-5.9293825085032505,28.674024036451456,,0.0,Neutral
2025-10-09,787.7,835.0,787.7,790.0,15475.0,806.8799999999999,821.006,830.2235000000001,39.47857607327496,-12.380153914054063,-7.219536789613413,30.468771699683053,,0.0,Neutral
2025-10-12,777.0,777.1,740.0,756.9,15926.0,790.4599999999999,813.4979999999999,826.2379999999999,33.6272756807917,-16.35194786626505,-9.04601900494374,36.179436086733276,,0.0,Neutral
2025-10-13,756.9,772.0,743.0,767.0,6274.0,776.8399999999999,809.518,822.7459999999999,37.18164343856904,-18.471707254848866,-10.931156654924767,39.07167368366599,,0.0,Neutral
2025-10-14,772.0,777.0,740.0,745.1,12254.0,766.26,802.9399999999999,818.429,32.73507167679465,-21.668992163228268,-13.078723756585468,44.03847307876937,,0.0,Neutral
2025-10-15,760.0,774.0,719.3,745.0,21451.0,760.8,790.8399999999999,812.838,32.873606648553846,-23.935024588161127,-15.2499839229006,41.3264295309439,,0.0,Neutral
2025-10-16,759.0,759.0,704.0,730.0,8286.0,748.8,777.8399999999999,806.518,31.524023478363176,-26.634223501277575,-17.526831838575994,37.415481050234035,,0.0,Neutral
2025-10-19,720.0,743.0,720.0,738.0,3758.0,745.02,767.74,801.654,36.70788253279017,-27.80727993176731,-19.58292145721426,32.362261972830744,,0.0,Neutral
2025-10-26,745.0,745.0,709.0,735.0,3065.0,738.62,757.73,796.53,35.278596924981,-28.64876539802833,-21.396090245377074,23.471924126928243,,0.0,Neutral
2025-10-28,745.0,780.0,735.1,772.0,14653.0,744.0,755.13,793.579,30.38397328703934,-26.030000274466147,-22.32287225119489,19.643322303244588,,0.0,Neutral
2025-10-29,787.0,818.0,756.6,770.0,9288.0,749.0,754.9,790.2355,30.89983021887693,-23.84116719732242,-22.626531240420398,19.432275557210662,,0.0,Neutral
2025-10-30,760.0,821.8,740.1,821.8,34510.0,767.36,758.08,789.543,46.77177176931379,-17.72238154204092,-21.645701300744506,26.95880808439774,,0.0,Neutral
2025-11-02,810.0,824.0,794.0,813.0,15579.0,782.36,763.6899999999999,788.5939999999999,45.927018058816884,-13.42849099682553,-20.00225923996071,32.04352768758089,,0.0,Neutral
2025-11-03,797.1,805.0,780.0,788.0,15222.0,792.96,765.79,787.654,48.070987651724565,-11.905602495624521,-18.382927891093473,32.959586364689784,,0.0,Neutral
2025-11-04,798.0,800.0,770.0,772.5,6465.0,793.0600000000001,768.53,785.735,50.04016063975678,-11.813247088750586,-17.068991730624898,32.17811713292674,,0.0,Neutral
2025-11-05,773.0,785.0,770.0,771.0,6193.0,793.26,771.13,780.985,45.91924398349283,-11.725923085202567,-16.000378001540433,31.09791168405462,,0.0,Neutral
2025-11-06,770.0,814.9,770.0,785.0,10098.0,785.9,776.63,777.235,56.57463733836199,-10.407068973189666,-14.88171619587028,27.692600295192577,,0.0,Neutral
2025-11-09,800.0,800.0,761.4,761.4,8797.0,775.5799999999999,778.97,773.355,48.76760563079777,-11.137800720493601,-14.132933100794947,24.915057919043992,,0.0,Neutral
2025-11-10,755.0,770.0,750.4,756.0,10125.0,769.18,781.0699999999999,769.4,52.58661603827141,-12.014154075555098,-13.70917729574698,21.439840899036493,,0.0,Neutral
2025-11-11,771.1,779.0,750.0,762.9,4407.0,767.26,780.1600000000001,767.645,54.11494252525237,-12.013414919827824,-13.370024820563149,22.051968921879677,,0.0,Neutral
2025-11-12,756.0,771.0,705.0,728.0,18209.0,758.66,775.96,765.43,49.578770005500836,-14.659976379929617,-13.628015132436442,27.52300855644572,,0.0,Neutral
2025-11-13,721.0,753.0,721.0,738.5,5972.0,749.3599999999999,767.63,762.8549999999999,50.104210084612504,-15.7288210979018,-14.048176325529514,24.553119285842136,,0.0,Neutral
2025-11-16,724.0,738.4,712.0,724.0,10007.0,741.8799999999999,758.73,761.2099999999999,47.812251389541075,-17.54368438294682,-14.747277937012978,22.307798835540723,,0.0,Neutral
2025-11-17,738.4,748.0,711.0,728.0,5043.0,736.28,752.73,759.26,39.92673992418051,-18.446569470854342,-15.487136243781253,21.618770136625326,,0.0,Neutral
2025-11-18,742.4,750.0,730.0,740.0,5991.0,731.7,749.48,759.0049999999999,43.432574428160876,-17.986475799319237,-15.98700415488885,20.74157392501559,,0.0,Neutral
2025-11-19,754.8,754.8,720.3,742.0,3451.0,734.5,746.58,758.8549999999999,27.659574465916947,-17.26148530681371,-16.241900385273823,19.381136304211413,,0.0,Neutral
2025-11-20,728.0,771.5,715.0,750.0,22347.0,736.8,743.08,759.8549999999999,32.28346456438712,-15.858584091240232,-16.165237126467105,14.117585566242338,,0.0,Neutral
2025-11-23,764.8,765.0,750.0,765.0,13658.0,745.0,743.44,761.2049999999999,43.146603095327464,-13.382139160620113,-15.608617533297707,14.671680960959335,,0.0,Neutral
2025-11-24,778.0,800.7,765.0,800.7,37207.0,759.5400000000001,747.9100000000001,764.49,57.49999999571809,-8.441538270127126,-14.175201680663593,23.234239580560324,,0.0,Neutral
2025-11-25,813.0,813.0,775.4,799.9,13275.0,771.5200000000001,751.6099999999999,765.885,57.714895884634224,-4.538314914098464,-12.247824327350568,28.283935369711426,,0.0,Neutral
2025-11-26,808.0,811.2,772.0,785.1,13921.0,780.1400000000001,757.3199999999999,766.64,50.02658160180558,-2.6091420293000738,-10.32008786774047,28.74782310595685,,0.0,Neutral
2025-11-27,798.0,800.8,776.5,782.0,12765.0,786.5400000000001,761.67,764.65,56.14558472084703,-1.3152414269161454,-8.519118579575606,28.87448123628804,,0.0,Neutral
2025-11-30,790.0,790.0,762.0,768.0,6576.0,787.1400000000001,766.0699999999999,762.4,53.40522133514374,-1.4033222492429331,-7.095959313509072,25.671127317979078,,0.0,Neutral
2025-12-01,775.0,783.3,768.0,773.2,4810.0,781.64,770.5899999999999,761.6600000000001,52.95128939403258,-1.041524349365318,-5.8850723206803215,21.929860413963493,,0.0,Neutral
2025-12-02,787.0,819.0,765.3,775.0,5399.0,776.6600000000001,774.0899999999999,761.7850000000001,66.61951908817062,-0.6026054893542323,-4.828578954415104,19.117964210493888,,0.0,Neutral
2025-12-03,789.0,789.0,758.2,772.9,6310.0,774.22,777.18,761.88,62.93233082044319,-0.41937726012236,-3.946738615556555,15.5121314531696,,0.0,Neutral
2025-12-07,760.0,772.9,751.0,755.0,7662.0,768.8199999999999,777.68,760.38,61.36363635733804,-1.6989633795545842,-3.497183568356161,14.591991715335405,,0.0,Neutral
2025-12-08,755.0,784.0,749.4,750.0,8874.0,765.22,776.18,759.8100000000001,58.00582241039242,-3.080987109827106,-3.4139442766503505,16.664119805350456,,0.0,Neutral
2025-12-09,760.0,764.0,745.1,745.1,2476.0,759.6,770.62,759.2650000000001,51.95702225074906,-4.519541461353128,-3.6350637135909065,16.84846184863213,,0.0,Neutral
2025-12-10,735.7,752.0,735.0,744.5,4260.0,753.5,765.08,758.345,50.969743982051384,-5.642972460852434,-4.036645463043213,15.176209452015405,,0.0,Neutral
2025-12-11,736.0,755.0,736.0,745.2,884.0,747.96,761.0899999999999,759.205,48.02631578394436,-6.403005609054389,-4.509917492245449,14.560483050529195,,0.0,Neutral
2025-12-14,738.0,745.2,738.0,740.0,10261.0,744.96,756.89,759.28,38.81932020980797,-7.340319265234825,-5.0759978468433244,13.901354849967657,,0.0,Neutral
2025-12-15,754.8,754.8,735.5,738.0,3954.0,742.5600000000001,753.89,759.98,9.85915492781018,-8.15057561392041,-5.690913400258742,14.463090955879112,,0.0,Neutral
2025-12-16,730.2,749.0,730.2,746.0,5375.0,742.74,751.17,760.88,18.40562719510345,-8.054331150766188,-6.1635969503602315,12.901425416433295,,0.0,Neutral
2025-12-17,759.9,759.9,742.0,751.0,4752.0,744.0400000000001,748.77,761.4300000000001,27.4172185379624,-7.488278296149474,-6.42853321951808,9.84649401779339,,0.0,Neutral
2025-12-18,742.7,748.0,740.4,743.0,1808.0,743.6,745.78,761.48,25.746268652233255,-7.5976297257673195,-6.662352520767928,5.101372364175682,,0.0,Neutral
2025-12-21,729.0,750.0,729.0,730.0,15161.0,741.6,743.28,760.48,26.07052896265762,-8.633758284860619,-7.056633673586466,6.107518135522418,,0.0,Neutral
2025-12-22,730.0,757.8,730.0,743.5,37146.0,742.7,742.6299999999999,759.405,33.06727479517738,-8.270226434750157,-7.299352225819205,5.640931758944078,,0.0,Neutral
2025-12-23,731.1,744.0,731.1,740.0,6206.0,741.5,742.12,756.37,30.425055923647108,-8.17036271817085,-7.473554324289535,5.6233244416205395,2025-12-23,0.8757851719856262,Strongly Positive
2025-12-24,731.0,735.0,730.0,730.4,2951.0,737.3799999999999,740.71,752.895,28.07017543454097,-8.764824333749175,-7.731808326181463,6.6366742004096855,2025-12-24,0.9207659363746644,Strongly Positive
2025-12-28,730.0,745.0,730.0,740.0,5180.0,736.78,740.19,750.64,41.5349887067552,-8.364874609957269,-7.858421582936625,6.44678214289387,,0.0,Neutral
2025-12-29,754.8,754.8,732.1,737.0,8268.0,738.18,739.8900000000001,748.39,42.49422632107485,-8.195513719693395,-7.925840010287979,6.525922667684604,,0.0,Neutral
2025-12-31,744.9,750.0,730.0,750.0,9838.0,739.4799999999999,741.09,747.49,52.58711720447496,-6.9323903587210225,-7.727150079974589,7.207472973560755,,0.0,Neutral
2026-01-01,760.0,760.0,735.0,745.6,9292.0,740.6,741.05,746.1099999999999,50.55837562733181,-6.214759345324069,-7.424671933044485,7.1782464585833194,2026-01-01,0.8356285095214844,Strongly Positive
2026-01-04,726.0,726.0,706.0,711.0,8548.0,736.72,737.05,742.91,37.084592141093765,-8.341803316647542,-7.608098209765097,11.094267789074218,,0.0,Neutral
2026-01-05,718.8,718.8,707.0,714.8,3224.0,731.6800000000001,734.23,740.005,40.38167938499736,-9.610093569773994,-8.008497281766877,12.857686849079897,,0.0,Neutral
2026-01-06,707.1,720.0,706.0,712.1,12982.0,726.7,732.44,737.8599999999999,40.16704631311816,-10.709636149063726,-8.548725055226248,14.635132767043428,,0.0,Neutral
2026-01-07,701.2,734.5,701.2,730.1,12908.0,722.72,731.1,736.865,44.389555394344015,-10.013156561338292,-8.841611356448658,14.114137908025262,,0.0,Neutral
2026-01-08,727.0,740.0,727.0,740.0,5440.0,721.6,731.1,736.6099999999999,46.24829467498311,-8.56362803464367,-8.78601469208766,14.114137908025262,,0.0,Neutral
2026-01-12,735.1,748.7,726.0,728.0,8370.0,725.0,730.8599999999999,735.785,45.01992031453998,-8.287631291112007,-8.68633801189253,14.147728518037345,,0.0,Neutral
2026-01-13,736.0,742.0,721.0,742.0,7790.0,730.44,731.06,735.625,53.95778363617804,-6.860139468788134,-8.321098303271652,14.304560267352189,,0.0,Neutral
2026-01-14,750.0,750.0,728.0,731.0,5759.0,734.22,730.4599999999999,735.175,45.8081824235995,-6.541048844816032,-7.9650884115805285,14.152753952581323,,0.0,Neutral
2026-01-18,742.0,756.0,733.0,750.0,12034.0,738.2,730.4599999999999,735.775,53.03766706717784,-4.700837685352781,-7.31223826633498,14.152753952581323,,0.0,Neutral
2026-01-20,761.0,775.0,753.7,770.0,21676.0,744.2,732.9,736.975,61.31428570938059,-1.6100644101568378,-6.171803495099352,18.49131928464732,,0.0,Neutral
2026-01-21,756.0,764.8,755.2,761.0,4787.0,750.8,737.9,737.475,56.02064219733779,0.11188119759117399,-4.915066556561247,18.670713846917476,,0.0,Neutral
2026-01-22,752.0,804.0,752.0,775.0,14711.0,757.4,743.92,739.075,60.24811218531029,2.5765179991306013,-3.4167496454228776,20.049261554652247,,0.0,Neutral
2026-01-25,786.0,805.0,764.0,805.0,24669.0,772.2,753.2099999999999,742.825,63.58695651734083,6.871301612882121,-1.359139393761878,24.659839145150745,,0.0,Neutral
2026-01-26,821.1,821.1,780.0,795.0,11820.0,781.2,759.7,745.4,61.87499999583534,9.360134340318382,0.784715353054174,26.38202249845917,,0.0,Neutral
2026-01-27,781.0,795.0,759.7,774.8,15099.0,782.16,763.1800000000001,747.1400000000001,66.47727272246547,9.592010302380345,2.546174342919408,25.78310385586977,,0.0,Neutral
2026-01-28,759.4,768.0,745.0,767.0,8391.0,783.3599999999999,767.08,748.97,63.208502019813174,9.042146622487166,3.8453687988329603,22.62686701930394,,0.0,Neutral
2026-01-29,781.9,781.9,745.0,750.3,16878.0,778.42,767.9100000000001,749.485,59.026465024450026,7.176103606929928,4.511515760452355,21.739490436590383,,0.0,Neutral
2026-02-01,760.0,760.0,740.0,741.1,10250.0,765.64,768.9200000000001,749.69,52.7120315545465,4.898422000929941,4.588897008547872,19.999099979703285,,0.0,Neutral
2026-02-02,750.0,755.8,741.5,743.0,5861.0,755.24,768.22,749.34,50.77002053023213,3.2096580987825973,4.313049226594817,20.839748345632042,,0.0,Neutral
2026-02-03,757.0,757.0,740.0,741.0,8282.0,748.48,765.32,749.11,53.51731601326168,1.69043101762702,3.788525584801258,22.514972795856078,,0.0,Neutral
2026-02-04,726.2,768.9,726.2,737.7,4679.0,742.6200000000001,762.99,750.4449999999999,48.765077537721375,0.21764135555201847,3.0743487389514104,24.157421219950614,,0.0,Neutral
2026-02-05,752.0,752.0,740.0,749.9,8382.0,742.54,760.48,752.2,55.39075869494882,0.034485451014006685,2.4663760813639297,24.074735489450113,,0.0,Neutral
2026-02-08,741.4,764.8,738.0,738.0,15341.0,741.92,753.78,753.4950000000001,46.43281806985696,-1.0586935106724695,1.76136216295665,19.12170378270727,,0.0,Neutral
2026-02-09,738.0,748.0,735.0,737.0,8335.0,740.72,747.98,753.84,38.941018763102036,-1.982879950618667,1.0125137402415867,13.067499973352,,0.0,Neutral
2026-02-10,751.0,751.0,730.0,737.4,7538.0,740.0,744.24,753.71,41.60739686641177,-2.652451891310193,0.27952061393123084,9.366512454138142,,0.0,Neutral
2026-02-11,740.0,740.0,728.0,738.0,6438.0,740.0600000000001,741.3399999999999,754.21,35.45597483886489,-3.098954672292848,-0.396174443313585,5.015575739428737,,0.0,Neutral
2026-02-12,752.7,752.7,724.0,727.0,8894.0,735.48,739.01,753.46,13.955637706142468,-4.290955943179142,-1.1751307432866964,5.749096547201016,,0.0,Neutral
2026-02-16,720.0,745.0,714.5,725.0,9648.0,732.88,737.4,753.1600000000001,15.06986027733548,-5.335504449506857,-2.0072054845307283,7.176040381259711,,0.0,Neutral
2026-02-17,721.0,728.0,700.7,716.0,19245.0,728.6800000000001,734.7,751.46,16.96629213216255,-6.811028157319015,-2.967970019088386,9.528670188092791,,0.0,Neutral
2026-02-22,730.0,730.0,707.0,711.0,4129.0,723.4,731.7,748.51,17.51740138926624,-8.288307094695256,-4.0320374342097605,11.781152556241022,,0.0,Neutral
2026-02-23,724.0,724.0,709.6,714.0,3596.0,718.6,729.3299999999999,746.1600000000001,24.96551723655834,-9.11194948614741,-5.048019844597291,12.781414458243866,,0.0,Neutral
2026-02-24,727.0,727.0,713.0,715.0,2054.0,716.2,725.8399999999999,743.1600000000001,29.70451010239708,-9.573641394138122,-5.953144154505457,11.20864745522849,,0.0,Neutral
2026-02-25,725.0,725.0,713.0,719.0,1659.0,715.0,723.9399999999999,738.86,31.927710836641708,-9.507176177958286,-6.6639505591960235,10.506738578329767,,0.0,Neutral
2026-02-26,711.1,720.0,711.0,716.0,7019.0,715.0,721.8399999999999,734.9100000000001,31.454005928184586,-9.586074641886285,-7.248375375734076,9.67186067345264,,0.0,Neutral
2026-03-01,716.1,724.5,716.0,716.1,8540.0,716.02,719.71,731.975,33.177570086222914,-9.530669453888208,-7.7048341913649026,8.078565604115413,,0.0,Neutral
2026-03-03,730.0,740.0,728.1,735.0,3685.0,720.22,719.4100000000001,730.375,39.49224258740634,-7.870956905412299,-7.738058734174382,7.346420140902702,,0.0,Neutral
